solid OpenSCAD_Model
  facet normal 0.216421 -0.9763 0
    outer loop
      vertex 76.7365 -44.8481 0
      vertex 77.5882 -44.6593 31
      vertex 76.7365 -44.8481 31
    endloop
  endfacet
  facet normal 0.216421 -0.9763 0
    outer loop
      vertex 77.5882 -44.6593 31
      vertex 76.7365 -44.8481 0
      vertex 77.5882 -44.6593 0
    endloop
  endfacet
  facet normal 0.043671 -0.999046 0
    outer loop
      vertex 75 -45 0
      vertex 75.8716 -44.9619 31
      vertex 75 -45 31
    endloop
  endfacet
  facet normal 0.043671 -0.999046 0
    outer loop
      vertex 75.8716 -44.9619 31
      vertex 75 -45 0
      vertex 75.8716 -44.9619 0
    endloop
  endfacet
  facet normal -0.130452 0.991455 0
    outer loop
      vertex -75.8716 44.9619 0
      vertex -76.7365 44.8481 31
      vertex -75.8716 44.9619 31
    endloop
  endfacet
  facet normal -0.130452 0.991455 0
    outer loop
      vertex -76.7365 44.8481 31
      vertex -75.8716 44.9619 0
      vertex -76.7365 44.8481 0
    endloop
  endfacet
  facet normal 0.130452 -0.991455 0
    outer loop
      vertex 75.8716 -44.9619 0
      vertex 76.7365 -44.8481 31
      vertex 75.8716 -44.9619 31
    endloop
  endfacet
  facet normal 0.130452 -0.991455 0
    outer loop
      vertex 76.7365 -44.8481 31
      vertex 75.8716 -44.9619 0
      vertex 76.7365 -44.8481 0
    endloop
  endfacet
  facet normal 0.537254 0.843421 -0
    outer loop
      vertex 80.7358 43.1915 0
      vertex 80 43.6602 31
      vertex 80.7358 43.1915 31
    endloop
  endfacet
  facet normal 0.537254 0.843421 0
    outer loop
      vertex 80 43.6602 31
      vertex 80.7358 43.1915 0
      vertex 80 43.6602 0
    endloop
  endfacet
  facet normal -0.999046 0.043671 0
    outer loop
      vertex -85 35 0
      vertex -84.9619 35.8716 31
      vertex -84.9619 35.8716 0
    endloop
  endfacet
  facet normal -0.999046 0.043671 0
    outer loop
      vertex -84.9619 35.8716 31
      vertex -85 35 0
      vertex -85 35 31
    endloop
  endfacet
  facet normal 0 0 -1
    outer loop
      vertex 75 -45 0
      vertex 85 -35 0
      vertex 84.9619 -35.8716 0
    endloop
  endfacet
  facet normal 0 0 -1
    outer loop
      vertex 85 -35 0
      vertex 9.06908 16.7239 0
      vertex 85 35 0
    endloop
  endfacet
  facet normal 0 0 -1
    outer loop
      vertex 75 -45 0
      vertex 84.9619 -35.8716 0
      vertex 84.8481 -36.7365 0
    endloop
  endfacet
  facet normal 0 -0 -1
    outer loop
      vertex 9.14778 16.9735 0
      vertex 85 35 0
      vertex 9.06908 16.7239 0
    endloop
  endfacet
  facet normal 0 0 -1
    outer loop
      vertex 75 -45 0
      vertex 84.8481 -36.7365 0
      vertex 84.6593 -37.5882 0
    endloop
  endfacet
  facet normal 0 -0 -1
    outer loop
      vertex 9.20442 17.229 0
      vertex 85 35 0
      vertex 9.14778 16.9735 0
    endloop
  endfacet
  facet normal 0 0 -1
    outer loop
      vertex 75 -45 0
      vertex 84.6593 -37.5882 0
      vertex 84.3969 -38.4202 0
    endloop
  endfacet
  facet normal 0 -0 -1
    outer loop
      vertex 75 45 0
      vertex 85 35 0
      vertex 9.20442 17.229 0
    endloop
  endfacet
  facet normal 0 0 -1
    outer loop
      vertex 75 -45 0
      vertex 84.3969 -38.4202 0
      vertex 84.0631 -39.2262 0
    endloop
  endfacet
  facet normal 0 0 -1
    outer loop
      vertex 84.9619 35.8716 0
      vertex 75 45 0
      vertex 84.8481 36.7365 0
    endloop
  endfacet
  facet normal 0 0 -1
    outer loop
      vertex 75 -45 0
      vertex 84.0631 -39.2262 0
      vertex 83.6602 -40 0
    endloop
  endfacet
  facet normal -0 0 -1
    outer loop
      vertex 85 -35 0
      vertex 75 -45 0
      vertex 8.84808 16.25 0
    endloop
  endfacet
  facet normal 0 0 -1
    outer loop
      vertex 75 -45 0
      vertex 83.6602 -40 0
      vertex 83.1915 -40.7358 0
    endloop
  endfacet
  facet normal 0 0 -1
    outer loop
      vertex 84.8481 36.7365 0
      vertex 75 45 0
      vertex 84.6593 37.5882 0
    endloop
  endfacet
  facet normal 0 0 -1
    outer loop
      vertex 75 -45 0
      vertex 83.1915 -40.7358 0
      vertex 82.6604 -41.4279 0
    endloop
  endfacet
  facet normal 0 0 -1
    outer loop
      vertex 84.0631 39.2262 0
      vertex 75 45 0
      vertex 83.6602 40 0
    endloop
  endfacet
  facet normal 0 0 -1
    outer loop
      vertex 75 -45 0
      vertex 82.6604 -41.4279 0
      vertex 82.0711 -42.0711 0
    endloop
  endfacet
  facet normal 0 0 -1
    outer loop
      vertex 83.6602 40 0
      vertex 75 45 0
      vertex 83.1915 40.7358 0
    endloop
  endfacet
  facet normal 0 0 -1
    outer loop
      vertex 75 -45 0
      vertex 82.0711 -42.0711 0
      vertex 81.4279 -42.6604 0
    endloop
  endfacet
  facet normal 0 0 -1
    outer loop
      vertex 83.1915 40.7358 0
      vertex 75 45 0
      vertex 82.6604 41.4279 0
    endloop
  endfacet
  facet normal 0 0 -1
    outer loop
      vertex 75 -45 0
      vertex 81.4279 -42.6604 0
      vertex 80.7358 -43.1915 0
    endloop
  endfacet
  facet normal 0 0 -1
    outer loop
      vertex 82.6604 41.4279 0
      vertex 75 45 0
      vertex 82.0711 42.0711 0
    endloop
  endfacet
  facet normal 0 0 -1
    outer loop
      vertex 75 -45 0
      vertex 80.7358 -43.1915 0
      vertex 80 -43.6602 0
    endloop
  endfacet
  facet normal 0 0 -1
    outer loop
      vertex 82.0711 42.0711 0
      vertex 75 45 0
      vertex 81.4279 42.6604 0
    endloop
  endfacet
  facet normal 0 0 -1
    outer loop
      vertex 75 -45 0
      vertex 80 -43.6602 0
      vertex 79.2262 -44.0631 0
    endloop
  endfacet
  facet normal 0 0 -1
    outer loop
      vertex 81.4279 42.6604 0
      vertex 75 45 0
      vertex 80.7358 43.1915 0
    endloop
  endfacet
  facet normal 0 0 -1
    outer loop
      vertex 75 -45 0
      vertex 79.2262 -44.0631 0
      vertex 78.4202 -44.3969 0
    endloop
  endfacet
  facet normal 0 0 -1
    outer loop
      vertex 80.7358 43.1915 0
      vertex 75 45 0
      vertex 80 43.6602 0
    endloop
  endfacet
  facet normal 0 0 -1
    outer loop
      vertex 75 -45 0
      vertex 78.4202 -44.3969 0
      vertex 77.5882 -44.6593 0
    endloop
  endfacet
  facet normal 0 0 -1
    outer loop
      vertex 80 43.6602 0
      vertex 75 45 0
      vertex 79.2262 44.0631 0
    endloop
  endfacet
  facet normal 0 0 -1
    outer loop
      vertex 75 -45 0
      vertex 77.5882 -44.6593 0
      vertex 76.7365 -44.8481 0
    endloop
  endfacet
  facet normal 0 0 -1
    outer loop
      vertex 79.2262 44.0631 0
      vertex 75 45 0
      vertex 78.4202 44.3969 0
    endloop
  endfacet
  facet normal 0 0 -1
    outer loop
      vertex 75 -45 0
      vertex 76.7365 -44.8481 0
      vertex 75.8716 -44.9619 0
    endloop
  endfacet
  facet normal 0 0 -1
    outer loop
      vertex 78.4202 44.3969 0
      vertex 75 45 0
      vertex 77.5882 44.6593 0
    endloop
  endfacet
  facet normal 0 0 -1
    outer loop
      vertex 77.5882 44.6593 0
      vertex 75 45 0
      vertex 76.7365 44.8481 0
    endloop
  endfacet
  facet normal 0 0 -1
    outer loop
      vertex 76.7365 44.8481 0
      vertex 75 45 0
      vertex 75.8716 44.9619 0
    endloop
  endfacet
  facet normal 0 0 -1
    outer loop
      vertex 84.3969 38.4202 0
      vertex 75 45 0
      vertex 84.0631 39.2262 0
    endloop
  endfacet
  facet normal 0 0 -1
    outer loop
      vertex 75 45 0
      vertex 9.23859 17.4885 0
      vertex 9.25 17.75 0
    endloop
  endfacet
  facet normal 0 0 -1
    outer loop
      vertex 75 45 0
      vertex 9.20442 17.229 0
      vertex 9.23859 17.4885 0
    endloop
  endfacet
  facet normal 0 0 -1
    outer loop
      vertex 85 35 0
      vertex 75 45 0
      vertex 84.9619 35.8716 0
    endloop
  endfacet
  facet normal 0 0 -1
    outer loop
      vertex 84.6593 37.5882 0
      vertex 75 45 0
      vertex 84.3969 38.4202 0
    endloop
  endfacet
  facet normal 0 0 -1
    outer loop
      vertex 85 -35 0
      vertex 8.96892 16.4821 0
      vertex 9.06908 16.7239 0
    endloop
  endfacet
  facet normal 0 0 -1
    outer loop
      vertex 85 -35 0
      vertex 8.84808 16.25 0
      vertex 8.96892 16.4821 0
    endloop
  endfacet
  facet normal 0 0 -1
    outer loop
      vertex 75 -45 0
      vertex 8.70746 16.0293 0
      vertex 8.84808 16.25 0
    endloop
  endfacet
  facet normal 0 0 -1
    outer loop
      vertex 75 -45 0
      vertex 8.54813 15.8216 0
      vertex 8.70746 16.0293 0
    endloop
  endfacet
  facet normal 0 0 -1
    outer loop
      vertex 75 -45 0
      vertex 8.37132 15.6287 0
      vertex 8.54813 15.8216 0
    endloop
  endfacet
  facet normal 0 0 -1
    outer loop
      vertex 75 -45 0
      vertex 8.17836 15.4519 0
      vertex 8.37132 15.6287 0
    endloop
  endfacet
  facet normal 0 0 -1
    outer loop
      vertex 75 -45 0
      vertex 7.97073 15.2925 0
      vertex 8.17836 15.4519 0
    endloop
  endfacet
  facet normal 0 0 -1
    outer loop
      vertex 75 -45 0
      vertex 7.75 15.1519 0
      vertex 7.97073 15.2925 0
    endloop
  endfacet
  facet normal 0 0 -1
    outer loop
      vertex 75 -45 0
      vertex 7.51785 15.0311 0
      vertex 7.75 15.1519 0
    endloop
  endfacet
  facet normal 0 0 -1
    outer loop
      vertex 75 -45 0
      vertex 7.27606 14.9309 0
      vertex 7.51785 15.0311 0
    endloop
  endfacet
  facet normal 0 0 -1
    outer loop
      vertex 75 -45 0
      vertex 7.02646 14.8522 0
      vertex 7.27606 14.9309 0
    endloop
  endfacet
  facet normal 0 0 -1
    outer loop
      vertex 75 -45 0
      vertex 6.77095 14.7956 0
      vertex 7.02646 14.8522 0
    endloop
  endfacet
  facet normal 0 0 -1
    outer loop
      vertex 75 -45 0
      vertex 6.51147 14.7614 0
      vertex 6.77095 14.7956 0
    endloop
  endfacet
  facet normal 0 0 -1
    outer loop
      vertex 75 -45 0
      vertex 6.25 14.75 0
      vertex 6.51147 14.7614 0
    endloop
  endfacet
  facet normal 0 0 -1
    outer loop
      vertex 75 -45 0
      vertex -6.25 14.75 0
      vertex 6.25 14.75 0
    endloop
  endfacet
  facet normal 0 0 -1
    outer loop
      vertex -75 -45 0
      vertex -6.25 14.75 0
      vertex 75 -45 0
    endloop
  endfacet
  facet normal -0 0 -1
    outer loop
      vertex -6.25 14.75 0
      vertex -75 -45 0
      vertex -6.51147 14.7614 0
    endloop
  endfacet
  facet normal -0 0 -1
    outer loop
      vertex -6.51147 14.7614 0
      vertex -75 -45 0
      vertex -6.77095 14.7956 0
    endloop
  endfacet
  facet normal -0 0 -1
    outer loop
      vertex -6.77095 14.7956 0
      vertex -75 -45 0
      vertex -7.02646 14.8522 0
    endloop
  endfacet
  facet normal -0 0 -1
    outer loop
      vertex -7.02646 14.8522 0
      vertex -75 -45 0
      vertex -7.27606 14.9309 0
    endloop
  endfacet
  facet normal -0 0 -1
    outer loop
      vertex -7.27606 14.9309 0
      vertex -75 -45 0
      vertex -7.51785 15.0311 0
    endloop
  endfacet
  facet normal -0 0 -1
    outer loop
      vertex -7.51785 15.0311 0
      vertex -75 -45 0
      vertex -7.75 15.1519 0
    endloop
  endfacet
  facet normal 0 -0 -1
    outer loop
      vertex -75 45 0
      vertex -9.20442 17.229 0
      vertex -85 35 0
    endloop
  endfacet
  facet normal 0 0 -1
    outer loop
      vertex -9.14778 16.9735 0
      vertex -85 35 0
      vertex -9.20442 17.229 0
    endloop
  endfacet
  facet normal 0 0 -1
    outer loop
      vertex -9.06908 16.7239 0
      vertex -85 35 0
      vertex -9.14778 16.9735 0
    endloop
  endfacet
  facet normal 0 0 -1
    outer loop
      vertex -85 35 0
      vertex -9.06908 16.7239 0
      vertex -85 -35 0
    endloop
  endfacet
  facet normal -0 0 -1
    outer loop
      vertex -8.96892 16.4821 0
      vertex -85 -35 0
      vertex -9.06908 16.7239 0
    endloop
  endfacet
  facet normal -0 0 -1
    outer loop
      vertex -8.84808 16.25 0
      vertex -85 -35 0
      vertex -8.96892 16.4821 0
    endloop
  endfacet
  facet normal 0 0 -1
    outer loop
      vertex -85 -35 0
      vertex -8.84808 16.25 0
      vertex -75 -45 0
    endloop
  endfacet
  facet normal -0 0 -1
    outer loop
      vertex -8.70746 16.0293 0
      vertex -75 -45 0
      vertex -8.84808 16.25 0
    endloop
  endfacet
  facet normal -0 0 -1
    outer loop
      vertex -8.54813 15.8216 0
      vertex -75 -45 0
      vertex -8.70746 16.0293 0
    endloop
  endfacet
  facet normal -0 0 -1
    outer loop
      vertex -8.37132 15.6287 0
      vertex -75 -45 0
      vertex -8.54813 15.8216 0
    endloop
  endfacet
  facet normal -0 0 -1
    outer loop
      vertex -8.17836 15.4519 0
      vertex -75 -45 0
      vertex -8.37132 15.6287 0
    endloop
  endfacet
  facet normal -0 0 -1
    outer loop
      vertex -7.97073 15.2925 0
      vertex -75 -45 0
      vertex -8.17836 15.4519 0
    endloop
  endfacet
  facet normal -0 0 -1
    outer loop
      vertex -7.75 15.1519 0
      vertex -75 -45 0
      vertex -7.97073 15.2925 0
    endloop
  endfacet
  facet normal 0 0 -1
    outer loop
      vertex 9.25 30.25 0
      vertex 75 45 0
      vertex 9.25 17.75 0
    endloop
  endfacet
  facet normal 0 0 -1
    outer loop
      vertex 9.23859 30.5115 0
      vertex 75 45 0
      vertex 9.25 30.25 0
    endloop
  endfacet
  facet normal 0 0 -1
    outer loop
      vertex 9.20442 30.771 0
      vertex 75 45 0
      vertex 9.23859 30.5115 0
    endloop
  endfacet
  facet normal 0 0 -1
    outer loop
      vertex 9.14778 31.0265 0
      vertex 75 45 0
      vertex 9.20442 30.771 0
    endloop
  endfacet
  facet normal 0 0 -1
    outer loop
      vertex 9.06908 31.2761 0
      vertex 75 45 0
      vertex 9.14778 31.0265 0
    endloop
  endfacet
  facet normal 0 0 -1
    outer loop
      vertex 8.96892 31.5179 0
      vertex 75 45 0
      vertex 9.06908 31.2761 0
    endloop
  endfacet
  facet normal 0 0 -1
    outer loop
      vertex 8.84808 31.75 0
      vertex 75 45 0
      vertex 8.96892 31.5179 0
    endloop
  endfacet
  facet normal 0 0 -1
    outer loop
      vertex 8.70746 31.9707 0
      vertex 75 45 0
      vertex 8.84808 31.75 0
    endloop
  endfacet
  facet normal 0 0 -1
    outer loop
      vertex 8.54813 32.1784 0
      vertex 75 45 0
      vertex 8.70746 31.9707 0
    endloop
  endfacet
  facet normal 0 0 -1
    outer loop
      vertex 8.37132 32.3713 0
      vertex 75 45 0
      vertex 8.54813 32.1784 0
    endloop
  endfacet
  facet normal 0 0 -1
    outer loop
      vertex 8.17836 32.5481 0
      vertex 75 45 0
      vertex 8.37132 32.3713 0
    endloop
  endfacet
  facet normal 0 0 -1
    outer loop
      vertex 7.97073 32.7075 0
      vertex 75 45 0
      vertex 8.17836 32.5481 0
    endloop
  endfacet
  facet normal 0 0 -1
    outer loop
      vertex 7.75 32.8481 0
      vertex 75 45 0
      vertex 7.97073 32.7075 0
    endloop
  endfacet
  facet normal 0 0 -1
    outer loop
      vertex 7.51785 32.9689 0
      vertex 75 45 0
      vertex 7.75 32.8481 0
    endloop
  endfacet
  facet normal 0 0 -1
    outer loop
      vertex 7.27606 33.0691 0
      vertex 75 45 0
      vertex 7.51785 32.9689 0
    endloop
  endfacet
  facet normal 0 0 -1
    outer loop
      vertex 7.02646 33.1478 0
      vertex 75 45 0
      vertex 7.27606 33.0691 0
    endloop
  endfacet
  facet normal 0 0 -1
    outer loop
      vertex 6.77095 33.2044 0
      vertex 75 45 0
      vertex 7.02646 33.1478 0
    endloop
  endfacet
  facet normal 0 0 -1
    outer loop
      vertex 6.51147 33.2386 0
      vertex 75 45 0
      vertex 6.77095 33.2044 0
    endloop
  endfacet
  facet normal 0 0 -1
    outer loop
      vertex 6.25 33.25 0
      vertex 75 45 0
      vertex 6.51147 33.2386 0
    endloop
  endfacet
  facet normal 0 0 -1
    outer loop
      vertex -6.25 33.25 0
      vertex 75 45 0
      vertex 6.25 33.25 0
    endloop
  endfacet
  facet normal 0 0 -1
    outer loop
      vertex -75 45 0
      vertex -6.25 33.25 0
      vertex -6.51147 33.2386 0
    endloop
  endfacet
  facet normal 0 0 -1
    outer loop
      vertex -75 45 0
      vertex -6.51147 33.2386 0
      vertex -6.77095 33.2044 0
    endloop
  endfacet
  facet normal 0 0 -1
    outer loop
      vertex -9.20442 17.229 0
      vertex -75 45 0
      vertex -9.23859 17.4885 0
    endloop
  endfacet
  facet normal 0 0 -1
    outer loop
      vertex -9.23859 17.4885 0
      vertex -75 45 0
      vertex -9.25 17.75 0
    endloop
  endfacet
  facet normal 0 0 -1
    outer loop
      vertex -9.25 17.75 0
      vertex -75 45 0
      vertex -9.25 30.25 0
    endloop
  endfacet
  facet normal 0 0 -1
    outer loop
      vertex -9.25 30.25 0
      vertex -75 45 0
      vertex -9.23859 30.5115 0
    endloop
  endfacet
  facet normal 0 0 -1
    outer loop
      vertex -9.23859 30.5115 0
      vertex -75 45 0
      vertex -9.20442 30.771 0
    endloop
  endfacet
  facet normal 0 0 -1
    outer loop
      vertex -9.20442 30.771 0
      vertex -75 45 0
      vertex -9.14778 31.0265 0
    endloop
  endfacet
  facet normal 0 0 -1
    outer loop
      vertex -9.14778 31.0265 0
      vertex -75 45 0
      vertex -9.06908 31.2761 0
    endloop
  endfacet
  facet normal 0 0 -1
    outer loop
      vertex -9.06908 31.2761 0
      vertex -75 45 0
      vertex -8.96892 31.5179 0
    endloop
  endfacet
  facet normal 0 0 -1
    outer loop
      vertex -6.25 33.25 0
      vertex -75 45 0
      vertex 75 45 0
    endloop
  endfacet
  facet normal 0 0 -1
    outer loop
      vertex -7.02646 33.1478 0
      vertex -75 45 0
      vertex -6.77095 33.2044 0
    endloop
  endfacet
  facet normal 0 0 -1
    outer loop
      vertex -7.27606 33.0691 0
      vertex -75 45 0
      vertex -7.02646 33.1478 0
    endloop
  endfacet
  facet normal 0 0 -1
    outer loop
      vertex -7.51785 32.9689 0
      vertex -75 45 0
      vertex -7.27606 33.0691 0
    endloop
  endfacet
  facet normal 0 0 -1
    outer loop
      vertex -7.75 32.8481 0
      vertex -75 45 0
      vertex -7.51785 32.9689 0
    endloop
  endfacet
  facet normal 0 0 -1
    outer loop
      vertex -7.97073 32.7075 0
      vertex -75 45 0
      vertex -7.75 32.8481 0
    endloop
  endfacet
  facet normal 0 0 -1
    outer loop
      vertex -8.17836 32.5481 0
      vertex -75 45 0
      vertex -7.97073 32.7075 0
    endloop
  endfacet
  facet normal 0 0 -1
    outer loop
      vertex -8.37132 32.3713 0
      vertex -75 45 0
      vertex -8.17836 32.5481 0
    endloop
  endfacet
  facet normal 0 0 -1
    outer loop
      vertex -8.54813 32.1784 0
      vertex -75 45 0
      vertex -8.37132 32.3713 0
    endloop
  endfacet
  facet normal 0 0 -1
    outer loop
      vertex -8.96892 31.5179 0
      vertex -75 45 0
      vertex -8.84808 31.75 0
    endloop
  endfacet
  facet normal 0 0 -1
    outer loop
      vertex -85 -35 0
      vertex -75 -45 0
      vertex -75.8716 -44.9619 0
    endloop
  endfacet
  facet normal 0 0 -1
    outer loop
      vertex -8.84808 31.75 0
      vertex -75 45 0
      vertex -8.70746 31.9707 0
    endloop
  endfacet
  facet normal 0 0 -1
    outer loop
      vertex -85 -35 0
      vertex -75.8716 -44.9619 0
      vertex -76.7365 -44.8481 0
    endloop
  endfacet
  facet normal 0 0 -1
    outer loop
      vertex -8.70746 31.9707 0
      vertex -75 45 0
      vertex -8.54813 32.1784 0
    endloop
  endfacet
  facet normal 0 0 -1
    outer loop
      vertex -85 -35 0
      vertex -76.7365 -44.8481 0
      vertex -77.5882 -44.6593 0
    endloop
  endfacet
  facet normal 0 0 -1
    outer loop
      vertex -75 45 0
      vertex -85 35 0
      vertex -75.8716 44.9619 0
    endloop
  endfacet
  facet normal 0 0 -1
    outer loop
      vertex -85 -35 0
      vertex -77.5882 -44.6593 0
      vertex -78.4202 -44.3969 0
    endloop
  endfacet
  facet normal 0 0 -1
    outer loop
      vertex -75.8716 44.9619 0
      vertex -85 35 0
      vertex -76.7365 44.8481 0
    endloop
  endfacet
  facet normal 0 0 -1
    outer loop
      vertex -85 -35 0
      vertex -78.4202 -44.3969 0
      vertex -79.2262 -44.0631 0
    endloop
  endfacet
  facet normal 0 0 -1
    outer loop
      vertex -76.7365 44.8481 0
      vertex -85 35 0
      vertex -77.5882 44.6593 0
    endloop
  endfacet
  facet normal 0 0 -1
    outer loop
      vertex -85 -35 0
      vertex -79.2262 -44.0631 0
      vertex -80 -43.6602 0
    endloop
  endfacet
  facet normal 0 0 -1
    outer loop
      vertex -77.5882 44.6593 0
      vertex -85 35 0
      vertex -78.4202 44.3969 0
    endloop
  endfacet
  facet normal 0 0 -1
    outer loop
      vertex -85 -35 0
      vertex -80 -43.6602 0
      vertex -80.7358 -43.1915 0
    endloop
  endfacet
  facet normal 0 0 -1
    outer loop
      vertex -78.4202 44.3969 0
      vertex -85 35 0
      vertex -79.2262 44.0631 0
    endloop
  endfacet
  facet normal 0 0 -1
    outer loop
      vertex -85 -35 0
      vertex -80.7358 -43.1915 0
      vertex -81.4279 -42.6604 0
    endloop
  endfacet
  facet normal 0 0 -1
    outer loop
      vertex -79.2262 44.0631 0
      vertex -85 35 0
      vertex -80 43.6602 0
    endloop
  endfacet
  facet normal 0 0 -1
    outer loop
      vertex -85 -35 0
      vertex -81.4279 -42.6604 0
      vertex -82.0711 -42.0711 0
    endloop
  endfacet
  facet normal 0 0 -1
    outer loop
      vertex -80 43.6602 0
      vertex -85 35 0
      vertex -80.7358 43.1915 0
    endloop
  endfacet
  facet normal 0 0 -1
    outer loop
      vertex -85 -35 0
      vertex -82.0711 -42.0711 0
      vertex -82.6604 -41.4279 0
    endloop
  endfacet
  facet normal 0 0 -1
    outer loop
      vertex -80.7358 43.1915 0
      vertex -85 35 0
      vertex -81.4279 42.6604 0
    endloop
  endfacet
  facet normal 0 0 -1
    outer loop
      vertex -85 -35 0
      vertex -82.6604 -41.4279 0
      vertex -83.1915 -40.7358 0
    endloop
  endfacet
  facet normal 0 0 -1
    outer loop
      vertex -81.4279 42.6604 0
      vertex -85 35 0
      vertex -82.0711 42.0711 0
    endloop
  endfacet
  facet normal 0 0 -1
    outer loop
      vertex -85 -35 0
      vertex -83.1915 -40.7358 0
      vertex -83.6602 -40 0
    endloop
  endfacet
  facet normal 0 0 -1
    outer loop
      vertex -82.0711 42.0711 0
      vertex -85 35 0
      vertex -82.6604 41.4279 0
    endloop
  endfacet
  facet normal 0 0 -1
    outer loop
      vertex -85 -35 0
      vertex -83.6602 -40 0
      vertex -84.0631 -39.2262 0
    endloop
  endfacet
  facet normal 0 0 -1
    outer loop
      vertex -82.6604 41.4279 0
      vertex -85 35 0
      vertex -83.1915 40.7358 0
    endloop
  endfacet
  facet normal 0 0 -1
    outer loop
      vertex -85 -35 0
      vertex -84.0631 -39.2262 0
      vertex -84.3969 -38.4202 0
    endloop
  endfacet
  facet normal 0 0 -1
    outer loop
      vertex -83.1915 40.7358 0
      vertex -85 35 0
      vertex -83.6602 40 0
    endloop
  endfacet
  facet normal 0 0 -1
    outer loop
      vertex -85 -35 0
      vertex -84.3969 -38.4202 0
      vertex -84.6593 -37.5882 0
    endloop
  endfacet
  facet normal 0 0 -1
    outer loop
      vertex -83.6602 40 0
      vertex -85 35 0
      vertex -84.0631 39.2262 0
    endloop
  endfacet
  facet normal 0 0 -1
    outer loop
      vertex -85 -35 0
      vertex -84.6593 -37.5882 0
      vertex -84.8481 -36.7365 0
    endloop
  endfacet
  facet normal 0 0 -1
    outer loop
      vertex -84.0631 39.2262 0
      vertex -85 35 0
      vertex -84.3969 38.4202 0
    endloop
  endfacet
  facet normal 0 0 -1
    outer loop
      vertex -85 -35 0
      vertex -84.8481 -36.7365 0
      vertex -84.9619 -35.8716 0
    endloop
  endfacet
  facet normal 0 0 -1
    outer loop
      vertex -84.3969 38.4202 0
      vertex -85 35 0
      vertex -84.6593 37.5882 0
    endloop
  endfacet
  facet normal 0 0 -1
    outer loop
      vertex -84.6593 37.5882 0
      vertex -85 35 0
      vertex -84.8481 36.7365 0
    endloop
  endfacet
  facet normal 0 0 -1
    outer loop
      vertex -84.8481 36.7365 0
      vertex -85 35 0
      vertex -84.9619 35.8716 0
    endloop
  endfacet
  facet normal 0 -1 0
    outer loop
      vertex -75 -45 0
      vertex 75 -45 31
      vertex -75 -45 31
    endloop
  endfacet
  facet normal 0 -1 -0
    outer loop
      vertex 75 -45 31
      vertex -75 -45 0
      vertex 75 -45 0
    endloop
  endfacet
  facet normal 0.043671 0.999046 -0
    outer loop
      vertex 75.8716 44.9619 0
      vertex 75 45 31
      vertex 75.8716 44.9619 31
    endloop
  endfacet
  facet normal 0.043671 0.999046 0
    outer loop
      vertex 75 45 31
      vertex 75.8716 44.9619 0
      vertex 75 45 0
    endloop
  endfacet
  facet normal 0 1 -0
    outer loop
      vertex 75 45 0
      vertex -75 45 31
      vertex 75 45 31
    endloop
  endfacet
  facet normal 0 1 0
    outer loop
      vertex -75 45 31
      vertex 75 45 0
      vertex -75 45 0
    endloop
  endfacet
  facet normal -0.737325 0.675538 0
    outer loop
      vertex -82.6604 41.4279 0
      vertex -82.0711 42.0711 31
      vertex -82.0711 42.0711 0
    endloop
  endfacet
  facet normal -0.737325 0.675538 0
    outer loop
      vertex -82.0711 42.0711 31
      vertex -82.6604 41.4279 0
      vertex -82.6604 41.4279 31
    endloop
  endfacet
  facet normal -1 -0 0
    outer loop
      vertex -85 -27.5 29.389
      vertex -85 -27.5249 29.35
      vertex -85 -27.5 29.5
    endloop
  endfacet
  facet normal -1 0 0
    outer loop
      vertex -85 27.1454 27.1977
      vertex -85 35 31
      vertex -85 35 0
    endloop
  endfacet
  facet normal -1 0 0
    outer loop
      vertex -85 35 31
      vertex -85 27.7462 28.3518
      vertex -85 27.7526 28.5
    endloop
  endfacet
  facet normal -1 0 0
    outer loop
      vertex -85 35 31
      vertex -85 27.7268 28.2048
      vertex -85 27.7462 28.3518
    endloop
  endfacet
  facet normal -1 0 0
    outer loop
      vertex -85 35 31
      vertex -85 27.6947 28.06
      vertex -85 27.7268 28.2048
    endloop
  endfacet
  facet normal -1 0 0
    outer loop
      vertex -85 35 31
      vertex -85 27.6501 27.9186
      vertex -85 27.6947 28.06
    endloop
  endfacet
  facet normal -1 0 0
    outer loop
      vertex -85 35 31
      vertex -85 27.5934 27.7815
      vertex -85 27.6501 27.9186
    endloop
  endfacet
  facet normal -1 0 0
    outer loop
      vertex -85 35 31
      vertex -85 27.5249 27.65
      vertex -85 27.5934 27.7815
    endloop
  endfacet
  facet normal -1 0 0
    outer loop
      vertex -85 35 31
      vertex -85 27.4452 27.5249
      vertex -85 27.5249 27.65
    endloop
  endfacet
  facet normal -1 0 0
    outer loop
      vertex -85 35 31
      vertex -85 27.3549 27.4073
      vertex -85 27.4452 27.5249
    endloop
  endfacet
  facet normal -1 0 0
    outer loop
      vertex -85 35 31
      vertex -85 27.2547 27.2979
      vertex -85 27.3549 27.4073
    endloop
  endfacet
  facet normal -1 0 0
    outer loop
      vertex -85 35 31
      vertex -85 27.1454 27.1977
      vertex -85 27.2547 27.2979
    endloop
  endfacet
  facet normal -1 0 0
    outer loop
      vertex -85 35 0
      vertex -85 27.0277 27.1074
      vertex -85 27.1454 27.1977
    endloop
  endfacet
  facet normal -1 0 0
    outer loop
      vertex -85 35 0
      vertex -85 26.9026 27.0278
      vertex -85 27.0277 27.1074
    endloop
  endfacet
  facet normal -1 0 0
    outer loop
      vertex -85 35 0
      vertex -85 26.7711 26.9593
      vertex -85 26.9026 27.0278
    endloop
  endfacet
  facet normal -1 0 0
    outer loop
      vertex -85 35 0
      vertex -85 26.6341 26.9025
      vertex -85 26.7711 26.9593
    endloop
  endfacet
  facet normal -1 0 0
    outer loop
      vertex -85 35 0
      vertex -85 26.4926 26.8579
      vertex -85 26.6341 26.9025
    endloop
  endfacet
  facet normal -1 0 0
    outer loop
      vertex -85 35 0
      vertex -85 26.3478 26.8258
      vertex -85 26.4926 26.8579
    endloop
  endfacet
  facet normal -1 0 0
    outer loop
      vertex -85 35 0
      vertex -85 26.2008 26.8065
      vertex -85 26.3478 26.8258
    endloop
  endfacet
  facet normal -1 0 0
    outer loop
      vertex -85 35 0
      vertex -85 26.0526 26.8
      vertex -85 26.2008 26.8065
    endloop
  endfacet
  facet normal -1 0 0
    outer loop
      vertex -85 35 0
      vertex -85 25.9045 26.8065
      vertex -85 26.0526 26.8
    endloop
  endfacet
  facet normal -1 0 0
    outer loop
      vertex -85 35 0
      vertex -85 25.7574 26.8258
      vertex -85 25.9045 26.8065
    endloop
  endfacet
  facet normal -1 0 0
    outer loop
      vertex -85 35 0
      vertex -85 25.6126 26.8579
      vertex -85 25.7574 26.8258
    endloop
  endfacet
  facet normal -1 0 0
    outer loop
      vertex -85 35 0
      vertex -85 25.4712 26.9025
      vertex -85 25.6126 26.8579
    endloop
  endfacet
  facet normal -1 0 0
    outer loop
      vertex -85 35 0
      vertex -85 25.3342 26.9593
      vertex -85 25.4712 26.9025
    endloop
  endfacet
  facet normal -1 0 0
    outer loop
      vertex -85 -2.5 2.5
      vertex -85 25.3342 26.9593
      vertex -85 35 0
    endloop
  endfacet
  facet normal -1 -0 0
    outer loop
      vertex -85 25.3342 26.9593
      vertex -85 -2.5 2.5
      vertex -85 25.2026 27.0278
    endloop
  endfacet
  facet normal -1 -0 0
    outer loop
      vertex -85 25.2026 27.0278
      vertex -85 -2.5 2.5
      vertex -85 25.0776 27.1074
    endloop
  endfacet
  facet normal -1 -0 0
    outer loop
      vertex -85 25.0776 27.1074
      vertex -85 -2.5 2.5
      vertex -85 24.9599 27.1977
    endloop
  endfacet
  facet normal -1 -0 0
    outer loop
      vertex -85 24.9599 27.1977
      vertex -85 -2.5 2.5
      vertex -85 24.8505 27.2979
    endloop
  endfacet
  facet normal -1 -0 0
    outer loop
      vertex -85 24.8505 27.2979
      vertex -85 -2.5 2.5
      vertex -85 24.7504 27.4073
    endloop
  endfacet
  facet normal -1 0 0
    outer loop
      vertex -85 -2.5 29.5
      vertex -85 24.7504 27.4073
      vertex -85 -2.5 2.5
    endloop
  endfacet
  facet normal -1 0 0
    outer loop
      vertex -85 24.7504 27.4073
      vertex -85 -2.5 29.5
      vertex -85 24.6601 27.5249
    endloop
  endfacet
  facet normal -1 0 0
    outer loop
      vertex -85 24.6601 27.5249
      vertex -85 -2.5 29.5
      vertex -85 24.5804 27.65
    endloop
  endfacet
  facet normal -1 0 0
    outer loop
      vertex -85 24.3785 28.2048
      vertex -85 -2.5 29.5
      vertex -85 24.3591 28.3518
    endloop
  endfacet
  facet normal -1 0 0
    outer loop
      vertex -85 24.4106 28.06
      vertex -85 -2.5 29.5
      vertex -85 24.3785 28.2048
    endloop
  endfacet
  facet normal -1 0 0
    outer loop
      vertex -85 24.4552 27.9186
      vertex -85 -2.5 29.5
      vertex -85 24.4106 28.06
    endloop
  endfacet
  facet normal -1 0 0
    outer loop
      vertex -85 24.5119 27.7815
      vertex -85 -2.5 29.5
      vertex -85 24.4552 27.9186
    endloop
  endfacet
  facet normal -1 0 0
    outer loop
      vertex -85 24.5804 27.65
      vertex -85 -2.5 29.5
      vertex -85 24.5119 27.7815
    endloop
  endfacet
  facet normal -1 0 0
    outer loop
      vertex -85 -35 0
      vertex -85 -2.5 2.5
      vertex -85 35 0
    endloop
  endfacet
  facet normal -1 0 0
    outer loop
      vertex -85 -35 0
      vertex -85 -27.5 27.611
      vertex -85 -27.5 2.5
    endloop
  endfacet
  facet normal -1 0 0
    outer loop
      vertex -85 -35 31
      vertex -85 -27.5 27.611
      vertex -85 -35 0
    endloop
  endfacet
  facet normal -1 0 0
    outer loop
      vertex -85 -27.5 27.611
      vertex -85 -35 31
      vertex -85 -27.5249 27.65
    endloop
  endfacet
  facet normal -1 0 0
    outer loop
      vertex -85 -27.5249 27.65
      vertex -85 -35 31
      vertex -85 -27.5934 27.7815
    endloop
  endfacet
  facet normal -1 0 0
    outer loop
      vertex -85 -27.5934 27.7815
      vertex -85 -35 31
      vertex -85 -27.6501 27.9186
    endloop
  endfacet
  facet normal -1 0 0
    outer loop
      vertex -85 -27.6501 27.9186
      vertex -85 -35 31
      vertex -85 -27.6947 28.06
    endloop
  endfacet
  facet normal -1 0 0
    outer loop
      vertex -85 -27.6947 28.06
      vertex -85 -35 31
      vertex -85 -27.7268 28.2048
    endloop
  endfacet
  facet normal -1 0 0
    outer loop
      vertex -85 -27.7268 28.2048
      vertex -85 -35 31
      vertex -85 -27.7462 28.3518
    endloop
  endfacet
  facet normal -1 -0 0
    outer loop
      vertex -85 -2.5 2.5
      vertex -85 -35 0
      vertex -85 -27.5 2.5
    endloop
  endfacet
  facet normal -1 0 0
    outer loop
      vertex -85 27.7462 28.6482
      vertex -85 35 31
      vertex -85 27.7526 28.5
    endloop
  endfacet
  facet normal -1 0 0
    outer loop
      vertex -85 27.7268 28.7952
      vertex -85 35 31
      vertex -85 27.7462 28.6482
    endloop
  endfacet
  facet normal -1 0 0
    outer loop
      vertex -85 27.6947 28.94
      vertex -85 35 31
      vertex -85 27.7268 28.7952
    endloop
  endfacet
  facet normal -1 0 0
    outer loop
      vertex -85 27.6501 29.0814
      vertex -85 35 31
      vertex -85 27.6947 28.94
    endloop
  endfacet
  facet normal -1 0 0
    outer loop
      vertex -85 27.5934 29.2185
      vertex -85 35 31
      vertex -85 27.6501 29.0814
    endloop
  endfacet
  facet normal -1 0 0
    outer loop
      vertex -85 27.5249 29.35
      vertex -85 35 31
      vertex -85 27.5934 29.2185
    endloop
  endfacet
  facet normal -1 0 0
    outer loop
      vertex -85 27.4452 29.4751
      vertex -85 35 31
      vertex -85 27.5249 29.35
    endloop
  endfacet
  facet normal -1 0 0
    outer loop
      vertex -85 27.3549 29.5927
      vertex -85 35 31
      vertex -85 27.4452 29.4751
    endloop
  endfacet
  facet normal -1 0 0
    outer loop
      vertex -85 27.2547 29.7021
      vertex -85 35 31
      vertex -85 27.3549 29.5927
    endloop
  endfacet
  facet normal -1 0 0
    outer loop
      vertex -85 27.1454 29.8023
      vertex -85 35 31
      vertex -85 27.2547 29.7021
    endloop
  endfacet
  facet normal -1 0 0
    outer loop
      vertex -85 27.0277 29.8926
      vertex -85 35 31
      vertex -85 27.1454 29.8023
    endloop
  endfacet
  facet normal -1 0 0
    outer loop
      vertex -85 26.9026 29.9722
      vertex -85 35 31
      vertex -85 27.0277 29.8926
    endloop
  endfacet
  facet normal -1 0 0
    outer loop
      vertex -85 26.7711 30.0407
      vertex -85 35 31
      vertex -85 26.9026 29.9722
    endloop
  endfacet
  facet normal -1 0 0
    outer loop
      vertex -85 26.6341 30.0975
      vertex -85 35 31
      vertex -85 26.7711 30.0407
    endloop
  endfacet
  facet normal -1 0 0
    outer loop
      vertex -85 26.4926 30.1421
      vertex -85 35 31
      vertex -85 26.6341 30.0975
    endloop
  endfacet
  facet normal -1 0 0
    outer loop
      vertex -85 26.3478 30.1742
      vertex -85 35 31
      vertex -85 26.4926 30.1421
    endloop
  endfacet
  facet normal -1 0 0
    outer loop
      vertex -85 26.2008 30.1935
      vertex -85 35 31
      vertex -85 26.3478 30.1742
    endloop
  endfacet
  facet normal -1 0 0
    outer loop
      vertex -85 26.0526 30.2
      vertex -85 35 31
      vertex -85 26.2008 30.1935
    endloop
  endfacet
  facet normal -1 0 0
    outer loop
      vertex -85 25.9045 30.1935
      vertex -85 35 31
      vertex -85 26.0526 30.2
    endloop
  endfacet
  facet normal -1 0 0
    outer loop
      vertex -85 24.3591 28.3518
      vertex -85 -2.5 29.5
      vertex -85 24.3526 28.5
    endloop
  endfacet
  facet normal -1 0 0
    outer loop
      vertex -85 24.3526 28.5
      vertex -85 -2.5 29.5
      vertex -85 24.3591 28.6482
    endloop
  endfacet
  facet normal -1 0 0
    outer loop
      vertex -85 24.3591 28.6482
      vertex -85 -2.5 29.5
      vertex -85 24.3785 28.7952
    endloop
  endfacet
  facet normal -1 0 0
    outer loop
      vertex -85 24.3785 28.7952
      vertex -85 -2.5 29.5
      vertex -85 24.4106 28.94
    endloop
  endfacet
  facet normal -1 0 0
    outer loop
      vertex -85 24.4106 28.94
      vertex -85 -2.5 29.5
      vertex -85 24.4552 29.0814
    endloop
  endfacet
  facet normal -1 0 0
    outer loop
      vertex -85 24.4552 29.0814
      vertex -85 -2.5 29.5
      vertex -85 24.5119 29.2185
    endloop
  endfacet
  facet normal -1 0 0
    outer loop
      vertex -85 24.5119 29.2185
      vertex -85 -2.5 29.5
      vertex -85 24.5804 29.35
    endloop
  endfacet
  facet normal -1 0 0
    outer loop
      vertex -85 24.5804 29.35
      vertex -85 -2.5 29.5
      vertex -85 24.6601 29.4751
    endloop
  endfacet
  facet normal -1 0 0
    outer loop
      vertex -85 24.6601 29.4751
      vertex -85 -2.5 29.5
      vertex -85 24.7504 29.5927
    endloop
  endfacet
  facet normal -1 -0 0
    outer loop
      vertex -85 24.7504 29.5927
      vertex -85 -2.5 29.5
      vertex -85 24.8505 29.7021
    endloop
  endfacet
  facet normal -1 0 0
    outer loop
      vertex -85 -2.5 29.5
      vertex -85 24.9599 29.8023
      vertex -85 24.8505 29.7021
    endloop
  endfacet
  facet normal -1 0 0
    outer loop
      vertex -85 -2.5 29.5
      vertex -85 25.0776 29.8926
      vertex -85 24.9599 29.8023
    endloop
  endfacet
  facet normal -1 0 0
    outer loop
      vertex -85 -2.5 29.5
      vertex -85 25.2026 29.9722
      vertex -85 25.0776 29.8926
    endloop
  endfacet
  facet normal -1 0 0
    outer loop
      vertex -85 -2.5 29.5
      vertex -85 25.3342 30.0407
      vertex -85 25.2026 29.9722
    endloop
  endfacet
  facet normal -1 0 0
    outer loop
      vertex -85 -2.5 29.5
      vertex -85 25.4712 30.0975
      vertex -85 25.3342 30.0407
    endloop
  endfacet
  facet normal -1 0 0
    outer loop
      vertex -85 -2.5 29.5
      vertex -85 25.6126 30.1421
      vertex -85 25.4712 30.0975
    endloop
  endfacet
  facet normal -1 0 0
    outer loop
      vertex -85 -2.5 29.5
      vertex -85 25.7574 30.1742
      vertex -85 25.6126 30.1421
    endloop
  endfacet
  facet normal -1 0 0
    outer loop
      vertex -85 -2.5 29.5
      vertex -85 25.9045 30.1935
      vertex -85 25.7574 30.1742
    endloop
  endfacet
  facet normal -1 0 0
    outer loop
      vertex -85 -2.5 29.5
      vertex -85 35 31
      vertex -85 25.9045 30.1935
    endloop
  endfacet
  facet normal -1 0 0
    outer loop
      vertex -85 -24.7504 29.5927
      vertex -85 -2.5 29.5
      vertex -85 -24.6792 29.5
    endloop
  endfacet
  facet normal -1 0 0
    outer loop
      vertex -85 -24.8505 29.7021
      vertex -85 -2.5 29.5
      vertex -85 -24.7504 29.5927
    endloop
  endfacet
  facet normal -1 0 0
    outer loop
      vertex -85 -24.9599 29.8023
      vertex -85 -2.5 29.5
      vertex -85 -24.8505 29.7021
    endloop
  endfacet
  facet normal -1 0 0
    outer loop
      vertex -85 -25.0776 29.8926
      vertex -85 -2.5 29.5
      vertex -85 -24.9599 29.8023
    endloop
  endfacet
  facet normal -1 0 0
    outer loop
      vertex -85 -25.2026 29.9722
      vertex -85 -2.5 29.5
      vertex -85 -25.0776 29.8926
    endloop
  endfacet
  facet normal -1 0 0
    outer loop
      vertex -85 -25.3342 30.0407
      vertex -85 -2.5 29.5
      vertex -85 -25.2026 29.9722
    endloop
  endfacet
  facet normal -1 0 0
    outer loop
      vertex -85 -25.4712 30.0975
      vertex -85 -2.5 29.5
      vertex -85 -25.3342 30.0407
    endloop
  endfacet
  facet normal -1 0 0
    outer loop
      vertex -85 -25.6126 30.1421
      vertex -85 -2.5 29.5
      vertex -85 -25.4712 30.0975
    endloop
  endfacet
  facet normal -1 0 0
    outer loop
      vertex -85 -25.7574 30.1742
      vertex -85 -2.5 29.5
      vertex -85 -25.6126 30.1421
    endloop
  endfacet
  facet normal -1 0 0
    outer loop
      vertex -85 -25.9045 30.1935
      vertex -85 -2.5 29.5
      vertex -85 -25.7574 30.1742
    endloop
  endfacet
  facet normal -1 0 0
    outer loop
      vertex -85 -35 31
      vertex -85 -2.5 29.5
      vertex -85 -25.9045 30.1935
    endloop
  endfacet
  facet normal -1 0 0
    outer loop
      vertex -85 -35 31
      vertex -85 -25.9045 30.1935
      vertex -85 -26.0526 30.2
    endloop
  endfacet
  facet normal -1 0 0
    outer loop
      vertex -85 -27.5 29.5
      vertex -85 -27.3549 29.5927
      vertex -85 -27.4261 29.5
    endloop
  endfacet
  facet normal -1 0 0
    outer loop
      vertex -85 -27.5 29.5
      vertex -85 -27.2547 29.7021
      vertex -85 -27.3549 29.5927
    endloop
  endfacet
  facet normal -1 0 0
    outer loop
      vertex -85 -27.5 29.5
      vertex -85 -27.1454 29.8023
      vertex -85 -27.2547 29.7021
    endloop
  endfacet
  facet normal -1 0 0
    outer loop
      vertex -85 -27.5934 29.2185
      vertex -85 -27.5 29.5
      vertex -85 -27.5249 29.35
    endloop
  endfacet
  facet normal -1 0 0
    outer loop
      vertex -85 -27.6501 29.0814
      vertex -85 -27.5 29.5
      vertex -85 -27.5934 29.2185
    endloop
  endfacet
  facet normal -1 0 0
    outer loop
      vertex -85 -27.7462 28.3518
      vertex -85 -35 31
      vertex -85 -27.7526 28.5
    endloop
  endfacet
  facet normal -1 0 0
    outer loop
      vertex -85 -27.7526 28.5
      vertex -85 -35 31
      vertex -85 -27.7462 28.6482
    endloop
  endfacet
  facet normal -1 0 0
    outer loop
      vertex -85 -27.7462 28.6482
      vertex -85 -35 31
      vertex -85 -27.7268 28.7952
    endloop
  endfacet
  facet normal -1 0 0
    outer loop
      vertex -85 -2.5 29.5
      vertex -85 -35 31
      vertex -85 35 31
    endloop
  endfacet
  facet normal -1 0 0
    outer loop
      vertex -85 -26.2008 30.1935
      vertex -85 -35 31
      vertex -85 -26.0526 30.2
    endloop
  endfacet
  facet normal -1 0 0
    outer loop
      vertex -85 -26.3478 30.1742
      vertex -85 -35 31
      vertex -85 -26.2008 30.1935
    endloop
  endfacet
  facet normal -1 0 0
    outer loop
      vertex -85 -26.4926 30.1421
      vertex -85 -35 31
      vertex -85 -26.3478 30.1742
    endloop
  endfacet
  facet normal -1 0 0
    outer loop
      vertex -85 -26.6341 30.0975
      vertex -85 -35 31
      vertex -85 -26.4926 30.1421
    endloop
  endfacet
  facet normal -1 0 0
    outer loop
      vertex -85 -26.7711 30.0407
      vertex -85 -35 31
      vertex -85 -26.6341 30.0975
    endloop
  endfacet
  facet normal -1 0 0
    outer loop
      vertex -85 -26.9026 29.9722
      vertex -85 -35 31
      vertex -85 -26.7711 30.0407
    endloop
  endfacet
  facet normal -1 0 0
    outer loop
      vertex -85 -27.0277 29.8926
      vertex -85 -35 31
      vertex -85 -26.9026 29.9722
    endloop
  endfacet
  facet normal -1 0 0
    outer loop
      vertex -85 -27.1454 29.8023
      vertex -85 -35 31
      vertex -85 -27.0277 29.8926
    endloop
  endfacet
  facet normal -1 0 0
    outer loop
      vertex -85 -27.5 29.5
      vertex -85 -35 31
      vertex -85 -27.1454 29.8023
    endloop
  endfacet
  facet normal -1 0 0
    outer loop
      vertex -85 -27.6501 29.0814
      vertex -85 -35 31
      vertex -85 -27.5 29.5
    endloop
  endfacet
  facet normal -1 0 0
    outer loop
      vertex -85 -27.6947 28.94
      vertex -85 -35 31
      vertex -85 -27.6501 29.0814
    endloop
  endfacet
  facet normal -1 0 0
    outer loop
      vertex -85 -27.7268 28.7952
      vertex -85 -35 31
      vertex -85 -27.6947 28.94
    endloop
  endfacet
  facet normal -0.461825 -0.886971 0
    outer loop
      vertex -80 -43.6602 0
      vertex -79.2262 -44.0631 31
      vertex -80 -43.6602 31
    endloop
  endfacet
  facet normal -0.461825 -0.886971 -0
    outer loop
      vertex -79.2262 -44.0631 31
      vertex -80 -43.6602 0
      vertex -79.2262 -44.0631 0
    endloop
  endfacet
  facet normal -0.216421 -0.9763 0
    outer loop
      vertex -77.5882 -44.6593 0
      vertex -76.7365 -44.8481 31
      vertex -77.5882 -44.6593 31
    endloop
  endfacet
  facet normal -0.216421 -0.9763 -0
    outer loop
      vertex -76.7365 -44.8481 31
      vertex -77.5882 -44.6593 0
      vertex -76.7365 -44.8481 0
    endloop
  endfacet
  facet normal 0.30078 0.953693 -0
    outer loop
      vertex 78.4202 44.3969 0
      vertex 77.5882 44.6593 31
      vertex 78.4202 44.3969 31
    endloop
  endfacet
  facet normal 0.30078 0.953693 0
    outer loop
      vertex 77.5882 44.6593 31
      vertex 78.4202 44.3969 0
      vertex 77.5882 44.6593 0
    endloop
  endfacet
  facet normal 0.461825 0.886971 -0
    outer loop
      vertex 80 43.6602 0
      vertex 79.2262 44.0631 31
      vertex 80 43.6602 31
    endloop
  endfacet
  facet normal 0.461825 0.886971 0
    outer loop
      vertex 79.2262 44.0631 31
      vertex 80 43.6602 0
      vertex 79.2262 44.0631 0
    endloop
  endfacet
  facet normal 0.216421 0.9763 -0
    outer loop
      vertex 77.5882 44.6593 0
      vertex 76.7365 44.8481 31
      vertex 77.5882 44.6593 31
    endloop
  endfacet
  facet normal 0.216421 0.9763 0
    outer loop
      vertex 76.7365 44.8481 31
      vertex 77.5882 44.6593 0
      vertex 76.7365 44.8481 0
    endloop
  endfacet
  facet normal -0.043671 0.999046 0
    outer loop
      vertex -75 45 0
      vertex -75.8716 44.9619 31
      vertex -75 45 31
    endloop
  endfacet
  facet normal -0.043671 0.999046 0
    outer loop
      vertex -75.8716 44.9619 31
      vertex -75 45 0
      vertex -75.8716 44.9619 0
    endloop
  endfacet
  facet normal 0.999046 0.043671 0
    outer loop
      vertex 85 35 31
      vertex 84.9619 35.8716 0
      vertex 84.9619 35.8716 31
    endloop
  endfacet
  facet normal 0.999046 0.043671 0
    outer loop
      vertex 84.9619 35.8716 0
      vertex 85 35 31
      vertex 85 35 0
    endloop
  endfacet
  facet normal 1 0 0
    outer loop
      vertex 85 -35 31
      vertex 85 -27.5 27.611
      vertex 85 -27.5249 27.65
    endloop
  endfacet
  facet normal 1 0 0
    outer loop
      vertex 85 27.7462 28.3518
      vertex 85 35 31
      vertex 85 27.7526 28.5
    endloop
  endfacet
  facet normal 1 0 0
    outer loop
      vertex 85 35 31
      vertex 85 27.7462 28.6482
      vertex 85 27.7526 28.5
    endloop
  endfacet
  facet normal 1 0 0
    outer loop
      vertex 85 35 31
      vertex 85 27.7268 28.7952
      vertex 85 27.7462 28.6482
    endloop
  endfacet
  facet normal 1 0 0
    outer loop
      vertex 85 35 31
      vertex 85 27.6947 28.94
      vertex 85 27.7268 28.7952
    endloop
  endfacet
  facet normal 1 0 0
    outer loop
      vertex 85 35 31
      vertex 85 27.6501 29.0814
      vertex 85 27.6947 28.94
    endloop
  endfacet
  facet normal 1 0 0
    outer loop
      vertex 85 35 31
      vertex 85 27.5934 29.2185
      vertex 85 27.6501 29.0814
    endloop
  endfacet
  facet normal 1 0 0
    outer loop
      vertex 85 35 31
      vertex 85 27.5249 29.35
      vertex 85 27.5934 29.2185
    endloop
  endfacet
  facet normal 1 0 0
    outer loop
      vertex 85 35 31
      vertex 85 27.4452 29.4751
      vertex 85 27.5249 29.35
    endloop
  endfacet
  facet normal 1 0 0
    outer loop
      vertex 85 35 31
      vertex 85 27.3549 29.5927
      vertex 85 27.4452 29.4751
    endloop
  endfacet
  facet normal 1 0 0
    outer loop
      vertex 85 35 31
      vertex 85 27.2547 29.7021
      vertex 85 27.3549 29.5927
    endloop
  endfacet
  facet normal 1 0 0
    outer loop
      vertex 85 35 31
      vertex 85 27.1454 29.8023
      vertex 85 27.2547 29.7021
    endloop
  endfacet
  facet normal 1 0 0
    outer loop
      vertex 85 35 31
      vertex 85 27.0277 29.8926
      vertex 85 27.1454 29.8023
    endloop
  endfacet
  facet normal 1 0 0
    outer loop
      vertex 85 35 31
      vertex 85 26.9026 29.9722
      vertex 85 27.0277 29.8926
    endloop
  endfacet
  facet normal 1 0 0
    outer loop
      vertex 85 35 31
      vertex 85 26.7711 30.0407
      vertex 85 26.9026 29.9722
    endloop
  endfacet
  facet normal 1 0 0
    outer loop
      vertex 85 35 31
      vertex 85 26.6341 30.0975
      vertex 85 26.7711 30.0407
    endloop
  endfacet
  facet normal 1 0 0
    outer loop
      vertex 85 35 31
      vertex 85 26.4926 30.1421
      vertex 85 26.6341 30.0975
    endloop
  endfacet
  facet normal 1 0 0
    outer loop
      vertex 85 35 31
      vertex 85 26.3478 30.1742
      vertex 85 26.4926 30.1421
    endloop
  endfacet
  facet normal 1 0 0
    outer loop
      vertex 85 35 31
      vertex 85 26.2008 30.1935
      vertex 85 26.3478 30.1742
    endloop
  endfacet
  facet normal 1 0 0
    outer loop
      vertex 85 35 31
      vertex 85 26.0526 30.2
      vertex 85 26.2008 30.1935
    endloop
  endfacet
  facet normal 1 0 0
    outer loop
      vertex 85 35 31
      vertex 85 25.9045 30.1935
      vertex 85 26.0526 30.2
    endloop
  endfacet
  facet normal 1 0 0
    outer loop
      vertex 85 24.3591 28.6482
      vertex 85 -2.5 29.5
      vertex 85 24.3526 28.5
    endloop
  endfacet
  facet normal 1 0 0
    outer loop
      vertex 85 24.3785 28.7952
      vertex 85 -2.5 29.5
      vertex 85 24.3591 28.6482
    endloop
  endfacet
  facet normal 1 0 0
    outer loop
      vertex 85 24.4106 28.94
      vertex 85 -2.5 29.5
      vertex 85 24.3785 28.7952
    endloop
  endfacet
  facet normal 1 0 0
    outer loop
      vertex 85 24.4552 29.0814
      vertex 85 -2.5 29.5
      vertex 85 24.4106 28.94
    endloop
  endfacet
  facet normal 1 0 0
    outer loop
      vertex 85 24.5119 29.2185
      vertex 85 -2.5 29.5
      vertex 85 24.4552 29.0814
    endloop
  endfacet
  facet normal 1 0 0
    outer loop
      vertex 85 24.5804 29.35
      vertex 85 -2.5 29.5
      vertex 85 24.5119 29.2185
    endloop
  endfacet
  facet normal 1 0 0
    outer loop
      vertex 85 24.6601 29.4751
      vertex 85 -2.5 29.5
      vertex 85 24.5804 29.35
    endloop
  endfacet
  facet normal 1 0 0
    outer loop
      vertex 85 24.7504 29.5927
      vertex 85 -2.5 29.5
      vertex 85 24.6601 29.4751
    endloop
  endfacet
  facet normal 1 0 0
    outer loop
      vertex 85 24.8505 29.7021
      vertex 85 -2.5 29.5
      vertex 85 24.7504 29.5927
    endloop
  endfacet
  facet normal 1 0 0
    outer loop
      vertex 85 24.9599 29.8023
      vertex 85 -2.5 29.5
      vertex 85 24.8505 29.7021
    endloop
  endfacet
  facet normal 1 0 0
    outer loop
      vertex 85 25.0776 29.8926
      vertex 85 -2.5 29.5
      vertex 85 24.9599 29.8023
    endloop
  endfacet
  facet normal 1 0 0
    outer loop
      vertex 85 25.2026 29.9722
      vertex 85 -2.5 29.5
      vertex 85 25.0776 29.8926
    endloop
  endfacet
  facet normal 1 0 0
    outer loop
      vertex 85 25.3342 30.0407
      vertex 85 -2.5 29.5
      vertex 85 25.2026 29.9722
    endloop
  endfacet
  facet normal 1 0 0
    outer loop
      vertex 85 25.4712 30.0975
      vertex 85 -2.5 29.5
      vertex 85 25.3342 30.0407
    endloop
  endfacet
  facet normal 1 0 0
    outer loop
      vertex 85 25.6126 30.1421
      vertex 85 -2.5 29.5
      vertex 85 25.4712 30.0975
    endloop
  endfacet
  facet normal 1 0 0
    outer loop
      vertex 85 25.7574 30.1742
      vertex 85 -2.5 29.5
      vertex 85 25.6126 30.1421
    endloop
  endfacet
  facet normal 1 0 0
    outer loop
      vertex 85 25.9045 30.1935
      vertex 85 -2.5 29.5
      vertex 85 25.7574 30.1742
    endloop
  endfacet
  facet normal 1 0 0
    outer loop
      vertex 85 35 31
      vertex 85 -2.5 29.5
      vertex 85 25.9045 30.1935
    endloop
  endfacet
  facet normal 1 -0 0
    outer loop
      vertex 85 -35 31
      vertex 85 -2.5 29.5
      vertex 85 35 31
    endloop
  endfacet
  facet normal 1 0 0
    outer loop
      vertex 85 -2.5 29.5
      vertex 85 -24.7504 29.5927
      vertex 85 -24.6792 29.5
    endloop
  endfacet
  facet normal 1 0 0
    outer loop
      vertex 85 -2.5 29.5
      vertex 85 -24.8505 29.7021
      vertex 85 -24.7504 29.5927
    endloop
  endfacet
  facet normal 1 0 0
    outer loop
      vertex 85 -2.5 29.5
      vertex 85 -24.9599 29.8023
      vertex 85 -24.8505 29.7021
    endloop
  endfacet
  facet normal 1 0 0
    outer loop
      vertex 85 -2.5 29.5
      vertex 85 -25.0776 29.8926
      vertex 85 -24.9599 29.8023
    endloop
  endfacet
  facet normal 1 0 0
    outer loop
      vertex 85 -2.5 29.5
      vertex 85 -25.2026 29.9722
      vertex 85 -25.0776 29.8926
    endloop
  endfacet
  facet normal 1 0 0
    outer loop
      vertex 85 -2.5 29.5
      vertex 85 -25.3342 30.0407
      vertex 85 -25.2026 29.9722
    endloop
  endfacet
  facet normal 1 0 0
    outer loop
      vertex 85 -2.5 29.5
      vertex 85 -25.4712 30.0975
      vertex 85 -25.3342 30.0407
    endloop
  endfacet
  facet normal 1 0 0
    outer loop
      vertex 85 -2.5 29.5
      vertex 85 -25.6126 30.1421
      vertex 85 -25.4712 30.0975
    endloop
  endfacet
  facet normal 1 0 0
    outer loop
      vertex 85 -2.5 29.5
      vertex 85 -25.7574 30.1742
      vertex 85 -25.6126 30.1421
    endloop
  endfacet
  facet normal 1 0 0
    outer loop
      vertex 85 -2.5 29.5
      vertex 85 -25.9045 30.1935
      vertex 85 -25.7574 30.1742
    endloop
  endfacet
  facet normal 1 0 0
    outer loop
      vertex 85 -2.5 29.5
      vertex 85 -35 31
      vertex 85 -25.9045 30.1935
    endloop
  endfacet
  facet normal 1 0 0
    outer loop
      vertex 85 -27.3549 29.5927
      vertex 85 -27.5 29.5
      vertex 85 -27.4261 29.5
    endloop
  endfacet
  facet normal 1 0 0
    outer loop
      vertex 85 -27.2547 29.7021
      vertex 85 -27.5 29.5
      vertex 85 -27.3549 29.5927
    endloop
  endfacet
  facet normal 1 0 0
    outer loop
      vertex 85 -27.1454 29.8023
      vertex 85 -27.5 29.5
      vertex 85 -27.2547 29.7021
    endloop
  endfacet
  facet normal 1 0 0
    outer loop
      vertex 85 -27.5 29.5
      vertex 85 -27.5249 29.35
      vertex 85 -27.5 29.389
    endloop
  endfacet
  facet normal 1 0 0
    outer loop
      vertex 85 -27.5 29.5
      vertex 85 -27.5934 29.2185
      vertex 85 -27.5249 29.35
    endloop
  endfacet
  facet normal 1 0 0
    outer loop
      vertex 85 -27.5 29.5
      vertex 85 -27.6501 29.0814
      vertex 85 -27.5934 29.2185
    endloop
  endfacet
  facet normal 1 0 0
    outer loop
      vertex 85 -27.7462 28.6482
      vertex 85 -35 31
      vertex 85 -27.7526 28.5
    endloop
  endfacet
  facet normal 1 0 0
    outer loop
      vertex 85 -27.7268 28.7952
      vertex 85 -35 31
      vertex 85 -27.7462 28.6482
    endloop
  endfacet
  facet normal 1 0 0
    outer loop
      vertex 85 -27.6947 28.94
      vertex 85 -35 31
      vertex 85 -27.7268 28.7952
    endloop
  endfacet
  facet normal 1 0 0
    outer loop
      vertex 85 -27.6501 29.0814
      vertex 85 -35 31
      vertex 85 -27.6947 28.94
    endloop
  endfacet
  facet normal 1 0 0
    outer loop
      vertex 85 -27.5 29.5
      vertex 85 -35 31
      vertex 85 -27.6501 29.0814
    endloop
  endfacet
  facet normal 1 0 0
    outer loop
      vertex 85 -27.1454 29.8023
      vertex 85 -35 31
      vertex 85 -27.5 29.5
    endloop
  endfacet
  facet normal 1 0 0
    outer loop
      vertex 85 -27.0277 29.8926
      vertex 85 -35 31
      vertex 85 -27.1454 29.8023
    endloop
  endfacet
  facet normal 1 0 0
    outer loop
      vertex 85 -26.9026 29.9722
      vertex 85 -35 31
      vertex 85 -27.0277 29.8926
    endloop
  endfacet
  facet normal 1 0 0
    outer loop
      vertex 85 -26.7711 30.0407
      vertex 85 -35 31
      vertex 85 -26.9026 29.9722
    endloop
  endfacet
  facet normal 1 0 0
    outer loop
      vertex 85 -26.6341 30.0975
      vertex 85 -35 31
      vertex 85 -26.7711 30.0407
    endloop
  endfacet
  facet normal 1 0 0
    outer loop
      vertex 85 -26.4926 30.1421
      vertex 85 -35 31
      vertex 85 -26.6341 30.0975
    endloop
  endfacet
  facet normal 1 0 0
    outer loop
      vertex 85 -26.3478 30.1742
      vertex 85 -35 31
      vertex 85 -26.4926 30.1421
    endloop
  endfacet
  facet normal 1 0 0
    outer loop
      vertex 85 -26.2008 30.1935
      vertex 85 -35 31
      vertex 85 -26.3478 30.1742
    endloop
  endfacet
  facet normal 1 0 0
    outer loop
      vertex 85 -26.0526 30.2
      vertex 85 -35 31
      vertex 85 -26.2008 30.1935
    endloop
  endfacet
  facet normal 1 0 0
    outer loop
      vertex 85 -25.9045 30.1935
      vertex 85 -35 31
      vertex 85 -26.0526 30.2
    endloop
  endfacet
  facet normal 1 0 0
    outer loop
      vertex 85 27.7268 28.2048
      vertex 85 35 31
      vertex 85 27.7462 28.3518
    endloop
  endfacet
  facet normal 1 0 0
    outer loop
      vertex 85 27.6947 28.06
      vertex 85 35 31
      vertex 85 27.7268 28.2048
    endloop
  endfacet
  facet normal 1 0 0
    outer loop
      vertex 85 27.6501 27.9186
      vertex 85 35 31
      vertex 85 27.6947 28.06
    endloop
  endfacet
  facet normal 1 0 0
    outer loop
      vertex 85 27.5934 27.7815
      vertex 85 35 31
      vertex 85 27.6501 27.9186
    endloop
  endfacet
  facet normal 1 0 0
    outer loop
      vertex 85 27.5249 27.65
      vertex 85 35 31
      vertex 85 27.5934 27.7815
    endloop
  endfacet
  facet normal 1 0 0
    outer loop
      vertex 85 27.4452 27.5249
      vertex 85 35 31
      vertex 85 27.5249 27.65
    endloop
  endfacet
  facet normal 1 0 0
    outer loop
      vertex 85 27.3549 27.4073
      vertex 85 35 31
      vertex 85 27.4452 27.5249
    endloop
  endfacet
  facet normal 1 0 0
    outer loop
      vertex 85 27.2547 27.2979
      vertex 85 35 31
      vertex 85 27.3549 27.4073
    endloop
  endfacet
  facet normal 1 0 0
    outer loop
      vertex 85 27.1454 27.1977
      vertex 85 35 31
      vertex 85 27.2547 27.2979
    endloop
  endfacet
  facet normal 1 0 0
    outer loop
      vertex 85 35 31
      vertex 85 27.1454 27.1977
      vertex 85 35 0
    endloop
  endfacet
  facet normal 1 -0 0
    outer loop
      vertex 85 27.0277 27.1074
      vertex 85 35 0
      vertex 85 27.1454 27.1977
    endloop
  endfacet
  facet normal 1 -0 0
    outer loop
      vertex 85 26.9026 27.0278
      vertex 85 35 0
      vertex 85 27.0277 27.1074
    endloop
  endfacet
  facet normal 1 -0 0
    outer loop
      vertex 85 26.7711 26.9593
      vertex 85 35 0
      vertex 85 26.9026 27.0278
    endloop
  endfacet
  facet normal 1 -0 0
    outer loop
      vertex 85 26.6341 26.9025
      vertex 85 35 0
      vertex 85 26.7711 26.9593
    endloop
  endfacet
  facet normal 1 -0 0
    outer loop
      vertex 85 26.4926 26.8579
      vertex 85 35 0
      vertex 85 26.6341 26.9025
    endloop
  endfacet
  facet normal 1 -0 0
    outer loop
      vertex 85 26.3478 26.8258
      vertex 85 35 0
      vertex 85 26.4926 26.8579
    endloop
  endfacet
  facet normal 1 -0 0
    outer loop
      vertex 85 26.2008 26.8065
      vertex 85 35 0
      vertex 85 26.3478 26.8258
    endloop
  endfacet
  facet normal 1 -0 0
    outer loop
      vertex 85 26.0526 26.8
      vertex 85 35 0
      vertex 85 26.2008 26.8065
    endloop
  endfacet
  facet normal 1 0 0
    outer loop
      vertex 85 25.9045 26.8065
      vertex 85 35 0
      vertex 85 26.0526 26.8
    endloop
  endfacet
  facet normal 1 0 0
    outer loop
      vertex 85 25.7574 26.8258
      vertex 85 35 0
      vertex 85 25.9045 26.8065
    endloop
  endfacet
  facet normal 1 0 0
    outer loop
      vertex 85 25.6126 26.8579
      vertex 85 35 0
      vertex 85 25.7574 26.8258
    endloop
  endfacet
  facet normal 1 0 0
    outer loop
      vertex 85 25.4712 26.9025
      vertex 85 35 0
      vertex 85 25.6126 26.8579
    endloop
  endfacet
  facet normal 1 0 0
    outer loop
      vertex 85 25.3342 26.9593
      vertex 85 35 0
      vertex 85 25.4712 26.9025
    endloop
  endfacet
  facet normal 1 0 0
    outer loop
      vertex 85 -2.5 2.5
      vertex 85 25.3342 26.9593
      vertex 85 25.2026 27.0278
    endloop
  endfacet
  facet normal 1 0 0
    outer loop
      vertex 85 -2.5 2.5
      vertex 85 25.2026 27.0278
      vertex 85 25.0776 27.1074
    endloop
  endfacet
  facet normal 1 0 0
    outer loop
      vertex 85 -2.5 2.5
      vertex 85 25.0776 27.1074
      vertex 85 24.9599 27.1977
    endloop
  endfacet
  facet normal 1 0 0
    outer loop
      vertex 85 -2.5 2.5
      vertex 85 24.9599 27.1977
      vertex 85 24.8505 27.2979
    endloop
  endfacet
  facet normal 1 0 0
    outer loop
      vertex 85 -2.5 2.5
      vertex 85 24.8505 27.2979
      vertex 85 24.7504 27.4073
    endloop
  endfacet
  facet normal 1 0 0
    outer loop
      vertex 85 -2.5 29.5
      vertex 85 24.7504 27.4073
      vertex 85 24.6601 27.5249
    endloop
  endfacet
  facet normal 1 0 0
    outer loop
      vertex 85 -2.5 29.5
      vertex 85 24.6601 27.5249
      vertex 85 24.5804 27.65
    endloop
  endfacet
  facet normal 1 0 0
    outer loop
      vertex 85 -2.5 29.5
      vertex 85 24.5804 27.65
      vertex 85 24.5119 27.7815
    endloop
  endfacet
  facet normal 1 0 0
    outer loop
      vertex 85 -2.5 29.5
      vertex 85 24.5119 27.7815
      vertex 85 24.4552 27.9186
    endloop
  endfacet
  facet normal 1 0 0
    outer loop
      vertex 85 -2.5 29.5
      vertex 85 24.3591 28.3518
      vertex 85 24.3526 28.5
    endloop
  endfacet
  facet normal 1 0 0
    outer loop
      vertex 85 -2.5 29.5
      vertex 85 24.3785 28.2048
      vertex 85 24.3591 28.3518
    endloop
  endfacet
  facet normal 1 0 0
    outer loop
      vertex 85 -2.5 29.5
      vertex 85 24.4106 28.06
      vertex 85 24.3785 28.2048
    endloop
  endfacet
  facet normal 1 0 0
    outer loop
      vertex 85 -2.5 29.5
      vertex 85 24.4552 27.9186
      vertex 85 24.4106 28.06
    endloop
  endfacet
  facet normal 1 0 0
    outer loop
      vertex 85 24.7504 27.4073
      vertex 85 -2.5 29.5
      vertex 85 -2.5 2.5
    endloop
  endfacet
  facet normal 1 0 0
    outer loop
      vertex 85 25.3342 26.9593
      vertex 85 -2.5 2.5
      vertex 85 35 0
    endloop
  endfacet
  facet normal 1 0 0
    outer loop
      vertex 85 -35 0
      vertex 85 -2.5 2.5
      vertex 85 -27.5 2.5
    endloop
  endfacet
  facet normal 1 0 0
    outer loop
      vertex 85 -35 31
      vertex 85 -27.5249 27.65
      vertex 85 -27.5934 27.7815
    endloop
  endfacet
  facet normal 1 0 0
    outer loop
      vertex 85 -35 31
      vertex 85 -27.5934 27.7815
      vertex 85 -27.6501 27.9186
    endloop
  endfacet
  facet normal 1 0 0
    outer loop
      vertex 85 -35 31
      vertex 85 -27.6501 27.9186
      vertex 85 -27.6947 28.06
    endloop
  endfacet
  facet normal 1 0 0
    outer loop
      vertex 85 -35 31
      vertex 85 -27.6947 28.06
      vertex 85 -27.7268 28.2048
    endloop
  endfacet
  facet normal 1 0 0
    outer loop
      vertex 85 -35 31
      vertex 85 -27.7268 28.2048
      vertex 85 -27.7462 28.3518
    endloop
  endfacet
  facet normal 1 0 0
    outer loop
      vertex 85 -35 31
      vertex 85 -27.7462 28.3518
      vertex 85 -27.7526 28.5
    endloop
  endfacet
  facet normal 1 0 0
    outer loop
      vertex 85 -27.5 27.611
      vertex 85 -35 31
      vertex 85 -35 0
    endloop
  endfacet
  facet normal 1 0 0
    outer loop
      vertex 85 -2.5 2.5
      vertex 85 -35 0
      vertex 85 35 0
    endloop
  endfacet
  facet normal 1 0 0
    outer loop
      vertex 85 -27.5 27.611
      vertex 85 -35 0
      vertex 85 -27.5 2.5
    endloop
  endfacet
  facet normal -0.461825 0.886971 0
    outer loop
      vertex -79.2262 44.0631 0
      vertex -80 43.6602 31
      vertex -79.2262 44.0631 31
    endloop
  endfacet
  facet normal -0.461825 0.886971 0
    outer loop
      vertex -80 43.6602 31
      vertex -79.2262 44.0631 0
      vertex -80 43.6602 0
    endloop
  endfacet
  facet normal -0.923902 0.382629 0
    outer loop
      vertex -84.3969 38.4202 0
      vertex -84.0631 39.2262 31
      vertex -84.0631 39.2262 0
    endloop
  endfacet
  facet normal -0.923902 0.382629 0
    outer loop
      vertex -84.0631 39.2262 31
      vertex -84.3969 38.4202 0
      vertex -84.3969 38.4202 31
    endloop
  endfacet
  facet normal -0.843421 0.537254 0
    outer loop
      vertex -83.6602 40 0
      vertex -83.1915 40.7358 31
      vertex -83.1915 40.7358 0
    endloop
  endfacet
  facet normal -0.843421 0.537254 0
    outer loop
      vertex -83.1915 40.7358 31
      vertex -83.6602 40 0
      vertex -83.6602 40 31
    endloop
  endfacet
  facet normal -0.999046 -0.043671 0
    outer loop
      vertex -84.9619 -35.8716 0
      vertex -85 -35 31
      vertex -85 -35 0
    endloop
  endfacet
  facet normal -0.999046 -0.043671 0
    outer loop
      vertex -85 -35 31
      vertex -84.9619 -35.8716 0
      vertex -84.9619 -35.8716 31
    endloop
  endfacet
  facet normal 0 0 1
    outer loop
      vertex 82 35 31
      vertex 85 35 31
      vertex 84.9619 35.8716 31
    endloop
  endfacet
  facet normal 0 0 1
    outer loop
      vertex 85 35 31
      vertex 82 35 31
      vertex 85 -35 31
    endloop
  endfacet
  facet normal 0 0 1
    outer loop
      vertex 81.9734 35.6101 31
      vertex 84.9619 35.8716 31
      vertex 84.8481 36.7365 31
    endloop
  endfacet
  facet normal 0 0 1
    outer loop
      vertex 82 -35 31
      vertex 85 -35 31
      vertex 82 35 31
    endloop
  endfacet
  facet normal 0 0 1
    outer loop
      vertex 81.8937 36.2155 31
      vertex 84.8481 36.7365 31
      vertex 84.6593 37.5882 31
    endloop
  endfacet
  facet normal 0 0 1
    outer loop
      vertex 85 -35 31
      vertex 82 -35 31
      vertex 84.9619 -35.8716 31
    endloop
  endfacet
  facet normal 0 0 1
    outer loop
      vertex 81.7615 36.8117 31
      vertex 84.6593 37.5882 31
      vertex 84.3969 38.4202 31
    endloop
  endfacet
  facet normal -0 0 1
    outer loop
      vertex 81.9734 -35.6101 31
      vertex 84.9619 -35.8716 31
      vertex 82 -35 31
    endloop
  endfacet
  facet normal 0 0 1
    outer loop
      vertex 81.5779 37.3941 31
      vertex 84.3969 38.4202 31
      vertex 84.0631 39.2262 31
    endloop
  endfacet
  facet normal 0 0 1
    outer loop
      vertex 84.9619 -35.8716 31
      vertex 81.9734 -35.6101 31
      vertex 84.8481 -36.7365 31
    endloop
  endfacet
  facet normal 0 0 1
    outer loop
      vertex 81.3442 37.9583 31
      vertex 84.0631 39.2262 31
      vertex 83.6602 40 31
    endloop
  endfacet
  facet normal -0 0 1
    outer loop
      vertex 81.8937 -36.2155 31
      vertex 84.8481 -36.7365 31
      vertex 81.9734 -35.6101 31
    endloop
  endfacet
  facet normal 0 0 1
    outer loop
      vertex 81.0622 38.5 31
      vertex 83.6602 40 31
      vertex 83.1915 40.7358 31
    endloop
  endfacet
  facet normal 0 0 1
    outer loop
      vertex 84.8481 -36.7365 31
      vertex 81.8937 -36.2155 31
      vertex 84.6593 -37.5882 31
    endloop
  endfacet
  facet normal 0 0 1
    outer loop
      vertex 80.7341 39.015 31
      vertex 83.1915 40.7358 31
      vertex 82.6604 41.4279 31
    endloop
  endfacet
  facet normal -0 0 1
    outer loop
      vertex 81.7615 -36.8117 31
      vertex 84.6593 -37.5882 31
      vertex 81.8937 -36.2155 31
    endloop
  endfacet
  facet normal 0 0 1
    outer loop
      vertex 80.3623 39.4995 31
      vertex 82.6604 41.4279 31
      vertex 82.0711 42.0711 31
    endloop
  endfacet
  facet normal 0 0 1
    outer loop
      vertex 84.6593 -37.5882 31
      vertex 81.7615 -36.8117 31
      vertex 84.3969 -38.4202 31
    endloop
  endfacet
  facet normal -0 0 1
    outer loop
      vertex 81.5779 -37.3941 31
      vertex 84.3969 -38.4202 31
      vertex 81.7615 -36.8117 31
    endloop
  endfacet
  facet normal 0 0 1
    outer loop
      vertex 84.9619 35.8716 31
      vertex 81.9734 35.6101 31
      vertex 82 35 31
    endloop
  endfacet
  facet normal 0 0 1
    outer loop
      vertex 84.8481 36.7365 31
      vertex 81.8937 36.2155 31
      vertex 81.9734 35.6101 31
    endloop
  endfacet
  facet normal 0 0 1
    outer loop
      vertex 84.6593 37.5882 31
      vertex 81.7615 36.8117 31
      vertex 81.8937 36.2155 31
    endloop
  endfacet
  facet normal 0 0 1
    outer loop
      vertex 84.3969 38.4202 31
      vertex 81.5779 37.3941 31
      vertex 81.7615 36.8117 31
    endloop
  endfacet
  facet normal 0 0 1
    outer loop
      vertex 79.9498 39.9498 31
      vertex 82.0711 42.0711 31
      vertex 81.4279 42.6604 31
    endloop
  endfacet
  facet normal 0 0 1
    outer loop
      vertex 84.0631 39.2262 31
      vertex 81.3442 37.9583 31
      vertex 81.5779 37.3941 31
    endloop
  endfacet
  facet normal 0 0 1
    outer loop
      vertex 83.6602 40 31
      vertex 81.0622 38.5 31
      vertex 81.3442 37.9583 31
    endloop
  endfacet
  facet normal 0 0 1
    outer loop
      vertex 79.4995 40.3623 31
      vertex 81.4279 42.6604 31
      vertex 80.7358 43.1915 31
    endloop
  endfacet
  facet normal 0 0 1
    outer loop
      vertex 83.1915 40.7358 31
      vertex 80.7341 39.015 31
      vertex 81.0622 38.5 31
    endloop
  endfacet
  facet normal 0 0 1
    outer loop
      vertex 82.6604 41.4279 31
      vertex 80.3623 39.4995 31
      vertex 80.7341 39.015 31
    endloop
  endfacet
  facet normal 0 0 1
    outer loop
      vertex 79.015 40.7341 31
      vertex 80.7358 43.1915 31
      vertex 80 43.6602 31
    endloop
  endfacet
  facet normal 0 0 1
    outer loop
      vertex 82.0711 42.0711 31
      vertex 79.9498 39.9498 31
      vertex 80.3623 39.4995 31
    endloop
  endfacet
  facet normal 0 0 1
    outer loop
      vertex 81.4279 42.6604 31
      vertex 79.4995 40.3623 31
      vertex 79.9498 39.9498 31
    endloop
  endfacet
  facet normal 0 0 1
    outer loop
      vertex 78.5 41.0622 31
      vertex 80 43.6602 31
      vertex 79.2262 44.0631 31
    endloop
  endfacet
  facet normal 0 0 1
    outer loop
      vertex 80.7358 43.1915 31
      vertex 79.015 40.7341 31
      vertex 79.4995 40.3623 31
    endloop
  endfacet
  facet normal 0 0 1
    outer loop
      vertex 80 43.6602 31
      vertex 78.5 41.0622 31
      vertex 79.015 40.7341 31
    endloop
  endfacet
  facet normal 0 0 1
    outer loop
      vertex 77.9583 41.3442 31
      vertex 79.2262 44.0631 31
      vertex 78.4202 44.3969 31
    endloop
  endfacet
  facet normal 0 0 1
    outer loop
      vertex 79.2262 44.0631 31
      vertex 77.9583 41.3442 31
      vertex 78.5 41.0622 31
    endloop
  endfacet
  facet normal 0 0 1
    outer loop
      vertex 77.3941 41.5779 31
      vertex 78.4202 44.3969 31
      vertex 77.5882 44.6593 31
    endloop
  endfacet
  facet normal 0 0 1
    outer loop
      vertex 78.4202 44.3969 31
      vertex 77.3941 41.5779 31
      vertex 77.9583 41.3442 31
    endloop
  endfacet
  facet normal 0 0 1
    outer loop
      vertex 77.5882 44.6593 31
      vertex 76.8117 41.7615 31
      vertex 77.3941 41.5779 31
    endloop
  endfacet
  facet normal 0 0 1
    outer loop
      vertex 76.7365 44.8481 31
      vertex 76.8117 41.7615 31
      vertex 77.5882 44.6593 31
    endloop
  endfacet
  facet normal 0 0 1
    outer loop
      vertex 76.7365 44.8481 31
      vertex 76.2155 41.8937 31
      vertex 76.8117 41.7615 31
    endloop
  endfacet
  facet normal 0 0 1
    outer loop
      vertex 75.8716 44.9619 31
      vertex 76.2155 41.8937 31
      vertex 76.7365 44.8481 31
    endloop
  endfacet
  facet normal 0 0 1
    outer loop
      vertex 75.8716 44.9619 31
      vertex 75.6101 41.9734 31
      vertex 76.2155 41.8937 31
    endloop
  endfacet
  facet normal 0 0 1
    outer loop
      vertex 75 45 31
      vertex 75.6101 41.9734 31
      vertex 75.8716 44.9619 31
    endloop
  endfacet
  facet normal 0 0 1
    outer loop
      vertex 75 45 31
      vertex 75 42 31
      vertex 75.6101 41.9734 31
    endloop
  endfacet
  facet normal -0 0 1
    outer loop
      vertex -75 45 31
      vertex 75 42 31
      vertex 75 45 31
    endloop
  endfacet
  facet normal 0 0 1
    outer loop
      vertex -75 45 31
      vertex -75 42 31
      vertex 75 42 31
    endloop
  endfacet
  facet normal 0 0 1
    outer loop
      vertex -75 45 31
      vertex -75.6101 41.9734 31
      vertex -75 42 31
    endloop
  endfacet
  facet normal -0 0 1
    outer loop
      vertex -75.8716 44.9619 31
      vertex -75.6101 41.9734 31
      vertex -75 45 31
    endloop
  endfacet
  facet normal 0 0 1
    outer loop
      vertex -75.8716 44.9619 31
      vertex -76.2155 41.8937 31
      vertex -75.6101 41.9734 31
    endloop
  endfacet
  facet normal -0 0 1
    outer loop
      vertex -76.7365 44.8481 31
      vertex -76.2155 41.8937 31
      vertex -75.8716 44.9619 31
    endloop
  endfacet
  facet normal 0 0 1
    outer loop
      vertex -76.7365 44.8481 31
      vertex -76.8117 41.7615 31
      vertex -76.2155 41.8937 31
    endloop
  endfacet
  facet normal -0 0 1
    outer loop
      vertex -77.5882 44.6593 31
      vertex -76.8117 41.7615 31
      vertex -76.7365 44.8481 31
    endloop
  endfacet
  facet normal 0 0 1
    outer loop
      vertex -76.8117 41.7615 31
      vertex -77.5882 44.6593 31
      vertex -77.3941 41.5779 31
    endloop
  endfacet
  facet normal -0 0 1
    outer loop
      vertex -78.4202 44.3969 31
      vertex -77.3941 41.5779 31
      vertex -77.5882 44.6593 31
    endloop
  endfacet
  facet normal 0 0 1
    outer loop
      vertex -77.3941 41.5779 31
      vertex -78.4202 44.3969 31
      vertex -77.9583 41.3442 31
    endloop
  endfacet
  facet normal -0 0 1
    outer loop
      vertex -79.2262 44.0631 31
      vertex -77.9583 41.3442 31
      vertex -78.4202 44.3969 31
    endloop
  endfacet
  facet normal 0 0 1
    outer loop
      vertex -77.9583 41.3442 31
      vertex -79.2262 44.0631 31
      vertex -78.5 41.0622 31
    endloop
  endfacet
  facet normal -0 0 1
    outer loop
      vertex -80 43.6602 31
      vertex -78.5 41.0622 31
      vertex -79.2262 44.0631 31
    endloop
  endfacet
  facet normal 0 0 1
    outer loop
      vertex -78.5 41.0622 31
      vertex -80 43.6602 31
      vertex -79.015 40.7341 31
    endloop
  endfacet
  facet normal -0 0 1
    outer loop
      vertex -80.7358 43.1915 31
      vertex -79.015 40.7341 31
      vertex -80 43.6602 31
    endloop
  endfacet
  facet normal 0 0 1
    outer loop
      vertex -79.015 40.7341 31
      vertex -80.7358 43.1915 31
      vertex -79.4995 40.3623 31
    endloop
  endfacet
  facet normal -0 0 1
    outer loop
      vertex -81.4279 42.6604 31
      vertex -79.4995 40.3623 31
      vertex -80.7358 43.1915 31
    endloop
  endfacet
  facet normal 0 0 1
    outer loop
      vertex -79.4995 40.3623 31
      vertex -81.4279 42.6604 31
      vertex -79.9498 39.9498 31
    endloop
  endfacet
  facet normal -0 0 1
    outer loop
      vertex -82.0711 42.0711 31
      vertex -79.9498 39.9498 31
      vertex -81.4279 42.6604 31
    endloop
  endfacet
  facet normal 0 0 1
    outer loop
      vertex -79.9498 39.9498 31
      vertex -82.0711 42.0711 31
      vertex -80.3623 39.4995 31
    endloop
  endfacet
  facet normal -0 0 1
    outer loop
      vertex -82.6604 41.4279 31
      vertex -80.3623 39.4995 31
      vertex -82.0711 42.0711 31
    endloop
  endfacet
  facet normal 0 0 1
    outer loop
      vertex -80.3623 39.4995 31
      vertex -82.6604 41.4279 31
      vertex -80.7341 39.015 31
    endloop
  endfacet
  facet normal -0 0 1
    outer loop
      vertex -83.1915 40.7358 31
      vertex -80.7341 39.015 31
      vertex -82.6604 41.4279 31
    endloop
  endfacet
  facet normal 0 0 1
    outer loop
      vertex -80.7341 39.015 31
      vertex -83.1915 40.7358 31
      vertex -81.0622 38.5 31
    endloop
  endfacet
  facet normal -0 0 1
    outer loop
      vertex -83.6602 40 31
      vertex -81.0622 38.5 31
      vertex -83.1915 40.7358 31
    endloop
  endfacet
  facet normal 0 0 1
    outer loop
      vertex -81.0622 38.5 31
      vertex -83.6602 40 31
      vertex -81.3442 37.9583 31
    endloop
  endfacet
  facet normal -0 0 1
    outer loop
      vertex -84.3969 38.4202 31
      vertex -81.5779 37.3941 31
      vertex -84.0631 39.2262 31
    endloop
  endfacet
  facet normal 0 0 1
    outer loop
      vertex -81.3442 37.9583 31
      vertex -84.0631 39.2262 31
      vertex -81.5779 37.3941 31
    endloop
  endfacet
  facet normal -0 0 1
    outer loop
      vertex -84.0631 39.2262 31
      vertex -81.3442 37.9583 31
      vertex -83.6602 40 31
    endloop
  endfacet
  facet normal 0 0 1
    outer loop
      vertex 84.3969 -38.4202 31
      vertex 81.5779 -37.3941 31
      vertex 84.0631 -39.2262 31
    endloop
  endfacet
  facet normal -0 0 1
    outer loop
      vertex 81.3442 -37.9583 31
      vertex 84.0631 -39.2262 31
      vertex 81.5779 -37.3941 31
    endloop
  endfacet
  facet normal 0 0 1
    outer loop
      vertex 84.0631 -39.2262 31
      vertex 81.3442 -37.9583 31
      vertex 83.6602 -40 31
    endloop
  endfacet
  facet normal -0 0 1
    outer loop
      vertex 81.0622 -38.5 31
      vertex 83.6602 -40 31
      vertex 81.3442 -37.9583 31
    endloop
  endfacet
  facet normal 0 0 1
    outer loop
      vertex 83.6602 -40 31
      vertex 81.0622 -38.5 31
      vertex 83.1915 -40.7358 31
    endloop
  endfacet
  facet normal -0 0 1
    outer loop
      vertex 80.7341 -39.015 31
      vertex 83.1915 -40.7358 31
      vertex 81.0622 -38.5 31
    endloop
  endfacet
  facet normal 0 0 1
    outer loop
      vertex 83.1915 -40.7358 31
      vertex 80.7341 -39.015 31
      vertex 82.6604 -41.4279 31
    endloop
  endfacet
  facet normal -0 0 1
    outer loop
      vertex 80.3623 -39.4995 31
      vertex 82.6604 -41.4279 31
      vertex 80.7341 -39.015 31
    endloop
  endfacet
  facet normal 0 0 1
    outer loop
      vertex 82.6604 -41.4279 31
      vertex 80.3623 -39.4995 31
      vertex 82.0711 -42.0711 31
    endloop
  endfacet
  facet normal -0 0 1
    outer loop
      vertex 79.9498 -39.9498 31
      vertex 82.0711 -42.0711 31
      vertex 80.3623 -39.4995 31
    endloop
  endfacet
  facet normal 0 0 1
    outer loop
      vertex 82.0711 -42.0711 31
      vertex 79.9498 -39.9498 31
      vertex 81.4279 -42.6604 31
    endloop
  endfacet
  facet normal -0 0 1
    outer loop
      vertex 79.4995 -40.3623 31
      vertex 81.4279 -42.6604 31
      vertex 79.9498 -39.9498 31
    endloop
  endfacet
  facet normal 0 0 1
    outer loop
      vertex 81.4279 -42.6604 31
      vertex 79.4995 -40.3623 31
      vertex 80.7358 -43.1915 31
    endloop
  endfacet
  facet normal -0 0 1
    outer loop
      vertex 79.015 -40.7341 31
      vertex 80.7358 -43.1915 31
      vertex 79.4995 -40.3623 31
    endloop
  endfacet
  facet normal 0 0 1
    outer loop
      vertex 80.7358 -43.1915 31
      vertex 79.015 -40.7341 31
      vertex 80 -43.6602 31
    endloop
  endfacet
  facet normal -0 0 1
    outer loop
      vertex 78.5 -41.0622 31
      vertex 80 -43.6602 31
      vertex 79.015 -40.7341 31
    endloop
  endfacet
  facet normal 0 0 1
    outer loop
      vertex 80 -43.6602 31
      vertex 78.5 -41.0622 31
      vertex 79.2262 -44.0631 31
    endloop
  endfacet
  facet normal -0 0 1
    outer loop
      vertex 77.9583 -41.3442 31
      vertex 79.2262 -44.0631 31
      vertex 78.5 -41.0622 31
    endloop
  endfacet
  facet normal 0 0 1
    outer loop
      vertex 79.2262 -44.0631 31
      vertex 77.9583 -41.3442 31
      vertex 78.4202 -44.3969 31
    endloop
  endfacet
  facet normal -0 0 1
    outer loop
      vertex 77.3941 -41.5779 31
      vertex 78.4202 -44.3969 31
      vertex 77.9583 -41.3442 31
    endloop
  endfacet
  facet normal 0 0 1
    outer loop
      vertex 78.4202 -44.3969 31
      vertex 77.3941 -41.5779 31
      vertex 77.5882 -44.6593 31
    endloop
  endfacet
  facet normal -0 0 1
    outer loop
      vertex 76.8117 -41.7615 31
      vertex 77.5882 -44.6593 31
      vertex 77.3941 -41.5779 31
    endloop
  endfacet
  facet normal 0 0 1
    outer loop
      vertex 76.8117 -41.7615 31
      vertex 76.7365 -44.8481 31
      vertex 77.5882 -44.6593 31
    endloop
  endfacet
  facet normal -0 0 1
    outer loop
      vertex 76.2155 -41.8937 31
      vertex 76.7365 -44.8481 31
      vertex 76.8117 -41.7615 31
    endloop
  endfacet
  facet normal 0 0 1
    outer loop
      vertex 76.2155 -41.8937 31
      vertex 75.8716 -44.9619 31
      vertex 76.7365 -44.8481 31
    endloop
  endfacet
  facet normal -0 0 1
    outer loop
      vertex 75.6101 -41.9734 31
      vertex 75.8716 -44.9619 31
      vertex 76.2155 -41.8937 31
    endloop
  endfacet
  facet normal -0 0 1
    outer loop
      vertex 75 -42 31
      vertex 75.8716 -44.9619 31
      vertex 75.6101 -41.9734 31
    endloop
  endfacet
  facet normal 0 0 1
    outer loop
      vertex 75 -42 31
      vertex 75 -45 31
      vertex 75.8716 -44.9619 31
    endloop
  endfacet
  facet normal -0 0 1
    outer loop
      vertex -75 -42 31
      vertex 75 -45 31
      vertex 75 -42 31
    endloop
  endfacet
  facet normal 0 0 1
    outer loop
      vertex -75 -42 31
      vertex -75 -45 31
      vertex 75 -45 31
    endloop
  endfacet
  facet normal 0 0 1
    outer loop
      vertex -75.6101 -41.9734 31
      vertex -75 -45 31
      vertex -75 -42 31
    endloop
  endfacet
  facet normal 0 0 1
    outer loop
      vertex -75.6101 -41.9734 31
      vertex -75.8716 -44.9619 31
      vertex -75 -45 31
    endloop
  endfacet
  facet normal 0 0 1
    outer loop
      vertex -76.2155 -41.8937 31
      vertex -75.8716 -44.9619 31
      vertex -75.6101 -41.9734 31
    endloop
  endfacet
  facet normal 0 0 1
    outer loop
      vertex -76.2155 -41.8937 31
      vertex -76.7365 -44.8481 31
      vertex -75.8716 -44.9619 31
    endloop
  endfacet
  facet normal 0 0 1
    outer loop
      vertex -76.8117 -41.7615 31
      vertex -76.7365 -44.8481 31
      vertex -76.2155 -41.8937 31
    endloop
  endfacet
  facet normal 0 0 1
    outer loop
      vertex -77.5882 -44.6593 31
      vertex -76.8117 -41.7615 31
      vertex -77.3941 -41.5779 31
    endloop
  endfacet
  facet normal 0 0 1
    outer loop
      vertex -76.8117 -41.7615 31
      vertex -77.5882 -44.6593 31
      vertex -76.7365 -44.8481 31
    endloop
  endfacet
  facet normal 0 0 1
    outer loop
      vertex -78.4202 -44.3969 31
      vertex -77.3941 -41.5779 31
      vertex -77.9583 -41.3442 31
    endloop
  endfacet
  facet normal 0 0 1
    outer loop
      vertex -77.3941 -41.5779 31
      vertex -78.4202 -44.3969 31
      vertex -77.5882 -44.6593 31
    endloop
  endfacet
  facet normal 0 0 1
    outer loop
      vertex -79.2262 -44.0631 31
      vertex -77.9583 -41.3442 31
      vertex -78.5 -41.0622 31
    endloop
  endfacet
  facet normal 0 0 1
    outer loop
      vertex -80 -43.6602 31
      vertex -78.5 -41.0622 31
      vertex -79.015 -40.7341 31
    endloop
  endfacet
  facet normal 0 0 1
    outer loop
      vertex -77.9583 -41.3442 31
      vertex -79.2262 -44.0631 31
      vertex -78.4202 -44.3969 31
    endloop
  endfacet
  facet normal 0 0 1
    outer loop
      vertex -80.7358 -43.1915 31
      vertex -79.015 -40.7341 31
      vertex -79.4995 -40.3623 31
    endloop
  endfacet
  facet normal 0 0 1
    outer loop
      vertex -81.4279 -42.6604 31
      vertex -79.4995 -40.3623 31
      vertex -79.9498 -39.9498 31
    endloop
  endfacet
  facet normal 0 0 1
    outer loop
      vertex -78.5 -41.0622 31
      vertex -80 -43.6602 31
      vertex -79.2262 -44.0631 31
    endloop
  endfacet
  facet normal 0 0 1
    outer loop
      vertex -82.0711 -42.0711 31
      vertex -79.9498 -39.9498 31
      vertex -80.3623 -39.4995 31
    endloop
  endfacet
  facet normal 0 0 1
    outer loop
      vertex -82.6604 -41.4279 31
      vertex -80.3623 -39.4995 31
      vertex -80.7341 -39.015 31
    endloop
  endfacet
  facet normal 0 0 1
    outer loop
      vertex -79.015 -40.7341 31
      vertex -80.7358 -43.1915 31
      vertex -80 -43.6602 31
    endloop
  endfacet
  facet normal 0 0 1
    outer loop
      vertex -83.1915 -40.7358 31
      vertex -80.7341 -39.015 31
      vertex -81.0622 -38.5 31
    endloop
  endfacet
  facet normal 0 0 1
    outer loop
      vertex -83.6602 -40 31
      vertex -81.0622 -38.5 31
      vertex -81.3442 -37.9583 31
    endloop
  endfacet
  facet normal 0 0 1
    outer loop
      vertex -79.4995 -40.3623 31
      vertex -81.4279 -42.6604 31
      vertex -80.7358 -43.1915 31
    endloop
  endfacet
  facet normal 0 0 1
    outer loop
      vertex -84.0631 -39.2262 31
      vertex -81.3442 -37.9583 31
      vertex -81.5779 -37.3941 31
    endloop
  endfacet
  facet normal 0 0 1
    outer loop
      vertex -84.3969 -38.4202 31
      vertex -81.5779 -37.3941 31
      vertex -81.7615 -36.8117 31
    endloop
  endfacet
  facet normal 0 0 1
    outer loop
      vertex -84.6593 -37.5882 31
      vertex -81.7615 -36.8117 31
      vertex -81.8937 -36.2155 31
    endloop
  endfacet
  facet normal 0 0 1
    outer loop
      vertex -84.8481 -36.7365 31
      vertex -81.8937 -36.2155 31
      vertex -81.9734 -35.6101 31
    endloop
  endfacet
  facet normal 0 0 1
    outer loop
      vertex -79.9498 -39.9498 31
      vertex -82.0711 -42.0711 31
      vertex -81.4279 -42.6604 31
    endloop
  endfacet
  facet normal 0 0 1
    outer loop
      vertex -84.9619 -35.8716 31
      vertex -81.9734 -35.6101 31
      vertex -82 -35 31
    endloop
  endfacet
  facet normal 0 0 1
    outer loop
      vertex -82 35 31
      vertex -85 35 31
      vertex -82 -35 31
    endloop
  endfacet
  facet normal 0 0 1
    outer loop
      vertex -81.5779 37.3941 31
      vertex -84.3969 38.4202 31
      vertex -81.7615 36.8117 31
    endloop
  endfacet
  facet normal 0 0 1
    outer loop
      vertex -85 -35 31
      vertex -82 -35 31
      vertex -85 35 31
    endloop
  endfacet
  facet normal -0 0 1
    outer loop
      vertex -84.6593 37.5882 31
      vertex -81.7615 36.8117 31
      vertex -84.3969 38.4202 31
    endloop
  endfacet
  facet normal 0 -0 1
    outer loop
      vertex -84.9619 -35.8716 31
      vertex -82 -35 31
      vertex -85 -35 31
    endloop
  endfacet
  facet normal 0 0 1
    outer loop
      vertex -81.7615 36.8117 31
      vertex -84.6593 37.5882 31
      vertex -81.8937 36.2155 31
    endloop
  endfacet
  facet normal 0 0 1
    outer loop
      vertex -80.3623 -39.4995 31
      vertex -82.6604 -41.4279 31
      vertex -82.0711 -42.0711 31
    endloop
  endfacet
  facet normal -0 0 1
    outer loop
      vertex -84.8481 36.7365 31
      vertex -81.8937 36.2155 31
      vertex -84.6593 37.5882 31
    endloop
  endfacet
  facet normal 0 0 1
    outer loop
      vertex -80.7341 -39.015 31
      vertex -83.1915 -40.7358 31
      vertex -82.6604 -41.4279 31
    endloop
  endfacet
  facet normal 0 0 1
    outer loop
      vertex -81.8937 36.2155 31
      vertex -84.8481 36.7365 31
      vertex -81.9734 35.6101 31
    endloop
  endfacet
  facet normal 0 0 1
    outer loop
      vertex -81.0622 -38.5 31
      vertex -83.6602 -40 31
      vertex -83.1915 -40.7358 31
    endloop
  endfacet
  facet normal -0 0 1
    outer loop
      vertex -84.9619 35.8716 31
      vertex -81.9734 35.6101 31
      vertex -84.8481 36.7365 31
    endloop
  endfacet
  facet normal 0 0 1
    outer loop
      vertex -81.3442 -37.9583 31
      vertex -84.0631 -39.2262 31
      vertex -83.6602 -40 31
    endloop
  endfacet
  facet normal 0 0 1
    outer loop
      vertex -81.9734 35.6101 31
      vertex -84.9619 35.8716 31
      vertex -82 35 31
    endloop
  endfacet
  facet normal 0 0 1
    outer loop
      vertex -81.5779 -37.3941 31
      vertex -84.3969 -38.4202 31
      vertex -84.0631 -39.2262 31
    endloop
  endfacet
  facet normal 0 0 1
    outer loop
      vertex -82 35 31
      vertex -84.9619 35.8716 31
      vertex -85 35 31
    endloop
  endfacet
  facet normal 0 0 1
    outer loop
      vertex -81.7615 -36.8117 31
      vertex -84.6593 -37.5882 31
      vertex -84.3969 -38.4202 31
    endloop
  endfacet
  facet normal 0 0 1
    outer loop
      vertex -81.8937 -36.2155 31
      vertex -84.8481 -36.7365 31
      vertex -84.6593 -37.5882 31
    endloop
  endfacet
  facet normal 0 0 1
    outer loop
      vertex -81.9734 -35.6101 31
      vertex -84.9619 -35.8716 31
      vertex -84.8481 -36.7365 31
    endloop
  endfacet
  facet normal -0.382629 -0.923902 0
    outer loop
      vertex -79.2262 -44.0631 0
      vertex -78.4202 -44.3969 31
      vertex -79.2262 -44.0631 31
    endloop
  endfacet
  facet normal -0.382629 -0.923902 -0
    outer loop
      vertex -78.4202 -44.3969 31
      vertex -79.2262 -44.0631 0
      vertex -78.4202 -44.3969 0
    endloop
  endfacet
  facet normal -0.130452 -0.991455 0
    outer loop
      vertex -76.7365 -44.8481 0
      vertex -75.8716 -44.9619 31
      vertex -76.7365 -44.8481 31
    endloop
  endfacet
  facet normal -0.130452 -0.991455 -0
    outer loop
      vertex -75.8716 -44.9619 31
      vertex -76.7365 -44.8481 0
      vertex -75.8716 -44.9619 0
    endloop
  endfacet
  facet normal 0.382629 0.923902 -0
    outer loop
      vertex 79.2262 44.0631 0
      vertex 78.4202 44.3969 31
      vertex 79.2262 44.0631 31
    endloop
  endfacet
  facet normal 0.382629 0.923902 0
    outer loop
      vertex 78.4202 44.3969 31
      vertex 79.2262 44.0631 0
      vertex 78.4202 44.3969 0
    endloop
  endfacet
  facet normal 0.130452 0.991455 -0
    outer loop
      vertex 76.7365 44.8481 0
      vertex 75.8716 44.9619 31
      vertex 76.7365 44.8481 31
    endloop
  endfacet
  facet normal 0.130452 0.991455 0
    outer loop
      vertex 75.8716 44.9619 31
      vertex 76.7365 44.8481 0
      vertex 75.8716 44.9619 0
    endloop
  endfacet
  facet normal 0.886971 0.461825 0
    outer loop
      vertex 84.0631 39.2262 31
      vertex 83.6602 40 0
      vertex 83.6602 40 31
    endloop
  endfacet
  facet normal 0.886971 0.461825 0
    outer loop
      vertex 83.6602 40 0
      vertex 84.0631 39.2262 31
      vertex 84.0631 39.2262 0
    endloop
  endfacet
  facet normal -0.30078 0.953693 0
    outer loop
      vertex -77.5882 44.6593 0
      vertex -78.4202 44.3969 31
      vertex -77.5882 44.6593 31
    endloop
  endfacet
  facet normal -0.30078 0.953693 0
    outer loop
      vertex -78.4202 44.3969 31
      vertex -77.5882 44.6593 0
      vertex -78.4202 44.3969 0
    endloop
  endfacet
  facet normal -0.216421 0.9763 0
    outer loop
      vertex -76.7365 44.8481 0
      vertex -77.5882 44.6593 31
      vertex -76.7365 44.8481 31
    endloop
  endfacet
  facet normal -0.216421 0.9763 0
    outer loop
      vertex -77.5882 44.6593 31
      vertex -76.7365 44.8481 0
      vertex -77.5882 44.6593 0
    endloop
  endfacet
  facet normal -0.382629 0.923902 0
    outer loop
      vertex -78.4202 44.3969 0
      vertex -79.2262 44.0631 31
      vertex -78.4202 44.3969 31
    endloop
  endfacet
  facet normal -0.382629 0.923902 0
    outer loop
      vertex -79.2262 44.0631 31
      vertex -78.4202 44.3969 0
      vertex -79.2262 44.0631 0
    endloop
  endfacet
  facet normal -0.608785 0.793335 0
    outer loop
      vertex -80.7358 43.1915 0
      vertex -81.4279 42.6604 31
      vertex -80.7358 43.1915 31
    endloop
  endfacet
  facet normal -0.608785 0.793335 0
    outer loop
      vertex -81.4279 42.6604 31
      vertex -80.7358 43.1915 0
      vertex -81.4279 42.6604 0
    endloop
  endfacet
  facet normal -0.675538 0.737325 0
    outer loop
      vertex -81.4279 42.6604 0
      vertex -82.0711 42.0711 31
      vertex -81.4279 42.6604 31
    endloop
  endfacet
  facet normal -0.675538 0.737325 0
    outer loop
      vertex -82.0711 42.0711 31
      vertex -81.4279 42.6604 0
      vertex -82.0711 42.0711 0
    endloop
  endfacet
  facet normal -0.537254 0.843421 0
    outer loop
      vertex -80 43.6602 0
      vertex -80.7358 43.1915 31
      vertex -80 43.6602 31
    endloop
  endfacet
  facet normal -0.537254 0.843421 0
    outer loop
      vertex -80.7358 43.1915 31
      vertex -80 43.6602 0
      vertex -80.7358 43.1915 0
    endloop
  endfacet
  facet normal -0.9763 0.216421 0
    outer loop
      vertex -84.8481 36.7365 0
      vertex -84.6593 37.5882 31
      vertex -84.6593 37.5882 0
    endloop
  endfacet
  facet normal -0.9763 0.216421 0
    outer loop
      vertex -84.6593 37.5882 31
      vertex -84.8481 36.7365 0
      vertex -84.8481 36.7365 31
    endloop
  endfacet
  facet normal -0.953693 0.30078 0
    outer loop
      vertex -84.6593 37.5882 0
      vertex -84.3969 38.4202 31
      vertex -84.3969 38.4202 0
    endloop
  endfacet
  facet normal -0.953693 0.30078 0
    outer loop
      vertex -84.3969 38.4202 31
      vertex -84.6593 37.5882 0
      vertex -84.6593 37.5882 31
    endloop
  endfacet
  facet normal -0.991455 0.130452 0
    outer loop
      vertex -84.9619 35.8716 0
      vertex -84.8481 36.7365 31
      vertex -84.8481 36.7365 0
    endloop
  endfacet
  facet normal -0.991455 0.130452 0
    outer loop
      vertex -84.8481 36.7365 31
      vertex -84.9619 35.8716 0
      vertex -84.9619 35.8716 31
    endloop
  endfacet
  facet normal -0.886971 0.461825 0
    outer loop
      vertex -84.0631 39.2262 0
      vertex -83.6602 40 31
      vertex -83.6602 40 0
    endloop
  endfacet
  facet normal -0.886971 0.461825 0
    outer loop
      vertex -83.6602 40 31
      vertex -84.0631 39.2262 0
      vertex -84.0631 39.2262 31
    endloop
  endfacet
  facet normal -0.793335 0.608785 0
    outer loop
      vertex -83.1915 40.7358 0
      vertex -82.6604 41.4279 31
      vertex -82.6604 41.4279 0
    endloop
  endfacet
  facet normal -0.793335 0.608785 0
    outer loop
      vertex -82.6604 41.4279 31
      vertex -83.1915 40.7358 0
      vertex -83.1915 40.7358 31
    endloop
  endfacet
  facet normal -0.991455 -0.130452 0
    outer loop
      vertex -84.8481 -36.7365 0
      vertex -84.9619 -35.8716 31
      vertex -84.9619 -35.8716 0
    endloop
  endfacet
  facet normal -0.991455 -0.130452 0
    outer loop
      vertex -84.9619 -35.8716 31
      vertex -84.8481 -36.7365 0
      vertex -84.8481 -36.7365 31
    endloop
  endfacet
  facet normal -0.923902 -0.382629 0
    outer loop
      vertex -84.0631 -39.2262 0
      vertex -84.3969 -38.4202 31
      vertex -84.3969 -38.4202 0
    endloop
  endfacet
  facet normal -0.923902 -0.382629 0
    outer loop
      vertex -84.3969 -38.4202 31
      vertex -84.0631 -39.2262 0
      vertex -84.0631 -39.2262 31
    endloop
  endfacet
  facet normal -0.843421 -0.537254 0
    outer loop
      vertex -83.1915 -40.7358 0
      vertex -83.6602 -40 31
      vertex -83.6602 -40 0
    endloop
  endfacet
  facet normal -0.843421 -0.537254 0
    outer loop
      vertex -83.6602 -40 31
      vertex -83.1915 -40.7358 0
      vertex -83.1915 -40.7358 31
    endloop
  endfacet
  facet normal -0.30078 -0.953693 0
    outer loop
      vertex -78.4202 -44.3969 0
      vertex -77.5882 -44.6593 31
      vertex -78.4202 -44.3969 31
    endloop
  endfacet
  facet normal -0.30078 -0.953693 -0
    outer loop
      vertex -77.5882 -44.6593 31
      vertex -78.4202 -44.3969 0
      vertex -77.5882 -44.6593 0
    endloop
  endfacet
  facet normal -0.043671 -0.999046 0
    outer loop
      vertex -75.8716 -44.9619 0
      vertex -75 -45 31
      vertex -75.8716 -44.9619 31
    endloop
  endfacet
  facet normal -0.043671 -0.999046 -0
    outer loop
      vertex -75 -45 31
      vertex -75.8716 -44.9619 0
      vertex -75 -45 0
    endloop
  endfacet
  facet normal 0.737325 0.675538 0
    outer loop
      vertex 82.6604 41.4279 31
      vertex 82.0711 42.0711 0
      vertex 82.0711 42.0711 31
    endloop
  endfacet
  facet normal 0.737325 0.675538 0
    outer loop
      vertex 82.0711 42.0711 0
      vertex 82.6604 41.4279 31
      vertex 82.6604 41.4279 0
    endloop
  endfacet
  facet normal 0.953693 0.30078 0
    outer loop
      vertex 84.6593 37.5882 31
      vertex 84.3969 38.4202 0
      vertex 84.3969 38.4202 31
    endloop
  endfacet
  facet normal 0.953693 0.30078 0
    outer loop
      vertex 84.3969 38.4202 0
      vertex 84.6593 37.5882 31
      vertex 84.6593 37.5882 0
    endloop
  endfacet
  facet normal 0.991455 0.130452 0
    outer loop
      vertex 84.9619 35.8716 31
      vertex 84.8481 36.7365 0
      vertex 84.8481 36.7365 31
    endloop
  endfacet
  facet normal 0.991455 0.130452 0
    outer loop
      vertex 84.8481 36.7365 0
      vertex 84.9619 35.8716 31
      vertex 84.9619 35.8716 0
    endloop
  endfacet
  facet normal 0.923902 0.382629 0
    outer loop
      vertex 84.3969 38.4202 31
      vertex 84.0631 39.2262 0
      vertex 84.0631 39.2262 31
    endloop
  endfacet
  facet normal 0.923902 0.382629 0
    outer loop
      vertex 84.0631 39.2262 0
      vertex 84.3969 38.4202 31
      vertex 84.3969 38.4202 0
    endloop
  endfacet
  facet normal 0.843421 0.537254 0
    outer loop
      vertex 83.6602 40 31
      vertex 83.1915 40.7358 0
      vertex 83.1915 40.7358 31
    endloop
  endfacet
  facet normal 0.843421 0.537254 0
    outer loop
      vertex 83.1915 40.7358 0
      vertex 83.6602 40 31
      vertex 83.6602 40 0
    endloop
  endfacet
  facet normal 0.793335 -0.608785 0
    outer loop
      vertex 82.6604 -41.4279 31
      vertex 83.1915 -40.7358 0
      vertex 83.1915 -40.7358 31
    endloop
  endfacet
  facet normal 0.793335 -0.608785 0
    outer loop
      vertex 83.1915 -40.7358 0
      vertex 82.6604 -41.4279 31
      vertex 82.6604 -41.4279 0
    endloop
  endfacet
  facet normal 0.886971 -0.461825 0
    outer loop
      vertex 83.6602 -40 31
      vertex 84.0631 -39.2262 0
      vertex 84.0631 -39.2262 31
    endloop
  endfacet
  facet normal 0.886971 -0.461825 0
    outer loop
      vertex 84.0631 -39.2262 0
      vertex 83.6602 -40 31
      vertex 83.6602 -40 0
    endloop
  endfacet
  facet normal 0.953693 -0.30078 0
    outer loop
      vertex 84.3969 -38.4202 31
      vertex 84.6593 -37.5882 0
      vertex 84.6593 -37.5882 31
    endloop
  endfacet
  facet normal 0.953693 -0.30078 0
    outer loop
      vertex 84.6593 -37.5882 0
      vertex 84.3969 -38.4202 31
      vertex 84.3969 -38.4202 0
    endloop
  endfacet
  facet normal 0.991455 -0.130452 0
    outer loop
      vertex 84.8481 -36.7365 31
      vertex 84.9619 -35.8716 0
      vertex 84.9619 -35.8716 31
    endloop
  endfacet
  facet normal 0.991455 -0.130452 0
    outer loop
      vertex 84.9619 -35.8716 0
      vertex 84.8481 -36.7365 31
      vertex 84.8481 -36.7365 0
    endloop
  endfacet
  facet normal 0.537254 -0.843421 0
    outer loop
      vertex 80 -43.6602 0
      vertex 80.7358 -43.1915 31
      vertex 80 -43.6602 31
    endloop
  endfacet
  facet normal 0.537254 -0.843421 0
    outer loop
      vertex 80.7358 -43.1915 31
      vertex 80 -43.6602 0
      vertex 80.7358 -43.1915 0
    endloop
  endfacet
  facet normal 0.675538 -0.737325 0
    outer loop
      vertex 81.4279 -42.6604 0
      vertex 82.0711 -42.0711 31
      vertex 81.4279 -42.6604 31
    endloop
  endfacet
  facet normal 0.675538 -0.737325 0
    outer loop
      vertex 82.0711 -42.0711 31
      vertex 81.4279 -42.6604 0
      vertex 82.0711 -42.0711 0
    endloop
  endfacet
  facet normal 0.461825 -0.886971 0
    outer loop
      vertex 79.2262 -44.0631 0
      vertex 80 -43.6602 31
      vertex 79.2262 -44.0631 31
    endloop
  endfacet
  facet normal 0.461825 -0.886971 0
    outer loop
      vertex 80 -43.6602 31
      vertex 79.2262 -44.0631 0
      vertex 80 -43.6602 0
    endloop
  endfacet
  facet normal 0.30078 -0.953693 0
    outer loop
      vertex 77.5882 -44.6593 0
      vertex 78.4202 -44.3969 31
      vertex 77.5882 -44.6593 31
    endloop
  endfacet
  facet normal 0.30078 -0.953693 0
    outer loop
      vertex 78.4202 -44.3969 31
      vertex 77.5882 -44.6593 0
      vertex 78.4202 -44.3969 0
    endloop
  endfacet
  facet normal -0.9763 -0.216421 0
    outer loop
      vertex -84.6593 -37.5882 0
      vertex -84.8481 -36.7365 31
      vertex -84.8481 -36.7365 0
    endloop
  endfacet
  facet normal -0.9763 -0.216421 0
    outer loop
      vertex -84.8481 -36.7365 31
      vertex -84.6593 -37.5882 0
      vertex -84.6593 -37.5882 31
    endloop
  endfacet
  facet normal -0.886971 -0.461825 0
    outer loop
      vertex -83.6602 -40 0
      vertex -84.0631 -39.2262 31
      vertex -84.0631 -39.2262 0
    endloop
  endfacet
  facet normal -0.886971 -0.461825 0
    outer loop
      vertex -84.0631 -39.2262 31
      vertex -83.6602 -40 0
      vertex -83.6602 -40 31
    endloop
  endfacet
  facet normal -0.793335 -0.608785 0
    outer loop
      vertex -82.6604 -41.4279 0
      vertex -83.1915 -40.7358 31
      vertex -83.1915 -40.7358 0
    endloop
  endfacet
  facet normal -0.793335 -0.608785 0
    outer loop
      vertex -83.1915 -40.7358 31
      vertex -82.6604 -41.4279 0
      vertex -82.6604 -41.4279 31
    endloop
  endfacet
  facet normal -0.675538 -0.737325 0
    outer loop
      vertex -82.0711 -42.0711 0
      vertex -81.4279 -42.6604 31
      vertex -82.0711 -42.0711 31
    endloop
  endfacet
  facet normal -0.675538 -0.737325 -0
    outer loop
      vertex -81.4279 -42.6604 31
      vertex -82.0711 -42.0711 0
      vertex -81.4279 -42.6604 0
    endloop
  endfacet
  facet normal -0.537254 -0.843421 0
    outer loop
      vertex -80.7358 -43.1915 0
      vertex -80 -43.6602 31
      vertex -80.7358 -43.1915 31
    endloop
  endfacet
  facet normal -0.537254 -0.843421 -0
    outer loop
      vertex -80 -43.6602 31
      vertex -80.7358 -43.1915 0
      vertex -80 -43.6602 0
    endloop
  endfacet
  facet normal 0.9763 0.216421 0
    outer loop
      vertex 84.8481 36.7365 31
      vertex 84.6593 37.5882 0
      vertex 84.6593 37.5882 31
    endloop
  endfacet
  facet normal 0.9763 0.216421 0
    outer loop
      vertex 84.6593 37.5882 0
      vertex 84.8481 36.7365 31
      vertex 84.8481 36.7365 0
    endloop
  endfacet
  facet normal 0.793335 0.608785 0
    outer loop
      vertex 83.1915 40.7358 31
      vertex 82.6604 41.4279 0
      vertex 82.6604 41.4279 31
    endloop
  endfacet
  facet normal 0.793335 0.608785 0
    outer loop
      vertex 82.6604 41.4279 0
      vertex 83.1915 40.7358 31
      vertex 83.1915 40.7358 0
    endloop
  endfacet
  facet normal 0.675538 0.737325 -0
    outer loop
      vertex 82.0711 42.0711 0
      vertex 81.4279 42.6604 31
      vertex 82.0711 42.0711 31
    endloop
  endfacet
  facet normal 0.675538 0.737325 0
    outer loop
      vertex 81.4279 42.6604 31
      vertex 82.0711 42.0711 0
      vertex 81.4279 42.6604 0
    endloop
  endfacet
  facet normal 0.608785 0.793335 -0
    outer loop
      vertex 81.4279 42.6604 0
      vertex 80.7358 43.1915 31
      vertex 81.4279 42.6604 31
    endloop
  endfacet
  facet normal 0.608785 0.793335 0
    outer loop
      vertex 80.7358 43.1915 31
      vertex 81.4279 42.6604 0
      vertex 80.7358 43.1915 0
    endloop
  endfacet
  facet normal 0.843421 -0.537254 0
    outer loop
      vertex 83.1915 -40.7358 31
      vertex 83.6602 -40 0
      vertex 83.6602 -40 31
    endloop
  endfacet
  facet normal 0.843421 -0.537254 0
    outer loop
      vertex 83.6602 -40 0
      vertex 83.1915 -40.7358 31
      vertex 83.1915 -40.7358 0
    endloop
  endfacet
  facet normal 0.923902 -0.382629 0
    outer loop
      vertex 84.0631 -39.2262 31
      vertex 84.3969 -38.4202 0
      vertex 84.3969 -38.4202 31
    endloop
  endfacet
  facet normal 0.923902 -0.382629 0
    outer loop
      vertex 84.3969 -38.4202 0
      vertex 84.0631 -39.2262 31
      vertex 84.0631 -39.2262 0
    endloop
  endfacet
  facet normal 0.9763 -0.216421 0
    outer loop
      vertex 84.6593 -37.5882 31
      vertex 84.8481 -36.7365 0
      vertex 84.8481 -36.7365 31
    endloop
  endfacet
  facet normal 0.9763 -0.216421 0
    outer loop
      vertex 84.8481 -36.7365 0
      vertex 84.6593 -37.5882 31
      vertex 84.6593 -37.5882 0
    endloop
  endfacet
  facet normal 0.999046 -0.043671 0
    outer loop
      vertex 84.9619 -35.8716 31
      vertex 85 -35 0
      vertex 85 -35 31
    endloop
  endfacet
  facet normal 0.999046 -0.043671 0
    outer loop
      vertex 85 -35 0
      vertex 84.9619 -35.8716 31
      vertex 84.9619 -35.8716 0
    endloop
  endfacet
  facet normal 0.608785 -0.793335 0
    outer loop
      vertex 80.7358 -43.1915 0
      vertex 81.4279 -42.6604 31
      vertex 80.7358 -43.1915 31
    endloop
  endfacet
  facet normal 0.608785 -0.793335 0
    outer loop
      vertex 81.4279 -42.6604 31
      vertex 80.7358 -43.1915 0
      vertex 81.4279 -42.6604 0
    endloop
  endfacet
  facet normal 0.737325 -0.675538 0
    outer loop
      vertex 82.0711 -42.0711 31
      vertex 82.6604 -41.4279 0
      vertex 82.6604 -41.4279 31
    endloop
  endfacet
  facet normal 0.737325 -0.675538 0
    outer loop
      vertex 82.6604 -41.4279 0
      vertex 82.0711 -42.0711 31
      vertex 82.0711 -42.0711 0
    endloop
  endfacet
  facet normal 0.382629 -0.923902 0
    outer loop
      vertex 78.4202 -44.3969 0
      vertex 79.2262 -44.0631 31
      vertex 78.4202 -44.3969 31
    endloop
  endfacet
  facet normal 0.382629 -0.923902 0
    outer loop
      vertex 79.2262 -44.0631 31
      vertex 78.4202 -44.3969 0
      vertex 79.2262 -44.0631 0
    endloop
  endfacet
  facet normal -0.953693 -0.30078 0
    outer loop
      vertex -84.3969 -38.4202 0
      vertex -84.6593 -37.5882 31
      vertex -84.6593 -37.5882 0
    endloop
  endfacet
  facet normal -0.953693 -0.30078 0
    outer loop
      vertex -84.6593 -37.5882 31
      vertex -84.3969 -38.4202 0
      vertex -84.3969 -38.4202 31
    endloop
  endfacet
  facet normal -0.737325 -0.675538 0
    outer loop
      vertex -82.0711 -42.0711 0
      vertex -82.6604 -41.4279 31
      vertex -82.6604 -41.4279 0
    endloop
  endfacet
  facet normal -0.737325 -0.675538 0
    outer loop
      vertex -82.6604 -41.4279 31
      vertex -82.0711 -42.0711 0
      vertex -82.0711 -42.0711 31
    endloop
  endfacet
  facet normal -0.608785 -0.793335 0
    outer loop
      vertex -81.4279 -42.6604 0
      vertex -80.7358 -43.1915 31
      vertex -81.4279 -42.6604 31
    endloop
  endfacet
  facet normal -0.608785 -0.793335 -0
    outer loop
      vertex -80.7358 -43.1915 31
      vertex -81.4279 -42.6604 0
      vertex -80.7358 -43.1915 0
    endloop
  endfacet
  facet normal -0.21648 0.976287 0
    outer loop
      vertex 76.8117 -41.7615 5
      vertex 76.2155 -41.8937 31
      vertex 76.8117 -41.7615 31
    endloop
  endfacet
  facet normal -0.21648 0.976287 0
    outer loop
      vertex 76.2155 -41.8937 31
      vertex 76.8117 -41.7615 5
      vertex 76.2155 -41.8937 5
    endloop
  endfacet
  facet normal -0.130522 0.991445 0
    outer loop
      vertex 76.2155 -41.8937 5
      vertex 75.6101 -41.9734 31
      vertex 76.2155 -41.8937 31
    endloop
  endfacet
  facet normal -0.130522 0.991445 0
    outer loop
      vertex 75.6101 -41.9734 31
      vertex 76.2155 -41.8937 5
      vertex 75.6101 -41.9734 5
    endloop
  endfacet
  facet normal 1 0 0
    outer loop
      vertex -82 27.7462 28.3518
      vertex -82 35 31
      vertex -82 27.7526 28.5
    endloop
  endfacet
  facet normal 1 0 0
    outer loop
      vertex -82 35 31
      vertex -82 27.7462 28.6482
      vertex -82 27.7526 28.5
    endloop
  endfacet
  facet normal 1 0 0
    outer loop
      vertex -82 35 31
      vertex -82 27.7268 28.7952
      vertex -82 27.7462 28.6482
    endloop
  endfacet
  facet normal 1 0 0
    outer loop
      vertex -82 35 31
      vertex -82 27.6947 28.94
      vertex -82 27.7268 28.7952
    endloop
  endfacet
  facet normal 1 0 0
    outer loop
      vertex -82 35 31
      vertex -82 27.6501 29.0814
      vertex -82 27.6947 28.94
    endloop
  endfacet
  facet normal 1 0 0
    outer loop
      vertex -82 35 31
      vertex -82 27.5934 29.2185
      vertex -82 27.6501 29.0814
    endloop
  endfacet
  facet normal 1 0 0
    outer loop
      vertex -82 35 31
      vertex -82 27.5249 29.35
      vertex -82 27.5934 29.2185
    endloop
  endfacet
  facet normal 1 0 0
    outer loop
      vertex -82 35 31
      vertex -82 27.4452 29.4751
      vertex -82 27.5249 29.35
    endloop
  endfacet
  facet normal 1 0 0
    outer loop
      vertex -82 35 31
      vertex -82 27.3549 29.5927
      vertex -82 27.4452 29.4751
    endloop
  endfacet
  facet normal 1 0 0
    outer loop
      vertex -82 35 31
      vertex -82 27.2547 29.7021
      vertex -82 27.3549 29.5927
    endloop
  endfacet
  facet normal 1 0 0
    outer loop
      vertex -82 35 31
      vertex -82 27.1454 29.8023
      vertex -82 27.2547 29.7021
    endloop
  endfacet
  facet normal 1 0 0
    outer loop
      vertex -82 35 31
      vertex -82 27.0277 29.8926
      vertex -82 27.1454 29.8023
    endloop
  endfacet
  facet normal 1 0 0
    outer loop
      vertex -82 35 31
      vertex -82 26.9026 29.9722
      vertex -82 27.0277 29.8926
    endloop
  endfacet
  facet normal 1 0 0
    outer loop
      vertex -82 35 31
      vertex -82 26.7711 30.0407
      vertex -82 26.9026 29.9722
    endloop
  endfacet
  facet normal 1 0 0
    outer loop
      vertex -82 35 31
      vertex -82 26.6341 30.0975
      vertex -82 26.7711 30.0407
    endloop
  endfacet
  facet normal 1 0 0
    outer loop
      vertex -82 35 31
      vertex -82 26.4926 30.1421
      vertex -82 26.6341 30.0975
    endloop
  endfacet
  facet normal 1 0 0
    outer loop
      vertex -82 35 31
      vertex -82 26.3478 30.1742
      vertex -82 26.4926 30.1421
    endloop
  endfacet
  facet normal 1 0 0
    outer loop
      vertex -82 35 31
      vertex -82 26.2008 30.1935
      vertex -82 26.3478 30.1742
    endloop
  endfacet
  facet normal 1 0 0
    outer loop
      vertex -82 35 31
      vertex -82 26.0526 30.2
      vertex -82 26.2008 30.1935
    endloop
  endfacet
  facet normal 1 0 0
    outer loop
      vertex -82 35 31
      vertex -82 25.9045 30.1935
      vertex -82 26.0526 30.2
    endloop
  endfacet
  facet normal 1 0 0
    outer loop
      vertex -82 24.3591 28.6482
      vertex -82 -2.5 29.5
      vertex -82 24.3526 28.5
    endloop
  endfacet
  facet normal 1 0 0
    outer loop
      vertex -82 24.3785 28.7952
      vertex -82 -2.5 29.5
      vertex -82 24.3591 28.6482
    endloop
  endfacet
  facet normal 1 0 0
    outer loop
      vertex -82 24.4106 28.94
      vertex -82 -2.5 29.5
      vertex -82 24.3785 28.7952
    endloop
  endfacet
  facet normal 1 0 0
    outer loop
      vertex -82 24.4552 29.0814
      vertex -82 -2.5 29.5
      vertex -82 24.4106 28.94
    endloop
  endfacet
  facet normal 1 0 0
    outer loop
      vertex -82 24.5119 29.2185
      vertex -82 -2.5 29.5
      vertex -82 24.4552 29.0814
    endloop
  endfacet
  facet normal 1 0 0
    outer loop
      vertex -82 24.5804 29.35
      vertex -82 -2.5 29.5
      vertex -82 24.5119 29.2185
    endloop
  endfacet
  facet normal 1 0 0
    outer loop
      vertex -82 24.6601 29.4751
      vertex -82 -2.5 29.5
      vertex -82 24.5804 29.35
    endloop
  endfacet
  facet normal 1 0 0
    outer loop
      vertex -82 24.7504 29.5927
      vertex -82 -2.5 29.5
      vertex -82 24.6601 29.4751
    endloop
  endfacet
  facet normal 1 0 0
    outer loop
      vertex -82 24.8505 29.7021
      vertex -82 -2.5 29.5
      vertex -82 24.7504 29.5927
    endloop
  endfacet
  facet normal 1 0 0
    outer loop
      vertex -82 24.9599 29.8023
      vertex -82 -2.5 29.5
      vertex -82 24.8505 29.7021
    endloop
  endfacet
  facet normal 1 0 0
    outer loop
      vertex -82 25.0776 29.8926
      vertex -82 -2.5 29.5
      vertex -82 24.9599 29.8023
    endloop
  endfacet
  facet normal 1 0 0
    outer loop
      vertex -82 25.2026 29.9722
      vertex -82 -2.5 29.5
      vertex -82 25.0776 29.8926
    endloop
  endfacet
  facet normal 1 0 0
    outer loop
      vertex -82 25.3342 30.0407
      vertex -82 -2.5 29.5
      vertex -82 25.2026 29.9722
    endloop
  endfacet
  facet normal 1 0 0
    outer loop
      vertex -82 25.4712 30.0975
      vertex -82 -2.5 29.5
      vertex -82 25.3342 30.0407
    endloop
  endfacet
  facet normal 1 0 0
    outer loop
      vertex -82 25.6126 30.1421
      vertex -82 -2.5 29.5
      vertex -82 25.4712 30.0975
    endloop
  endfacet
  facet normal 1 0 0
    outer loop
      vertex -82 25.7574 30.1742
      vertex -82 -2.5 29.5
      vertex -82 25.6126 30.1421
    endloop
  endfacet
  facet normal 1 0 0
    outer loop
      vertex -82 25.9045 30.1935
      vertex -82 -2.5 29.5
      vertex -82 25.7574 30.1742
    endloop
  endfacet
  facet normal 1 0 0
    outer loop
      vertex -82 35 31
      vertex -82 -2.5 29.5
      vertex -82 25.9045 30.1935
    endloop
  endfacet
  facet normal 1 -0 0
    outer loop
      vertex -82 -35 31
      vertex -82 -2.5 29.5
      vertex -82 35 31
    endloop
  endfacet
  facet normal 1 0 0
    outer loop
      vertex -82 -2.5 29.5
      vertex -82 -24.7504 29.5927
      vertex -82 -24.6792 29.5
    endloop
  endfacet
  facet normal 1 0 0
    outer loop
      vertex -82 -2.5 29.5
      vertex -82 -24.8505 29.7021
      vertex -82 -24.7504 29.5927
    endloop
  endfacet
  facet normal 1 0 0
    outer loop
      vertex -82 -2.5 29.5
      vertex -82 -24.9599 29.8023
      vertex -82 -24.8505 29.7021
    endloop
  endfacet
  facet normal 1 0 0
    outer loop
      vertex -82 -2.5 29.5
      vertex -82 -25.0776 29.8926
      vertex -82 -24.9599 29.8023
    endloop
  endfacet
  facet normal 1 0 0
    outer loop
      vertex -82 -2.5 29.5
      vertex -82 -25.2026 29.9722
      vertex -82 -25.0776 29.8926
    endloop
  endfacet
  facet normal 1 0 0
    outer loop
      vertex -82 -2.5 29.5
      vertex -82 -25.3342 30.0407
      vertex -82 -25.2026 29.9722
    endloop
  endfacet
  facet normal 1 0 0
    outer loop
      vertex -82 -2.5 29.5
      vertex -82 -25.4712 30.0975
      vertex -82 -25.3342 30.0407
    endloop
  endfacet
  facet normal 1 0 0
    outer loop
      vertex -82 -2.5 29.5
      vertex -82 -25.6126 30.1421
      vertex -82 -25.4712 30.0975
    endloop
  endfacet
  facet normal 1 0 0
    outer loop
      vertex -82 -2.5 29.5
      vertex -82 -25.7574 30.1742
      vertex -82 -25.6126 30.1421
    endloop
  endfacet
  facet normal 1 0 0
    outer loop
      vertex -82 -2.5 29.5
      vertex -82 -25.9045 30.1935
      vertex -82 -25.7574 30.1742
    endloop
  endfacet
  facet normal 1 0 0
    outer loop
      vertex -82 -2.5 29.5
      vertex -82 -35 31
      vertex -82 -25.9045 30.1935
    endloop
  endfacet
  facet normal 1 0 0
    outer loop
      vertex -82 -27.3549 29.5927
      vertex -82 -27.5 29.5
      vertex -82 -27.4261 29.5
    endloop
  endfacet
  facet normal 1 0 0
    outer loop
      vertex -82 -27.2547 29.7021
      vertex -82 -27.5 29.5
      vertex -82 -27.3549 29.5927
    endloop
  endfacet
  facet normal 1 0 0
    outer loop
      vertex -82 -27.1454 29.8023
      vertex -82 -27.5 29.5
      vertex -82 -27.2547 29.7021
    endloop
  endfacet
  facet normal 1 0 0
    outer loop
      vertex -82 -27.5 29.5
      vertex -82 -27.5249 29.35
      vertex -82 -27.5 29.389
    endloop
  endfacet
  facet normal 1 0 0
    outer loop
      vertex -82 -27.5 29.5
      vertex -82 -27.5934 29.2185
      vertex -82 -27.5249 29.35
    endloop
  endfacet
  facet normal 1 0 0
    outer loop
      vertex -82 -27.5 29.5
      vertex -82 -27.6501 29.0814
      vertex -82 -27.5934 29.2185
    endloop
  endfacet
  facet normal 1 0 0
    outer loop
      vertex -82 -27.7462 28.6482
      vertex -82 -35 31
      vertex -82 -27.7526 28.5
    endloop
  endfacet
  facet normal 1 0 0
    outer loop
      vertex -82 -27.7268 28.7952
      vertex -82 -35 31
      vertex -82 -27.7462 28.6482
    endloop
  endfacet
  facet normal 1 0 0
    outer loop
      vertex -82 -27.6947 28.94
      vertex -82 -35 31
      vertex -82 -27.7268 28.7952
    endloop
  endfacet
  facet normal 1 0 0
    outer loop
      vertex -82 -27.6501 29.0814
      vertex -82 -35 31
      vertex -82 -27.6947 28.94
    endloop
  endfacet
  facet normal 1 0 0
    outer loop
      vertex -82 -27.5 29.5
      vertex -82 -35 31
      vertex -82 -27.6501 29.0814
    endloop
  endfacet
  facet normal 1 0 0
    outer loop
      vertex -82 -27.1454 29.8023
      vertex -82 -35 31
      vertex -82 -27.5 29.5
    endloop
  endfacet
  facet normal 1 0 0
    outer loop
      vertex -82 -27.0277 29.8926
      vertex -82 -35 31
      vertex -82 -27.1454 29.8023
    endloop
  endfacet
  facet normal 1 0 0
    outer loop
      vertex -82 -26.9026 29.9722
      vertex -82 -35 31
      vertex -82 -27.0277 29.8926
    endloop
  endfacet
  facet normal 1 0 0
    outer loop
      vertex -82 -26.7711 30.0407
      vertex -82 -35 31
      vertex -82 -26.9026 29.9722
    endloop
  endfacet
  facet normal 1 0 0
    outer loop
      vertex -82 -26.6341 30.0975
      vertex -82 -35 31
      vertex -82 -26.7711 30.0407
    endloop
  endfacet
  facet normal 1 0 0
    outer loop
      vertex -82 -26.4926 30.1421
      vertex -82 -35 31
      vertex -82 -26.6341 30.0975
    endloop
  endfacet
  facet normal 1 0 0
    outer loop
      vertex -82 -26.3478 30.1742
      vertex -82 -35 31
      vertex -82 -26.4926 30.1421
    endloop
  endfacet
  facet normal 1 0 0
    outer loop
      vertex -82 -26.2008 30.1935
      vertex -82 -35 31
      vertex -82 -26.3478 30.1742
    endloop
  endfacet
  facet normal 1 0 0
    outer loop
      vertex -82 -26.0526 30.2
      vertex -82 -35 31
      vertex -82 -26.2008 30.1935
    endloop
  endfacet
  facet normal 1 0 0
    outer loop
      vertex -82 -25.9045 30.1935
      vertex -82 -35 31
      vertex -82 -26.0526 30.2
    endloop
  endfacet
  facet normal 1 0 0
    outer loop
      vertex -82 27.7268 28.2048
      vertex -82 35 31
      vertex -82 27.7462 28.3518
    endloop
  endfacet
  facet normal 1 0 0
    outer loop
      vertex -82 27.6947 28.06
      vertex -82 35 31
      vertex -82 27.7268 28.2048
    endloop
  endfacet
  facet normal 1 0 0
    outer loop
      vertex -82 27.6501 27.9186
      vertex -82 35 31
      vertex -82 27.6947 28.06
    endloop
  endfacet
  facet normal 1 0 0
    outer loop
      vertex -82 27.5934 27.7815
      vertex -82 35 31
      vertex -82 27.6501 27.9186
    endloop
  endfacet
  facet normal 1 0 0
    outer loop
      vertex -82 27.5249 27.65
      vertex -82 35 31
      vertex -82 27.5934 27.7815
    endloop
  endfacet
  facet normal 1 0 0
    outer loop
      vertex -82 27.4452 27.5249
      vertex -82 35 31
      vertex -82 27.5249 27.65
    endloop
  endfacet
  facet normal 1 0 0
    outer loop
      vertex -82 27.3549 27.4073
      vertex -82 35 31
      vertex -82 27.4452 27.5249
    endloop
  endfacet
  facet normal 1 0 0
    outer loop
      vertex -82 27.2547 27.2979
      vertex -82 35 31
      vertex -82 27.3549 27.4073
    endloop
  endfacet
  facet normal 1 0 0
    outer loop
      vertex -82 35 31
      vertex -82 27.2547 27.2979
      vertex -82 35 5
    endloop
  endfacet
  facet normal 1 -0 0
    outer loop
      vertex -82 27.1454 27.1977
      vertex -82 35 5
      vertex -82 27.2547 27.2979
    endloop
  endfacet
  facet normal 1 -0 0
    outer loop
      vertex -82 27.0277 27.1074
      vertex -82 35 5
      vertex -82 27.1454 27.1977
    endloop
  endfacet
  facet normal 1 -0 0
    outer loop
      vertex -82 26.9026 27.0278
      vertex -82 35 5
      vertex -82 27.0277 27.1074
    endloop
  endfacet
  facet normal 1 -0 0
    outer loop
      vertex -82 26.7711 26.9593
      vertex -82 35 5
      vertex -82 26.9026 27.0278
    endloop
  endfacet
  facet normal 1 -0 0
    outer loop
      vertex -82 26.6341 26.9025
      vertex -82 35 5
      vertex -82 26.7711 26.9593
    endloop
  endfacet
  facet normal 1 -0 0
    outer loop
      vertex -82 26.4926 26.8579
      vertex -82 35 5
      vertex -82 26.6341 26.9025
    endloop
  endfacet
  facet normal 1 -0 0
    outer loop
      vertex -82 26.3478 26.8258
      vertex -82 35 5
      vertex -82 26.4926 26.8579
    endloop
  endfacet
  facet normal 1 -0 0
    outer loop
      vertex -82 26.2008 26.8065
      vertex -82 35 5
      vertex -82 26.3478 26.8258
    endloop
  endfacet
  facet normal 1 -0 0
    outer loop
      vertex -82 26.0526 26.8
      vertex -82 35 5
      vertex -82 26.2008 26.8065
    endloop
  endfacet
  facet normal 1 0 0
    outer loop
      vertex -82 25.9045 26.8065
      vertex -82 35 5
      vertex -82 26.0526 26.8
    endloop
  endfacet
  facet normal 1 0 0
    outer loop
      vertex -82 25.7574 26.8258
      vertex -82 35 5
      vertex -82 25.9045 26.8065
    endloop
  endfacet
  facet normal 1 0 0
    outer loop
      vertex -82 25.6126 26.8579
      vertex -82 35 5
      vertex -82 25.7574 26.8258
    endloop
  endfacet
  facet normal 1 0 0
    outer loop
      vertex -82 25.4712 26.9025
      vertex -82 35 5
      vertex -82 25.6126 26.8579
    endloop
  endfacet
  facet normal 1 0 0
    outer loop
      vertex -82 25.3342 26.9593
      vertex -82 35 5
      vertex -82 25.4712 26.9025
    endloop
  endfacet
  facet normal 1 0 0
    outer loop
      vertex -82 25.2026 27.0278
      vertex -82 35 5
      vertex -82 25.3342 26.9593
    endloop
  endfacet
  facet normal 1 0 0
    outer loop
      vertex -82 -2.5 5
      vertex -82 25.2026 27.0278
      vertex -82 25.0776 27.1074
    endloop
  endfacet
  facet normal 1 0 0
    outer loop
      vertex -82 -2.5 5
      vertex -82 25.0776 27.1074
      vertex -82 24.9599 27.1977
    endloop
  endfacet
  facet normal 1 0 0
    outer loop
      vertex -82 -2.5 5
      vertex -82 24.9599 27.1977
      vertex -82 24.8505 27.2979
    endloop
  endfacet
  facet normal 1 0 0
    outer loop
      vertex -82 -2.5 5
      vertex -82 24.8505 27.2979
      vertex -82 24.7504 27.4073
    endloop
  endfacet
  facet normal 1 0 0
    outer loop
      vertex -82 -2.5 5
      vertex -82 24.7504 27.4073
      vertex -82 24.6601 27.5249
    endloop
  endfacet
  facet normal 1 0 0
    outer loop
      vertex -82 -2.5 29.5
      vertex -82 24.6601 27.5249
      vertex -82 24.5804 27.65
    endloop
  endfacet
  facet normal 1 0 0
    outer loop
      vertex -82 -2.5 29.5
      vertex -82 24.5804 27.65
      vertex -82 24.5119 27.7815
    endloop
  endfacet
  facet normal 1 0 0
    outer loop
      vertex -82 -2.5 29.5
      vertex -82 24.3591 28.3518
      vertex -82 24.3526 28.5
    endloop
  endfacet
  facet normal 1 0 0
    outer loop
      vertex -82 -2.5 29.5
      vertex -82 24.3785 28.2048
      vertex -82 24.3591 28.3518
    endloop
  endfacet
  facet normal 1 0 0
    outer loop
      vertex -82 -2.5 29.5
      vertex -82 24.4106 28.06
      vertex -82 24.3785 28.2048
    endloop
  endfacet
  facet normal 1 0 0
    outer loop
      vertex -82 -2.5 29.5
      vertex -82 24.4552 27.9186
      vertex -82 24.4106 28.06
    endloop
  endfacet
  facet normal 1 0 0
    outer loop
      vertex -82 -2.5 29.5
      vertex -82 24.5119 27.7815
      vertex -82 24.4552 27.9186
    endloop
  endfacet
  facet normal 1 0 0
    outer loop
      vertex -82 24.6601 27.5249
      vertex -82 -2.5 29.5
      vertex -82 -2.5 5
    endloop
  endfacet
  facet normal 1 0 0
    outer loop
      vertex -82 25.2026 27.0278
      vertex -82 -2.5 5
      vertex -82 35 5
    endloop
  endfacet
  facet normal 1 0 0
    outer loop
      vertex -82 -35 31
      vertex -82 -27.5 27.611
      vertex -82 -27.5249 27.65
    endloop
  endfacet
  facet normal 1 0 0
    outer loop
      vertex -82 -35 31
      vertex -82 -27.5249 27.65
      vertex -82 -27.5934 27.7815
    endloop
  endfacet
  facet normal 1 0 0
    outer loop
      vertex -82 -35 31
      vertex -82 -27.5934 27.7815
      vertex -82 -27.6501 27.9186
    endloop
  endfacet
  facet normal 1 0 0
    outer loop
      vertex -82 -35 31
      vertex -82 -27.6501 27.9186
      vertex -82 -27.6947 28.06
    endloop
  endfacet
  facet normal 1 0 0
    outer loop
      vertex -82 -35 31
      vertex -82 -27.6947 28.06
      vertex -82 -27.7268 28.2048
    endloop
  endfacet
  facet normal 1 0 0
    outer loop
      vertex -82 -35 31
      vertex -82 -27.7268 28.2048
      vertex -82 -27.7462 28.3518
    endloop
  endfacet
  facet normal 1 0 0
    outer loop
      vertex -82 -35 31
      vertex -82 -27.7462 28.3518
      vertex -82 -27.7526 28.5
    endloop
  endfacet
  facet normal 1 0 0
    outer loop
      vertex -82 -27.5 27.611
      vertex -82 -35 31
      vertex -82 -35 5
    endloop
  endfacet
  facet normal 1 0 0
    outer loop
      vertex -82 -27.5 27.611
      vertex -82 -35 5
      vertex -82 -27.5 5
    endloop
  endfacet
  facet normal -0.043558 0.999051 0
    outer loop
      vertex 75.6101 -41.9734 5
      vertex 75 -42 31
      vertex 75.6101 -41.9734 31
    endloop
  endfacet
  facet normal -0.043558 0.999051 0
    outer loop
      vertex 75 -42 31
      vertex 75.6101 -41.9734 5
      vertex 75 -42 5
    endloop
  endfacet
  facet normal -0.46176 -0.887005 0
    outer loop
      vertex 77.9583 41.3442 5
      vertex 78.5 41.0622 31
      vertex 77.9583 41.3442 31
    endloop
  endfacet
  facet normal -0.46176 -0.887005 -0
    outer loop
      vertex 78.5 41.0622 31
      vertex 77.9583 41.3442 5
      vertex 78.5 41.0622 5
    endloop
  endfacet
  facet normal 0 1 -0
    outer loop
      vertex 75 -42 5
      vertex -75 -42 31
      vertex 75 -42 31
    endloop
  endfacet
  facet normal 0 1 0
    outer loop
      vertex -75 -42 31
      vertex 75 -42 5
      vertex -75 -42 5
    endloop
  endfacet
  facet normal 0 -1 0
    outer loop
      vertex -75 42 5
      vertex 75 42 31
      vertex -75 42 31
    endloop
  endfacet
  facet normal 0 -1 -0
    outer loop
      vertex 75 42 31
      vertex -75 42 5
      vertex 75 42 5
    endloop
  endfacet
  facet normal 0.043558 -0.999051 0
    outer loop
      vertex -75.6101 41.9734 5
      vertex -75 42 31
      vertex -75.6101 41.9734 31
    endloop
  endfacet
  facet normal 0.043558 -0.999051 0
    outer loop
      vertex -75 42 31
      vertex -75.6101 41.9734 5
      vertex -75 42 5
    endloop
  endfacet
  facet normal 0 0 1
    outer loop
      vertex -39.8999 35.9275 5
      vertex -55.01 35.01 5
      vertex -39.803 35.8532 5
    endloop
  endfacet
  facet normal 0 0 1
    outer loop
      vertex -16.3156 11.5212 5
      vertex -54.6053 -35.878 5
      vertex -54.6 -36 5
    endloop
  endfacet
  facet normal 0 0 1
    outer loop
      vertex -55.1001 34.9275 5
      vertex -39.803 35.8532 5
      vertex -55.01 35.01 5
    endloop
  endfacet
  facet normal 0 0 1
    outer loop
      vertex -16.3156 11.5212 5
      vertex -54.6213 -35.7569 5
      vertex -54.6053 -35.878 5
    endloop
  endfacet
  facet normal 0 0 1
    outer loop
      vertex -39.803 35.8532 5
      vertex -55.1001 34.9275 5
      vertex -39.7 35.7876 5
    endloop
  endfacet
  facet normal 0 0 1
    outer loop
      vertex -16.3156 11.5212 5
      vertex -54.6477 -35.6377 5
      vertex -54.6213 -35.7569 5
    endloop
  endfacet
  facet normal 0 0 1
    outer loop
      vertex -55.197 34.8532 5
      vertex -39.7 35.7876 5
      vertex -55.1001 34.9275 5
    endloop
  endfacet
  facet normal 0 0 1
    outer loop
      vertex -16.3156 11.5212 5
      vertex -54.6844 -35.5212 5
      vertex -54.6477 -35.6377 5
    endloop
  endfacet
  facet normal 0 0 1
    outer loop
      vertex -39.7 35.7876 5
      vertex -55.197 34.8532 5
      vertex -39.5917 35.7312 5
    endloop
  endfacet
  facet normal 0 0 1
    outer loop
      vertex -16.3156 11.5212 5
      vertex -54.7312 -35.4083 5
      vertex -54.6844 -35.5212 5
    endloop
  endfacet
  facet normal 0 0 1
    outer loop
      vertex -55.3 34.7876 5
      vertex -39.5917 35.7312 5
      vertex -55.197 34.8532 5
    endloop
  endfacet
  facet normal 0 0 1
    outer loop
      vertex -16.3156 11.5212 5
      vertex -54.7876 -35.3 5
      vertex -54.7312 -35.4083 5
    endloop
  endfacet
  facet normal 0 0 1
    outer loop
      vertex -39.5917 35.7312 5
      vertex -55.3 34.7876 5
      vertex -39.4788 35.6844 5
    endloop
  endfacet
  facet normal 0 0 1
    outer loop
      vertex -16.3156 11.5212 5
      vertex -54.8532 -35.197 5
      vertex -54.7876 -35.3 5
    endloop
  endfacet
  facet normal 0 0 1
    outer loop
      vertex -55.4083 34.7312 5
      vertex -39.4788 35.6844 5
      vertex -55.3 34.7876 5
    endloop
  endfacet
  facet normal 0 0 1
    outer loop
      vertex -16.3156 11.5212 5
      vertex -54.9275 -35.1001 5
      vertex -54.8532 -35.197 5
    endloop
  endfacet
  facet normal 0 0 1
    outer loop
      vertex -39.4788 35.6844 5
      vertex -55.4083 34.7312 5
      vertex -39.3623 35.6477 5
    endloop
  endfacet
  facet normal 0 0 1
    outer loop
      vertex -16.3156 11.5212 5
      vertex -55.01 -35.01 5
      vertex -54.9275 -35.1001 5
    endloop
  endfacet
  facet normal 0 0 1
    outer loop
      vertex -55.5212 34.6844 5
      vertex -39.3623 35.6477 5
      vertex -55.4083 34.7312 5
    endloop
  endfacet
  facet normal 0 0 1
    outer loop
      vertex -16.3156 11.5212 5
      vertex -55.1001 -34.9275 5
      vertex -55.01 -35.01 5
    endloop
  endfacet
  facet normal 0 0 1
    outer loop
      vertex -39.3623 35.6477 5
      vertex -55.5212 34.6844 5
      vertex -16.3787 11.7569 5
    endloop
  endfacet
  facet normal 0 0 1
    outer loop
      vertex -16.3156 11.5212 5
      vertex -55.197 -34.8532 5
      vertex -55.1001 -34.9275 5
    endloop
  endfacet
  facet normal 0 0 1
    outer loop
      vertex -74 -2.5 5
      vertex -16.3787 11.7569 5
      vertex -55.5212 34.6844 5
    endloop
  endfacet
  facet normal 0 -0 1
    outer loop
      vertex -55.4083 -34.7312 5
      vertex -16.3156 11.5212 5
      vertex -74 -2.5 5
    endloop
  endfacet
  facet normal 0 0 1
    outer loop
      vertex -16.3787 11.7569 5
      vertex -74 -2.5 5
      vertex -16.3523 11.6377 5
    endloop
  endfacet
  facet normal 0 0 1
    outer loop
      vertex -16.3156 11.5212 5
      vertex -55.3 -34.7876 5
      vertex -55.197 -34.8532 5
    endloop
  endfacet
  facet normal 0 0 1
    outer loop
      vertex -16.3523 11.6377 5
      vertex -74 -2.5 5
      vertex -16.3156 11.5212 5
    endloop
  endfacet
  facet normal 0 0 1
    outer loop
      vertex -16.3156 11.5212 5
      vertex -55.4083 -34.7312 5
      vertex -55.3 -34.7876 5
    endloop
  endfacet
  facet normal 0 0 1
    outer loop
      vertex -74 -2.5 5
      vertex -55.5212 34.6844 5
      vertex -55.6377 34.6477 5
    endloop
  endfacet
  facet normal 0 0 1
    outer loop
      vertex -55.4083 -34.7312 5
      vertex -74 -2.5 5
      vertex -55.5212 -34.6844 5
    endloop
  endfacet
  facet normal 0 0 1
    outer loop
      vertex -74 -2.5 5
      vertex -55.6377 34.6477 5
      vertex -55.7569 34.6213 5
    endloop
  endfacet
  facet normal 0 0 1
    outer loop
      vertex -55.5212 -34.6844 5
      vertex -74 -2.5 5
      vertex -55.6377 -34.6477 5
    endloop
  endfacet
  facet normal 0 0 1
    outer loop
      vertex -74 -2.5 5
      vertex -55.7569 34.6213 5
      vertex -55.878 34.6053 5
    endloop
  endfacet
  facet normal 0 0 1
    outer loop
      vertex -55.6377 -34.6477 5
      vertex -74 -2.5 5
      vertex -55.7569 -34.6213 5
    endloop
  endfacet
  facet normal 0 0 1
    outer loop
      vertex -74 -2.5 5
      vertex -55.878 34.6053 5
      vertex -56 34.6 5
    endloop
  endfacet
  facet normal 0 0 1
    outer loop
      vertex -55.7569 -34.6213 5
      vertex -74 -2.5 5
      vertex -55.878 -34.6053 5
    endloop
  endfacet
  facet normal 0 0 1
    outer loop
      vertex -74 -2.5 5
      vertex -56 34.6 5
      vertex -56.122 34.6053 5
    endloop
  endfacet
  facet normal 0 0 1
    outer loop
      vertex -55.878 -34.6053 5
      vertex -74 -2.5 5
      vertex -56 -34.6 5
    endloop
  endfacet
  facet normal 0 0 1
    outer loop
      vertex -74 -2.5 5
      vertex -56.122 34.6053 5
      vertex -56.2431 34.6213 5
    endloop
  endfacet
  facet normal 0 0 1
    outer loop
      vertex -56 -34.6 5
      vertex -74 -2.5 5
      vertex -56.122 -34.6053 5
    endloop
  endfacet
  facet normal 0 0 1
    outer loop
      vertex -74 -2.5 5
      vertex -56.2431 34.6213 5
      vertex -56.3623 34.6477 5
    endloop
  endfacet
  facet normal 0 0 1
    outer loop
      vertex -56.122 -34.6053 5
      vertex -74 -2.5 5
      vertex -56.2431 -34.6213 5
    endloop
  endfacet
  facet normal 0 0 1
    outer loop
      vertex -74 -2.5 5
      vertex -56.3623 34.6477 5
      vertex -56.4788 34.6844 5
    endloop
  endfacet
  facet normal -0 0 1
    outer loop
      vertex -74 -27.5 5
      vertex -56.2431 -34.6213 5
      vertex -74 -2.5 5
    endloop
  endfacet
  facet normal 0 0 1
    outer loop
      vertex -74 -2.5 5
      vertex -56.4788 34.6844 5
      vertex -56.5917 34.7312 5
    endloop
  endfacet
  facet normal 0 0 1
    outer loop
      vertex -56.2431 -34.6213 5
      vertex -74 -27.5 5
      vertex -56.3623 -34.6477 5
    endloop
  endfacet
  facet normal 0 0 1
    outer loop
      vertex -74 -2.5 5
      vertex -56.5917 34.7312 5
      vertex -56.7 34.7876 5
    endloop
  endfacet
  facet normal 0 0 1
    outer loop
      vertex -56.3623 -34.6477 5
      vertex -74 -27.5 5
      vertex -56.4788 -34.6844 5
    endloop
  endfacet
  facet normal 0 0 1
    outer loop
      vertex -74 -2.5 5
      vertex -56.7 34.7876 5
      vertex -56.803 34.8532 5
    endloop
  endfacet
  facet normal 0 0 1
    outer loop
      vertex -56.4788 -34.6844 5
      vertex -74 -27.5 5
      vertex -56.5917 -34.7312 5
    endloop
  endfacet
  facet normal 0 0 1
    outer loop
      vertex -74 -2.5 5
      vertex -56.803 34.8532 5
      vertex -56.8999 34.9275 5
    endloop
  endfacet
  facet normal 0 0 1
    outer loop
      vertex -56.5917 -34.7312 5
      vertex -74 -27.5 5
      vertex -56.7 -34.7876 5
    endloop
  endfacet
  facet normal -0 0 1
    outer loop
      vertex -82 35 5
      vertex -56.8999 34.9275 5
      vertex -56.9899 35.01 5
    endloop
  endfacet
  facet normal 0 0 1
    outer loop
      vertex -56.7 -34.7876 5
      vertex -74 -27.5 5
      vertex -56.803 -34.8532 5
    endloop
  endfacet
  facet normal 0 0 1
    outer loop
      vertex -82 35 5
      vertex -56.9899 35.01 5
      vertex -57.0725 35.1001 5
    endloop
  endfacet
  facet normal 0 0 1
    outer loop
      vertex -56.803 -34.8532 5
      vertex -74 -27.5 5
      vertex -56.8999 -34.9275 5
    endloop
  endfacet
  facet normal 0 0 1
    outer loop
      vertex -82 35 5
      vertex -57.0725 35.1001 5
      vertex -57.1468 35.197 5
    endloop
  endfacet
  facet normal 0 0 1
    outer loop
      vertex -56.8999 -34.9275 5
      vertex -74 -27.5 5
      vertex -56.9899 -35.01 5
    endloop
  endfacet
  facet normal 0 0 1
    outer loop
      vertex -82 35 5
      vertex -57.1468 35.197 5
      vertex -57.2124 35.3 5
    endloop
  endfacet
  facet normal 0 0 1
    outer loop
      vertex -56.9899 -35.01 5
      vertex -74 -27.5 5
      vertex -57.0725 -35.1001 5
    endloop
  endfacet
  facet normal 0 0 1
    outer loop
      vertex -82 35 5
      vertex -57.2124 35.3 5
      vertex -57.2688 35.4083 5
    endloop
  endfacet
  facet normal 0 0 1
    outer loop
      vertex -57.0725 -35.1001 5
      vertex -74 -27.5 5
      vertex -57.1468 -35.197 5
    endloop
  endfacet
  facet normal 0 0 1
    outer loop
      vertex -75 42 5
      vertex -57.2688 35.4083 5
      vertex -57.3156 35.5212 5
    endloop
  endfacet
  facet normal 0 0 1
    outer loop
      vertex -57.1468 -35.197 5
      vertex -74 -27.5 5
      vertex -57.2124 -35.3 5
    endloop
  endfacet
  facet normal 0 0 1
    outer loop
      vertex -75 42 5
      vertex -57.3156 35.5212 5
      vertex -57.3523 35.6377 5
    endloop
  endfacet
  facet normal 0 0 1
    outer loop
      vertex -57.2124 -35.3 5
      vertex -74 -27.5 5
      vertex -57.2688 -35.4083 5
    endloop
  endfacet
  facet normal 0 0 1
    outer loop
      vertex -75 42 5
      vertex -57.3523 35.6377 5
      vertex -57.3787 35.7569 5
    endloop
  endfacet
  facet normal 0 0 1
    outer loop
      vertex -57.2688 -35.4083 5
      vertex -74 -27.5 5
      vertex -57.3156 -35.5212 5
    endloop
  endfacet
  facet normal 0 0 1
    outer loop
      vertex -75 42 5
      vertex -57.3787 35.7569 5
      vertex -57.3947 35.878 5
    endloop
  endfacet
  facet normal 0 0 1
    outer loop
      vertex -57.3156 -35.5212 5
      vertex -74 -27.5 5
      vertex -57.3523 -35.6377 5
    endloop
  endfacet
  facet normal 0 0 1
    outer loop
      vertex -75 42 5
      vertex -57.3947 35.878 5
      vertex -57.4 36 5
    endloop
  endfacet
  facet normal 0 0 1
    outer loop
      vertex -57.3523 -35.6377 5
      vertex -74 -27.5 5
      vertex -57.3787 -35.7569 5
    endloop
  endfacet
  facet normal 0 0 1
    outer loop
      vertex -8.84808 31.75 5
      vertex -13.9275 35.1001 5
      vertex -8.96892 31.5179 5
    endloop
  endfacet
  facet normal 0 0 1
    outer loop
      vertex -9.25 17.75 5
      vertex -13.6053 12.122 5
      vertex -13.6 12 5
    endloop
  endfacet
  facet normal -0 0 1
    outer loop
      vertex -14.01 35.01 5
      vertex -8.96892 31.5179 5
      vertex -13.9275 35.1001 5
    endloop
  endfacet
  facet normal 0 0 1
    outer loop
      vertex -9.25 17.75 5
      vertex -13.6213 12.2431 5
      vertex -13.6053 12.122 5
    endloop
  endfacet
  facet normal -0 0 1
    outer loop
      vertex -14.1001 34.9275 5
      vertex -8.96892 31.5179 5
      vertex -14.01 35.01 5
    endloop
  endfacet
  facet normal 0 0 1
    outer loop
      vertex -9.25 17.75 5
      vertex -13.6477 12.3623 5
      vertex -13.6213 12.2431 5
    endloop
  endfacet
  facet normal 0 0 1
    outer loop
      vertex -8.96892 31.5179 5
      vertex -14.1001 34.9275 5
      vertex -9.06908 31.2761 5
    endloop
  endfacet
  facet normal 0 0 1
    outer loop
      vertex -9.25 17.75 5
      vertex -13.6844 12.4788 5
      vertex -13.6477 12.3623 5
    endloop
  endfacet
  facet normal -0 0 1
    outer loop
      vertex -14.197 34.8532 5
      vertex -9.06908 31.2761 5
      vertex -14.1001 34.9275 5
    endloop
  endfacet
  facet normal 0 0 1
    outer loop
      vertex -9.25 17.75 5
      vertex -13.7312 12.5917 5
      vertex -13.6844 12.4788 5
    endloop
  endfacet
  facet normal 0 0 1
    outer loop
      vertex -9.06908 31.2761 5
      vertex -14.197 34.8532 5
      vertex -9.14778 31.0265 5
    endloop
  endfacet
  facet normal 0 0 1
    outer loop
      vertex -9.25 17.75 5
      vertex -13.7876 12.7 5
      vertex -13.7312 12.5917 5
    endloop
  endfacet
  facet normal -0 0 1
    outer loop
      vertex -14.3 34.7876 5
      vertex -9.14778 31.0265 5
      vertex -14.197 34.8532 5
    endloop
  endfacet
  facet normal 0 0 1
    outer loop
      vertex -9.25 17.75 5
      vertex -13.8532 12.803 5
      vertex -13.7876 12.7 5
    endloop
  endfacet
  facet normal 0 0 1
    outer loop
      vertex -9.14778 31.0265 5
      vertex -14.3 34.7876 5
      vertex -9.20442 30.771 5
    endloop
  endfacet
  facet normal 0 0 1
    outer loop
      vertex -9.25 17.75 5
      vertex -13.9275 12.8999 5
      vertex -13.8532 12.803 5
    endloop
  endfacet
  facet normal -0 0 1
    outer loop
      vertex -14.4083 34.7312 5
      vertex -9.20442 30.771 5
      vertex -14.3 34.7876 5
    endloop
  endfacet
  facet normal 0 0 1
    outer loop
      vertex -9.25 17.75 5
      vertex -14.01 12.9899 5
      vertex -13.9275 12.8999 5
    endloop
  endfacet
  facet normal -0 0 1
    outer loop
      vertex -14.5212 34.6844 5
      vertex -9.20442 30.771 5
      vertex -14.4083 34.7312 5
    endloop
  endfacet
  facet normal 0 0 1
    outer loop
      vertex -9.25 17.75 5
      vertex -14.1001 13.0725 5
      vertex -14.01 12.9899 5
    endloop
  endfacet
  facet normal 0 0 1
    outer loop
      vertex -9.20442 30.771 5
      vertex -14.5212 34.6844 5
      vertex -9.23859 30.5115 5
    endloop
  endfacet
  facet normal 0 0 1
    outer loop
      vertex -9.25 17.75 5
      vertex -14.197 13.1468 5
      vertex -14.1001 13.0725 5
    endloop
  endfacet
  facet normal -0 0 1
    outer loop
      vertex -14.6377 34.6477 5
      vertex -9.23859 30.5115 5
      vertex -14.5212 34.6844 5
    endloop
  endfacet
  facet normal 0 0 1
    outer loop
      vertex -9.25 17.75 5
      vertex -14.3 13.2124 5
      vertex -14.197 13.1468 5
    endloop
  endfacet
  facet normal 0 0 1
    outer loop
      vertex -9.23859 30.5115 5
      vertex -14.6377 34.6477 5
      vertex -9.25 30.25 5
    endloop
  endfacet
  facet normal 0 0 1
    outer loop
      vertex -9.25 17.75 5
      vertex -14.4083 13.2688 5
      vertex -14.3 13.2124 5
    endloop
  endfacet
  facet normal -0 0 1
    outer loop
      vertex -14.7569 34.6213 5
      vertex -9.25 30.25 5
      vertex -14.6377 34.6477 5
    endloop
  endfacet
  facet normal 0 0 1
    outer loop
      vertex -9.25 17.75 5
      vertex -14.5212 13.3156 5
      vertex -14.4083 13.2688 5
    endloop
  endfacet
  facet normal -0 0 1
    outer loop
      vertex -14.878 34.6053 5
      vertex -9.25 30.25 5
      vertex -14.7569 34.6213 5
    endloop
  endfacet
  facet normal 0 0 1
    outer loop
      vertex -9.25 17.75 5
      vertex -14.6377 13.3523 5
      vertex -14.5212 13.3156 5
    endloop
  endfacet
  facet normal -0 0 1
    outer loop
      vertex -15 34.6 5
      vertex -9.25 30.25 5
      vertex -14.878 34.6053 5
    endloop
  endfacet
  facet normal 0 0 1
    outer loop
      vertex -9.25 17.75 5
      vertex -14.7569 13.3787 5
      vertex -14.6377 13.3523 5
    endloop
  endfacet
  facet normal 0 0 1
    outer loop
      vertex -15.122 34.6053 5
      vertex -9.25 30.25 5
      vertex -15 34.6 5
    endloop
  endfacet
  facet normal 0 0 1
    outer loop
      vertex -9.25 17.75 5
      vertex -14.878 13.3947 5
      vertex -14.7569 13.3787 5
    endloop
  endfacet
  facet normal 0 0 1
    outer loop
      vertex -15.2431 34.6213 5
      vertex -9.25 30.25 5
      vertex -15.122 34.6053 5
    endloop
  endfacet
  facet normal 0 0 1
    outer loop
      vertex -9.25 17.75 5
      vertex -15 13.4 5
      vertex -14.878 13.3947 5
    endloop
  endfacet
  facet normal 0 0 1
    outer loop
      vertex -15.3623 34.6477 5
      vertex -9.25 30.25 5
      vertex -15.2431 34.6213 5
    endloop
  endfacet
  facet normal 0 0 1
    outer loop
      vertex -9.25 17.75 5
      vertex -15.122 13.3947 5
      vertex -15 13.4 5
    endloop
  endfacet
  facet normal 0 0 1
    outer loop
      vertex -9.25 30.25 5
      vertex -15.3623 34.6477 5
      vertex -9.25 17.75 5
    endloop
  endfacet
  facet normal 0 0 1
    outer loop
      vertex -9.25 17.75 5
      vertex -15.2431 13.3787 5
      vertex -15.122 13.3947 5
    endloop
  endfacet
  facet normal 0 0 1
    outer loop
      vertex -15.3623 13.3523 5
      vertex -9.25 17.75 5
      vertex -15.3623 34.6477 5
    endloop
  endfacet
  facet normal 0 0 1
    outer loop
      vertex -9.25 17.75 5
      vertex -15.3623 13.3523 5
      vertex -15.2431 13.3787 5
    endloop
  endfacet
  facet normal 0 0 1
    outer loop
      vertex -15.4788 34.6844 5
      vertex -15.3623 13.3523 5
      vertex -15.3623 34.6477 5
    endloop
  endfacet
  facet normal 0 0 1
    outer loop
      vertex -15.4788 34.6844 5
      vertex -15.4788 13.3156 5
      vertex -15.3623 13.3523 5
    endloop
  endfacet
  facet normal 0 0 1
    outer loop
      vertex -15.5917 34.7312 5
      vertex -15.4788 13.3156 5
      vertex -15.4788 34.6844 5
    endloop
  endfacet
  facet normal 0 0 1
    outer loop
      vertex -15.5917 34.7312 5
      vertex -15.5917 13.2688 5
      vertex -15.4788 13.3156 5
    endloop
  endfacet
  facet normal 0 0 1
    outer loop
      vertex -15.7 34.7876 5
      vertex -15.5917 13.2688 5
      vertex -15.5917 34.7312 5
    endloop
  endfacet
  facet normal 0 0 1
    outer loop
      vertex -15.7 34.7876 5
      vertex -15.7 13.2124 5
      vertex -15.5917 13.2688 5
    endloop
  endfacet
  facet normal 0 0 1
    outer loop
      vertex -15.803 34.8532 5
      vertex -15.7 13.2124 5
      vertex -15.7 34.7876 5
    endloop
  endfacet
  facet normal 0 0 1
    outer loop
      vertex -15.803 34.8532 5
      vertex -15.803 13.1468 5
      vertex -15.7 13.2124 5
    endloop
  endfacet
  facet normal 0 0 1
    outer loop
      vertex -15.8999 34.9275 5
      vertex -15.803 13.1468 5
      vertex -15.803 34.8532 5
    endloop
  endfacet
  facet normal 0 0 1
    outer loop
      vertex -15.8999 34.9275 5
      vertex -15.8999 13.0725 5
      vertex -15.803 13.1468 5
    endloop
  endfacet
  facet normal 0 0 1
    outer loop
      vertex -15.9899 35.01 5
      vertex -15.8999 13.0725 5
      vertex -15.8999 34.9275 5
    endloop
  endfacet
  facet normal 0 0 1
    outer loop
      vertex -15.9899 35.01 5
      vertex -15.9899 12.9899 5
      vertex -15.8999 13.0725 5
    endloop
  endfacet
  facet normal 0 0 1
    outer loop
      vertex -38.1001 35.9275 5
      vertex -15.9899 35.01 5
      vertex -16.0725 35.1001 5
    endloop
  endfacet
  facet normal 0 0 1
    outer loop
      vertex -15.9899 35.01 5
      vertex -38.1001 35.9275 5
      vertex -15.9899 12.9899 5
    endloop
  endfacet
  facet normal 0 0 1
    outer loop
      vertex -38.01 36.01 5
      vertex -16.0725 35.1001 5
      vertex -16.1468 35.197 5
    endloop
  endfacet
  facet normal 0 0 1
    outer loop
      vertex -15.9899 12.9899 5
      vertex -38.1001 35.9275 5
      vertex -16.0725 12.8999 5
    endloop
  endfacet
  facet normal 0 0 1
    outer loop
      vertex -37.9275 36.1001 5
      vertex -16.1468 35.197 5
      vertex -16.2124 35.3 5
    endloop
  endfacet
  facet normal -0 0 1
    outer loop
      vertex -38.197 35.8532 5
      vertex -16.0725 12.8999 5
      vertex -38.1001 35.9275 5
    endloop
  endfacet
  facet normal 0 0 1
    outer loop
      vertex -37.8532 36.197 5
      vertex -16.2124 35.3 5
      vertex -16.2688 35.4083 5
    endloop
  endfacet
  facet normal 0 0 1
    outer loop
      vertex -16.0725 12.8999 5
      vertex -38.197 35.8532 5
      vertex -16.1468 12.803 5
    endloop
  endfacet
  facet normal 0 0 1
    outer loop
      vertex -37.7876 36.3 5
      vertex -16.2688 35.4083 5
      vertex -16.3156 35.5212 5
    endloop
  endfacet
  facet normal -0 0 1
    outer loop
      vertex -38.3 35.7876 5
      vertex -16.1468 12.803 5
      vertex -38.197 35.8532 5
    endloop
  endfacet
  facet normal 0 0 1
    outer loop
      vertex -37.7312 36.4083 5
      vertex -16.3156 35.5212 5
      vertex -16.3523 35.6377 5
    endloop
  endfacet
  facet normal 0 0 1
    outer loop
      vertex -16.1468 12.803 5
      vertex -38.3 35.7876 5
      vertex -16.2124 12.7 5
    endloop
  endfacet
  facet normal 0 0 1
    outer loop
      vertex -37.6844 36.5212 5
      vertex -16.3523 35.6377 5
      vertex -16.3787 35.7569 5
    endloop
  endfacet
  facet normal -0 0 1
    outer loop
      vertex -38.4083 35.7312 5
      vertex -16.2124 12.7 5
      vertex -38.3 35.7876 5
    endloop
  endfacet
  facet normal 0 0 1
    outer loop
      vertex -37.6477 36.6377 5
      vertex -16.3787 35.7569 5
      vertex -16.3947 35.878 5
    endloop
  endfacet
  facet normal 0 0 1
    outer loop
      vertex -16.0725 35.1001 5
      vertex -38.01 36.01 5
      vertex -38.1001 35.9275 5
    endloop
  endfacet
  facet normal 0 0 1
    outer loop
      vertex -37.6213 36.7569 5
      vertex -16.3947 35.878 5
      vertex -16.4 36 5
    endloop
  endfacet
  facet normal 0 0 1
    outer loop
      vertex -16.2124 12.7 5
      vertex -38.4083 35.7312 5
      vertex -16.2688 12.5917 5
    endloop
  endfacet
  facet normal 0 0 1
    outer loop
      vertex 37.7876 36.3 5
      vertex 16.2688 35.4083 5
      vertex 37.8532 36.197 5
    endloop
  endfacet
  facet normal 0 0 1
    outer loop
      vertex 38.1001 35.9275 5
      vertex 16.3947 12.122 5
      vertex 16.4 12 5
    endloop
  endfacet
  facet normal 0 0 1
    outer loop
      vertex 16.2124 35.3 5
      vertex 37.8532 36.197 5
      vertex 16.2688 35.4083 5
    endloop
  endfacet
  facet normal 0 0 1
    outer loop
      vertex 38.1001 35.9275 5
      vertex 16.3787 12.2431 5
      vertex 16.3947 12.122 5
    endloop
  endfacet
  facet normal 0 0 1
    outer loop
      vertex 37.8532 36.197 5
      vertex 16.2124 35.3 5
      vertex 37.9275 36.1001 5
    endloop
  endfacet
  facet normal 0 0 1
    outer loop
      vertex 38.1001 35.9275 5
      vertex 16.3523 12.3623 5
      vertex 16.3787 12.2431 5
    endloop
  endfacet
  facet normal 0 0 1
    outer loop
      vertex 16.1468 35.197 5
      vertex 37.9275 36.1001 5
      vertex 16.2124 35.3 5
    endloop
  endfacet
  facet normal 0 0 1
    outer loop
      vertex 38.1001 35.9275 5
      vertex 16.3156 12.4788 5
      vertex 16.3523 12.3623 5
    endloop
  endfacet
  facet normal 0 0 1
    outer loop
      vertex 37.9275 36.1001 5
      vertex 16.1468 35.197 5
      vertex 38.01 36.01 5
    endloop
  endfacet
  facet normal 0 0 1
    outer loop
      vertex 38.1001 35.9275 5
      vertex 16.2688 12.5917 5
      vertex 16.3156 12.4788 5
    endloop
  endfacet
  facet normal 0 0 1
    outer loop
      vertex 16.0725 35.1001 5
      vertex 38.01 36.01 5
      vertex 16.1468 35.197 5
    endloop
  endfacet
  facet normal 0 0 1
    outer loop
      vertex 38.1001 35.9275 5
      vertex 16.2124 12.7 5
      vertex 16.2688 12.5917 5
    endloop
  endfacet
  facet normal 0 0 1
    outer loop
      vertex 38.01 36.01 5
      vertex 16.0725 35.1001 5
      vertex 38.1001 35.9275 5
    endloop
  endfacet
  facet normal 0 0 1
    outer loop
      vertex 38.1001 35.9275 5
      vertex 16.1468 12.803 5
      vertex 16.2124 12.7 5
    endloop
  endfacet
  facet normal 0 0 1
    outer loop
      vertex 15.9899 35.01 5
      vertex 38.1001 35.9275 5
      vertex 16.0725 35.1001 5
    endloop
  endfacet
  facet normal 0 0 1
    outer loop
      vertex 38.1001 35.9275 5
      vertex 16.0725 12.8999 5
      vertex 16.1468 12.803 5
    endloop
  endfacet
  facet normal 0 0 1
    outer loop
      vertex 15.9899 12.9899 5
      vertex 38.1001 35.9275 5
      vertex 15.9899 35.01 5
    endloop
  endfacet
  facet normal 0 0 1
    outer loop
      vertex 38.1001 35.9275 5
      vertex 15.9899 12.9899 5
      vertex 16.0725 12.8999 5
    endloop
  endfacet
  facet normal -0 0 1
    outer loop
      vertex 15.8999 34.9275 5
      vertex 15.9899 12.9899 5
      vertex 15.9899 35.01 5
    endloop
  endfacet
  facet normal 0 0 1
    outer loop
      vertex 15.8999 34.9275 5
      vertex 15.8999 13.0725 5
      vertex 15.9899 12.9899 5
    endloop
  endfacet
  facet normal -0 0 1
    outer loop
      vertex 15.803 34.8532 5
      vertex 15.8999 13.0725 5
      vertex 15.8999 34.9275 5
    endloop
  endfacet
  facet normal 0 0 1
    outer loop
      vertex 15.803 34.8532 5
      vertex 15.803 13.1468 5
      vertex 15.8999 13.0725 5
    endloop
  endfacet
  facet normal -0 0 1
    outer loop
      vertex 15.7 34.7876 5
      vertex 15.803 13.1468 5
      vertex 15.803 34.8532 5
    endloop
  endfacet
  facet normal 0 0 1
    outer loop
      vertex 15.7 34.7876 5
      vertex 15.7 13.2124 5
      vertex 15.803 13.1468 5
    endloop
  endfacet
  facet normal -0 0 1
    outer loop
      vertex 15.5917 34.7312 5
      vertex 15.7 13.2124 5
      vertex 15.7 34.7876 5
    endloop
  endfacet
  facet normal 0 0 1
    outer loop
      vertex 15.5917 34.7312 5
      vertex 15.5917 13.2688 5
      vertex 15.7 13.2124 5
    endloop
  endfacet
  facet normal -0 0 1
    outer loop
      vertex 15.4788 34.6844 5
      vertex 15.5917 13.2688 5
      vertex 15.5917 34.7312 5
    endloop
  endfacet
  facet normal 0 0 1
    outer loop
      vertex 15.4788 34.6844 5
      vertex 15.4788 13.3156 5
      vertex 15.5917 13.2688 5
    endloop
  endfacet
  facet normal -0 0 1
    outer loop
      vertex 15.3623 34.6477 5
      vertex 15.4788 13.3156 5
      vertex 15.4788 34.6844 5
    endloop
  endfacet
  facet normal 0 0 1
    outer loop
      vertex 15.3623 34.6477 5
      vertex 15.3623 13.3523 5
      vertex 15.4788 13.3156 5
    endloop
  endfacet
  facet normal 0 0 1
    outer loop
      vertex 9.25 30.25 5
      vertex 15.3623 34.6477 5
      vertex 15.2431 34.6213 5
    endloop
  endfacet
  facet normal 0 0 1
    outer loop
      vertex 15.3623 34.6477 5
      vertex 9.25 30.25 5
      vertex 15.3623 13.3523 5
    endloop
  endfacet
  facet normal 0 0 1
    outer loop
      vertex 9.25 30.25 5
      vertex 15.2431 34.6213 5
      vertex 15.122 34.6053 5
    endloop
  endfacet
  facet normal -0 0 1
    outer loop
      vertex 9.25 17.75 5
      vertex 15.3623 13.3523 5
      vertex 9.25 30.25 5
    endloop
  endfacet
  facet normal 0 0 1
    outer loop
      vertex 9.25 30.25 5
      vertex 15.122 34.6053 5
      vertex 15 34.6 5
    endloop
  endfacet
  facet normal 0 0 1
    outer loop
      vertex 15.3623 13.3523 5
      vertex 9.25 17.75 5
      vertex 15.2431 13.3787 5
    endloop
  endfacet
  facet normal 0 0 1
    outer loop
      vertex 9.25 30.25 5
      vertex 15 34.6 5
      vertex 14.878 34.6053 5
    endloop
  endfacet
  facet normal 0 0 1
    outer loop
      vertex 15.2431 13.3787 5
      vertex 9.25 17.75 5
      vertex 15.122 13.3947 5
    endloop
  endfacet
  facet normal 0 0 1
    outer loop
      vertex 9.25 30.25 5
      vertex 14.878 34.6053 5
      vertex 14.7569 34.6213 5
    endloop
  endfacet
  facet normal 0 0 1
    outer loop
      vertex 15.122 13.3947 5
      vertex 9.25 17.75 5
      vertex 15 13.4 5
    endloop
  endfacet
  facet normal 0 0 1
    outer loop
      vertex 9.25 30.25 5
      vertex 14.7569 34.6213 5
      vertex 14.6377 34.6477 5
    endloop
  endfacet
  facet normal 0 0 1
    outer loop
      vertex 15 13.4 5
      vertex 9.25 17.75 5
      vertex 14.878 13.3947 5
    endloop
  endfacet
  facet normal 0 0 1
    outer loop
      vertex 9.23859 30.5115 5
      vertex 14.6377 34.6477 5
      vertex 14.5212 34.6844 5
    endloop
  endfacet
  facet normal 0 0 1
    outer loop
      vertex 14.878 13.3947 5
      vertex 9.25 17.75 5
      vertex 14.7569 13.3787 5
    endloop
  endfacet
  facet normal 0 0 1
    outer loop
      vertex 9.20442 30.771 5
      vertex 14.5212 34.6844 5
      vertex 14.4083 34.7312 5
    endloop
  endfacet
  facet normal 0 0 1
    outer loop
      vertex 14.7569 13.3787 5
      vertex 9.25 17.75 5
      vertex 14.6377 13.3523 5
    endloop
  endfacet
  facet normal 0 0 1
    outer loop
      vertex 9.20442 30.771 5
      vertex 14.4083 34.7312 5
      vertex 14.3 34.7876 5
    endloop
  endfacet
  facet normal -0 0 1
    outer loop
      vertex 9.23859 17.4885 5
      vertex 14.6377 13.3523 5
      vertex 9.25 17.75 5
    endloop
  endfacet
  facet normal 0 0 1
    outer loop
      vertex 9.14778 31.0265 5
      vertex 14.3 34.7876 5
      vertex 14.197 34.8532 5
    endloop
  endfacet
  facet normal 0 0 1
    outer loop
      vertex 14.6377 13.3523 5
      vertex 9.23859 17.4885 5
      vertex 14.5212 13.3156 5
    endloop
  endfacet
  facet normal 0 0 1
    outer loop
      vertex 9.06908 31.2761 5
      vertex 14.197 34.8532 5
      vertex 14.1001 34.9275 5
    endloop
  endfacet
  facet normal -0 0 1
    outer loop
      vertex 9.20442 17.229 5
      vertex 14.5212 13.3156 5
      vertex 9.23859 17.4885 5
    endloop
  endfacet
  facet normal 0 0 1
    outer loop
      vertex 8.96892 31.5179 5
      vertex 14.1001 34.9275 5
      vertex 14.01 35.01 5
    endloop
  endfacet
  facet normal 0 0 1
    outer loop
      vertex 14.5212 13.3156 5
      vertex 9.20442 17.229 5
      vertex 14.4083 13.2688 5
    endloop
  endfacet
  facet normal 0 0 1
    outer loop
      vertex 8.96892 31.5179 5
      vertex 14.01 35.01 5
      vertex 13.9275 35.1001 5
    endloop
  endfacet
  facet normal 0 0 1
    outer loop
      vertex 14.4083 13.2688 5
      vertex 9.20442 17.229 5
      vertex 14.3 13.2124 5
    endloop
  endfacet
  facet normal 0 0 1
    outer loop
      vertex 8.84808 31.75 5
      vertex 13.9275 35.1001 5
      vertex 13.8532 35.197 5
    endloop
  endfacet
  facet normal -0 0 1
    outer loop
      vertex 9.14778 16.9735 5
      vertex 14.3 13.2124 5
      vertex 9.20442 17.229 5
    endloop
  endfacet
  facet normal 0 0 1
    outer loop
      vertex 8.70746 31.9707 5
      vertex 13.8532 35.197 5
      vertex 13.7876 35.3 5
    endloop
  endfacet
  facet normal 0 0 1
    outer loop
      vertex 14.3 13.2124 5
      vertex 9.14778 16.9735 5
      vertex 14.197 13.1468 5
    endloop
  endfacet
  facet normal 0 0 1
    outer loop
      vertex 8.70746 31.9707 5
      vertex 13.7876 35.3 5
      vertex 13.7312 35.4083 5
    endloop
  endfacet
  facet normal -0 0 1
    outer loop
      vertex 9.06908 16.7239 5
      vertex 14.197 13.1468 5
      vertex 9.14778 16.9735 5
    endloop
  endfacet
  facet normal 0 0 1
    outer loop
      vertex 8.54813 32.1784 5
      vertex 13.7312 35.4083 5
      vertex 13.6844 35.5212 5
    endloop
  endfacet
  facet normal 0 0 1
    outer loop
      vertex 14.197 13.1468 5
      vertex 9.06908 16.7239 5
      vertex 14.1001 13.0725 5
    endloop
  endfacet
  facet normal 0 0 1
    outer loop
      vertex 8.37132 32.3713 5
      vertex 13.6844 35.5212 5
      vertex 13.6477 35.6377 5
    endloop
  endfacet
  facet normal -0 0 1
    outer loop
      vertex 8.96892 16.4821 5
      vertex 14.1001 13.0725 5
      vertex 9.06908 16.7239 5
    endloop
  endfacet
  facet normal 0 0 1
    outer loop
      vertex 8.17836 32.5481 5
      vertex 13.6477 35.6377 5
      vertex 13.6213 35.7569 5
    endloop
  endfacet
  facet normal 0 0 1
    outer loop
      vertex 14.1001 13.0725 5
      vertex 8.96892 16.4821 5
      vertex 14.01 12.9899 5
    endloop
  endfacet
  facet normal 0 0 1
    outer loop
      vertex 8.17836 32.5481 5
      vertex 13.6213 35.7569 5
      vertex 13.6053 35.878 5
    endloop
  endfacet
  facet normal 0 0 1
    outer loop
      vertex 14.01 12.9899 5
      vertex 8.96892 16.4821 5
      vertex 13.9275 12.8999 5
    endloop
  endfacet
  facet normal 0 0 1
    outer loop
      vertex 7.97073 32.7075 5
      vertex 13.6053 35.878 5
      vertex 13.6 36 5
    endloop
  endfacet
  facet normal -0 0 1
    outer loop
      vertex 8.84808 16.25 5
      vertex 13.9275 12.8999 5
      vertex 8.96892 16.4821 5
    endloop
  endfacet
  facet normal 0 0 1
    outer loop
      vertex 57.3156 35.5212 5
      vertex 75 42 5
      vertex 57.3523 35.6377 5
    endloop
  endfacet
  facet normal 0 0 1
    outer loop
      vertex 74 -2.5 5
      vertex 57.3947 -35.878 5
      vertex 57.4 -36 5
    endloop
  endfacet
  facet normal 0 0 1
    outer loop
      vertex 57.2688 35.4083 5
      vertex 75 42 5
      vertex 57.3156 35.5212 5
    endloop
  endfacet
  facet normal 0 0 1
    outer loop
      vertex 74 -2.5 5
      vertex 57.3787 -35.7569 5
      vertex 57.3947 -35.878 5
    endloop
  endfacet
  facet normal 0 0 1
    outer loop
      vertex 75 42 5
      vertex 57.2688 35.4083 5
      vertex 82 35 5
    endloop
  endfacet
  facet normal 0 0 1
    outer loop
      vertex 74 -2.5 5
      vertex 57.3523 -35.6377 5
      vertex 57.3787 -35.7569 5
    endloop
  endfacet
  facet normal -0 0 1
    outer loop
      vertex 57.2124 35.3 5
      vertex 82 35 5
      vertex 57.2688 35.4083 5
    endloop
  endfacet
  facet normal 0 0 1
    outer loop
      vertex 74 -2.5 5
      vertex 57.3156 -35.5212 5
      vertex 57.3523 -35.6377 5
    endloop
  endfacet
  facet normal -0 0 1
    outer loop
      vertex 57.1468 35.197 5
      vertex 82 35 5
      vertex 57.2124 35.3 5
    endloop
  endfacet
  facet normal 0 0 1
    outer loop
      vertex 74 -2.5 5
      vertex 57.2688 -35.4083 5
      vertex 57.3156 -35.5212 5
    endloop
  endfacet
  facet normal -0 0 1
    outer loop
      vertex 57.0725 35.1001 5
      vertex 82 35 5
      vertex 57.1468 35.197 5
    endloop
  endfacet
  facet normal 0 0 1
    outer loop
      vertex 74 -2.5 5
      vertex 57.2124 -35.3 5
      vertex 57.2688 -35.4083 5
    endloop
  endfacet
  facet normal -0 0 1
    outer loop
      vertex 56.9899 35.01 5
      vertex 82 35 5
      vertex 57.0725 35.1001 5
    endloop
  endfacet
  facet normal 0 0 1
    outer loop
      vertex 74 -2.5 5
      vertex 57.1468 -35.197 5
      vertex 57.2124 -35.3 5
    endloop
  endfacet
  facet normal 0 0 1
    outer loop
      vertex 56.8999 34.9275 5
      vertex 82 35 5
      vertex 56.9899 35.01 5
    endloop
  endfacet
  facet normal 0 0 1
    outer loop
      vertex 74 -2.5 5
      vertex 57.0725 -35.1001 5
      vertex 57.1468 -35.197 5
    endloop
  endfacet
  facet normal 0 0 1
    outer loop
      vertex 82 35 5
      vertex 56.8999 34.9275 5
      vertex 74 -2.5 5
    endloop
  endfacet
  facet normal 0 0 1
    outer loop
      vertex 74 -2.5 5
      vertex 56.9899 -35.01 5
      vertex 57.0725 -35.1001 5
    endloop
  endfacet
  facet normal -0 0 1
    outer loop
      vertex 56.803 34.8532 5
      vertex 74 -2.5 5
      vertex 56.8999 34.9275 5
    endloop
  endfacet
  facet normal 0 0 1
    outer loop
      vertex 74 -2.5 5
      vertex 56.8999 -34.9275 5
      vertex 56.9899 -35.01 5
    endloop
  endfacet
  facet normal -0 0 1
    outer loop
      vertex 56.7 34.7876 5
      vertex 74 -2.5 5
      vertex 56.803 34.8532 5
    endloop
  endfacet
  facet normal 0 0 1
    outer loop
      vertex 74 -2.5 5
      vertex 56.803 -34.8532 5
      vertex 56.8999 -34.9275 5
    endloop
  endfacet
  facet normal -0 0 1
    outer loop
      vertex 56.5917 34.7312 5
      vertex 74 -2.5 5
      vertex 56.7 34.7876 5
    endloop
  endfacet
  facet normal 0 0 1
    outer loop
      vertex 74 -2.5 5
      vertex 56.7 -34.7876 5
      vertex 56.803 -34.8532 5
    endloop
  endfacet
  facet normal -0 0 1
    outer loop
      vertex 56.4788 34.6844 5
      vertex 74 -2.5 5
      vertex 56.5917 34.7312 5
    endloop
  endfacet
  facet normal 0 0 1
    outer loop
      vertex 74 -2.5 5
      vertex 56.5917 -34.7312 5
      vertex 56.7 -34.7876 5
    endloop
  endfacet
  facet normal -0 0 1
    outer loop
      vertex 56.3623 34.6477 5
      vertex 74 -2.5 5
      vertex 56.4788 34.6844 5
    endloop
  endfacet
  facet normal 0 0 1
    outer loop
      vertex 74 -2.5 5
      vertex 56.4788 -34.6844 5
      vertex 56.5917 -34.7312 5
    endloop
  endfacet
  facet normal -0 0 1
    outer loop
      vertex 56.2431 34.6213 5
      vertex 74 -2.5 5
      vertex 56.3623 34.6477 5
    endloop
  endfacet
  facet normal 0 0 1
    outer loop
      vertex 74 -2.5 5
      vertex 56.3623 -34.6477 5
      vertex 56.4788 -34.6844 5
    endloop
  endfacet
  facet normal -0 0 1
    outer loop
      vertex 56.122 34.6053 5
      vertex 74 -2.5 5
      vertex 56.2431 34.6213 5
    endloop
  endfacet
  facet normal 0 0 1
    outer loop
      vertex 74 -2.5 5
      vertex 56.2431 -34.6213 5
      vertex 56.3623 -34.6477 5
    endloop
  endfacet
  facet normal -0 0 1
    outer loop
      vertex 56 34.6 5
      vertex 74 -2.5 5
      vertex 56.122 34.6053 5
    endloop
  endfacet
  facet normal 0 0 1
    outer loop
      vertex 74 -2.5 5
      vertex 56.122 -34.6053 5
      vertex 56.2431 -34.6213 5
    endloop
  endfacet
  facet normal 0 0 1
    outer loop
      vertex 55.878 34.6053 5
      vertex 74 -2.5 5
      vertex 56 34.6 5
    endloop
  endfacet
  facet normal 0 0 1
    outer loop
      vertex 74 -2.5 5
      vertex 56 -34.6 5
      vertex 56.122 -34.6053 5
    endloop
  endfacet
  facet normal 0 0 1
    outer loop
      vertex 55.7569 34.6213 5
      vertex 74 -2.5 5
      vertex 55.878 34.6053 5
    endloop
  endfacet
  facet normal 0 0 1
    outer loop
      vertex 74 -2.5 5
      vertex 55.878 -34.6053 5
      vertex 56 -34.6 5
    endloop
  endfacet
  facet normal 0 0 1
    outer loop
      vertex 55.6377 34.6477 5
      vertex 74 -2.5 5
      vertex 55.7569 34.6213 5
    endloop
  endfacet
  facet normal 0 0 1
    outer loop
      vertex 74 -2.5 5
      vertex 55.7569 -34.6213 5
      vertex 55.878 -34.6053 5
    endloop
  endfacet
  facet normal 0 0 1
    outer loop
      vertex 55.5212 34.6844 5
      vertex 74 -2.5 5
      vertex 55.6377 34.6477 5
    endloop
  endfacet
  facet normal -0 0 1
    outer loop
      vertex 16.2688 11.4083 5
      vertex 74 -2.5 5
      vertex 16.3156 11.5212 5
    endloop
  endfacet
  facet normal 0 0 1
    outer loop
      vertex 74 -2.5 5
      vertex 55.5212 34.6844 5
      vertex 16.3787 11.7569 5
    endloop
  endfacet
  facet normal 0 0 1
    outer loop
      vertex 74 -2.5 5
      vertex 55.6377 -34.6477 5
      vertex 55.7569 -34.6213 5
    endloop
  endfacet
  facet normal 0 0 1
    outer loop
      vertex 39.3623 35.6477 5
      vertex 55.5212 34.6844 5
      vertex 55.4083 34.7312 5
    endloop
  endfacet
  facet normal -0 0 1
    outer loop
      vertex 16.2124 11.3 5
      vertex 74 -2.5 5
      vertex 16.2688 11.4083 5
    endloop
  endfacet
  facet normal 0 0 1
    outer loop
      vertex 39.4788 35.6844 5
      vertex 55.4083 34.7312 5
      vertex 55.3 34.7876 5
    endloop
  endfacet
  facet normal 0 0 1
    outer loop
      vertex 74 -2.5 5
      vertex 55.5212 -34.6844 5
      vertex 55.6377 -34.6477 5
    endloop
  endfacet
  facet normal 0 0 1
    outer loop
      vertex 39.5917 35.7312 5
      vertex 55.3 34.7876 5
      vertex 55.197 34.8532 5
    endloop
  endfacet
  facet normal 0 -0 1
    outer loop
      vertex 55.4083 -34.7312 5
      vertex 74 -2.5 5
      vertex 16.2124 11.3 5
    endloop
  endfacet
  facet normal 0 0 1
    outer loop
      vertex 39.7 35.7876 5
      vertex 55.197 34.8532 5
      vertex 55.1001 34.9275 5
    endloop
  endfacet
  facet normal 0 0 1
    outer loop
      vertex 74 -2.5 5
      vertex 55.4083 -34.7312 5
      vertex 55.5212 -34.6844 5
    endloop
  endfacet
  facet normal 0 0 1
    outer loop
      vertex 39.803 35.8532 5
      vertex 55.1001 34.9275 5
      vertex 55.01 35.01 5
    endloop
  endfacet
  facet normal -0 0 1
    outer loop
      vertex 16.1468 11.197 5
      vertex 55.4083 -34.7312 5
      vertex 16.2124 11.3 5
    endloop
  endfacet
  facet normal 0 0 1
    outer loop
      vertex 39.8999 35.9275 5
      vertex 55.01 35.01 5
      vertex 54.9275 35.1001 5
    endloop
  endfacet
  facet normal 0 0 1
    outer loop
      vertex 55.4083 -34.7312 5
      vertex 16.1468 11.197 5
      vertex 55.3 -34.7876 5
    endloop
  endfacet
  facet normal 0 0 1
    outer loop
      vertex 39.9899 36.01 5
      vertex 54.9275 35.1001 5
      vertex 54.8532 35.197 5
    endloop
  endfacet
  facet normal -0 0 1
    outer loop
      vertex 16.0725 11.1001 5
      vertex 55.3 -34.7876 5
      vertex 16.1468 11.197 5
    endloop
  endfacet
  facet normal 0 0 1
    outer loop
      vertex 40.0725 36.1001 5
      vertex 54.8532 35.197 5
      vertex 54.7876 35.3 5
    endloop
  endfacet
  facet normal 0 0 1
    outer loop
      vertex 55.3 -34.7876 5
      vertex 16.0725 11.1001 5
      vertex 55.197 -34.8532 5
    endloop
  endfacet
  facet normal 0 0 1
    outer loop
      vertex 40.1468 36.197 5
      vertex 54.7876 35.3 5
      vertex 54.7312 35.4083 5
    endloop
  endfacet
  facet normal -0 0 1
    outer loop
      vertex 15.9899 11.01 5
      vertex 55.197 -34.8532 5
      vertex 16.0725 11.1001 5
    endloop
  endfacet
  facet normal 0 0 1
    outer loop
      vertex 40.2124 36.3 5
      vertex 54.7312 35.4083 5
      vertex 54.6844 35.5212 5
    endloop
  endfacet
  facet normal 0 0 1
    outer loop
      vertex 55.197 -34.8532 5
      vertex 15.9899 11.01 5
      vertex 55.1001 -34.9275 5
    endloop
  endfacet
  facet normal 0 0 1
    outer loop
      vertex 40.2688 36.4083 5
      vertex 54.6844 35.5212 5
      vertex 54.6477 35.6377 5
    endloop
  endfacet
  facet normal -0 0 1
    outer loop
      vertex 15.8999 10.9275 5
      vertex 55.1001 -34.9275 5
      vertex 15.9899 11.01 5
    endloop
  endfacet
  facet normal 0 0 1
    outer loop
      vertex 40.3156 36.5212 5
      vertex 54.6477 35.6377 5
      vertex 54.6213 35.7569 5
    endloop
  endfacet
  facet normal 0 0 1
    outer loop
      vertex 55.1001 -34.9275 5
      vertex 15.8999 10.9275 5
      vertex 55.01 -35.01 5
    endloop
  endfacet
  facet normal 0 0 1
    outer loop
      vertex 40.3523 36.6377 5
      vertex 54.6213 35.7569 5
      vertex 54.6053 35.878 5
    endloop
  endfacet
  facet normal -0 0 1
    outer loop
      vertex 15.803 10.8532 5
      vertex 55.01 -35.01 5
      vertex 15.8999 10.9275 5
    endloop
  endfacet
  facet normal 0 0 1
    outer loop
      vertex 40.3787 36.7569 5
      vertex 54.6053 35.878 5
      vertex 54.6 36 5
    endloop
  endfacet
  facet normal 0 0 1
    outer loop
      vertex 55.01 -35.01 5
      vertex 15.803 10.8532 5
      vertex 54.9275 -35.1001 5
    endloop
  endfacet
  facet normal 0 0 1
    outer loop
      vertex 75 42 5
      vertex 82 35 5
      vertex 81.9734 35.6101 5
    endloop
  endfacet
  facet normal 0 0 1
    outer loop
      vertex 75 42 5
      vertex 81.9734 35.6101 5
      vertex 81.8937 36.2155 5
    endloop
  endfacet
  facet normal 0 0 1
    outer loop
      vertex 75 42 5
      vertex 81.8937 36.2155 5
      vertex 81.7615 36.8117 5
    endloop
  endfacet
  facet normal 0 0 1
    outer loop
      vertex 75 42 5
      vertex 81.7615 36.8117 5
      vertex 81.5779 37.3941 5
    endloop
  endfacet
  facet normal 0 0 1
    outer loop
      vertex 75 42 5
      vertex 81.5779 37.3941 5
      vertex 81.3442 37.9583 5
    endloop
  endfacet
  facet normal 0 0 1
    outer loop
      vertex 75 42 5
      vertex 81.3442 37.9583 5
      vertex 81.0622 38.5 5
    endloop
  endfacet
  facet normal 0 0 1
    outer loop
      vertex 75 42 5
      vertex 81.0622 38.5 5
      vertex 80.7341 39.015 5
    endloop
  endfacet
  facet normal 0 0 1
    outer loop
      vertex 75 42 5
      vertex 80.7341 39.015 5
      vertex 80.3623 39.4995 5
    endloop
  endfacet
  facet normal 0 0 1
    outer loop
      vertex 75 42 5
      vertex 80.3623 39.4995 5
      vertex 79.9498 39.9498 5
    endloop
  endfacet
  facet normal 0 0 1
    outer loop
      vertex 75 42 5
      vertex 79.9498 39.9498 5
      vertex 79.4995 40.3623 5
    endloop
  endfacet
  facet normal 0 0 1
    outer loop
      vertex 75 42 5
      vertex 79.4995 40.3623 5
      vertex 79.015 40.7341 5
    endloop
  endfacet
  facet normal 0 0 1
    outer loop
      vertex 75 42 5
      vertex 79.015 40.7341 5
      vertex 78.5 41.0622 5
    endloop
  endfacet
  facet normal 0 0 1
    outer loop
      vertex 75 42 5
      vertex 78.5 41.0622 5
      vertex 77.9583 41.3442 5
    endloop
  endfacet
  facet normal 0 0 1
    outer loop
      vertex 75 42 5
      vertex 77.9583 41.3442 5
      vertex 77.3941 41.5779 5
    endloop
  endfacet
  facet normal 0 0 1
    outer loop
      vertex 75 42 5
      vertex 77.3941 41.5779 5
      vertex 76.8117 41.7615 5
    endloop
  endfacet
  facet normal 0 0 1
    outer loop
      vertex 75 42 5
      vertex 76.8117 41.7615 5
      vertex 76.2155 41.8937 5
    endloop
  endfacet
  facet normal 0 0 1
    outer loop
      vertex 75 42 5
      vertex 76.2155 41.8937 5
      vertex 75.6101 41.9734 5
    endloop
  endfacet
  facet normal 0 0 1
    outer loop
      vertex 57.3947 35.878 5
      vertex 75 42 5
      vertex 57.4 36 5
    endloop
  endfacet
  facet normal 0 0 1
    outer loop
      vertex 82 35 5
      vertex 74 -2.5 5
      vertex 82 -2.5 5
    endloop
  endfacet
  facet normal 0 0 1
    outer loop
      vertex 57.3523 35.6377 5
      vertex 75 42 5
      vertex 57.3787 35.7569 5
    endloop
  endfacet
  facet normal 0 0 1
    outer loop
      vertex 57.3787 35.7569 5
      vertex 75 42 5
      vertex 57.3947 35.878 5
    endloop
  endfacet
  facet normal 0 0 1
    outer loop
      vertex 75 42 5
      vertex 57.3947 36.122 5
      vertex 57.4 36 5
    endloop
  endfacet
  facet normal 0 0 1
    outer loop
      vertex 75 42 5
      vertex 57.3787 36.2431 5
      vertex 57.3947 36.122 5
    endloop
  endfacet
  facet normal 0 0 1
    outer loop
      vertex 75 42 5
      vertex 57.3523 36.3623 5
      vertex 57.3787 36.2431 5
    endloop
  endfacet
  facet normal 0 0 1
    outer loop
      vertex 75 42 5
      vertex 57.3156 36.4788 5
      vertex 57.3523 36.3623 5
    endloop
  endfacet
  facet normal 0 0 1
    outer loop
      vertex 75 42 5
      vertex 57.2688 36.5917 5
      vertex 57.3156 36.4788 5
    endloop
  endfacet
  facet normal 0 0 1
    outer loop
      vertex 75 42 5
      vertex 57.2124 36.7 5
      vertex 57.2688 36.5917 5
    endloop
  endfacet
  facet normal 0 0 1
    outer loop
      vertex 75 42 5
      vertex 57.1468 36.803 5
      vertex 57.2124 36.7 5
    endloop
  endfacet
  facet normal 0 0 1
    outer loop
      vertex 75 42 5
      vertex 57.0725 36.8999 5
      vertex 57.1468 36.803 5
    endloop
  endfacet
  facet normal 0 0 1
    outer loop
      vertex 75 42 5
      vertex 56.9899 36.9899 5
      vertex 57.0725 36.8999 5
    endloop
  endfacet
  facet normal 0 0 1
    outer loop
      vertex 75 42 5
      vertex 56.8999 37.0725 5
      vertex 56.9899 36.9899 5
    endloop
  endfacet
  facet normal 0 0 1
    outer loop
      vertex 75 42 5
      vertex 56.803 37.1468 5
      vertex 56.8999 37.0725 5
    endloop
  endfacet
  facet normal 0 0 1
    outer loop
      vertex 75 42 5
      vertex 56.7 37.2124 5
      vertex 56.803 37.1468 5
    endloop
  endfacet
  facet normal 0 0 1
    outer loop
      vertex 75 42 5
      vertex 56.5917 37.2688 5
      vertex 56.7 37.2124 5
    endloop
  endfacet
  facet normal 0 0 1
    outer loop
      vertex 75 42 5
      vertex 56.4788 37.3156 5
      vertex 56.5917 37.2688 5
    endloop
  endfacet
  facet normal 0 0 1
    outer loop
      vertex 75 42 5
      vertex 56.3623 37.3523 5
      vertex 56.4788 37.3156 5
    endloop
  endfacet
  facet normal 0 0 1
    outer loop
      vertex 75 42 5
      vertex 56.2431 37.3787 5
      vertex 56.3623 37.3523 5
    endloop
  endfacet
  facet normal 0 0 1
    outer loop
      vertex 75 42 5
      vertex 56.122 37.3947 5
      vertex 56.2431 37.3787 5
    endloop
  endfacet
  facet normal 0 0 1
    outer loop
      vertex 75 42 5
      vertex 56 37.4 5
      vertex 56.122 37.3947 5
    endloop
  endfacet
  facet normal 0 0 1
    outer loop
      vertex 75 42 5
      vertex 55.878 37.3947 5
      vertex 56 37.4 5
    endloop
  endfacet
  facet normal -0 0 1
    outer loop
      vertex 39.2431 38.3787 5
      vertex 55.878 37.3947 5
      vertex 75 42 5
    endloop
  endfacet
  facet normal -0 -0 1
    outer loop
      vertex 39.3623 38.3523 5
      vertex 55.878 37.3947 5
      vertex 39.2431 38.3787 5
    endloop
  endfacet
  facet normal 0 0 1
    outer loop
      vertex 54.6053 36.122 5
      vertex 40.3947 36.878 5
      vertex 54.6 36 5
    endloop
  endfacet
  facet normal -0 0 1
    outer loop
      vertex 40.3947 36.878 5
      vertex 54.6053 36.122 5
      vertex 40.4 37 5
    endloop
  endfacet
  facet normal 0 0 1
    outer loop
      vertex 54.6213 36.2431 5
      vertex 40.4 37 5
      vertex 54.6053 36.122 5
    endloop
  endfacet
  facet normal 0 0 1
    outer loop
      vertex 40.3947 37.122 5
      vertex 54.6213 36.2431 5
      vertex 54.6477 36.3623 5
    endloop
  endfacet
  facet normal 0 0 1
    outer loop
      vertex 40.3787 37.2431 5
      vertex 54.6477 36.3623 5
      vertex 54.6844 36.4788 5
    endloop
  endfacet
  facet normal 0 0 1
    outer loop
      vertex 40.3523 37.3623 5
      vertex 54.6844 36.4788 5
      vertex 54.7312 36.5917 5
    endloop
  endfacet
  facet normal 0 0 1
    outer loop
      vertex 40.3156 37.4788 5
      vertex 54.7312 36.5917 5
      vertex 54.7876 36.7 5
    endloop
  endfacet
  facet normal 0 0 1
    outer loop
      vertex 40.2688 37.5917 5
      vertex 54.7876 36.7 5
      vertex 54.8532 36.803 5
    endloop
  endfacet
  facet normal 0 0 1
    outer loop
      vertex 40.2124 37.7 5
      vertex 54.8532 36.803 5
      vertex 54.9275 36.8999 5
    endloop
  endfacet
  facet normal 0 0 1
    outer loop
      vertex 40.1468 37.803 5
      vertex 54.9275 36.8999 5
      vertex 55.01 36.9899 5
    endloop
  endfacet
  facet normal 0 0 1
    outer loop
      vertex 40.0725 37.8999 5
      vertex 55.01 36.9899 5
      vertex 55.1001 37.0725 5
    endloop
  endfacet
  facet normal 0 0 1
    outer loop
      vertex 39.9899 37.9899 5
      vertex 55.1001 37.0725 5
      vertex 55.197 37.1468 5
    endloop
  endfacet
  facet normal 0 0 1
    outer loop
      vertex 39.8999 38.0725 5
      vertex 55.197 37.1468 5
      vertex 55.3 37.2124 5
    endloop
  endfacet
  facet normal 0 0 1
    outer loop
      vertex 39.803 38.1468 5
      vertex 55.3 37.2124 5
      vertex 55.4083 37.2688 5
    endloop
  endfacet
  facet normal 0 0 1
    outer loop
      vertex 39.7 38.2124 5
      vertex 55.4083 37.2688 5
      vertex 55.5212 37.3156 5
    endloop
  endfacet
  facet normal 0 0 1
    outer loop
      vertex 39.5917 38.2688 5
      vertex 55.5212 37.3156 5
      vertex 55.6377 37.3523 5
    endloop
  endfacet
  facet normal 0 0 1
    outer loop
      vertex 55.878 37.3947 5
      vertex 39.3623 38.3523 5
      vertex 55.7569 37.3787 5
    endloop
  endfacet
  facet normal 0 0 1
    outer loop
      vertex 54.6213 36.2431 5
      vertex 40.3947 37.122 5
      vertex 40.4 37 5
    endloop
  endfacet
  facet normal 0 0 1
    outer loop
      vertex 54.6477 36.3623 5
      vertex 40.3787 37.2431 5
      vertex 40.3947 37.122 5
    endloop
  endfacet
  facet normal 0 0 1
    outer loop
      vertex 54.6844 36.4788 5
      vertex 40.3523 37.3623 5
      vertex 40.3787 37.2431 5
    endloop
  endfacet
  facet normal 0 0 1
    outer loop
      vertex 54.7312 36.5917 5
      vertex 40.3156 37.4788 5
      vertex 40.3523 37.3623 5
    endloop
  endfacet
  facet normal 0 0 1
    outer loop
      vertex 54.7876 36.7 5
      vertex 40.2688 37.5917 5
      vertex 40.3156 37.4788 5
    endloop
  endfacet
  facet normal 0 0 1
    outer loop
      vertex 54.8532 36.803 5
      vertex 40.2124 37.7 5
      vertex 40.2688 37.5917 5
    endloop
  endfacet
  facet normal 0 0 1
    outer loop
      vertex 54.9275 36.8999 5
      vertex 40.1468 37.803 5
      vertex 40.2124 37.7 5
    endloop
  endfacet
  facet normal 0 0 1
    outer loop
      vertex 55.01 36.9899 5
      vertex 40.0725 37.8999 5
      vertex 40.1468 37.803 5
    endloop
  endfacet
  facet normal 0 0 1
    outer loop
      vertex 55.1001 37.0725 5
      vertex 39.9899 37.9899 5
      vertex 40.0725 37.8999 5
    endloop
  endfacet
  facet normal 0 0 1
    outer loop
      vertex 55.197 37.1468 5
      vertex 39.8999 38.0725 5
      vertex 39.9899 37.9899 5
    endloop
  endfacet
  facet normal 0 0 1
    outer loop
      vertex 55.3 37.2124 5
      vertex 39.803 38.1468 5
      vertex 39.8999 38.0725 5
    endloop
  endfacet
  facet normal 0 0 1
    outer loop
      vertex 55.4083 37.2688 5
      vertex 39.7 38.2124 5
      vertex 39.803 38.1468 5
    endloop
  endfacet
  facet normal 0 0 1
    outer loop
      vertex 55.5212 37.3156 5
      vertex 39.5917 38.2688 5
      vertex 39.7 38.2124 5
    endloop
  endfacet
  facet normal 0 0 1
    outer loop
      vertex 55.6377 37.3523 5
      vertex 39.4788 38.3156 5
      vertex 39.5917 38.2688 5
    endloop
  endfacet
  facet normal 0 0 1
    outer loop
      vertex 55.7569 37.3787 5
      vertex 39.4788 38.3156 5
      vertex 55.6377 37.3523 5
    endloop
  endfacet
  facet normal -0 -0 1
    outer loop
      vertex 39.4788 38.3156 5
      vertex 55.7569 37.3787 5
      vertex 39.3623 38.3523 5
    endloop
  endfacet
  facet normal 0 0 1
    outer loop
      vertex 75 42 5
      vertex 39.122 38.3947 5
      vertex 39.2431 38.3787 5
    endloop
  endfacet
  facet normal 0 0 1
    outer loop
      vertex 75 42 5
      vertex 39 38.4 5
      vertex 39.122 38.3947 5
    endloop
  endfacet
  facet normal 0 0 1
    outer loop
      vertex 75 42 5
      vertex 38.878 38.3947 5
      vertex 39 38.4 5
    endloop
  endfacet
  facet normal 0 0 1
    outer loop
      vertex 16.3947 36.122 5
      vertex 37.6 37 5
      vertex 37.6053 37.122 5
    endloop
  endfacet
  facet normal 0 0 1
    outer loop
      vertex 16.3787 36.2431 5
      vertex 37.6053 37.122 5
      vertex 37.6213 37.2431 5
    endloop
  endfacet
  facet normal 0 0 1
    outer loop
      vertex 16.3523 36.3623 5
      vertex 37.6213 37.2431 5
      vertex 37.6477 37.3623 5
    endloop
  endfacet
  facet normal 0 0 1
    outer loop
      vertex 16.3156 36.4788 5
      vertex 37.6477 37.3623 5
      vertex 37.6844 37.4788 5
    endloop
  endfacet
  facet normal 0 0 1
    outer loop
      vertex 16.2688 36.5917 5
      vertex 37.6844 37.4788 5
      vertex 37.7312 37.5917 5
    endloop
  endfacet
  facet normal 0 0 1
    outer loop
      vertex 16.2124 36.7 5
      vertex 37.7312 37.5917 5
      vertex 37.7876 37.7 5
    endloop
  endfacet
  facet normal 0 0 1
    outer loop
      vertex 16.1468 36.803 5
      vertex 37.7876 37.7 5
      vertex 37.8532 37.803 5
    endloop
  endfacet
  facet normal 0 0 1
    outer loop
      vertex 16.0725 36.8999 5
      vertex 37.8532 37.803 5
      vertex 37.9275 37.8999 5
    endloop
  endfacet
  facet normal 0 0 1
    outer loop
      vertex 15.9899 36.9899 5
      vertex 37.9275 37.8999 5
      vertex 38.01 37.9899 5
    endloop
  endfacet
  facet normal 0 0 1
    outer loop
      vertex 15.8999 37.0725 5
      vertex 38.01 37.9899 5
      vertex 38.1001 38.0725 5
    endloop
  endfacet
  facet normal 0 0 1
    outer loop
      vertex 15.803 37.1468 5
      vertex 38.1001 38.0725 5
      vertex 38.197 38.1468 5
    endloop
  endfacet
  facet normal 0 0 1
    outer loop
      vertex 15.7 37.2124 5
      vertex 38.197 38.1468 5
      vertex 38.3 38.2124 5
    endloop
  endfacet
  facet normal 0 0 1
    outer loop
      vertex 15.5917 37.2688 5
      vertex 38.3 38.2124 5
      vertex 38.4083 38.2688 5
    endloop
  endfacet
  facet normal 0 0 1
    outer loop
      vertex 15.4788 37.3156 5
      vertex 38.4083 38.2688 5
      vertex 38.5212 38.3156 5
    endloop
  endfacet
  facet normal 0 0 1
    outer loop
      vertex 15.3623 37.3523 5
      vertex 38.5212 38.3156 5
      vertex 38.6377 38.3523 5
    endloop
  endfacet
  facet normal 0 0 1
    outer loop
      vertex 15.2431 37.3787 5
      vertex 38.6377 38.3523 5
      vertex 38.7569 38.3787 5
    endloop
  endfacet
  facet normal 0 0 1
    outer loop
      vertex 15.122 37.3947 5
      vertex 38.7569 38.3787 5
      vertex 38.878 38.3947 5
    endloop
  endfacet
  facet normal 0 0 1
    outer loop
      vertex 37.6 37 5
      vertex 16.3947 36.122 5
      vertex 16.4 36 5
    endloop
  endfacet
  facet normal 0 0 1
    outer loop
      vertex 37.6053 37.122 5
      vertex 16.3787 36.2431 5
      vertex 16.3947 36.122 5
    endloop
  endfacet
  facet normal 0 0 1
    outer loop
      vertex 15 37.4 5
      vertex 38.878 38.3947 5
      vertex 75 42 5
    endloop
  endfacet
  facet normal 0 0 1
    outer loop
      vertex 37.6213 37.2431 5
      vertex 16.3523 36.3623 5
      vertex 16.3787 36.2431 5
    endloop
  endfacet
  facet normal 0 0 1
    outer loop
      vertex 37.6477 37.3623 5
      vertex 16.3156 36.4788 5
      vertex 16.3523 36.3623 5
    endloop
  endfacet
  facet normal 0 0 1
    outer loop
      vertex 37.6844 37.4788 5
      vertex 16.2688 36.5917 5
      vertex 16.3156 36.4788 5
    endloop
  endfacet
  facet normal 0 0 1
    outer loop
      vertex 37.7312 37.5917 5
      vertex 16.2124 36.7 5
      vertex 16.2688 36.5917 5
    endloop
  endfacet
  facet normal 0 0 1
    outer loop
      vertex 37.7876 37.7 5
      vertex 16.1468 36.803 5
      vertex 16.2124 36.7 5
    endloop
  endfacet
  facet normal 0 0 1
    outer loop
      vertex 37.8532 37.803 5
      vertex 16.0725 36.8999 5
      vertex 16.1468 36.803 5
    endloop
  endfacet
  facet normal 0 0 1
    outer loop
      vertex 37.9275 37.8999 5
      vertex 15.9899 36.9899 5
      vertex 16.0725 36.8999 5
    endloop
  endfacet
  facet normal 0 0 1
    outer loop
      vertex 38.01 37.9899 5
      vertex 15.8999 37.0725 5
      vertex 15.9899 36.9899 5
    endloop
  endfacet
  facet normal 0 0 1
    outer loop
      vertex 38.1001 38.0725 5
      vertex 15.803 37.1468 5
      vertex 15.8999 37.0725 5
    endloop
  endfacet
  facet normal 0 0 1
    outer loop
      vertex 38.197 38.1468 5
      vertex 15.7 37.2124 5
      vertex 15.803 37.1468 5
    endloop
  endfacet
  facet normal 0 0 1
    outer loop
      vertex 38.3 38.2124 5
      vertex 15.5917 37.2688 5
      vertex 15.7 37.2124 5
    endloop
  endfacet
  facet normal 0 0 1
    outer loop
      vertex 38.4083 38.2688 5
      vertex 15.4788 37.3156 5
      vertex 15.5917 37.2688 5
    endloop
  endfacet
  facet normal 0 0 1
    outer loop
      vertex 38.5212 38.3156 5
      vertex 15.3623 37.3523 5
      vertex 15.4788 37.3156 5
    endloop
  endfacet
  facet normal 0 0 1
    outer loop
      vertex 38.6377 38.3523 5
      vertex 15.2431 37.3787 5
      vertex 15.3623 37.3523 5
    endloop
  endfacet
  facet normal 0 0 1
    outer loop
      vertex 38.7569 38.3787 5
      vertex 15.122 37.3947 5
      vertex 15.2431 37.3787 5
    endloop
  endfacet
  facet normal 0 0 1
    outer loop
      vertex 38.878 38.3947 5
      vertex 15 37.4 5
      vertex 15.122 37.3947 5
    endloop
  endfacet
  facet normal 0 0 1
    outer loop
      vertex -15 37.4 5
      vertex 15 37.4 5
      vertex 75 42 5
    endloop
  endfacet
  facet normal 0 0 1
    outer loop
      vertex 13.9275 12.8999 5
      vertex 8.84808 16.25 5
      vertex 13.8532 12.803 5
    endloop
  endfacet
  facet normal 0 0 1
    outer loop
      vertex 7.75 32.8481 5
      vertex 13.6 36 5
      vertex 13.6053 36.122 5
    endloop
  endfacet
  facet normal 0 0 1
    outer loop
      vertex 7.51785 32.9689 5
      vertex 13.6053 36.122 5
      vertex 13.6213 36.2431 5
    endloop
  endfacet
  facet normal 0 0 1
    outer loop
      vertex 7.51785 32.9689 5
      vertex 13.6213 36.2431 5
      vertex 13.6477 36.3623 5
    endloop
  endfacet
  facet normal 0 0 1
    outer loop
      vertex 7.27606 33.0691 5
      vertex 13.6477 36.3623 5
      vertex 13.6844 36.4788 5
    endloop
  endfacet
  facet normal 0 0 1
    outer loop
      vertex 7.02646 33.1478 5
      vertex 13.6844 36.4788 5
      vertex 13.7312 36.5917 5
    endloop
  endfacet
  facet normal 0 0 1
    outer loop
      vertex 6.77095 33.2044 5
      vertex 13.7312 36.5917 5
      vertex 13.7876 36.7 5
    endloop
  endfacet
  facet normal 0 0 1
    outer loop
      vertex 6.51147 33.2386 5
      vertex 13.7876 36.7 5
      vertex 13.8532 36.803 5
    endloop
  endfacet
  facet normal 0 0 1
    outer loop
      vertex 14.6377 34.6477 5
      vertex 9.23859 30.5115 5
      vertex 9.25 30.25 5
    endloop
  endfacet
  facet normal 0 0 1
    outer loop
      vertex 14.5212 34.6844 5
      vertex 9.20442 30.771 5
      vertex 9.23859 30.5115 5
    endloop
  endfacet
  facet normal 0 0 1
    outer loop
      vertex 6.25 33.25 5
      vertex 13.8532 36.803 5
      vertex 13.9275 36.8999 5
    endloop
  endfacet
  facet normal 0 0 1
    outer loop
      vertex 14.3 34.7876 5
      vertex 9.14778 31.0265 5
      vertex 9.20442 30.771 5
    endloop
  endfacet
  facet normal 0 0 1
    outer loop
      vertex 14.197 34.8532 5
      vertex 9.06908 31.2761 5
      vertex 9.14778 31.0265 5
    endloop
  endfacet
  facet normal 0 0 1
    outer loop
      vertex 14.1001 34.9275 5
      vertex 8.96892 31.5179 5
      vertex 9.06908 31.2761 5
    endloop
  endfacet
  facet normal 0 0 1
    outer loop
      vertex 6.25 33.25 5
      vertex 13.9275 36.8999 5
      vertex 14.01 36.9899 5
    endloop
  endfacet
  facet normal 0 0 1
    outer loop
      vertex 13.9275 35.1001 5
      vertex 8.84808 31.75 5
      vertex 8.96892 31.5179 5
    endloop
  endfacet
  facet normal 0 0 1
    outer loop
      vertex 13.8532 35.197 5
      vertex 8.70746 31.9707 5
      vertex 8.84808 31.75 5
    endloop
  endfacet
  facet normal 0 0 1
    outer loop
      vertex 13.7312 35.4083 5
      vertex 8.54813 32.1784 5
      vertex 8.70746 31.9707 5
    endloop
  endfacet
  facet normal 0 0 1
    outer loop
      vertex 6.25 33.25 5
      vertex 14.01 36.9899 5
      vertex 14.1001 37.0725 5
    endloop
  endfacet
  facet normal 0 0 1
    outer loop
      vertex 13.6844 35.5212 5
      vertex 8.37132 32.3713 5
      vertex 8.54813 32.1784 5
    endloop
  endfacet
  facet normal 0 0 1
    outer loop
      vertex 13.6477 35.6377 5
      vertex 8.17836 32.5481 5
      vertex 8.37132 32.3713 5
    endloop
  endfacet
  facet normal 0 0 1
    outer loop
      vertex 6.25 33.25 5
      vertex 14.1001 37.0725 5
      vertex 14.197 37.1468 5
    endloop
  endfacet
  facet normal 0 0 1
    outer loop
      vertex 13.6053 35.878 5
      vertex 7.97073 32.7075 5
      vertex 8.17836 32.5481 5
    endloop
  endfacet
  facet normal 0 0 1
    outer loop
      vertex 13.6 36 5
      vertex 7.75 32.8481 5
      vertex 7.97073 32.7075 5
    endloop
  endfacet
  facet normal 0 0 1
    outer loop
      vertex 13.6053 36.122 5
      vertex 7.51785 32.9689 5
      vertex 7.75 32.8481 5
    endloop
  endfacet
  facet normal 0 0 1
    outer loop
      vertex -14.197 37.1468 5
      vertex 14.197 37.1468 5
      vertex 14.3 37.2124 5
    endloop
  endfacet
  facet normal 0 0 1
    outer loop
      vertex 13.6477 36.3623 5
      vertex 7.27606 33.0691 5
      vertex 7.51785 32.9689 5
    endloop
  endfacet
  facet normal 0 0 1
    outer loop
      vertex 13.6844 36.4788 5
      vertex 7.02646 33.1478 5
      vertex 7.27606 33.0691 5
    endloop
  endfacet
  facet normal 0 0 1
    outer loop
      vertex 13.7312 36.5917 5
      vertex 6.77095 33.2044 5
      vertex 7.02646 33.1478 5
    endloop
  endfacet
  facet normal 0 0 1
    outer loop
      vertex 13.7876 36.7 5
      vertex 6.51147 33.2386 5
      vertex 6.77095 33.2044 5
    endloop
  endfacet
  facet normal 0 0 1
    outer loop
      vertex -14.3 37.2124 5
      vertex 14.3 37.2124 5
      vertex 14.4083 37.2688 5
    endloop
  endfacet
  facet normal 0 0 1
    outer loop
      vertex 13.8532 36.803 5
      vertex 6.25 33.25 5
      vertex 6.51147 33.2386 5
    endloop
  endfacet
  facet normal 0 0 1
    outer loop
      vertex 14.197 37.1468 5
      vertex -6.25 33.25 5
      vertex 6.25 33.25 5
    endloop
  endfacet
  facet normal 0 0 1
    outer loop
      vertex -14.4083 37.2688 5
      vertex 14.4083 37.2688 5
      vertex 14.5212 37.3156 5
    endloop
  endfacet
  facet normal 0 0 1
    outer loop
      vertex -14.5212 37.3156 5
      vertex 14.5212 37.3156 5
      vertex 14.6377 37.3523 5
    endloop
  endfacet
  facet normal 0 0 1
    outer loop
      vertex -14.6377 37.3523 5
      vertex 14.6377 37.3523 5
      vertex 14.7569 37.3787 5
    endloop
  endfacet
  facet normal 0 0 1
    outer loop
      vertex 14.197 37.1468 5
      vertex -14.197 37.1468 5
      vertex -6.25 33.25 5
    endloop
  endfacet
  facet normal -0 -0 1
    outer loop
      vertex -14.01 36.9899 5
      vertex -6.25 33.25 5
      vertex -14.1001 37.0725 5
    endloop
  endfacet
  facet normal 0 0 1
    outer loop
      vertex -8.70746 31.9707 5
      vertex -13.8532 35.197 5
      vertex -8.84808 31.75 5
    endloop
  endfacet
  facet normal -0 0 1
    outer loop
      vertex -13.8532 35.197 5
      vertex -8.70746 31.9707 5
      vertex -13.7876 35.3 5
    endloop
  endfacet
  facet normal -0 0 1
    outer loop
      vertex -13.7876 35.3 5
      vertex -8.70746 31.9707 5
      vertex -13.7312 35.4083 5
    endloop
  endfacet
  facet normal 0 0 1
    outer loop
      vertex -8.54813 32.1784 5
      vertex -13.7312 35.4083 5
      vertex -8.70746 31.9707 5
    endloop
  endfacet
  facet normal -0 0 1
    outer loop
      vertex -13.7312 35.4083 5
      vertex -8.54813 32.1784 5
      vertex -13.6844 35.5212 5
    endloop
  endfacet
  facet normal 0 0 1
    outer loop
      vertex -8.37132 32.3713 5
      vertex -13.6844 35.5212 5
      vertex -8.54813 32.1784 5
    endloop
  endfacet
  facet normal -0 0 1
    outer loop
      vertex -13.6844 35.5212 5
      vertex -8.37132 32.3713 5
      vertex -13.6477 35.6377 5
    endloop
  endfacet
  facet normal 0 0 1
    outer loop
      vertex -8.17836 32.5481 5
      vertex -13.6477 35.6377 5
      vertex -8.37132 32.3713 5
    endloop
  endfacet
  facet normal -0 0 1
    outer loop
      vertex -13.6477 35.6377 5
      vertex -8.17836 32.5481 5
      vertex -13.6213 35.7569 5
    endloop
  endfacet
  facet normal -0 0 1
    outer loop
      vertex -13.6213 35.7569 5
      vertex -8.17836 32.5481 5
      vertex -13.6053 35.878 5
    endloop
  endfacet
  facet normal 0 0 1
    outer loop
      vertex -7.97073 32.7075 5
      vertex -13.6053 35.878 5
      vertex -8.17836 32.5481 5
    endloop
  endfacet
  facet normal -0 0 1
    outer loop
      vertex -13.6053 35.878 5
      vertex -7.97073 32.7075 5
      vertex -13.6 36 5
    endloop
  endfacet
  facet normal 0 0 1
    outer loop
      vertex -7.75 32.8481 5
      vertex -13.6 36 5
      vertex -7.97073 32.7075 5
    endloop
  endfacet
  facet normal 0 0 1
    outer loop
      vertex -13.6053 36.122 5
      vertex -7.75 32.8481 5
      vertex -7.51785 32.9689 5
    endloop
  endfacet
  facet normal 0 0 1
    outer loop
      vertex -13.6213 36.2431 5
      vertex -7.51785 32.9689 5
      vertex -7.27606 33.0691 5
    endloop
  endfacet
  facet normal 0 0 1
    outer loop
      vertex -13.6844 36.4788 5
      vertex -7.27606 33.0691 5
      vertex -7.02646 33.1478 5
    endloop
  endfacet
  facet normal 0 0 1
    outer loop
      vertex -13.7312 36.5917 5
      vertex -7.02646 33.1478 5
      vertex -6.77095 33.2044 5
    endloop
  endfacet
  facet normal -0 -0 1
    outer loop
      vertex -13.9275 36.8999 5
      vertex -6.25 33.25 5
      vertex -14.01 36.9899 5
    endloop
  endfacet
  facet normal 0 0 1
    outer loop
      vertex -14.7569 37.3787 5
      vertex 14.7569 37.3787 5
      vertex 14.878 37.3947 5
    endloop
  endfacet
  facet normal 0 0 1
    outer loop
      vertex 15 37.4 5
      vertex -15 37.4 5
      vertex 14.878 37.3947 5
    endloop
  endfacet
  facet normal 0 0 1
    outer loop
      vertex -7.75 32.8481 5
      vertex -13.6053 36.122 5
      vertex -13.6 36 5
    endloop
  endfacet
  facet normal 0 0 1
    outer loop
      vertex -7.51785 32.9689 5
      vertex -13.6213 36.2431 5
      vertex -13.6053 36.122 5
    endloop
  endfacet
  facet normal 0 0 1
    outer loop
      vertex -7.27606 33.0691 5
      vertex -13.6477 36.3623 5
      vertex -13.6213 36.2431 5
    endloop
  endfacet
  facet normal 0 0 1
    outer loop
      vertex -7.27606 33.0691 5
      vertex -13.6844 36.4788 5
      vertex -13.6477 36.3623 5
    endloop
  endfacet
  facet normal 0 0 1
    outer loop
      vertex -7.02646 33.1478 5
      vertex -13.7312 36.5917 5
      vertex -13.6844 36.4788 5
    endloop
  endfacet
  facet normal 0 0 1
    outer loop
      vertex -6.77095 33.2044 5
      vertex -13.7876 36.7 5
      vertex -13.7312 36.5917 5
    endloop
  endfacet
  facet normal 0 0 1
    outer loop
      vertex -6.51147 33.2386 5
      vertex -13.7876 36.7 5
      vertex -6.77095 33.2044 5
    endloop
  endfacet
  facet normal -0 -0 1
    outer loop
      vertex -13.7876 36.7 5
      vertex -6.51147 33.2386 5
      vertex -13.8532 36.803 5
    endloop
  endfacet
  facet normal 0 0 1
    outer loop
      vertex -6.25 33.25 5
      vertex -13.8532 36.803 5
      vertex -6.51147 33.2386 5
    endloop
  endfacet
  facet normal -0 -0 1
    outer loop
      vertex -13.8532 36.803 5
      vertex -6.25 33.25 5
      vertex -13.9275 36.8999 5
    endloop
  endfacet
  facet normal 0 0 1
    outer loop
      vertex -6.25 33.25 5
      vertex -14.197 37.1468 5
      vertex -14.1001 37.0725 5
    endloop
  endfacet
  facet normal 0 0 1
    outer loop
      vertex 14.3 37.2124 5
      vertex -14.3 37.2124 5
      vertex -14.197 37.1468 5
    endloop
  endfacet
  facet normal 0 0 1
    outer loop
      vertex 14.4083 37.2688 5
      vertex -14.4083 37.2688 5
      vertex -14.3 37.2124 5
    endloop
  endfacet
  facet normal 0 0 1
    outer loop
      vertex 14.5212 37.3156 5
      vertex -14.5212 37.3156 5
      vertex -14.4083 37.2688 5
    endloop
  endfacet
  facet normal 0 0 1
    outer loop
      vertex 14.6377 37.3523 5
      vertex -14.6377 37.3523 5
      vertex -14.5212 37.3156 5
    endloop
  endfacet
  facet normal 0 0 1
    outer loop
      vertex 14.7569 37.3787 5
      vertex -14.7569 37.3787 5
      vertex -14.6377 37.3523 5
    endloop
  endfacet
  facet normal 0 0 1
    outer loop
      vertex 14.878 37.3947 5
      vertex -14.878 37.3947 5
      vertex -14.7569 37.3787 5
    endloop
  endfacet
  facet normal 0 0 1
    outer loop
      vertex 14.878 37.3947 5
      vertex -15 37.4 5
      vertex -14.878 37.3947 5
    endloop
  endfacet
  facet normal -0 0 1
    outer loop
      vertex -38.878 38.3947 5
      vertex -15 37.4 5
      vertex 75 42 5
    endloop
  endfacet
  facet normal -0 0 1
    outer loop
      vertex -37.6053 36.878 5
      vertex -16.4 36 5
      vertex -37.6 37 5
    endloop
  endfacet
  facet normal 0 0 1
    outer loop
      vertex -16.3947 36.122 5
      vertex -37.6 37 5
      vertex -16.4 36 5
    endloop
  endfacet
  facet normal 0 0 1
    outer loop
      vertex -16.3787 36.2431 5
      vertex -37.6 37 5
      vertex -16.3947 36.122 5
    endloop
  endfacet
  facet normal 0 0 1
    outer loop
      vertex -37.6053 37.122 5
      vertex -16.3787 36.2431 5
      vertex -16.3523 36.3623 5
    endloop
  endfacet
  facet normal 0 0 1
    outer loop
      vertex -37.6213 37.2431 5
      vertex -16.3523 36.3623 5
      vertex -16.3156 36.4788 5
    endloop
  endfacet
  facet normal 0 0 1
    outer loop
      vertex -37.6477 37.3623 5
      vertex -16.3156 36.4788 5
      vertex -16.2688 36.5917 5
    endloop
  endfacet
  facet normal 0 0 1
    outer loop
      vertex -37.6844 37.4788 5
      vertex -16.2688 36.5917 5
      vertex -16.2124 36.7 5
    endloop
  endfacet
  facet normal 0 0 1
    outer loop
      vertex -37.7312 37.5917 5
      vertex -16.2124 36.7 5
      vertex -16.1468 36.803 5
    endloop
  endfacet
  facet normal 0 0 1
    outer loop
      vertex -37.7876 37.7 5
      vertex -16.1468 36.803 5
      vertex -16.0725 36.8999 5
    endloop
  endfacet
  facet normal 0 0 1
    outer loop
      vertex -37.8532 37.803 5
      vertex -16.0725 36.8999 5
      vertex -15.9899 36.9899 5
    endloop
  endfacet
  facet normal 0 0 1
    outer loop
      vertex -37.9275 37.8999 5
      vertex -15.9899 36.9899 5
      vertex -15.8999 37.0725 5
    endloop
  endfacet
  facet normal 0 0 1
    outer loop
      vertex -38.01 37.9899 5
      vertex -15.8999 37.0725 5
      vertex -15.803 37.1468 5
    endloop
  endfacet
  facet normal 0 0 1
    outer loop
      vertex -38.1001 38.0725 5
      vertex -15.803 37.1468 5
      vertex -15.7 37.2124 5
    endloop
  endfacet
  facet normal 0 0 1
    outer loop
      vertex -38.197 38.1468 5
      vertex -15.7 37.2124 5
      vertex -15.5917 37.2688 5
    endloop
  endfacet
  facet normal 0 0 1
    outer loop
      vertex -38.3 38.2124 5
      vertex -15.5917 37.2688 5
      vertex -15.4788 37.3156 5
    endloop
  endfacet
  facet normal 0 0 1
    outer loop
      vertex -38.4083 38.2688 5
      vertex -15.4788 37.3156 5
      vertex -15.3623 37.3523 5
    endloop
  endfacet
  facet normal 0 0 1
    outer loop
      vertex -38.5212 38.3156 5
      vertex -15.3623 37.3523 5
      vertex -15.2431 37.3787 5
    endloop
  endfacet
  facet normal 0 0 1
    outer loop
      vertex -38.6377 38.3523 5
      vertex -15.2431 37.3787 5
      vertex -15.122 37.3947 5
    endloop
  endfacet
  facet normal 0 0 1
    outer loop
      vertex -15 37.4 5
      vertex -38.878 38.3947 5
      vertex -15.122 37.3947 5
    endloop
  endfacet
  facet normal 0 0 1
    outer loop
      vertex -16.3787 36.2431 5
      vertex -37.6053 37.122 5
      vertex -37.6 37 5
    endloop
  endfacet
  facet normal 0 0 1
    outer loop
      vertex -16.3523 36.3623 5
      vertex -37.6213 37.2431 5
      vertex -37.6053 37.122 5
    endloop
  endfacet
  facet normal 0 0 1
    outer loop
      vertex -16.3156 36.4788 5
      vertex -37.6477 37.3623 5
      vertex -37.6213 37.2431 5
    endloop
  endfacet
  facet normal 0 0 1
    outer loop
      vertex -16.2688 36.5917 5
      vertex -37.6844 37.4788 5
      vertex -37.6477 37.3623 5
    endloop
  endfacet
  facet normal 0 0 1
    outer loop
      vertex -16.2124 36.7 5
      vertex -37.7312 37.5917 5
      vertex -37.6844 37.4788 5
    endloop
  endfacet
  facet normal 0 0 1
    outer loop
      vertex -16.1468 36.803 5
      vertex -37.7876 37.7 5
      vertex -37.7312 37.5917 5
    endloop
  endfacet
  facet normal 0 0 1
    outer loop
      vertex -16.0725 36.8999 5
      vertex -37.8532 37.803 5
      vertex -37.7876 37.7 5
    endloop
  endfacet
  facet normal 0 0 1
    outer loop
      vertex -15.9899 36.9899 5
      vertex -37.9275 37.8999 5
      vertex -37.8532 37.803 5
    endloop
  endfacet
  facet normal 0 0 1
    outer loop
      vertex -15.8999 37.0725 5
      vertex -38.01 37.9899 5
      vertex -37.9275 37.8999 5
    endloop
  endfacet
  facet normal 0 0 1
    outer loop
      vertex -15.803 37.1468 5
      vertex -38.1001 38.0725 5
      vertex -38.01 37.9899 5
    endloop
  endfacet
  facet normal 0 0 1
    outer loop
      vertex -15.7 37.2124 5
      vertex -38.197 38.1468 5
      vertex -38.1001 38.0725 5
    endloop
  endfacet
  facet normal 0 0 1
    outer loop
      vertex -15.5917 37.2688 5
      vertex -38.3 38.2124 5
      vertex -38.197 38.1468 5
    endloop
  endfacet
  facet normal 0 0 1
    outer loop
      vertex -15.4788 37.3156 5
      vertex -38.4083 38.2688 5
      vertex -38.3 38.2124 5
    endloop
  endfacet
  facet normal 0 0 1
    outer loop
      vertex -15.3623 37.3523 5
      vertex -38.5212 38.3156 5
      vertex -38.4083 38.2688 5
    endloop
  endfacet
  facet normal 0 0 1
    outer loop
      vertex -15.2431 37.3787 5
      vertex -38.6377 38.3523 5
      vertex -38.5212 38.3156 5
    endloop
  endfacet
  facet normal 0 0 1
    outer loop
      vertex -15.122 37.3947 5
      vertex -38.7569 38.3787 5
      vertex -38.6377 38.3523 5
    endloop
  endfacet
  facet normal 0 0 1
    outer loop
      vertex -15.122 37.3947 5
      vertex -38.878 38.3947 5
      vertex -38.7569 38.3787 5
    endloop
  endfacet
  facet normal -0 0 1
    outer loop
      vertex -75 42 5
      vertex -38.878 38.3947 5
      vertex 75 42 5
    endloop
  endfacet
  facet normal 0 0 1
    outer loop
      vertex -54.6213 36.2431 5
      vertex -40.4 37 5
      vertex -40.3947 37.122 5
    endloop
  endfacet
  facet normal 0 0 1
    outer loop
      vertex -54.6477 36.3623 5
      vertex -40.3947 37.122 5
      vertex -40.3787 37.2431 5
    endloop
  endfacet
  facet normal 0 0 1
    outer loop
      vertex -54.6844 36.4788 5
      vertex -40.3787 37.2431 5
      vertex -40.3523 37.3623 5
    endloop
  endfacet
  facet normal 0 0 1
    outer loop
      vertex -54.7312 36.5917 5
      vertex -40.3523 37.3623 5
      vertex -40.3156 37.4788 5
    endloop
  endfacet
  facet normal 0 0 1
    outer loop
      vertex -54.7876 36.7 5
      vertex -40.3156 37.4788 5
      vertex -40.2688 37.5917 5
    endloop
  endfacet
  facet normal 0 0 1
    outer loop
      vertex -54.8532 36.803 5
      vertex -40.2688 37.5917 5
      vertex -40.2124 37.7 5
    endloop
  endfacet
  facet normal 0 0 1
    outer loop
      vertex -54.9275 36.8999 5
      vertex -40.2124 37.7 5
      vertex -40.1468 37.803 5
    endloop
  endfacet
  facet normal 0 0 1
    outer loop
      vertex -55.01 36.9899 5
      vertex -40.1468 37.803 5
      vertex -40.0725 37.8999 5
    endloop
  endfacet
  facet normal 0 0 1
    outer loop
      vertex -55.1001 37.0725 5
      vertex -40.0725 37.8999 5
      vertex -39.9899 37.9899 5
    endloop
  endfacet
  facet normal 0 0 1
    outer loop
      vertex -55.197 37.1468 5
      vertex -39.9899 37.9899 5
      vertex -39.8999 38.0725 5
    endloop
  endfacet
  facet normal 0 0 1
    outer loop
      vertex -55.3 37.2124 5
      vertex -39.8999 38.0725 5
      vertex -39.803 38.1468 5
    endloop
  endfacet
  facet normal 0 0 1
    outer loop
      vertex -55.4083 37.2688 5
      vertex -39.803 38.1468 5
      vertex -39.7 38.2124 5
    endloop
  endfacet
  facet normal 0 0 1
    outer loop
      vertex -55.5212 37.3156 5
      vertex -39.7 38.2124 5
      vertex -39.5917 38.2688 5
    endloop
  endfacet
  facet normal 0 0 1
    outer loop
      vertex -55.6377 37.3523 5
      vertex -39.5917 38.2688 5
      vertex -39.4788 38.3156 5
    endloop
  endfacet
  facet normal 0 0 1
    outer loop
      vertex -55.7569 37.3787 5
      vertex -39.4788 38.3156 5
      vertex -39.3623 38.3523 5
    endloop
  endfacet
  facet normal 0 0 1
    outer loop
      vertex -55.878 37.3947 5
      vertex -39.3623 38.3523 5
      vertex -39.2431 38.3787 5
    endloop
  endfacet
  facet normal 0 0 1
    outer loop
      vertex -40.4 37 5
      vertex -54.6053 36.122 5
      vertex -54.6 36 5
    endloop
  endfacet
  facet normal 0 0 1
    outer loop
      vertex -40.4 37 5
      vertex -54.6213 36.2431 5
      vertex -54.6053 36.122 5
    endloop
  endfacet
  facet normal 0 0 1
    outer loop
      vertex -40.3947 37.122 5
      vertex -54.6477 36.3623 5
      vertex -54.6213 36.2431 5
    endloop
  endfacet
  facet normal 0 0 1
    outer loop
      vertex -75 42 5
      vertex -39.2431 38.3787 5
      vertex -39.122 38.3947 5
    endloop
  endfacet
  facet normal 0 0 1
    outer loop
      vertex -40.3787 37.2431 5
      vertex -54.6844 36.4788 5
      vertex -54.6477 36.3623 5
    endloop
  endfacet
  facet normal 0 0 1
    outer loop
      vertex -40.3523 37.3623 5
      vertex -54.7312 36.5917 5
      vertex -54.6844 36.4788 5
    endloop
  endfacet
  facet normal 0 0 1
    outer loop
      vertex -40.3156 37.4788 5
      vertex -54.7876 36.7 5
      vertex -54.7312 36.5917 5
    endloop
  endfacet
  facet normal 0 0 1
    outer loop
      vertex -40.2688 37.5917 5
      vertex -54.8532 36.803 5
      vertex -54.7876 36.7 5
    endloop
  endfacet
  facet normal 0 0 1
    outer loop
      vertex -40.2124 37.7 5
      vertex -54.9275 36.8999 5
      vertex -54.8532 36.803 5
    endloop
  endfacet
  facet normal 0 0 1
    outer loop
      vertex -40.1468 37.803 5
      vertex -55.01 36.9899 5
      vertex -54.9275 36.8999 5
    endloop
  endfacet
  facet normal 0 0 1
    outer loop
      vertex -40.0725 37.8999 5
      vertex -55.1001 37.0725 5
      vertex -55.01 36.9899 5
    endloop
  endfacet
  facet normal 0 0 1
    outer loop
      vertex -39.9899 37.9899 5
      vertex -55.197 37.1468 5
      vertex -55.1001 37.0725 5
    endloop
  endfacet
  facet normal 0 0 1
    outer loop
      vertex -39.8999 38.0725 5
      vertex -55.3 37.2124 5
      vertex -55.197 37.1468 5
    endloop
  endfacet
  facet normal 0 0 1
    outer loop
      vertex -39.803 38.1468 5
      vertex -55.4083 37.2688 5
      vertex -55.3 37.2124 5
    endloop
  endfacet
  facet normal 0 0 1
    outer loop
      vertex -39.7 38.2124 5
      vertex -55.5212 37.3156 5
      vertex -55.4083 37.2688 5
    endloop
  endfacet
  facet normal 0 0 1
    outer loop
      vertex -39.5917 38.2688 5
      vertex -55.6377 37.3523 5
      vertex -55.5212 37.3156 5
    endloop
  endfacet
  facet normal 0 0 1
    outer loop
      vertex -39.4788 38.3156 5
      vertex -55.7569 37.3787 5
      vertex -55.6377 37.3523 5
    endloop
  endfacet
  facet normal 0 0 1
    outer loop
      vertex -39.3623 38.3523 5
      vertex -55.878 37.3947 5
      vertex -55.7569 37.3787 5
    endloop
  endfacet
  facet normal 0 0 1
    outer loop
      vertex -39.2431 38.3787 5
      vertex -75 42 5
      vertex -55.878 37.3947 5
    endloop
  endfacet
  facet normal 0 0 1
    outer loop
      vertex -55.878 37.3947 5
      vertex -75 42 5
      vertex -56 37.4 5
    endloop
  endfacet
  facet normal 0 0 1
    outer loop
      vertex -57.3787 -35.7569 5
      vertex -74 -27.5 5
      vertex -57.3947 -35.878 5
    endloop
  endfacet
  facet normal 0 0 1
    outer loop
      vertex -75 42 5
      vertex -57.4 36 5
      vertex -57.3947 36.122 5
    endloop
  endfacet
  facet normal 0 0 1
    outer loop
      vertex -75 42 5
      vertex -57.3947 36.122 5
      vertex -57.3787 36.2431 5
    endloop
  endfacet
  facet normal 0 0 1
    outer loop
      vertex -75 42 5
      vertex -57.3787 36.2431 5
      vertex -57.3523 36.3623 5
    endloop
  endfacet
  facet normal 0 0 1
    outer loop
      vertex -75 42 5
      vertex -57.3523 36.3623 5
      vertex -57.3156 36.4788 5
    endloop
  endfacet
  facet normal 0 0 1
    outer loop
      vertex -75 42 5
      vertex -57.3156 36.4788 5
      vertex -57.2688 36.5917 5
    endloop
  endfacet
  facet normal 0 0 1
    outer loop
      vertex -38.878 38.3947 5
      vertex -75 42 5
      vertex -39 38.4 5
    endloop
  endfacet
  facet normal 0 0 1
    outer loop
      vertex -75 42 5
      vertex -39.122 38.3947 5
      vertex -39 38.4 5
    endloop
  endfacet
  facet normal 0 0 1
    outer loop
      vertex -56 37.4 5
      vertex -75 42 5
      vertex -56.122 37.3947 5
    endloop
  endfacet
  facet normal 0 0 1
    outer loop
      vertex -75 42 5
      vertex -56.2431 37.3787 5
      vertex -56.122 37.3947 5
    endloop
  endfacet
  facet normal 0 0 1
    outer loop
      vertex -75 42 5
      vertex -56.3623 37.3523 5
      vertex -56.2431 37.3787 5
    endloop
  endfacet
  facet normal 0 0 1
    outer loop
      vertex -75 42 5
      vertex -56.4788 37.3156 5
      vertex -56.3623 37.3523 5
    endloop
  endfacet
  facet normal 0 0 1
    outer loop
      vertex -75 42 5
      vertex -56.5917 37.2688 5
      vertex -56.4788 37.3156 5
    endloop
  endfacet
  facet normal 0 0 1
    outer loop
      vertex -75 42 5
      vertex -56.7 37.2124 5
      vertex -56.5917 37.2688 5
    endloop
  endfacet
  facet normal 0 0 1
    outer loop
      vertex -75 42 5
      vertex -56.803 37.1468 5
      vertex -56.7 37.2124 5
    endloop
  endfacet
  facet normal 0 0 1
    outer loop
      vertex -75 42 5
      vertex -56.8999 37.0725 5
      vertex -56.803 37.1468 5
    endloop
  endfacet
  facet normal 0 0 1
    outer loop
      vertex -75 42 5
      vertex -56.9899 36.9899 5
      vertex -56.8999 37.0725 5
    endloop
  endfacet
  facet normal 0 0 1
    outer loop
      vertex -75 42 5
      vertex -57.0725 36.8999 5
      vertex -56.9899 36.9899 5
    endloop
  endfacet
  facet normal 0 0 1
    outer loop
      vertex -75 42 5
      vertex -57.1468 36.803 5
      vertex -57.0725 36.8999 5
    endloop
  endfacet
  facet normal 0 0 1
    outer loop
      vertex -75 42 5
      vertex -57.2124 36.7 5
      vertex -57.1468 36.803 5
    endloop
  endfacet
  facet normal 0 0 1
    outer loop
      vertex -75 42 5
      vertex -57.2688 36.5917 5
      vertex -57.2124 36.7 5
    endloop
  endfacet
  facet normal 0 0 1
    outer loop
      vertex -57.2688 35.4083 5
      vertex -75 42 5
      vertex -82 35 5
    endloop
  endfacet
  facet normal 0 0 1
    outer loop
      vertex -82 35 5
      vertex -75 42 5
      vertex -75.6101 41.9734 5
    endloop
  endfacet
  facet normal 0 0 1
    outer loop
      vertex -82 35 5
      vertex -75.6101 41.9734 5
      vertex -76.2155 41.8937 5
    endloop
  endfacet
  facet normal 0 0 1
    outer loop
      vertex -82 35 5
      vertex -76.2155 41.8937 5
      vertex -76.8117 41.7615 5
    endloop
  endfacet
  facet normal 0 0 1
    outer loop
      vertex -82 35 5
      vertex -76.8117 41.7615 5
      vertex -77.3941 41.5779 5
    endloop
  endfacet
  facet normal 0 0 1
    outer loop
      vertex -82 35 5
      vertex -77.3941 41.5779 5
      vertex -77.9583 41.3442 5
    endloop
  endfacet
  facet normal 0 0 1
    outer loop
      vertex -82 35 5
      vertex -77.9583 41.3442 5
      vertex -78.5 41.0622 5
    endloop
  endfacet
  facet normal 0 0 1
    outer loop
      vertex -82 35 5
      vertex -78.5 41.0622 5
      vertex -79.015 40.7341 5
    endloop
  endfacet
  facet normal 0 0 1
    outer loop
      vertex -82 35 5
      vertex -79.015 40.7341 5
      vertex -79.4995 40.3623 5
    endloop
  endfacet
  facet normal 0 0 1
    outer loop
      vertex -82 35 5
      vertex -79.4995 40.3623 5
      vertex -79.9498 39.9498 5
    endloop
  endfacet
  facet normal 0 0 1
    outer loop
      vertex -82 35 5
      vertex -79.9498 39.9498 5
      vertex -80.3623 39.4995 5
    endloop
  endfacet
  facet normal 0 0 1
    outer loop
      vertex -82 35 5
      vertex -80.3623 39.4995 5
      vertex -80.7341 39.015 5
    endloop
  endfacet
  facet normal 0 0 1
    outer loop
      vertex -82 35 5
      vertex -80.7341 39.015 5
      vertex -81.0622 38.5 5
    endloop
  endfacet
  facet normal 0 0 1
    outer loop
      vertex -82 35 5
      vertex -81.0622 38.5 5
      vertex -81.3442 37.9583 5
    endloop
  endfacet
  facet normal 0 0 1
    outer loop
      vertex -82 35 5
      vertex -81.3442 37.9583 5
      vertex -81.5779 37.3941 5
    endloop
  endfacet
  facet normal 0 0 1
    outer loop
      vertex -82 35 5
      vertex -81.5779 37.3941 5
      vertex -81.7615 36.8117 5
    endloop
  endfacet
  facet normal 0 0 1
    outer loop
      vertex -82 35 5
      vertex -81.7615 36.8117 5
      vertex -81.8937 36.2155 5
    endloop
  endfacet
  facet normal 0 0 1
    outer loop
      vertex -82 35 5
      vertex -81.8937 36.2155 5
      vertex -81.9734 35.6101 5
    endloop
  endfacet
  facet normal 0 0 1
    outer loop
      vertex -56.8999 34.9275 5
      vertex -82 35 5
      vertex -74 -2.5 5
    endloop
  endfacet
  facet normal 0 0 1
    outer loop
      vertex -74 -2.5 5
      vertex -82 35 5
      vertex -82 -2.5 5
    endloop
  endfacet
  facet normal -0 0 1
    outer loop
      vertex 74 -27.5 5
      vertex 82 -35 5
      vertex 82 -27.5 5
    endloop
  endfacet
  facet normal 0 0 1
    outer loop
      vertex 82 -35 5
      vertex 74 -27.5 5
      vertex 81.9734 -35.6101 5
    endloop
  endfacet
  facet normal 0 0 1
    outer loop
      vertex 81.9734 -35.6101 5
      vertex 74 -27.5 5
      vertex 81.8937 -36.2155 5
    endloop
  endfacet
  facet normal 0 0 1
    outer loop
      vertex 81.8937 -36.2155 5
      vertex 74 -27.5 5
      vertex 81.7615 -36.8117 5
    endloop
  endfacet
  facet normal 0 0 1
    outer loop
      vertex 81.7615 -36.8117 5
      vertex 74 -27.5 5
      vertex 81.5779 -37.3941 5
    endloop
  endfacet
  facet normal 0 0 1
    outer loop
      vertex 81.5779 -37.3941 5
      vertex 74 -27.5 5
      vertex 81.3442 -37.9583 5
    endloop
  endfacet
  facet normal 0 0 1
    outer loop
      vertex 81.3442 -37.9583 5
      vertex 74 -27.5 5
      vertex 81.0622 -38.5 5
    endloop
  endfacet
  facet normal 0 0 1
    outer loop
      vertex 81.0622 -38.5 5
      vertex 74 -27.5 5
      vertex 80.7341 -39.015 5
    endloop
  endfacet
  facet normal 0 0 1
    outer loop
      vertex 80.7341 -39.015 5
      vertex 74 -27.5 5
      vertex 80.3623 -39.4995 5
    endloop
  endfacet
  facet normal 0 0 1
    outer loop
      vertex 80.3623 -39.4995 5
      vertex 74 -27.5 5
      vertex 79.9498 -39.9498 5
    endloop
  endfacet
  facet normal 0 0 1
    outer loop
      vertex 79.9498 -39.9498 5
      vertex 74 -27.5 5
      vertex 79.4995 -40.3623 5
    endloop
  endfacet
  facet normal 0 0 1
    outer loop
      vertex 79.4995 -40.3623 5
      vertex 74 -27.5 5
      vertex 79.015 -40.7341 5
    endloop
  endfacet
  facet normal 0 0 1
    outer loop
      vertex 79.015 -40.7341 5
      vertex 74 -27.5 5
      vertex 78.5 -41.0622 5
    endloop
  endfacet
  facet normal 0 0 1
    outer loop
      vertex 78.5 -41.0622 5
      vertex 74 -27.5 5
      vertex 77.9583 -41.3442 5
    endloop
  endfacet
  facet normal 0 0 1
    outer loop
      vertex 77.9583 -41.3442 5
      vertex 74 -27.5 5
      vertex 77.3941 -41.5779 5
    endloop
  endfacet
  facet normal 0 0 1
    outer loop
      vertex 77.3941 -41.5779 5
      vertex 74 -27.5 5
      vertex 76.8117 -41.7615 5
    endloop
  endfacet
  facet normal 0 0 1
    outer loop
      vertex 76.8117 -41.7615 5
      vertex 74 -27.5 5
      vertex 76.2155 -41.8937 5
    endloop
  endfacet
  facet normal 0 0 1
    outer loop
      vertex 76.2155 -41.8937 5
      vertex 74 -27.5 5
      vertex 75.6101 -41.9734 5
    endloop
  endfacet
  facet normal 0 0 1
    outer loop
      vertex 75.6101 -41.9734 5
      vertex 74 -27.5 5
      vertex 75 -42 5
    endloop
  endfacet
  facet normal 0 0 1
    outer loop
      vertex 74 -2.5 5
      vertex 57.4 -36 5
      vertex 74 -27.5 5
    endloop
  endfacet
  facet normal 0 0 1
    outer loop
      vertex 74 -27.5 5
      vertex 57.4 -36 5
      vertex 75 -42 5
    endloop
  endfacet
  facet normal -0 0 1
    outer loop
      vertex 57.3947 -36.122 5
      vertex 75 -42 5
      vertex 57.4 -36 5
    endloop
  endfacet
  facet normal -0 0 1
    outer loop
      vertex 57.3787 -36.2431 5
      vertex 75 -42 5
      vertex 57.3947 -36.122 5
    endloop
  endfacet
  facet normal -0 0 1
    outer loop
      vertex 57.3523 -36.3623 5
      vertex 75 -42 5
      vertex 57.3787 -36.2431 5
    endloop
  endfacet
  facet normal -0 0 1
    outer loop
      vertex 57.3156 -36.4788 5
      vertex 75 -42 5
      vertex 57.3523 -36.3623 5
    endloop
  endfacet
  facet normal -0 0 1
    outer loop
      vertex 57.2688 -36.5917 5
      vertex 75 -42 5
      vertex 57.3156 -36.4788 5
    endloop
  endfacet
  facet normal -0 0 1
    outer loop
      vertex 57.2124 -36.7 5
      vertex 75 -42 5
      vertex 57.2688 -36.5917 5
    endloop
  endfacet
  facet normal -0 0 1
    outer loop
      vertex 57.1468 -36.803 5
      vertex 75 -42 5
      vertex 57.2124 -36.7 5
    endloop
  endfacet
  facet normal -0 0 1
    outer loop
      vertex 57.0725 -36.8999 5
      vertex 75 -42 5
      vertex 57.1468 -36.803 5
    endloop
  endfacet
  facet normal -0 0 1
    outer loop
      vertex 56.9899 -36.9899 5
      vertex 75 -42 5
      vertex 57.0725 -36.8999 5
    endloop
  endfacet
  facet normal -0 0 1
    outer loop
      vertex 56.8999 -37.0725 5
      vertex 75 -42 5
      vertex 56.9899 -36.9899 5
    endloop
  endfacet
  facet normal -0 0 1
    outer loop
      vertex 56.803 -37.1468 5
      vertex 75 -42 5
      vertex 56.8999 -37.0725 5
    endloop
  endfacet
  facet normal -0 0 1
    outer loop
      vertex 56.7 -37.2124 5
      vertex 75 -42 5
      vertex 56.803 -37.1468 5
    endloop
  endfacet
  facet normal -0 0 1
    outer loop
      vertex 56.5917 -37.2688 5
      vertex 75 -42 5
      vertex 56.7 -37.2124 5
    endloop
  endfacet
  facet normal -0 0 1
    outer loop
      vertex 56.4788 -37.3156 5
      vertex 75 -42 5
      vertex 56.5917 -37.2688 5
    endloop
  endfacet
  facet normal -0 0 1
    outer loop
      vertex 56.3623 -37.3523 5
      vertex 75 -42 5
      vertex 56.4788 -37.3156 5
    endloop
  endfacet
  facet normal -0 0 1
    outer loop
      vertex 56.2431 -37.3787 5
      vertex 75 -42 5
      vertex 56.3623 -37.3523 5
    endloop
  endfacet
  facet normal -0 0 1
    outer loop
      vertex 56.122 -37.3947 5
      vertex 75 -42 5
      vertex 56.2431 -37.3787 5
    endloop
  endfacet
  facet normal -0 0 1
    outer loop
      vertex 56 -37.4 5
      vertex 75 -42 5
      vertex 56.122 -37.3947 5
    endloop
  endfacet
  facet normal 0 0 1
    outer loop
      vertex 55.878 -37.3947 5
      vertex 75 -42 5
      vertex 56 -37.4 5
    endloop
  endfacet
  facet normal 0 0 1
    outer loop
      vertex 55.7569 -37.3787 5
      vertex 75 -42 5
      vertex 55.878 -37.3947 5
    endloop
  endfacet
  facet normal 0 0 1
    outer loop
      vertex -55.7569 -37.3787 5
      vertex 55.7569 -37.3787 5
      vertex 55.6377 -37.3523 5
    endloop
  endfacet
  facet normal -0 0 1
    outer loop
      vertex 40.3787 36.7569 5
      vertex 54.6 36 5
      vertex 40.3947 36.878 5
    endloop
  endfacet
  facet normal 0 0 1
    outer loop
      vertex 54.6053 35.878 5
      vertex 40.3787 36.7569 5
      vertex 40.3523 36.6377 5
    endloop
  endfacet
  facet normal 0 0 1
    outer loop
      vertex 54.6213 35.7569 5
      vertex 40.3523 36.6377 5
      vertex 40.3156 36.5212 5
    endloop
  endfacet
  facet normal 0 0 1
    outer loop
      vertex 54.6477 35.6377 5
      vertex 40.3156 36.5212 5
      vertex 40.2688 36.4083 5
    endloop
  endfacet
  facet normal 0 0 1
    outer loop
      vertex 54.6844 35.5212 5
      vertex 40.2688 36.4083 5
      vertex 40.2124 36.3 5
    endloop
  endfacet
  facet normal 0 0 1
    outer loop
      vertex 54.7312 35.4083 5
      vertex 40.2124 36.3 5
      vertex 40.1468 36.197 5
    endloop
  endfacet
  facet normal 0 0 1
    outer loop
      vertex 54.7876 35.3 5
      vertex 40.1468 36.197 5
      vertex 40.0725 36.1001 5
    endloop
  endfacet
  facet normal 0 0 1
    outer loop
      vertex 54.8532 35.197 5
      vertex 40.0725 36.1001 5
      vertex 39.9899 36.01 5
    endloop
  endfacet
  facet normal 0 0 1
    outer loop
      vertex 54.9275 35.1001 5
      vertex 39.9899 36.01 5
      vertex 39.8999 35.9275 5
    endloop
  endfacet
  facet normal 0 0 1
    outer loop
      vertex 55.01 35.01 5
      vertex 39.8999 35.9275 5
      vertex 39.803 35.8532 5
    endloop
  endfacet
  facet normal 0 0 1
    outer loop
      vertex 55.1001 34.9275 5
      vertex 39.803 35.8532 5
      vertex 39.7 35.7876 5
    endloop
  endfacet
  facet normal 0 0 1
    outer loop
      vertex 55.197 34.8532 5
      vertex 39.7 35.7876 5
      vertex 39.5917 35.7312 5
    endloop
  endfacet
  facet normal 0 0 1
    outer loop
      vertex 55.3 34.7876 5
      vertex 39.5917 35.7312 5
      vertex 39.4788 35.6844 5
    endloop
  endfacet
  facet normal 0 0 1
    outer loop
      vertex 55.4083 34.7312 5
      vertex 39.4788 35.6844 5
      vertex 39.3623 35.6477 5
    endloop
  endfacet
  facet normal 0 0 1
    outer loop
      vertex 74 -2.5 5
      vertex 16.3523 11.6377 5
      vertex 16.3156 11.5212 5
    endloop
  endfacet
  facet normal -0 0 1
    outer loop
      vertex 15.7 10.7876 5
      vertex 54.9275 -35.1001 5
      vertex 15.803 10.8532 5
    endloop
  endfacet
  facet normal 0 0 1
    outer loop
      vertex 55.5212 34.6844 5
      vertex 39.3623 35.6477 5
      vertex 16.3787 11.7569 5
    endloop
  endfacet
  facet normal 0 0 1
    outer loop
      vertex 16.3787 11.7569 5
      vertex 39.3623 35.6477 5
      vertex 39.2431 35.6213 5
    endloop
  endfacet
  facet normal 0 0 1
    outer loop
      vertex 16.3947 11.878 5
      vertex 39.2431 35.6213 5
      vertex 39.122 35.6053 5
    endloop
  endfacet
  facet normal 0 0 1
    outer loop
      vertex 16.4 12 5
      vertex 39.122 35.6053 5
      vertex 39 35.6 5
    endloop
  endfacet
  facet normal 0 0 1
    outer loop
      vertex 16.4 12 5
      vertex 39 35.6 5
      vertex 38.878 35.6053 5
    endloop
  endfacet
  facet normal 0 0 1
    outer loop
      vertex 16.4 12 5
      vertex 38.878 35.6053 5
      vertex 38.7569 35.6213 5
    endloop
  endfacet
  facet normal 0 0 1
    outer loop
      vertex 16.4 12 5
      vertex 38.7569 35.6213 5
      vertex 38.6377 35.6477 5
    endloop
  endfacet
  facet normal 0 0 1
    outer loop
      vertex 54.9275 -35.1001 5
      vertex 15.7 10.7876 5
      vertex 54.8532 -35.197 5
    endloop
  endfacet
  facet normal 0 0 1
    outer loop
      vertex 16.4 12 5
      vertex 38.6377 35.6477 5
      vertex 38.5212 35.6844 5
    endloop
  endfacet
  facet normal 0 0 1
    outer loop
      vertex 16.4 12 5
      vertex 38.5212 35.6844 5
      vertex 38.4083 35.7312 5
    endloop
  endfacet
  facet normal 0 0 1
    outer loop
      vertex 16.4 12 5
      vertex 38.4083 35.7312 5
      vertex 38.3 35.7876 5
    endloop
  endfacet
  facet normal 0 0 1
    outer loop
      vertex 16.4 12 5
      vertex 38.3 35.7876 5
      vertex 38.197 35.8532 5
    endloop
  endfacet
  facet normal 0 0 1
    outer loop
      vertex 16.4 12 5
      vertex 38.197 35.8532 5
      vertex 38.1001 35.9275 5
    endloop
  endfacet
  facet normal 0 0 1
    outer loop
      vertex 16.2688 35.4083 5
      vertex 37.7876 36.3 5
      vertex 16.3156 35.5212 5
    endloop
  endfacet
  facet normal 0 0 1
    outer loop
      vertex 16.3156 35.5212 5
      vertex 37.7312 36.4083 5
      vertex 16.3523 35.6377 5
    endloop
  endfacet
  facet normal 0 0 1
    outer loop
      vertex 37.6844 36.5212 5
      vertex 16.3523 35.6377 5
      vertex 37.7312 36.4083 5
    endloop
  endfacet
  facet normal 0 0 1
    outer loop
      vertex 16.3523 35.6377 5
      vertex 37.6844 36.5212 5
      vertex 16.3787 35.7569 5
    endloop
  endfacet
  facet normal 0 0 1
    outer loop
      vertex 37.6477 36.6377 5
      vertex 16.3787 35.7569 5
      vertex 37.6844 36.5212 5
    endloop
  endfacet
  facet normal 0 0 1
    outer loop
      vertex 16.3787 35.7569 5
      vertex 37.6477 36.6377 5
      vertex 16.3947 35.878 5
    endloop
  endfacet
  facet normal 0 0 1
    outer loop
      vertex 37.6213 36.7569 5
      vertex 16.3947 35.878 5
      vertex 37.6477 36.6377 5
    endloop
  endfacet
  facet normal 0 0 1
    outer loop
      vertex 16.4 36 5
      vertex 37.6053 36.878 5
      vertex 37.6 37 5
    endloop
  endfacet
  facet normal 0 0 1
    outer loop
      vertex 16.4 36 5
      vertex 37.6213 36.7569 5
      vertex 37.6053 36.878 5
    endloop
  endfacet
  facet normal 0 0 1
    outer loop
      vertex 16.3947 35.878 5
      vertex 37.6213 36.7569 5
      vertex 16.4 36 5
    endloop
  endfacet
  facet normal 0 0 1
    outer loop
      vertex 37.7312 36.4083 5
      vertex 16.3156 35.5212 5
      vertex 37.7876 36.3 5
    endloop
  endfacet
  facet normal 0 0 1
    outer loop
      vertex 39.122 35.6053 5
      vertex 16.4 12 5
      vertex 16.3947 11.878 5
    endloop
  endfacet
  facet normal 0 0 1
    outer loop
      vertex 39.2431 35.6213 5
      vertex 16.3947 11.878 5
      vertex 16.3787 11.7569 5
    endloop
  endfacet
  facet normal 0 0 1
    outer loop
      vertex 74 -2.5 5
      vertex 16.3787 11.7569 5
      vertex 16.3523 11.6377 5
    endloop
  endfacet
  facet normal -0 0 1
    outer loop
      vertex 15.5917 10.7312 5
      vertex 54.8532 -35.197 5
      vertex 15.7 10.7876 5
    endloop
  endfacet
  facet normal 0 0 1
    outer loop
      vertex 54.8532 -35.197 5
      vertex 15.5917 10.7312 5
      vertex 54.7876 -35.3 5
    endloop
  endfacet
  facet normal -0 0 1
    outer loop
      vertex 15.4788 10.6844 5
      vertex 54.7876 -35.3 5
      vertex 15.5917 10.7312 5
    endloop
  endfacet
  facet normal 0 0 1
    outer loop
      vertex 54.7876 -35.3 5
      vertex 15.4788 10.6844 5
      vertex 54.7312 -35.4083 5
    endloop
  endfacet
  facet normal -0 0 1
    outer loop
      vertex 15.3623 10.6477 5
      vertex 54.7312 -35.4083 5
      vertex 15.4788 10.6844 5
    endloop
  endfacet
  facet normal 0 0 1
    outer loop
      vertex 54.7312 -35.4083 5
      vertex 15.3623 10.6477 5
      vertex 54.6844 -35.5212 5
    endloop
  endfacet
  facet normal -0 0 1
    outer loop
      vertex 15.2431 10.6213 5
      vertex 54.6844 -35.5212 5
      vertex 15.3623 10.6477 5
    endloop
  endfacet
  facet normal 0 0 1
    outer loop
      vertex 54.6844 -35.5212 5
      vertex 15.2431 10.6213 5
      vertex 54.6477 -35.6377 5
    endloop
  endfacet
  facet normal -0 0 1
    outer loop
      vertex 15.122 10.6053 5
      vertex 54.6477 -35.6377 5
      vertex 15.2431 10.6213 5
    endloop
  endfacet
  facet normal 0 0 1
    outer loop
      vertex 54.6477 -35.6377 5
      vertex 15.122 10.6053 5
      vertex 54.6213 -35.7569 5
    endloop
  endfacet
  facet normal -0 0 1
    outer loop
      vertex 15 10.6 5
      vertex 54.6213 -35.7569 5
      vertex 15.122 10.6053 5
    endloop
  endfacet
  facet normal 0 0 1
    outer loop
      vertex 54.6213 -35.7569 5
      vertex 15 10.6 5
      vertex 54.6053 -35.878 5
    endloop
  endfacet
  facet normal 0 0 1
    outer loop
      vertex 14.878 10.6053 5
      vertex 54.6053 -35.878 5
      vertex 15 10.6 5
    endloop
  endfacet
  facet normal 0 0 1
    outer loop
      vertex 54.6053 -35.878 5
      vertex 14.878 10.6053 5
      vertex 54.6 -36 5
    endloop
  endfacet
  facet normal 0 0 1
    outer loop
      vertex 14.7569 10.6213 5
      vertex 54.6 -36 5
      vertex 14.878 10.6053 5
    endloop
  endfacet
  facet normal 0 0 1
    outer loop
      vertex 54.6 -36 5
      vertex 14.7569 10.6213 5
      vertex 54.6053 -36.122 5
    endloop
  endfacet
  facet normal 0 0 1
    outer loop
      vertex 14.6377 10.6477 5
      vertex 54.6053 -36.122 5
      vertex 14.7569 10.6213 5
    endloop
  endfacet
  facet normal -0 0 1
    outer loop
      vertex -14.6377 10.6477 5
      vertex 54.6053 -36.122 5
      vertex 14.6377 10.6477 5
    endloop
  endfacet
  facet normal 0 0 1
    outer loop
      vertex -54.6053 -36.122 5
      vertex 54.6053 -36.122 5
      vertex -14.6377 10.6477 5
    endloop
  endfacet
  facet normal 0 0 1
    outer loop
      vertex 54.6053 -36.122 5
      vertex -54.6053 -36.122 5
      vertex 54.6213 -36.2431 5
    endloop
  endfacet
  facet normal 0 0 1
    outer loop
      vertex -54.6213 -36.2431 5
      vertex 54.6213 -36.2431 5
      vertex -54.6053 -36.122 5
    endloop
  endfacet
  facet normal 0 0 1
    outer loop
      vertex 54.6213 -36.2431 5
      vertex -54.6213 -36.2431 5
      vertex 54.6477 -36.3623 5
    endloop
  endfacet
  facet normal 0 0 1
    outer loop
      vertex -54.6477 -36.3623 5
      vertex 54.6477 -36.3623 5
      vertex -54.6213 -36.2431 5
    endloop
  endfacet
  facet normal 0 0 1
    outer loop
      vertex 54.6477 -36.3623 5
      vertex -54.6477 -36.3623 5
      vertex 54.6844 -36.4788 5
    endloop
  endfacet
  facet normal 0 0 1
    outer loop
      vertex -14.6377 10.6477 5
      vertex 14.6377 10.6477 5
      vertex 14.5212 10.6844 5
    endloop
  endfacet
  facet normal 0 0 1
    outer loop
      vertex -14.5212 10.6844 5
      vertex 14.5212 10.6844 5
      vertex 14.4083 10.7312 5
    endloop
  endfacet
  facet normal 0 0 1
    outer loop
      vertex -14.4083 10.7312 5
      vertex 14.4083 10.7312 5
      vertex 14.3 10.7876 5
    endloop
  endfacet
  facet normal 0 0 1
    outer loop
      vertex -14.3 10.7876 5
      vertex 14.3 10.7876 5
      vertex 14.197 10.8532 5
    endloop
  endfacet
  facet normal 0 0 1
    outer loop
      vertex 6.25 14.75 5
      vertex 14.197 10.8532 5
      vertex 14.1001 10.9275 5
    endloop
  endfacet
  facet normal 0 0 1
    outer loop
      vertex 6.25 14.75 5
      vertex 14.1001 10.9275 5
      vertex 14.01 11.01 5
    endloop
  endfacet
  facet normal 0 0 1
    outer loop
      vertex 6.25 14.75 5
      vertex 14.01 11.01 5
      vertex 13.9275 11.1001 5
    endloop
  endfacet
  facet normal -0 0 1
    outer loop
      vertex 8.70746 16.0293 5
      vertex 13.8532 12.803 5
      vertex 8.84808 16.25 5
    endloop
  endfacet
  facet normal 0 0 1
    outer loop
      vertex 13.8532 12.803 5
      vertex 8.70746 16.0293 5
      vertex 13.7876 12.7 5
    endloop
  endfacet
  facet normal 0 0 1
    outer loop
      vertex 13.7876 12.7 5
      vertex 8.70746 16.0293 5
      vertex 13.7312 12.5917 5
    endloop
  endfacet
  facet normal -0 0 1
    outer loop
      vertex 8.54813 15.8216 5
      vertex 13.7312 12.5917 5
      vertex 8.70746 16.0293 5
    endloop
  endfacet
  facet normal 0 0 1
    outer loop
      vertex 13.7312 12.5917 5
      vertex 8.54813 15.8216 5
      vertex 13.6844 12.4788 5
    endloop
  endfacet
  facet normal -0 0 1
    outer loop
      vertex 8.37132 15.6287 5
      vertex 13.6844 12.4788 5
      vertex 8.54813 15.8216 5
    endloop
  endfacet
  facet normal 0 0 1
    outer loop
      vertex 13.6844 12.4788 5
      vertex 8.37132 15.6287 5
      vertex 13.6477 12.3623 5
    endloop
  endfacet
  facet normal -0 0 1
    outer loop
      vertex 8.17836 15.4519 5
      vertex 13.6477 12.3623 5
      vertex 8.37132 15.6287 5
    endloop
  endfacet
  facet normal 0 0 1
    outer loop
      vertex 13.6477 12.3623 5
      vertex 8.17836 15.4519 5
      vertex 13.6213 12.2431 5
    endloop
  endfacet
  facet normal 0 0 1
    outer loop
      vertex 13.6213 12.2431 5
      vertex 8.17836 15.4519 5
      vertex 13.6053 12.122 5
    endloop
  endfacet
  facet normal -0 0 1
    outer loop
      vertex 7.97073 15.2925 5
      vertex 13.6053 12.122 5
      vertex 8.17836 15.4519 5
    endloop
  endfacet
  facet normal 0 0 1
    outer loop
      vertex 13.6053 12.122 5
      vertex 7.97073 15.2925 5
      vertex 13.6 12 5
    endloop
  endfacet
  facet normal -0 0 1
    outer loop
      vertex 7.75 15.1519 5
      vertex 13.6 12 5
      vertex 7.97073 15.2925 5
    endloop
  endfacet
  facet normal 0 0 1
    outer loop
      vertex 13.6 12 5
      vertex 7.75 15.1519 5
      vertex 13.6053 11.878 5
    endloop
  endfacet
  facet normal -0 0 1
    outer loop
      vertex 7.51785 15.0311 5
      vertex 13.6053 11.878 5
      vertex 7.75 15.1519 5
    endloop
  endfacet
  facet normal 0 0 1
    outer loop
      vertex 13.6053 11.878 5
      vertex 7.51785 15.0311 5
      vertex 13.6213 11.7569 5
    endloop
  endfacet
  facet normal 0 0 1
    outer loop
      vertex 13.6213 11.7569 5
      vertex 7.51785 15.0311 5
      vertex 13.6477 11.6377 5
    endloop
  endfacet
  facet normal -0 0 1
    outer loop
      vertex 7.27606 14.9309 5
      vertex 13.6477 11.6377 5
      vertex 7.51785 15.0311 5
    endloop
  endfacet
  facet normal 0 0 1
    outer loop
      vertex 13.6477 11.6377 5
      vertex 7.27606 14.9309 5
      vertex 13.6844 11.5212 5
    endloop
  endfacet
  facet normal -0 0 1
    outer loop
      vertex 7.02646 14.8522 5
      vertex 13.6844 11.5212 5
      vertex 7.27606 14.9309 5
    endloop
  endfacet
  facet normal 0 0 1
    outer loop
      vertex 13.6844 11.5212 5
      vertex 7.02646 14.8522 5
      vertex 13.7312 11.4083 5
    endloop
  endfacet
  facet normal -0 0 1
    outer loop
      vertex 6.77095 14.7956 5
      vertex 13.7312 11.4083 5
      vertex 7.02646 14.8522 5
    endloop
  endfacet
  facet normal 0 0 1
    outer loop
      vertex 13.7312 11.4083 5
      vertex 6.77095 14.7956 5
      vertex 13.7876 11.3 5
    endloop
  endfacet
  facet normal -0 0 1
    outer loop
      vertex 6.51147 14.7614 5
      vertex 13.7876 11.3 5
      vertex 6.77095 14.7956 5
    endloop
  endfacet
  facet normal 0 0 1
    outer loop
      vertex 13.7876 11.3 5
      vertex 6.51147 14.7614 5
      vertex 13.8532 11.197 5
    endloop
  endfacet
  facet normal -0 0 1
    outer loop
      vertex 6.25 14.75 5
      vertex 13.8532 11.197 5
      vertex 6.51147 14.7614 5
    endloop
  endfacet
  facet normal 0 0 1
    outer loop
      vertex 13.8532 11.197 5
      vertex 6.25 14.75 5
      vertex 13.9275 11.1001 5
    endloop
  endfacet
  facet normal 0 0 1
    outer loop
      vertex 14.197 10.8532 5
      vertex 6.25 14.75 5
      vertex -14.197 10.8532 5
    endloop
  endfacet
  facet normal 0 0 1
    outer loop
      vertex 14.4083 10.7312 5
      vertex -14.4083 10.7312 5
      vertex -14.5212 10.6844 5
    endloop
  endfacet
  facet normal 0 0 1
    outer loop
      vertex -14.197 10.8532 5
      vertex 6.25 14.75 5
      vertex -6.25 14.75 5
    endloop
  endfacet
  facet normal 0 0 1
    outer loop
      vertex 14.3 10.7876 5
      vertex -14.3 10.7876 5
      vertex -14.4083 10.7312 5
    endloop
  endfacet
  facet normal 0 0 1
    outer loop
      vertex -13.8532 11.197 5
      vertex -6.25 14.75 5
      vertex -6.51147 14.7614 5
    endloop
  endfacet
  facet normal 0 0 1
    outer loop
      vertex -13.7876 11.3 5
      vertex -6.51147 14.7614 5
      vertex -6.77095 14.7956 5
    endloop
  endfacet
  facet normal 0 0 1
    outer loop
      vertex -13.7312 11.4083 5
      vertex -6.77095 14.7956 5
      vertex -7.02646 14.8522 5
    endloop
  endfacet
  facet normal 0 0 1
    outer loop
      vertex -13.6844 11.5212 5
      vertex -7.02646 14.8522 5
      vertex -7.27606 14.9309 5
    endloop
  endfacet
  facet normal 0 0 1
    outer loop
      vertex -13.6477 11.6377 5
      vertex -7.27606 14.9309 5
      vertex -7.51785 15.0311 5
    endloop
  endfacet
  facet normal 0 0 1
    outer loop
      vertex -13.6053 11.878 5
      vertex -7.51785 15.0311 5
      vertex -7.75 15.1519 5
    endloop
  endfacet
  facet normal 0 0 1
    outer loop
      vertex -13.6 12 5
      vertex -7.75 15.1519 5
      vertex -7.97073 15.2925 5
    endloop
  endfacet
  facet normal 0 0 1
    outer loop
      vertex -13.6 12 5
      vertex -7.97073 15.2925 5
      vertex -8.17836 15.4519 5
    endloop
  endfacet
  facet normal -0 0 1
    outer loop
      vertex -13.9275 35.1001 5
      vertex -8.84808 31.75 5
      vertex -13.8532 35.197 5
    endloop
  endfacet
  facet normal 0 0 1
    outer loop
      vertex -9.25 17.75 5
      vertex -13.6 12 5
      vertex -9.23859 17.4885 5
    endloop
  endfacet
  facet normal 0 0 1
    outer loop
      vertex -9.23859 17.4885 5
      vertex -13.6 12 5
      vertex -9.20442 17.229 5
    endloop
  endfacet
  facet normal 0 0 1
    outer loop
      vertex -9.20442 17.229 5
      vertex -13.6 12 5
      vertex -9.14778 16.9735 5
    endloop
  endfacet
  facet normal 0 0 1
    outer loop
      vertex -13.6 12 5
      vertex -9.06908 16.7239 5
      vertex -9.14778 16.9735 5
    endloop
  endfacet
  facet normal 0 0 1
    outer loop
      vertex -13.6 12 5
      vertex -8.96892 16.4821 5
      vertex -9.06908 16.7239 5
    endloop
  endfacet
  facet normal 0 0 1
    outer loop
      vertex -13.6 12 5
      vertex -8.84808 16.25 5
      vertex -8.96892 16.4821 5
    endloop
  endfacet
  facet normal 0 0 1
    outer loop
      vertex -13.6 12 5
      vertex -8.70746 16.0293 5
      vertex -8.84808 16.25 5
    endloop
  endfacet
  facet normal 0 0 1
    outer loop
      vertex -13.6 12 5
      vertex -8.54813 15.8216 5
      vertex -8.70746 16.0293 5
    endloop
  endfacet
  facet normal 0 0 1
    outer loop
      vertex -13.6 12 5
      vertex -8.37132 15.6287 5
      vertex -8.54813 15.8216 5
    endloop
  endfacet
  facet normal 0 0 1
    outer loop
      vertex -13.6 12 5
      vertex -8.17836 15.4519 5
      vertex -8.37132 15.6287 5
    endloop
  endfacet
  facet normal 0 0 1
    outer loop
      vertex -7.75 15.1519 5
      vertex -13.6 12 5
      vertex -13.6053 11.878 5
    endloop
  endfacet
  facet normal 0 0 1
    outer loop
      vertex -7.51785 15.0311 5
      vertex -13.6053 11.878 5
      vertex -13.6213 11.7569 5
    endloop
  endfacet
  facet normal 0 0 1
    outer loop
      vertex -7.51785 15.0311 5
      vertex -13.6213 11.7569 5
      vertex -13.6477 11.6377 5
    endloop
  endfacet
  facet normal 0 0 1
    outer loop
      vertex -7.27606 14.9309 5
      vertex -13.6477 11.6377 5
      vertex -13.6844 11.5212 5
    endloop
  endfacet
  facet normal 0 0 1
    outer loop
      vertex -7.02646 14.8522 5
      vertex -13.6844 11.5212 5
      vertex -13.7312 11.4083 5
    endloop
  endfacet
  facet normal 0 0 1
    outer loop
      vertex -6.77095 14.7956 5
      vertex -13.7312 11.4083 5
      vertex -13.7876 11.3 5
    endloop
  endfacet
  facet normal 0 0 1
    outer loop
      vertex -6.51147 14.7614 5
      vertex -13.7876 11.3 5
      vertex -13.8532 11.197 5
    endloop
  endfacet
  facet normal 0 0 1
    outer loop
      vertex -6.25 14.75 5
      vertex -13.8532 11.197 5
      vertex -13.9275 11.1001 5
    endloop
  endfacet
  facet normal 0 0 1
    outer loop
      vertex -6.25 14.75 5
      vertex -13.9275 11.1001 5
      vertex -14.01 11.01 5
    endloop
  endfacet
  facet normal 0 0 1
    outer loop
      vertex -6.25 14.75 5
      vertex -14.01 11.01 5
      vertex -14.1001 10.9275 5
    endloop
  endfacet
  facet normal 0 0 1
    outer loop
      vertex -6.25 14.75 5
      vertex -14.1001 10.9275 5
      vertex -14.197 10.8532 5
    endloop
  endfacet
  facet normal 0 0 1
    outer loop
      vertex 14.197 10.8532 5
      vertex -14.197 10.8532 5
      vertex -14.3 10.7876 5
    endloop
  endfacet
  facet normal 0 0 1
    outer loop
      vertex 14.5212 10.6844 5
      vertex -14.5212 10.6844 5
      vertex -14.6377 10.6477 5
    endloop
  endfacet
  facet normal 0 0 1
    outer loop
      vertex -54.6844 -36.4788 5
      vertex 54.6844 -36.4788 5
      vertex -54.6477 -36.3623 5
    endloop
  endfacet
  facet normal 0 0 1
    outer loop
      vertex 54.6844 -36.4788 5
      vertex -54.6844 -36.4788 5
      vertex 54.7312 -36.5917 5
    endloop
  endfacet
  facet normal 0 0 1
    outer loop
      vertex -54.7312 -36.5917 5
      vertex 54.7312 -36.5917 5
      vertex -54.6844 -36.4788 5
    endloop
  endfacet
  facet normal 0 0 1
    outer loop
      vertex 54.7312 -36.5917 5
      vertex -54.7312 -36.5917 5
      vertex 54.7876 -36.7 5
    endloop
  endfacet
  facet normal 0 0 1
    outer loop
      vertex -54.6053 -36.122 5
      vertex -14.6377 10.6477 5
      vertex -14.7569 10.6213 5
    endloop
  endfacet
  facet normal 0 0 1
    outer loop
      vertex -54.6 -36 5
      vertex -14.7569 10.6213 5
      vertex -14.878 10.6053 5
    endloop
  endfacet
  facet normal 0 0 1
    outer loop
      vertex -54.6 -36 5
      vertex -14.878 10.6053 5
      vertex -15 10.6 5
    endloop
  endfacet
  facet normal 0 0 1
    outer loop
      vertex -54.6 -36 5
      vertex -15 10.6 5
      vertex -15.122 10.6053 5
    endloop
  endfacet
  facet normal 0 0 1
    outer loop
      vertex -54.6 -36 5
      vertex -15.122 10.6053 5
      vertex -15.2431 10.6213 5
    endloop
  endfacet
  facet normal 0 0 1
    outer loop
      vertex -54.6 -36 5
      vertex -15.2431 10.6213 5
      vertex -15.3623 10.6477 5
    endloop
  endfacet
  facet normal 0 0 1
    outer loop
      vertex -54.6 -36 5
      vertex -15.3623 10.6477 5
      vertex -15.4788 10.6844 5
    endloop
  endfacet
  facet normal 0 0 1
    outer loop
      vertex -54.6 -36 5
      vertex -15.4788 10.6844 5
      vertex -15.5917 10.7312 5
    endloop
  endfacet
  facet normal 0 0 1
    outer loop
      vertex -54.6 -36 5
      vertex -15.5917 10.7312 5
      vertex -15.7 10.7876 5
    endloop
  endfacet
  facet normal 0 0 1
    outer loop
      vertex -54.6 -36 5
      vertex -15.7 10.7876 5
      vertex -15.803 10.8532 5
    endloop
  endfacet
  facet normal -0 0 1
    outer loop
      vertex -37.6213 36.7569 5
      vertex -16.4 36 5
      vertex -37.6053 36.878 5
    endloop
  endfacet
  facet normal 0 0 1
    outer loop
      vertex -16.3947 35.878 5
      vertex -37.6213 36.7569 5
      vertex -37.6477 36.6377 5
    endloop
  endfacet
  facet normal 0 0 1
    outer loop
      vertex -16.3787 35.7569 5
      vertex -37.6477 36.6377 5
      vertex -37.6844 36.5212 5
    endloop
  endfacet
  facet normal 0 0 1
    outer loop
      vertex -16.3523 35.6377 5
      vertex -37.6844 36.5212 5
      vertex -37.7312 36.4083 5
    endloop
  endfacet
  facet normal 0 0 1
    outer loop
      vertex -16.3156 35.5212 5
      vertex -37.7312 36.4083 5
      vertex -37.7876 36.3 5
    endloop
  endfacet
  facet normal 0 0 1
    outer loop
      vertex -16.2688 35.4083 5
      vertex -37.7876 36.3 5
      vertex -37.8532 36.197 5
    endloop
  endfacet
  facet normal 0 0 1
    outer loop
      vertex -16.2124 35.3 5
      vertex -37.8532 36.197 5
      vertex -37.9275 36.1001 5
    endloop
  endfacet
  facet normal 0 0 1
    outer loop
      vertex -16.1468 35.197 5
      vertex -37.9275 36.1001 5
      vertex -38.01 36.01 5
    endloop
  endfacet
  facet normal -0 0 1
    outer loop
      vertex -38.5212 35.6844 5
      vertex -16.2688 12.5917 5
      vertex -38.4083 35.7312 5
    endloop
  endfacet
  facet normal 0 0 1
    outer loop
      vertex -16.2688 12.5917 5
      vertex -38.5212 35.6844 5
      vertex -16.3156 12.4788 5
    endloop
  endfacet
  facet normal -0 0 1
    outer loop
      vertex -38.6377 35.6477 5
      vertex -16.3156 12.4788 5
      vertex -38.5212 35.6844 5
    endloop
  endfacet
  facet normal 0 0 1
    outer loop
      vertex -16.3156 12.4788 5
      vertex -38.6377 35.6477 5
      vertex -16.3523 12.3623 5
    endloop
  endfacet
  facet normal -0 0 1
    outer loop
      vertex -38.7569 35.6213 5
      vertex -16.3523 12.3623 5
      vertex -38.6377 35.6477 5
    endloop
  endfacet
  facet normal 0 0 1
    outer loop
      vertex -16.3523 12.3623 5
      vertex -38.7569 35.6213 5
      vertex -16.3787 12.2431 5
    endloop
  endfacet
  facet normal -0 0 1
    outer loop
      vertex -38.878 35.6053 5
      vertex -16.3787 12.2431 5
      vertex -38.7569 35.6213 5
    endloop
  endfacet
  facet normal 0 0 1
    outer loop
      vertex -16.3787 12.2431 5
      vertex -38.878 35.6053 5
      vertex -16.3947 12.122 5
    endloop
  endfacet
  facet normal -0 0 1
    outer loop
      vertex -39 35.6 5
      vertex -16.3947 12.122 5
      vertex -38.878 35.6053 5
    endloop
  endfacet
  facet normal 0 0 1
    outer loop
      vertex -16.3947 12.122 5
      vertex -39 35.6 5
      vertex -16.4 12 5
    endloop
  endfacet
  facet normal 0 0 1
    outer loop
      vertex -39.122 35.6053 5
      vertex -16.4 12 5
      vertex -39 35.6 5
    endloop
  endfacet
  facet normal 0 0 1
    outer loop
      vertex -16.4 12 5
      vertex -39.122 35.6053 5
      vertex -16.3947 11.878 5
    endloop
  endfacet
  facet normal 0 0 1
    outer loop
      vertex -39.2431 35.6213 5
      vertex -16.3947 11.878 5
      vertex -39.122 35.6053 5
    endloop
  endfacet
  facet normal 0 0 1
    outer loop
      vertex -16.3947 11.878 5
      vertex -39.2431 35.6213 5
      vertex -16.3787 11.7569 5
    endloop
  endfacet
  facet normal 0 0 1
    outer loop
      vertex -39.3623 35.6477 5
      vertex -16.3787 11.7569 5
      vertex -39.2431 35.6213 5
    endloop
  endfacet
  facet normal 0 0 1
    outer loop
      vertex -55.01 35.01 5
      vertex -39.8999 35.9275 5
      vertex -54.9275 35.1001 5
    endloop
  endfacet
  facet normal 0 0 1
    outer loop
      vertex -40.0725 36.1001 5
      vertex -54.8532 35.197 5
      vertex -39.9899 36.01 5
    endloop
  endfacet
  facet normal 0 0 1
    outer loop
      vertex -54.9275 35.1001 5
      vertex -39.9899 36.01 5
      vertex -54.8532 35.197 5
    endloop
  endfacet
  facet normal 0 0 1
    outer loop
      vertex -39.9899 36.01 5
      vertex -54.9275 35.1001 5
      vertex -39.8999 35.9275 5
    endloop
  endfacet
  facet normal 0 0 1
    outer loop
      vertex -16.3156 11.5212 5
      vertex -54.6 -36 5
      vertex -16.2688 11.4083 5
    endloop
  endfacet
  facet normal 0 0 1
    outer loop
      vertex -16.2688 11.4083 5
      vertex -54.6 -36 5
      vertex -16.2124 11.3 5
    endloop
  endfacet
  facet normal 0 0 1
    outer loop
      vertex -16.2124 11.3 5
      vertex -54.6 -36 5
      vertex -16.1468 11.197 5
    endloop
  endfacet
  facet normal 0 0 1
    outer loop
      vertex -54.8532 35.197 5
      vertex -40.0725 36.1001 5
      vertex -54.7876 35.3 5
    endloop
  endfacet
  facet normal 0 0 1
    outer loop
      vertex -40.1468 36.197 5
      vertex -54.7876 35.3 5
      vertex -40.0725 36.1001 5
    endloop
  endfacet
  facet normal 0 0 1
    outer loop
      vertex -54.7876 35.3 5
      vertex -40.1468 36.197 5
      vertex -54.7312 35.4083 5
    endloop
  endfacet
  facet normal 0 0 1
    outer loop
      vertex -40.2124 36.3 5
      vertex -54.7312 35.4083 5
      vertex -40.1468 36.197 5
    endloop
  endfacet
  facet normal 0 0 1
    outer loop
      vertex -54.7312 35.4083 5
      vertex -40.2124 36.3 5
      vertex -54.6844 35.5212 5
    endloop
  endfacet
  facet normal 0 0 1
    outer loop
      vertex -40.2688 36.4083 5
      vertex -54.6844 35.5212 5
      vertex -40.2124 36.3 5
    endloop
  endfacet
  facet normal 0 0 1
    outer loop
      vertex -54.6 36 5
      vertex -40.3947 36.878 5
      vertex -40.4 37 5
    endloop
  endfacet
  facet normal 0 0 1
    outer loop
      vertex -54.6 36 5
      vertex -40.3787 36.7569 5
      vertex -40.3947 36.878 5
    endloop
  endfacet
  facet normal 0 0 1
    outer loop
      vertex -54.6053 35.878 5
      vertex -40.3787 36.7569 5
      vertex -54.6 36 5
    endloop
  endfacet
  facet normal 0 0 1
    outer loop
      vertex -40.3787 36.7569 5
      vertex -54.6053 35.878 5
      vertex -40.3523 36.6377 5
    endloop
  endfacet
  facet normal 0 0 1
    outer loop
      vertex -54.6213 35.7569 5
      vertex -40.3523 36.6377 5
      vertex -54.6053 35.878 5
    endloop
  endfacet
  facet normal 0 0 1
    outer loop
      vertex -40.3523 36.6377 5
      vertex -54.6213 35.7569 5
      vertex -40.3156 36.5212 5
    endloop
  endfacet
  facet normal 0 0 1
    outer loop
      vertex -54.6477 35.6377 5
      vertex -40.3156 36.5212 5
      vertex -54.6213 35.7569 5
    endloop
  endfacet
  facet normal 0 0 1
    outer loop
      vertex -40.3156 36.5212 5
      vertex -54.6477 35.6377 5
      vertex -40.2688 36.4083 5
    endloop
  endfacet
  facet normal 0 0 1
    outer loop
      vertex -54.6844 35.5212 5
      vertex -40.2688 36.4083 5
      vertex -54.6477 35.6377 5
    endloop
  endfacet
  facet normal 0 0 1
    outer loop
      vertex -16.1468 11.197 5
      vertex -54.6 -36 5
      vertex -16.0725 11.1001 5
    endloop
  endfacet
  facet normal 0 0 1
    outer loop
      vertex -16.0725 11.1001 5
      vertex -54.6 -36 5
      vertex -15.9899 11.01 5
    endloop
  endfacet
  facet normal 0 0 1
    outer loop
      vertex -15.9899 11.01 5
      vertex -54.6 -36 5
      vertex -15.8999 10.9275 5
    endloop
  endfacet
  facet normal 0 0 1
    outer loop
      vertex -15.8999 10.9275 5
      vertex -54.6 -36 5
      vertex -15.803 10.8532 5
    endloop
  endfacet
  facet normal 0 0 1
    outer loop
      vertex -14.7569 10.6213 5
      vertex -54.6 -36 5
      vertex -54.6053 -36.122 5
    endloop
  endfacet
  facet normal 0 0 1
    outer loop
      vertex -54.7876 -36.7 5
      vertex 54.7876 -36.7 5
      vertex -54.7312 -36.5917 5
    endloop
  endfacet
  facet normal 0 0 1
    outer loop
      vertex 54.7876 -36.7 5
      vertex -54.7876 -36.7 5
      vertex 54.8532 -36.803 5
    endloop
  endfacet
  facet normal 0 0 1
    outer loop
      vertex -54.8532 -36.803 5
      vertex 54.8532 -36.803 5
      vertex -54.7876 -36.7 5
    endloop
  endfacet
  facet normal 0 0 1
    outer loop
      vertex 54.8532 -36.803 5
      vertex -54.8532 -36.803 5
      vertex 54.9275 -36.8999 5
    endloop
  endfacet
  facet normal 0 0 1
    outer loop
      vertex -54.9275 -36.8999 5
      vertex 54.9275 -36.8999 5
      vertex -54.8532 -36.803 5
    endloop
  endfacet
  facet normal 0 0 1
    outer loop
      vertex 54.9275 -36.8999 5
      vertex -54.9275 -36.8999 5
      vertex 55.01 -36.9899 5
    endloop
  endfacet
  facet normal 0 0 1
    outer loop
      vertex -55.01 -36.9899 5
      vertex 55.01 -36.9899 5
      vertex -54.9275 -36.8999 5
    endloop
  endfacet
  facet normal 0 0 1
    outer loop
      vertex 55.01 -36.9899 5
      vertex -55.01 -36.9899 5
      vertex 55.1001 -37.0725 5
    endloop
  endfacet
  facet normal 0 0 1
    outer loop
      vertex -55.1001 -37.0725 5
      vertex 55.1001 -37.0725 5
      vertex -55.01 -36.9899 5
    endloop
  endfacet
  facet normal 0 0 1
    outer loop
      vertex 55.1001 -37.0725 5
      vertex -55.1001 -37.0725 5
      vertex 55.197 -37.1468 5
    endloop
  endfacet
  facet normal 0 0 1
    outer loop
      vertex -55.197 -37.1468 5
      vertex 55.197 -37.1468 5
      vertex -55.1001 -37.0725 5
    endloop
  endfacet
  facet normal 0 0 1
    outer loop
      vertex 55.197 -37.1468 5
      vertex -55.197 -37.1468 5
      vertex 55.3 -37.2124 5
    endloop
  endfacet
  facet normal 0 0 1
    outer loop
      vertex -55.3 -37.2124 5
      vertex 55.3 -37.2124 5
      vertex -55.197 -37.1468 5
    endloop
  endfacet
  facet normal 0 0 1
    outer loop
      vertex 55.3 -37.2124 5
      vertex -55.3 -37.2124 5
      vertex 55.4083 -37.2688 5
    endloop
  endfacet
  facet normal 0 0 1
    outer loop
      vertex -55.4083 -37.2688 5
      vertex 55.4083 -37.2688 5
      vertex -55.3 -37.2124 5
    endloop
  endfacet
  facet normal 0 0 1
    outer loop
      vertex 55.4083 -37.2688 5
      vertex -55.4083 -37.2688 5
      vertex 55.5212 -37.3156 5
    endloop
  endfacet
  facet normal 0 0 1
    outer loop
      vertex -55.5212 -37.3156 5
      vertex 55.5212 -37.3156 5
      vertex -55.4083 -37.2688 5
    endloop
  endfacet
  facet normal 0 0 1
    outer loop
      vertex 55.5212 -37.3156 5
      vertex -55.5212 -37.3156 5
      vertex 55.6377 -37.3523 5
    endloop
  endfacet
  facet normal 0 0 1
    outer loop
      vertex -55.6377 -37.3523 5
      vertex 55.6377 -37.3523 5
      vertex -55.5212 -37.3156 5
    endloop
  endfacet
  facet normal 0 0 1
    outer loop
      vertex -55.7569 -37.3787 5
      vertex 55.6377 -37.3523 5
      vertex -55.6377 -37.3523 5
    endloop
  endfacet
  facet normal 0 0 1
    outer loop
      vertex 55.7569 -37.3787 5
      vertex -55.7569 -37.3787 5
      vertex 75 -42 5
    endloop
  endfacet
  facet normal 0 0 1
    outer loop
      vertex -75 -42 5
      vertex -55.7569 -37.3787 5
      vertex -55.878 -37.3947 5
    endloop
  endfacet
  facet normal 0 0 1
    outer loop
      vertex -75 -42 5
      vertex -55.878 -37.3947 5
      vertex -56 -37.4 5
    endloop
  endfacet
  facet normal 0 0 1
    outer loop
      vertex -75 -42 5
      vertex -57.3947 -35.878 5
      vertex -74 -27.5 5
    endloop
  endfacet
  facet normal 0 0 1
    outer loop
      vertex -57.3947 -35.878 5
      vertex -75 -42 5
      vertex -57.4 -36 5
    endloop
  endfacet
  facet normal 0 0 1
    outer loop
      vertex -57.4 -36 5
      vertex -75 -42 5
      vertex -57.3947 -36.122 5
    endloop
  endfacet
  facet normal 0 0 1
    outer loop
      vertex -57.3947 -36.122 5
      vertex -75 -42 5
      vertex -57.3787 -36.2431 5
    endloop
  endfacet
  facet normal 0 0 1
    outer loop
      vertex -57.3787 -36.2431 5
      vertex -75 -42 5
      vertex -57.3523 -36.3623 5
    endloop
  endfacet
  facet normal 0 0 1
    outer loop
      vertex -57.3523 -36.3623 5
      vertex -75 -42 5
      vertex -57.3156 -36.4788 5
    endloop
  endfacet
  facet normal 0 0 1
    outer loop
      vertex -57.3156 -36.4788 5
      vertex -75 -42 5
      vertex -57.2688 -36.5917 5
    endloop
  endfacet
  facet normal 0 0 1
    outer loop
      vertex -57.2688 -36.5917 5
      vertex -75 -42 5
      vertex -57.2124 -36.7 5
    endloop
  endfacet
  facet normal 0 0 1
    outer loop
      vertex -57.2124 -36.7 5
      vertex -75 -42 5
      vertex -57.1468 -36.803 5
    endloop
  endfacet
  facet normal 0 0 1
    outer loop
      vertex -57.1468 -36.803 5
      vertex -75 -42 5
      vertex -57.0725 -36.8999 5
    endloop
  endfacet
  facet normal 0 0 1
    outer loop
      vertex -57.0725 -36.8999 5
      vertex -75 -42 5
      vertex -56.9899 -36.9899 5
    endloop
  endfacet
  facet normal 0 0 1
    outer loop
      vertex -56.9899 -36.9899 5
      vertex -75 -42 5
      vertex -56.8999 -37.0725 5
    endloop
  endfacet
  facet normal 0 0 1
    outer loop
      vertex -56.8999 -37.0725 5
      vertex -75 -42 5
      vertex -56.803 -37.1468 5
    endloop
  endfacet
  facet normal 0 0 1
    outer loop
      vertex -55.7569 -37.3787 5
      vertex -75 -42 5
      vertex 75 -42 5
    endloop
  endfacet
  facet normal 0 0 1
    outer loop
      vertex -56.122 -37.3947 5
      vertex -75 -42 5
      vertex -56 -37.4 5
    endloop
  endfacet
  facet normal 0 0 1
    outer loop
      vertex -56.2431 -37.3787 5
      vertex -75 -42 5
      vertex -56.122 -37.3947 5
    endloop
  endfacet
  facet normal 0 0 1
    outer loop
      vertex -56.3623 -37.3523 5
      vertex -75 -42 5
      vertex -56.2431 -37.3787 5
    endloop
  endfacet
  facet normal 0 0 1
    outer loop
      vertex -56.4788 -37.3156 5
      vertex -75 -42 5
      vertex -56.3623 -37.3523 5
    endloop
  endfacet
  facet normal 0 0 1
    outer loop
      vertex -56.5917 -37.2688 5
      vertex -75 -42 5
      vertex -56.4788 -37.3156 5
    endloop
  endfacet
  facet normal 0 0 1
    outer loop
      vertex -56.7 -37.2124 5
      vertex -75 -42 5
      vertex -56.5917 -37.2688 5
    endloop
  endfacet
  facet normal 0 0 1
    outer loop
      vertex -56.803 -37.1468 5
      vertex -75 -42 5
      vertex -56.7 -37.2124 5
    endloop
  endfacet
  facet normal 0 0 1
    outer loop
      vertex -74 -27.5 5
      vertex -75.6101 -41.9734 5
      vertex -75 -42 5
    endloop
  endfacet
  facet normal 0 0 1
    outer loop
      vertex -74 -27.5 5
      vertex -76.2155 -41.8937 5
      vertex -75.6101 -41.9734 5
    endloop
  endfacet
  facet normal 0 0 1
    outer loop
      vertex -74 -27.5 5
      vertex -76.8117 -41.7615 5
      vertex -76.2155 -41.8937 5
    endloop
  endfacet
  facet normal 0 0 1
    outer loop
      vertex -74 -27.5 5
      vertex -77.3941 -41.5779 5
      vertex -76.8117 -41.7615 5
    endloop
  endfacet
  facet normal 0 0 1
    outer loop
      vertex -74 -27.5 5
      vertex -77.9583 -41.3442 5
      vertex -77.3941 -41.5779 5
    endloop
  endfacet
  facet normal 0 0 1
    outer loop
      vertex -74 -27.5 5
      vertex -78.5 -41.0622 5
      vertex -77.9583 -41.3442 5
    endloop
  endfacet
  facet normal 0 0 1
    outer loop
      vertex -74 -27.5 5
      vertex -79.015 -40.7341 5
      vertex -78.5 -41.0622 5
    endloop
  endfacet
  facet normal 0 0 1
    outer loop
      vertex -74 -27.5 5
      vertex -79.4995 -40.3623 5
      vertex -79.015 -40.7341 5
    endloop
  endfacet
  facet normal 0 0 1
    outer loop
      vertex -74 -27.5 5
      vertex -79.9498 -39.9498 5
      vertex -79.4995 -40.3623 5
    endloop
  endfacet
  facet normal 0 0 1
    outer loop
      vertex -74 -27.5 5
      vertex -80.3623 -39.4995 5
      vertex -79.9498 -39.9498 5
    endloop
  endfacet
  facet normal 0 0 1
    outer loop
      vertex -74 -27.5 5
      vertex -80.7341 -39.015 5
      vertex -80.3623 -39.4995 5
    endloop
  endfacet
  facet normal 0 0 1
    outer loop
      vertex -74 -27.5 5
      vertex -81.0622 -38.5 5
      vertex -80.7341 -39.015 5
    endloop
  endfacet
  facet normal 0 0 1
    outer loop
      vertex -74 -27.5 5
      vertex -81.3442 -37.9583 5
      vertex -81.0622 -38.5 5
    endloop
  endfacet
  facet normal 0 0 1
    outer loop
      vertex -74 -27.5 5
      vertex -81.5779 -37.3941 5
      vertex -81.3442 -37.9583 5
    endloop
  endfacet
  facet normal 0 0 1
    outer loop
      vertex -74 -27.5 5
      vertex -81.7615 -36.8117 5
      vertex -81.5779 -37.3941 5
    endloop
  endfacet
  facet normal 0 0 1
    outer loop
      vertex -74 -27.5 5
      vertex -81.8937 -36.2155 5
      vertex -81.7615 -36.8117 5
    endloop
  endfacet
  facet normal 0 0 1
    outer loop
      vertex -74 -27.5 5
      vertex -81.9734 -35.6101 5
      vertex -81.8937 -36.2155 5
    endloop
  endfacet
  facet normal 0 0 1
    outer loop
      vertex -82 -35 5
      vertex -74 -27.5 5
      vertex -82 -27.5 5
    endloop
  endfacet
  facet normal 0 0 1
    outer loop
      vertex -74 -27.5 5
      vertex -82 -35 5
      vertex -81.9734 -35.6101 5
    endloop
  endfacet
  facet normal 0.46176 0.887005 -0
    outer loop
      vertex -77.9583 -41.3442 5
      vertex -78.5 -41.0622 31
      vertex -77.9583 -41.3442 31
    endloop
  endfacet
  facet normal 0.46176 0.887005 0
    outer loop
      vertex -78.5 -41.0622 31
      vertex -77.9583 -41.3442 5
      vertex -78.5 -41.0622 5
    endloop
  endfacet
  facet normal 0.382684 0.923879 -0
    outer loop
      vertex -77.3941 -41.5779 5
      vertex -77.9583 -41.3442 31
      vertex -77.3941 -41.5779 31
    endloop
  endfacet
  facet normal 0.382684 0.923879 0
    outer loop
      vertex -77.9583 -41.3442 31
      vertex -77.3941 -41.5779 5
      vertex -77.9583 -41.3442 5
    endloop
  endfacet
  facet normal 0.043558 0.999051 -0
    outer loop
      vertex -75 -42 5
      vertex -75.6101 -41.9734 31
      vertex -75 -42 31
    endloop
  endfacet
  facet normal 0.043558 0.999051 0
    outer loop
      vertex -75.6101 -41.9734 31
      vertex -75 -42 5
      vertex -75.6101 -41.9734 5
    endloop
  endfacet
  facet normal 0.21648 0.976287 -0
    outer loop
      vertex -76.2155 -41.8937 5
      vertex -76.8117 -41.7615 31
      vertex -76.2155 -41.8937 31
    endloop
  endfacet
  facet normal 0.21648 0.976287 0
    outer loop
      vertex -76.8117 -41.7615 31
      vertex -76.2155 -41.8937 5
      vertex -76.8117 -41.7615 5
    endloop
  endfacet
  facet normal 0.130522 -0.991445 0
    outer loop
      vertex -76.2155 41.8937 5
      vertex -75.6101 41.9734 31
      vertex -76.2155 41.8937 31
    endloop
  endfacet
  facet normal 0.130522 -0.991445 0
    outer loop
      vertex -75.6101 41.9734 31
      vertex -76.2155 41.8937 5
      vertex -75.6101 41.9734 5
    endloop
  endfacet
  facet normal -0.382684 -0.923879 0
    outer loop
      vertex 77.3941 41.5779 5
      vertex 77.9583 41.3442 31
      vertex 77.3941 41.5779 31
    endloop
  endfacet
  facet normal -0.382684 -0.923879 -0
    outer loop
      vertex 77.9583 41.3442 31
      vertex 77.3941 41.5779 5
      vertex 77.9583 41.3442 5
    endloop
  endfacet
  facet normal -0.21648 -0.976287 0
    outer loop
      vertex 76.2155 41.8937 5
      vertex 76.8117 41.7615 31
      vertex 76.2155 41.8937 31
    endloop
  endfacet
  facet normal -0.21648 -0.976287 -0
    outer loop
      vertex 76.8117 41.7615 31
      vertex 76.2155 41.8937 5
      vertex 76.8117 41.7615 5
    endloop
  endfacet
  facet normal -0.999051 0.043558 0
    outer loop
      vertex 81.9734 -35.6101 5
      vertex 82 -35 31
      vertex 82 -35 5
    endloop
  endfacet
  facet normal -0.999051 0.043558 0
    outer loop
      vertex 82 -35 31
      vertex 81.9734 -35.6101 5
      vertex 81.9734 -35.6101 31
    endloop
  endfacet
  facet normal -1 0 0
    outer loop
      vertex 82 -35 5
      vertex 82 -27.5 27.611
      vertex 82 -27.5 5
    endloop
  endfacet
  facet normal -1 0 0
    outer loop
      vertex 82 -35 31
      vertex 82 -27.5 27.611
      vertex 82 -35 5
    endloop
  endfacet
  facet normal -1 0 0
    outer loop
      vertex 82 -27.5 27.611
      vertex 82 -35 31
      vertex 82 -27.5249 27.65
    endloop
  endfacet
  facet normal -1 0 0
    outer loop
      vertex 82 -27.5249 27.65
      vertex 82 -35 31
      vertex 82 -27.5934 27.7815
    endloop
  endfacet
  facet normal -1 0 0
    outer loop
      vertex 82 -27.5934 27.7815
      vertex 82 -35 31
      vertex 82 -27.6501 27.9186
    endloop
  endfacet
  facet normal -1 0 0
    outer loop
      vertex 82 -27.6501 27.9186
      vertex 82 -35 31
      vertex 82 -27.6947 28.06
    endloop
  endfacet
  facet normal -1 0 0
    outer loop
      vertex 82 -27.6947 28.06
      vertex 82 -35 31
      vertex 82 -27.7268 28.2048
    endloop
  endfacet
  facet normal -1 0 0
    outer loop
      vertex 82 -27.7268 28.2048
      vertex 82 -35 31
      vertex 82 -27.7462 28.3518
    endloop
  endfacet
  facet normal -1 -0 0
    outer loop
      vertex 82 -27.5 29.389
      vertex 82 -27.5249 29.35
      vertex 82 -27.5 29.5
    endloop
  endfacet
  facet normal -1 0 0
    outer loop
      vertex 82 27.2547 27.2979
      vertex 82 35 31
      vertex 82 35 5
    endloop
  endfacet
  facet normal -1 0 0
    outer loop
      vertex 82 35 31
      vertex 82 27.7462 28.3518
      vertex 82 27.7526 28.5
    endloop
  endfacet
  facet normal -1 0 0
    outer loop
      vertex 82 35 31
      vertex 82 27.7268 28.2048
      vertex 82 27.7462 28.3518
    endloop
  endfacet
  facet normal -1 0 0
    outer loop
      vertex 82 35 31
      vertex 82 27.6947 28.06
      vertex 82 27.7268 28.2048
    endloop
  endfacet
  facet normal -1 0 0
    outer loop
      vertex 82 35 31
      vertex 82 27.6501 27.9186
      vertex 82 27.6947 28.06
    endloop
  endfacet
  facet normal -1 0 0
    outer loop
      vertex 82 35 31
      vertex 82 27.5934 27.7815
      vertex 82 27.6501 27.9186
    endloop
  endfacet
  facet normal -1 0 0
    outer loop
      vertex 82 35 31
      vertex 82 27.5249 27.65
      vertex 82 27.5934 27.7815
    endloop
  endfacet
  facet normal -1 0 0
    outer loop
      vertex 82 35 31
      vertex 82 27.4452 27.5249
      vertex 82 27.5249 27.65
    endloop
  endfacet
  facet normal -1 0 0
    outer loop
      vertex 82 35 31
      vertex 82 27.3549 27.4073
      vertex 82 27.4452 27.5249
    endloop
  endfacet
  facet normal -1 0 0
    outer loop
      vertex 82 35 31
      vertex 82 27.2547 27.2979
      vertex 82 27.3549 27.4073
    endloop
  endfacet
  facet normal -1 0 0
    outer loop
      vertex 82 35 5
      vertex 82 27.1454 27.1977
      vertex 82 27.2547 27.2979
    endloop
  endfacet
  facet normal -1 0 0
    outer loop
      vertex 82 35 5
      vertex 82 27.0277 27.1074
      vertex 82 27.1454 27.1977
    endloop
  endfacet
  facet normal -1 0 0
    outer loop
      vertex 82 35 5
      vertex 82 26.9026 27.0278
      vertex 82 27.0277 27.1074
    endloop
  endfacet
  facet normal -1 0 0
    outer loop
      vertex 82 35 5
      vertex 82 26.7711 26.9593
      vertex 82 26.9026 27.0278
    endloop
  endfacet
  facet normal -1 0 0
    outer loop
      vertex 82 35 5
      vertex 82 26.6341 26.9025
      vertex 82 26.7711 26.9593
    endloop
  endfacet
  facet normal -1 0 0
    outer loop
      vertex 82 35 5
      vertex 82 26.4926 26.8579
      vertex 82 26.6341 26.9025
    endloop
  endfacet
  facet normal -1 0 0
    outer loop
      vertex 82 35 5
      vertex 82 26.3478 26.8258
      vertex 82 26.4926 26.8579
    endloop
  endfacet
  facet normal -1 0 0
    outer loop
      vertex 82 35 5
      vertex 82 26.2008 26.8065
      vertex 82 26.3478 26.8258
    endloop
  endfacet
  facet normal -1 0 0
    outer loop
      vertex 82 35 5
      vertex 82 26.0526 26.8
      vertex 82 26.2008 26.8065
    endloop
  endfacet
  facet normal -1 0 0
    outer loop
      vertex 82 35 5
      vertex 82 25.9045 26.8065
      vertex 82 26.0526 26.8
    endloop
  endfacet
  facet normal -1 0 0
    outer loop
      vertex 82 35 5
      vertex 82 25.7574 26.8258
      vertex 82 25.9045 26.8065
    endloop
  endfacet
  facet normal -1 0 0
    outer loop
      vertex 82 35 5
      vertex 82 25.6126 26.8579
      vertex 82 25.7574 26.8258
    endloop
  endfacet
  facet normal -1 0 0
    outer loop
      vertex 82 35 5
      vertex 82 25.4712 26.9025
      vertex 82 25.6126 26.8579
    endloop
  endfacet
  facet normal -1 0 0
    outer loop
      vertex 82 35 5
      vertex 82 25.3342 26.9593
      vertex 82 25.4712 26.9025
    endloop
  endfacet
  facet normal -1 0 0
    outer loop
      vertex 82 35 5
      vertex 82 25.2026 27.0278
      vertex 82 25.3342 26.9593
    endloop
  endfacet
  facet normal -1 0 0
    outer loop
      vertex 82 -2.5 5
      vertex 82 25.2026 27.0278
      vertex 82 35 5
    endloop
  endfacet
  facet normal -1 -0 0
    outer loop
      vertex 82 25.2026 27.0278
      vertex 82 -2.5 5
      vertex 82 25.0776 27.1074
    endloop
  endfacet
  facet normal -1 -0 0
    outer loop
      vertex 82 25.0776 27.1074
      vertex 82 -2.5 5
      vertex 82 24.9599 27.1977
    endloop
  endfacet
  facet normal -1 -0 0
    outer loop
      vertex 82 24.9599 27.1977
      vertex 82 -2.5 5
      vertex 82 24.8505 27.2979
    endloop
  endfacet
  facet normal -1 -0 0
    outer loop
      vertex 82 24.8505 27.2979
      vertex 82 -2.5 5
      vertex 82 24.7504 27.4073
    endloop
  endfacet
  facet normal -1 -0 0
    outer loop
      vertex 82 24.7504 27.4073
      vertex 82 -2.5 5
      vertex 82 24.6601 27.5249
    endloop
  endfacet
  facet normal -1 0 0
    outer loop
      vertex 82 -2.5 29.5
      vertex 82 24.6601 27.5249
      vertex 82 -2.5 5
    endloop
  endfacet
  facet normal -1 0 0
    outer loop
      vertex 82 24.3785 28.2048
      vertex 82 -2.5 29.5
      vertex 82 24.3591 28.3518
    endloop
  endfacet
  facet normal -1 0 0
    outer loop
      vertex 82 24.4106 28.06
      vertex 82 -2.5 29.5
      vertex 82 24.3785 28.2048
    endloop
  endfacet
  facet normal -1 0 0
    outer loop
      vertex 82 24.4552 27.9186
      vertex 82 -2.5 29.5
      vertex 82 24.4106 28.06
    endloop
  endfacet
  facet normal -1 0 0
    outer loop
      vertex 82 24.5119 27.7815
      vertex 82 -2.5 29.5
      vertex 82 24.4552 27.9186
    endloop
  endfacet
  facet normal -1 0 0
    outer loop
      vertex 82 24.5804 27.65
      vertex 82 -2.5 29.5
      vertex 82 24.5119 27.7815
    endloop
  endfacet
  facet normal -1 0 0
    outer loop
      vertex 82 24.6601 27.5249
      vertex 82 -2.5 29.5
      vertex 82 24.5804 27.65
    endloop
  endfacet
  facet normal -1 0 0
    outer loop
      vertex 82 27.7462 28.6482
      vertex 82 35 31
      vertex 82 27.7526 28.5
    endloop
  endfacet
  facet normal -1 0 0
    outer loop
      vertex 82 27.7268 28.7952
      vertex 82 35 31
      vertex 82 27.7462 28.6482
    endloop
  endfacet
  facet normal -1 0 0
    outer loop
      vertex 82 27.6947 28.94
      vertex 82 35 31
      vertex 82 27.7268 28.7952
    endloop
  endfacet
  facet normal -1 0 0
    outer loop
      vertex 82 27.6501 29.0814
      vertex 82 35 31
      vertex 82 27.6947 28.94
    endloop
  endfacet
  facet normal -1 0 0
    outer loop
      vertex 82 27.5934 29.2185
      vertex 82 35 31
      vertex 82 27.6501 29.0814
    endloop
  endfacet
  facet normal -1 0 0
    outer loop
      vertex 82 27.5249 29.35
      vertex 82 35 31
      vertex 82 27.5934 29.2185
    endloop
  endfacet
  facet normal -1 0 0
    outer loop
      vertex 82 27.4452 29.4751
      vertex 82 35 31
      vertex 82 27.5249 29.35
    endloop
  endfacet
  facet normal -1 0 0
    outer loop
      vertex 82 27.3549 29.5927
      vertex 82 35 31
      vertex 82 27.4452 29.4751
    endloop
  endfacet
  facet normal -1 0 0
    outer loop
      vertex 82 27.2547 29.7021
      vertex 82 35 31
      vertex 82 27.3549 29.5927
    endloop
  endfacet
  facet normal -1 0 0
    outer loop
      vertex 82 27.1454 29.8023
      vertex 82 35 31
      vertex 82 27.2547 29.7021
    endloop
  endfacet
  facet normal -1 0 0
    outer loop
      vertex 82 27.0277 29.8926
      vertex 82 35 31
      vertex 82 27.1454 29.8023
    endloop
  endfacet
  facet normal -1 0 0
    outer loop
      vertex 82 26.9026 29.9722
      vertex 82 35 31
      vertex 82 27.0277 29.8926
    endloop
  endfacet
  facet normal -1 0 0
    outer loop
      vertex 82 26.7711 30.0407
      vertex 82 35 31
      vertex 82 26.9026 29.9722
    endloop
  endfacet
  facet normal -1 0 0
    outer loop
      vertex 82 26.6341 30.0975
      vertex 82 35 31
      vertex 82 26.7711 30.0407
    endloop
  endfacet
  facet normal -1 0 0
    outer loop
      vertex 82 26.4926 30.1421
      vertex 82 35 31
      vertex 82 26.6341 30.0975
    endloop
  endfacet
  facet normal -1 0 0
    outer loop
      vertex 82 26.3478 30.1742
      vertex 82 35 31
      vertex 82 26.4926 30.1421
    endloop
  endfacet
  facet normal -1 0 0
    outer loop
      vertex 82 26.2008 30.1935
      vertex 82 35 31
      vertex 82 26.3478 30.1742
    endloop
  endfacet
  facet normal -1 0 0
    outer loop
      vertex 82 26.0526 30.2
      vertex 82 35 31
      vertex 82 26.2008 30.1935
    endloop
  endfacet
  facet normal -1 0 0
    outer loop
      vertex 82 25.9045 30.1935
      vertex 82 35 31
      vertex 82 26.0526 30.2
    endloop
  endfacet
  facet normal -1 0 0
    outer loop
      vertex 82 24.3591 28.3518
      vertex 82 -2.5 29.5
      vertex 82 24.3526 28.5
    endloop
  endfacet
  facet normal -1 0 0
    outer loop
      vertex 82 24.3526 28.5
      vertex 82 -2.5 29.5
      vertex 82 24.3591 28.6482
    endloop
  endfacet
  facet normal -1 0 0
    outer loop
      vertex 82 24.3591 28.6482
      vertex 82 -2.5 29.5
      vertex 82 24.3785 28.7952
    endloop
  endfacet
  facet normal -1 0 0
    outer loop
      vertex 82 24.3785 28.7952
      vertex 82 -2.5 29.5
      vertex 82 24.4106 28.94
    endloop
  endfacet
  facet normal -1 0 0
    outer loop
      vertex 82 24.4106 28.94
      vertex 82 -2.5 29.5
      vertex 82 24.4552 29.0814
    endloop
  endfacet
  facet normal -1 0 0
    outer loop
      vertex 82 24.4552 29.0814
      vertex 82 -2.5 29.5
      vertex 82 24.5119 29.2185
    endloop
  endfacet
  facet normal -1 0 0
    outer loop
      vertex 82 24.5119 29.2185
      vertex 82 -2.5 29.5
      vertex 82 24.5804 29.35
    endloop
  endfacet
  facet normal -1 0 0
    outer loop
      vertex 82 24.5804 29.35
      vertex 82 -2.5 29.5
      vertex 82 24.6601 29.4751
    endloop
  endfacet
  facet normal -1 0 0
    outer loop
      vertex 82 24.6601 29.4751
      vertex 82 -2.5 29.5
      vertex 82 24.7504 29.5927
    endloop
  endfacet
  facet normal -1 -0 0
    outer loop
      vertex 82 24.7504 29.5927
      vertex 82 -2.5 29.5
      vertex 82 24.8505 29.7021
    endloop
  endfacet
  facet normal -1 -0 0
    outer loop
      vertex 82 24.8505 29.7021
      vertex 82 -2.5 29.5
      vertex 82 24.9599 29.8023
    endloop
  endfacet
  facet normal -1 0 0
    outer loop
      vertex 82 -2.5 29.5
      vertex 82 25.0776 29.8926
      vertex 82 24.9599 29.8023
    endloop
  endfacet
  facet normal -1 0 0
    outer loop
      vertex 82 -2.5 29.5
      vertex 82 25.2026 29.9722
      vertex 82 25.0776 29.8926
    endloop
  endfacet
  facet normal -1 0 0
    outer loop
      vertex 82 -2.5 29.5
      vertex 82 25.3342 30.0407
      vertex 82 25.2026 29.9722
    endloop
  endfacet
  facet normal -1 0 0
    outer loop
      vertex 82 -2.5 29.5
      vertex 82 25.4712 30.0975
      vertex 82 25.3342 30.0407
    endloop
  endfacet
  facet normal -1 0 0
    outer loop
      vertex 82 -2.5 29.5
      vertex 82 25.6126 30.1421
      vertex 82 25.4712 30.0975
    endloop
  endfacet
  facet normal -1 0 0
    outer loop
      vertex 82 -2.5 29.5
      vertex 82 25.7574 30.1742
      vertex 82 25.6126 30.1421
    endloop
  endfacet
  facet normal -1 0 0
    outer loop
      vertex 82 -2.5 29.5
      vertex 82 25.9045 30.1935
      vertex 82 25.7574 30.1742
    endloop
  endfacet
  facet normal -1 0 0
    outer loop
      vertex 82 -2.5 29.5
      vertex 82 35 31
      vertex 82 25.9045 30.1935
    endloop
  endfacet
  facet normal -1 0 0
    outer loop
      vertex 82 -24.7504 29.5927
      vertex 82 -2.5 29.5
      vertex 82 -24.6792 29.5
    endloop
  endfacet
  facet normal -1 0 0
    outer loop
      vertex 82 -24.8505 29.7021
      vertex 82 -2.5 29.5
      vertex 82 -24.7504 29.5927
    endloop
  endfacet
  facet normal -1 0 0
    outer loop
      vertex 82 -24.9599 29.8023
      vertex 82 -2.5 29.5
      vertex 82 -24.8505 29.7021
    endloop
  endfacet
  facet normal -1 0 0
    outer loop
      vertex 82 -25.0776 29.8926
      vertex 82 -2.5 29.5
      vertex 82 -24.9599 29.8023
    endloop
  endfacet
  facet normal -1 0 0
    outer loop
      vertex 82 -25.2026 29.9722
      vertex 82 -2.5 29.5
      vertex 82 -25.0776 29.8926
    endloop
  endfacet
  facet normal -1 0 0
    outer loop
      vertex 82 -25.3342 30.0407
      vertex 82 -2.5 29.5
      vertex 82 -25.2026 29.9722
    endloop
  endfacet
  facet normal -1 0 0
    outer loop
      vertex 82 -25.4712 30.0975
      vertex 82 -2.5 29.5
      vertex 82 -25.3342 30.0407
    endloop
  endfacet
  facet normal -1 0 0
    outer loop
      vertex 82 -25.6126 30.1421
      vertex 82 -2.5 29.5
      vertex 82 -25.4712 30.0975
    endloop
  endfacet
  facet normal -1 0 0
    outer loop
      vertex 82 -25.7574 30.1742
      vertex 82 -2.5 29.5
      vertex 82 -25.6126 30.1421
    endloop
  endfacet
  facet normal -1 0 0
    outer loop
      vertex 82 -25.9045 30.1935
      vertex 82 -2.5 29.5
      vertex 82 -25.7574 30.1742
    endloop
  endfacet
  facet normal -1 0 0
    outer loop
      vertex 82 -35 31
      vertex 82 -2.5 29.5
      vertex 82 -25.9045 30.1935
    endloop
  endfacet
  facet normal -1 0 0
    outer loop
      vertex 82 -35 31
      vertex 82 -25.9045 30.1935
      vertex 82 -26.0526 30.2
    endloop
  endfacet
  facet normal -1 0 0
    outer loop
      vertex 82 -27.5 29.5
      vertex 82 -27.3549 29.5927
      vertex 82 -27.4261 29.5
    endloop
  endfacet
  facet normal -1 0 0
    outer loop
      vertex 82 -27.5 29.5
      vertex 82 -27.2547 29.7021
      vertex 82 -27.3549 29.5927
    endloop
  endfacet
  facet normal -1 0 0
    outer loop
      vertex 82 -27.5 29.5
      vertex 82 -27.1454 29.8023
      vertex 82 -27.2547 29.7021
    endloop
  endfacet
  facet normal -1 0 0
    outer loop
      vertex 82 -27.5934 29.2185
      vertex 82 -27.5 29.5
      vertex 82 -27.5249 29.35
    endloop
  endfacet
  facet normal -1 0 0
    outer loop
      vertex 82 -27.6501 29.0814
      vertex 82 -27.5 29.5
      vertex 82 -27.5934 29.2185
    endloop
  endfacet
  facet normal -1 0 0
    outer loop
      vertex 82 -27.7462 28.3518
      vertex 82 -35 31
      vertex 82 -27.7526 28.5
    endloop
  endfacet
  facet normal -1 0 0
    outer loop
      vertex 82 -27.7526 28.5
      vertex 82 -35 31
      vertex 82 -27.7462 28.6482
    endloop
  endfacet
  facet normal -1 0 0
    outer loop
      vertex 82 -27.7462 28.6482
      vertex 82 -35 31
      vertex 82 -27.7268 28.7952
    endloop
  endfacet
  facet normal -1 0 0
    outer loop
      vertex 82 -2.5 29.5
      vertex 82 -35 31
      vertex 82 35 31
    endloop
  endfacet
  facet normal -1 0 0
    outer loop
      vertex 82 -26.2008 30.1935
      vertex 82 -35 31
      vertex 82 -26.0526 30.2
    endloop
  endfacet
  facet normal -1 0 0
    outer loop
      vertex 82 -26.3478 30.1742
      vertex 82 -35 31
      vertex 82 -26.2008 30.1935
    endloop
  endfacet
  facet normal -1 0 0
    outer loop
      vertex 82 -26.4926 30.1421
      vertex 82 -35 31
      vertex 82 -26.3478 30.1742
    endloop
  endfacet
  facet normal -1 0 0
    outer loop
      vertex 82 -26.6341 30.0975
      vertex 82 -35 31
      vertex 82 -26.4926 30.1421
    endloop
  endfacet
  facet normal -1 0 0
    outer loop
      vertex 82 -26.7711 30.0407
      vertex 82 -35 31
      vertex 82 -26.6341 30.0975
    endloop
  endfacet
  facet normal -1 0 0
    outer loop
      vertex 82 -26.9026 29.9722
      vertex 82 -35 31
      vertex 82 -26.7711 30.0407
    endloop
  endfacet
  facet normal -1 0 0
    outer loop
      vertex 82 -27.0277 29.8926
      vertex 82 -35 31
      vertex 82 -26.9026 29.9722
    endloop
  endfacet
  facet normal -1 0 0
    outer loop
      vertex 82 -27.1454 29.8023
      vertex 82 -35 31
      vertex 82 -27.0277 29.8926
    endloop
  endfacet
  facet normal -1 0 0
    outer loop
      vertex 82 -27.5 29.5
      vertex 82 -35 31
      vertex 82 -27.1454 29.8023
    endloop
  endfacet
  facet normal -1 0 0
    outer loop
      vertex 82 -27.6501 29.0814
      vertex 82 -35 31
      vertex 82 -27.5 29.5
    endloop
  endfacet
  facet normal -1 0 0
    outer loop
      vertex 82 -27.6947 28.94
      vertex 82 -35 31
      vertex 82 -27.6501 29.0814
    endloop
  endfacet
  facet normal -1 0 0
    outer loop
      vertex 82 -27.7268 28.7952
      vertex 82 -35 31
      vertex 82 -27.6947 28.94
    endloop
  endfacet
  facet normal -0.999051 -0.043558 0
    outer loop
      vertex 82 35 5
      vertex 81.9734 35.6101 31
      vertex 81.9734 35.6101 5
    endloop
  endfacet
  facet normal -0.999051 -0.043558 0
    outer loop
      vertex 81.9734 35.6101 31
      vertex 82 35 5
      vertex 82 35 31
    endloop
  endfacet
  facet normal 0.300661 -0.953731 0
    outer loop
      vertex -77.3941 41.5779 5
      vertex -76.8117 41.7615 31
      vertex -77.3941 41.5779 31
    endloop
  endfacet
  facet normal 0.300661 -0.953731 0
    outer loop
      vertex -76.8117 41.7615 31
      vertex -77.3941 41.5779 5
      vertex -76.8117 41.7615 5
    endloop
  endfacet
  facet normal 0.923879 -0.382684 0
    outer loop
      vertex -81.5779 37.3941 31
      vertex -81.3442 37.9583 5
      vertex -81.3442 37.9583 31
    endloop
  endfacet
  facet normal 0.923879 -0.382684 0
    outer loop
      vertex -81.3442 37.9583 5
      vertex -81.5779 37.3941 31
      vertex -81.5779 37.3941 5
    endloop
  endfacet
  facet normal 0.53731 -0.843385 0
    outer loop
      vertex -79.015 40.7341 5
      vertex -78.5 41.0622 31
      vertex -79.015 40.7341 31
    endloop
  endfacet
  facet normal 0.53731 -0.843385 0
    outer loop
      vertex -78.5 41.0622 31
      vertex -79.015 40.7341 5
      vertex -78.5 41.0622 5
    endloop
  endfacet
  facet normal 0.999051 0.043558 0
    outer loop
      vertex -81.9734 -35.6101 31
      vertex -82 -35 5
      vertex -82 -35 31
    endloop
  endfacet
  facet normal 0.999051 0.043558 0
    outer loop
      vertex -82 -35 5
      vertex -81.9734 -35.6101 31
      vertex -81.9734 -35.6101 5
    endloop
  endfacet
  facet normal 0.130522 0.991445 -0
    outer loop
      vertex -75.6101 -41.9734 5
      vertex -76.2155 -41.8937 31
      vertex -75.6101 -41.9734 31
    endloop
  endfacet
  facet normal 0.130522 0.991445 0
    outer loop
      vertex -76.2155 -41.8937 31
      vertex -75.6101 -41.9734 5
      vertex -76.2155 -41.8937 5
    endloop
  endfacet
  facet normal -0.300661 -0.953731 0
    outer loop
      vertex 76.8117 41.7615 5
      vertex 77.3941 41.5779 31
      vertex 76.8117 41.7615 31
    endloop
  endfacet
  facet normal -0.300661 -0.953731 -0
    outer loop
      vertex 77.3941 41.5779 31
      vertex 76.8117 41.7615 5
      vertex 77.3941 41.5779 5
    endloop
  endfacet
  facet normal -0.043558 -0.999051 0
    outer loop
      vertex 75 42 5
      vertex 75.6101 41.9734 31
      vertex 75 42 31
    endloop
  endfacet
  facet normal -0.043558 -0.999051 -0
    outer loop
      vertex 75.6101 41.9734 31
      vertex 75 42 5
      vertex 75.6101 41.9734 5
    endloop
  endfacet
  facet normal -0.923879 0.382684 0
    outer loop
      vertex 81.3442 -37.9583 5
      vertex 81.5779 -37.3941 31
      vertex 81.5779 -37.3941 5
    endloop
  endfacet
  facet normal -0.923879 0.382684 0
    outer loop
      vertex 81.5779 -37.3941 31
      vertex 81.3442 -37.9583 5
      vertex 81.3442 -37.9583 31
    endloop
  endfacet
  facet normal -0.79333 0.608792 0
    outer loop
      vertex 80.3623 -39.4995 5
      vertex 80.7341 -39.015 31
      vertex 80.7341 -39.015 5
    endloop
  endfacet
  facet normal -0.79333 0.608792 0
    outer loop
      vertex 80.7341 -39.015 31
      vertex 80.3623 -39.4995 5
      vertex 80.3623 -39.4995 31
    endloop
  endfacet
  facet normal -0.53731 0.843385 0
    outer loop
      vertex 79.015 -40.7341 5
      vertex 78.5 -41.0622 31
      vertex 79.015 -40.7341 31
    endloop
  endfacet
  facet normal -0.53731 0.843385 0
    outer loop
      vertex 78.5 -41.0622 31
      vertex 79.015 -40.7341 5
      vertex 78.5 -41.0622 5
    endloop
  endfacet
  facet normal -0.923879 -0.382684 0
    outer loop
      vertex 81.5779 37.3941 5
      vertex 81.3442 37.9583 31
      vertex 81.3442 37.9583 5
    endloop
  endfacet
  facet normal -0.923879 -0.382684 0
    outer loop
      vertex 81.3442 37.9583 31
      vertex 81.5779 37.3941 5
      vertex 81.5779 37.3941 31
    endloop
  endfacet
  facet normal 0.46176 -0.887005 0
    outer loop
      vertex -78.5 41.0622 5
      vertex -77.9583 41.3442 31
      vertex -78.5 41.0622 31
    endloop
  endfacet
  facet normal 0.46176 -0.887005 0
    outer loop
      vertex -77.9583 41.3442 31
      vertex -78.5 41.0622 5
      vertex -77.9583 41.3442 5
    endloop
  endfacet
  facet normal 0.21648 -0.976287 0
    outer loop
      vertex -76.8117 41.7615 5
      vertex -76.2155 41.8937 31
      vertex -76.8117 41.7615 31
    endloop
  endfacet
  facet normal 0.21648 -0.976287 0
    outer loop
      vertex -76.2155 41.8937 31
      vertex -76.8117 41.7615 5
      vertex -76.2155 41.8937 5
    endloop
  endfacet
  facet normal 0.991445 0.130522 0
    outer loop
      vertex -81.8937 -36.2155 31
      vertex -81.9734 -35.6101 5
      vertex -81.9734 -35.6101 31
    endloop
  endfacet
  facet normal 0.991445 0.130522 0
    outer loop
      vertex -81.9734 -35.6101 5
      vertex -81.8937 -36.2155 31
      vertex -81.8937 -36.2155 5
    endloop
  endfacet
  facet normal 0.976287 0.21648 0
    outer loop
      vertex -81.7615 -36.8117 31
      vertex -81.8937 -36.2155 5
      vertex -81.8937 -36.2155 31
    endloop
  endfacet
  facet normal 0.976287 0.21648 0
    outer loop
      vertex -81.8937 -36.2155 5
      vertex -81.7615 -36.8117 31
      vertex -81.7615 -36.8117 5
    endloop
  endfacet
  facet normal 0.843385 0.53731 0
    outer loop
      vertex -80.7341 -39.015 31
      vertex -81.0622 -38.5 5
      vertex -81.0622 -38.5 31
    endloop
  endfacet
  facet normal 0.843385 0.53731 0
    outer loop
      vertex -81.0622 -38.5 5
      vertex -80.7341 -39.015 31
      vertex -80.7341 -39.015 5
    endloop
  endfacet
  facet normal 0.923879 0.382684 0
    outer loop
      vertex -81.3442 -37.9583 31
      vertex -81.5779 -37.3941 5
      vertex -81.5779 -37.3941 31
    endloop
  endfacet
  facet normal 0.923879 0.382684 0
    outer loop
      vertex -81.5779 -37.3941 5
      vertex -81.3442 -37.9583 31
      vertex -81.3442 -37.9583 5
    endloop
  endfacet
  facet normal 0.79333 0.608792 0
    outer loop
      vertex -80.3623 -39.4995 31
      vertex -80.7341 -39.015 5
      vertex -80.7341 -39.015 31
    endloop
  endfacet
  facet normal 0.79333 0.608792 0
    outer loop
      vertex -80.7341 -39.015 5
      vertex -80.3623 -39.4995 31
      vertex -80.3623 -39.4995 5
    endloop
  endfacet
  facet normal 0.300661 0.953731 -0
    outer loop
      vertex -76.8117 -41.7615 5
      vertex -77.3941 -41.5779 31
      vertex -76.8117 -41.7615 31
    endloop
  endfacet
  facet normal 0.300661 0.953731 0
    outer loop
      vertex -77.3941 -41.5779 31
      vertex -76.8117 -41.7615 5
      vertex -77.3941 -41.5779 5
    endloop
  endfacet
  facet normal -0.130522 -0.991445 0
    outer loop
      vertex 75.6101 41.9734 5
      vertex 76.2155 41.8937 31
      vertex 75.6101 41.9734 31
    endloop
  endfacet
  facet normal -0.130522 -0.991445 -0
    outer loop
      vertex 76.2155 41.8937 31
      vertex 75.6101 41.9734 5
      vertex 76.2155 41.8937 5
    endloop
  endfacet
  facet normal -0.843385 0.53731 0
    outer loop
      vertex 80.7341 -39.015 5
      vertex 81.0622 -38.5 31
      vertex 81.0622 -38.5 5
    endloop
  endfacet
  facet normal -0.843385 0.53731 0
    outer loop
      vertex 81.0622 -38.5 31
      vertex 80.7341 -39.015 5
      vertex 80.7341 -39.015 31
    endloop
  endfacet
  facet normal -0.953731 0.300661 0
    outer loop
      vertex 81.5779 -37.3941 5
      vertex 81.7615 -36.8117 31
      vertex 81.7615 -36.8117 5
    endloop
  endfacet
  facet normal -0.953731 0.300661 0
    outer loop
      vertex 81.7615 -36.8117 31
      vertex 81.5779 -37.3941 5
      vertex 81.5779 -37.3941 31
    endloop
  endfacet
  facet normal -0.991445 0.130522 0
    outer loop
      vertex 81.8937 -36.2155 5
      vertex 81.9734 -35.6101 31
      vertex 81.9734 -35.6101 5
    endloop
  endfacet
  facet normal -0.991445 0.130522 0
    outer loop
      vertex 81.9734 -35.6101 31
      vertex 81.8937 -36.2155 5
      vertex 81.8937 -36.2155 31
    endloop
  endfacet
  facet normal -0.887005 0.46176 0
    outer loop
      vertex 81.0622 -38.5 5
      vertex 81.3442 -37.9583 31
      vertex 81.3442 -37.9583 5
    endloop
  endfacet
  facet normal -0.887005 0.46176 0
    outer loop
      vertex 81.3442 -37.9583 31
      vertex 81.0622 -38.5 5
      vertex 81.0622 -38.5 31
    endloop
  endfacet
  facet normal -0.976287 0.21648 0
    outer loop
      vertex 81.7615 -36.8117 5
      vertex 81.8937 -36.2155 31
      vertex 81.8937 -36.2155 5
    endloop
  endfacet
  facet normal -0.976287 0.21648 0
    outer loop
      vertex 81.8937 -36.2155 31
      vertex 81.7615 -36.8117 5
      vertex 81.7615 -36.8117 31
    endloop
  endfacet
  facet normal -0.67548 0.737378 0
    outer loop
      vertex 79.9498 -39.9498 5
      vertex 79.4995 -40.3623 31
      vertex 79.9498 -39.9498 31
    endloop
  endfacet
  facet normal -0.67548 0.737378 0
    outer loop
      vertex 79.4995 -40.3623 31
      vertex 79.9498 -39.9498 5
      vertex 79.4995 -40.3623 5
    endloop
  endfacet
  facet normal -0.608792 0.79333 0
    outer loop
      vertex 79.4995 -40.3623 5
      vertex 79.015 -40.7341 31
      vertex 79.4995 -40.3623 31
    endloop
  endfacet
  facet normal -0.608792 0.79333 0
    outer loop
      vertex 79.015 -40.7341 31
      vertex 79.4995 -40.3623 5
      vertex 79.015 -40.7341 5
    endloop
  endfacet
  facet normal -0.737378 0.67548 0
    outer loop
      vertex 79.9498 -39.9498 5
      vertex 80.3623 -39.4995 31
      vertex 80.3623 -39.4995 5
    endloop
  endfacet
  facet normal -0.737378 0.67548 0
    outer loop
      vertex 80.3623 -39.4995 31
      vertex 79.9498 -39.9498 5
      vertex 79.9498 -39.9498 31
    endloop
  endfacet
  facet normal -0.300661 0.953731 0
    outer loop
      vertex 77.3941 -41.5779 5
      vertex 76.8117 -41.7615 31
      vertex 77.3941 -41.5779 31
    endloop
  endfacet
  facet normal -0.300661 0.953731 0
    outer loop
      vertex 76.8117 -41.7615 31
      vertex 77.3941 -41.5779 5
      vertex 76.8117 -41.7615 5
    endloop
  endfacet
  facet normal -0.46176 0.887005 0
    outer loop
      vertex 78.5 -41.0622 5
      vertex 77.9583 -41.3442 31
      vertex 78.5 -41.0622 31
    endloop
  endfacet
  facet normal -0.46176 0.887005 0
    outer loop
      vertex 77.9583 -41.3442 31
      vertex 78.5 -41.0622 5
      vertex 77.9583 -41.3442 5
    endloop
  endfacet
  facet normal -0.382684 0.923879 0
    outer loop
      vertex 77.9583 -41.3442 5
      vertex 77.3941 -41.5779 31
      vertex 77.9583 -41.3442 31
    endloop
  endfacet
  facet normal -0.382684 0.923879 0
    outer loop
      vertex 77.3941 -41.5779 31
      vertex 77.9583 -41.3442 5
      vertex 77.3941 -41.5779 5
    endloop
  endfacet
  facet normal -0.53731 -0.843385 0
    outer loop
      vertex 78.5 41.0622 5
      vertex 79.015 40.7341 31
      vertex 78.5 41.0622 31
    endloop
  endfacet
  facet normal -0.53731 -0.843385 -0
    outer loop
      vertex 79.015 40.7341 31
      vertex 78.5 41.0622 5
      vertex 79.015 40.7341 5
    endloop
  endfacet
  facet normal -0.976287 -0.21648 0
    outer loop
      vertex 81.8937 36.2155 5
      vertex 81.7615 36.8117 31
      vertex 81.7615 36.8117 5
    endloop
  endfacet
  facet normal -0.976287 -0.21648 0
    outer loop
      vertex 81.7615 36.8117 31
      vertex 81.8937 36.2155 5
      vertex 81.8937 36.2155 31
    endloop
  endfacet
  facet normal -0.737378 -0.67548 0
    outer loop
      vertex 80.3623 39.4995 5
      vertex 79.9498 39.9498 31
      vertex 79.9498 39.9498 5
    endloop
  endfacet
  facet normal -0.737378 -0.67548 0
    outer loop
      vertex 79.9498 39.9498 31
      vertex 80.3623 39.4995 5
      vertex 80.3623 39.4995 31
    endloop
  endfacet
  facet normal -0.608792 -0.79333 0
    outer loop
      vertex 79.015 40.7341 5
      vertex 79.4995 40.3623 31
      vertex 79.015 40.7341 31
    endloop
  endfacet
  facet normal -0.608792 -0.79333 -0
    outer loop
      vertex 79.4995 40.3623 31
      vertex 79.015 40.7341 5
      vertex 79.4995 40.3623 5
    endloop
  endfacet
  facet normal 0.67548 -0.737378 0
    outer loop
      vertex -79.9498 39.9498 5
      vertex -79.4995 40.3623 31
      vertex -79.9498 39.9498 31
    endloop
  endfacet
  facet normal 0.67548 -0.737378 0
    outer loop
      vertex -79.4995 40.3623 31
      vertex -79.9498 39.9498 5
      vertex -79.4995 40.3623 5
    endloop
  endfacet
  facet normal 0.79333 -0.608792 0
    outer loop
      vertex -80.7341 39.015 31
      vertex -80.3623 39.4995 5
      vertex -80.3623 39.4995 31
    endloop
  endfacet
  facet normal 0.79333 -0.608792 0
    outer loop
      vertex -80.3623 39.4995 5
      vertex -80.7341 39.015 31
      vertex -80.7341 39.015 5
    endloop
  endfacet
  facet normal 0.999051 -0.043558 0
    outer loop
      vertex -82 35 31
      vertex -81.9734 35.6101 5
      vertex -81.9734 35.6101 31
    endloop
  endfacet
  facet normal 0.999051 -0.043558 0
    outer loop
      vertex -81.9734 35.6101 5
      vertex -82 35 31
      vertex -82 35 5
    endloop
  endfacet
  facet normal 0.991445 -0.130522 0
    outer loop
      vertex -81.9734 35.6101 31
      vertex -81.8937 36.2155 5
      vertex -81.8937 36.2155 31
    endloop
  endfacet
  facet normal 0.991445 -0.130522 0
    outer loop
      vertex -81.8937 36.2155 5
      vertex -81.9734 35.6101 31
      vertex -81.9734 35.6101 5
    endloop
  endfacet
  facet normal 0.976287 -0.21648 0
    outer loop
      vertex -81.8937 36.2155 31
      vertex -81.7615 36.8117 5
      vertex -81.7615 36.8117 31
    endloop
  endfacet
  facet normal 0.976287 -0.21648 0
    outer loop
      vertex -81.7615 36.8117 5
      vertex -81.8937 36.2155 31
      vertex -81.8937 36.2155 5
    endloop
  endfacet
  facet normal 0.953731 -0.300661 0
    outer loop
      vertex -81.7615 36.8117 31
      vertex -81.5779 37.3941 5
      vertex -81.5779 37.3941 31
    endloop
  endfacet
  facet normal 0.953731 -0.300661 0
    outer loop
      vertex -81.5779 37.3941 5
      vertex -81.7615 36.8117 31
      vertex -81.7615 36.8117 5
    endloop
  endfacet
  facet normal 0.608792 -0.79333 0
    outer loop
      vertex -79.4995 40.3623 5
      vertex -79.015 40.7341 31
      vertex -79.4995 40.3623 31
    endloop
  endfacet
  facet normal 0.608792 -0.79333 0
    outer loop
      vertex -79.015 40.7341 31
      vertex -79.4995 40.3623 5
      vertex -79.015 40.7341 5
    endloop
  endfacet
  facet normal 0.53731 0.843385 -0
    outer loop
      vertex -78.5 -41.0622 5
      vertex -79.015 -40.7341 31
      vertex -78.5 -41.0622 31
    endloop
  endfacet
  facet normal 0.53731 0.843385 0
    outer loop
      vertex -79.015 -40.7341 31
      vertex -78.5 -41.0622 5
      vertex -79.015 -40.7341 5
    endloop
  endfacet
  facet normal 0.67548 0.737378 -0
    outer loop
      vertex -79.4995 -40.3623 5
      vertex -79.9498 -39.9498 31
      vertex -79.4995 -40.3623 31
    endloop
  endfacet
  facet normal 0.67548 0.737378 0
    outer loop
      vertex -79.9498 -39.9498 31
      vertex -79.4995 -40.3623 5
      vertex -79.9498 -39.9498 5
    endloop
  endfacet
  facet normal 0.608792 0.79333 -0
    outer loop
      vertex -79.015 -40.7341 5
      vertex -79.4995 -40.3623 31
      vertex -79.015 -40.7341 31
    endloop
  endfacet
  facet normal 0.608792 0.79333 0
    outer loop
      vertex -79.4995 -40.3623 31
      vertex -79.015 -40.7341 5
      vertex -79.4995 -40.3623 5
    endloop
  endfacet
  facet normal 0.887005 0.46176 0
    outer loop
      vertex -81.0622 -38.5 31
      vertex -81.3442 -37.9583 5
      vertex -81.3442 -37.9583 31
    endloop
  endfacet
  facet normal 0.887005 0.46176 0
    outer loop
      vertex -81.3442 -37.9583 5
      vertex -81.0622 -38.5 31
      vertex -81.0622 -38.5 5
    endloop
  endfacet
  facet normal 0.737378 0.67548 0
    outer loop
      vertex -79.9498 -39.9498 31
      vertex -80.3623 -39.4995 5
      vertex -80.3623 -39.4995 31
    endloop
  endfacet
  facet normal 0.737378 0.67548 0
    outer loop
      vertex -80.3623 -39.4995 5
      vertex -79.9498 -39.9498 31
      vertex -79.9498 -39.9498 5
    endloop
  endfacet
  facet normal -0.953731 -0.300661 0
    outer loop
      vertex 81.7615 36.8117 5
      vertex 81.5779 37.3941 31
      vertex 81.5779 37.3941 5
    endloop
  endfacet
  facet normal -0.953731 -0.300661 0
    outer loop
      vertex 81.5779 37.3941 31
      vertex 81.7615 36.8117 5
      vertex 81.7615 36.8117 31
    endloop
  endfacet
  facet normal -0.991445 -0.130522 0
    outer loop
      vertex 81.9734 35.6101 5
      vertex 81.8937 36.2155 31
      vertex 81.8937 36.2155 5
    endloop
  endfacet
  facet normal -0.991445 -0.130522 0
    outer loop
      vertex 81.8937 36.2155 31
      vertex 81.9734 35.6101 5
      vertex 81.9734 35.6101 31
    endloop
  endfacet
  facet normal -0.843385 -0.53731 0
    outer loop
      vertex 81.0622 38.5 5
      vertex 80.7341 39.015 31
      vertex 80.7341 39.015 5
    endloop
  endfacet
  facet normal -0.843385 -0.53731 0
    outer loop
      vertex 80.7341 39.015 31
      vertex 81.0622 38.5 5
      vertex 81.0622 38.5 31
    endloop
  endfacet
  facet normal -0.887005 -0.46176 0
    outer loop
      vertex 81.3442 37.9583 5
      vertex 81.0622 38.5 31
      vertex 81.0622 38.5 5
    endloop
  endfacet
  facet normal -0.887005 -0.46176 0
    outer loop
      vertex 81.0622 38.5 31
      vertex 81.3442 37.9583 5
      vertex 81.3442 37.9583 31
    endloop
  endfacet
  facet normal -0.79333 -0.608792 0
    outer loop
      vertex 80.7341 39.015 5
      vertex 80.3623 39.4995 31
      vertex 80.3623 39.4995 5
    endloop
  endfacet
  facet normal -0.79333 -0.608792 0
    outer loop
      vertex 80.3623 39.4995 31
      vertex 80.7341 39.015 5
      vertex 80.7341 39.015 31
    endloop
  endfacet
  facet normal -0.67548 -0.737378 0
    outer loop
      vertex 79.4995 40.3623 5
      vertex 79.9498 39.9498 31
      vertex 79.4995 40.3623 31
    endloop
  endfacet
  facet normal -0.67548 -0.737378 -0
    outer loop
      vertex 79.9498 39.9498 31
      vertex 79.4995 40.3623 5
      vertex 79.9498 39.9498 5
    endloop
  endfacet
  facet normal 0.382684 -0.923879 0
    outer loop
      vertex -77.9583 41.3442 5
      vertex -77.3941 41.5779 31
      vertex -77.9583 41.3442 31
    endloop
  endfacet
  facet normal 0.382684 -0.923879 0
    outer loop
      vertex -77.3941 41.5779 31
      vertex -77.9583 41.3442 5
      vertex -77.3941 41.5779 5
    endloop
  endfacet
  facet normal 0.887005 -0.46176 0
    outer loop
      vertex -81.3442 37.9583 31
      vertex -81.0622 38.5 5
      vertex -81.0622 38.5 31
    endloop
  endfacet
  facet normal 0.887005 -0.46176 0
    outer loop
      vertex -81.0622 38.5 5
      vertex -81.3442 37.9583 31
      vertex -81.3442 37.9583 5
    endloop
  endfacet
  facet normal 0.843385 -0.53731 0
    outer loop
      vertex -81.0622 38.5 31
      vertex -80.7341 39.015 5
      vertex -80.7341 39.015 31
    endloop
  endfacet
  facet normal 0.843385 -0.53731 0
    outer loop
      vertex -80.7341 39.015 5
      vertex -81.0622 38.5 31
      vertex -81.0622 38.5 5
    endloop
  endfacet
  facet normal 0.737378 -0.67548 0
    outer loop
      vertex -80.3623 39.4995 31
      vertex -79.9498 39.9498 5
      vertex -79.9498 39.9498 31
    endloop
  endfacet
  facet normal 0.737378 -0.67548 0
    outer loop
      vertex -79.9498 39.9498 5
      vertex -80.3623 39.4995 31
      vertex -80.3623 39.4995 5
    endloop
  endfacet
  facet normal 0.953731 0.300661 0
    outer loop
      vertex -81.5779 -37.3941 31
      vertex -81.7615 -36.8117 5
      vertex -81.7615 -36.8117 31
    endloop
  endfacet
  facet normal 0.953731 0.300661 0
    outer loop
      vertex -81.7615 -36.8117 5
      vertex -81.5779 -37.3941 31
      vertex -81.5779 -37.3941 5
    endloop
  endfacet
  facet normal 0 0 -1
    outer loop
      vertex -85 -27.5 29.5
      vertex -82 -27.4261 29.5
      vertex -82 -27.5 29.5
    endloop
  endfacet
  facet normal -0 0 -1
    outer loop
      vertex -82 -27.4261 29.5
      vertex -85 -27.5 29.5
      vertex -85 -27.4261 29.5
    endloop
  endfacet
  facet normal 0 0 -1
    outer loop
      vertex -85 -24.6792 29.5
      vertex -82 -2.5 29.5
      vertex -82 -24.6792 29.5
    endloop
  endfacet
  facet normal -0 0 -1
    outer loop
      vertex -82 -2.5 29.5
      vertex -85 -24.6792 29.5
      vertex -85 -2.5 29.5
    endloop
  endfacet
  facet normal -1 0 0
    outer loop
      vertex -74 -27.5 2.5
      vertex -74 -2.5 5
      vertex -74 -2.5 2.5
    endloop
  endfacet
  facet normal -1 -0 0
    outer loop
      vertex -74 -2.5 5
      vertex -74 -27.5 2.5
      vertex -74 -27.5 5
    endloop
  endfacet
  facet normal 0 -1 0
    outer loop
      vertex -85 -2.5 29.5
      vertex -82 -2.5 5
      vertex -82 -2.5 29.5
    endloop
  endfacet
  facet normal 0 -1 0
    outer loop
      vertex -85 -2.5 2.5
      vertex -82 -2.5 5
      vertex -85 -2.5 29.5
    endloop
  endfacet
  facet normal 0 -1 0
    outer loop
      vertex -74 -2.5 2.5
      vertex -82 -2.5 5
      vertex -85 -2.5 2.5
    endloop
  endfacet
  facet normal 0 -1 0
    outer loop
      vertex -82 -2.5 5
      vertex -74 -2.5 2.5
      vertex -74 -2.5 5
    endloop
  endfacet
  facet normal -0 0 1
    outer loop
      vertex -85 -2.5 2.5
      vertex -74 -27.5 2.5
      vertex -74 -2.5 2.5
    endloop
  endfacet
  facet normal 0 0 1
    outer loop
      vertex -74 -27.5 2.5
      vertex -85 -2.5 2.5
      vertex -85 -27.5 2.5
    endloop
  endfacet
  facet normal 0 1 0
    outer loop
      vertex -74 -27.5 5
      vertex -74 -27.5 2.5
      vertex -82 -27.5 5
    endloop
  endfacet
  facet normal 0 1 -0
    outer loop
      vertex -82 -27.5 5
      vertex -85 -27.5 27.611
      vertex -82 -27.5 27.611
    endloop
  endfacet
  facet normal 0 1 0
    outer loop
      vertex -82 -27.5 5
      vertex -85 -27.5 2.5
      vertex -85 -27.5 27.611
    endloop
  endfacet
  facet normal 0 1 0
    outer loop
      vertex -85 -27.5 2.5
      vertex -82 -27.5 5
      vertex -74 -27.5 2.5
    endloop
  endfacet
  facet normal 0 1 -0
    outer loop
      vertex -82 -27.5 29.389
      vertex -85 -27.5 29.5
      vertex -82 -27.5 29.5
    endloop
  endfacet
  facet normal 0 1 0
    outer loop
      vertex -85 -27.5 29.5
      vertex -82 -27.5 29.389
      vertex -85 -27.5 29.389
    endloop
  endfacet
  facet normal 1 -0 0
    outer loop
      vertex 74 -27.5 5
      vertex 74 -2.5 2.5
      vertex 74 -2.5 5
    endloop
  endfacet
  facet normal 1 0 0
    outer loop
      vertex 74 -2.5 2.5
      vertex 74 -27.5 5
      vertex 74 -27.5 2.5
    endloop
  endfacet
  facet normal 0 0 -1
    outer loop
      vertex 82 -27.5 29.5
      vertex 85 -27.4261 29.5
      vertex 85 -27.5 29.5
    endloop
  endfacet
  facet normal -0 0 -1
    outer loop
      vertex 85 -27.4261 29.5
      vertex 82 -27.5 29.5
      vertex 82 -27.4261 29.5
    endloop
  endfacet
  facet normal 0 0 -1
    outer loop
      vertex 82 -24.6792 29.5
      vertex 85 -2.5 29.5
      vertex 85 -24.6792 29.5
    endloop
  endfacet
  facet normal -0 0 -1
    outer loop
      vertex 85 -2.5 29.5
      vertex 82 -24.6792 29.5
      vertex 82 -2.5 29.5
    endloop
  endfacet
  facet normal 0 -1 0
    outer loop
      vertex 74 -2.5 5
      vertex 74 -2.5 2.5
      vertex 82 -2.5 5
    endloop
  endfacet
  facet normal 0 -1 0
    outer loop
      vertex 82 -2.5 5
      vertex 85 -2.5 29.5
      vertex 82 -2.5 29.5
    endloop
  endfacet
  facet normal 0 -1 0
    outer loop
      vertex 82 -2.5 5
      vertex 85 -2.5 2.5
      vertex 85 -2.5 29.5
    endloop
  endfacet
  facet normal 0 -1 0
    outer loop
      vertex 85 -2.5 2.5
      vertex 82 -2.5 5
      vertex 74 -2.5 2.5
    endloop
  endfacet
  facet normal -0 0 1
    outer loop
      vertex 74 -2.5 2.5
      vertex 85 -27.5 2.5
      vertex 85 -2.5 2.5
    endloop
  endfacet
  facet normal 0 0 1
    outer loop
      vertex 85 -27.5 2.5
      vertex 74 -2.5 2.5
      vertex 74 -27.5 2.5
    endloop
  endfacet
  facet normal 0 1 0
    outer loop
      vertex 85 -27.5 27.611
      vertex 82 -27.5 5
      vertex 82 -27.5 27.611
    endloop
  endfacet
  facet normal 0 1 -0
    outer loop
      vertex 85 -27.5 2.5
      vertex 82 -27.5 5
      vertex 85 -27.5 27.611
    endloop
  endfacet
  facet normal 0 1 0
    outer loop
      vertex 74 -27.5 2.5
      vertex 82 -27.5 5
      vertex 85 -27.5 2.5
    endloop
  endfacet
  facet normal 0 1 0
    outer loop
      vertex 82 -27.5 5
      vertex 74 -27.5 2.5
      vertex 74 -27.5 5
    endloop
  endfacet
  facet normal 0 1 -0
    outer loop
      vertex 85 -27.5 29.389
      vertex 82 -27.5 29.5
      vertex 85 -27.5 29.5
    endloop
  endfacet
  facet normal 0 1 0
    outer loop
      vertex 82 -27.5 29.5
      vertex 85 -27.5 29.389
      vertex 82 -27.5 29.389
    endloop
  endfacet
  facet normal -0.999058 -0.0434017 0
    outer loop
      vertex -54.6 -36 0.799999
      vertex -54.6053 -35.878 5
      vertex -54.6053 -35.878 0.799999
    endloop
  endfacet
  facet normal -0.999058 -0.0434017 0
    outer loop
      vertex -54.6053 -35.878 5
      vertex -54.6 -36 0.799999
      vertex -54.6 -36 5
    endloop
  endfacet
  facet normal 0.999058 -0.0434017 0
    outer loop
      vertex -57.4 -36 5
      vertex -57.3947 -35.878 0.799999
      vertex -57.3947 -35.878 5
    endloop
  endfacet
  facet normal 0.999058 -0.0434017 0
    outer loop
      vertex -57.3947 -35.878 0.799999
      vertex -57.4 -36 5
      vertex -57.4 -36 0.799999
    endloop
  endfacet
  facet normal 0.0434017 -0.999058 0
    outer loop
      vertex -56.122 -34.6053 0.799999
      vertex -56 -34.6 5
      vertex -56.122 -34.6053 5
    endloop
  endfacet
  facet normal 0.0434017 -0.999058 0
    outer loop
      vertex -56 -34.6 5
      vertex -56.122 -34.6053 0.799999
      vertex -56 -34.6 0.799999
    endloop
  endfacet
  facet normal -0.675317 -0.737528 0
    outer loop
      vertex -55.1001 -34.9275 0.799999
      vertex -55.01 -35.01 5
      vertex -55.1001 -34.9275 5
    endloop
  endfacet
  facet normal -0.675317 -0.737528 -0
    outer loop
      vertex -55.01 -35.01 5
      vertex -55.1001 -34.9275 0.799999
      vertex -55.01 -35.01 0.799999
    endloop
  endfacet
  facet normal 0.73712 -0.675762 0
    outer loop
      vertex -57.0725 -35.1001 5
      vertex -56.9899 -35.01 0.799999
      vertex -56.9899 -35.01 5
    endloop
  endfacet
  facet normal 0.73712 -0.675762 0
    outer loop
      vertex -56.9899 -35.01 0.799999
      vertex -57.0725 -35.1001 5
      vertex -57.0725 -35.1001 0.799999
    endloop
  endfacet
  facet normal 0.38293 -0.923777 0
    outer loop
      vertex -56.5917 -34.7312 0.799999
      vertex -56.4788 -34.6844 5
      vertex -56.5917 -34.7312 5
    endloop
  endfacet
  facet normal 0.38293 -0.923777 0
    outer loop
      vertex -56.4788 -34.6844 5
      vertex -56.5917 -34.7312 0.799999
      vertex -56.4788 -34.6844 0.799999
    endloop
  endfacet
  facet normal -0.923777 -0.38293 0
    outer loop
      vertex -54.6844 -35.5212 0.799999
      vertex -54.7312 -35.4083 5
      vertex -54.7312 -35.4083 0.799999
    endloop
  endfacet
  facet normal -0.923777 -0.38293 0
    outer loop
      vertex -54.7312 -35.4083 5
      vertex -54.6844 -35.5212 0.799999
      vertex -54.6844 -35.5212 5
    endloop
  endfacet
  facet normal -0.300465 -0.953793 0
    outer loop
      vertex -55.6377 -34.6477 0.799999
      vertex -55.5212 -34.6844 5
      vertex -55.6377 -34.6477 5
    endloop
  endfacet
  facet normal -0.300465 -0.953793 -0
    outer loop
      vertex -55.5212 -34.6844 5
      vertex -55.6377 -34.6477 0.799999
      vertex -55.5212 -34.6844 0.799999
    endloop
  endfacet
  facet normal -0.461894 -0.886935 0
    outer loop
      vertex -55.4083 -34.7312 0.799999
      vertex -55.3 -34.7876 5
      vertex -55.4083 -34.7312 5
    endloop
  endfacet
  facet normal -0.461894 -0.886935 -0
    outer loop
      vertex -55.3 -34.7876 5
      vertex -55.4083 -34.7312 0.799999
      vertex -55.3 -34.7876 0.799999
    endloop
  endfacet
  facet normal 0.923777 -0.38293 0
    outer loop
      vertex -57.3156 -35.5212 5
      vertex -57.2688 -35.4083 0.799999
      vertex -57.2688 -35.4083 5
    endloop
  endfacet
  facet normal 0.923777 -0.38293 0
    outer loop
      vertex -57.2688 -35.4083 0.799999
      vertex -57.3156 -35.5212 5
      vertex -57.3156 -35.5212 0.799999
    endloop
  endfacet
  facet normal 0.216237 -0.976341 0
    outer loop
      vertex -56.3623 -34.6477 0.799999
      vertex -56.2431 -34.6213 5
      vertex -56.3623 -34.6477 5
    endloop
  endfacet
  facet normal 0.216237 -0.976341 0
    outer loop
      vertex -56.2431 -34.6213 5
      vertex -56.3623 -34.6477 0.799999
      vertex -56.2431 -34.6213 0.799999
    endloop
  endfacet
  facet normal -0.976341 0.216237 0
    outer loop
      vertex -54.6477 -36.3623 0.799999
      vertex -54.6213 -36.2431 5
      vertex -54.6213 -36.2431 0.799999
    endloop
  endfacet
  facet normal -0.976341 0.216237 0
    outer loop
      vertex -54.6213 -36.2431 5
      vertex -54.6477 -36.3623 0.799999
      vertex -54.6477 -36.3623 5
    endloop
  endfacet
  facet normal 0.736746 0.676169 0
    outer loop
      vertex -56.9899 -36.9899 5
      vertex -57.0725 -36.8999 0.799999
      vertex -57.0725 -36.8999 5
    endloop
  endfacet
  facet normal 0.736746 0.676169 0
    outer loop
      vertex -57.0725 -36.8999 0.799999
      vertex -56.9899 -36.9899 5
      vertex -56.9899 -36.9899 0.799999
    endloop
  endfacet
  facet normal 0 0 1
    outer loop
      vertex -54.6053 -35.878 0.799999
      vertex -54.6053 -36.122 0.799999
      vertex -54.6 -36 0.799999
    endloop
  endfacet
  facet normal 0 0 1
    outer loop
      vertex -54.6213 -35.7569 0.799999
      vertex -54.6053 -36.122 0.799999
      vertex -54.6053 -35.878 0.799999
    endloop
  endfacet
  facet normal 0 0 1
    outer loop
      vertex -54.6213 -35.7569 0.799999
      vertex -54.6213 -36.2431 0.799999
      vertex -54.6053 -36.122 0.799999
    endloop
  endfacet
  facet normal 0 0 1
    outer loop
      vertex -54.6477 -35.6377 0.799999
      vertex -54.6213 -36.2431 0.799999
      vertex -54.6213 -35.7569 0.799999
    endloop
  endfacet
  facet normal 0 0 1
    outer loop
      vertex -54.6477 -35.6377 0.799999
      vertex -54.6477 -36.3623 0.799999
      vertex -54.6213 -36.2431 0.799999
    endloop
  endfacet
  facet normal 0 0 1
    outer loop
      vertex -54.6844 -35.5212 0.799999
      vertex -54.6477 -36.3623 0.799999
      vertex -54.6477 -35.6377 0.799999
    endloop
  endfacet
  facet normal 0 0 1
    outer loop
      vertex -54.6844 -35.5212 0.799999
      vertex -54.6844 -36.4788 0.799999
      vertex -54.6477 -36.3623 0.799999
    endloop
  endfacet
  facet normal 0 0 1
    outer loop
      vertex -54.7312 -35.4083 0.799999
      vertex -54.6844 -36.4788 0.799999
      vertex -54.6844 -35.5212 0.799999
    endloop
  endfacet
  facet normal 0 0 1
    outer loop
      vertex -54.7312 -35.4083 0.799999
      vertex -54.7312 -36.5917 0.799999
      vertex -54.6844 -36.4788 0.799999
    endloop
  endfacet
  facet normal 0 0 1
    outer loop
      vertex -54.7876 -35.3 0.799999
      vertex -54.7312 -36.5917 0.799999
      vertex -54.7312 -35.4083 0.799999
    endloop
  endfacet
  facet normal 0 0 1
    outer loop
      vertex -54.7876 -35.3 0.799999
      vertex -54.7876 -36.7 0.799999
      vertex -54.7312 -36.5917 0.799999
    endloop
  endfacet
  facet normal 0 0 1
    outer loop
      vertex -54.8532 -35.197 0.799999
      vertex -54.7876 -36.7 0.799999
      vertex -54.7876 -35.3 0.799999
    endloop
  endfacet
  facet normal 0 0 1
    outer loop
      vertex -54.8532 -35.197 0.799999
      vertex -54.8532 -36.803 0.799999
      vertex -54.7876 -36.7 0.799999
    endloop
  endfacet
  facet normal 0 0 1
    outer loop
      vertex -54.9275 -35.1001 0.799999
      vertex -54.8532 -36.803 0.799999
      vertex -54.8532 -35.197 0.799999
    endloop
  endfacet
  facet normal 0 0 1
    outer loop
      vertex -54.9275 -35.1001 0.799999
      vertex -54.9275 -36.8999 0.799999
      vertex -54.8532 -36.803 0.799999
    endloop
  endfacet
  facet normal 0 0 1
    outer loop
      vertex -55.01 -35.01 0.799999
      vertex -54.9275 -36.8999 0.799999
      vertex -54.9275 -35.1001 0.799999
    endloop
  endfacet
  facet normal 0 0 1
    outer loop
      vertex -55.01 -35.01 0.799999
      vertex -55.01 -36.9899 0.799999
      vertex -54.9275 -36.8999 0.799999
    endloop
  endfacet
  facet normal 0 0 1
    outer loop
      vertex -55.1001 -34.9275 0.799999
      vertex -55.01 -36.9899 0.799999
      vertex -55.01 -35.01 0.799999
    endloop
  endfacet
  facet normal 0 0 1
    outer loop
      vertex -55.1001 -34.9275 0.799999
      vertex -55.1001 -37.0725 0.799999
      vertex -55.01 -36.9899 0.799999
    endloop
  endfacet
  facet normal 0 0 1
    outer loop
      vertex -55.197 -34.8532 0.799999
      vertex -55.1001 -37.0725 0.799999
      vertex -55.1001 -34.9275 0.799999
    endloop
  endfacet
  facet normal 0 0 1
    outer loop
      vertex -55.197 -34.8532 0.799999
      vertex -55.197 -37.1468 0.799999
      vertex -55.1001 -37.0725 0.799999
    endloop
  endfacet
  facet normal 0 0 1
    outer loop
      vertex -55.3 -34.7876 0.799999
      vertex -55.197 -37.1468 0.799999
      vertex -55.197 -34.8532 0.799999
    endloop
  endfacet
  facet normal 0 0 1
    outer loop
      vertex -55.3 -34.7876 0.799999
      vertex -55.3 -37.2124 0.799999
      vertex -55.197 -37.1468 0.799999
    endloop
  endfacet
  facet normal 0 0 1
    outer loop
      vertex -55.4083 -34.7312 0.799999
      vertex -55.3 -37.2124 0.799999
      vertex -55.3 -34.7876 0.799999
    endloop
  endfacet
  facet normal 0 0 1
    outer loop
      vertex -55.4083 -34.7312 0.799999
      vertex -55.4083 -37.2688 0.799999
      vertex -55.3 -37.2124 0.799999
    endloop
  endfacet
  facet normal 0 0 1
    outer loop
      vertex -55.5212 -34.6844 0.799999
      vertex -55.4083 -37.2688 0.799999
      vertex -55.4083 -34.7312 0.799999
    endloop
  endfacet
  facet normal 0 0 1
    outer loop
      vertex -55.5212 -34.6844 0.799999
      vertex -55.5212 -37.3156 0.799999
      vertex -55.4083 -37.2688 0.799999
    endloop
  endfacet
  facet normal 0 0 1
    outer loop
      vertex -55.6377 -34.6477 0.799999
      vertex -55.5212 -37.3156 0.799999
      vertex -55.5212 -34.6844 0.799999
    endloop
  endfacet
  facet normal 0 0 1
    outer loop
      vertex -55.6377 -34.6477 0.799999
      vertex -55.6377 -37.3523 0.799999
      vertex -55.5212 -37.3156 0.799999
    endloop
  endfacet
  facet normal 0 0 1
    outer loop
      vertex -55.7569 -34.6213 0.799999
      vertex -55.6377 -37.3523 0.799999
      vertex -55.6377 -34.6477 0.799999
    endloop
  endfacet
  facet normal 0 0 1
    outer loop
      vertex -55.7569 -34.6213 0.799999
      vertex -55.7569 -37.3787 0.799999
      vertex -55.6377 -37.3523 0.799999
    endloop
  endfacet
  facet normal 0 0 1
    outer loop
      vertex -55.878 -34.6053 0.799999
      vertex -55.7569 -37.3787 0.799999
      vertex -55.7569 -34.6213 0.799999
    endloop
  endfacet
  facet normal 0 0 1
    outer loop
      vertex -55.878 -34.6053 0.799999
      vertex -55.878 -37.3947 0.799999
      vertex -55.7569 -37.3787 0.799999
    endloop
  endfacet
  facet normal 0 0 1
    outer loop
      vertex -56 -34.6 0.799999
      vertex -55.878 -37.3947 0.799999
      vertex -55.878 -34.6053 0.799999
    endloop
  endfacet
  facet normal 0 0 1
    outer loop
      vertex -56 -34.6 0.799999
      vertex -56 -37.4 0.799999
      vertex -55.878 -37.3947 0.799999
    endloop
  endfacet
  facet normal -0 0 1
    outer loop
      vertex -56.122 -34.6053 0.799999
      vertex -56 -37.4 0.799999
      vertex -56 -34.6 0.799999
    endloop
  endfacet
  facet normal 0 0 1
    outer loop
      vertex -56.122 -34.6053 0.799999
      vertex -56.122 -37.3947 0.799999
      vertex -56 -37.4 0.799999
    endloop
  endfacet
  facet normal -0 0 1
    outer loop
      vertex -56.2431 -34.6213 0.799999
      vertex -56.122 -37.3947 0.799999
      vertex -56.122 -34.6053 0.799999
    endloop
  endfacet
  facet normal 0 0 1
    outer loop
      vertex -56.2431 -34.6213 0.799999
      vertex -56.2431 -37.3787 0.799999
      vertex -56.122 -37.3947 0.799999
    endloop
  endfacet
  facet normal -0 0 1
    outer loop
      vertex -56.3623 -34.6477 0.799999
      vertex -56.2431 -37.3787 0.799999
      vertex -56.2431 -34.6213 0.799999
    endloop
  endfacet
  facet normal 0 0 1
    outer loop
      vertex -56.3623 -34.6477 0.799999
      vertex -56.3623 -37.3523 0.799999
      vertex -56.2431 -37.3787 0.799999
    endloop
  endfacet
  facet normal -0 0 1
    outer loop
      vertex -56.4788 -34.6844 0.799999
      vertex -56.3623 -37.3523 0.799999
      vertex -56.3623 -34.6477 0.799999
    endloop
  endfacet
  facet normal 0 0 1
    outer loop
      vertex -56.4788 -34.6844 0.799999
      vertex -56.4788 -37.3156 0.799999
      vertex -56.3623 -37.3523 0.799999
    endloop
  endfacet
  facet normal -0 0 1
    outer loop
      vertex -56.5917 -34.7312 0.799999
      vertex -56.4788 -37.3156 0.799999
      vertex -56.4788 -34.6844 0.799999
    endloop
  endfacet
  facet normal 0 0 1
    outer loop
      vertex -56.5917 -34.7312 0.799999
      vertex -56.5917 -37.2688 0.799999
      vertex -56.4788 -37.3156 0.799999
    endloop
  endfacet
  facet normal -0 0 1
    outer loop
      vertex -56.7 -34.7876 0.799999
      vertex -56.5917 -37.2688 0.799999
      vertex -56.5917 -34.7312 0.799999
    endloop
  endfacet
  facet normal 0 0 1
    outer loop
      vertex -56.7 -34.7876 0.799999
      vertex -56.7 -37.2124 0.799999
      vertex -56.5917 -37.2688 0.799999
    endloop
  endfacet
  facet normal -0 0 1
    outer loop
      vertex -56.803 -34.8532 0.799999
      vertex -56.7 -37.2124 0.799999
      vertex -56.7 -34.7876 0.799999
    endloop
  endfacet
  facet normal 0 0 1
    outer loop
      vertex -56.803 -34.8532 0.799999
      vertex -56.803 -37.1468 0.799999
      vertex -56.7 -37.2124 0.799999
    endloop
  endfacet
  facet normal -0 0 1
    outer loop
      vertex -56.8999 -34.9275 0.799999
      vertex -56.803 -37.1468 0.799999
      vertex -56.803 -34.8532 0.799999
    endloop
  endfacet
  facet normal 0 0 1
    outer loop
      vertex -56.8999 -34.9275 0.799999
      vertex -56.8999 -37.0725 0.799999
      vertex -56.803 -37.1468 0.799999
    endloop
  endfacet
  facet normal -0 0 1
    outer loop
      vertex -56.9899 -35.01 0.799999
      vertex -56.8999 -37.0725 0.799999
      vertex -56.8999 -34.9275 0.799999
    endloop
  endfacet
  facet normal 0 0 1
    outer loop
      vertex -56.9899 -35.01 0.799999
      vertex -56.9899 -36.9899 0.799999
      vertex -56.8999 -37.0725 0.799999
    endloop
  endfacet
  facet normal -0 0 1
    outer loop
      vertex -57.0725 -35.1001 0.799999
      vertex -56.9899 -36.9899 0.799999
      vertex -56.9899 -35.01 0.799999
    endloop
  endfacet
  facet normal 0 0 1
    outer loop
      vertex -57.0725 -35.1001 0.799999
      vertex -57.0725 -36.8999 0.799999
      vertex -56.9899 -36.9899 0.799999
    endloop
  endfacet
  facet normal -0 0 1
    outer loop
      vertex -57.1468 -35.197 0.799999
      vertex -57.0725 -36.8999 0.799999
      vertex -57.0725 -35.1001 0.799999
    endloop
  endfacet
  facet normal 0 0 1
    outer loop
      vertex -57.1468 -35.197 0.799999
      vertex -57.1468 -36.803 0.799999
      vertex -57.0725 -36.8999 0.799999
    endloop
  endfacet
  facet normal -0 0 1
    outer loop
      vertex -57.2124 -35.3 0.799999
      vertex -57.1468 -36.803 0.799999
      vertex -57.1468 -35.197 0.799999
    endloop
  endfacet
  facet normal 0 0 1
    outer loop
      vertex -57.2124 -35.3 0.799999
      vertex -57.2124 -36.7 0.799999
      vertex -57.1468 -36.803 0.799999
    endloop
  endfacet
  facet normal -0 0 1
    outer loop
      vertex -57.2688 -35.4083 0.799999
      vertex -57.2124 -36.7 0.799999
      vertex -57.2124 -35.3 0.799999
    endloop
  endfacet
  facet normal 0 0 1
    outer loop
      vertex -57.2688 -35.4083 0.799999
      vertex -57.2688 -36.5917 0.799999
      vertex -57.2124 -36.7 0.799999
    endloop
  endfacet
  facet normal -0 0 1
    outer loop
      vertex -57.3156 -35.5212 0.799999
      vertex -57.2688 -36.5917 0.799999
      vertex -57.2688 -35.4083 0.799999
    endloop
  endfacet
  facet normal 0 0 1
    outer loop
      vertex -57.3156 -35.5212 0.799999
      vertex -57.3156 -36.4788 0.799999
      vertex -57.2688 -36.5917 0.799999
    endloop
  endfacet
  facet normal -0 0 1
    outer loop
      vertex -57.3523 -35.6377 0.799999
      vertex -57.3156 -36.4788 0.799999
      vertex -57.3156 -35.5212 0.799999
    endloop
  endfacet
  facet normal 0 0 1
    outer loop
      vertex -57.3523 -35.6377 0.799999
      vertex -57.3523 -36.3623 0.799999
      vertex -57.3156 -36.4788 0.799999
    endloop
  endfacet
  facet normal -0 0 1
    outer loop
      vertex -57.3787 -35.7569 0.799999
      vertex -57.3523 -36.3623 0.799999
      vertex -57.3523 -35.6377 0.799999
    endloop
  endfacet
  facet normal 0 0 1
    outer loop
      vertex -57.3787 -35.7569 0.799999
      vertex -57.3787 -36.2431 0.799999
      vertex -57.3523 -36.3623 0.799999
    endloop
  endfacet
  facet normal -0 0 1
    outer loop
      vertex -57.3947 -35.878 0.799999
      vertex -57.3787 -36.2431 0.799999
      vertex -57.3787 -35.7569 0.799999
    endloop
  endfacet
  facet normal 0 0 1
    outer loop
      vertex -57.3947 -35.878 0.799999
      vertex -57.3947 -36.122 0.799999
      vertex -57.3787 -36.2431 0.799999
    endloop
  endfacet
  facet normal 0 -0 1
    outer loop
      vertex -57.3947 -36.122 0.799999
      vertex -57.3947 -35.878 0.799999
      vertex -57.4 -36 0.799999
    endloop
  endfacet
  facet normal -0.130984 0.991384 0
    outer loop
      vertex -55.7569 -37.3787 0.799999
      vertex -55.878 -37.3947 5
      vertex -55.7569 -37.3787 5
    endloop
  endfacet
  facet normal -0.130984 0.991384 0
    outer loop
      vertex -55.878 -37.3947 5
      vertex -55.7569 -37.3787 0.799999
      vertex -55.878 -37.3947 0.799999
    endloop
  endfacet
  facet normal -0.976341 -0.216237 0
    outer loop
      vertex -54.6213 -35.7569 0.799999
      vertex -54.6477 -35.6377 5
      vertex -54.6477 -35.6377 0.799999
    endloop
  endfacet
  facet normal -0.976341 -0.216237 0
    outer loop
      vertex -54.6477 -35.6377 5
      vertex -54.6213 -35.7569 0.799999
      vertex -54.6213 -35.7569 5
    endloop
  endfacet
  facet normal -0.991384 -0.130984 0
    outer loop
      vertex -54.6053 -35.878 0.799999
      vertex -54.6213 -35.7569 5
      vertex -54.6213 -35.7569 0.799999
    endloop
  endfacet
  facet normal -0.991384 -0.130984 0
    outer loop
      vertex -54.6213 -35.7569 5
      vertex -54.6053 -35.878 0.799999
      vertex -54.6053 -35.878 5
    endloop
  endfacet
  facet normal -0.953793 -0.300465 0
    outer loop
      vertex -54.6477 -35.6377 0.799999
      vertex -54.6844 -35.5212 5
      vertex -54.6844 -35.5212 0.799999
    endloop
  endfacet
  facet normal -0.953793 -0.300465 0
    outer loop
      vertex -54.6844 -35.5212 5
      vertex -54.6477 -35.6377 0.799999
      vertex -54.6477 -35.6377 5
    endloop
  endfacet
  facet normal -0.793567 -0.608483 0
    outer loop
      vertex -54.8532 -35.197 0.799999
      vertex -54.9275 -35.1001 5
      vertex -54.9275 -35.1001 0.799999
    endloop
  endfacet
  facet normal -0.793567 -0.608483 0
    outer loop
      vertex -54.9275 -35.1001 5
      vertex -54.8532 -35.197 0.799999
      vertex -54.8532 -35.197 5
    endloop
  endfacet
  facet normal -0.737528 -0.675317 0
    outer loop
      vertex -54.9275 -35.1001 0.799999
      vertex -55.01 -35.01 5
      vertex -55.01 -35.01 0.799999
    endloop
  endfacet
  facet normal -0.737528 -0.675317 0
    outer loop
      vertex -55.01 -35.01 5
      vertex -54.9275 -35.1001 0.799999
      vertex -54.9275 -35.1001 5
    endloop
  endfacet
  facet normal -0.886935 -0.461894 0
    outer loop
      vertex -54.7312 -35.4083 0.799999
      vertex -54.7876 -35.3 5
      vertex -54.7876 -35.3 0.799999
    endloop
  endfacet
  facet normal -0.886935 -0.461894 0
    outer loop
      vertex -54.7876 -35.3 5
      vertex -54.7312 -35.4083 0.799999
      vertex -54.7312 -35.4083 5
    endloop
  endfacet
  facet normal -0.130984 -0.991384 0
    outer loop
      vertex -55.878 -34.6053 0.799999
      vertex -55.7569 -34.6213 5
      vertex -55.878 -34.6053 5
    endloop
  endfacet
  facet normal -0.130984 -0.991384 -0
    outer loop
      vertex -55.7569 -34.6213 5
      vertex -55.878 -34.6053 0.799999
      vertex -55.7569 -34.6213 0.799999
    endloop
  endfacet
  facet normal -0.216237 -0.976341 0
    outer loop
      vertex -55.7569 -34.6213 0.799999
      vertex -55.6377 -34.6477 5
      vertex -55.7569 -34.6213 5
    endloop
  endfacet
  facet normal -0.216237 -0.976341 -0
    outer loop
      vertex -55.6377 -34.6477 5
      vertex -55.7569 -34.6213 0.799999
      vertex -55.6377 -34.6477 0.799999
    endloop
  endfacet
  facet normal -0.0434017 -0.999058 0
    outer loop
      vertex -56 -34.6 0.799999
      vertex -55.878 -34.6053 5
      vertex -56 -34.6 5
    endloop
  endfacet
  facet normal -0.0434017 -0.999058 -0
    outer loop
      vertex -55.878 -34.6053 5
      vertex -56 -34.6 0.799999
      vertex -55.878 -34.6053 0.799999
    endloop
  endfacet
  facet normal -0.38293 -0.923777 0
    outer loop
      vertex -55.5212 -34.6844 0.799999
      vertex -55.4083 -34.7312 5
      vertex -55.5212 -34.6844 5
    endloop
  endfacet
  facet normal -0.38293 -0.923777 -0
    outer loop
      vertex -55.4083 -34.7312 5
      vertex -55.5212 -34.6844 0.799999
      vertex -55.4083 -34.7312 0.799999
    endloop
  endfacet
  facet normal -0.537193 -0.843459 0
    outer loop
      vertex -55.3 -34.7876 0.799999
      vertex -55.197 -34.8532 5
      vertex -55.3 -34.7876 5
    endloop
  endfacet
  facet normal -0.537193 -0.843459 -0
    outer loop
      vertex -55.197 -34.8532 5
      vertex -55.3 -34.7876 0.799999
      vertex -55.197 -34.8532 0.799999
    endloop
  endfacet
  facet normal 0.976341 -0.216237 0
    outer loop
      vertex -57.3787 -35.7569 5
      vertex -57.3523 -35.6377 0.799999
      vertex -57.3523 -35.6377 5
    endloop
  endfacet
  facet normal 0.976341 -0.216237 0
    outer loop
      vertex -57.3523 -35.6377 0.799999
      vertex -57.3787 -35.7569 5
      vertex -57.3787 -35.7569 0.799999
    endloop
  endfacet
  facet normal 0.843459 -0.537193 0
    outer loop
      vertex -57.2124 -35.3 5
      vertex -57.1468 -35.197 0.799999
      vertex -57.1468 -35.197 5
    endloop
  endfacet
  facet normal 0.843459 -0.537193 0
    outer loop
      vertex -57.1468 -35.197 0.799999
      vertex -57.2124 -35.3 5
      vertex -57.2124 -35.3 0.799999
    endloop
  endfacet
  facet normal 0.793567 -0.608483 0
    outer loop
      vertex -57.1468 -35.197 5
      vertex -57.0725 -35.1001 0.799999
      vertex -57.0725 -35.1001 5
    endloop
  endfacet
  facet normal 0.793567 -0.608483 0
    outer loop
      vertex -57.0725 -35.1001 0.799999
      vertex -57.1468 -35.197 5
      vertex -57.1468 -35.197 0.799999
    endloop
  endfacet
  facet normal 0.886935 -0.461894 0
    outer loop
      vertex -57.2688 -35.4083 5
      vertex -57.2124 -35.3 0.799999
      vertex -57.2124 -35.3 5
    endloop
  endfacet
  facet normal 0.886935 -0.461894 0
    outer loop
      vertex -57.2124 -35.3 0.799999
      vertex -57.2688 -35.4083 5
      vertex -57.2688 -35.4083 0.799999
    endloop
  endfacet
  facet normal 0.953793 -0.300465 0
    outer loop
      vertex -57.3523 -35.6377 5
      vertex -57.3156 -35.5212 0.799999
      vertex -57.3156 -35.5212 5
    endloop
  endfacet
  facet normal 0.953793 -0.300465 0
    outer loop
      vertex -57.3156 -35.5212 0.799999
      vertex -57.3523 -35.6377 5
      vertex -57.3523 -35.6377 0.799999
    endloop
  endfacet
  facet normal 0.991384 -0.130984 0
    outer loop
      vertex -57.3947 -35.878 5
      vertex -57.3787 -35.7569 0.799999
      vertex -57.3787 -35.7569 5
    endloop
  endfacet
  facet normal 0.991384 -0.130984 0
    outer loop
      vertex -57.3787 -35.7569 0.799999
      vertex -57.3947 -35.878 5
      vertex -57.3947 -35.878 0.799999
    endloop
  endfacet
  facet normal 0.608483 -0.793567 0
    outer loop
      vertex -56.8999 -34.9275 0.799999
      vertex -56.803 -34.8532 5
      vertex -56.8999 -34.9275 5
    endloop
  endfacet
  facet normal 0.608483 -0.793567 0
    outer loop
      vertex -56.803 -34.8532 5
      vertex -56.8999 -34.9275 0.799999
      vertex -56.803 -34.8532 0.799999
    endloop
  endfacet
  facet normal 0.461894 -0.886935 0
    outer loop
      vertex -56.7 -34.7876 0.799999
      vertex -56.5917 -34.7312 5
      vertex -56.7 -34.7876 5
    endloop
  endfacet
  facet normal 0.461894 -0.886935 0
    outer loop
      vertex -56.5917 -34.7312 5
      vertex -56.7 -34.7876 0.799999
      vertex -56.5917 -34.7312 0.799999
    endloop
  endfacet
  facet normal 0.675725 -0.737154 0
    outer loop
      vertex -56.9899 -35.01 0.799999
      vertex -56.8999 -34.9275 5
      vertex -56.9899 -35.01 5
    endloop
  endfacet
  facet normal 0.675725 -0.737154 0
    outer loop
      vertex -56.8999 -34.9275 5
      vertex -56.9899 -35.01 0.799999
      vertex -56.8999 -34.9275 0.799999
    endloop
  endfacet
  facet normal 0.300465 -0.953793 0
    outer loop
      vertex -56.4788 -34.6844 0.799999
      vertex -56.3623 -34.6477 5
      vertex -56.4788 -34.6844 5
    endloop
  endfacet
  facet normal 0.300465 -0.953793 0
    outer loop
      vertex -56.3623 -34.6477 5
      vertex -56.4788 -34.6844 0.799999
      vertex -56.3623 -34.6477 0.799999
    endloop
  endfacet
  facet normal 0.130984 -0.991384 0
    outer loop
      vertex -56.2431 -34.6213 0.799999
      vertex -56.122 -34.6053 5
      vertex -56.2431 -34.6213 5
    endloop
  endfacet
  facet normal 0.130984 -0.991384 0
    outer loop
      vertex -56.122 -34.6053 5
      vertex -56.2431 -34.6213 0.799999
      vertex -56.122 -34.6053 0.799999
    endloop
  endfacet
  facet normal -0.999058 0.0434017 0
    outer loop
      vertex -54.6053 -36.122 0.799999
      vertex -54.6 -36 5
      vertex -54.6 -36 0.799999
    endloop
  endfacet
  facet normal -0.999058 0.0434017 0
    outer loop
      vertex -54.6 -36 5
      vertex -54.6053 -36.122 0.799999
      vertex -54.6053 -36.122 5
    endloop
  endfacet
  facet normal -0.461894 0.886935 0
    outer loop
      vertex -55.3 -37.2124 0.799999
      vertex -55.4083 -37.2688 5
      vertex -55.3 -37.2124 5
    endloop
  endfacet
  facet normal -0.461894 0.886935 0
    outer loop
      vertex -55.4083 -37.2688 5
      vertex -55.3 -37.2124 0.799999
      vertex -55.4083 -37.2688 0.799999
    endloop
  endfacet
  facet normal -0.38293 0.923777 0
    outer loop
      vertex -55.4083 -37.2688 0.799999
      vertex -55.5212 -37.3156 5
      vertex -55.4083 -37.2688 5
    endloop
  endfacet
  facet normal -0.38293 0.923777 0
    outer loop
      vertex -55.5212 -37.3156 5
      vertex -55.4083 -37.2688 0.799999
      vertex -55.5212 -37.3156 0.799999
    endloop
  endfacet
  facet normal -0.843459 -0.537193 0
    outer loop
      vertex -54.7876 -35.3 0.799999
      vertex -54.8532 -35.197 5
      vertex -54.8532 -35.197 0.799999
    endloop
  endfacet
  facet normal -0.843459 -0.537193 0
    outer loop
      vertex -54.8532 -35.197 5
      vertex -54.7876 -35.3 0.799999
      vertex -54.7876 -35.3 5
    endloop
  endfacet
  facet normal -0.608483 -0.793567 0
    outer loop
      vertex -55.197 -34.8532 0.799999
      vertex -55.1001 -34.9275 5
      vertex -55.197 -34.8532 5
    endloop
  endfacet
  facet normal -0.608483 -0.793567 -0
    outer loop
      vertex -55.1001 -34.9275 5
      vertex -55.197 -34.8532 0.799999
      vertex -55.1001 -34.9275 0.799999
    endloop
  endfacet
  facet normal 0.537193 -0.843459 0
    outer loop
      vertex -56.803 -34.8532 0.799999
      vertex -56.7 -34.7876 5
      vertex -56.803 -34.8532 5
    endloop
  endfacet
  facet normal 0.537193 -0.843459 0
    outer loop
      vertex -56.7 -34.7876 5
      vertex -56.803 -34.8532 0.799999
      vertex -56.7 -34.7876 0.799999
    endloop
  endfacet
  facet normal -0.923777 0.38293 0
    outer loop
      vertex -54.7312 -36.5917 0.799999
      vertex -54.6844 -36.4788 5
      vertex -54.6844 -36.4788 0.799999
    endloop
  endfacet
  facet normal -0.923777 0.38293 0
    outer loop
      vertex -54.6844 -36.4788 5
      vertex -54.7312 -36.5917 0.799999
      vertex -54.7312 -36.5917 5
    endloop
  endfacet
  facet normal -0.991384 0.130984 0
    outer loop
      vertex -54.6213 -36.2431 0.799999
      vertex -54.6053 -36.122 5
      vertex -54.6053 -36.122 0.799999
    endloop
  endfacet
  facet normal -0.991384 0.130984 0
    outer loop
      vertex -54.6053 -36.122 5
      vertex -54.6213 -36.2431 0.799999
      vertex -54.6213 -36.2431 5
    endloop
  endfacet
  facet normal -0.953793 0.300465 0
    outer loop
      vertex -54.6844 -36.4788 0.799999
      vertex -54.6477 -36.3623 5
      vertex -54.6477 -36.3623 0.799999
    endloop
  endfacet
  facet normal -0.953793 0.300465 0
    outer loop
      vertex -54.6477 -36.3623 5
      vertex -54.6844 -36.4788 0.799999
      vertex -54.6844 -36.4788 5
    endloop
  endfacet
  facet normal 0.0434017 0.999058 -0
    outer loop
      vertex -56 -37.4 0.799999
      vertex -56.122 -37.3947 5
      vertex -56 -37.4 5
    endloop
  endfacet
  facet normal 0.0434017 0.999058 0
    outer loop
      vertex -56.122 -37.3947 5
      vertex -56 -37.4 0.799999
      vertex -56.122 -37.3947 0.799999
    endloop
  endfacet
  facet normal 0.953793 0.300465 0
    outer loop
      vertex -57.3156 -36.4788 5
      vertex -57.3523 -36.3623 0.799999
      vertex -57.3523 -36.3623 5
    endloop
  endfacet
  facet normal 0.953793 0.300465 0
    outer loop
      vertex -57.3523 -36.3623 0.799999
      vertex -57.3156 -36.4788 5
      vertex -57.3156 -36.4788 0.799999
    endloop
  endfacet
  facet normal 0.976341 0.216237 0
    outer loop
      vertex -57.3523 -36.3623 5
      vertex -57.3787 -36.2431 0.799999
      vertex -57.3787 -36.2431 5
    endloop
  endfacet
  facet normal 0.976341 0.216237 0
    outer loop
      vertex -57.3787 -36.2431 0.799999
      vertex -57.3523 -36.3623 5
      vertex -57.3523 -36.3623 0.799999
    endloop
  endfacet
  facet normal 0.999058 0.0434017 0
    outer loop
      vertex -57.3947 -36.122 5
      vertex -57.4 -36 0.799999
      vertex -57.4 -36 5
    endloop
  endfacet
  facet normal 0.999058 0.0434017 0
    outer loop
      vertex -57.4 -36 0.799999
      vertex -57.3947 -36.122 5
      vertex -57.3947 -36.122 0.799999
    endloop
  endfacet
  facet normal 0.991384 0.130984 0
    outer loop
      vertex -57.3787 -36.2431 5
      vertex -57.3947 -36.122 0.799999
      vertex -57.3947 -36.122 5
    endloop
  endfacet
  facet normal 0.991384 0.130984 0
    outer loop
      vertex -57.3947 -36.122 0.799999
      vertex -57.3787 -36.2431 5
      vertex -57.3787 -36.2431 0.799999
    endloop
  endfacet
  facet normal -0.300465 0.953793 0
    outer loop
      vertex -55.5212 -37.3156 0.799999
      vertex -55.6377 -37.3523 5
      vertex -55.5212 -37.3156 5
    endloop
  endfacet
  facet normal -0.300465 0.953793 0
    outer loop
      vertex -55.6377 -37.3523 5
      vertex -55.5212 -37.3156 0.799999
      vertex -55.6377 -37.3523 0.799999
    endloop
  endfacet
  facet normal -0.216237 0.976341 0
    outer loop
      vertex -55.6377 -37.3523 0.799999
      vertex -55.7569 -37.3787 5
      vertex -55.6377 -37.3523 5
    endloop
  endfacet
  facet normal -0.216237 0.976341 0
    outer loop
      vertex -55.7569 -37.3787 5
      vertex -55.6377 -37.3523 0.799999
      vertex -55.7569 -37.3787 0.799999
    endloop
  endfacet
  facet normal -0.793567 0.608483 0
    outer loop
      vertex -54.9275 -36.8999 0.799999
      vertex -54.8532 -36.803 5
      vertex -54.8532 -36.803 0.799999
    endloop
  endfacet
  facet normal -0.793567 0.608483 0
    outer loop
      vertex -54.8532 -36.803 5
      vertex -54.9275 -36.8999 0.799999
      vertex -54.9275 -36.8999 5
    endloop
  endfacet
  facet normal -0.537193 0.843459 0
    outer loop
      vertex -55.197 -37.1468 0.799999
      vertex -55.3 -37.2124 5
      vertex -55.197 -37.1468 5
    endloop
  endfacet
  facet normal -0.537193 0.843459 0
    outer loop
      vertex -55.3 -37.2124 5
      vertex -55.197 -37.1468 0.799999
      vertex -55.3 -37.2124 0.799999
    endloop
  endfacet
  facet normal -0.0434017 0.999058 0
    outer loop
      vertex -55.878 -37.3947 0.799999
      vertex -56 -37.4 5
      vertex -55.878 -37.3947 5
    endloop
  endfacet
  facet normal -0.0434017 0.999058 0
    outer loop
      vertex -56 -37.4 5
      vertex -55.878 -37.3947 0.799999
      vertex -56 -37.4 0.799999
    endloop
  endfacet
  facet normal 0.130984 0.991384 -0
    outer loop
      vertex -56.122 -37.3947 0.799999
      vertex -56.2431 -37.3787 5
      vertex -56.122 -37.3947 5
    endloop
  endfacet
  facet normal 0.130984 0.991384 0
    outer loop
      vertex -56.2431 -37.3787 5
      vertex -56.122 -37.3947 0.799999
      vertex -56.2431 -37.3787 0.799999
    endloop
  endfacet
  facet normal 0.38293 0.923777 -0
    outer loop
      vertex -56.4788 -37.3156 0.799999
      vertex -56.5917 -37.2688 5
      vertex -56.4788 -37.3156 5
    endloop
  endfacet
  facet normal 0.38293 0.923777 0
    outer loop
      vertex -56.5917 -37.2688 5
      vertex -56.4788 -37.3156 0.799999
      vertex -56.5917 -37.2688 0.799999
    endloop
  endfacet
  facet normal 0.793567 0.608483 0
    outer loop
      vertex -57.0725 -36.8999 5
      vertex -57.1468 -36.803 0.799999
      vertex -57.1468 -36.803 5
    endloop
  endfacet
  facet normal 0.793567 0.608483 0
    outer loop
      vertex -57.1468 -36.803 0.799999
      vertex -57.0725 -36.8999 5
      vertex -57.0725 -36.8999 0.799999
    endloop
  endfacet
  facet normal 0.676169 0.736746 -0
    outer loop
      vertex -56.8999 -37.0725 0.799999
      vertex -56.9899 -36.9899 5
      vertex -56.8999 -37.0725 5
    endloop
  endfacet
  facet normal 0.676169 0.736746 0
    outer loop
      vertex -56.9899 -36.9899 5
      vertex -56.8999 -37.0725 0.799999
      vertex -56.9899 -36.9899 0.799999
    endloop
  endfacet
  facet normal -0.843459 0.537193 0
    outer loop
      vertex -54.8532 -36.803 0.799999
      vertex -54.7876 -36.7 5
      vertex -54.7876 -36.7 0.799999
    endloop
  endfacet
  facet normal -0.843459 0.537193 0
    outer loop
      vertex -54.7876 -36.7 5
      vertex -54.8532 -36.803 0.799999
      vertex -54.8532 -36.803 5
    endloop
  endfacet
  facet normal -0.886935 0.461894 0
    outer loop
      vertex -54.7876 -36.7 0.799999
      vertex -54.7312 -36.5917 5
      vertex -54.7312 -36.5917 0.799999
    endloop
  endfacet
  facet normal -0.886935 0.461894 0
    outer loop
      vertex -54.7312 -36.5917 5
      vertex -54.7876 -36.7 0.799999
      vertex -54.7876 -36.7 5
    endloop
  endfacet
  facet normal -0.737154 0.675725 0
    outer loop
      vertex -55.01 -36.9899 0.799999
      vertex -54.9275 -36.8999 5
      vertex -54.9275 -36.8999 0.799999
    endloop
  endfacet
  facet normal -0.737154 0.675725 0
    outer loop
      vertex -54.9275 -36.8999 5
      vertex -55.01 -36.9899 0.799999
      vertex -55.01 -36.9899 5
    endloop
  endfacet
  facet normal -0.675762 0.73712 0
    outer loop
      vertex -55.01 -36.9899 0.799999
      vertex -55.1001 -37.0725 5
      vertex -55.01 -36.9899 5
    endloop
  endfacet
  facet normal -0.675762 0.73712 0
    outer loop
      vertex -55.1001 -37.0725 5
      vertex -55.01 -36.9899 0.799999
      vertex -55.1001 -37.0725 0.799999
    endloop
  endfacet
  facet normal 0.216237 0.976341 -0
    outer loop
      vertex -56.2431 -37.3787 0.799999
      vertex -56.3623 -37.3523 5
      vertex -56.2431 -37.3787 5
    endloop
  endfacet
  facet normal 0.216237 0.976341 0
    outer loop
      vertex -56.3623 -37.3523 5
      vertex -56.2431 -37.3787 0.799999
      vertex -56.3623 -37.3523 0.799999
    endloop
  endfacet
  facet normal 0.608483 0.793567 -0
    outer loop
      vertex -56.803 -37.1468 0.799999
      vertex -56.8999 -37.0725 5
      vertex -56.803 -37.1468 5
    endloop
  endfacet
  facet normal 0.608483 0.793567 0
    outer loop
      vertex -56.8999 -37.0725 5
      vertex -56.803 -37.1468 0.799999
      vertex -56.8999 -37.0725 0.799999
    endloop
  endfacet
  facet normal 0.886935 0.461894 0
    outer loop
      vertex -57.2124 -36.7 5
      vertex -57.2688 -36.5917 0.799999
      vertex -57.2688 -36.5917 5
    endloop
  endfacet
  facet normal 0.886935 0.461894 0
    outer loop
      vertex -57.2688 -36.5917 0.799999
      vertex -57.2124 -36.7 5
      vertex -57.2124 -36.7 0.799999
    endloop
  endfacet
  facet normal 0.843459 0.537193 0
    outer loop
      vertex -57.1468 -36.803 5
      vertex -57.2124 -36.7 0.799999
      vertex -57.2124 -36.7 5
    endloop
  endfacet
  facet normal 0.843459 0.537193 0
    outer loop
      vertex -57.2124 -36.7 0.799999
      vertex -57.1468 -36.803 5
      vertex -57.1468 -36.803 0.799999
    endloop
  endfacet
  facet normal 0.923777 0.38293 0
    outer loop
      vertex -57.2688 -36.5917 5
      vertex -57.3156 -36.4788 0.799999
      vertex -57.3156 -36.4788 5
    endloop
  endfacet
  facet normal 0.923777 0.38293 0
    outer loop
      vertex -57.3156 -36.4788 0.799999
      vertex -57.2688 -36.5917 5
      vertex -57.2688 -36.5917 0.799999
    endloop
  endfacet
  facet normal -0.608483 0.793567 0
    outer loop
      vertex -55.1001 -37.0725 0.799999
      vertex -55.197 -37.1468 5
      vertex -55.1001 -37.0725 5
    endloop
  endfacet
  facet normal -0.608483 0.793567 0
    outer loop
      vertex -55.197 -37.1468 5
      vertex -55.1001 -37.0725 0.799999
      vertex -55.197 -37.1468 0.799999
    endloop
  endfacet
  facet normal 0.461894 0.886935 -0
    outer loop
      vertex -56.5917 -37.2688 0.799999
      vertex -56.7 -37.2124 5
      vertex -56.5917 -37.2688 5
    endloop
  endfacet
  facet normal 0.461894 0.886935 0
    outer loop
      vertex -56.7 -37.2124 5
      vertex -56.5917 -37.2688 0.799999
      vertex -56.7 -37.2124 0.799999
    endloop
  endfacet
  facet normal 0.537193 0.843459 -0
    outer loop
      vertex -56.7 -37.2124 0.799999
      vertex -56.803 -37.1468 5
      vertex -56.7 -37.2124 5
    endloop
  endfacet
  facet normal 0.537193 0.843459 0
    outer loop
      vertex -56.803 -37.1468 5
      vertex -56.7 -37.2124 0.799999
      vertex -56.803 -37.1468 0.799999
    endloop
  endfacet
  facet normal 0.300465 0.953793 -0
    outer loop
      vertex -56.3623 -37.3523 0.799999
      vertex -56.4788 -37.3156 5
      vertex -56.3623 -37.3523 5
    endloop
  endfacet
  facet normal 0.300465 0.953793 0
    outer loop
      vertex -56.4788 -37.3156 5
      vertex -56.3623 -37.3523 0.799999
      vertex -56.4788 -37.3156 0.799999
    endloop
  endfacet
  facet normal -0.461894 -0.886935 0
    outer loop
      vertex -55.4083 37.2688 0.799999
      vertex -55.3 37.2124 5
      vertex -55.4083 37.2688 5
    endloop
  endfacet
  facet normal -0.461894 -0.886935 -0
    outer loop
      vertex -55.3 37.2124 5
      vertex -55.4083 37.2688 0.799999
      vertex -55.3 37.2124 0.799999
    endloop
  endfacet
  facet normal 0.38293 -0.923777 0
    outer loop
      vertex -56.5917 37.2688 0.799999
      vertex -56.4788 37.3156 5
      vertex -56.5917 37.2688 5
    endloop
  endfacet
  facet normal 0.38293 -0.923777 0
    outer loop
      vertex -56.4788 37.3156 5
      vertex -56.5917 37.2688 0.799999
      vertex -56.4788 37.3156 0.799999
    endloop
  endfacet
  facet normal 0.953793 -0.300465 0
    outer loop
      vertex -57.3523 36.3623 5
      vertex -57.3156 36.4788 0.799999
      vertex -57.3156 36.4788 5
    endloop
  endfacet
  facet normal 0.953793 -0.300465 0
    outer loop
      vertex -57.3156 36.4788 0.799999
      vertex -57.3523 36.3623 5
      vertex -57.3523 36.3623 0.799999
    endloop
  endfacet
  facet normal 0.886935 0.461894 0
    outer loop
      vertex -57.2124 35.3 5
      vertex -57.2688 35.4083 0.799999
      vertex -57.2688 35.4083 5
    endloop
  endfacet
  facet normal 0.886935 0.461894 0
    outer loop
      vertex -57.2688 35.4083 0.799999
      vertex -57.2124 35.3 5
      vertex -57.2124 35.3 0.799999
    endloop
  endfacet
  facet normal -0.976341 -0.216237 0
    outer loop
      vertex -54.6213 36.2431 0.799999
      vertex -54.6477 36.3623 5
      vertex -54.6477 36.3623 0.799999
    endloop
  endfacet
  facet normal -0.976341 -0.216237 0
    outer loop
      vertex -54.6477 36.3623 5
      vertex -54.6213 36.2431 0.799999
      vertex -54.6213 36.2431 5
    endloop
  endfacet
  facet normal -0.953793 -0.300465 0
    outer loop
      vertex -54.6477 36.3623 0.799999
      vertex -54.6844 36.4788 5
      vertex -54.6844 36.4788 0.799999
    endloop
  endfacet
  facet normal -0.953793 -0.300465 0
    outer loop
      vertex -54.6844 36.4788 5
      vertex -54.6477 36.3623 0.799999
      vertex -54.6477 36.3623 5
    endloop
  endfacet
  facet normal -0.737154 -0.675725 0
    outer loop
      vertex -54.9275 36.8999 0.799999
      vertex -55.01 36.9899 5
      vertex -55.01 36.9899 0.799999
    endloop
  endfacet
  facet normal -0.737154 -0.675725 0
    outer loop
      vertex -55.01 36.9899 5
      vertex -54.9275 36.8999 0.799999
      vertex -54.9275 36.8999 5
    endloop
  endfacet
  facet normal -0.38293 -0.923777 0
    outer loop
      vertex -55.5212 37.3156 0.799999
      vertex -55.4083 37.2688 5
      vertex -55.5212 37.3156 5
    endloop
  endfacet
  facet normal -0.38293 -0.923777 -0
    outer loop
      vertex -55.4083 37.2688 5
      vertex -55.5212 37.3156 0.799999
      vertex -55.4083 37.2688 0.799999
    endloop
  endfacet
  facet normal 0 0 1
    outer loop
      vertex -54.6053 36.122 0.799999
      vertex -54.6053 35.878 0.799999
      vertex -54.6 36 0.799999
    endloop
  endfacet
  facet normal 0 0 1
    outer loop
      vertex -54.6213 36.2431 0.799999
      vertex -54.6053 35.878 0.799999
      vertex -54.6053 36.122 0.799999
    endloop
  endfacet
  facet normal 0 0 1
    outer loop
      vertex -54.6213 36.2431 0.799999
      vertex -54.6213 35.7569 0.799999
      vertex -54.6053 35.878 0.799999
    endloop
  endfacet
  facet normal 0 0 1
    outer loop
      vertex -54.6477 36.3623 0.799999
      vertex -54.6213 35.7569 0.799999
      vertex -54.6213 36.2431 0.799999
    endloop
  endfacet
  facet normal 0 0 1
    outer loop
      vertex -54.6477 36.3623 0.799999
      vertex -54.6477 35.6377 0.799999
      vertex -54.6213 35.7569 0.799999
    endloop
  endfacet
  facet normal 0 0 1
    outer loop
      vertex -54.6844 36.4788 0.799999
      vertex -54.6477 35.6377 0.799999
      vertex -54.6477 36.3623 0.799999
    endloop
  endfacet
  facet normal 0 0 1
    outer loop
      vertex -54.6844 36.4788 0.799999
      vertex -54.6844 35.5212 0.799999
      vertex -54.6477 35.6377 0.799999
    endloop
  endfacet
  facet normal 0 0 1
    outer loop
      vertex -54.7312 36.5917 0.799999
      vertex -54.6844 35.5212 0.799999
      vertex -54.6844 36.4788 0.799999
    endloop
  endfacet
  facet normal 0 0 1
    outer loop
      vertex -54.7312 36.5917 0.799999
      vertex -54.7312 35.4083 0.799999
      vertex -54.6844 35.5212 0.799999
    endloop
  endfacet
  facet normal 0 0 1
    outer loop
      vertex -54.7876 36.7 0.799999
      vertex -54.7312 35.4083 0.799999
      vertex -54.7312 36.5917 0.799999
    endloop
  endfacet
  facet normal 0 0 1
    outer loop
      vertex -54.7876 36.7 0.799999
      vertex -54.7876 35.3 0.799999
      vertex -54.7312 35.4083 0.799999
    endloop
  endfacet
  facet normal 0 0 1
    outer loop
      vertex -54.8532 36.803 0.799999
      vertex -54.7876 35.3 0.799999
      vertex -54.7876 36.7 0.799999
    endloop
  endfacet
  facet normal 0 0 1
    outer loop
      vertex -54.8532 36.803 0.799999
      vertex -54.8532 35.197 0.799999
      vertex -54.7876 35.3 0.799999
    endloop
  endfacet
  facet normal 0 0 1
    outer loop
      vertex -54.9275 36.8999 0.799999
      vertex -54.8532 35.197 0.799999
      vertex -54.8532 36.803 0.799999
    endloop
  endfacet
  facet normal 0 0 1
    outer loop
      vertex -54.9275 36.8999 0.799999
      vertex -54.9275 35.1001 0.799999
      vertex -54.8532 35.197 0.799999
    endloop
  endfacet
  facet normal 0 0 1
    outer loop
      vertex -55.01 36.9899 0.799999
      vertex -54.9275 35.1001 0.799999
      vertex -54.9275 36.8999 0.799999
    endloop
  endfacet
  facet normal 0 0 1
    outer loop
      vertex -55.01 36.9899 0.799999
      vertex -55.01 35.01 0.799999
      vertex -54.9275 35.1001 0.799999
    endloop
  endfacet
  facet normal 0 0 1
    outer loop
      vertex -55.1001 37.0725 0.799999
      vertex -55.01 35.01 0.799999
      vertex -55.01 36.9899 0.799999
    endloop
  endfacet
  facet normal 0 0 1
    outer loop
      vertex -55.1001 37.0725 0.799999
      vertex -55.1001 34.9275 0.799999
      vertex -55.01 35.01 0.799999
    endloop
  endfacet
  facet normal 0 0 1
    outer loop
      vertex -55.197 37.1468 0.799999
      vertex -55.1001 34.9275 0.799999
      vertex -55.1001 37.0725 0.799999
    endloop
  endfacet
  facet normal 0 0 1
    outer loop
      vertex -55.197 37.1468 0.799999
      vertex -55.197 34.8532 0.799999
      vertex -55.1001 34.9275 0.799999
    endloop
  endfacet
  facet normal 0 0 1
    outer loop
      vertex -55.3 37.2124 0.799999
      vertex -55.197 34.8532 0.799999
      vertex -55.197 37.1468 0.799999
    endloop
  endfacet
  facet normal 0 0 1
    outer loop
      vertex -55.3 37.2124 0.799999
      vertex -55.3 34.7876 0.799999
      vertex -55.197 34.8532 0.799999
    endloop
  endfacet
  facet normal 0 0 1
    outer loop
      vertex -55.4083 37.2688 0.799999
      vertex -55.3 34.7876 0.799999
      vertex -55.3 37.2124 0.799999
    endloop
  endfacet
  facet normal 0 0 1
    outer loop
      vertex -55.4083 37.2688 0.799999
      vertex -55.4083 34.7312 0.799999
      vertex -55.3 34.7876 0.799999
    endloop
  endfacet
  facet normal 0 0 1
    outer loop
      vertex -55.5212 37.3156 0.799999
      vertex -55.4083 34.7312 0.799999
      vertex -55.4083 37.2688 0.799999
    endloop
  endfacet
  facet normal 0 0 1
    outer loop
      vertex -55.5212 37.3156 0.799999
      vertex -55.5212 34.6844 0.799999
      vertex -55.4083 34.7312 0.799999
    endloop
  endfacet
  facet normal 0 0 1
    outer loop
      vertex -55.6377 37.3523 0.799999
      vertex -55.5212 34.6844 0.799999
      vertex -55.5212 37.3156 0.799999
    endloop
  endfacet
  facet normal 0 0 1
    outer loop
      vertex -55.6377 37.3523 0.799999
      vertex -55.6377 34.6477 0.799999
      vertex -55.5212 34.6844 0.799999
    endloop
  endfacet
  facet normal 0 0 1
    outer loop
      vertex -55.7569 37.3787 0.799999
      vertex -55.6377 34.6477 0.799999
      vertex -55.6377 37.3523 0.799999
    endloop
  endfacet
  facet normal 0 0 1
    outer loop
      vertex -55.7569 37.3787 0.799999
      vertex -55.7569 34.6213 0.799999
      vertex -55.6377 34.6477 0.799999
    endloop
  endfacet
  facet normal 0 0 1
    outer loop
      vertex -55.878 37.3947 0.799999
      vertex -55.7569 34.6213 0.799999
      vertex -55.7569 37.3787 0.799999
    endloop
  endfacet
  facet normal 0 0 1
    outer loop
      vertex -55.878 37.3947 0.799999
      vertex -55.878 34.6053 0.799999
      vertex -55.7569 34.6213 0.799999
    endloop
  endfacet
  facet normal 0 0 1
    outer loop
      vertex -56 37.4 0.799999
      vertex -55.878 34.6053 0.799999
      vertex -55.878 37.3947 0.799999
    endloop
  endfacet
  facet normal 0 0 1
    outer loop
      vertex -56 37.4 0.799999
      vertex -56 34.6 0.799999
      vertex -55.878 34.6053 0.799999
    endloop
  endfacet
  facet normal -0 0 1
    outer loop
      vertex -56.122 37.3947 0.799999
      vertex -56 34.6 0.799999
      vertex -56 37.4 0.799999
    endloop
  endfacet
  facet normal 0 0 1
    outer loop
      vertex -56.122 37.3947 0.799999
      vertex -56.122 34.6053 0.799999
      vertex -56 34.6 0.799999
    endloop
  endfacet
  facet normal -0 0 1
    outer loop
      vertex -56.2431 37.3787 0.799999
      vertex -56.122 34.6053 0.799999
      vertex -56.122 37.3947 0.799999
    endloop
  endfacet
  facet normal 0 0 1
    outer loop
      vertex -56.2431 37.3787 0.799999
      vertex -56.2431 34.6213 0.799999
      vertex -56.122 34.6053 0.799999
    endloop
  endfacet
  facet normal -0 0 1
    outer loop
      vertex -56.3623 37.3523 0.799999
      vertex -56.2431 34.6213 0.799999
      vertex -56.2431 37.3787 0.799999
    endloop
  endfacet
  facet normal 0 0 1
    outer loop
      vertex -56.3623 37.3523 0.799999
      vertex -56.3623 34.6477 0.799999
      vertex -56.2431 34.6213 0.799999
    endloop
  endfacet
  facet normal -0 0 1
    outer loop
      vertex -56.4788 37.3156 0.799999
      vertex -56.3623 34.6477 0.799999
      vertex -56.3623 37.3523 0.799999
    endloop
  endfacet
  facet normal 0 0 1
    outer loop
      vertex -56.4788 37.3156 0.799999
      vertex -56.4788 34.6844 0.799999
      vertex -56.3623 34.6477 0.799999
    endloop
  endfacet
  facet normal -0 0 1
    outer loop
      vertex -56.5917 37.2688 0.799999
      vertex -56.4788 34.6844 0.799999
      vertex -56.4788 37.3156 0.799999
    endloop
  endfacet
  facet normal 0 0 1
    outer loop
      vertex -56.5917 37.2688 0.799999
      vertex -56.5917 34.7312 0.799999
      vertex -56.4788 34.6844 0.799999
    endloop
  endfacet
  facet normal -0 0 1
    outer loop
      vertex -56.7 37.2124 0.799999
      vertex -56.5917 34.7312 0.799999
      vertex -56.5917 37.2688 0.799999
    endloop
  endfacet
  facet normal 0 0 1
    outer loop
      vertex -56.7 37.2124 0.799999
      vertex -56.7 34.7876 0.799999
      vertex -56.5917 34.7312 0.799999
    endloop
  endfacet
  facet normal -0 0 1
    outer loop
      vertex -56.803 37.1468 0.799999
      vertex -56.7 34.7876 0.799999
      vertex -56.7 37.2124 0.799999
    endloop
  endfacet
  facet normal 0 0 1
    outer loop
      vertex -56.803 37.1468 0.799999
      vertex -56.803 34.8532 0.799999
      vertex -56.7 34.7876 0.799999
    endloop
  endfacet
  facet normal -0 0 1
    outer loop
      vertex -56.8999 37.0725 0.799999
      vertex -56.803 34.8532 0.799999
      vertex -56.803 37.1468 0.799999
    endloop
  endfacet
  facet normal 0 0 1
    outer loop
      vertex -56.8999 37.0725 0.799999
      vertex -56.8999 34.9275 0.799999
      vertex -56.803 34.8532 0.799999
    endloop
  endfacet
  facet normal -0 0 1
    outer loop
      vertex -56.9899 36.9899 0.799999
      vertex -56.8999 34.9275 0.799999
      vertex -56.8999 37.0725 0.799999
    endloop
  endfacet
  facet normal 0 0 1
    outer loop
      vertex -56.9899 36.9899 0.799999
      vertex -56.9899 35.01 0.799999
      vertex -56.8999 34.9275 0.799999
    endloop
  endfacet
  facet normal -0 0 1
    outer loop
      vertex -57.0725 36.8999 0.799999
      vertex -56.9899 35.01 0.799999
      vertex -56.9899 36.9899 0.799999
    endloop
  endfacet
  facet normal 0 0 1
    outer loop
      vertex -57.0725 36.8999 0.799999
      vertex -57.0725 35.1001 0.799999
      vertex -56.9899 35.01 0.799999
    endloop
  endfacet
  facet normal -0 0 1
    outer loop
      vertex -57.1468 36.803 0.799999
      vertex -57.0725 35.1001 0.799999
      vertex -57.0725 36.8999 0.799999
    endloop
  endfacet
  facet normal 0 0 1
    outer loop
      vertex -57.1468 36.803 0.799999
      vertex -57.1468 35.197 0.799999
      vertex -57.0725 35.1001 0.799999
    endloop
  endfacet
  facet normal -0 0 1
    outer loop
      vertex -57.2124 36.7 0.799999
      vertex -57.1468 35.197 0.799999
      vertex -57.1468 36.803 0.799999
    endloop
  endfacet
  facet normal 0 0 1
    outer loop
      vertex -57.2124 36.7 0.799999
      vertex -57.2124 35.3 0.799999
      vertex -57.1468 35.197 0.799999
    endloop
  endfacet
  facet normal -0 0 1
    outer loop
      vertex -57.2688 36.5917 0.799999
      vertex -57.2124 35.3 0.799999
      vertex -57.2124 36.7 0.799999
    endloop
  endfacet
  facet normal 0 0 1
    outer loop
      vertex -57.2688 36.5917 0.799999
      vertex -57.2688 35.4083 0.799999
      vertex -57.2124 35.3 0.799999
    endloop
  endfacet
  facet normal -0 0 1
    outer loop
      vertex -57.3156 36.4788 0.799999
      vertex -57.2688 35.4083 0.799999
      vertex -57.2688 36.5917 0.799999
    endloop
  endfacet
  facet normal 0 0 1
    outer loop
      vertex -57.3156 36.4788 0.799999
      vertex -57.3156 35.5212 0.799999
      vertex -57.2688 35.4083 0.799999
    endloop
  endfacet
  facet normal -0 0 1
    outer loop
      vertex -57.3523 36.3623 0.799999
      vertex -57.3156 35.5212 0.799999
      vertex -57.3156 36.4788 0.799999
    endloop
  endfacet
  facet normal 0 0 1
    outer loop
      vertex -57.3523 36.3623 0.799999
      vertex -57.3523 35.6377 0.799999
      vertex -57.3156 35.5212 0.799999
    endloop
  endfacet
  facet normal -0 0 1
    outer loop
      vertex -57.3787 36.2431 0.799999
      vertex -57.3523 35.6377 0.799999
      vertex -57.3523 36.3623 0.799999
    endloop
  endfacet
  facet normal 0 0 1
    outer loop
      vertex -57.3787 36.2431 0.799999
      vertex -57.3787 35.7569 0.799999
      vertex -57.3523 35.6377 0.799999
    endloop
  endfacet
  facet normal -0 0 1
    outer loop
      vertex -57.3947 36.122 0.799999
      vertex -57.3787 35.7569 0.799999
      vertex -57.3787 36.2431 0.799999
    endloop
  endfacet
  facet normal 0 0 1
    outer loop
      vertex -57.3947 36.122 0.799999
      vertex -57.3947 35.878 0.799999
      vertex -57.3787 35.7569 0.799999
    endloop
  endfacet
  facet normal 0 -0 1
    outer loop
      vertex -57.3947 35.878 0.799999
      vertex -57.3947 36.122 0.799999
      vertex -57.4 36 0.799999
    endloop
  endfacet
  facet normal 0.999058 0.0434017 0
    outer loop
      vertex -57.3947 35.878 5
      vertex -57.4 36 0.799999
      vertex -57.4 36 5
    endloop
  endfacet
  facet normal 0.999058 0.0434017 0
    outer loop
      vertex -57.4 36 0.799999
      vertex -57.3947 35.878 5
      vertex -57.3947 35.878 0.799999
    endloop
  endfacet
  facet normal 0.676169 -0.736746 0
    outer loop
      vertex -56.9899 36.9899 0.799999
      vertex -56.8999 37.0725 5
      vertex -56.9899 36.9899 5
    endloop
  endfacet
  facet normal 0.676169 -0.736746 0
    outer loop
      vertex -56.8999 37.0725 5
      vertex -56.9899 36.9899 0.799999
      vertex -56.8999 37.0725 0.799999
    endloop
  endfacet
  facet normal -0.976341 0.216237 0
    outer loop
      vertex -54.6477 35.6377 0.799999
      vertex -54.6213 35.7569 5
      vertex -54.6213 35.7569 0.799999
    endloop
  endfacet
  facet normal -0.976341 0.216237 0
    outer loop
      vertex -54.6213 35.7569 5
      vertex -54.6477 35.6377 0.799999
      vertex -54.6477 35.6377 5
    endloop
  endfacet
  facet normal -0.300465 0.953793 0
    outer loop
      vertex -55.5212 34.6844 0.799999
      vertex -55.6377 34.6477 5
      vertex -55.5212 34.6844 5
    endloop
  endfacet
  facet normal -0.300465 0.953793 0
    outer loop
      vertex -55.6377 34.6477 5
      vertex -55.5212 34.6844 0.799999
      vertex -55.6377 34.6477 0.799999
    endloop
  endfacet
  facet normal -0.737528 0.675317 0
    outer loop
      vertex -55.01 35.01 0.799999
      vertex -54.9275 35.1001 5
      vertex -54.9275 35.1001 0.799999
    endloop
  endfacet
  facet normal -0.737528 0.675317 0
    outer loop
      vertex -54.9275 35.1001 5
      vertex -55.01 35.01 0.799999
      vertex -55.01 35.01 5
    endloop
  endfacet
  facet normal -0.0434017 0.999058 0
    outer loop
      vertex -55.878 34.6053 0.799999
      vertex -56 34.6 5
      vertex -55.878 34.6053 5
    endloop
  endfacet
  facet normal -0.0434017 0.999058 0
    outer loop
      vertex -56 34.6 5
      vertex -55.878 34.6053 0.799999
      vertex -56 34.6 0.799999
    endloop
  endfacet
  facet normal 0.38293 0.923777 -0
    outer loop
      vertex -56.4788 34.6844 0.799999
      vertex -56.5917 34.7312 5
      vertex -56.4788 34.6844 5
    endloop
  endfacet
  facet normal 0.38293 0.923777 0
    outer loop
      vertex -56.5917 34.7312 5
      vertex -56.4788 34.6844 0.799999
      vertex -56.5917 34.7312 0.799999
    endloop
  endfacet
  facet normal 0.461894 0.886935 -0
    outer loop
      vertex -56.5917 34.7312 0.799999
      vertex -56.7 34.7876 5
      vertex -56.5917 34.7312 5
    endloop
  endfacet
  facet normal 0.461894 0.886935 0
    outer loop
      vertex -56.7 34.7876 5
      vertex -56.5917 34.7312 0.799999
      vertex -56.7 34.7876 0.799999
    endloop
  endfacet
  facet normal -0.991384 -0.130984 0
    outer loop
      vertex -54.6053 36.122 0.799999
      vertex -54.6213 36.2431 5
      vertex -54.6213 36.2431 0.799999
    endloop
  endfacet
  facet normal -0.991384 -0.130984 0
    outer loop
      vertex -54.6213 36.2431 5
      vertex -54.6053 36.122 0.799999
      vertex -54.6053 36.122 5
    endloop
  endfacet
  facet normal -0.923777 -0.38293 0
    outer loop
      vertex -54.6844 36.4788 0.799999
      vertex -54.7312 36.5917 5
      vertex -54.7312 36.5917 0.799999
    endloop
  endfacet
  facet normal -0.923777 -0.38293 0
    outer loop
      vertex -54.7312 36.5917 5
      vertex -54.6844 36.4788 0.799999
      vertex -54.6844 36.4788 5
    endloop
  endfacet
  facet normal -0.886935 -0.461894 0
    outer loop
      vertex -54.7312 36.5917 0.799999
      vertex -54.7876 36.7 5
      vertex -54.7876 36.7 0.799999
    endloop
  endfacet
  facet normal -0.886935 -0.461894 0
    outer loop
      vertex -54.7876 36.7 5
      vertex -54.7312 36.5917 0.799999
      vertex -54.7312 36.5917 5
    endloop
  endfacet
  facet normal -0.675762 -0.73712 0
    outer loop
      vertex -55.1001 37.0725 0.799999
      vertex -55.01 36.9899 5
      vertex -55.1001 37.0725 5
    endloop
  endfacet
  facet normal -0.675762 -0.73712 -0
    outer loop
      vertex -55.01 36.9899 5
      vertex -55.1001 37.0725 0.799999
      vertex -55.01 36.9899 0.799999
    endloop
  endfacet
  facet normal 0.0434017 -0.999058 0
    outer loop
      vertex -56.122 37.3947 0.799999
      vertex -56 37.4 5
      vertex -56.122 37.3947 5
    endloop
  endfacet
  facet normal 0.0434017 -0.999058 0
    outer loop
      vertex -56 37.4 5
      vertex -56.122 37.3947 0.799999
      vertex -56 37.4 0.799999
    endloop
  endfacet
  facet normal -0.300465 -0.953793 0
    outer loop
      vertex -55.6377 37.3523 0.799999
      vertex -55.5212 37.3156 5
      vertex -55.6377 37.3523 5
    endloop
  endfacet
  facet normal -0.300465 -0.953793 -0
    outer loop
      vertex -55.5212 37.3156 5
      vertex -55.6377 37.3523 0.799999
      vertex -55.5212 37.3156 0.799999
    endloop
  endfacet
  facet normal -0.216237 -0.976341 0
    outer loop
      vertex -55.7569 37.3787 0.799999
      vertex -55.6377 37.3523 5
      vertex -55.7569 37.3787 5
    endloop
  endfacet
  facet normal -0.216237 -0.976341 -0
    outer loop
      vertex -55.6377 37.3523 5
      vertex -55.7569 37.3787 0.799999
      vertex -55.6377 37.3523 0.799999
    endloop
  endfacet
  facet normal -0.130984 -0.991384 0
    outer loop
      vertex -55.878 37.3947 0.799999
      vertex -55.7569 37.3787 5
      vertex -55.878 37.3947 5
    endloop
  endfacet
  facet normal -0.130984 -0.991384 -0
    outer loop
      vertex -55.7569 37.3787 5
      vertex -55.878 37.3947 0.799999
      vertex -55.7569 37.3787 0.799999
    endloop
  endfacet
  facet normal -0.0434017 -0.999058 0
    outer loop
      vertex -56 37.4 0.799999
      vertex -55.878 37.3947 5
      vertex -56 37.4 5
    endloop
  endfacet
  facet normal -0.0434017 -0.999058 -0
    outer loop
      vertex -55.878 37.3947 5
      vertex -56 37.4 0.799999
      vertex -55.878 37.3947 0.799999
    endloop
  endfacet
  facet normal 0.976341 -0.216237 0
    outer loop
      vertex -57.3787 36.2431 5
      vertex -57.3523 36.3623 0.799999
      vertex -57.3523 36.3623 5
    endloop
  endfacet
  facet normal 0.976341 -0.216237 0
    outer loop
      vertex -57.3523 36.3623 0.799999
      vertex -57.3787 36.2431 5
      vertex -57.3787 36.2431 0.799999
    endloop
  endfacet
  facet normal 0.991384 -0.130984 0
    outer loop
      vertex -57.3947 36.122 5
      vertex -57.3787 36.2431 0.799999
      vertex -57.3787 36.2431 5
    endloop
  endfacet
  facet normal 0.991384 -0.130984 0
    outer loop
      vertex -57.3787 36.2431 0.799999
      vertex -57.3947 36.122 5
      vertex -57.3947 36.122 0.799999
    endloop
  endfacet
  facet normal 0.999058 -0.0434017 0
    outer loop
      vertex -57.4 36 5
      vertex -57.3947 36.122 0.799999
      vertex -57.3947 36.122 5
    endloop
  endfacet
  facet normal 0.999058 -0.0434017 0
    outer loop
      vertex -57.3947 36.122 0.799999
      vertex -57.4 36 5
      vertex -57.4 36 0.799999
    endloop
  endfacet
  facet normal 0.843459 -0.537193 0
    outer loop
      vertex -57.2124 36.7 5
      vertex -57.1468 36.803 0.799999
      vertex -57.1468 36.803 5
    endloop
  endfacet
  facet normal 0.843459 -0.537193 0
    outer loop
      vertex -57.1468 36.803 0.799999
      vertex -57.2124 36.7 5
      vertex -57.2124 36.7 0.799999
    endloop
  endfacet
  facet normal 0.886935 -0.461894 0
    outer loop
      vertex -57.2688 36.5917 5
      vertex -57.2124 36.7 0.799999
      vertex -57.2124 36.7 5
    endloop
  endfacet
  facet normal 0.886935 -0.461894 0
    outer loop
      vertex -57.2124 36.7 0.799999
      vertex -57.2688 36.5917 5
      vertex -57.2688 36.5917 0.799999
    endloop
  endfacet
  facet normal 0.130984 -0.991384 0
    outer loop
      vertex -56.2431 37.3787 0.799999
      vertex -56.122 37.3947 5
      vertex -56.2431 37.3787 5
    endloop
  endfacet
  facet normal 0.130984 -0.991384 0
    outer loop
      vertex -56.122 37.3947 5
      vertex -56.2431 37.3787 0.799999
      vertex -56.122 37.3947 0.799999
    endloop
  endfacet
  facet normal 0.216237 -0.976341 0
    outer loop
      vertex -56.3623 37.3523 0.799999
      vertex -56.2431 37.3787 5
      vertex -56.3623 37.3523 5
    endloop
  endfacet
  facet normal 0.216237 -0.976341 0
    outer loop
      vertex -56.2431 37.3787 5
      vertex -56.3623 37.3523 0.799999
      vertex -56.2431 37.3787 0.799999
    endloop
  endfacet
  facet normal 0.461894 -0.886935 0
    outer loop
      vertex -56.7 37.2124 0.799999
      vertex -56.5917 37.2688 5
      vertex -56.7 37.2124 5
    endloop
  endfacet
  facet normal 0.461894 -0.886935 0
    outer loop
      vertex -56.5917 37.2688 5
      vertex -56.7 37.2124 0.799999
      vertex -56.5917 37.2688 0.799999
    endloop
  endfacet
  facet normal 0.736746 -0.676169 0
    outer loop
      vertex -57.0725 36.8999 5
      vertex -56.9899 36.9899 0.799999
      vertex -56.9899 36.9899 5
    endloop
  endfacet
  facet normal 0.736746 -0.676169 0
    outer loop
      vertex -56.9899 36.9899 0.799999
      vertex -57.0725 36.8999 5
      vertex -57.0725 36.8999 0.799999
    endloop
  endfacet
  facet normal -0.999058 -0.0434017 0
    outer loop
      vertex -54.6 36 0.799999
      vertex -54.6053 36.122 5
      vertex -54.6053 36.122 0.799999
    endloop
  endfacet
  facet normal -0.999058 -0.0434017 0
    outer loop
      vertex -54.6053 36.122 5
      vertex -54.6 36 0.799999
      vertex -54.6 36 5
    endloop
  endfacet
  facet normal -0.130984 0.991384 0
    outer loop
      vertex -55.7569 34.6213 0.799999
      vertex -55.878 34.6053 5
      vertex -55.7569 34.6213 5
    endloop
  endfacet
  facet normal -0.130984 0.991384 0
    outer loop
      vertex -55.878 34.6053 5
      vertex -55.7569 34.6213 0.799999
      vertex -55.878 34.6053 0.799999
    endloop
  endfacet
  facet normal -0.216237 0.976341 0
    outer loop
      vertex -55.6377 34.6477 0.799999
      vertex -55.7569 34.6213 5
      vertex -55.6377 34.6477 5
    endloop
  endfacet
  facet normal -0.216237 0.976341 0
    outer loop
      vertex -55.7569 34.6213 5
      vertex -55.6377 34.6477 0.799999
      vertex -55.7569 34.6213 0.799999
    endloop
  endfacet
  facet normal -0.461894 0.886935 0
    outer loop
      vertex -55.3 34.7876 0.799999
      vertex -55.4083 34.7312 5
      vertex -55.3 34.7876 5
    endloop
  endfacet
  facet normal -0.461894 0.886935 0
    outer loop
      vertex -55.4083 34.7312 5
      vertex -55.3 34.7876 0.799999
      vertex -55.4083 34.7312 0.799999
    endloop
  endfacet
  facet normal -0.675317 0.737528 0
    outer loop
      vertex -55.01 35.01 0.799999
      vertex -55.1001 34.9275 5
      vertex -55.01 35.01 5
    endloop
  endfacet
  facet normal -0.675317 0.737528 0
    outer loop
      vertex -55.1001 34.9275 5
      vertex -55.01 35.01 0.799999
      vertex -55.1001 34.9275 0.799999
    endloop
  endfacet
  facet normal 0.130984 0.991384 -0
    outer loop
      vertex -56.122 34.6053 0.799999
      vertex -56.2431 34.6213 5
      vertex -56.122 34.6053 5
    endloop
  endfacet
  facet normal 0.130984 0.991384 0
    outer loop
      vertex -56.2431 34.6213 5
      vertex -56.122 34.6053 0.799999
      vertex -56.2431 34.6213 0.799999
    endloop
  endfacet
  facet normal 0.216237 0.976341 -0
    outer loop
      vertex -56.2431 34.6213 0.799999
      vertex -56.3623 34.6477 5
      vertex -56.2431 34.6213 5
    endloop
  endfacet
  facet normal 0.216237 0.976341 0
    outer loop
      vertex -56.3623 34.6477 5
      vertex -56.2431 34.6213 0.799999
      vertex -56.3623 34.6477 0.799999
    endloop
  endfacet
  facet normal 0.0434017 0.999058 -0
    outer loop
      vertex -56 34.6 0.799999
      vertex -56.122 34.6053 5
      vertex -56 34.6 5
    endloop
  endfacet
  facet normal 0.0434017 0.999058 0
    outer loop
      vertex -56.122 34.6053 5
      vertex -56 34.6 0.799999
      vertex -56.122 34.6053 0.799999
    endloop
  endfacet
  facet normal 0.300465 0.953793 -0
    outer loop
      vertex -56.3623 34.6477 0.799999
      vertex -56.4788 34.6844 5
      vertex -56.3623 34.6477 5
    endloop
  endfacet
  facet normal 0.300465 0.953793 0
    outer loop
      vertex -56.4788 34.6844 5
      vertex -56.3623 34.6477 0.799999
      vertex -56.4788 34.6844 0.799999
    endloop
  endfacet
  facet normal 0.953793 0.300465 0
    outer loop
      vertex -57.3156 35.5212 5
      vertex -57.3523 35.6377 0.799999
      vertex -57.3523 35.6377 5
    endloop
  endfacet
  facet normal 0.953793 0.300465 0
    outer loop
      vertex -57.3523 35.6377 0.799999
      vertex -57.3156 35.5212 5
      vertex -57.3156 35.5212 0.799999
    endloop
  endfacet
  facet normal 0.991384 0.130984 0
    outer loop
      vertex -57.3787 35.7569 5
      vertex -57.3947 35.878 0.799999
      vertex -57.3947 35.878 5
    endloop
  endfacet
  facet normal 0.991384 0.130984 0
    outer loop
      vertex -57.3947 35.878 0.799999
      vertex -57.3787 35.7569 5
      vertex -57.3787 35.7569 0.799999
    endloop
  endfacet
  facet normal 0.73712 0.675762 0
    outer loop
      vertex -56.9899 35.01 5
      vertex -57.0725 35.1001 0.799999
      vertex -57.0725 35.1001 5
    endloop
  endfacet
  facet normal 0.73712 0.675762 0
    outer loop
      vertex -57.0725 35.1001 0.799999
      vertex -56.9899 35.01 5
      vertex -56.9899 35.01 0.799999
    endloop
  endfacet
  facet normal -0.843459 -0.537193 0
    outer loop
      vertex -54.7876 36.7 0.799999
      vertex -54.8532 36.803 5
      vertex -54.8532 36.803 0.799999
    endloop
  endfacet
  facet normal -0.843459 -0.537193 0
    outer loop
      vertex -54.8532 36.803 5
      vertex -54.7876 36.7 0.799999
      vertex -54.7876 36.7 5
    endloop
  endfacet
  facet normal -0.793567 -0.608483 0
    outer loop
      vertex -54.8532 36.803 0.799999
      vertex -54.9275 36.8999 5
      vertex -54.9275 36.8999 0.799999
    endloop
  endfacet
  facet normal -0.793567 -0.608483 0
    outer loop
      vertex -54.9275 36.8999 5
      vertex -54.8532 36.803 0.799999
      vertex -54.8532 36.803 5
    endloop
  endfacet
  facet normal -0.608483 -0.793567 0
    outer loop
      vertex -55.197 37.1468 0.799999
      vertex -55.1001 37.0725 5
      vertex -55.197 37.1468 5
    endloop
  endfacet
  facet normal -0.608483 -0.793567 -0
    outer loop
      vertex -55.1001 37.0725 5
      vertex -55.197 37.1468 0.799999
      vertex -55.1001 37.0725 0.799999
    endloop
  endfacet
  facet normal -0.537193 -0.843459 0
    outer loop
      vertex -55.3 37.2124 0.799999
      vertex -55.197 37.1468 5
      vertex -55.3 37.2124 5
    endloop
  endfacet
  facet normal -0.537193 -0.843459 -0
    outer loop
      vertex -55.197 37.1468 5
      vertex -55.3 37.2124 0.799999
      vertex -55.197 37.1468 0.799999
    endloop
  endfacet
  facet normal 0.923777 -0.38293 0
    outer loop
      vertex -57.3156 36.4788 5
      vertex -57.2688 36.5917 0.799999
      vertex -57.2688 36.5917 5
    endloop
  endfacet
  facet normal 0.923777 -0.38293 0
    outer loop
      vertex -57.2688 36.5917 0.799999
      vertex -57.3156 36.4788 5
      vertex -57.3156 36.4788 0.799999
    endloop
  endfacet
  facet normal 0.793567 -0.608483 0
    outer loop
      vertex -57.1468 36.803 5
      vertex -57.0725 36.8999 0.799999
      vertex -57.0725 36.8999 5
    endloop
  endfacet
  facet normal 0.793567 -0.608483 0
    outer loop
      vertex -57.0725 36.8999 0.799999
      vertex -57.1468 36.803 5
      vertex -57.1468 36.803 0.799999
    endloop
  endfacet
  facet normal 0.300465 -0.953793 0
    outer loop
      vertex -56.4788 37.3156 0.799999
      vertex -56.3623 37.3523 5
      vertex -56.4788 37.3156 5
    endloop
  endfacet
  facet normal 0.300465 -0.953793 0
    outer loop
      vertex -56.3623 37.3523 5
      vertex -56.4788 37.3156 0.799999
      vertex -56.3623 37.3523 0.799999
    endloop
  endfacet
  facet normal 0.537193 -0.843459 0
    outer loop
      vertex -56.803 37.1468 0.799999
      vertex -56.7 37.2124 5
      vertex -56.803 37.1468 5
    endloop
  endfacet
  facet normal 0.537193 -0.843459 0
    outer loop
      vertex -56.7 37.2124 5
      vertex -56.803 37.1468 0.799999
      vertex -56.7 37.2124 0.799999
    endloop
  endfacet
  facet normal 0.608483 -0.793567 0
    outer loop
      vertex -56.8999 37.0725 0.799999
      vertex -56.803 37.1468 5
      vertex -56.8999 37.0725 5
    endloop
  endfacet
  facet normal 0.608483 -0.793567 0
    outer loop
      vertex -56.803 37.1468 5
      vertex -56.8999 37.0725 0.799999
      vertex -56.803 37.1468 0.799999
    endloop
  endfacet
  facet normal -0.991384 0.130984 0
    outer loop
      vertex -54.6213 35.7569 0.799999
      vertex -54.6053 35.878 5
      vertex -54.6053 35.878 0.799999
    endloop
  endfacet
  facet normal -0.991384 0.130984 0
    outer loop
      vertex -54.6053 35.878 5
      vertex -54.6213 35.7569 0.799999
      vertex -54.6213 35.7569 5
    endloop
  endfacet
  facet normal -0.999058 0.0434017 0
    outer loop
      vertex -54.6053 35.878 0.799999
      vertex -54.6 36 5
      vertex -54.6 36 0.799999
    endloop
  endfacet
  facet normal -0.999058 0.0434017 0
    outer loop
      vertex -54.6 36 5
      vertex -54.6053 35.878 0.799999
      vertex -54.6053 35.878 5
    endloop
  endfacet
  facet normal -0.953793 0.300465 0
    outer loop
      vertex -54.6844 35.5212 0.799999
      vertex -54.6477 35.6377 5
      vertex -54.6477 35.6377 0.799999
    endloop
  endfacet
  facet normal -0.953793 0.300465 0
    outer loop
      vertex -54.6477 35.6377 5
      vertex -54.6844 35.5212 0.799999
      vertex -54.6844 35.5212 5
    endloop
  endfacet
  facet normal -0.793567 0.608483 0
    outer loop
      vertex -54.9275 35.1001 0.799999
      vertex -54.8532 35.197 5
      vertex -54.8532 35.197 0.799999
    endloop
  endfacet
  facet normal -0.793567 0.608483 0
    outer loop
      vertex -54.8532 35.197 5
      vertex -54.9275 35.1001 0.799999
      vertex -54.9275 35.1001 5
    endloop
  endfacet
  facet normal -0.38293 0.923777 0
    outer loop
      vertex -55.4083 34.7312 0.799999
      vertex -55.5212 34.6844 5
      vertex -55.4083 34.7312 5
    endloop
  endfacet
  facet normal -0.38293 0.923777 0
    outer loop
      vertex -55.5212 34.6844 5
      vertex -55.4083 34.7312 0.799999
      vertex -55.5212 34.6844 0.799999
    endloop
  endfacet
  facet normal -0.537193 0.843459 0
    outer loop
      vertex -55.197 34.8532 0.799999
      vertex -55.3 34.7876 5
      vertex -55.197 34.8532 5
    endloop
  endfacet
  facet normal -0.537193 0.843459 0
    outer loop
      vertex -55.3 34.7876 5
      vertex -55.197 34.8532 0.799999
      vertex -55.3 34.7876 0.799999
    endloop
  endfacet
  facet normal -0.608483 0.793567 0
    outer loop
      vertex -55.1001 34.9275 0.799999
      vertex -55.197 34.8532 5
      vertex -55.1001 34.9275 5
    endloop
  endfacet
  facet normal -0.608483 0.793567 0
    outer loop
      vertex -55.197 34.8532 5
      vertex -55.1001 34.9275 0.799999
      vertex -55.197 34.8532 0.799999
    endloop
  endfacet
  facet normal 0.608483 0.793567 -0
    outer loop
      vertex -56.803 34.8532 0.799999
      vertex -56.8999 34.9275 5
      vertex -56.803 34.8532 5
    endloop
  endfacet
  facet normal 0.608483 0.793567 0
    outer loop
      vertex -56.8999 34.9275 5
      vertex -56.803 34.8532 0.799999
      vertex -56.8999 34.9275 0.799999
    endloop
  endfacet
  facet normal 0.976341 0.216237 0
    outer loop
      vertex -57.3523 35.6377 5
      vertex -57.3787 35.7569 0.799999
      vertex -57.3787 35.7569 5
    endloop
  endfacet
  facet normal 0.976341 0.216237 0
    outer loop
      vertex -57.3787 35.7569 0.799999
      vertex -57.3523 35.6377 5
      vertex -57.3523 35.6377 0.799999
    endloop
  endfacet
  facet normal 0.923777 0.38293 0
    outer loop
      vertex -57.2688 35.4083 5
      vertex -57.3156 35.5212 0.799999
      vertex -57.3156 35.5212 5
    endloop
  endfacet
  facet normal 0.923777 0.38293 0
    outer loop
      vertex -57.3156 35.5212 0.799999
      vertex -57.2688 35.4083 5
      vertex -57.2688 35.4083 0.799999
    endloop
  endfacet
  facet normal 0.843459 0.537193 0
    outer loop
      vertex -57.1468 35.197 5
      vertex -57.2124 35.3 0.799999
      vertex -57.2124 35.3 5
    endloop
  endfacet
  facet normal 0.843459 0.537193 0
    outer loop
      vertex -57.2124 35.3 0.799999
      vertex -57.1468 35.197 5
      vertex -57.1468 35.197 0.799999
    endloop
  endfacet
  facet normal 0.675725 0.737154 -0
    outer loop
      vertex -56.8999 34.9275 0.799999
      vertex -56.9899 35.01 5
      vertex -56.8999 34.9275 5
    endloop
  endfacet
  facet normal 0.675725 0.737154 0
    outer loop
      vertex -56.9899 35.01 5
      vertex -56.8999 34.9275 0.799999
      vertex -56.9899 35.01 0.799999
    endloop
  endfacet
  facet normal -0.886935 0.461894 0
    outer loop
      vertex -54.7876 35.3 0.799999
      vertex -54.7312 35.4083 5
      vertex -54.7312 35.4083 0.799999
    endloop
  endfacet
  facet normal -0.886935 0.461894 0
    outer loop
      vertex -54.7312 35.4083 5
      vertex -54.7876 35.3 0.799999
      vertex -54.7876 35.3 5
    endloop
  endfacet
  facet normal -0.923777 0.38293 0
    outer loop
      vertex -54.7312 35.4083 0.799999
      vertex -54.6844 35.5212 5
      vertex -54.6844 35.5212 0.799999
    endloop
  endfacet
  facet normal -0.923777 0.38293 0
    outer loop
      vertex -54.6844 35.5212 5
      vertex -54.7312 35.4083 0.799999
      vertex -54.7312 35.4083 5
    endloop
  endfacet
  facet normal 0.537193 0.843459 -0
    outer loop
      vertex -56.7 34.7876 0.799999
      vertex -56.803 34.8532 5
      vertex -56.7 34.7876 5
    endloop
  endfacet
  facet normal 0.537193 0.843459 0
    outer loop
      vertex -56.803 34.8532 5
      vertex -56.7 34.7876 0.799999
      vertex -56.803 34.8532 0.799999
    endloop
  endfacet
  facet normal 0.793567 0.608483 0
    outer loop
      vertex -57.0725 35.1001 5
      vertex -57.1468 35.197 0.799999
      vertex -57.1468 35.197 5
    endloop
  endfacet
  facet normal 0.793567 0.608483 0
    outer loop
      vertex -57.1468 35.197 0.799999
      vertex -57.0725 35.1001 5
      vertex -57.0725 35.1001 0.799999
    endloop
  endfacet
  facet normal -0.843459 0.537193 0
    outer loop
      vertex -54.8532 35.197 0.799999
      vertex -54.7876 35.3 5
      vertex -54.7876 35.3 0.799999
    endloop
  endfacet
  facet normal -0.843459 0.537193 0
    outer loop
      vertex -54.7876 35.3 5
      vertex -54.8532 35.197 0.799999
      vertex -54.8532 35.197 5
    endloop
  endfacet
  facet normal -0.886935 -0.461894 0
    outer loop
      vertex 57.2688 -35.4083 0.799999
      vertex 57.2124 -35.3 5
      vertex 57.2124 -35.3 0.799999
    endloop
  endfacet
  facet normal -0.886935 -0.461894 0
    outer loop
      vertex 57.2124 -35.3 5
      vertex 57.2688 -35.4083 0.799999
      vertex 57.2688 -35.4083 5
    endloop
  endfacet
  facet normal -0.300465 -0.953793 0
    outer loop
      vertex 56.3623 -34.6477 0.799999
      vertex 56.4788 -34.6844 5
      vertex 56.3623 -34.6477 5
    endloop
  endfacet
  facet normal -0.300465 -0.953793 -0
    outer loop
      vertex 56.4788 -34.6844 5
      vertex 56.3623 -34.6477 0.799999
      vertex 56.4788 -34.6844 0.799999
    endloop
  endfacet
  facet normal 0.38293 -0.923777 0
    outer loop
      vertex 55.4083 -34.7312 0.799999
      vertex 55.5212 -34.6844 5
      vertex 55.4083 -34.7312 5
    endloop
  endfacet
  facet normal 0.38293 -0.923777 0
    outer loop
      vertex 55.5212 -34.6844 5
      vertex 55.4083 -34.7312 0.799999
      vertex 55.5212 -34.6844 0.799999
    endloop
  endfacet
  facet normal 0.923777 -0.38293 0
    outer loop
      vertex 54.6844 -35.5212 5
      vertex 54.7312 -35.4083 0.799999
      vertex 54.7312 -35.4083 5
    endloop
  endfacet
  facet normal 0.923777 -0.38293 0
    outer loop
      vertex 54.7312 -35.4083 0.799999
      vertex 54.6844 -35.5212 5
      vertex 54.6844 -35.5212 0.799999
    endloop
  endfacet
  facet normal -0.999058 0.0434017 0
    outer loop
      vertex 57.3947 -36.122 0.799999
      vertex 57.4 -36 5
      vertex 57.4 -36 0.799999
    endloop
  endfacet
  facet normal -0.999058 0.0434017 0
    outer loop
      vertex 57.4 -36 5
      vertex 57.3947 -36.122 0.799999
      vertex 57.3947 -36.122 5
    endloop
  endfacet
  facet normal -0.0434017 -0.999058 0
    outer loop
      vertex 56 -34.6 0.799999
      vertex 56.122 -34.6053 5
      vertex 56 -34.6 5
    endloop
  endfacet
  facet normal -0.0434017 -0.999058 -0
    outer loop
      vertex 56.122 -34.6053 5
      vertex 56 -34.6 0.799999
      vertex 56.122 -34.6053 0.799999
    endloop
  endfacet
  facet normal -0.461894 -0.886935 0
    outer loop
      vertex 56.5917 -34.7312 0.799999
      vertex 56.7 -34.7876 5
      vertex 56.5917 -34.7312 5
    endloop
  endfacet
  facet normal -0.461894 -0.886935 -0
    outer loop
      vertex 56.7 -34.7876 5
      vertex 56.5917 -34.7312 0.799999
      vertex 56.7 -34.7876 0.799999
    endloop
  endfacet
  facet normal 0.991384 -0.130984 0
    outer loop
      vertex 54.6053 -35.878 5
      vertex 54.6213 -35.7569 0.799999
      vertex 54.6213 -35.7569 5
    endloop
  endfacet
  facet normal 0.991384 -0.130984 0
    outer loop
      vertex 54.6213 -35.7569 0.799999
      vertex 54.6053 -35.878 5
      vertex 54.6053 -35.878 0.799999
    endloop
  endfacet
  facet normal 0.793567 -0.608483 0
    outer loop
      vertex 54.8532 -35.197 5
      vertex 54.9275 -35.1001 0.799999
      vertex 54.9275 -35.1001 5
    endloop
  endfacet
  facet normal 0.793567 -0.608483 0
    outer loop
      vertex 54.9275 -35.1001 0.799999
      vertex 54.8532 -35.197 5
      vertex 54.8532 -35.197 0.799999
    endloop
  endfacet
  facet normal 0.216237 -0.976341 0
    outer loop
      vertex 55.6377 -34.6477 0.799999
      vertex 55.7569 -34.6213 5
      vertex 55.6377 -34.6477 5
    endloop
  endfacet
  facet normal 0.216237 -0.976341 0
    outer loop
      vertex 55.7569 -34.6213 5
      vertex 55.6377 -34.6477 0.799999
      vertex 55.7569 -34.6213 0.799999
    endloop
  endfacet
  facet normal -0.461894 0.886935 0
    outer loop
      vertex 56.7 -37.2124 0.799999
      vertex 56.5917 -37.2688 5
      vertex 56.7 -37.2124 5
    endloop
  endfacet
  facet normal -0.461894 0.886935 0
    outer loop
      vertex 56.5917 -37.2688 5
      vertex 56.7 -37.2124 0.799999
      vertex 56.5917 -37.2688 0.799999
    endloop
  endfacet
  facet normal -0.991384 -0.130984 0
    outer loop
      vertex 57.3947 -35.878 0.799999
      vertex 57.3787 -35.7569 5
      vertex 57.3787 -35.7569 0.799999
    endloop
  endfacet
  facet normal -0.991384 -0.130984 0
    outer loop
      vertex 57.3787 -35.7569 5
      vertex 57.3947 -35.878 0.799999
      vertex 57.3947 -35.878 5
    endloop
  endfacet
  facet normal -0.793567 -0.608483 0
    outer loop
      vertex 57.1468 -35.197 0.799999
      vertex 57.0725 -35.1001 5
      vertex 57.0725 -35.1001 0.799999
    endloop
  endfacet
  facet normal -0.793567 -0.608483 0
    outer loop
      vertex 57.0725 -35.1001 5
      vertex 57.1468 -35.197 0.799999
      vertex 57.1468 -35.197 5
    endloop
  endfacet
  facet normal -0.675725 -0.737154 0
    outer loop
      vertex 56.8999 -34.9275 0.799999
      vertex 56.9899 -35.01 5
      vertex 56.8999 -34.9275 5
    endloop
  endfacet
  facet normal -0.675725 -0.737154 -0
    outer loop
      vertex 56.9899 -35.01 5
      vertex 56.8999 -34.9275 0.799999
      vertex 56.9899 -35.01 0.799999
    endloop
  endfacet
  facet normal -0.73712 -0.675762 0
    outer loop
      vertex 57.0725 -35.1001 0.799999
      vertex 56.9899 -35.01 5
      vertex 56.9899 -35.01 0.799999
    endloop
  endfacet
  facet normal -0.73712 -0.675762 0
    outer loop
      vertex 56.9899 -35.01 5
      vertex 57.0725 -35.1001 0.799999
      vertex 57.0725 -35.1001 5
    endloop
  endfacet
  facet normal 0.0434017 -0.999058 0
    outer loop
      vertex 55.878 -34.6053 0.799999
      vertex 56 -34.6 5
      vertex 55.878 -34.6053 5
    endloop
  endfacet
  facet normal 0.0434017 -0.999058 0
    outer loop
      vertex 56 -34.6 5
      vertex 55.878 -34.6053 0.799999
      vertex 56 -34.6 0.799999
    endloop
  endfacet
  facet normal -0.216237 -0.976341 0
    outer loop
      vertex 56.2431 -34.6213 0.799999
      vertex 56.3623 -34.6477 5
      vertex 56.2431 -34.6213 5
    endloop
  endfacet
  facet normal -0.216237 -0.976341 -0
    outer loop
      vertex 56.3623 -34.6477 5
      vertex 56.2431 -34.6213 0.799999
      vertex 56.3623 -34.6477 0.799999
    endloop
  endfacet
  facet normal -0.130984 -0.991384 0
    outer loop
      vertex 56.122 -34.6053 0.799999
      vertex 56.2431 -34.6213 5
      vertex 56.122 -34.6053 5
    endloop
  endfacet
  facet normal -0.130984 -0.991384 -0
    outer loop
      vertex 56.2431 -34.6213 5
      vertex 56.122 -34.6053 0.799999
      vertex 56.2431 -34.6213 0.799999
    endloop
  endfacet
  facet normal -0.537193 -0.843459 0
    outer loop
      vertex 56.7 -34.7876 0.799999
      vertex 56.803 -34.8532 5
      vertex 56.7 -34.7876 5
    endloop
  endfacet
  facet normal -0.537193 -0.843459 -0
    outer loop
      vertex 56.803 -34.8532 5
      vertex 56.7 -34.7876 0.799999
      vertex 56.803 -34.8532 0.799999
    endloop
  endfacet
  facet normal -0.38293 -0.923777 0
    outer loop
      vertex 56.4788 -34.6844 0.799999
      vertex 56.5917 -34.7312 5
      vertex 56.4788 -34.6844 5
    endloop
  endfacet
  facet normal -0.38293 -0.923777 -0
    outer loop
      vertex 56.5917 -34.7312 5
      vertex 56.4788 -34.6844 0.799999
      vertex 56.5917 -34.7312 0.799999
    endloop
  endfacet
  facet normal 0.999058 -0.0434017 0
    outer loop
      vertex 54.6 -36 5
      vertex 54.6053 -35.878 0.799999
      vertex 54.6053 -35.878 5
    endloop
  endfacet
  facet normal 0.999058 -0.0434017 0
    outer loop
      vertex 54.6053 -35.878 0.799999
      vertex 54.6 -36 5
      vertex 54.6 -36 0.799999
    endloop
  endfacet
  facet normal 0.953793 -0.300465 0
    outer loop
      vertex 54.6477 -35.6377 5
      vertex 54.6844 -35.5212 0.799999
      vertex 54.6844 -35.5212 5
    endloop
  endfacet
  facet normal 0.953793 -0.300465 0
    outer loop
      vertex 54.6844 -35.5212 0.799999
      vertex 54.6477 -35.6377 5
      vertex 54.6477 -35.6377 0.799999
    endloop
  endfacet
  facet normal 0.976341 -0.216237 0
    outer loop
      vertex 54.6213 -35.7569 5
      vertex 54.6477 -35.6377 0.799999
      vertex 54.6477 -35.6377 5
    endloop
  endfacet
  facet normal 0.976341 -0.216237 0
    outer loop
      vertex 54.6477 -35.6377 0.799999
      vertex 54.6213 -35.7569 5
      vertex 54.6213 -35.7569 0.799999
    endloop
  endfacet
  facet normal 0.886935 -0.461894 0
    outer loop
      vertex 54.7312 -35.4083 5
      vertex 54.7876 -35.3 0.799999
      vertex 54.7876 -35.3 5
    endloop
  endfacet
  facet normal 0.886935 -0.461894 0
    outer loop
      vertex 54.7876 -35.3 0.799999
      vertex 54.7312 -35.4083 5
      vertex 54.7312 -35.4083 0.799999
    endloop
  endfacet
  facet normal 0.843459 -0.537193 0
    outer loop
      vertex 54.7876 -35.3 5
      vertex 54.8532 -35.197 0.799999
      vertex 54.8532 -35.197 5
    endloop
  endfacet
  facet normal 0.843459 -0.537193 0
    outer loop
      vertex 54.8532 -35.197 0.799999
      vertex 54.7876 -35.3 5
      vertex 54.7876 -35.3 0.799999
    endloop
  endfacet
  facet normal 0.300465 -0.953793 0
    outer loop
      vertex 55.5212 -34.6844 0.799999
      vertex 55.6377 -34.6477 5
      vertex 55.5212 -34.6844 5
    endloop
  endfacet
  facet normal 0.300465 -0.953793 0
    outer loop
      vertex 55.6377 -34.6477 5
      vertex 55.5212 -34.6844 0.799999
      vertex 55.6377 -34.6477 0.799999
    endloop
  endfacet
  facet normal 0.130984 -0.991384 0
    outer loop
      vertex 55.7569 -34.6213 0.799999
      vertex 55.878 -34.6053 5
      vertex 55.7569 -34.6213 5
    endloop
  endfacet
  facet normal 0.130984 -0.991384 0
    outer loop
      vertex 55.878 -34.6053 5
      vertex 55.7569 -34.6213 0.799999
      vertex 55.878 -34.6053 0.799999
    endloop
  endfacet
  facet normal 0.608483 -0.793567 0
    outer loop
      vertex 55.1001 -34.9275 0.799999
      vertex 55.197 -34.8532 5
      vertex 55.1001 -34.9275 5
    endloop
  endfacet
  facet normal 0.608483 -0.793567 0
    outer loop
      vertex 55.197 -34.8532 5
      vertex 55.1001 -34.9275 0.799999
      vertex 55.197 -34.8532 0.799999
    endloop
  endfacet
  facet normal 0.675317 -0.737528 0
    outer loop
      vertex 55.01 -35.01 0.799999
      vertex 55.1001 -34.9275 5
      vertex 55.01 -35.01 5
    endloop
  endfacet
  facet normal 0.675317 -0.737528 0
    outer loop
      vertex 55.1001 -34.9275 5
      vertex 55.01 -35.01 0.799999
      vertex 55.1001 -34.9275 0.799999
    endloop
  endfacet
  facet normal 0.461894 -0.886935 0
    outer loop
      vertex 55.3 -34.7876 0.799999
      vertex 55.4083 -34.7312 5
      vertex 55.3 -34.7876 5
    endloop
  endfacet
  facet normal 0.461894 -0.886935 0
    outer loop
      vertex 55.4083 -34.7312 5
      vertex 55.3 -34.7876 0.799999
      vertex 55.4083 -34.7312 0.799999
    endloop
  endfacet
  facet normal 0.737528 -0.675317 0
    outer loop
      vertex 54.9275 -35.1001 5
      vertex 55.01 -35.01 0.799999
      vertex 55.01 -35.01 5
    endloop
  endfacet
  facet normal 0.737528 -0.675317 0
    outer loop
      vertex 55.01 -35.01 0.799999
      vertex 54.9275 -35.1001 5
      vertex 54.9275 -35.1001 0.799999
    endloop
  endfacet
  facet normal -0.999058 -0.0434017 0
    outer loop
      vertex 57.4 -36 0.799999
      vertex 57.3947 -35.878 5
      vertex 57.3947 -35.878 0.799999
    endloop
  endfacet
  facet normal -0.999058 -0.0434017 0
    outer loop
      vertex 57.3947 -35.878 5
      vertex 57.4 -36 0.799999
      vertex 57.4 -36 5
    endloop
  endfacet
  facet normal -0.976341 0.216237 0
    outer loop
      vertex 57.3523 -36.3623 0.799999
      vertex 57.3787 -36.2431 5
      vertex 57.3787 -36.2431 0.799999
    endloop
  endfacet
  facet normal -0.976341 0.216237 0
    outer loop
      vertex 57.3787 -36.2431 5
      vertex 57.3523 -36.3623 0.799999
      vertex 57.3523 -36.3623 5
    endloop
  endfacet
  facet normal -0.0434017 0.999058 0
    outer loop
      vertex 56.122 -37.3947 0.799999
      vertex 56 -37.4 5
      vertex 56.122 -37.3947 5
    endloop
  endfacet
  facet normal -0.0434017 0.999058 0
    outer loop
      vertex 56 -37.4 5
      vertex 56.122 -37.3947 0.799999
      vertex 56 -37.4 0.799999
    endloop
  endfacet
  facet normal 0.976341 0.216237 0
    outer loop
      vertex 54.6477 -36.3623 5
      vertex 54.6213 -36.2431 0.799999
      vertex 54.6213 -36.2431 5
    endloop
  endfacet
  facet normal 0.976341 0.216237 0
    outer loop
      vertex 54.6213 -36.2431 0.799999
      vertex 54.6477 -36.3623 5
      vertex 54.6477 -36.3623 0.799999
    endloop
  endfacet
  facet normal 0.886935 0.461894 0
    outer loop
      vertex 54.7876 -36.7 5
      vertex 54.7312 -36.5917 0.799999
      vertex 54.7312 -36.5917 5
    endloop
  endfacet
  facet normal 0.886935 0.461894 0
    outer loop
      vertex 54.7312 -36.5917 0.799999
      vertex 54.7876 -36.7 5
      vertex 54.7876 -36.7 0.799999
    endloop
  endfacet
  facet normal -0.130984 0.991384 0
    outer loop
      vertex 56.2431 -37.3787 0.799999
      vertex 56.122 -37.3947 5
      vertex 56.2431 -37.3787 5
    endloop
  endfacet
  facet normal -0.130984 0.991384 0
    outer loop
      vertex 56.122 -37.3947 5
      vertex 56.2431 -37.3787 0.799999
      vertex 56.122 -37.3947 0.799999
    endloop
  endfacet
  facet normal -0.923777 -0.38293 0
    outer loop
      vertex 57.3156 -35.5212 0.799999
      vertex 57.2688 -35.4083 5
      vertex 57.2688 -35.4083 0.799999
    endloop
  endfacet
  facet normal -0.923777 -0.38293 0
    outer loop
      vertex 57.2688 -35.4083 5
      vertex 57.3156 -35.5212 0.799999
      vertex 57.3156 -35.5212 5
    endloop
  endfacet
  facet normal -0.953793 -0.300465 0
    outer loop
      vertex 57.3523 -35.6377 0.799999
      vertex 57.3156 -35.5212 5
      vertex 57.3156 -35.5212 0.799999
    endloop
  endfacet
  facet normal -0.953793 -0.300465 0
    outer loop
      vertex 57.3156 -35.5212 5
      vertex 57.3523 -35.6377 0.799999
      vertex 57.3523 -35.6377 5
    endloop
  endfacet
  facet normal -0.976341 -0.216237 0
    outer loop
      vertex 57.3787 -35.7569 0.799999
      vertex 57.3523 -35.6377 5
      vertex 57.3523 -35.6377 0.799999
    endloop
  endfacet
  facet normal -0.976341 -0.216237 0
    outer loop
      vertex 57.3523 -35.6377 5
      vertex 57.3787 -35.7569 0.799999
      vertex 57.3787 -35.7569 5
    endloop
  endfacet
  facet normal -0.843459 -0.537193 0
    outer loop
      vertex 57.2124 -35.3 0.799999
      vertex 57.1468 -35.197 5
      vertex 57.1468 -35.197 0.799999
    endloop
  endfacet
  facet normal -0.843459 -0.537193 0
    outer loop
      vertex 57.1468 -35.197 5
      vertex 57.2124 -35.3 0.799999
      vertex 57.2124 -35.3 5
    endloop
  endfacet
  facet normal -0.608483 -0.793567 0
    outer loop
      vertex 56.803 -34.8532 0.799999
      vertex 56.8999 -34.9275 5
      vertex 56.803 -34.8532 5
    endloop
  endfacet
  facet normal -0.608483 -0.793567 -0
    outer loop
      vertex 56.8999 -34.9275 5
      vertex 56.803 -34.8532 0.799999
      vertex 56.8999 -34.9275 0.799999
    endloop
  endfacet
  facet normal 0.537193 -0.843459 0
    outer loop
      vertex 55.197 -34.8532 0.799999
      vertex 55.3 -34.7876 5
      vertex 55.197 -34.8532 5
    endloop
  endfacet
  facet normal 0.537193 -0.843459 0
    outer loop
      vertex 55.3 -34.7876 5
      vertex 55.197 -34.8532 0.799999
      vertex 55.3 -34.7876 0.799999
    endloop
  endfacet
  facet normal -0.991384 0.130984 0
    outer loop
      vertex 57.3787 -36.2431 0.799999
      vertex 57.3947 -36.122 5
      vertex 57.3947 -36.122 0.799999
    endloop
  endfacet
  facet normal -0.991384 0.130984 0
    outer loop
      vertex 57.3947 -36.122 5
      vertex 57.3787 -36.2431 0.799999
      vertex 57.3787 -36.2431 5
    endloop
  endfacet
  facet normal -0.736746 0.676169 0
    outer loop
      vertex 56.9899 -36.9899 0.799999
      vertex 57.0725 -36.8999 5
      vertex 57.0725 -36.8999 0.799999
    endloop
  endfacet
  facet normal -0.736746 0.676169 0
    outer loop
      vertex 57.0725 -36.8999 5
      vertex 56.9899 -36.9899 0.799999
      vertex 56.9899 -36.9899 5
    endloop
  endfacet
  facet normal -0.923777 0.38293 0
    outer loop
      vertex 57.2688 -36.5917 0.799999
      vertex 57.3156 -36.4788 5
      vertex 57.3156 -36.4788 0.799999
    endloop
  endfacet
  facet normal -0.923777 0.38293 0
    outer loop
      vertex 57.3156 -36.4788 5
      vertex 57.2688 -36.5917 0.799999
      vertex 57.2688 -36.5917 5
    endloop
  endfacet
  facet normal 0 0 1
    outer loop
      vertex 57.3947 -35.878 0.799999
      vertex 57.3947 -36.122 0.799999
      vertex 57.4 -36 0.799999
    endloop
  endfacet
  facet normal 0 0 1
    outer loop
      vertex 57.3787 -35.7569 0.799999
      vertex 57.3947 -36.122 0.799999
      vertex 57.3947 -35.878 0.799999
    endloop
  endfacet
  facet normal 0 0 1
    outer loop
      vertex 57.3787 -35.7569 0.799999
      vertex 57.3787 -36.2431 0.799999
      vertex 57.3947 -36.122 0.799999
    endloop
  endfacet
  facet normal 0 0 1
    outer loop
      vertex 57.3523 -35.6377 0.799999
      vertex 57.3787 -36.2431 0.799999
      vertex 57.3787 -35.7569 0.799999
    endloop
  endfacet
  facet normal 0 0 1
    outer loop
      vertex 57.3523 -35.6377 0.799999
      vertex 57.3523 -36.3623 0.799999
      vertex 57.3787 -36.2431 0.799999
    endloop
  endfacet
  facet normal 0 0 1
    outer loop
      vertex 57.3156 -35.5212 0.799999
      vertex 57.3523 -36.3623 0.799999
      vertex 57.3523 -35.6377 0.799999
    endloop
  endfacet
  facet normal 0 0 1
    outer loop
      vertex 57.3156 -35.5212 0.799999
      vertex 57.3156 -36.4788 0.799999
      vertex 57.3523 -36.3623 0.799999
    endloop
  endfacet
  facet normal 0 0 1
    outer loop
      vertex 57.2688 -35.4083 0.799999
      vertex 57.3156 -36.4788 0.799999
      vertex 57.3156 -35.5212 0.799999
    endloop
  endfacet
  facet normal 0 0 1
    outer loop
      vertex 57.2688 -35.4083 0.799999
      vertex 57.2688 -36.5917 0.799999
      vertex 57.3156 -36.4788 0.799999
    endloop
  endfacet
  facet normal 0 0 1
    outer loop
      vertex 57.2124 -35.3 0.799999
      vertex 57.2688 -36.5917 0.799999
      vertex 57.2688 -35.4083 0.799999
    endloop
  endfacet
  facet normal 0 0 1
    outer loop
      vertex 57.2124 -35.3 0.799999
      vertex 57.2124 -36.7 0.799999
      vertex 57.2688 -36.5917 0.799999
    endloop
  endfacet
  facet normal 0 0 1
    outer loop
      vertex 57.1468 -35.197 0.799999
      vertex 57.2124 -36.7 0.799999
      vertex 57.2124 -35.3 0.799999
    endloop
  endfacet
  facet normal 0 0 1
    outer loop
      vertex 57.1468 -35.197 0.799999
      vertex 57.1468 -36.803 0.799999
      vertex 57.2124 -36.7 0.799999
    endloop
  endfacet
  facet normal 0 0 1
    outer loop
      vertex 57.0725 -35.1001 0.799999
      vertex 57.1468 -36.803 0.799999
      vertex 57.1468 -35.197 0.799999
    endloop
  endfacet
  facet normal 0 0 1
    outer loop
      vertex 57.0725 -35.1001 0.799999
      vertex 57.0725 -36.8999 0.799999
      vertex 57.1468 -36.803 0.799999
    endloop
  endfacet
  facet normal 0 0 1
    outer loop
      vertex 56.9899 -35.01 0.799999
      vertex 57.0725 -36.8999 0.799999
      vertex 57.0725 -35.1001 0.799999
    endloop
  endfacet
  facet normal 0 0 1
    outer loop
      vertex 56.9899 -35.01 0.799999
      vertex 56.9899 -36.9899 0.799999
      vertex 57.0725 -36.8999 0.799999
    endloop
  endfacet
  facet normal 0 0 1
    outer loop
      vertex 56.8999 -34.9275 0.799999
      vertex 56.9899 -36.9899 0.799999
      vertex 56.9899 -35.01 0.799999
    endloop
  endfacet
  facet normal 0 0 1
    outer loop
      vertex 56.8999 -34.9275 0.799999
      vertex 56.8999 -37.0725 0.799999
      vertex 56.9899 -36.9899 0.799999
    endloop
  endfacet
  facet normal 0 0 1
    outer loop
      vertex 56.803 -34.8532 0.799999
      vertex 56.8999 -37.0725 0.799999
      vertex 56.8999 -34.9275 0.799999
    endloop
  endfacet
  facet normal 0 0 1
    outer loop
      vertex 56.803 -34.8532 0.799999
      vertex 56.803 -37.1468 0.799999
      vertex 56.8999 -37.0725 0.799999
    endloop
  endfacet
  facet normal 0 0 1
    outer loop
      vertex 56.7 -34.7876 0.799999
      vertex 56.803 -37.1468 0.799999
      vertex 56.803 -34.8532 0.799999
    endloop
  endfacet
  facet normal 0 0 1
    outer loop
      vertex 56.7 -34.7876 0.799999
      vertex 56.7 -37.2124 0.799999
      vertex 56.803 -37.1468 0.799999
    endloop
  endfacet
  facet normal 0 0 1
    outer loop
      vertex 56.5917 -34.7312 0.799999
      vertex 56.7 -37.2124 0.799999
      vertex 56.7 -34.7876 0.799999
    endloop
  endfacet
  facet normal 0 0 1
    outer loop
      vertex 56.5917 -34.7312 0.799999
      vertex 56.5917 -37.2688 0.799999
      vertex 56.7 -37.2124 0.799999
    endloop
  endfacet
  facet normal 0 0 1
    outer loop
      vertex 56.4788 -34.6844 0.799999
      vertex 56.5917 -37.2688 0.799999
      vertex 56.5917 -34.7312 0.799999
    endloop
  endfacet
  facet normal 0 0 1
    outer loop
      vertex 56.4788 -34.6844 0.799999
      vertex 56.4788 -37.3156 0.799999
      vertex 56.5917 -37.2688 0.799999
    endloop
  endfacet
  facet normal 0 0 1
    outer loop
      vertex 56.3623 -34.6477 0.799999
      vertex 56.4788 -37.3156 0.799999
      vertex 56.4788 -34.6844 0.799999
    endloop
  endfacet
  facet normal 0 0 1
    outer loop
      vertex 56.3623 -34.6477 0.799999
      vertex 56.3623 -37.3523 0.799999
      vertex 56.4788 -37.3156 0.799999
    endloop
  endfacet
  facet normal 0 0 1
    outer loop
      vertex 56.2431 -34.6213 0.799999
      vertex 56.3623 -37.3523 0.799999
      vertex 56.3623 -34.6477 0.799999
    endloop
  endfacet
  facet normal 0 0 1
    outer loop
      vertex 56.2431 -34.6213 0.799999
      vertex 56.2431 -37.3787 0.799999
      vertex 56.3623 -37.3523 0.799999
    endloop
  endfacet
  facet normal 0 0 1
    outer loop
      vertex 56.122 -34.6053 0.799999
      vertex 56.2431 -37.3787 0.799999
      vertex 56.2431 -34.6213 0.799999
    endloop
  endfacet
  facet normal 0 0 1
    outer loop
      vertex 56.122 -34.6053 0.799999
      vertex 56.122 -37.3947 0.799999
      vertex 56.2431 -37.3787 0.799999
    endloop
  endfacet
  facet normal 0 0 1
    outer loop
      vertex 56 -34.6 0.799999
      vertex 56.122 -37.3947 0.799999
      vertex 56.122 -34.6053 0.799999
    endloop
  endfacet
  facet normal 0 0 1
    outer loop
      vertex 56 -34.6 0.799999
      vertex 56 -37.4 0.799999
      vertex 56.122 -37.3947 0.799999
    endloop
  endfacet
  facet normal -0 0 1
    outer loop
      vertex 55.878 -34.6053 0.799999
      vertex 56 -37.4 0.799999
      vertex 56 -34.6 0.799999
    endloop
  endfacet
  facet normal 0 0 1
    outer loop
      vertex 55.878 -34.6053 0.799999
      vertex 55.878 -37.3947 0.799999
      vertex 56 -37.4 0.799999
    endloop
  endfacet
  facet normal -0 0 1
    outer loop
      vertex 55.7569 -34.6213 0.799999
      vertex 55.878 -37.3947 0.799999
      vertex 55.878 -34.6053 0.799999
    endloop
  endfacet
  facet normal 0 0 1
    outer loop
      vertex 55.7569 -34.6213 0.799999
      vertex 55.7569 -37.3787 0.799999
      vertex 55.878 -37.3947 0.799999
    endloop
  endfacet
  facet normal -0 0 1
    outer loop
      vertex 55.6377 -34.6477 0.799999
      vertex 55.7569 -37.3787 0.799999
      vertex 55.7569 -34.6213 0.799999
    endloop
  endfacet
  facet normal 0 0 1
    outer loop
      vertex 55.6377 -34.6477 0.799999
      vertex 55.6377 -37.3523 0.799999
      vertex 55.7569 -37.3787 0.799999
    endloop
  endfacet
  facet normal -0 0 1
    outer loop
      vertex 55.5212 -34.6844 0.799999
      vertex 55.6377 -37.3523 0.799999
      vertex 55.6377 -34.6477 0.799999
    endloop
  endfacet
  facet normal 0 0 1
    outer loop
      vertex 55.5212 -34.6844 0.799999
      vertex 55.5212 -37.3156 0.799999
      vertex 55.6377 -37.3523 0.799999
    endloop
  endfacet
  facet normal -0 0 1
    outer loop
      vertex 55.4083 -34.7312 0.799999
      vertex 55.5212 -37.3156 0.799999
      vertex 55.5212 -34.6844 0.799999
    endloop
  endfacet
  facet normal 0 0 1
    outer loop
      vertex 55.4083 -34.7312 0.799999
      vertex 55.4083 -37.2688 0.799999
      vertex 55.5212 -37.3156 0.799999
    endloop
  endfacet
  facet normal -0 0 1
    outer loop
      vertex 55.3 -34.7876 0.799999
      vertex 55.4083 -37.2688 0.799999
      vertex 55.4083 -34.7312 0.799999
    endloop
  endfacet
  facet normal 0 0 1
    outer loop
      vertex 55.3 -34.7876 0.799999
      vertex 55.3 -37.2124 0.799999
      vertex 55.4083 -37.2688 0.799999
    endloop
  endfacet
  facet normal -0 0 1
    outer loop
      vertex 55.197 -34.8532 0.799999
      vertex 55.3 -37.2124 0.799999
      vertex 55.3 -34.7876 0.799999
    endloop
  endfacet
  facet normal 0 0 1
    outer loop
      vertex 55.197 -34.8532 0.799999
      vertex 55.197 -37.1468 0.799999
      vertex 55.3 -37.2124 0.799999
    endloop
  endfacet
  facet normal -0 0 1
    outer loop
      vertex 55.1001 -34.9275 0.799999
      vertex 55.197 -37.1468 0.799999
      vertex 55.197 -34.8532 0.799999
    endloop
  endfacet
  facet normal 0 0 1
    outer loop
      vertex 55.1001 -34.9275 0.799999
      vertex 55.1001 -37.0725 0.799999
      vertex 55.197 -37.1468 0.799999
    endloop
  endfacet
  facet normal -0 0 1
    outer loop
      vertex 55.01 -35.01 0.799999
      vertex 55.1001 -37.0725 0.799999
      vertex 55.1001 -34.9275 0.799999
    endloop
  endfacet
  facet normal 0 0 1
    outer loop
      vertex 55.01 -35.01 0.799999
      vertex 55.01 -36.9899 0.799999
      vertex 55.1001 -37.0725 0.799999
    endloop
  endfacet
  facet normal -0 0 1
    outer loop
      vertex 54.9275 -35.1001 0.799999
      vertex 55.01 -36.9899 0.799999
      vertex 55.01 -35.01 0.799999
    endloop
  endfacet
  facet normal 0 0 1
    outer loop
      vertex 54.9275 -35.1001 0.799999
      vertex 54.9275 -36.8999 0.799999
      vertex 55.01 -36.9899 0.799999
    endloop
  endfacet
  facet normal -0 0 1
    outer loop
      vertex 54.8532 -35.197 0.799999
      vertex 54.9275 -36.8999 0.799999
      vertex 54.9275 -35.1001 0.799999
    endloop
  endfacet
  facet normal 0 0 1
    outer loop
      vertex 54.8532 -35.197 0.799999
      vertex 54.8532 -36.803 0.799999
      vertex 54.9275 -36.8999 0.799999
    endloop
  endfacet
  facet normal -0 0 1
    outer loop
      vertex 54.7876 -35.3 0.799999
      vertex 54.8532 -36.803 0.799999
      vertex 54.8532 -35.197 0.799999
    endloop
  endfacet
  facet normal 0 0 1
    outer loop
      vertex 54.7876 -35.3 0.799999
      vertex 54.7876 -36.7 0.799999
      vertex 54.8532 -36.803 0.799999
    endloop
  endfacet
  facet normal -0 0 1
    outer loop
      vertex 54.7312 -35.4083 0.799999
      vertex 54.7876 -36.7 0.799999
      vertex 54.7876 -35.3 0.799999
    endloop
  endfacet
  facet normal 0 0 1
    outer loop
      vertex 54.7312 -35.4083 0.799999
      vertex 54.7312 -36.5917 0.799999
      vertex 54.7876 -36.7 0.799999
    endloop
  endfacet
  facet normal -0 0 1
    outer loop
      vertex 54.6844 -35.5212 0.799999
      vertex 54.7312 -36.5917 0.799999
      vertex 54.7312 -35.4083 0.799999
    endloop
  endfacet
  facet normal 0 0 1
    outer loop
      vertex 54.6844 -35.5212 0.799999
      vertex 54.6844 -36.4788 0.799999
      vertex 54.7312 -36.5917 0.799999
    endloop
  endfacet
  facet normal -0 0 1
    outer loop
      vertex 54.6477 -35.6377 0.799999
      vertex 54.6844 -36.4788 0.799999
      vertex 54.6844 -35.5212 0.799999
    endloop
  endfacet
  facet normal 0 0 1
    outer loop
      vertex 54.6477 -35.6377 0.799999
      vertex 54.6477 -36.3623 0.799999
      vertex 54.6844 -36.4788 0.799999
    endloop
  endfacet
  facet normal -0 0 1
    outer loop
      vertex 54.6213 -35.7569 0.799999
      vertex 54.6477 -36.3623 0.799999
      vertex 54.6477 -35.6377 0.799999
    endloop
  endfacet
  facet normal 0 0 1
    outer loop
      vertex 54.6213 -35.7569 0.799999
      vertex 54.6213 -36.2431 0.799999
      vertex 54.6477 -36.3623 0.799999
    endloop
  endfacet
  facet normal -0 0 1
    outer loop
      vertex 54.6053 -35.878 0.799999
      vertex 54.6213 -36.2431 0.799999
      vertex 54.6213 -35.7569 0.799999
    endloop
  endfacet
  facet normal 0 0 1
    outer loop
      vertex 54.6053 -35.878 0.799999
      vertex 54.6053 -36.122 0.799999
      vertex 54.6213 -36.2431 0.799999
    endloop
  endfacet
  facet normal 0 -0 1
    outer loop
      vertex 54.6053 -36.122 0.799999
      vertex 54.6053 -35.878 0.799999
      vertex 54.6 -36 0.799999
    endloop
  endfacet
  facet normal -0.300465 0.953793 0
    outer loop
      vertex 56.4788 -37.3156 0.799999
      vertex 56.3623 -37.3523 5
      vertex 56.4788 -37.3156 5
    endloop
  endfacet
  facet normal -0.300465 0.953793 0
    outer loop
      vertex 56.3623 -37.3523 5
      vertex 56.4788 -37.3156 0.799999
      vertex 56.3623 -37.3523 0.799999
    endloop
  endfacet
  facet normal -0.216237 0.976341 0
    outer loop
      vertex 56.3623 -37.3523 0.799999
      vertex 56.2431 -37.3787 5
      vertex 56.3623 -37.3523 5
    endloop
  endfacet
  facet normal -0.216237 0.976341 0
    outer loop
      vertex 56.2431 -37.3787 5
      vertex 56.3623 -37.3523 0.799999
      vertex 56.2431 -37.3787 0.799999
    endloop
  endfacet
  facet normal -0.608483 0.793567 0
    outer loop
      vertex 56.8999 -37.0725 0.799999
      vertex 56.803 -37.1468 5
      vertex 56.8999 -37.0725 5
    endloop
  endfacet
  facet normal -0.608483 0.793567 0
    outer loop
      vertex 56.803 -37.1468 5
      vertex 56.8999 -37.0725 0.799999
      vertex 56.803 -37.1468 0.799999
    endloop
  endfacet
  facet normal -0.886935 0.461894 0
    outer loop
      vertex 57.2124 -36.7 0.799999
      vertex 57.2688 -36.5917 5
      vertex 57.2688 -36.5917 0.799999
    endloop
  endfacet
  facet normal -0.886935 0.461894 0
    outer loop
      vertex 57.2688 -36.5917 5
      vertex 57.2124 -36.7 0.799999
      vertex 57.2124 -36.7 5
    endloop
  endfacet
  facet normal -0.953793 0.300465 0
    outer loop
      vertex 57.3156 -36.4788 0.799999
      vertex 57.3523 -36.3623 5
      vertex 57.3523 -36.3623 0.799999
    endloop
  endfacet
  facet normal -0.953793 0.300465 0
    outer loop
      vertex 57.3523 -36.3623 5
      vertex 57.3156 -36.4788 0.799999
      vertex 57.3156 -36.4788 5
    endloop
  endfacet
  facet normal 0.38293 0.923777 -0
    outer loop
      vertex 55.5212 -37.3156 0.799999
      vertex 55.4083 -37.2688 5
      vertex 55.5212 -37.3156 5
    endloop
  endfacet
  facet normal 0.38293 0.923777 0
    outer loop
      vertex 55.4083 -37.2688 5
      vertex 55.5212 -37.3156 0.799999
      vertex 55.4083 -37.2688 0.799999
    endloop
  endfacet
  facet normal 0.0434017 0.999058 -0
    outer loop
      vertex 56 -37.4 0.799999
      vertex 55.878 -37.3947 5
      vertex 56 -37.4 5
    endloop
  endfacet
  facet normal 0.0434017 0.999058 0
    outer loop
      vertex 55.878 -37.3947 5
      vertex 56 -37.4 0.799999
      vertex 55.878 -37.3947 0.799999
    endloop
  endfacet
  facet normal 0.793567 0.608483 0
    outer loop
      vertex 54.9275 -36.8999 5
      vertex 54.8532 -36.803 0.799999
      vertex 54.8532 -36.803 5
    endloop
  endfacet
  facet normal 0.793567 0.608483 0
    outer loop
      vertex 54.8532 -36.803 0.799999
      vertex 54.9275 -36.8999 5
      vertex 54.9275 -36.8999 0.799999
    endloop
  endfacet
  facet normal 0.953793 0.300465 0
    outer loop
      vertex 54.6844 -36.4788 5
      vertex 54.6477 -36.3623 0.799999
      vertex 54.6477 -36.3623 5
    endloop
  endfacet
  facet normal 0.953793 0.300465 0
    outer loop
      vertex 54.6477 -36.3623 0.799999
      vertex 54.6844 -36.4788 5
      vertex 54.6844 -36.4788 0.799999
    endloop
  endfacet
  facet normal 0.991384 0.130984 0
    outer loop
      vertex 54.6213 -36.2431 5
      vertex 54.6053 -36.122 0.799999
      vertex 54.6053 -36.122 5
    endloop
  endfacet
  facet normal 0.991384 0.130984 0
    outer loop
      vertex 54.6053 -36.122 0.799999
      vertex 54.6213 -36.2431 5
      vertex 54.6213 -36.2431 0.799999
    endloop
  endfacet
  facet normal 0.999058 0.0434017 0
    outer loop
      vertex 54.6053 -36.122 5
      vertex 54.6 -36 0.799999
      vertex 54.6 -36 5
    endloop
  endfacet
  facet normal 0.999058 0.0434017 0
    outer loop
      vertex 54.6 -36 0.799999
      vertex 54.6053 -36.122 5
      vertex 54.6053 -36.122 0.799999
    endloop
  endfacet
  facet normal -0.38293 0.923777 0
    outer loop
      vertex 56.5917 -37.2688 0.799999
      vertex 56.4788 -37.3156 5
      vertex 56.5917 -37.2688 5
    endloop
  endfacet
  facet normal -0.38293 0.923777 0
    outer loop
      vertex 56.4788 -37.3156 5
      vertex 56.5917 -37.2688 0.799999
      vertex 56.4788 -37.3156 0.799999
    endloop
  endfacet
  facet normal -0.676169 0.736746 0
    outer loop
      vertex 56.9899 -36.9899 0.799999
      vertex 56.8999 -37.0725 5
      vertex 56.9899 -36.9899 5
    endloop
  endfacet
  facet normal -0.676169 0.736746 0
    outer loop
      vertex 56.8999 -37.0725 5
      vertex 56.9899 -36.9899 0.799999
      vertex 56.8999 -37.0725 0.799999
    endloop
  endfacet
  facet normal -0.843459 0.537193 0
    outer loop
      vertex 57.1468 -36.803 0.799999
      vertex 57.2124 -36.7 5
      vertex 57.2124 -36.7 0.799999
    endloop
  endfacet
  facet normal -0.843459 0.537193 0
    outer loop
      vertex 57.2124 -36.7 5
      vertex 57.1468 -36.803 0.799999
      vertex 57.1468 -36.803 5
    endloop
  endfacet
  facet normal -0.793567 0.608483 0
    outer loop
      vertex 57.0725 -36.8999 0.799999
      vertex 57.1468 -36.803 5
      vertex 57.1468 -36.803 0.799999
    endloop
  endfacet
  facet normal -0.793567 0.608483 0
    outer loop
      vertex 57.1468 -36.803 5
      vertex 57.0725 -36.8999 0.799999
      vertex 57.0725 -36.8999 5
    endloop
  endfacet
  facet normal 0.216237 0.976341 -0
    outer loop
      vertex 55.7569 -37.3787 0.799999
      vertex 55.6377 -37.3523 5
      vertex 55.7569 -37.3787 5
    endloop
  endfacet
  facet normal 0.216237 0.976341 0
    outer loop
      vertex 55.6377 -37.3523 5
      vertex 55.7569 -37.3787 0.799999
      vertex 55.6377 -37.3523 0.799999
    endloop
  endfacet
  facet normal 0.843459 0.537193 0
    outer loop
      vertex 54.8532 -36.803 5
      vertex 54.7876 -36.7 0.799999
      vertex 54.7876 -36.7 5
    endloop
  endfacet
  facet normal 0.843459 0.537193 0
    outer loop
      vertex 54.7876 -36.7 0.799999
      vertex 54.8532 -36.803 5
      vertex 54.8532 -36.803 0.799999
    endloop
  endfacet
  facet normal 0.737154 0.675725 0
    outer loop
      vertex 55.01 -36.9899 5
      vertex 54.9275 -36.8999 0.799999
      vertex 54.9275 -36.8999 5
    endloop
  endfacet
  facet normal 0.737154 0.675725 0
    outer loop
      vertex 54.9275 -36.8999 0.799999
      vertex 55.01 -36.9899 5
      vertex 55.01 -36.9899 0.799999
    endloop
  endfacet
  facet normal 0.675762 0.73712 -0
    outer loop
      vertex 55.1001 -37.0725 0.799999
      vertex 55.01 -36.9899 5
      vertex 55.1001 -37.0725 5
    endloop
  endfacet
  facet normal 0.675762 0.73712 0
    outer loop
      vertex 55.01 -36.9899 5
      vertex 55.1001 -37.0725 0.799999
      vertex 55.01 -36.9899 0.799999
    endloop
  endfacet
  facet normal 0.923777 0.38293 0
    outer loop
      vertex 54.7312 -36.5917 5
      vertex 54.6844 -36.4788 0.799999
      vertex 54.6844 -36.4788 5
    endloop
  endfacet
  facet normal 0.923777 0.38293 0
    outer loop
      vertex 54.6844 -36.4788 0.799999
      vertex 54.7312 -36.5917 5
      vertex 54.7312 -36.5917 0.799999
    endloop
  endfacet
  facet normal -0.537193 0.843459 0
    outer loop
      vertex 56.803 -37.1468 0.799999
      vertex 56.7 -37.2124 5
      vertex 56.803 -37.1468 5
    endloop
  endfacet
  facet normal -0.537193 0.843459 0
    outer loop
      vertex 56.7 -37.2124 5
      vertex 56.803 -37.1468 0.799999
      vertex 56.7 -37.2124 0.799999
    endloop
  endfacet
  facet normal 0.300465 0.953793 -0
    outer loop
      vertex 55.6377 -37.3523 0.799999
      vertex 55.5212 -37.3156 5
      vertex 55.6377 -37.3523 5
    endloop
  endfacet
  facet normal 0.300465 0.953793 0
    outer loop
      vertex 55.5212 -37.3156 5
      vertex 55.6377 -37.3523 0.799999
      vertex 55.5212 -37.3156 0.799999
    endloop
  endfacet
  facet normal 0.461894 0.886935 -0
    outer loop
      vertex 55.4083 -37.2688 0.799999
      vertex 55.3 -37.2124 5
      vertex 55.4083 -37.2688 5
    endloop
  endfacet
  facet normal 0.461894 0.886935 0
    outer loop
      vertex 55.3 -37.2124 5
      vertex 55.4083 -37.2688 0.799999
      vertex 55.3 -37.2124 0.799999
    endloop
  endfacet
  facet normal 0.537193 0.843459 -0
    outer loop
      vertex 55.3 -37.2124 0.799999
      vertex 55.197 -37.1468 5
      vertex 55.3 -37.2124 5
    endloop
  endfacet
  facet normal 0.537193 0.843459 0
    outer loop
      vertex 55.197 -37.1468 5
      vertex 55.3 -37.2124 0.799999
      vertex 55.197 -37.1468 0.799999
    endloop
  endfacet
  facet normal 0.608483 0.793567 -0
    outer loop
      vertex 55.197 -37.1468 0.799999
      vertex 55.1001 -37.0725 5
      vertex 55.197 -37.1468 5
    endloop
  endfacet
  facet normal 0.608483 0.793567 0
    outer loop
      vertex 55.1001 -37.0725 5
      vertex 55.197 -37.1468 0.799999
      vertex 55.1001 -37.0725 0.799999
    endloop
  endfacet
  facet normal 0.130984 0.991384 -0
    outer loop
      vertex 55.878 -37.3947 0.799999
      vertex 55.7569 -37.3787 5
      vertex 55.878 -37.3947 5
    endloop
  endfacet
  facet normal 0.130984 0.991384 0
    outer loop
      vertex 55.7569 -37.3787 5
      vertex 55.878 -37.3947 0.799999
      vertex 55.7569 -37.3787 0.799999
    endloop
  endfacet
  facet normal -0.608483 -0.793567 0
    outer loop
      vertex 56.803 37.1468 0.799999
      vertex 56.8999 37.0725 5
      vertex 56.803 37.1468 5
    endloop
  endfacet
  facet normal -0.608483 -0.793567 -0
    outer loop
      vertex 56.8999 37.0725 5
      vertex 56.803 37.1468 0.799999
      vertex 56.8999 37.0725 0.799999
    endloop
  endfacet
  facet normal -0.999058 0.0434017 0
    outer loop
      vertex 57.3947 35.878 0.799999
      vertex 57.4 36 5
      vertex 57.4 36 0.799999
    endloop
  endfacet
  facet normal -0.999058 0.0434017 0
    outer loop
      vertex 57.4 36 5
      vertex 57.3947 35.878 0.799999
      vertex 57.3947 35.878 5
    endloop
  endfacet
  facet normal 0.38293 -0.923777 0
    outer loop
      vertex 55.4083 37.2688 0.799999
      vertex 55.5212 37.3156 5
      vertex 55.4083 37.2688 5
    endloop
  endfacet
  facet normal 0.38293 -0.923777 0
    outer loop
      vertex 55.5212 37.3156 5
      vertex 55.4083 37.2688 0.799999
      vertex 55.5212 37.3156 0.799999
    endloop
  endfacet
  facet normal 0.953793 -0.300465 0
    outer loop
      vertex 54.6477 36.3623 5
      vertex 54.6844 36.4788 0.799999
      vertex 54.6844 36.4788 5
    endloop
  endfacet
  facet normal 0.953793 -0.300465 0
    outer loop
      vertex 54.6844 36.4788 0.799999
      vertex 54.6477 36.3623 5
      vertex 54.6477 36.3623 0.799999
    endloop
  endfacet
  facet normal 0.923777 0.38293 0
    outer loop
      vertex 54.7312 35.4083 5
      vertex 54.6844 35.5212 0.799999
      vertex 54.6844 35.5212 5
    endloop
  endfacet
  facet normal 0.923777 0.38293 0
    outer loop
      vertex 54.6844 35.5212 0.799999
      vertex 54.7312 35.4083 5
      vertex 54.7312 35.4083 0.799999
    endloop
  endfacet
  facet normal 0.300465 0.953793 -0
    outer loop
      vertex 55.6377 34.6477 0.799999
      vertex 55.5212 34.6844 5
      vertex 55.6377 34.6477 5
    endloop
  endfacet
  facet normal 0.300465 0.953793 0
    outer loop
      vertex 55.5212 34.6844 5
      vertex 55.6377 34.6477 0.799999
      vertex 55.5212 34.6844 0.799999
    endloop
  endfacet
  facet normal -0.923777 -0.38293 0
    outer loop
      vertex 57.3156 36.4788 0.799999
      vertex 57.2688 36.5917 5
      vertex 57.2688 36.5917 0.799999
    endloop
  endfacet
  facet normal -0.923777 -0.38293 0
    outer loop
      vertex 57.2688 36.5917 5
      vertex 57.3156 36.4788 0.799999
      vertex 57.3156 36.4788 5
    endloop
  endfacet
  facet normal -0.886935 -0.461894 0
    outer loop
      vertex 57.2688 36.5917 0.799999
      vertex 57.2124 36.7 5
      vertex 57.2124 36.7 0.799999
    endloop
  endfacet
  facet normal -0.886935 -0.461894 0
    outer loop
      vertex 57.2124 36.7 5
      vertex 57.2688 36.5917 0.799999
      vertex 57.2688 36.5917 5
    endloop
  endfacet
  facet normal -0.300465 -0.953793 0
    outer loop
      vertex 56.3623 37.3523 0.799999
      vertex 56.4788 37.3156 5
      vertex 56.3623 37.3523 5
    endloop
  endfacet
  facet normal -0.300465 -0.953793 -0
    outer loop
      vertex 56.4788 37.3156 5
      vertex 56.3623 37.3523 0.799999
      vertex 56.4788 37.3156 0.799999
    endloop
  endfacet
  facet normal -0.0434017 -0.999058 0
    outer loop
      vertex 56 37.4 0.799999
      vertex 56.122 37.3947 5
      vertex 56 37.4 5
    endloop
  endfacet
  facet normal -0.0434017 -0.999058 -0
    outer loop
      vertex 56.122 37.3947 5
      vertex 56 37.4 0.799999
      vertex 56.122 37.3947 0.799999
    endloop
  endfacet
  facet normal 0 0 1
    outer loop
      vertex 57.3947 36.122 0.799999
      vertex 57.3947 35.878 0.799999
      vertex 57.4 36 0.799999
    endloop
  endfacet
  facet normal 0 0 1
    outer loop
      vertex 57.3787 36.2431 0.799999
      vertex 57.3947 35.878 0.799999
      vertex 57.3947 36.122 0.799999
    endloop
  endfacet
  facet normal 0 0 1
    outer loop
      vertex 57.3787 36.2431 0.799999
      vertex 57.3787 35.7569 0.799999
      vertex 57.3947 35.878 0.799999
    endloop
  endfacet
  facet normal 0 0 1
    outer loop
      vertex 57.3523 36.3623 0.799999
      vertex 57.3787 35.7569 0.799999
      vertex 57.3787 36.2431 0.799999
    endloop
  endfacet
  facet normal 0 0 1
    outer loop
      vertex 57.3523 36.3623 0.799999
      vertex 57.3523 35.6377 0.799999
      vertex 57.3787 35.7569 0.799999
    endloop
  endfacet
  facet normal 0 0 1
    outer loop
      vertex 57.3156 36.4788 0.799999
      vertex 57.3523 35.6377 0.799999
      vertex 57.3523 36.3623 0.799999
    endloop
  endfacet
  facet normal 0 0 1
    outer loop
      vertex 57.3156 36.4788 0.799999
      vertex 57.3156 35.5212 0.799999
      vertex 57.3523 35.6377 0.799999
    endloop
  endfacet
  facet normal 0 0 1
    outer loop
      vertex 57.2688 36.5917 0.799999
      vertex 57.3156 35.5212 0.799999
      vertex 57.3156 36.4788 0.799999
    endloop
  endfacet
  facet normal 0 0 1
    outer loop
      vertex 57.2688 36.5917 0.799999
      vertex 57.2688 35.4083 0.799999
      vertex 57.3156 35.5212 0.799999
    endloop
  endfacet
  facet normal 0 0 1
    outer loop
      vertex 57.2124 36.7 0.799999
      vertex 57.2688 35.4083 0.799999
      vertex 57.2688 36.5917 0.799999
    endloop
  endfacet
  facet normal 0 0 1
    outer loop
      vertex 57.2124 36.7 0.799999
      vertex 57.2124 35.3 0.799999
      vertex 57.2688 35.4083 0.799999
    endloop
  endfacet
  facet normal 0 0 1
    outer loop
      vertex 57.1468 36.803 0.799999
      vertex 57.2124 35.3 0.799999
      vertex 57.2124 36.7 0.799999
    endloop
  endfacet
  facet normal 0 0 1
    outer loop
      vertex 57.1468 36.803 0.799999
      vertex 57.1468 35.197 0.799999
      vertex 57.2124 35.3 0.799999
    endloop
  endfacet
  facet normal 0 0 1
    outer loop
      vertex 57.0725 36.8999 0.799999
      vertex 57.1468 35.197 0.799999
      vertex 57.1468 36.803 0.799999
    endloop
  endfacet
  facet normal 0 0 1
    outer loop
      vertex 57.0725 36.8999 0.799999
      vertex 57.0725 35.1001 0.799999
      vertex 57.1468 35.197 0.799999
    endloop
  endfacet
  facet normal 0 0 1
    outer loop
      vertex 56.9899 36.9899 0.799999
      vertex 57.0725 35.1001 0.799999
      vertex 57.0725 36.8999 0.799999
    endloop
  endfacet
  facet normal 0 0 1
    outer loop
      vertex 56.9899 36.9899 0.799999
      vertex 56.9899 35.01 0.799999
      vertex 57.0725 35.1001 0.799999
    endloop
  endfacet
  facet normal 0 0 1
    outer loop
      vertex 56.8999 37.0725 0.799999
      vertex 56.9899 35.01 0.799999
      vertex 56.9899 36.9899 0.799999
    endloop
  endfacet
  facet normal 0 0 1
    outer loop
      vertex 56.8999 37.0725 0.799999
      vertex 56.8999 34.9275 0.799999
      vertex 56.9899 35.01 0.799999
    endloop
  endfacet
  facet normal 0 0 1
    outer loop
      vertex 56.803 37.1468 0.799999
      vertex 56.8999 34.9275 0.799999
      vertex 56.8999 37.0725 0.799999
    endloop
  endfacet
  facet normal 0 0 1
    outer loop
      vertex 56.803 37.1468 0.799999
      vertex 56.803 34.8532 0.799999
      vertex 56.8999 34.9275 0.799999
    endloop
  endfacet
  facet normal 0 0 1
    outer loop
      vertex 56.7 37.2124 0.799999
      vertex 56.803 34.8532 0.799999
      vertex 56.803 37.1468 0.799999
    endloop
  endfacet
  facet normal 0 0 1
    outer loop
      vertex 56.7 37.2124 0.799999
      vertex 56.7 34.7876 0.799999
      vertex 56.803 34.8532 0.799999
    endloop
  endfacet
  facet normal 0 0 1
    outer loop
      vertex 56.5917 37.2688 0.799999
      vertex 56.7 34.7876 0.799999
      vertex 56.7 37.2124 0.799999
    endloop
  endfacet
  facet normal 0 0 1
    outer loop
      vertex 56.5917 37.2688 0.799999
      vertex 56.5917 34.7312 0.799999
      vertex 56.7 34.7876 0.799999
    endloop
  endfacet
  facet normal 0 0 1
    outer loop
      vertex 56.4788 37.3156 0.799999
      vertex 56.5917 34.7312 0.799999
      vertex 56.5917 37.2688 0.799999
    endloop
  endfacet
  facet normal 0 0 1
    outer loop
      vertex 56.4788 37.3156 0.799999
      vertex 56.4788 34.6844 0.799999
      vertex 56.5917 34.7312 0.799999
    endloop
  endfacet
  facet normal 0 0 1
    outer loop
      vertex 56.3623 37.3523 0.799999
      vertex 56.4788 34.6844 0.799999
      vertex 56.4788 37.3156 0.799999
    endloop
  endfacet
  facet normal 0 0 1
    outer loop
      vertex 56.3623 37.3523 0.799999
      vertex 56.3623 34.6477 0.799999
      vertex 56.4788 34.6844 0.799999
    endloop
  endfacet
  facet normal 0 0 1
    outer loop
      vertex 56.2431 37.3787 0.799999
      vertex 56.3623 34.6477 0.799999
      vertex 56.3623 37.3523 0.799999
    endloop
  endfacet
  facet normal 0 0 1
    outer loop
      vertex 56.2431 37.3787 0.799999
      vertex 56.2431 34.6213 0.799999
      vertex 56.3623 34.6477 0.799999
    endloop
  endfacet
  facet normal 0 0 1
    outer loop
      vertex 56.122 37.3947 0.799999
      vertex 56.2431 34.6213 0.799999
      vertex 56.2431 37.3787 0.799999
    endloop
  endfacet
  facet normal 0 0 1
    outer loop
      vertex 56.122 37.3947 0.799999
      vertex 56.122 34.6053 0.799999
      vertex 56.2431 34.6213 0.799999
    endloop
  endfacet
  facet normal 0 0 1
    outer loop
      vertex 56 37.4 0.799999
      vertex 56.122 34.6053 0.799999
      vertex 56.122 37.3947 0.799999
    endloop
  endfacet
  facet normal 0 0 1
    outer loop
      vertex 56 37.4 0.799999
      vertex 56 34.6 0.799999
      vertex 56.122 34.6053 0.799999
    endloop
  endfacet
  facet normal -0 0 1
    outer loop
      vertex 55.878 37.3947 0.799999
      vertex 56 34.6 0.799999
      vertex 56 37.4 0.799999
    endloop
  endfacet
  facet normal 0 0 1
    outer loop
      vertex 55.878 37.3947 0.799999
      vertex 55.878 34.6053 0.799999
      vertex 56 34.6 0.799999
    endloop
  endfacet
  facet normal -0 0 1
    outer loop
      vertex 55.7569 37.3787 0.799999
      vertex 55.878 34.6053 0.799999
      vertex 55.878 37.3947 0.799999
    endloop
  endfacet
  facet normal 0 0 1
    outer loop
      vertex 55.7569 37.3787 0.799999
      vertex 55.7569 34.6213 0.799999
      vertex 55.878 34.6053 0.799999
    endloop
  endfacet
  facet normal -0 0 1
    outer loop
      vertex 55.6377 37.3523 0.799999
      vertex 55.7569 34.6213 0.799999
      vertex 55.7569 37.3787 0.799999
    endloop
  endfacet
  facet normal 0 0 1
    outer loop
      vertex 55.6377 37.3523 0.799999
      vertex 55.6377 34.6477 0.799999
      vertex 55.7569 34.6213 0.799999
    endloop
  endfacet
  facet normal -0 0 1
    outer loop
      vertex 55.5212 37.3156 0.799999
      vertex 55.6377 34.6477 0.799999
      vertex 55.6377 37.3523 0.799999
    endloop
  endfacet
  facet normal 0 0 1
    outer loop
      vertex 55.5212 37.3156 0.799999
      vertex 55.5212 34.6844 0.799999
      vertex 55.6377 34.6477 0.799999
    endloop
  endfacet
  facet normal -0 0 1
    outer loop
      vertex 55.4083 37.2688 0.799999
      vertex 55.5212 34.6844 0.799999
      vertex 55.5212 37.3156 0.799999
    endloop
  endfacet
  facet normal 0 0 1
    outer loop
      vertex 55.4083 37.2688 0.799999
      vertex 55.4083 34.7312 0.799999
      vertex 55.5212 34.6844 0.799999
    endloop
  endfacet
  facet normal -0 0 1
    outer loop
      vertex 55.3 37.2124 0.799999
      vertex 55.4083 34.7312 0.799999
      vertex 55.4083 37.2688 0.799999
    endloop
  endfacet
  facet normal 0 0 1
    outer loop
      vertex 55.3 37.2124 0.799999
      vertex 55.3 34.7876 0.799999
      vertex 55.4083 34.7312 0.799999
    endloop
  endfacet
  facet normal -0 0 1
    outer loop
      vertex 55.197 37.1468 0.799999
      vertex 55.3 34.7876 0.799999
      vertex 55.3 37.2124 0.799999
    endloop
  endfacet
  facet normal 0 0 1
    outer loop
      vertex 55.197 37.1468 0.799999
      vertex 55.197 34.8532 0.799999
      vertex 55.3 34.7876 0.799999
    endloop
  endfacet
  facet normal -0 0 1
    outer loop
      vertex 55.1001 37.0725 0.799999
      vertex 55.197 34.8532 0.799999
      vertex 55.197 37.1468 0.799999
    endloop
  endfacet
  facet normal 0 0 1
    outer loop
      vertex 55.1001 37.0725 0.799999
      vertex 55.1001 34.9275 0.799999
      vertex 55.197 34.8532 0.799999
    endloop
  endfacet
  facet normal -0 0 1
    outer loop
      vertex 55.01 36.9899 0.799999
      vertex 55.1001 34.9275 0.799999
      vertex 55.1001 37.0725 0.799999
    endloop
  endfacet
  facet normal 0 0 1
    outer loop
      vertex 55.01 36.9899 0.799999
      vertex 55.01 35.01 0.799999
      vertex 55.1001 34.9275 0.799999
    endloop
  endfacet
  facet normal -0 0 1
    outer loop
      vertex 54.9275 36.8999 0.799999
      vertex 55.01 35.01 0.799999
      vertex 55.01 36.9899 0.799999
    endloop
  endfacet
  facet normal 0 0 1
    outer loop
      vertex 54.9275 36.8999 0.799999
      vertex 54.9275 35.1001 0.799999
      vertex 55.01 35.01 0.799999
    endloop
  endfacet
  facet normal -0 0 1
    outer loop
      vertex 54.8532 36.803 0.799999
      vertex 54.9275 35.1001 0.799999
      vertex 54.9275 36.8999 0.799999
    endloop
  endfacet
  facet normal 0 0 1
    outer loop
      vertex 54.8532 36.803 0.799999
      vertex 54.8532 35.197 0.799999
      vertex 54.9275 35.1001 0.799999
    endloop
  endfacet
  facet normal -0 0 1
    outer loop
      vertex 54.7876 36.7 0.799999
      vertex 54.8532 35.197 0.799999
      vertex 54.8532 36.803 0.799999
    endloop
  endfacet
  facet normal 0 0 1
    outer loop
      vertex 54.7876 36.7 0.799999
      vertex 54.7876 35.3 0.799999
      vertex 54.8532 35.197 0.799999
    endloop
  endfacet
  facet normal -0 0 1
    outer loop
      vertex 54.7312 36.5917 0.799999
      vertex 54.7876 35.3 0.799999
      vertex 54.7876 36.7 0.799999
    endloop
  endfacet
  facet normal 0 0 1
    outer loop
      vertex 54.7312 36.5917 0.799999
      vertex 54.7312 35.4083 0.799999
      vertex 54.7876 35.3 0.799999
    endloop
  endfacet
  facet normal -0 0 1
    outer loop
      vertex 54.6844 36.4788 0.799999
      vertex 54.7312 35.4083 0.799999
      vertex 54.7312 36.5917 0.799999
    endloop
  endfacet
  facet normal 0 0 1
    outer loop
      vertex 54.6844 36.4788 0.799999
      vertex 54.6844 35.5212 0.799999
      vertex 54.7312 35.4083 0.799999
    endloop
  endfacet
  facet normal -0 0 1
    outer loop
      vertex 54.6477 36.3623 0.799999
      vertex 54.6844 35.5212 0.799999
      vertex 54.6844 36.4788 0.799999
    endloop
  endfacet
  facet normal 0 0 1
    outer loop
      vertex 54.6477 36.3623 0.799999
      vertex 54.6477 35.6377 0.799999
      vertex 54.6844 35.5212 0.799999
    endloop
  endfacet
  facet normal -0 0 1
    outer loop
      vertex 54.6213 36.2431 0.799999
      vertex 54.6477 35.6377 0.799999
      vertex 54.6477 36.3623 0.799999
    endloop
  endfacet
  facet normal 0 0 1
    outer loop
      vertex 54.6213 36.2431 0.799999
      vertex 54.6213 35.7569 0.799999
      vertex 54.6477 35.6377 0.799999
    endloop
  endfacet
  facet normal -0 0 1
    outer loop
      vertex 54.6053 36.122 0.799999
      vertex 54.6213 35.7569 0.799999
      vertex 54.6213 36.2431 0.799999
    endloop
  endfacet
  facet normal 0 0 1
    outer loop
      vertex 54.6053 36.122 0.799999
      vertex 54.6053 35.878 0.799999
      vertex 54.6213 35.7569 0.799999
    endloop
  endfacet
  facet normal 0 -0 1
    outer loop
      vertex 54.6053 35.878 0.799999
      vertex 54.6053 36.122 0.799999
      vertex 54.6 36 0.799999
    endloop
  endfacet
  facet normal 0.999058 -0.0434017 0
    outer loop
      vertex 54.6 36 5
      vertex 54.6053 36.122 0.799999
      vertex 54.6053 36.122 5
    endloop
  endfacet
  facet normal 0.999058 -0.0434017 0
    outer loop
      vertex 54.6053 36.122 0.799999
      vertex 54.6 36 5
      vertex 54.6 36 0.799999
    endloop
  endfacet
  facet normal 0.793567 -0.608483 0
    outer loop
      vertex 54.8532 36.803 5
      vertex 54.9275 36.8999 0.799999
      vertex 54.9275 36.8999 5
    endloop
  endfacet
  facet normal 0.793567 -0.608483 0
    outer loop
      vertex 54.9275 36.8999 0.799999
      vertex 54.8532 36.803 5
      vertex 54.8532 36.803 0.799999
    endloop
  endfacet
  facet normal 0.216237 -0.976341 0
    outer loop
      vertex 55.6377 37.3523 0.799999
      vertex 55.7569 37.3787 5
      vertex 55.6377 37.3523 5
    endloop
  endfacet
  facet normal 0.216237 -0.976341 0
    outer loop
      vertex 55.7569 37.3787 5
      vertex 55.6377 37.3523 0.799999
      vertex 55.7569 37.3787 0.799999
    endloop
  endfacet
  facet normal -0.953793 0.300465 0
    outer loop
      vertex 57.3156 35.5212 0.799999
      vertex 57.3523 35.6377 5
      vertex 57.3523 35.6377 0.799999
    endloop
  endfacet
  facet normal -0.953793 0.300465 0
    outer loop
      vertex 57.3523 35.6377 5
      vertex 57.3156 35.5212 0.799999
      vertex 57.3156 35.5212 5
    endloop
  endfacet
  facet normal 0.0434017 0.999058 -0
    outer loop
      vertex 56 34.6 0.799999
      vertex 55.878 34.6053 5
      vertex 56 34.6 5
    endloop
  endfacet
  facet normal 0.0434017 0.999058 0
    outer loop
      vertex 55.878 34.6053 5
      vertex 56 34.6 0.799999
      vertex 55.878 34.6053 0.799999
    endloop
  endfacet
  facet normal 0.608483 0.793567 -0
    outer loop
      vertex 55.197 34.8532 0.799999
      vertex 55.1001 34.9275 5
      vertex 55.197 34.8532 5
    endloop
  endfacet
  facet normal 0.608483 0.793567 0
    outer loop
      vertex 55.1001 34.9275 5
      vertex 55.197 34.8532 0.799999
      vertex 55.1001 34.9275 0.799999
    endloop
  endfacet
  facet normal -0.991384 -0.130984 0
    outer loop
      vertex 57.3947 36.122 0.799999
      vertex 57.3787 36.2431 5
      vertex 57.3787 36.2431 0.799999
    endloop
  endfacet
  facet normal -0.991384 -0.130984 0
    outer loop
      vertex 57.3787 36.2431 5
      vertex 57.3947 36.122 0.799999
      vertex 57.3947 36.122 5
    endloop
  endfacet
  facet normal -0.976341 -0.216237 0
    outer loop
      vertex 57.3787 36.2431 0.799999
      vertex 57.3523 36.3623 5
      vertex 57.3523 36.3623 0.799999
    endloop
  endfacet
  facet normal -0.976341 -0.216237 0
    outer loop
      vertex 57.3523 36.3623 5
      vertex 57.3787 36.2431 0.799999
      vertex 57.3787 36.2431 5
    endloop
  endfacet
  facet normal -0.953793 -0.300465 0
    outer loop
      vertex 57.3523 36.3623 0.799999
      vertex 57.3156 36.4788 5
      vertex 57.3156 36.4788 0.799999
    endloop
  endfacet
  facet normal -0.953793 -0.300465 0
    outer loop
      vertex 57.3156 36.4788 5
      vertex 57.3523 36.3623 0.799999
      vertex 57.3523 36.3623 5
    endloop
  endfacet
  facet normal -0.736746 -0.676169 0
    outer loop
      vertex 57.0725 36.8999 0.799999
      vertex 56.9899 36.9899 5
      vertex 56.9899 36.9899 0.799999
    endloop
  endfacet
  facet normal -0.736746 -0.676169 0
    outer loop
      vertex 56.9899 36.9899 5
      vertex 57.0725 36.8999 0.799999
      vertex 57.0725 36.8999 5
    endloop
  endfacet
  facet normal -0.793567 -0.608483 0
    outer loop
      vertex 57.1468 36.803 0.799999
      vertex 57.0725 36.8999 5
      vertex 57.0725 36.8999 0.799999
    endloop
  endfacet
  facet normal -0.793567 -0.608483 0
    outer loop
      vertex 57.0725 36.8999 5
      vertex 57.1468 36.803 0.799999
      vertex 57.1468 36.803 5
    endloop
  endfacet
  facet normal -0.676169 -0.736746 0
    outer loop
      vertex 56.8999 37.0725 0.799999
      vertex 56.9899 36.9899 5
      vertex 56.8999 37.0725 5
    endloop
  endfacet
  facet normal -0.676169 -0.736746 -0
    outer loop
      vertex 56.9899 36.9899 5
      vertex 56.8999 37.0725 0.799999
      vertex 56.9899 36.9899 0.799999
    endloop
  endfacet
  facet normal -0.461894 -0.886935 0
    outer loop
      vertex 56.5917 37.2688 0.799999
      vertex 56.7 37.2124 5
      vertex 56.5917 37.2688 5
    endloop
  endfacet
  facet normal -0.461894 -0.886935 -0
    outer loop
      vertex 56.7 37.2124 5
      vertex 56.5917 37.2688 0.799999
      vertex 56.7 37.2124 0.799999
    endloop
  endfacet
  facet normal 0.0434017 -0.999058 0
    outer loop
      vertex 55.878 37.3947 0.799999
      vertex 56 37.4 5
      vertex 55.878 37.3947 5
    endloop
  endfacet
  facet normal 0.0434017 -0.999058 0
    outer loop
      vertex 56 37.4 5
      vertex 55.878 37.3947 0.799999
      vertex 56 37.4 0.799999
    endloop
  endfacet
  facet normal -0.38293 -0.923777 0
    outer loop
      vertex 56.4788 37.3156 0.799999
      vertex 56.5917 37.2688 5
      vertex 56.4788 37.3156 5
    endloop
  endfacet
  facet normal -0.38293 -0.923777 -0
    outer loop
      vertex 56.5917 37.2688 5
      vertex 56.4788 37.3156 0.799999
      vertex 56.5917 37.2688 0.799999
    endloop
  endfacet
  facet normal -0.216237 -0.976341 0
    outer loop
      vertex 56.2431 37.3787 0.799999
      vertex 56.3623 37.3523 5
      vertex 56.2431 37.3787 5
    endloop
  endfacet
  facet normal -0.216237 -0.976341 -0
    outer loop
      vertex 56.3623 37.3523 5
      vertex 56.2431 37.3787 0.799999
      vertex 56.3623 37.3523 0.799999
    endloop
  endfacet
  facet normal -0.130984 -0.991384 0
    outer loop
      vertex 56.122 37.3947 0.799999
      vertex 56.2431 37.3787 5
      vertex 56.122 37.3947 5
    endloop
  endfacet
  facet normal -0.130984 -0.991384 -0
    outer loop
      vertex 56.2431 37.3787 5
      vertex 56.122 37.3947 0.799999
      vertex 56.2431 37.3787 0.799999
    endloop
  endfacet
  facet normal 0.976341 -0.216237 0
    outer loop
      vertex 54.6213 36.2431 5
      vertex 54.6477 36.3623 0.799999
      vertex 54.6477 36.3623 5
    endloop
  endfacet
  facet normal 0.976341 -0.216237 0
    outer loop
      vertex 54.6477 36.3623 0.799999
      vertex 54.6213 36.2431 5
      vertex 54.6213 36.2431 0.799999
    endloop
  endfacet
  facet normal 0.991384 -0.130984 0
    outer loop
      vertex 54.6053 36.122 5
      vertex 54.6213 36.2431 0.799999
      vertex 54.6213 36.2431 5
    endloop
  endfacet
  facet normal 0.991384 -0.130984 0
    outer loop
      vertex 54.6213 36.2431 0.799999
      vertex 54.6053 36.122 5
      vertex 54.6053 36.122 0.799999
    endloop
  endfacet
  facet normal 0.923777 -0.38293 0
    outer loop
      vertex 54.6844 36.4788 5
      vertex 54.7312 36.5917 0.799999
      vertex 54.7312 36.5917 5
    endloop
  endfacet
  facet normal 0.923777 -0.38293 0
    outer loop
      vertex 54.7312 36.5917 0.799999
      vertex 54.6844 36.4788 5
      vertex 54.6844 36.4788 0.799999
    endloop
  endfacet
  facet normal 0.886935 -0.461894 0
    outer loop
      vertex 54.7312 36.5917 5
      vertex 54.7876 36.7 0.799999
      vertex 54.7876 36.7 5
    endloop
  endfacet
  facet normal 0.886935 -0.461894 0
    outer loop
      vertex 54.7876 36.7 0.799999
      vertex 54.7312 36.5917 5
      vertex 54.7312 36.5917 0.799999
    endloop
  endfacet
  facet normal 0.300465 -0.953793 0
    outer loop
      vertex 55.5212 37.3156 0.799999
      vertex 55.6377 37.3523 5
      vertex 55.5212 37.3156 5
    endloop
  endfacet
  facet normal 0.300465 -0.953793 0
    outer loop
      vertex 55.6377 37.3523 5
      vertex 55.5212 37.3156 0.799999
      vertex 55.6377 37.3523 0.799999
    endloop
  endfacet
  facet normal 0.130984 -0.991384 0
    outer loop
      vertex 55.7569 37.3787 0.799999
      vertex 55.878 37.3947 5
      vertex 55.7569 37.3787 5
    endloop
  endfacet
  facet normal 0.130984 -0.991384 0
    outer loop
      vertex 55.878 37.3947 5
      vertex 55.7569 37.3787 0.799999
      vertex 55.878 37.3947 0.799999
    endloop
  endfacet
  facet normal 0.608483 -0.793567 0
    outer loop
      vertex 55.1001 37.0725 0.799999
      vertex 55.197 37.1468 5
      vertex 55.1001 37.0725 5
    endloop
  endfacet
  facet normal 0.608483 -0.793567 0
    outer loop
      vertex 55.197 37.1468 5
      vertex 55.1001 37.0725 0.799999
      vertex 55.197 37.1468 0.799999
    endloop
  endfacet
  facet normal 0.675762 -0.73712 0
    outer loop
      vertex 55.01 36.9899 0.799999
      vertex 55.1001 37.0725 5
      vertex 55.01 36.9899 5
    endloop
  endfacet
  facet normal 0.675762 -0.73712 0
    outer loop
      vertex 55.1001 37.0725 5
      vertex 55.01 36.9899 0.799999
      vertex 55.1001 37.0725 0.799999
    endloop
  endfacet
  facet normal 0.461894 -0.886935 0
    outer loop
      vertex 55.3 37.2124 0.799999
      vertex 55.4083 37.2688 5
      vertex 55.3 37.2124 5
    endloop
  endfacet
  facet normal 0.461894 -0.886935 0
    outer loop
      vertex 55.4083 37.2688 5
      vertex 55.3 37.2124 0.799999
      vertex 55.4083 37.2688 0.799999
    endloop
  endfacet
  facet normal 0.737154 -0.675725 0
    outer loop
      vertex 54.9275 36.8999 5
      vertex 55.01 36.9899 0.799999
      vertex 55.01 36.9899 5
    endloop
  endfacet
  facet normal 0.737154 -0.675725 0
    outer loop
      vertex 55.01 36.9899 0.799999
      vertex 54.9275 36.8999 5
      vertex 54.9275 36.8999 0.799999
    endloop
  endfacet
  facet normal -0.999058 -0.0434017 0
    outer loop
      vertex 57.4 36 0.799999
      vertex 57.3947 36.122 5
      vertex 57.3947 36.122 0.799999
    endloop
  endfacet
  facet normal -0.999058 -0.0434017 0
    outer loop
      vertex 57.3947 36.122 5
      vertex 57.4 36 0.799999
      vertex 57.4 36 5
    endloop
  endfacet
  facet normal -0.976341 0.216237 0
    outer loop
      vertex 57.3523 35.6377 0.799999
      vertex 57.3787 35.7569 5
      vertex 57.3787 35.7569 0.799999
    endloop
  endfacet
  facet normal -0.976341 0.216237 0
    outer loop
      vertex 57.3787 35.7569 5
      vertex 57.3523 35.6377 0.799999
      vertex 57.3523 35.6377 5
    endloop
  endfacet
  facet normal -0.130984 0.991384 0
    outer loop
      vertex 56.2431 34.6213 0.799999
      vertex 56.122 34.6053 5
      vertex 56.2431 34.6213 5
    endloop
  endfacet
  facet normal -0.130984 0.991384 0
    outer loop
      vertex 56.122 34.6053 5
      vertex 56.2431 34.6213 0.799999
      vertex 56.122 34.6053 0.799999
    endloop
  endfacet
  facet normal -0.300465 0.953793 0
    outer loop
      vertex 56.4788 34.6844 0.799999
      vertex 56.3623 34.6477 5
      vertex 56.4788 34.6844 5
    endloop
  endfacet
  facet normal -0.300465 0.953793 0
    outer loop
      vertex 56.3623 34.6477 5
      vertex 56.4788 34.6844 0.799999
      vertex 56.3623 34.6477 0.799999
    endloop
  endfacet
  facet normal -0.73712 0.675762 0
    outer loop
      vertex 56.9899 35.01 0.799999
      vertex 57.0725 35.1001 5
      vertex 57.0725 35.1001 0.799999
    endloop
  endfacet
  facet normal -0.73712 0.675762 0
    outer loop
      vertex 57.0725 35.1001 5
      vertex 56.9899 35.01 0.799999
      vertex 56.9899 35.01 5
    endloop
  endfacet
  facet normal -0.675725 0.737154 0
    outer loop
      vertex 56.9899 35.01 0.799999
      vertex 56.8999 34.9275 5
      vertex 56.9899 35.01 5
    endloop
  endfacet
  facet normal -0.675725 0.737154 0
    outer loop
      vertex 56.8999 34.9275 5
      vertex 56.9899 35.01 0.799999
      vertex 56.8999 34.9275 0.799999
    endloop
  endfacet
  facet normal -0.461894 0.886935 0
    outer loop
      vertex 56.7 34.7876 0.799999
      vertex 56.5917 34.7312 5
      vertex 56.7 34.7876 5
    endloop
  endfacet
  facet normal -0.461894 0.886935 0
    outer loop
      vertex 56.5917 34.7312 5
      vertex 56.7 34.7876 0.799999
      vertex 56.5917 34.7312 0.799999
    endloop
  endfacet
  facet normal -0.0434017 0.999058 0
    outer loop
      vertex 56.122 34.6053 0.799999
      vertex 56 34.6 5
      vertex 56.122 34.6053 5
    endloop
  endfacet
  facet normal -0.0434017 0.999058 0
    outer loop
      vertex 56 34.6 5
      vertex 56.122 34.6053 0.799999
      vertex 56 34.6 0.799999
    endloop
  endfacet
  facet normal 0.216237 0.976341 -0
    outer loop
      vertex 55.7569 34.6213 0.799999
      vertex 55.6377 34.6477 5
      vertex 55.7569 34.6213 5
    endloop
  endfacet
  facet normal 0.216237 0.976341 0
    outer loop
      vertex 55.6377 34.6477 5
      vertex 55.7569 34.6213 0.799999
      vertex 55.6377 34.6477 0.799999
    endloop
  endfacet
  facet normal 0.38293 0.923777 -0
    outer loop
      vertex 55.5212 34.6844 0.799999
      vertex 55.4083 34.7312 5
      vertex 55.5212 34.6844 5
    endloop
  endfacet
  facet normal 0.38293 0.923777 0
    outer loop
      vertex 55.4083 34.7312 5
      vertex 55.5212 34.6844 0.799999
      vertex 55.4083 34.7312 0.799999
    endloop
  endfacet
  facet normal 0.953793 0.300465 0
    outer loop
      vertex 54.6844 35.5212 5
      vertex 54.6477 35.6377 0.799999
      vertex 54.6477 35.6377 5
    endloop
  endfacet
  facet normal 0.953793 0.300465 0
    outer loop
      vertex 54.6477 35.6377 0.799999
      vertex 54.6844 35.5212 5
      vertex 54.6844 35.5212 0.799999
    endloop
  endfacet
  facet normal 0.991384 0.130984 0
    outer loop
      vertex 54.6213 35.7569 5
      vertex 54.6053 35.878 0.799999
      vertex 54.6053 35.878 5
    endloop
  endfacet
  facet normal 0.991384 0.130984 0
    outer loop
      vertex 54.6053 35.878 0.799999
      vertex 54.6213 35.7569 5
      vertex 54.6213 35.7569 0.799999
    endloop
  endfacet
  facet normal 0.737528 0.675317 0
    outer loop
      vertex 55.01 35.01 5
      vertex 54.9275 35.1001 0.799999
      vertex 54.9275 35.1001 5
    endloop
  endfacet
  facet normal 0.737528 0.675317 0
    outer loop
      vertex 54.9275 35.1001 0.799999
      vertex 55.01 35.01 5
      vertex 55.01 35.01 0.799999
    endloop
  endfacet
  facet normal 0.886935 0.461894 0
    outer loop
      vertex 54.7876 35.3 5
      vertex 54.7312 35.4083 0.799999
      vertex 54.7312 35.4083 5
    endloop
  endfacet
  facet normal 0.886935 0.461894 0
    outer loop
      vertex 54.7312 35.4083 0.799999
      vertex 54.7876 35.3 5
      vertex 54.7876 35.3 0.799999
    endloop
  endfacet
  facet normal -0.537193 -0.843459 0
    outer loop
      vertex 56.7 37.2124 0.799999
      vertex 56.803 37.1468 5
      vertex 56.7 37.2124 5
    endloop
  endfacet
  facet normal -0.537193 -0.843459 -0
    outer loop
      vertex 56.803 37.1468 5
      vertex 56.7 37.2124 0.799999
      vertex 56.803 37.1468 0.799999
    endloop
  endfacet
  facet normal 0.999058 0.0434017 0
    outer loop
      vertex 54.6053 35.878 5
      vertex 54.6 36 0.799999
      vertex 54.6 36 5
    endloop
  endfacet
  facet normal 0.999058 0.0434017 0
    outer loop
      vertex 54.6 36 0.799999
      vertex 54.6053 35.878 5
      vertex 54.6053 35.878 0.799999
    endloop
  endfacet
  facet normal 0.843459 -0.537193 0
    outer loop
      vertex 54.7876 36.7 5
      vertex 54.8532 36.803 0.799999
      vertex 54.8532 36.803 5
    endloop
  endfacet
  facet normal 0.843459 -0.537193 0
    outer loop
      vertex 54.8532 36.803 0.799999
      vertex 54.7876 36.7 5
      vertex 54.7876 36.7 0.799999
    endloop
  endfacet
  facet normal -0.991384 0.130984 0
    outer loop
      vertex 57.3787 35.7569 0.799999
      vertex 57.3947 35.878 5
      vertex 57.3947 35.878 0.799999
    endloop
  endfacet
  facet normal -0.991384 0.130984 0
    outer loop
      vertex 57.3947 35.878 5
      vertex 57.3787 35.7569 0.799999
      vertex 57.3787 35.7569 5
    endloop
  endfacet
  facet normal -0.886935 0.461894 0
    outer loop
      vertex 57.2124 35.3 0.799999
      vertex 57.2688 35.4083 5
      vertex 57.2688 35.4083 0.799999
    endloop
  endfacet
  facet normal -0.886935 0.461894 0
    outer loop
      vertex 57.2688 35.4083 5
      vertex 57.2124 35.3 0.799999
      vertex 57.2124 35.3 5
    endloop
  endfacet
  facet normal -0.216237 0.976341 0
    outer loop
      vertex 56.3623 34.6477 0.799999
      vertex 56.2431 34.6213 5
      vertex 56.3623 34.6477 5
    endloop
  endfacet
  facet normal -0.216237 0.976341 0
    outer loop
      vertex 56.2431 34.6213 5
      vertex 56.3623 34.6477 0.799999
      vertex 56.2431 34.6213 0.799999
    endloop
  endfacet
  facet normal -0.38293 0.923777 0
    outer loop
      vertex 56.5917 34.7312 0.799999
      vertex 56.4788 34.6844 5
      vertex 56.5917 34.7312 5
    endloop
  endfacet
  facet normal -0.38293 0.923777 0
    outer loop
      vertex 56.4788 34.6844 5
      vertex 56.5917 34.7312 0.799999
      vertex 56.4788 34.6844 0.799999
    endloop
  endfacet
  facet normal -0.537193 0.843459 0
    outer loop
      vertex 56.803 34.8532 0.799999
      vertex 56.7 34.7876 5
      vertex 56.803 34.8532 5
    endloop
  endfacet
  facet normal -0.537193 0.843459 0
    outer loop
      vertex 56.7 34.7876 5
      vertex 56.803 34.8532 0.799999
      vertex 56.7 34.7876 0.799999
    endloop
  endfacet
  facet normal -0.608483 0.793567 0
    outer loop
      vertex 56.8999 34.9275 0.799999
      vertex 56.803 34.8532 5
      vertex 56.8999 34.9275 5
    endloop
  endfacet
  facet normal -0.608483 0.793567 0
    outer loop
      vertex 56.803 34.8532 5
      vertex 56.8999 34.9275 0.799999
      vertex 56.803 34.8532 0.799999
    endloop
  endfacet
  facet normal 0.130984 0.991384 -0
    outer loop
      vertex 55.878 34.6053 0.799999
      vertex 55.7569 34.6213 5
      vertex 55.878 34.6053 5
    endloop
  endfacet
  facet normal 0.130984 0.991384 0
    outer loop
      vertex 55.7569 34.6213 5
      vertex 55.878 34.6053 0.799999
      vertex 55.7569 34.6213 0.799999
    endloop
  endfacet
  facet normal 0.461894 0.886935 -0
    outer loop
      vertex 55.4083 34.7312 0.799999
      vertex 55.3 34.7876 5
      vertex 55.4083 34.7312 5
    endloop
  endfacet
  facet normal 0.461894 0.886935 0
    outer loop
      vertex 55.3 34.7876 5
      vertex 55.4083 34.7312 0.799999
      vertex 55.3 34.7876 0.799999
    endloop
  endfacet
  facet normal 0.976341 0.216237 0
    outer loop
      vertex 54.6477 35.6377 5
      vertex 54.6213 35.7569 0.799999
      vertex 54.6213 35.7569 5
    endloop
  endfacet
  facet normal 0.976341 0.216237 0
    outer loop
      vertex 54.6213 35.7569 0.799999
      vertex 54.6477 35.6377 5
      vertex 54.6477 35.6377 0.799999
    endloop
  endfacet
  facet normal 0.843459 0.537193 0
    outer loop
      vertex 54.8532 35.197 5
      vertex 54.7876 35.3 0.799999
      vertex 54.7876 35.3 5
    endloop
  endfacet
  facet normal 0.843459 0.537193 0
    outer loop
      vertex 54.7876 35.3 0.799999
      vertex 54.8532 35.197 5
      vertex 54.8532 35.197 0.799999
    endloop
  endfacet
  facet normal 0.675317 0.737528 -0
    outer loop
      vertex 55.1001 34.9275 0.799999
      vertex 55.01 35.01 5
      vertex 55.1001 34.9275 5
    endloop
  endfacet
  facet normal 0.675317 0.737528 0
    outer loop
      vertex 55.01 35.01 5
      vertex 55.1001 34.9275 0.799999
      vertex 55.01 35.01 0.799999
    endloop
  endfacet
  facet normal -0.843459 -0.537193 0
    outer loop
      vertex 57.2124 36.7 0.799999
      vertex 57.1468 36.803 5
      vertex 57.1468 36.803 0.799999
    endloop
  endfacet
  facet normal -0.843459 -0.537193 0
    outer loop
      vertex 57.1468 36.803 5
      vertex 57.2124 36.7 0.799999
      vertex 57.2124 36.7 5
    endloop
  endfacet
  facet normal 0.537193 -0.843459 0
    outer loop
      vertex 55.197 37.1468 0.799999
      vertex 55.3 37.2124 5
      vertex 55.197 37.1468 5
    endloop
  endfacet
  facet normal 0.537193 -0.843459 0
    outer loop
      vertex 55.3 37.2124 5
      vertex 55.197 37.1468 0.799999
      vertex 55.3 37.2124 0.799999
    endloop
  endfacet
  facet normal -0.923777 0.38293 0
    outer loop
      vertex 57.2688 35.4083 0.799999
      vertex 57.3156 35.5212 5
      vertex 57.3156 35.5212 0.799999
    endloop
  endfacet
  facet normal -0.923777 0.38293 0
    outer loop
      vertex 57.3156 35.5212 5
      vertex 57.2688 35.4083 0.799999
      vertex 57.2688 35.4083 5
    endloop
  endfacet
  facet normal 0.537193 0.843459 -0
    outer loop
      vertex 55.3 34.7876 0.799999
      vertex 55.197 34.8532 5
      vertex 55.3 34.7876 5
    endloop
  endfacet
  facet normal 0.537193 0.843459 0
    outer loop
      vertex 55.197 34.8532 5
      vertex 55.3 34.7876 0.799999
      vertex 55.197 34.8532 0.799999
    endloop
  endfacet
  facet normal 0.793567 0.608483 0
    outer loop
      vertex 54.9275 35.1001 5
      vertex 54.8532 35.197 0.799999
      vertex 54.8532 35.197 5
    endloop
  endfacet
  facet normal 0.793567 0.608483 0
    outer loop
      vertex 54.8532 35.197 0.799999
      vertex 54.9275 35.1001 5
      vertex 54.9275 35.1001 0.799999
    endloop
  endfacet
  facet normal -0.843459 0.537193 0
    outer loop
      vertex 57.1468 35.197 0.799999
      vertex 57.2124 35.3 5
      vertex 57.2124 35.3 0.799999
    endloop
  endfacet
  facet normal -0.843459 0.537193 0
    outer loop
      vertex 57.2124 35.3 5
      vertex 57.1468 35.197 0.799999
      vertex 57.1468 35.197 5
    endloop
  endfacet
  facet normal -0.793567 0.608483 0
    outer loop
      vertex 57.0725 35.1001 0.799999
      vertex 57.1468 35.197 5
      vertex 57.1468 35.197 0.799999
    endloop
  endfacet
  facet normal -0.793567 0.608483 0
    outer loop
      vertex 57.1468 35.197 5
      vertex 57.0725 35.1001 0.799999
      vertex 57.0725 35.1001 5
    endloop
  endfacet
  facet normal -0.999058 -0.0434017 0
    outer loop
      vertex -37.6 37 0.799999
      vertex -37.6053 37.122 5
      vertex -37.6053 37.122 0.799999
    endloop
  endfacet
  facet normal -0.999058 -0.0434017 0
    outer loop
      vertex -37.6053 37.122 5
      vertex -37.6 37 0.799999
      vertex -37.6 37 5
    endloop
  endfacet
  facet normal 0.0434017 -0.999058 0
    outer loop
      vertex -39.122 38.3947 0.799999
      vertex -39 38.4 5
      vertex -39.122 38.3947 5
    endloop
  endfacet
  facet normal 0.0434017 -0.999058 0
    outer loop
      vertex -39 38.4 5
      vertex -39.122 38.3947 0.799999
      vertex -39 38.4 0.799999
    endloop
  endfacet
  facet normal -0.675762 -0.73712 0
    outer loop
      vertex -38.1001 38.0725 0.799999
      vertex -38.01 37.9899 5
      vertex -38.1001 38.0725 5
    endloop
  endfacet
  facet normal -0.675762 -0.73712 -0
    outer loop
      vertex -38.01 37.9899 5
      vertex -38.1001 38.0725 0.799999
      vertex -38.01 37.9899 0.799999
    endloop
  endfacet
  facet normal 0.736746 -0.676169 0
    outer loop
      vertex -40.0725 37.8999 5
      vertex -39.9899 37.9899 0.799999
      vertex -39.9899 37.9899 5
    endloop
  endfacet
  facet normal 0.736746 -0.676169 0
    outer loop
      vertex -39.9899 37.9899 0.799999
      vertex -40.0725 37.8999 5
      vertex -40.0725 37.8999 0.799999
    endloop
  endfacet
  facet normal 0.38293 -0.923777 0
    outer loop
      vertex -39.5917 38.2688 0.799999
      vertex -39.4788 38.3156 5
      vertex -39.5917 38.2688 5
    endloop
  endfacet
  facet normal 0.38293 -0.923777 0
    outer loop
      vertex -39.4788 38.3156 5
      vertex -39.5917 38.2688 0.799999
      vertex -39.4788 38.3156 0.799999
    endloop
  endfacet
  facet normal -0.923777 -0.38293 0
    outer loop
      vertex -37.6844 37.4788 0.799999
      vertex -37.7312 37.5917 5
      vertex -37.7312 37.5917 0.799999
    endloop
  endfacet
  facet normal -0.923777 -0.38293 0
    outer loop
      vertex -37.7312 37.5917 5
      vertex -37.6844 37.4788 0.799999
      vertex -37.6844 37.4788 5
    endloop
  endfacet
  facet normal -0.300465 -0.953793 0
    outer loop
      vertex -38.6377 38.3523 0.799999
      vertex -38.5212 38.3156 5
      vertex -38.6377 38.3523 5
    endloop
  endfacet
  facet normal -0.300465 -0.953793 -0
    outer loop
      vertex -38.5212 38.3156 5
      vertex -38.6377 38.3523 0.799999
      vertex -38.5212 38.3156 0.799999
    endloop
  endfacet
  facet normal -0.461894 -0.886935 0
    outer loop
      vertex -38.4083 38.2688 0.799999
      vertex -38.3 38.2124 5
      vertex -38.4083 38.2688 5
    endloop
  endfacet
  facet normal -0.461894 -0.886935 -0
    outer loop
      vertex -38.3 38.2124 5
      vertex -38.4083 38.2688 0.799999
      vertex -38.3 38.2124 0.799999
    endloop
  endfacet
  facet normal 0.953793 -0.300465 0
    outer loop
      vertex -40.3523 37.3623 5
      vertex -40.3156 37.4788 0.799999
      vertex -40.3156 37.4788 5
    endloop
  endfacet
  facet normal 0.953793 -0.300465 0
    outer loop
      vertex -40.3156 37.4788 0.799999
      vertex -40.3523 37.3623 5
      vertex -40.3523 37.3623 0.799999
    endloop
  endfacet
  facet normal 0.843459 -0.537193 0
    outer loop
      vertex -40.2124 37.7 5
      vertex -40.1468 37.803 0.799999
      vertex -40.1468 37.803 5
    endloop
  endfacet
  facet normal 0.843459 -0.537193 0
    outer loop
      vertex -40.1468 37.803 0.799999
      vertex -40.2124 37.7 5
      vertex -40.2124 37.7 0.799999
    endloop
  endfacet
  facet normal 0.216237 -0.976341 0
    outer loop
      vertex -39.3623 38.3523 0.799999
      vertex -39.2431 38.3787 5
      vertex -39.3623 38.3523 5
    endloop
  endfacet
  facet normal 0.216237 -0.976341 0
    outer loop
      vertex -39.2431 38.3787 5
      vertex -39.3623 38.3523 0.799999
      vertex -39.2431 38.3787 0.799999
    endloop
  endfacet
  facet normal 0.675725 0.737154 -0
    outer loop
      vertex -39.8999 35.9275 0.799999
      vertex -39.9899 36.01 5
      vertex -39.8999 35.9275 5
    endloop
  endfacet
  facet normal 0.675725 0.737154 0
    outer loop
      vertex -39.9899 36.01 5
      vertex -39.8999 35.9275 0.799999
      vertex -39.9899 36.01 0.799999
    endloop
  endfacet
  facet normal 0.923777 0.38293 0
    outer loop
      vertex -40.2688 36.4083 5
      vertex -40.3156 36.5212 0.799999
      vertex -40.3156 36.5212 5
    endloop
  endfacet
  facet normal 0.923777 0.38293 0
    outer loop
      vertex -40.3156 36.5212 0.799999
      vertex -40.2688 36.4083 5
      vertex -40.2688 36.4083 0.799999
    endloop
  endfacet
  facet normal -0.976341 -0.216237 0
    outer loop
      vertex -37.6213 37.2431 0.799999
      vertex -37.6477 37.3623 5
      vertex -37.6477 37.3623 0.799999
    endloop
  endfacet
  facet normal -0.976341 -0.216237 0
    outer loop
      vertex -37.6477 37.3623 5
      vertex -37.6213 37.2431 0.799999
      vertex -37.6213 37.2431 5
    endloop
  endfacet
  facet normal -0.991384 -0.130984 0
    outer loop
      vertex -37.6053 37.122 0.799999
      vertex -37.6213 37.2431 5
      vertex -37.6213 37.2431 0.799999
    endloop
  endfacet
  facet normal -0.991384 -0.130984 0
    outer loop
      vertex -37.6213 37.2431 5
      vertex -37.6053 37.122 0.799999
      vertex -37.6053 37.122 5
    endloop
  endfacet
  facet normal -0.953793 -0.300465 0
    outer loop
      vertex -37.6477 37.3623 0.799999
      vertex -37.6844 37.4788 5
      vertex -37.6844 37.4788 0.799999
    endloop
  endfacet
  facet normal -0.953793 -0.300465 0
    outer loop
      vertex -37.6844 37.4788 5
      vertex -37.6477 37.3623 0.799999
      vertex -37.6477 37.3623 5
    endloop
  endfacet
  facet normal -0.793567 -0.608483 0
    outer loop
      vertex -37.8532 37.803 0.799999
      vertex -37.9275 37.8999 5
      vertex -37.9275 37.8999 0.799999
    endloop
  endfacet
  facet normal -0.793567 -0.608483 0
    outer loop
      vertex -37.9275 37.8999 5
      vertex -37.8532 37.803 0.799999
      vertex -37.8532 37.803 5
    endloop
  endfacet
  facet normal -0.737154 -0.675725 0
    outer loop
      vertex -37.9275 37.8999 0.799999
      vertex -38.01 37.9899 5
      vertex -38.01 37.9899 0.799999
    endloop
  endfacet
  facet normal -0.737154 -0.675725 0
    outer loop
      vertex -38.01 37.9899 5
      vertex -37.9275 37.8999 0.799999
      vertex -37.9275 37.8999 5
    endloop
  endfacet
  facet normal -0.886935 -0.461894 0
    outer loop
      vertex -37.7312 37.5917 0.799999
      vertex -37.7876 37.7 5
      vertex -37.7876 37.7 0.799999
    endloop
  endfacet
  facet normal -0.886935 -0.461894 0
    outer loop
      vertex -37.7876 37.7 5
      vertex -37.7312 37.5917 0.799999
      vertex -37.7312 37.5917 5
    endloop
  endfacet
  facet normal -0.130984 -0.991384 0
    outer loop
      vertex -38.878 38.3947 0.799999
      vertex -38.7569 38.3787 5
      vertex -38.878 38.3947 5
    endloop
  endfacet
  facet normal -0.130984 -0.991384 -0
    outer loop
      vertex -38.7569 38.3787 5
      vertex -38.878 38.3947 0.799999
      vertex -38.7569 38.3787 0.799999
    endloop
  endfacet
  facet normal -0.216237 -0.976341 0
    outer loop
      vertex -38.7569 38.3787 0.799999
      vertex -38.6377 38.3523 5
      vertex -38.7569 38.3787 5
    endloop
  endfacet
  facet normal -0.216237 -0.976341 -0
    outer loop
      vertex -38.6377 38.3523 5
      vertex -38.7569 38.3787 0.799999
      vertex -38.6377 38.3523 0.799999
    endloop
  endfacet
  facet normal -0.0434017 -0.999058 0
    outer loop
      vertex -39 38.4 0.799999
      vertex -38.878 38.3947 5
      vertex -39 38.4 5
    endloop
  endfacet
  facet normal -0.0434017 -0.999058 -0
    outer loop
      vertex -38.878 38.3947 5
      vertex -39 38.4 0.799999
      vertex -38.878 38.3947 0.799999
    endloop
  endfacet
  facet normal -0.38293 -0.923777 0
    outer loop
      vertex -38.5212 38.3156 0.799999
      vertex -38.4083 38.2688 5
      vertex -38.5212 38.3156 5
    endloop
  endfacet
  facet normal -0.38293 -0.923777 -0
    outer loop
      vertex -38.4083 38.2688 5
      vertex -38.5212 38.3156 0.799999
      vertex -38.4083 38.2688 0.799999
    endloop
  endfacet
  facet normal -0.608483 -0.793567 0
    outer loop
      vertex -38.197 38.1468 0.799999
      vertex -38.1001 38.0725 5
      vertex -38.197 38.1468 5
    endloop
  endfacet
  facet normal -0.608483 -0.793567 -0
    outer loop
      vertex -38.1001 38.0725 5
      vertex -38.197 38.1468 0.799999
      vertex -38.1001 38.0725 0.799999
    endloop
  endfacet
  facet normal 0.991384 -0.130984 0
    outer loop
      vertex -40.3947 37.122 5
      vertex -40.3787 37.2431 0.799999
      vertex -40.3787 37.2431 5
    endloop
  endfacet
  facet normal 0.991384 -0.130984 0
    outer loop
      vertex -40.3787 37.2431 0.799999
      vertex -40.3947 37.122 5
      vertex -40.3947 37.122 0.799999
    endloop
  endfacet
  facet normal 0 0 1
    outer loop
      vertex -37.6053 37.122 0.799999
      vertex -37.6053 36.878 0.799999
      vertex -37.6 37 0.799999
    endloop
  endfacet
  facet normal 0 0 1
    outer loop
      vertex -37.6213 37.2431 0.799999
      vertex -37.6053 36.878 0.799999
      vertex -37.6053 37.122 0.799999
    endloop
  endfacet
  facet normal 0 0 1
    outer loop
      vertex -37.6213 37.2431 0.799999
      vertex -37.6213 36.7569 0.799999
      vertex -37.6053 36.878 0.799999
    endloop
  endfacet
  facet normal 0 0 1
    outer loop
      vertex -37.6477 37.3623 0.799999
      vertex -37.6213 36.7569 0.799999
      vertex -37.6213 37.2431 0.799999
    endloop
  endfacet
  facet normal 0 0 1
    outer loop
      vertex -37.6477 37.3623 0.799999
      vertex -37.6477 36.6377 0.799999
      vertex -37.6213 36.7569 0.799999
    endloop
  endfacet
  facet normal 0 0 1
    outer loop
      vertex -37.6844 37.4788 0.799999
      vertex -37.6477 36.6377 0.799999
      vertex -37.6477 37.3623 0.799999
    endloop
  endfacet
  facet normal 0 0 1
    outer loop
      vertex -37.6844 37.4788 0.799999
      vertex -37.6844 36.5212 0.799999
      vertex -37.6477 36.6377 0.799999
    endloop
  endfacet
  facet normal 0 0 1
    outer loop
      vertex -37.7312 37.5917 0.799999
      vertex -37.6844 36.5212 0.799999
      vertex -37.6844 37.4788 0.799999
    endloop
  endfacet
  facet normal 0 0 1
    outer loop
      vertex -37.7312 37.5917 0.799999
      vertex -37.7312 36.4083 0.799999
      vertex -37.6844 36.5212 0.799999
    endloop
  endfacet
  facet normal 0 0 1
    outer loop
      vertex -37.7876 37.7 0.799999
      vertex -37.7312 36.4083 0.799999
      vertex -37.7312 37.5917 0.799999
    endloop
  endfacet
  facet normal 0 0 1
    outer loop
      vertex -37.7876 37.7 0.799999
      vertex -37.7876 36.3 0.799999
      vertex -37.7312 36.4083 0.799999
    endloop
  endfacet
  facet normal 0 0 1
    outer loop
      vertex -37.8532 37.803 0.799999
      vertex -37.7876 36.3 0.799999
      vertex -37.7876 37.7 0.799999
    endloop
  endfacet
  facet normal 0 0 1
    outer loop
      vertex -37.8532 37.803 0.799999
      vertex -37.8532 36.197 0.799999
      vertex -37.7876 36.3 0.799999
    endloop
  endfacet
  facet normal 0 0 1
    outer loop
      vertex -37.9275 37.8999 0.799999
      vertex -37.8532 36.197 0.799999
      vertex -37.8532 37.803 0.799999
    endloop
  endfacet
  facet normal 0 0 1
    outer loop
      vertex -37.9275 37.8999 0.799999
      vertex -37.9275 36.1001 0.799999
      vertex -37.8532 36.197 0.799999
    endloop
  endfacet
  facet normal 0 0 1
    outer loop
      vertex -38.01 37.9899 0.799999
      vertex -37.9275 36.1001 0.799999
      vertex -37.9275 37.8999 0.799999
    endloop
  endfacet
  facet normal 0 0 1
    outer loop
      vertex -38.01 37.9899 0.799999
      vertex -38.01 36.01 0.799999
      vertex -37.9275 36.1001 0.799999
    endloop
  endfacet
  facet normal 0 0 1
    outer loop
      vertex -38.1001 38.0725 0.799999
      vertex -38.01 36.01 0.799999
      vertex -38.01 37.9899 0.799999
    endloop
  endfacet
  facet normal 0 0 1
    outer loop
      vertex -38.1001 38.0725 0.799999
      vertex -38.1001 35.9275 0.799999
      vertex -38.01 36.01 0.799999
    endloop
  endfacet
  facet normal 0 0 1
    outer loop
      vertex -38.197 38.1468 0.799999
      vertex -38.1001 35.9275 0.799999
      vertex -38.1001 38.0725 0.799999
    endloop
  endfacet
  facet normal 0 0 1
    outer loop
      vertex -38.197 38.1468 0.799999
      vertex -38.197 35.8532 0.799999
      vertex -38.1001 35.9275 0.799999
    endloop
  endfacet
  facet normal 0 0 1
    outer loop
      vertex -38.3 38.2124 0.799999
      vertex -38.197 35.8532 0.799999
      vertex -38.197 38.1468 0.799999
    endloop
  endfacet
  facet normal 0 0 1
    outer loop
      vertex -38.3 38.2124 0.799999
      vertex -38.3 35.7876 0.799999
      vertex -38.197 35.8532 0.799999
    endloop
  endfacet
  facet normal 0 0 1
    outer loop
      vertex -38.4083 38.2688 0.799999
      vertex -38.3 35.7876 0.799999
      vertex -38.3 38.2124 0.799999
    endloop
  endfacet
  facet normal 0 0 1
    outer loop
      vertex -38.4083 38.2688 0.799999
      vertex -38.4083 35.7312 0.799999
      vertex -38.3 35.7876 0.799999
    endloop
  endfacet
  facet normal 0 0 1
    outer loop
      vertex -38.5212 38.3156 0.799999
      vertex -38.4083 35.7312 0.799999
      vertex -38.4083 38.2688 0.799999
    endloop
  endfacet
  facet normal 0 0 1
    outer loop
      vertex -38.5212 38.3156 0.799999
      vertex -38.5212 35.6844 0.799999
      vertex -38.4083 35.7312 0.799999
    endloop
  endfacet
  facet normal 0 0 1
    outer loop
      vertex -38.6377 38.3523 0.799999
      vertex -38.5212 35.6844 0.799999
      vertex -38.5212 38.3156 0.799999
    endloop
  endfacet
  facet normal 0 0 1
    outer loop
      vertex -38.6377 38.3523 0.799999
      vertex -38.6377 35.6477 0.799999
      vertex -38.5212 35.6844 0.799999
    endloop
  endfacet
  facet normal 0 0 1
    outer loop
      vertex -38.7569 38.3787 0.799999
      vertex -38.6377 35.6477 0.799999
      vertex -38.6377 38.3523 0.799999
    endloop
  endfacet
  facet normal 0 0 1
    outer loop
      vertex -38.7569 38.3787 0.799999
      vertex -38.7569 35.6213 0.799999
      vertex -38.6377 35.6477 0.799999
    endloop
  endfacet
  facet normal 0 0 1
    outer loop
      vertex -38.878 38.3947 0.799999
      vertex -38.7569 35.6213 0.799999
      vertex -38.7569 38.3787 0.799999
    endloop
  endfacet
  facet normal 0 0 1
    outer loop
      vertex -38.878 38.3947 0.799999
      vertex -38.878 35.6053 0.799999
      vertex -38.7569 35.6213 0.799999
    endloop
  endfacet
  facet normal 0 0 1
    outer loop
      vertex -39 38.4 0.799999
      vertex -38.878 35.6053 0.799999
      vertex -38.878 38.3947 0.799999
    endloop
  endfacet
  facet normal 0 0 1
    outer loop
      vertex -39 38.4 0.799999
      vertex -39 35.6 0.799999
      vertex -38.878 35.6053 0.799999
    endloop
  endfacet
  facet normal -0 0 1
    outer loop
      vertex -39.122 38.3947 0.799999
      vertex -39 35.6 0.799999
      vertex -39 38.4 0.799999
    endloop
  endfacet
  facet normal 0 0 1
    outer loop
      vertex -39.122 38.3947 0.799999
      vertex -39.122 35.6053 0.799999
      vertex -39 35.6 0.799999
    endloop
  endfacet
  facet normal -0 0 1
    outer loop
      vertex -39.2431 38.3787 0.799999
      vertex -39.122 35.6053 0.799999
      vertex -39.122 38.3947 0.799999
    endloop
  endfacet
  facet normal 0 0 1
    outer loop
      vertex -39.2431 38.3787 0.799999
      vertex -39.2431 35.6213 0.799999
      vertex -39.122 35.6053 0.799999
    endloop
  endfacet
  facet normal -0 0 1
    outer loop
      vertex -39.3623 38.3523 0.799999
      vertex -39.2431 35.6213 0.799999
      vertex -39.2431 38.3787 0.799999
    endloop
  endfacet
  facet normal 0 0 1
    outer loop
      vertex -39.3623 38.3523 0.799999
      vertex -39.3623 35.6477 0.799999
      vertex -39.2431 35.6213 0.799999
    endloop
  endfacet
  facet normal -0 0 1
    outer loop
      vertex -39.4788 38.3156 0.799999
      vertex -39.3623 35.6477 0.799999
      vertex -39.3623 38.3523 0.799999
    endloop
  endfacet
  facet normal 0 0 1
    outer loop
      vertex -39.4788 38.3156 0.799999
      vertex -39.4788 35.6844 0.799999
      vertex -39.3623 35.6477 0.799999
    endloop
  endfacet
  facet normal -0 0 1
    outer loop
      vertex -39.5917 38.2688 0.799999
      vertex -39.4788 35.6844 0.799999
      vertex -39.4788 38.3156 0.799999
    endloop
  endfacet
  facet normal 0 0 1
    outer loop
      vertex -39.5917 38.2688 0.799999
      vertex -39.5917 35.7312 0.799999
      vertex -39.4788 35.6844 0.799999
    endloop
  endfacet
  facet normal -0 0 1
    outer loop
      vertex -39.7 38.2124 0.799999
      vertex -39.5917 35.7312 0.799999
      vertex -39.5917 38.2688 0.799999
    endloop
  endfacet
  facet normal 0 0 1
    outer loop
      vertex -39.7 38.2124 0.799999
      vertex -39.7 35.7876 0.799999
      vertex -39.5917 35.7312 0.799999
    endloop
  endfacet
  facet normal -0 0 1
    outer loop
      vertex -39.803 38.1468 0.799999
      vertex -39.7 35.7876 0.799999
      vertex -39.7 38.2124 0.799999
    endloop
  endfacet
  facet normal 0 0 1
    outer loop
      vertex -39.803 38.1468 0.799999
      vertex -39.803 35.8532 0.799999
      vertex -39.7 35.7876 0.799999
    endloop
  endfacet
  facet normal -0 0 1
    outer loop
      vertex -39.8999 38.0725 0.799999
      vertex -39.803 35.8532 0.799999
      vertex -39.803 38.1468 0.799999
    endloop
  endfacet
  facet normal 0 0 1
    outer loop
      vertex -39.8999 38.0725 0.799999
      vertex -39.8999 35.9275 0.799999
      vertex -39.803 35.8532 0.799999
    endloop
  endfacet
  facet normal -0 0 1
    outer loop
      vertex -39.9899 37.9899 0.799999
      vertex -39.8999 35.9275 0.799999
      vertex -39.8999 38.0725 0.799999
    endloop
  endfacet
  facet normal 0 0 1
    outer loop
      vertex -39.9899 37.9899 0.799999
      vertex -39.9899 36.01 0.799999
      vertex -39.8999 35.9275 0.799999
    endloop
  endfacet
  facet normal -0 0 1
    outer loop
      vertex -40.0725 37.8999 0.799999
      vertex -39.9899 36.01 0.799999
      vertex -39.9899 37.9899 0.799999
    endloop
  endfacet
  facet normal 0 0 1
    outer loop
      vertex -40.0725 37.8999 0.799999
      vertex -40.0725 36.1001 0.799999
      vertex -39.9899 36.01 0.799999
    endloop
  endfacet
  facet normal -0 0 1
    outer loop
      vertex -40.1468 37.803 0.799999
      vertex -40.0725 36.1001 0.799999
      vertex -40.0725 37.8999 0.799999
    endloop
  endfacet
  facet normal 0 0 1
    outer loop
      vertex -40.1468 37.803 0.799999
      vertex -40.1468 36.197 0.799999
      vertex -40.0725 36.1001 0.799999
    endloop
  endfacet
  facet normal -0 0 1
    outer loop
      vertex -40.2124 37.7 0.799999
      vertex -40.1468 36.197 0.799999
      vertex -40.1468 37.803 0.799999
    endloop
  endfacet
  facet normal 0 0 1
    outer loop
      vertex -40.2124 37.7 0.799999
      vertex -40.2124 36.3 0.799999
      vertex -40.1468 36.197 0.799999
    endloop
  endfacet
  facet normal -0 0 1
    outer loop
      vertex -40.2688 37.5917 0.799999
      vertex -40.2124 36.3 0.799999
      vertex -40.2124 37.7 0.799999
    endloop
  endfacet
  facet normal 0 0 1
    outer loop
      vertex -40.2688 37.5917 0.799999
      vertex -40.2688 36.4083 0.799999
      vertex -40.2124 36.3 0.799999
    endloop
  endfacet
  facet normal -0 0 1
    outer loop
      vertex -40.3156 37.4788 0.799999
      vertex -40.2688 36.4083 0.799999
      vertex -40.2688 37.5917 0.799999
    endloop
  endfacet
  facet normal 0 0 1
    outer loop
      vertex -40.3156 37.4788 0.799999
      vertex -40.3156 36.5212 0.799999
      vertex -40.2688 36.4083 0.799999
    endloop
  endfacet
  facet normal -0 0 1
    outer loop
      vertex -40.3523 37.3623 0.799999
      vertex -40.3156 36.5212 0.799999
      vertex -40.3156 37.4788 0.799999
    endloop
  endfacet
  facet normal 0 0 1
    outer loop
      vertex -40.3523 37.3623 0.799999
      vertex -40.3523 36.6377 0.799999
      vertex -40.3156 36.5212 0.799999
    endloop
  endfacet
  facet normal -0 0 1
    outer loop
      vertex -40.3787 37.2431 0.799999
      vertex -40.3523 36.6377 0.799999
      vertex -40.3523 37.3623 0.799999
    endloop
  endfacet
  facet normal 0 0 1
    outer loop
      vertex -40.3787 37.2431 0.799999
      vertex -40.3787 36.7569 0.799999
      vertex -40.3523 36.6377 0.799999
    endloop
  endfacet
  facet normal -0 0 1
    outer loop
      vertex -40.3947 37.122 0.799999
      vertex -40.3787 36.7569 0.799999
      vertex -40.3787 37.2431 0.799999
    endloop
  endfacet
  facet normal 0 0 1
    outer loop
      vertex -40.3947 37.122 0.799999
      vertex -40.3947 36.878 0.799999
      vertex -40.3787 36.7569 0.799999
    endloop
  endfacet
  facet normal 0 -0 1
    outer loop
      vertex -40.3947 36.878 0.799999
      vertex -40.3947 37.122 0.799999
      vertex -40.4 37 0.799999
    endloop
  endfacet
  facet normal 0.886935 -0.461894 0
    outer loop
      vertex -40.2688 37.5917 5
      vertex -40.2124 37.7 0.799999
      vertex -40.2124 37.7 5
    endloop
  endfacet
  facet normal 0.886935 -0.461894 0
    outer loop
      vertex -40.2124 37.7 0.799999
      vertex -40.2688 37.5917 5
      vertex -40.2688 37.5917 0.799999
    endloop
  endfacet
  facet normal 0.923777 -0.38293 0
    outer loop
      vertex -40.3156 37.4788 5
      vertex -40.2688 37.5917 0.799999
      vertex -40.2688 37.5917 5
    endloop
  endfacet
  facet normal 0.923777 -0.38293 0
    outer loop
      vertex -40.2688 37.5917 0.799999
      vertex -40.3156 37.4788 5
      vertex -40.3156 37.4788 0.799999
    endloop
  endfacet
  facet normal 0.976341 -0.216237 0
    outer loop
      vertex -40.3787 37.2431 5
      vertex -40.3523 37.3623 0.799999
      vertex -40.3523 37.3623 5
    endloop
  endfacet
  facet normal 0.976341 -0.216237 0
    outer loop
      vertex -40.3523 37.3623 0.799999
      vertex -40.3787 37.2431 5
      vertex -40.3787 37.2431 0.799999
    endloop
  endfacet
  facet normal 0.999058 -0.0434017 0
    outer loop
      vertex -40.4 37 5
      vertex -40.3947 37.122 0.799999
      vertex -40.3947 37.122 5
    endloop
  endfacet
  facet normal 0.999058 -0.0434017 0
    outer loop
      vertex -40.3947 37.122 0.799999
      vertex -40.4 37 5
      vertex -40.4 37 0.799999
    endloop
  endfacet
  facet normal 0.537193 -0.843459 0
    outer loop
      vertex -39.803 38.1468 0.799999
      vertex -39.7 38.2124 5
      vertex -39.803 38.1468 5
    endloop
  endfacet
  facet normal 0.537193 -0.843459 0
    outer loop
      vertex -39.7 38.2124 5
      vertex -39.803 38.1468 0.799999
      vertex -39.7 38.2124 0.799999
    endloop
  endfacet
  facet normal 0.461894 -0.886935 0
    outer loop
      vertex -39.7 38.2124 0.799999
      vertex -39.5917 38.2688 5
      vertex -39.7 38.2124 5
    endloop
  endfacet
  facet normal 0.461894 -0.886935 0
    outer loop
      vertex -39.5917 38.2688 5
      vertex -39.7 38.2124 0.799999
      vertex -39.5917 38.2688 0.799999
    endloop
  endfacet
  facet normal 0.676169 -0.736746 0
    outer loop
      vertex -39.9899 37.9899 0.799999
      vertex -39.8999 38.0725 5
      vertex -39.9899 37.9899 5
    endloop
  endfacet
  facet normal 0.676169 -0.736746 0
    outer loop
      vertex -39.8999 38.0725 5
      vertex -39.9899 37.9899 0.799999
      vertex -39.8999 38.0725 0.799999
    endloop
  endfacet
  facet normal 0.300465 -0.953793 0
    outer loop
      vertex -39.4788 38.3156 0.799999
      vertex -39.3623 38.3523 5
      vertex -39.4788 38.3156 5
    endloop
  endfacet
  facet normal 0.300465 -0.953793 0
    outer loop
      vertex -39.3623 38.3523 5
      vertex -39.4788 38.3156 0.799999
      vertex -39.3623 38.3523 0.799999
    endloop
  endfacet
  facet normal 0.130984 -0.991384 0
    outer loop
      vertex -39.2431 38.3787 0.799999
      vertex -39.122 38.3947 5
      vertex -39.2431 38.3787 5
    endloop
  endfacet
  facet normal 0.130984 -0.991384 0
    outer loop
      vertex -39.122 38.3947 5
      vertex -39.2431 38.3787 0.799999
      vertex -39.122 38.3947 0.799999
    endloop
  endfacet
  facet normal -0.999058 0.0434017 0
    outer loop
      vertex -37.6053 36.878 0.799999
      vertex -37.6 37 5
      vertex -37.6 37 0.799999
    endloop
  endfacet
  facet normal -0.999058 0.0434017 0
    outer loop
      vertex -37.6 37 5
      vertex -37.6053 36.878 0.799999
      vertex -37.6053 36.878 5
    endloop
  endfacet
  facet normal -0.130984 0.991384 0
    outer loop
      vertex -38.7569 35.6213 0.799999
      vertex -38.878 35.6053 5
      vertex -38.7569 35.6213 5
    endloop
  endfacet
  facet normal -0.130984 0.991384 0
    outer loop
      vertex -38.878 35.6053 5
      vertex -38.7569 35.6213 0.799999
      vertex -38.878 35.6053 0.799999
    endloop
  endfacet
  facet normal -0.300465 0.953793 0
    outer loop
      vertex -38.5212 35.6844 0.799999
      vertex -38.6377 35.6477 5
      vertex -38.5212 35.6844 5
    endloop
  endfacet
  facet normal -0.300465 0.953793 0
    outer loop
      vertex -38.6377 35.6477 5
      vertex -38.5212 35.6844 0.799999
      vertex -38.6377 35.6477 0.799999
    endloop
  endfacet
  facet normal -0.675317 0.737528 0
    outer loop
      vertex -38.01 36.01 0.799999
      vertex -38.1001 35.9275 5
      vertex -38.01 36.01 5
    endloop
  endfacet
  facet normal -0.675317 0.737528 0
    outer loop
      vertex -38.1001 35.9275 5
      vertex -38.01 36.01 0.799999
      vertex -38.1001 35.9275 0.799999
    endloop
  endfacet
  facet normal -0.608483 0.793567 0
    outer loop
      vertex -38.1001 35.9275 0.799999
      vertex -38.197 35.8532 5
      vertex -38.1001 35.9275 5
    endloop
  endfacet
  facet normal -0.608483 0.793567 0
    outer loop
      vertex -38.197 35.8532 5
      vertex -38.1001 35.9275 0.799999
      vertex -38.197 35.8532 0.799999
    endloop
  endfacet
  facet normal -0.461894 0.886935 0
    outer loop
      vertex -38.3 35.7876 0.799999
      vertex -38.4083 35.7312 5
      vertex -38.3 35.7876 5
    endloop
  endfacet
  facet normal -0.461894 0.886935 0
    outer loop
      vertex -38.4083 35.7312 5
      vertex -38.3 35.7876 0.799999
      vertex -38.4083 35.7312 0.799999
    endloop
  endfacet
  facet normal -0.923777 0.38293 0
    outer loop
      vertex -37.7312 36.4083 0.799999
      vertex -37.6844 36.5212 5
      vertex -37.6844 36.5212 0.799999
    endloop
  endfacet
  facet normal -0.923777 0.38293 0
    outer loop
      vertex -37.6844 36.5212 5
      vertex -37.7312 36.4083 0.799999
      vertex -37.7312 36.4083 5
    endloop
  endfacet
  facet normal -0.976341 0.216237 0
    outer loop
      vertex -37.6477 36.6377 0.799999
      vertex -37.6213 36.7569 5
      vertex -37.6213 36.7569 0.799999
    endloop
  endfacet
  facet normal -0.976341 0.216237 0
    outer loop
      vertex -37.6213 36.7569 5
      vertex -37.6477 36.6377 0.799999
      vertex -37.6477 36.6377 5
    endloop
  endfacet
  facet normal 0.38293 0.923777 -0
    outer loop
      vertex -39.4788 35.6844 0.799999
      vertex -39.5917 35.7312 5
      vertex -39.4788 35.6844 5
    endloop
  endfacet
  facet normal 0.38293 0.923777 0
    outer loop
      vertex -39.5917 35.7312 5
      vertex -39.4788 35.6844 0.799999
      vertex -39.5917 35.7312 0.799999
    endloop
  endfacet
  facet normal 0.216237 0.976341 -0
    outer loop
      vertex -39.2431 35.6213 0.799999
      vertex -39.3623 35.6477 5
      vertex -39.2431 35.6213 5
    endloop
  endfacet
  facet normal 0.216237 0.976341 0
    outer loop
      vertex -39.3623 35.6477 5
      vertex -39.2431 35.6213 0.799999
      vertex -39.3623 35.6477 0.799999
    endloop
  endfacet
  facet normal 0.0434017 0.999058 -0
    outer loop
      vertex -39 35.6 0.799999
      vertex -39.122 35.6053 5
      vertex -39 35.6 5
    endloop
  endfacet
  facet normal 0.0434017 0.999058 0
    outer loop
      vertex -39.122 35.6053 5
      vertex -39 35.6 0.799999
      vertex -39.122 35.6053 0.799999
    endloop
  endfacet
  facet normal 0.793567 0.608483 0
    outer loop
      vertex -40.0725 36.1001 5
      vertex -40.1468 36.197 0.799999
      vertex -40.1468 36.197 5
    endloop
  endfacet
  facet normal 0.793567 0.608483 0
    outer loop
      vertex -40.1468 36.197 0.799999
      vertex -40.0725 36.1001 5
      vertex -40.0725 36.1001 0.799999
    endloop
  endfacet
  facet normal 0.886935 0.461894 0
    outer loop
      vertex -40.2124 36.3 5
      vertex -40.2688 36.4083 0.799999
      vertex -40.2688 36.4083 5
    endloop
  endfacet
  facet normal 0.886935 0.461894 0
    outer loop
      vertex -40.2688 36.4083 0.799999
      vertex -40.2124 36.3 5
      vertex -40.2124 36.3 0.799999
    endloop
  endfacet
  facet normal 0.73712 0.675762 0
    outer loop
      vertex -39.9899 36.01 5
      vertex -40.0725 36.1001 0.799999
      vertex -40.0725 36.1001 5
    endloop
  endfacet
  facet normal 0.73712 0.675762 0
    outer loop
      vertex -40.0725 36.1001 0.799999
      vertex -39.9899 36.01 5
      vertex -39.9899 36.01 0.799999
    endloop
  endfacet
  facet normal 0.991384 0.130984 0
    outer loop
      vertex -40.3787 36.7569 5
      vertex -40.3947 36.878 0.799999
      vertex -40.3947 36.878 5
    endloop
  endfacet
  facet normal 0.991384 0.130984 0
    outer loop
      vertex -40.3947 36.878 0.799999
      vertex -40.3787 36.7569 5
      vertex -40.3787 36.7569 0.799999
    endloop
  endfacet
  facet normal 0.953793 0.300465 0
    outer loop
      vertex -40.3156 36.5212 5
      vertex -40.3523 36.6377 0.799999
      vertex -40.3523 36.6377 5
    endloop
  endfacet
  facet normal 0.953793 0.300465 0
    outer loop
      vertex -40.3523 36.6377 0.799999
      vertex -40.3156 36.5212 5
      vertex -40.3156 36.5212 0.799999
    endloop
  endfacet
  facet normal 0.976341 0.216237 0
    outer loop
      vertex -40.3523 36.6377 5
      vertex -40.3787 36.7569 0.799999
      vertex -40.3787 36.7569 5
    endloop
  endfacet
  facet normal 0.976341 0.216237 0
    outer loop
      vertex -40.3787 36.7569 0.799999
      vertex -40.3523 36.6377 5
      vertex -40.3523 36.6377 0.799999
    endloop
  endfacet
  facet normal -0.537193 -0.843459 0
    outer loop
      vertex -38.3 38.2124 0.799999
      vertex -38.197 38.1468 5
      vertex -38.3 38.2124 5
    endloop
  endfacet
  facet normal -0.537193 -0.843459 -0
    outer loop
      vertex -38.197 38.1468 5
      vertex -38.3 38.2124 0.799999
      vertex -38.197 38.1468 0.799999
    endloop
  endfacet
  facet normal 0.793567 -0.608483 0
    outer loop
      vertex -40.1468 37.803 5
      vertex -40.0725 37.8999 0.799999
      vertex -40.0725 37.8999 5
    endloop
  endfacet
  facet normal 0.793567 -0.608483 0
    outer loop
      vertex -40.0725 37.8999 0.799999
      vertex -40.1468 37.803 5
      vertex -40.1468 37.803 0.799999
    endloop
  endfacet
  facet normal 0.999058 0.0434017 0
    outer loop
      vertex -40.3947 36.878 5
      vertex -40.4 37 0.799999
      vertex -40.4 37 5
    endloop
  endfacet
  facet normal 0.999058 0.0434017 0
    outer loop
      vertex -40.4 37 0.799999
      vertex -40.3947 36.878 5
      vertex -40.3947 36.878 0.799999
    endloop
  endfacet
  facet normal 0.608483 -0.793567 0
    outer loop
      vertex -39.8999 38.0725 0.799999
      vertex -39.803 38.1468 5
      vertex -39.8999 38.0725 5
    endloop
  endfacet
  facet normal 0.608483 -0.793567 0
    outer loop
      vertex -39.803 38.1468 5
      vertex -39.8999 38.0725 0.799999
      vertex -39.803 38.1468 0.799999
    endloop
  endfacet
  facet normal -0.216237 0.976341 0
    outer loop
      vertex -38.6377 35.6477 0.799999
      vertex -38.7569 35.6213 5
      vertex -38.6377 35.6477 5
    endloop
  endfacet
  facet normal -0.216237 0.976341 0
    outer loop
      vertex -38.7569 35.6213 5
      vertex -38.6377 35.6477 0.799999
      vertex -38.7569 35.6213 0.799999
    endloop
  endfacet
  facet normal -0.38293 0.923777 0
    outer loop
      vertex -38.4083 35.7312 0.799999
      vertex -38.5212 35.6844 5
      vertex -38.4083 35.7312 5
    endloop
  endfacet
  facet normal -0.38293 0.923777 0
    outer loop
      vertex -38.5212 35.6844 5
      vertex -38.4083 35.7312 0.799999
      vertex -38.5212 35.6844 0.799999
    endloop
  endfacet
  facet normal -0.737528 0.675317 0
    outer loop
      vertex -38.01 36.01 0.799999
      vertex -37.9275 36.1001 5
      vertex -37.9275 36.1001 0.799999
    endloop
  endfacet
  facet normal -0.737528 0.675317 0
    outer loop
      vertex -37.9275 36.1001 5
      vertex -38.01 36.01 0.799999
      vertex -38.01 36.01 5
    endloop
  endfacet
  facet normal -0.537193 0.843459 0
    outer loop
      vertex -38.197 35.8532 0.799999
      vertex -38.3 35.7876 5
      vertex -38.197 35.8532 5
    endloop
  endfacet
  facet normal -0.537193 0.843459 0
    outer loop
      vertex -38.3 35.7876 5
      vertex -38.197 35.8532 0.799999
      vertex -38.3 35.7876 0.799999
    endloop
  endfacet
  facet normal -0.886935 0.461894 0
    outer loop
      vertex -37.7876 36.3 0.799999
      vertex -37.7312 36.4083 5
      vertex -37.7312 36.4083 0.799999
    endloop
  endfacet
  facet normal -0.886935 0.461894 0
    outer loop
      vertex -37.7312 36.4083 5
      vertex -37.7876 36.3 0.799999
      vertex -37.7876 36.3 5
    endloop
  endfacet
  facet normal -0.793567 0.608483 0
    outer loop
      vertex -37.9275 36.1001 0.799999
      vertex -37.8532 36.197 5
      vertex -37.8532 36.197 0.799999
    endloop
  endfacet
  facet normal -0.793567 0.608483 0
    outer loop
      vertex -37.8532 36.197 5
      vertex -37.9275 36.1001 0.799999
      vertex -37.9275 36.1001 5
    endloop
  endfacet
  facet normal -0.843459 0.537193 0
    outer loop
      vertex -37.8532 36.197 0.799999
      vertex -37.7876 36.3 5
      vertex -37.7876 36.3 0.799999
    endloop
  endfacet
  facet normal -0.843459 0.537193 0
    outer loop
      vertex -37.7876 36.3 5
      vertex -37.8532 36.197 0.799999
      vertex -37.8532 36.197 5
    endloop
  endfacet
  facet normal -0.953793 0.300465 0
    outer loop
      vertex -37.6844 36.5212 0.799999
      vertex -37.6477 36.6377 5
      vertex -37.6477 36.6377 0.799999
    endloop
  endfacet
  facet normal -0.953793 0.300465 0
    outer loop
      vertex -37.6477 36.6377 5
      vertex -37.6844 36.5212 0.799999
      vertex -37.6844 36.5212 5
    endloop
  endfacet
  facet normal -0.991384 0.130984 0
    outer loop
      vertex -37.6213 36.7569 0.799999
      vertex -37.6053 36.878 5
      vertex -37.6053 36.878 0.799999
    endloop
  endfacet
  facet normal -0.991384 0.130984 0
    outer loop
      vertex -37.6053 36.878 5
      vertex -37.6213 36.7569 0.799999
      vertex -37.6213 36.7569 5
    endloop
  endfacet
  facet normal 0.461894 0.886935 -0
    outer loop
      vertex -39.5917 35.7312 0.799999
      vertex -39.7 35.7876 5
      vertex -39.5917 35.7312 5
    endloop
  endfacet
  facet normal 0.461894 0.886935 0
    outer loop
      vertex -39.7 35.7876 5
      vertex -39.5917 35.7312 0.799999
      vertex -39.7 35.7876 0.799999
    endloop
  endfacet
  facet normal 0.608483 0.793567 -0
    outer loop
      vertex -39.803 35.8532 0.799999
      vertex -39.8999 35.9275 5
      vertex -39.803 35.8532 5
    endloop
  endfacet
  facet normal 0.608483 0.793567 0
    outer loop
      vertex -39.8999 35.9275 5
      vertex -39.803 35.8532 0.799999
      vertex -39.8999 35.9275 0.799999
    endloop
  endfacet
  facet normal 0.537193 0.843459 -0
    outer loop
      vertex -39.7 35.7876 0.799999
      vertex -39.803 35.8532 5
      vertex -39.7 35.7876 5
    endloop
  endfacet
  facet normal 0.537193 0.843459 0
    outer loop
      vertex -39.803 35.8532 5
      vertex -39.7 35.7876 0.799999
      vertex -39.803 35.8532 0.799999
    endloop
  endfacet
  facet normal 0.300465 0.953793 -0
    outer loop
      vertex -39.3623 35.6477 0.799999
      vertex -39.4788 35.6844 5
      vertex -39.3623 35.6477 5
    endloop
  endfacet
  facet normal 0.300465 0.953793 0
    outer loop
      vertex -39.4788 35.6844 5
      vertex -39.3623 35.6477 0.799999
      vertex -39.4788 35.6844 0.799999
    endloop
  endfacet
  facet normal 0.130984 0.991384 -0
    outer loop
      vertex -39.122 35.6053 0.799999
      vertex -39.2431 35.6213 5
      vertex -39.122 35.6053 5
    endloop
  endfacet
  facet normal 0.130984 0.991384 0
    outer loop
      vertex -39.2431 35.6213 5
      vertex -39.122 35.6053 0.799999
      vertex -39.2431 35.6213 0.799999
    endloop
  endfacet
  facet normal -0.0434017 0.999058 0
    outer loop
      vertex -38.878 35.6053 0.799999
      vertex -39 35.6 5
      vertex -38.878 35.6053 5
    endloop
  endfacet
  facet normal -0.0434017 0.999058 0
    outer loop
      vertex -39 35.6 5
      vertex -38.878 35.6053 0.799999
      vertex -39 35.6 0.799999
    endloop
  endfacet
  facet normal 0.843459 0.537193 0
    outer loop
      vertex -40.1468 36.197 5
      vertex -40.2124 36.3 0.799999
      vertex -40.2124 36.3 5
    endloop
  endfacet
  facet normal 0.843459 0.537193 0
    outer loop
      vertex -40.2124 36.3 0.799999
      vertex -40.1468 36.197 5
      vertex -40.1468 36.197 0.799999
    endloop
  endfacet
  facet normal -0.843459 -0.537193 0
    outer loop
      vertex -37.7876 37.7 0.799999
      vertex -37.8532 37.803 5
      vertex -37.8532 37.803 0.799999
    endloop
  endfacet
  facet normal -0.843459 -0.537193 0
    outer loop
      vertex -37.8532 37.803 5
      vertex -37.7876 37.7 0.799999
      vertex -37.7876 37.7 5
    endloop
  endfacet
  facet normal -0.608483 -0.793567 0
    outer loop
      vertex 39.803 38.1468 0.799999
      vertex 39.8999 38.0725 5
      vertex 39.803 38.1468 5
    endloop
  endfacet
  facet normal -0.608483 -0.793567 -0
    outer loop
      vertex 39.8999 38.0725 5
      vertex 39.803 38.1468 0.799999
      vertex 39.8999 38.0725 0.799999
    endloop
  endfacet
  facet normal -0.999058 0.0434017 0
    outer loop
      vertex 40.3947 36.878 0.799999
      vertex 40.4 37 5
      vertex 40.4 37 0.799999
    endloop
  endfacet
  facet normal -0.999058 0.0434017 0
    outer loop
      vertex 40.4 37 5
      vertex 40.3947 36.878 0.799999
      vertex 40.3947 36.878 5
    endloop
  endfacet
  facet normal -0.537193 -0.843459 0
    outer loop
      vertex 39.7 38.2124 0.799999
      vertex 39.803 38.1468 5
      vertex 39.7 38.2124 5
    endloop
  endfacet
  facet normal -0.537193 -0.843459 -0
    outer loop
      vertex 39.803 38.1468 5
      vertex 39.7 38.2124 0.799999
      vertex 39.803 38.1468 0.799999
    endloop
  endfacet
  facet normal 0.38293 -0.923777 0
    outer loop
      vertex 38.4083 38.2688 0.799999
      vertex 38.5212 38.3156 5
      vertex 38.4083 38.2688 5
    endloop
  endfacet
  facet normal 0.38293 -0.923777 0
    outer loop
      vertex 38.5212 38.3156 5
      vertex 38.4083 38.2688 0.799999
      vertex 38.5212 38.3156 0.799999
    endloop
  endfacet
  facet normal 0.953793 -0.300465 0
    outer loop
      vertex 37.6477 37.3623 5
      vertex 37.6844 37.4788 0.799999
      vertex 37.6844 37.4788 5
    endloop
  endfacet
  facet normal 0.953793 -0.300465 0
    outer loop
      vertex 37.6844 37.4788 0.799999
      vertex 37.6477 37.3623 5
      vertex 37.6477 37.3623 0.799999
    endloop
  endfacet
  facet normal -0.923777 -0.38293 0
    outer loop
      vertex 40.3156 37.4788 0.799999
      vertex 40.2688 37.5917 5
      vertex 40.2688 37.5917 0.799999
    endloop
  endfacet
  facet normal -0.923777 -0.38293 0
    outer loop
      vertex 40.2688 37.5917 5
      vertex 40.3156 37.4788 0.799999
      vertex 40.3156 37.4788 5
    endloop
  endfacet
  facet normal -0.886935 -0.461894 0
    outer loop
      vertex 40.2688 37.5917 0.799999
      vertex 40.2124 37.7 5
      vertex 40.2124 37.7 0.799999
    endloop
  endfacet
  facet normal -0.886935 -0.461894 0
    outer loop
      vertex 40.2124 37.7 5
      vertex 40.2688 37.5917 0.799999
      vertex 40.2688 37.5917 5
    endloop
  endfacet
  facet normal -0.300465 -0.953793 0
    outer loop
      vertex 39.3623 38.3523 0.799999
      vertex 39.4788 38.3156 5
      vertex 39.3623 38.3523 5
    endloop
  endfacet
  facet normal -0.300465 -0.953793 -0
    outer loop
      vertex 39.4788 38.3156 5
      vertex 39.3623 38.3523 0.799999
      vertex 39.4788 38.3156 0.799999
    endloop
  endfacet
  facet normal -0.0434017 -0.999058 0
    outer loop
      vertex 39 38.4 0.799999
      vertex 39.122 38.3947 5
      vertex 39 38.4 5
    endloop
  endfacet
  facet normal -0.0434017 -0.999058 -0
    outer loop
      vertex 39.122 38.3947 5
      vertex 39 38.4 0.799999
      vertex 39.122 38.3947 0.799999
    endloop
  endfacet
  facet normal 0 0 1
    outer loop
      vertex 40.3947 37.122 0.799999
      vertex 40.3947 36.878 0.799999
      vertex 40.4 37 0.799999
    endloop
  endfacet
  facet normal 0 0 1
    outer loop
      vertex 40.3787 37.2431 0.799999
      vertex 40.3947 36.878 0.799999
      vertex 40.3947 37.122 0.799999
    endloop
  endfacet
  facet normal 0 0 1
    outer loop
      vertex 40.3787 37.2431 0.799999
      vertex 40.3787 36.7569 0.799999
      vertex 40.3947 36.878 0.799999
    endloop
  endfacet
  facet normal 0 0 1
    outer loop
      vertex 40.3523 37.3623 0.799999
      vertex 40.3787 36.7569 0.799999
      vertex 40.3787 37.2431 0.799999
    endloop
  endfacet
  facet normal 0 0 1
    outer loop
      vertex 40.3523 37.3623 0.799999
      vertex 40.3523 36.6377 0.799999
      vertex 40.3787 36.7569 0.799999
    endloop
  endfacet
  facet normal 0 0 1
    outer loop
      vertex 40.3156 37.4788 0.799999
      vertex 40.3523 36.6377 0.799999
      vertex 40.3523 37.3623 0.799999
    endloop
  endfacet
  facet normal 0 0 1
    outer loop
      vertex 40.3156 37.4788 0.799999
      vertex 40.3156 36.5212 0.799999
      vertex 40.3523 36.6377 0.799999
    endloop
  endfacet
  facet normal 0 0 1
    outer loop
      vertex 40.2688 37.5917 0.799999
      vertex 40.3156 36.5212 0.799999
      vertex 40.3156 37.4788 0.799999
    endloop
  endfacet
  facet normal 0 0 1
    outer loop
      vertex 40.2688 37.5917 0.799999
      vertex 40.2688 36.4083 0.799999
      vertex 40.3156 36.5212 0.799999
    endloop
  endfacet
  facet normal 0 0 1
    outer loop
      vertex 40.2124 37.7 0.799999
      vertex 40.2688 36.4083 0.799999
      vertex 40.2688 37.5917 0.799999
    endloop
  endfacet
  facet normal 0 0 1
    outer loop
      vertex 40.2124 37.7 0.799999
      vertex 40.2124 36.3 0.799999
      vertex 40.2688 36.4083 0.799999
    endloop
  endfacet
  facet normal 0 0 1
    outer loop
      vertex 40.1468 37.803 0.799999
      vertex 40.2124 36.3 0.799999
      vertex 40.2124 37.7 0.799999
    endloop
  endfacet
  facet normal 0 0 1
    outer loop
      vertex 40.1468 37.803 0.799999
      vertex 40.1468 36.197 0.799999
      vertex 40.2124 36.3 0.799999
    endloop
  endfacet
  facet normal 0 0 1
    outer loop
      vertex 40.0725 37.8999 0.799999
      vertex 40.1468 36.197 0.799999
      vertex 40.1468 37.803 0.799999
    endloop
  endfacet
  facet normal 0 0 1
    outer loop
      vertex 40.0725 37.8999 0.799999
      vertex 40.0725 36.1001 0.799999
      vertex 40.1468 36.197 0.799999
    endloop
  endfacet
  facet normal 0 0 1
    outer loop
      vertex 39.9899 37.9899 0.799999
      vertex 40.0725 36.1001 0.799999
      vertex 40.0725 37.8999 0.799999
    endloop
  endfacet
  facet normal 0 0 1
    outer loop
      vertex 39.9899 37.9899 0.799999
      vertex 39.9899 36.01 0.799999
      vertex 40.0725 36.1001 0.799999
    endloop
  endfacet
  facet normal 0 0 1
    outer loop
      vertex 39.8999 38.0725 0.799999
      vertex 39.9899 36.01 0.799999
      vertex 39.9899 37.9899 0.799999
    endloop
  endfacet
  facet normal 0 0 1
    outer loop
      vertex 39.8999 38.0725 0.799999
      vertex 39.8999 35.9275 0.799999
      vertex 39.9899 36.01 0.799999
    endloop
  endfacet
  facet normal 0 0 1
    outer loop
      vertex 39.803 38.1468 0.799999
      vertex 39.8999 35.9275 0.799999
      vertex 39.8999 38.0725 0.799999
    endloop
  endfacet
  facet normal 0 0 1
    outer loop
      vertex 39.803 38.1468 0.799999
      vertex 39.803 35.8532 0.799999
      vertex 39.8999 35.9275 0.799999
    endloop
  endfacet
  facet normal 0 0 1
    outer loop
      vertex 39.7 38.2124 0.799999
      vertex 39.803 35.8532 0.799999
      vertex 39.803 38.1468 0.799999
    endloop
  endfacet
  facet normal 0 0 1
    outer loop
      vertex 39.7 38.2124 0.799999
      vertex 39.7 35.7876 0.799999
      vertex 39.803 35.8532 0.799999
    endloop
  endfacet
  facet normal 0 0 1
    outer loop
      vertex 39.5917 38.2688 0.799999
      vertex 39.7 35.7876 0.799999
      vertex 39.7 38.2124 0.799999
    endloop
  endfacet
  facet normal 0 0 1
    outer loop
      vertex 39.5917 38.2688 0.799999
      vertex 39.5917 35.7312 0.799999
      vertex 39.7 35.7876 0.799999
    endloop
  endfacet
  facet normal 0 0 1
    outer loop
      vertex 39.4788 38.3156 0.799999
      vertex 39.5917 35.7312 0.799999
      vertex 39.5917 38.2688 0.799999
    endloop
  endfacet
  facet normal 0 0 1
    outer loop
      vertex 39.4788 38.3156 0.799999
      vertex 39.4788 35.6844 0.799999
      vertex 39.5917 35.7312 0.799999
    endloop
  endfacet
  facet normal 0 0 1
    outer loop
      vertex 39.3623 38.3523 0.799999
      vertex 39.4788 35.6844 0.799999
      vertex 39.4788 38.3156 0.799999
    endloop
  endfacet
  facet normal 0 0 1
    outer loop
      vertex 39.3623 38.3523 0.799999
      vertex 39.3623 35.6477 0.799999
      vertex 39.4788 35.6844 0.799999
    endloop
  endfacet
  facet normal 0 0 1
    outer loop
      vertex 39.2431 38.3787 0.799999
      vertex 39.3623 35.6477 0.799999
      vertex 39.3623 38.3523 0.799999
    endloop
  endfacet
  facet normal 0 0 1
    outer loop
      vertex 39.2431 38.3787 0.799999
      vertex 39.2431 35.6213 0.799999
      vertex 39.3623 35.6477 0.799999
    endloop
  endfacet
  facet normal 0 0 1
    outer loop
      vertex 39.122 38.3947 0.799999
      vertex 39.2431 35.6213 0.799999
      vertex 39.2431 38.3787 0.799999
    endloop
  endfacet
  facet normal 0 0 1
    outer loop
      vertex 39.122 38.3947 0.799999
      vertex 39.122 35.6053 0.799999
      vertex 39.2431 35.6213 0.799999
    endloop
  endfacet
  facet normal 0 0 1
    outer loop
      vertex 39 38.4 0.799999
      vertex 39.122 35.6053 0.799999
      vertex 39.122 38.3947 0.799999
    endloop
  endfacet
  facet normal 0 0 1
    outer loop
      vertex 39 38.4 0.799999
      vertex 39 35.6 0.799999
      vertex 39.122 35.6053 0.799999
    endloop
  endfacet
  facet normal -0 0 1
    outer loop
      vertex 38.878 38.3947 0.799999
      vertex 39 35.6 0.799999
      vertex 39 38.4 0.799999
    endloop
  endfacet
  facet normal 0 0 1
    outer loop
      vertex 38.878 38.3947 0.799999
      vertex 38.878 35.6053 0.799999
      vertex 39 35.6 0.799999
    endloop
  endfacet
  facet normal -0 0 1
    outer loop
      vertex 38.7569 38.3787 0.799999
      vertex 38.878 35.6053 0.799999
      vertex 38.878 38.3947 0.799999
    endloop
  endfacet
  facet normal 0 0 1
    outer loop
      vertex 38.7569 38.3787 0.799999
      vertex 38.7569 35.6213 0.799999
      vertex 38.878 35.6053 0.799999
    endloop
  endfacet
  facet normal -0 0 1
    outer loop
      vertex 38.6377 38.3523 0.799999
      vertex 38.7569 35.6213 0.799999
      vertex 38.7569 38.3787 0.799999
    endloop
  endfacet
  facet normal 0 0 1
    outer loop
      vertex 38.6377 38.3523 0.799999
      vertex 38.6377 35.6477 0.799999
      vertex 38.7569 35.6213 0.799999
    endloop
  endfacet
  facet normal -0 0 1
    outer loop
      vertex 38.5212 38.3156 0.799999
      vertex 38.6377 35.6477 0.799999
      vertex 38.6377 38.3523 0.799999
    endloop
  endfacet
  facet normal 0 0 1
    outer loop
      vertex 38.5212 38.3156 0.799999
      vertex 38.5212 35.6844 0.799999
      vertex 38.6377 35.6477 0.799999
    endloop
  endfacet
  facet normal -0 0 1
    outer loop
      vertex 38.4083 38.2688 0.799999
      vertex 38.5212 35.6844 0.799999
      vertex 38.5212 38.3156 0.799999
    endloop
  endfacet
  facet normal 0 0 1
    outer loop
      vertex 38.4083 38.2688 0.799999
      vertex 38.4083 35.7312 0.799999
      vertex 38.5212 35.6844 0.799999
    endloop
  endfacet
  facet normal -0 0 1
    outer loop
      vertex 38.3 38.2124 0.799999
      vertex 38.4083 35.7312 0.799999
      vertex 38.4083 38.2688 0.799999
    endloop
  endfacet
  facet normal 0 0 1
    outer loop
      vertex 38.3 38.2124 0.799999
      vertex 38.3 35.7876 0.799999
      vertex 38.4083 35.7312 0.799999
    endloop
  endfacet
  facet normal -0 0 1
    outer loop
      vertex 38.197 38.1468 0.799999
      vertex 38.3 35.7876 0.799999
      vertex 38.3 38.2124 0.799999
    endloop
  endfacet
  facet normal 0 0 1
    outer loop
      vertex 38.197 38.1468 0.799999
      vertex 38.197 35.8532 0.799999
      vertex 38.3 35.7876 0.799999
    endloop
  endfacet
  facet normal -0 0 1
    outer loop
      vertex 38.1001 38.0725 0.799999
      vertex 38.197 35.8532 0.799999
      vertex 38.197 38.1468 0.799999
    endloop
  endfacet
  facet normal 0 0 1
    outer loop
      vertex 38.1001 38.0725 0.799999
      vertex 38.1001 35.9275 0.799999
      vertex 38.197 35.8532 0.799999
    endloop
  endfacet
  facet normal -0 0 1
    outer loop
      vertex 38.01 37.9899 0.799999
      vertex 38.1001 35.9275 0.799999
      vertex 38.1001 38.0725 0.799999
    endloop
  endfacet
  facet normal 0 0 1
    outer loop
      vertex 38.01 37.9899 0.799999
      vertex 38.01 36.01 0.799999
      vertex 38.1001 35.9275 0.799999
    endloop
  endfacet
  facet normal -0 0 1
    outer loop
      vertex 37.9275 37.8999 0.799999
      vertex 38.01 36.01 0.799999
      vertex 38.01 37.9899 0.799999
    endloop
  endfacet
  facet normal 0 0 1
    outer loop
      vertex 37.9275 37.8999 0.799999
      vertex 37.9275 36.1001 0.799999
      vertex 38.01 36.01 0.799999
    endloop
  endfacet
  facet normal -0 0 1
    outer loop
      vertex 37.8532 37.803 0.799999
      vertex 37.9275 36.1001 0.799999
      vertex 37.9275 37.8999 0.799999
    endloop
  endfacet
  facet normal 0 0 1
    outer loop
      vertex 37.8532 37.803 0.799999
      vertex 37.8532 36.197 0.799999
      vertex 37.9275 36.1001 0.799999
    endloop
  endfacet
  facet normal -0 0 1
    outer loop
      vertex 37.7876 37.7 0.799999
      vertex 37.8532 36.197 0.799999
      vertex 37.8532 37.803 0.799999
    endloop
  endfacet
  facet normal 0 0 1
    outer loop
      vertex 37.7876 37.7 0.799999
      vertex 37.7876 36.3 0.799999
      vertex 37.8532 36.197 0.799999
    endloop
  endfacet
  facet normal -0 0 1
    outer loop
      vertex 37.7312 37.5917 0.799999
      vertex 37.7876 36.3 0.799999
      vertex 37.7876 37.7 0.799999
    endloop
  endfacet
  facet normal 0 0 1
    outer loop
      vertex 37.7312 37.5917 0.799999
      vertex 37.7312 36.4083 0.799999
      vertex 37.7876 36.3 0.799999
    endloop
  endfacet
  facet normal -0 0 1
    outer loop
      vertex 37.6844 37.4788 0.799999
      vertex 37.7312 36.4083 0.799999
      vertex 37.7312 37.5917 0.799999
    endloop
  endfacet
  facet normal 0 0 1
    outer loop
      vertex 37.6844 37.4788 0.799999
      vertex 37.6844 36.5212 0.799999
      vertex 37.7312 36.4083 0.799999
    endloop
  endfacet
  facet normal -0 0 1
    outer loop
      vertex 37.6477 37.3623 0.799999
      vertex 37.6844 36.5212 0.799999
      vertex 37.6844 37.4788 0.799999
    endloop
  endfacet
  facet normal 0 0 1
    outer loop
      vertex 37.6477 37.3623 0.799999
      vertex 37.6477 36.6377 0.799999
      vertex 37.6844 36.5212 0.799999
    endloop
  endfacet
  facet normal -0 0 1
    outer loop
      vertex 37.6213 37.2431 0.799999
      vertex 37.6477 36.6377 0.799999
      vertex 37.6477 37.3623 0.799999
    endloop
  endfacet
  facet normal 0 0 1
    outer loop
      vertex 37.6213 37.2431 0.799999
      vertex 37.6213 36.7569 0.799999
      vertex 37.6477 36.6377 0.799999
    endloop
  endfacet
  facet normal -0 0 1
    outer loop
      vertex 37.6053 37.122 0.799999
      vertex 37.6213 36.7569 0.799999
      vertex 37.6213 37.2431 0.799999
    endloop
  endfacet
  facet normal 0 0 1
    outer loop
      vertex 37.6053 37.122 0.799999
      vertex 37.6053 36.878 0.799999
      vertex 37.6213 36.7569 0.799999
    endloop
  endfacet
  facet normal 0 -0 1
    outer loop
      vertex 37.6053 36.878 0.799999
      vertex 37.6053 37.122 0.799999
      vertex 37.6 37 0.799999
    endloop
  endfacet
  facet normal 0.999058 -0.0434017 0
    outer loop
      vertex 37.6 37 5
      vertex 37.6053 37.122 0.799999
      vertex 37.6053 37.122 5
    endloop
  endfacet
  facet normal 0.999058 -0.0434017 0
    outer loop
      vertex 37.6053 37.122 0.799999
      vertex 37.6 37 5
      vertex 37.6 37 0.799999
    endloop
  endfacet
  facet normal 0.793567 -0.608483 0
    outer loop
      vertex 37.8532 37.803 5
      vertex 37.9275 37.8999 0.799999
      vertex 37.9275 37.8999 5
    endloop
  endfacet
  facet normal 0.793567 -0.608483 0
    outer loop
      vertex 37.9275 37.8999 0.799999
      vertex 37.8532 37.803 5
      vertex 37.8532 37.803 0.799999
    endloop
  endfacet
  facet normal 0.216237 -0.976341 0
    outer loop
      vertex 38.6377 38.3523 0.799999
      vertex 38.7569 38.3787 5
      vertex 38.6377 38.3523 5
    endloop
  endfacet
  facet normal 0.216237 -0.976341 0
    outer loop
      vertex 38.7569 38.3787 5
      vertex 38.6377 38.3523 0.799999
      vertex 38.7569 38.3787 0.799999
    endloop
  endfacet
  facet normal 0.0434017 0.999058 -0
    outer loop
      vertex 39 35.6 0.799999
      vertex 38.878 35.6053 5
      vertex 39 35.6 5
    endloop
  endfacet
  facet normal 0.0434017 0.999058 0
    outer loop
      vertex 38.878 35.6053 5
      vertex 39 35.6 0.799999
      vertex 38.878 35.6053 0.799999
    endloop
  endfacet
  facet normal 0.608483 0.793567 -0
    outer loop
      vertex 38.197 35.8532 0.799999
      vertex 38.1001 35.9275 5
      vertex 38.197 35.8532 5
    endloop
  endfacet
  facet normal 0.608483 0.793567 0
    outer loop
      vertex 38.1001 35.9275 5
      vertex 38.197 35.8532 0.799999
      vertex 38.1001 35.9275 0.799999
    endloop
  endfacet
  facet normal 0.737528 0.675317 0
    outer loop
      vertex 38.01 36.01 5
      vertex 37.9275 36.1001 0.799999
      vertex 37.9275 36.1001 5
    endloop
  endfacet
  facet normal 0.737528 0.675317 0
    outer loop
      vertex 37.9275 36.1001 0.799999
      vertex 38.01 36.01 5
      vertex 38.01 36.01 0.799999
    endloop
  endfacet
  facet normal -0.991384 -0.130984 0
    outer loop
      vertex 40.3947 37.122 0.799999
      vertex 40.3787 37.2431 5
      vertex 40.3787 37.2431 0.799999
    endloop
  endfacet
  facet normal -0.991384 -0.130984 0
    outer loop
      vertex 40.3787 37.2431 5
      vertex 40.3947 37.122 0.799999
      vertex 40.3947 37.122 5
    endloop
  endfacet
  facet normal -0.976341 -0.216237 0
    outer loop
      vertex 40.3787 37.2431 0.799999
      vertex 40.3523 37.3623 5
      vertex 40.3523 37.3623 0.799999
    endloop
  endfacet
  facet normal -0.976341 -0.216237 0
    outer loop
      vertex 40.3523 37.3623 5
      vertex 40.3787 37.2431 0.799999
      vertex 40.3787 37.2431 5
    endloop
  endfacet
  facet normal -0.953793 -0.300465 0
    outer loop
      vertex 40.3523 37.3623 0.799999
      vertex 40.3156 37.4788 5
      vertex 40.3156 37.4788 0.799999
    endloop
  endfacet
  facet normal -0.953793 -0.300465 0
    outer loop
      vertex 40.3156 37.4788 5
      vertex 40.3523 37.3623 0.799999
      vertex 40.3523 37.3623 5
    endloop
  endfacet
  facet normal -0.736746 -0.676169 0
    outer loop
      vertex 40.0725 37.8999 0.799999
      vertex 39.9899 37.9899 5
      vertex 39.9899 37.9899 0.799999
    endloop
  endfacet
  facet normal -0.736746 -0.676169 0
    outer loop
      vertex 39.9899 37.9899 5
      vertex 40.0725 37.8999 0.799999
      vertex 40.0725 37.8999 5
    endloop
  endfacet
  facet normal -0.793567 -0.608483 0
    outer loop
      vertex 40.1468 37.803 0.799999
      vertex 40.0725 37.8999 5
      vertex 40.0725 37.8999 0.799999
    endloop
  endfacet
  facet normal -0.793567 -0.608483 0
    outer loop
      vertex 40.0725 37.8999 5
      vertex 40.1468 37.803 0.799999
      vertex 40.1468 37.803 5
    endloop
  endfacet
  facet normal -0.676169 -0.736746 0
    outer loop
      vertex 39.8999 38.0725 0.799999
      vertex 39.9899 37.9899 5
      vertex 39.8999 38.0725 5
    endloop
  endfacet
  facet normal -0.676169 -0.736746 -0
    outer loop
      vertex 39.9899 37.9899 5
      vertex 39.8999 38.0725 0.799999
      vertex 39.9899 37.9899 0.799999
    endloop
  endfacet
  facet normal -0.461894 -0.886935 0
    outer loop
      vertex 39.5917 38.2688 0.799999
      vertex 39.7 38.2124 5
      vertex 39.5917 38.2688 5
    endloop
  endfacet
  facet normal -0.461894 -0.886935 -0
    outer loop
      vertex 39.7 38.2124 5
      vertex 39.5917 38.2688 0.799999
      vertex 39.7 38.2124 0.799999
    endloop
  endfacet
  facet normal 0.0434017 -0.999058 0
    outer loop
      vertex 38.878 38.3947 0.799999
      vertex 39 38.4 5
      vertex 38.878 38.3947 5
    endloop
  endfacet
  facet normal 0.0434017 -0.999058 0
    outer loop
      vertex 39 38.4 5
      vertex 38.878 38.3947 0.799999
      vertex 39 38.4 0.799999
    endloop
  endfacet
  facet normal -0.38293 -0.923777 0
    outer loop
      vertex 39.4788 38.3156 0.799999
      vertex 39.5917 38.2688 5
      vertex 39.4788 38.3156 5
    endloop
  endfacet
  facet normal -0.38293 -0.923777 -0
    outer loop
      vertex 39.5917 38.2688 5
      vertex 39.4788 38.3156 0.799999
      vertex 39.5917 38.2688 0.799999
    endloop
  endfacet
  facet normal -0.216237 -0.976341 0
    outer loop
      vertex 39.2431 38.3787 0.799999
      vertex 39.3623 38.3523 5
      vertex 39.2431 38.3787 5
    endloop
  endfacet
  facet normal -0.216237 -0.976341 -0
    outer loop
      vertex 39.3623 38.3523 5
      vertex 39.2431 38.3787 0.799999
      vertex 39.3623 38.3523 0.799999
    endloop
  endfacet
  facet normal -0.130984 -0.991384 0
    outer loop
      vertex 39.122 38.3947 0.799999
      vertex 39.2431 38.3787 5
      vertex 39.122 38.3947 5
    endloop
  endfacet
  facet normal -0.130984 -0.991384 -0
    outer loop
      vertex 39.2431 38.3787 5
      vertex 39.122 38.3947 0.799999
      vertex 39.2431 38.3787 0.799999
    endloop
  endfacet
  facet normal 0.976341 -0.216237 0
    outer loop
      vertex 37.6213 37.2431 5
      vertex 37.6477 37.3623 0.799999
      vertex 37.6477 37.3623 5
    endloop
  endfacet
  facet normal 0.976341 -0.216237 0
    outer loop
      vertex 37.6477 37.3623 0.799999
      vertex 37.6213 37.2431 5
      vertex 37.6213 37.2431 0.799999
    endloop
  endfacet
  facet normal 0.991384 -0.130984 0
    outer loop
      vertex 37.6053 37.122 5
      vertex 37.6213 37.2431 0.799999
      vertex 37.6213 37.2431 5
    endloop
  endfacet
  facet normal 0.991384 -0.130984 0
    outer loop
      vertex 37.6213 37.2431 0.799999
      vertex 37.6053 37.122 5
      vertex 37.6053 37.122 0.799999
    endloop
  endfacet
  facet normal 0.923777 -0.38293 0
    outer loop
      vertex 37.6844 37.4788 5
      vertex 37.7312 37.5917 0.799999
      vertex 37.7312 37.5917 5
    endloop
  endfacet
  facet normal 0.923777 -0.38293 0
    outer loop
      vertex 37.7312 37.5917 0.799999
      vertex 37.6844 37.4788 5
      vertex 37.6844 37.4788 0.799999
    endloop
  endfacet
  facet normal 0.886935 -0.461894 0
    outer loop
      vertex 37.7312 37.5917 5
      vertex 37.7876 37.7 0.799999
      vertex 37.7876 37.7 5
    endloop
  endfacet
  facet normal 0.886935 -0.461894 0
    outer loop
      vertex 37.7876 37.7 0.799999
      vertex 37.7312 37.5917 5
      vertex 37.7312 37.5917 0.799999
    endloop
  endfacet
  facet normal 0.843459 -0.537193 0
    outer loop
      vertex 37.7876 37.7 5
      vertex 37.8532 37.803 0.799999
      vertex 37.8532 37.803 5
    endloop
  endfacet
  facet normal 0.843459 -0.537193 0
    outer loop
      vertex 37.8532 37.803 0.799999
      vertex 37.7876 37.7 5
      vertex 37.7876 37.7 0.799999
    endloop
  endfacet
  facet normal 0.300465 -0.953793 0
    outer loop
      vertex 38.5212 38.3156 0.799999
      vertex 38.6377 38.3523 5
      vertex 38.5212 38.3156 5
    endloop
  endfacet
  facet normal 0.300465 -0.953793 0
    outer loop
      vertex 38.6377 38.3523 5
      vertex 38.5212 38.3156 0.799999
      vertex 38.6377 38.3523 0.799999
    endloop
  endfacet
  facet normal 0.130984 -0.991384 0
    outer loop
      vertex 38.7569 38.3787 0.799999
      vertex 38.878 38.3947 5
      vertex 38.7569 38.3787 5
    endloop
  endfacet
  facet normal 0.130984 -0.991384 0
    outer loop
      vertex 38.878 38.3947 5
      vertex 38.7569 38.3787 0.799999
      vertex 38.878 38.3947 0.799999
    endloop
  endfacet
  facet normal 0.608483 -0.793567 0
    outer loop
      vertex 38.1001 38.0725 0.799999
      vertex 38.197 38.1468 5
      vertex 38.1001 38.0725 5
    endloop
  endfacet
  facet normal 0.608483 -0.793567 0
    outer loop
      vertex 38.197 38.1468 5
      vertex 38.1001 38.0725 0.799999
      vertex 38.197 38.1468 0.799999
    endloop
  endfacet
  facet normal 0.675762 -0.73712 0
    outer loop
      vertex 38.01 37.9899 0.799999
      vertex 38.1001 38.0725 5
      vertex 38.01 37.9899 5
    endloop
  endfacet
  facet normal 0.675762 -0.73712 0
    outer loop
      vertex 38.1001 38.0725 5
      vertex 38.01 37.9899 0.799999
      vertex 38.1001 38.0725 0.799999
    endloop
  endfacet
  facet normal 0.461894 -0.886935 0
    outer loop
      vertex 38.3 38.2124 0.799999
      vertex 38.4083 38.2688 5
      vertex 38.3 38.2124 5
    endloop
  endfacet
  facet normal 0.461894 -0.886935 0
    outer loop
      vertex 38.4083 38.2688 5
      vertex 38.3 38.2124 0.799999
      vertex 38.4083 38.2688 0.799999
    endloop
  endfacet
  facet normal 0.737154 -0.675725 0
    outer loop
      vertex 37.9275 37.8999 5
      vertex 38.01 37.9899 0.799999
      vertex 38.01 37.9899 5
    endloop
  endfacet
  facet normal 0.737154 -0.675725 0
    outer loop
      vertex 38.01 37.9899 0.799999
      vertex 37.9275 37.8999 5
      vertex 37.9275 37.8999 0.799999
    endloop
  endfacet
  facet normal -0.999058 -0.0434017 0
    outer loop
      vertex 40.4 37 0.799999
      vertex 40.3947 37.122 5
      vertex 40.3947 37.122 0.799999
    endloop
  endfacet
  facet normal -0.999058 -0.0434017 0
    outer loop
      vertex 40.3947 37.122 5
      vertex 40.4 37 0.799999
      vertex 40.4 37 5
    endloop
  endfacet
  facet normal -0.976341 0.216237 0
    outer loop
      vertex 40.3523 36.6377 0.799999
      vertex 40.3787 36.7569 5
      vertex 40.3787 36.7569 0.799999
    endloop
  endfacet
  facet normal -0.976341 0.216237 0
    outer loop
      vertex 40.3787 36.7569 5
      vertex 40.3523 36.6377 0.799999
      vertex 40.3523 36.6377 5
    endloop
  endfacet
  facet normal -0.130984 0.991384 0
    outer loop
      vertex 39.2431 35.6213 0.799999
      vertex 39.122 35.6053 5
      vertex 39.2431 35.6213 5
    endloop
  endfacet
  facet normal -0.130984 0.991384 0
    outer loop
      vertex 39.122 35.6053 5
      vertex 39.2431 35.6213 0.799999
      vertex 39.122 35.6053 0.799999
    endloop
  endfacet
  facet normal -0.793567 0.608483 0
    outer loop
      vertex 40.0725 36.1001 0.799999
      vertex 40.1468 36.197 5
      vertex 40.1468 36.197 0.799999
    endloop
  endfacet
  facet normal -0.793567 0.608483 0
    outer loop
      vertex 40.1468 36.197 5
      vertex 40.0725 36.1001 0.799999
      vertex 40.0725 36.1001 5
    endloop
  endfacet
  facet normal -0.923777 0.38293 0
    outer loop
      vertex 40.2688 36.4083 0.799999
      vertex 40.3156 36.5212 5
      vertex 40.3156 36.5212 0.799999
    endloop
  endfacet
  facet normal -0.923777 0.38293 0
    outer loop
      vertex 40.3156 36.5212 5
      vertex 40.2688 36.4083 0.799999
      vertex 40.2688 36.4083 5
    endloop
  endfacet
  facet normal -0.300465 0.953793 0
    outer loop
      vertex 39.4788 35.6844 0.799999
      vertex 39.3623 35.6477 5
      vertex 39.4788 35.6844 5
    endloop
  endfacet
  facet normal -0.300465 0.953793 0
    outer loop
      vertex 39.3623 35.6477 5
      vertex 39.4788 35.6844 0.799999
      vertex 39.3623 35.6477 0.799999
    endloop
  endfacet
  facet normal -0.73712 0.675762 0
    outer loop
      vertex 39.9899 36.01 0.799999
      vertex 40.0725 36.1001 5
      vertex 40.0725 36.1001 0.799999
    endloop
  endfacet
  facet normal -0.73712 0.675762 0
    outer loop
      vertex 40.0725 36.1001 5
      vertex 39.9899 36.01 0.799999
      vertex 39.9899 36.01 5
    endloop
  endfacet
  facet normal -0.675725 0.737154 0
    outer loop
      vertex 39.9899 36.01 0.799999
      vertex 39.8999 35.9275 5
      vertex 39.9899 36.01 5
    endloop
  endfacet
  facet normal -0.675725 0.737154 0
    outer loop
      vertex 39.8999 35.9275 5
      vertex 39.9899 36.01 0.799999
      vertex 39.8999 35.9275 0.799999
    endloop
  endfacet
  facet normal -0.608483 0.793567 0
    outer loop
      vertex 39.8999 35.9275 0.799999
      vertex 39.803 35.8532 5
      vertex 39.8999 35.9275 5
    endloop
  endfacet
  facet normal -0.608483 0.793567 0
    outer loop
      vertex 39.803 35.8532 5
      vertex 39.8999 35.9275 0.799999
      vertex 39.803 35.8532 0.799999
    endloop
  endfacet
  facet normal -0.461894 0.886935 0
    outer loop
      vertex 39.7 35.7876 0.799999
      vertex 39.5917 35.7312 5
      vertex 39.7 35.7876 5
    endloop
  endfacet
  facet normal -0.461894 0.886935 0
    outer loop
      vertex 39.5917 35.7312 5
      vertex 39.7 35.7876 0.799999
      vertex 39.5917 35.7312 0.799999
    endloop
  endfacet
  facet normal 0.216237 0.976341 -0
    outer loop
      vertex 38.7569 35.6213 0.799999
      vertex 38.6377 35.6477 5
      vertex 38.7569 35.6213 5
    endloop
  endfacet
  facet normal 0.216237 0.976341 0
    outer loop
      vertex 38.6377 35.6477 5
      vertex 38.7569 35.6213 0.799999
      vertex 38.6377 35.6477 0.799999
    endloop
  endfacet
  facet normal 0.38293 0.923777 -0
    outer loop
      vertex 38.5212 35.6844 0.799999
      vertex 38.4083 35.7312 5
      vertex 38.5212 35.6844 5
    endloop
  endfacet
  facet normal 0.38293 0.923777 0
    outer loop
      vertex 38.4083 35.7312 5
      vertex 38.5212 35.6844 0.799999
      vertex 38.4083 35.7312 0.799999
    endloop
  endfacet
  facet normal 0.953793 0.300465 0
    outer loop
      vertex 37.6844 36.5212 5
      vertex 37.6477 36.6377 0.799999
      vertex 37.6477 36.6377 5
    endloop
  endfacet
  facet normal 0.953793 0.300465 0
    outer loop
      vertex 37.6477 36.6377 0.799999
      vertex 37.6844 36.5212 5
      vertex 37.6844 36.5212 0.799999
    endloop
  endfacet
  facet normal 0.991384 0.130984 0
    outer loop
      vertex 37.6213 36.7569 5
      vertex 37.6053 36.878 0.799999
      vertex 37.6053 36.878 5
    endloop
  endfacet
  facet normal 0.991384 0.130984 0
    outer loop
      vertex 37.6053 36.878 0.799999
      vertex 37.6213 36.7569 5
      vertex 37.6213 36.7569 0.799999
    endloop
  endfacet
  facet normal 0.886935 0.461894 0
    outer loop
      vertex 37.7876 36.3 5
      vertex 37.7312 36.4083 0.799999
      vertex 37.7312 36.4083 5
    endloop
  endfacet
  facet normal 0.886935 0.461894 0
    outer loop
      vertex 37.7312 36.4083 0.799999
      vertex 37.7876 36.3 5
      vertex 37.7876 36.3 0.799999
    endloop
  endfacet
  facet normal -0.843459 -0.537193 0
    outer loop
      vertex 40.2124 37.7 0.799999
      vertex 40.1468 37.803 5
      vertex 40.1468 37.803 0.799999
    endloop
  endfacet
  facet normal -0.843459 -0.537193 0
    outer loop
      vertex 40.1468 37.803 5
      vertex 40.2124 37.7 0.799999
      vertex 40.2124 37.7 5
    endloop
  endfacet
  facet normal 0.999058 0.0434017 0
    outer loop
      vertex 37.6053 36.878 5
      vertex 37.6 37 0.799999
      vertex 37.6 37 5
    endloop
  endfacet
  facet normal 0.999058 0.0434017 0
    outer loop
      vertex 37.6 37 0.799999
      vertex 37.6053 36.878 5
      vertex 37.6053 36.878 0.799999
    endloop
  endfacet
  facet normal 0.537193 -0.843459 0
    outer loop
      vertex 38.197 38.1468 0.799999
      vertex 38.3 38.2124 5
      vertex 38.197 38.1468 5
    endloop
  endfacet
  facet normal 0.537193 -0.843459 0
    outer loop
      vertex 38.3 38.2124 5
      vertex 38.197 38.1468 0.799999
      vertex 38.3 38.2124 0.799999
    endloop
  endfacet
  facet normal -0.991384 0.130984 0
    outer loop
      vertex 40.3787 36.7569 0.799999
      vertex 40.3947 36.878 5
      vertex 40.3947 36.878 0.799999
    endloop
  endfacet
  facet normal -0.991384 0.130984 0
    outer loop
      vertex 40.3947 36.878 5
      vertex 40.3787 36.7569 0.799999
      vertex 40.3787 36.7569 5
    endloop
  endfacet
  facet normal -0.886935 0.461894 0
    outer loop
      vertex 40.2124 36.3 0.799999
      vertex 40.2688 36.4083 5
      vertex 40.2688 36.4083 0.799999
    endloop
  endfacet
  facet normal -0.886935 0.461894 0
    outer loop
      vertex 40.2688 36.4083 5
      vertex 40.2124 36.3 0.799999
      vertex 40.2124 36.3 5
    endloop
  endfacet
  facet normal -0.216237 0.976341 0
    outer loop
      vertex 39.3623 35.6477 0.799999
      vertex 39.2431 35.6213 5
      vertex 39.3623 35.6477 5
    endloop
  endfacet
  facet normal -0.216237 0.976341 0
    outer loop
      vertex 39.2431 35.6213 5
      vertex 39.3623 35.6477 0.799999
      vertex 39.2431 35.6213 0.799999
    endloop
  endfacet
  facet normal -0.38293 0.923777 0
    outer loop
      vertex 39.5917 35.7312 0.799999
      vertex 39.4788 35.6844 5
      vertex 39.5917 35.7312 5
    endloop
  endfacet
  facet normal -0.38293 0.923777 0
    outer loop
      vertex 39.4788 35.6844 5
      vertex 39.5917 35.7312 0.799999
      vertex 39.4788 35.6844 0.799999
    endloop
  endfacet
  facet normal -0.537193 0.843459 0
    outer loop
      vertex 39.803 35.8532 0.799999
      vertex 39.7 35.7876 5
      vertex 39.803 35.8532 5
    endloop
  endfacet
  facet normal -0.537193 0.843459 0
    outer loop
      vertex 39.7 35.7876 5
      vertex 39.803 35.8532 0.799999
      vertex 39.7 35.7876 0.799999
    endloop
  endfacet
  facet normal -0.0434017 0.999058 0
    outer loop
      vertex 39.122 35.6053 0.799999
      vertex 39 35.6 5
      vertex 39.122 35.6053 5
    endloop
  endfacet
  facet normal -0.0434017 0.999058 0
    outer loop
      vertex 39 35.6 5
      vertex 39.122 35.6053 0.799999
      vertex 39 35.6 0.799999
    endloop
  endfacet
  facet normal 0.130984 0.991384 -0
    outer loop
      vertex 38.878 35.6053 0.799999
      vertex 38.7569 35.6213 5
      vertex 38.878 35.6053 5
    endloop
  endfacet
  facet normal 0.130984 0.991384 0
    outer loop
      vertex 38.7569 35.6213 5
      vertex 38.878 35.6053 0.799999
      vertex 38.7569 35.6213 0.799999
    endloop
  endfacet
  facet normal 0.300465 0.953793 -0
    outer loop
      vertex 38.6377 35.6477 0.799999
      vertex 38.5212 35.6844 5
      vertex 38.6377 35.6477 5
    endloop
  endfacet
  facet normal 0.300465 0.953793 0
    outer loop
      vertex 38.5212 35.6844 5
      vertex 38.6377 35.6477 0.799999
      vertex 38.5212 35.6844 0.799999
    endloop
  endfacet
  facet normal 0.461894 0.886935 -0
    outer loop
      vertex 38.4083 35.7312 0.799999
      vertex 38.3 35.7876 5
      vertex 38.4083 35.7312 5
    endloop
  endfacet
  facet normal 0.461894 0.886935 0
    outer loop
      vertex 38.3 35.7876 5
      vertex 38.4083 35.7312 0.799999
      vertex 38.3 35.7876 0.799999
    endloop
  endfacet
  facet normal 0.537193 0.843459 -0
    outer loop
      vertex 38.3 35.7876 0.799999
      vertex 38.197 35.8532 5
      vertex 38.3 35.7876 5
    endloop
  endfacet
  facet normal 0.537193 0.843459 0
    outer loop
      vertex 38.197 35.8532 5
      vertex 38.3 35.7876 0.799999
      vertex 38.197 35.8532 0.799999
    endloop
  endfacet
  facet normal 0.923777 0.38293 0
    outer loop
      vertex 37.7312 36.4083 5
      vertex 37.6844 36.5212 0.799999
      vertex 37.6844 36.5212 5
    endloop
  endfacet
  facet normal 0.923777 0.38293 0
    outer loop
      vertex 37.6844 36.5212 0.799999
      vertex 37.7312 36.4083 5
      vertex 37.7312 36.4083 0.799999
    endloop
  endfacet
  facet normal 0.976341 0.216237 0
    outer loop
      vertex 37.6477 36.6377 5
      vertex 37.6213 36.7569 0.799999
      vertex 37.6213 36.7569 5
    endloop
  endfacet
  facet normal 0.976341 0.216237 0
    outer loop
      vertex 37.6213 36.7569 0.799999
      vertex 37.6477 36.6377 5
      vertex 37.6477 36.6377 0.799999
    endloop
  endfacet
  facet normal 0.843459 0.537193 0
    outer loop
      vertex 37.8532 36.197 5
      vertex 37.7876 36.3 0.799999
      vertex 37.7876 36.3 5
    endloop
  endfacet
  facet normal 0.843459 0.537193 0
    outer loop
      vertex 37.7876 36.3 0.799999
      vertex 37.8532 36.197 5
      vertex 37.8532 36.197 0.799999
    endloop
  endfacet
  facet normal 0.675317 0.737528 -0
    outer loop
      vertex 38.1001 35.9275 0.799999
      vertex 38.01 36.01 5
      vertex 38.1001 35.9275 5
    endloop
  endfacet
  facet normal 0.675317 0.737528 0
    outer loop
      vertex 38.01 36.01 5
      vertex 38.1001 35.9275 0.799999
      vertex 38.01 36.01 0.799999
    endloop
  endfacet
  facet normal -0.953793 0.300465 0
    outer loop
      vertex 40.3156 36.5212 0.799999
      vertex 40.3523 36.6377 5
      vertex 40.3523 36.6377 0.799999
    endloop
  endfacet
  facet normal -0.953793 0.300465 0
    outer loop
      vertex 40.3523 36.6377 5
      vertex 40.3156 36.5212 0.799999
      vertex 40.3156 36.5212 5
    endloop
  endfacet
  facet normal 0.793567 0.608483 0
    outer loop
      vertex 37.9275 36.1001 5
      vertex 37.8532 36.197 0.799999
      vertex 37.8532 36.197 5
    endloop
  endfacet
  facet normal 0.793567 0.608483 0
    outer loop
      vertex 37.8532 36.197 0.799999
      vertex 37.9275 36.1001 5
      vertex 37.9275 36.1001 0.799999
    endloop
  endfacet
  facet normal -0.843459 0.537193 0
    outer loop
      vertex 40.1468 36.197 0.799999
      vertex 40.2124 36.3 5
      vertex 40.2124 36.3 0.799999
    endloop
  endfacet
  facet normal -0.843459 0.537193 0
    outer loop
      vertex 40.2124 36.3 5
      vertex 40.1468 36.197 0.799999
      vertex 40.1468 36.197 5
    endloop
  endfacet
  facet normal -0.999058 -0.0434017 0
    outer loop
      vertex -13.6 12 0.799999
      vertex -13.6053 12.122 5
      vertex -13.6053 12.122 0.799999
    endloop
  endfacet
  facet normal -0.999058 -0.0434017 0
    outer loop
      vertex -13.6053 12.122 5
      vertex -13.6 12 0.799999
      vertex -13.6 12 5
    endloop
  endfacet
  facet normal 0.0434017 -0.999058 0
    outer loop
      vertex -15.122 13.3947 0.799999
      vertex -15 13.4 5
      vertex -15.122 13.3947 5
    endloop
  endfacet
  facet normal 0.0434017 -0.999058 0
    outer loop
      vertex -15 13.4 5
      vertex -15.122 13.3947 0.799999
      vertex -15 13.4 0.799999
    endloop
  endfacet
  facet normal -0.0434017 0.999058 0
    outer loop
      vertex -14.878 10.6053 0.799999
      vertex -15 10.6 5
      vertex -14.878 10.6053 5
    endloop
  endfacet
  facet normal -0.0434017 0.999058 0
    outer loop
      vertex -15 10.6 5
      vertex -14.878 10.6053 0.799999
      vertex -15 10.6 0.799999
    endloop
  endfacet
  facet normal -0.675762 -0.73712 0
    outer loop
      vertex -14.1001 13.0725 0.799999
      vertex -14.01 12.9899 5
      vertex -14.1001 13.0725 5
    endloop
  endfacet
  facet normal -0.675762 -0.73712 -0
    outer loop
      vertex -14.01 12.9899 5
      vertex -14.1001 13.0725 0.799999
      vertex -14.01 12.9899 0.799999
    endloop
  endfacet
  facet normal 0.736746 -0.676169 0
    outer loop
      vertex -16.0725 12.8999 5
      vertex -15.9899 12.9899 0.799999
      vertex -15.9899 12.9899 5
    endloop
  endfacet
  facet normal 0.736746 -0.676169 0
    outer loop
      vertex -15.9899 12.9899 0.799999
      vertex -16.0725 12.8999 5
      vertex -16.0725 12.8999 0.799999
    endloop
  endfacet
  facet normal 0.38293 -0.923777 0
    outer loop
      vertex -15.5917 13.2688 0.799999
      vertex -15.4788 13.3156 5
      vertex -15.5917 13.2688 5
    endloop
  endfacet
  facet normal 0.38293 -0.923777 0
    outer loop
      vertex -15.4788 13.3156 5
      vertex -15.5917 13.2688 0.799999
      vertex -15.4788 13.3156 0.799999
    endloop
  endfacet
  facet normal -0.923777 -0.38293 0
    outer loop
      vertex -13.6844 12.4788 0.799999
      vertex -13.7312 12.5917 5
      vertex -13.7312 12.5917 0.799999
    endloop
  endfacet
  facet normal -0.923777 -0.38293 0
    outer loop
      vertex -13.7312 12.5917 5
      vertex -13.6844 12.4788 0.799999
      vertex -13.6844 12.4788 5
    endloop
  endfacet
  facet normal -0.300465 -0.953793 0
    outer loop
      vertex -14.6377 13.3523 0.799999
      vertex -14.5212 13.3156 5
      vertex -14.6377 13.3523 5
    endloop
  endfacet
  facet normal -0.300465 -0.953793 -0
    outer loop
      vertex -14.5212 13.3156 5
      vertex -14.6377 13.3523 0.799999
      vertex -14.5212 13.3156 0.799999
    endloop
  endfacet
  facet normal -0.461894 -0.886935 0
    outer loop
      vertex -14.4083 13.2688 0.799999
      vertex -14.3 13.2124 5
      vertex -14.4083 13.2688 5
    endloop
  endfacet
  facet normal -0.461894 -0.886935 -0
    outer loop
      vertex -14.3 13.2124 5
      vertex -14.4083 13.2688 0.799999
      vertex -14.3 13.2124 0.799999
    endloop
  endfacet
  facet normal 0.953793 -0.300465 0
    outer loop
      vertex -16.3523 12.3623 5
      vertex -16.3156 12.4788 0.799999
      vertex -16.3156 12.4788 5
    endloop
  endfacet
  facet normal 0.953793 -0.300465 0
    outer loop
      vertex -16.3156 12.4788 0.799999
      vertex -16.3523 12.3623 5
      vertex -16.3523 12.3623 0.799999
    endloop
  endfacet
  facet normal 0.843459 -0.537193 0
    outer loop
      vertex -16.2124 12.7 5
      vertex -16.1468 12.803 0.799999
      vertex -16.1468 12.803 5
    endloop
  endfacet
  facet normal 0.843459 -0.537193 0
    outer loop
      vertex -16.1468 12.803 0.799999
      vertex -16.2124 12.7 5
      vertex -16.2124 12.7 0.799999
    endloop
  endfacet
  facet normal 0.216237 -0.976341 0
    outer loop
      vertex -15.3623 13.3523 0.799999
      vertex -15.2431 13.3787 5
      vertex -15.3623 13.3523 5
    endloop
  endfacet
  facet normal 0.216237 -0.976341 0
    outer loop
      vertex -15.2431 13.3787 5
      vertex -15.3623 13.3523 0.799999
      vertex -15.2431 13.3787 0.799999
    endloop
  endfacet
  facet normal 0.675725 0.737154 -0
    outer loop
      vertex -15.8999 10.9275 0.799999
      vertex -15.9899 11.01 5
      vertex -15.8999 10.9275 5
    endloop
  endfacet
  facet normal 0.675725 0.737154 0
    outer loop
      vertex -15.9899 11.01 5
      vertex -15.8999 10.9275 0.799999
      vertex -15.9899 11.01 0.799999
    endloop
  endfacet
  facet normal -0.976341 -0.216237 0
    outer loop
      vertex -13.6213 12.2431 0.799999
      vertex -13.6477 12.3623 5
      vertex -13.6477 12.3623 0.799999
    endloop
  endfacet
  facet normal -0.976341 -0.216237 0
    outer loop
      vertex -13.6477 12.3623 5
      vertex -13.6213 12.2431 0.799999
      vertex -13.6213 12.2431 5
    endloop
  endfacet
  facet normal -0.991384 -0.130984 0
    outer loop
      vertex -13.6053 12.122 0.799999
      vertex -13.6213 12.2431 5
      vertex -13.6213 12.2431 0.799999
    endloop
  endfacet
  facet normal -0.991384 -0.130984 0
    outer loop
      vertex -13.6213 12.2431 5
      vertex -13.6053 12.122 0.799999
      vertex -13.6053 12.122 5
    endloop
  endfacet
  facet normal -0.953793 -0.300465 0
    outer loop
      vertex -13.6477 12.3623 0.799999
      vertex -13.6844 12.4788 5
      vertex -13.6844 12.4788 0.799999
    endloop
  endfacet
  facet normal -0.953793 -0.300465 0
    outer loop
      vertex -13.6844 12.4788 5
      vertex -13.6477 12.3623 0.799999
      vertex -13.6477 12.3623 5
    endloop
  endfacet
  facet normal -0.793567 -0.608483 0
    outer loop
      vertex -13.8532 12.803 0.799999
      vertex -13.9275 12.8999 5
      vertex -13.9275 12.8999 0.799999
    endloop
  endfacet
  facet normal -0.793567 -0.608483 0
    outer loop
      vertex -13.9275 12.8999 5
      vertex -13.8532 12.803 0.799999
      vertex -13.8532 12.803 5
    endloop
  endfacet
  facet normal -0.737154 -0.675725 0
    outer loop
      vertex -13.9275 12.8999 0.799999
      vertex -14.01 12.9899 5
      vertex -14.01 12.9899 0.799999
    endloop
  endfacet
  facet normal -0.737154 -0.675725 0
    outer loop
      vertex -14.01 12.9899 5
      vertex -13.9275 12.8999 0.799999
      vertex -13.9275 12.8999 5
    endloop
  endfacet
  facet normal -0.886935 -0.461894 0
    outer loop
      vertex -13.7312 12.5917 0.799999
      vertex -13.7876 12.7 5
      vertex -13.7876 12.7 0.799999
    endloop
  endfacet
  facet normal -0.886935 -0.461894 0
    outer loop
      vertex -13.7876 12.7 5
      vertex -13.7312 12.5917 0.799999
      vertex -13.7312 12.5917 5
    endloop
  endfacet
  facet normal -0.130984 -0.991384 0
    outer loop
      vertex -14.878 13.3947 0.799999
      vertex -14.7569 13.3787 5
      vertex -14.878 13.3947 5
    endloop
  endfacet
  facet normal -0.130984 -0.991384 -0
    outer loop
      vertex -14.7569 13.3787 5
      vertex -14.878 13.3947 0.799999
      vertex -14.7569 13.3787 0.799999
    endloop
  endfacet
  facet normal -0.216237 -0.976341 0
    outer loop
      vertex -14.7569 13.3787 0.799999
      vertex -14.6377 13.3523 5
      vertex -14.7569 13.3787 5
    endloop
  endfacet
  facet normal -0.216237 -0.976341 -0
    outer loop
      vertex -14.6377 13.3523 5
      vertex -14.7569 13.3787 0.799999
      vertex -14.6377 13.3523 0.799999
    endloop
  endfacet
  facet normal -0.0434017 -0.999058 0
    outer loop
      vertex -15 13.4 0.799999
      vertex -14.878 13.3947 5
      vertex -15 13.4 5
    endloop
  endfacet
  facet normal -0.0434017 -0.999058 -0
    outer loop
      vertex -14.878 13.3947 5
      vertex -15 13.4 0.799999
      vertex -14.878 13.3947 0.799999
    endloop
  endfacet
  facet normal -0.38293 -0.923777 0
    outer loop
      vertex -14.5212 13.3156 0.799999
      vertex -14.4083 13.2688 5
      vertex -14.5212 13.3156 5
    endloop
  endfacet
  facet normal -0.38293 -0.923777 -0
    outer loop
      vertex -14.4083 13.2688 5
      vertex -14.5212 13.3156 0.799999
      vertex -14.4083 13.2688 0.799999
    endloop
  endfacet
  facet normal -0.537193 -0.843459 0
    outer loop
      vertex -14.3 13.2124 0.799999
      vertex -14.197 13.1468 5
      vertex -14.3 13.2124 5
    endloop
  endfacet
  facet normal -0.537193 -0.843459 -0
    outer loop
      vertex -14.197 13.1468 5
      vertex -14.3 13.2124 0.799999
      vertex -14.197 13.1468 0.799999
    endloop
  endfacet
  facet normal 0.991384 -0.130984 0
    outer loop
      vertex -16.3947 12.122 5
      vertex -16.3787 12.2431 0.799999
      vertex -16.3787 12.2431 5
    endloop
  endfacet
  facet normal 0.991384 -0.130984 0
    outer loop
      vertex -16.3787 12.2431 0.799999
      vertex -16.3947 12.122 5
      vertex -16.3947 12.122 0.799999
    endloop
  endfacet
  facet normal 0 0 1
    outer loop
      vertex -13.6053 12.122 0.799999
      vertex -13.6053 11.878 0.799999
      vertex -13.6 12 0.799999
    endloop
  endfacet
  facet normal 0 0 1
    outer loop
      vertex -13.6213 12.2431 0.799999
      vertex -13.6053 11.878 0.799999
      vertex -13.6053 12.122 0.799999
    endloop
  endfacet
  facet normal 0 0 1
    outer loop
      vertex -13.6213 12.2431 0.799999
      vertex -13.6213 11.7569 0.799999
      vertex -13.6053 11.878 0.799999
    endloop
  endfacet
  facet normal 0 0 1
    outer loop
      vertex -13.6477 12.3623 0.799999
      vertex -13.6213 11.7569 0.799999
      vertex -13.6213 12.2431 0.799999
    endloop
  endfacet
  facet normal 0 0 1
    outer loop
      vertex -13.6477 12.3623 0.799999
      vertex -13.6477 11.6377 0.799999
      vertex -13.6213 11.7569 0.799999
    endloop
  endfacet
  facet normal 0 0 1
    outer loop
      vertex -13.6844 12.4788 0.799999
      vertex -13.6477 11.6377 0.799999
      vertex -13.6477 12.3623 0.799999
    endloop
  endfacet
  facet normal 0 0 1
    outer loop
      vertex -13.6844 12.4788 0.799999
      vertex -13.6844 11.5212 0.799999
      vertex -13.6477 11.6377 0.799999
    endloop
  endfacet
  facet normal 0 0 1
    outer loop
      vertex -13.7312 12.5917 0.799999
      vertex -13.6844 11.5212 0.799999
      vertex -13.6844 12.4788 0.799999
    endloop
  endfacet
  facet normal 0 0 1
    outer loop
      vertex -13.7312 12.5917 0.799999
      vertex -13.7312 11.4083 0.799999
      vertex -13.6844 11.5212 0.799999
    endloop
  endfacet
  facet normal 0 0 1
    outer loop
      vertex -13.7876 12.7 0.799999
      vertex -13.7312 11.4083 0.799999
      vertex -13.7312 12.5917 0.799999
    endloop
  endfacet
  facet normal 0 0 1
    outer loop
      vertex -13.7876 12.7 0.799999
      vertex -13.7876 11.3 0.799999
      vertex -13.7312 11.4083 0.799999
    endloop
  endfacet
  facet normal 0 0 1
    outer loop
      vertex -13.8532 12.803 0.799999
      vertex -13.7876 11.3 0.799999
      vertex -13.7876 12.7 0.799999
    endloop
  endfacet
  facet normal 0 0 1
    outer loop
      vertex -13.8532 12.803 0.799999
      vertex -13.8532 11.197 0.799999
      vertex -13.7876 11.3 0.799999
    endloop
  endfacet
  facet normal 0 0 1
    outer loop
      vertex -13.9275 12.8999 0.799999
      vertex -13.8532 11.197 0.799999
      vertex -13.8532 12.803 0.799999
    endloop
  endfacet
  facet normal 0 0 1
    outer loop
      vertex -13.9275 12.8999 0.799999
      vertex -13.9275 11.1001 0.799999
      vertex -13.8532 11.197 0.799999
    endloop
  endfacet
  facet normal 0 0 1
    outer loop
      vertex -14.01 12.9899 0.799999
      vertex -13.9275 11.1001 0.799999
      vertex -13.9275 12.8999 0.799999
    endloop
  endfacet
  facet normal 0 0 1
    outer loop
      vertex -14.01 12.9899 0.799999
      vertex -14.01 11.01 0.799999
      vertex -13.9275 11.1001 0.799999
    endloop
  endfacet
  facet normal 0 0 1
    outer loop
      vertex -14.1001 13.0725 0.799999
      vertex -14.01 11.01 0.799999
      vertex -14.01 12.9899 0.799999
    endloop
  endfacet
  facet normal 0 0 1
    outer loop
      vertex -14.1001 13.0725 0.799999
      vertex -14.1001 10.9275 0.799999
      vertex -14.01 11.01 0.799999
    endloop
  endfacet
  facet normal 0 0 1
    outer loop
      vertex -14.197 13.1468 0.799999
      vertex -14.1001 10.9275 0.799999
      vertex -14.1001 13.0725 0.799999
    endloop
  endfacet
  facet normal 0 0 1
    outer loop
      vertex -14.197 13.1468 0.799999
      vertex -14.197 10.8532 0.799999
      vertex -14.1001 10.9275 0.799999
    endloop
  endfacet
  facet normal 0 0 1
    outer loop
      vertex -14.3 13.2124 0.799999
      vertex -14.197 10.8532 0.799999
      vertex -14.197 13.1468 0.799999
    endloop
  endfacet
  facet normal 0 0 1
    outer loop
      vertex -14.3 13.2124 0.799999
      vertex -14.3 10.7876 0.799999
      vertex -14.197 10.8532 0.799999
    endloop
  endfacet
  facet normal 0 0 1
    outer loop
      vertex -14.4083 13.2688 0.799999
      vertex -14.3 10.7876 0.799999
      vertex -14.3 13.2124 0.799999
    endloop
  endfacet
  facet normal 0 0 1
    outer loop
      vertex -14.4083 13.2688 0.799999
      vertex -14.4083 10.7312 0.799999
      vertex -14.3 10.7876 0.799999
    endloop
  endfacet
  facet normal 0 0 1
    outer loop
      vertex -14.5212 13.3156 0.799999
      vertex -14.4083 10.7312 0.799999
      vertex -14.4083 13.2688 0.799999
    endloop
  endfacet
  facet normal 0 0 1
    outer loop
      vertex -14.5212 13.3156 0.799999
      vertex -14.5212 10.6844 0.799999
      vertex -14.4083 10.7312 0.799999
    endloop
  endfacet
  facet normal 0 0 1
    outer loop
      vertex -14.6377 13.3523 0.799999
      vertex -14.5212 10.6844 0.799999
      vertex -14.5212 13.3156 0.799999
    endloop
  endfacet
  facet normal 0 0 1
    outer loop
      vertex -14.6377 13.3523 0.799999
      vertex -14.6377 10.6477 0.799999
      vertex -14.5212 10.6844 0.799999
    endloop
  endfacet
  facet normal 0 0 1
    outer loop
      vertex -14.7569 13.3787 0.799999
      vertex -14.6377 10.6477 0.799999
      vertex -14.6377 13.3523 0.799999
    endloop
  endfacet
  facet normal 0 0 1
    outer loop
      vertex -14.7569 13.3787 0.799999
      vertex -14.7569 10.6213 0.799999
      vertex -14.6377 10.6477 0.799999
    endloop
  endfacet
  facet normal 0 0 1
    outer loop
      vertex -14.878 13.3947 0.799999
      vertex -14.7569 10.6213 0.799999
      vertex -14.7569 13.3787 0.799999
    endloop
  endfacet
  facet normal 0 0 1
    outer loop
      vertex -14.878 13.3947 0.799999
      vertex -14.878 10.6053 0.799999
      vertex -14.7569 10.6213 0.799999
    endloop
  endfacet
  facet normal 0 0 1
    outer loop
      vertex -15 13.4 0.799999
      vertex -14.878 10.6053 0.799999
      vertex -14.878 13.3947 0.799999
    endloop
  endfacet
  facet normal 0 0 1
    outer loop
      vertex -15 13.4 0.799999
      vertex -15 10.6 0.799999
      vertex -14.878 10.6053 0.799999
    endloop
  endfacet
  facet normal -0 0 1
    outer loop
      vertex -15.122 13.3947 0.799999
      vertex -15 10.6 0.799999
      vertex -15 13.4 0.799999
    endloop
  endfacet
  facet normal 0 0 1
    outer loop
      vertex -15.122 13.3947 0.799999
      vertex -15.122 10.6053 0.799999
      vertex -15 10.6 0.799999
    endloop
  endfacet
  facet normal -0 0 1
    outer loop
      vertex -15.2431 13.3787 0.799999
      vertex -15.122 10.6053 0.799999
      vertex -15.122 13.3947 0.799999
    endloop
  endfacet
  facet normal 0 0 1
    outer loop
      vertex -15.2431 13.3787 0.799999
      vertex -15.2431 10.6213 0.799999
      vertex -15.122 10.6053 0.799999
    endloop
  endfacet
  facet normal -0 0 1
    outer loop
      vertex -15.3623 13.3523 0.799999
      vertex -15.2431 10.6213 0.799999
      vertex -15.2431 13.3787 0.799999
    endloop
  endfacet
  facet normal 0 0 1
    outer loop
      vertex -15.3623 13.3523 0.799999
      vertex -15.3623 10.6477 0.799999
      vertex -15.2431 10.6213 0.799999
    endloop
  endfacet
  facet normal -0 0 1
    outer loop
      vertex -15.4788 13.3156 0.799999
      vertex -15.3623 10.6477 0.799999
      vertex -15.3623 13.3523 0.799999
    endloop
  endfacet
  facet normal 0 0 1
    outer loop
      vertex -15.4788 13.3156 0.799999
      vertex -15.4788 10.6844 0.799999
      vertex -15.3623 10.6477 0.799999
    endloop
  endfacet
  facet normal -0 0 1
    outer loop
      vertex -15.5917 13.2688 0.799999
      vertex -15.4788 10.6844 0.799999
      vertex -15.4788 13.3156 0.799999
    endloop
  endfacet
  facet normal 0 0 1
    outer loop
      vertex -15.5917 13.2688 0.799999
      vertex -15.5917 10.7312 0.799999
      vertex -15.4788 10.6844 0.799999
    endloop
  endfacet
  facet normal -0 0 1
    outer loop
      vertex -15.7 13.2124 0.799999
      vertex -15.5917 10.7312 0.799999
      vertex -15.5917 13.2688 0.799999
    endloop
  endfacet
  facet normal 0 0 1
    outer loop
      vertex -15.7 13.2124 0.799999
      vertex -15.7 10.7876 0.799999
      vertex -15.5917 10.7312 0.799999
    endloop
  endfacet
  facet normal -0 0 1
    outer loop
      vertex -15.803 13.1468 0.799999
      vertex -15.7 10.7876 0.799999
      vertex -15.7 13.2124 0.799999
    endloop
  endfacet
  facet normal 0 0 1
    outer loop
      vertex -15.803 13.1468 0.799999
      vertex -15.803 10.8532 0.799999
      vertex -15.7 10.7876 0.799999
    endloop
  endfacet
  facet normal -0 0 1
    outer loop
      vertex -15.8999 13.0725 0.799999
      vertex -15.803 10.8532 0.799999
      vertex -15.803 13.1468 0.799999
    endloop
  endfacet
  facet normal 0 0 1
    outer loop
      vertex -15.8999 13.0725 0.799999
      vertex -15.8999 10.9275 0.799999
      vertex -15.803 10.8532 0.799999
    endloop
  endfacet
  facet normal -0 0 1
    outer loop
      vertex -15.9899 12.9899 0.799999
      vertex -15.8999 10.9275 0.799999
      vertex -15.8999 13.0725 0.799999
    endloop
  endfacet
  facet normal 0 0 1
    outer loop
      vertex -15.9899 12.9899 0.799999
      vertex -15.9899 11.01 0.799999
      vertex -15.8999 10.9275 0.799999
    endloop
  endfacet
  facet normal -0 0 1
    outer loop
      vertex -16.0725 12.8999 0.799999
      vertex -15.9899 11.01 0.799999
      vertex -15.9899 12.9899 0.799999
    endloop
  endfacet
  facet normal 0 0 1
    outer loop
      vertex -16.0725 12.8999 0.799999
      vertex -16.0725 11.1001 0.799999
      vertex -15.9899 11.01 0.799999
    endloop
  endfacet
  facet normal -0 0 1
    outer loop
      vertex -16.1468 12.803 0.799999
      vertex -16.0725 11.1001 0.799999
      vertex -16.0725 12.8999 0.799999
    endloop
  endfacet
  facet normal 0 0 1
    outer loop
      vertex -16.1468 12.803 0.799999
      vertex -16.1468 11.197 0.799999
      vertex -16.0725 11.1001 0.799999
    endloop
  endfacet
  facet normal -0 0 1
    outer loop
      vertex -16.2124 12.7 0.799999
      vertex -16.1468 11.197 0.799999
      vertex -16.1468 12.803 0.799999
    endloop
  endfacet
  facet normal 0 0 1
    outer loop
      vertex -16.2124 12.7 0.799999
      vertex -16.2124 11.3 0.799999
      vertex -16.1468 11.197 0.799999
    endloop
  endfacet
  facet normal -0 0 1
    outer loop
      vertex -16.2688 12.5917 0.799999
      vertex -16.2124 11.3 0.799999
      vertex -16.2124 12.7 0.799999
    endloop
  endfacet
  facet normal 0 0 1
    outer loop
      vertex -16.2688 12.5917 0.799999
      vertex -16.2688 11.4083 0.799999
      vertex -16.2124 11.3 0.799999
    endloop
  endfacet
  facet normal -0 0 1
    outer loop
      vertex -16.3156 12.4788 0.799999
      vertex -16.2688 11.4083 0.799999
      vertex -16.2688 12.5917 0.799999
    endloop
  endfacet
  facet normal 0 0 1
    outer loop
      vertex -16.3156 12.4788 0.799999
      vertex -16.3156 11.5212 0.799999
      vertex -16.2688 11.4083 0.799999
    endloop
  endfacet
  facet normal -0 0 1
    outer loop
      vertex -16.3523 12.3623 0.799999
      vertex -16.3156 11.5212 0.799999
      vertex -16.3156 12.4788 0.799999
    endloop
  endfacet
  facet normal 0 0 1
    outer loop
      vertex -16.3523 12.3623 0.799999
      vertex -16.3523 11.6377 0.799999
      vertex -16.3156 11.5212 0.799999
    endloop
  endfacet
  facet normal -0 0 1
    outer loop
      vertex -16.3787 12.2431 0.799999
      vertex -16.3523 11.6377 0.799999
      vertex -16.3523 12.3623 0.799999
    endloop
  endfacet
  facet normal 0 0 1
    outer loop
      vertex -16.3787 12.2431 0.799999
      vertex -16.3787 11.7569 0.799999
      vertex -16.3523 11.6377 0.799999
    endloop
  endfacet
  facet normal -0 0 1
    outer loop
      vertex -16.3947 12.122 0.799999
      vertex -16.3787 11.7569 0.799999
      vertex -16.3787 12.2431 0.799999
    endloop
  endfacet
  facet normal 0 0 1
    outer loop
      vertex -16.3947 12.122 0.799999
      vertex -16.3947 11.878 0.799999
      vertex -16.3787 11.7569 0.799999
    endloop
  endfacet
  facet normal 0 -0 1
    outer loop
      vertex -16.3947 11.878 0.799999
      vertex -16.3947 12.122 0.799999
      vertex -16.4 12 0.799999
    endloop
  endfacet
  facet normal 0.886935 -0.461894 0
    outer loop
      vertex -16.2688 12.5917 5
      vertex -16.2124 12.7 0.799999
      vertex -16.2124 12.7 5
    endloop
  endfacet
  facet normal 0.886935 -0.461894 0
    outer loop
      vertex -16.2124 12.7 0.799999
      vertex -16.2688 12.5917 5
      vertex -16.2688 12.5917 0.799999
    endloop
  endfacet
  facet normal 0.923777 -0.38293 0
    outer loop
      vertex -16.3156 12.4788 5
      vertex -16.2688 12.5917 0.799999
      vertex -16.2688 12.5917 5
    endloop
  endfacet
  facet normal 0.923777 -0.38293 0
    outer loop
      vertex -16.2688 12.5917 0.799999
      vertex -16.3156 12.4788 5
      vertex -16.3156 12.4788 0.799999
    endloop
  endfacet
  facet normal 0.976341 -0.216237 0
    outer loop
      vertex -16.3787 12.2431 5
      vertex -16.3523 12.3623 0.799999
      vertex -16.3523 12.3623 5
    endloop
  endfacet
  facet normal 0.976341 -0.216237 0
    outer loop
      vertex -16.3523 12.3623 0.799999
      vertex -16.3787 12.2431 5
      vertex -16.3787 12.2431 0.799999
    endloop
  endfacet
  facet normal 0.999058 -0.0434017 0
    outer loop
      vertex -16.4 12 5
      vertex -16.3947 12.122 0.799999
      vertex -16.3947 12.122 5
    endloop
  endfacet
  facet normal 0.999058 -0.0434017 0
    outer loop
      vertex -16.3947 12.122 0.799999
      vertex -16.4 12 5
      vertex -16.4 12 0.799999
    endloop
  endfacet
  facet normal 0.537193 -0.843459 0
    outer loop
      vertex -15.803 13.1468 0.799999
      vertex -15.7 13.2124 5
      vertex -15.803 13.1468 5
    endloop
  endfacet
  facet normal 0.537193 -0.843459 0
    outer loop
      vertex -15.7 13.2124 5
      vertex -15.803 13.1468 0.799999
      vertex -15.7 13.2124 0.799999
    endloop
  endfacet
  facet normal 0.461894 -0.886935 0
    outer loop
      vertex -15.7 13.2124 0.799999
      vertex -15.5917 13.2688 5
      vertex -15.7 13.2124 5
    endloop
  endfacet
  facet normal 0.461894 -0.886935 0
    outer loop
      vertex -15.5917 13.2688 5
      vertex -15.7 13.2124 0.799999
      vertex -15.5917 13.2688 0.799999
    endloop
  endfacet
  facet normal 0.676169 -0.736746 0
    outer loop
      vertex -15.9899 12.9899 0.799999
      vertex -15.8999 13.0725 5
      vertex -15.9899 12.9899 5
    endloop
  endfacet
  facet normal 0.676169 -0.736746 0
    outer loop
      vertex -15.8999 13.0725 5
      vertex -15.9899 12.9899 0.799999
      vertex -15.8999 13.0725 0.799999
    endloop
  endfacet
  facet normal 0.300465 -0.953793 0
    outer loop
      vertex -15.4788 13.3156 0.799999
      vertex -15.3623 13.3523 5
      vertex -15.4788 13.3156 5
    endloop
  endfacet
  facet normal 0.300465 -0.953793 0
    outer loop
      vertex -15.3623 13.3523 5
      vertex -15.4788 13.3156 0.799999
      vertex -15.3623 13.3523 0.799999
    endloop
  endfacet
  facet normal 0.130984 -0.991384 0
    outer loop
      vertex -15.2431 13.3787 0.799999
      vertex -15.122 13.3947 5
      vertex -15.2431 13.3787 5
    endloop
  endfacet
  facet normal 0.130984 -0.991384 0
    outer loop
      vertex -15.122 13.3947 5
      vertex -15.2431 13.3787 0.799999
      vertex -15.122 13.3947 0.799999
    endloop
  endfacet
  facet normal -0.999058 0.0434017 0
    outer loop
      vertex -13.6053 11.878 0.799999
      vertex -13.6 12 5
      vertex -13.6 12 0.799999
    endloop
  endfacet
  facet normal -0.999058 0.0434017 0
    outer loop
      vertex -13.6 12 5
      vertex -13.6053 11.878 0.799999
      vertex -13.6053 11.878 5
    endloop
  endfacet
  facet normal -0.130984 0.991384 0
    outer loop
      vertex -14.7569 10.6213 0.799999
      vertex -14.878 10.6053 5
      vertex -14.7569 10.6213 5
    endloop
  endfacet
  facet normal -0.130984 0.991384 0
    outer loop
      vertex -14.878 10.6053 5
      vertex -14.7569 10.6213 0.799999
      vertex -14.878 10.6053 0.799999
    endloop
  endfacet
  facet normal -0.300465 0.953793 0
    outer loop
      vertex -14.5212 10.6844 0.799999
      vertex -14.6377 10.6477 5
      vertex -14.5212 10.6844 5
    endloop
  endfacet
  facet normal -0.300465 0.953793 0
    outer loop
      vertex -14.6377 10.6477 5
      vertex -14.5212 10.6844 0.799999
      vertex -14.6377 10.6477 0.799999
    endloop
  endfacet
  facet normal -0.675317 0.737528 0
    outer loop
      vertex -14.01 11.01 0.799999
      vertex -14.1001 10.9275 5
      vertex -14.01 11.01 5
    endloop
  endfacet
  facet normal -0.675317 0.737528 0
    outer loop
      vertex -14.1001 10.9275 5
      vertex -14.01 11.01 0.799999
      vertex -14.1001 10.9275 0.799999
    endloop
  endfacet
  facet normal -0.608483 0.793567 0
    outer loop
      vertex -14.1001 10.9275 0.799999
      vertex -14.197 10.8532 5
      vertex -14.1001 10.9275 5
    endloop
  endfacet
  facet normal -0.608483 0.793567 0
    outer loop
      vertex -14.197 10.8532 5
      vertex -14.1001 10.9275 0.799999
      vertex -14.197 10.8532 0.799999
    endloop
  endfacet
  facet normal -0.461894 0.886935 0
    outer loop
      vertex -14.3 10.7876 0.799999
      vertex -14.4083 10.7312 5
      vertex -14.3 10.7876 5
    endloop
  endfacet
  facet normal -0.461894 0.886935 0
    outer loop
      vertex -14.4083 10.7312 5
      vertex -14.3 10.7876 0.799999
      vertex -14.4083 10.7312 0.799999
    endloop
  endfacet
  facet normal -0.923777 0.38293 0
    outer loop
      vertex -13.7312 11.4083 0.799999
      vertex -13.6844 11.5212 5
      vertex -13.6844 11.5212 0.799999
    endloop
  endfacet
  facet normal -0.923777 0.38293 0
    outer loop
      vertex -13.6844 11.5212 5
      vertex -13.7312 11.4083 0.799999
      vertex -13.7312 11.4083 5
    endloop
  endfacet
  facet normal -0.976341 0.216237 0
    outer loop
      vertex -13.6477 11.6377 0.799999
      vertex -13.6213 11.7569 5
      vertex -13.6213 11.7569 0.799999
    endloop
  endfacet
  facet normal -0.976341 0.216237 0
    outer loop
      vertex -13.6213 11.7569 5
      vertex -13.6477 11.6377 0.799999
      vertex -13.6477 11.6377 5
    endloop
  endfacet
  facet normal 0.38293 0.923777 -0
    outer loop
      vertex -15.4788 10.6844 0.799999
      vertex -15.5917 10.7312 5
      vertex -15.4788 10.6844 5
    endloop
  endfacet
  facet normal 0.38293 0.923777 0
    outer loop
      vertex -15.5917 10.7312 5
      vertex -15.4788 10.6844 0.799999
      vertex -15.5917 10.7312 0.799999
    endloop
  endfacet
  facet normal 0.216237 0.976341 -0
    outer loop
      vertex -15.2431 10.6213 0.799999
      vertex -15.3623 10.6477 5
      vertex -15.2431 10.6213 5
    endloop
  endfacet
  facet normal 0.216237 0.976341 0
    outer loop
      vertex -15.3623 10.6477 5
      vertex -15.2431 10.6213 0.799999
      vertex -15.3623 10.6477 0.799999
    endloop
  endfacet
  facet normal 0.0434017 0.999058 -0
    outer loop
      vertex -15 10.6 0.799999
      vertex -15.122 10.6053 5
      vertex -15 10.6 5
    endloop
  endfacet
  facet normal 0.0434017 0.999058 0
    outer loop
      vertex -15.122 10.6053 5
      vertex -15 10.6 0.799999
      vertex -15.122 10.6053 0.799999
    endloop
  endfacet
  facet normal 0.886935 0.461894 0
    outer loop
      vertex -16.2124 11.3 5
      vertex -16.2688 11.4083 0.799999
      vertex -16.2688 11.4083 5
    endloop
  endfacet
  facet normal 0.886935 0.461894 0
    outer loop
      vertex -16.2688 11.4083 0.799999
      vertex -16.2124 11.3 5
      vertex -16.2124 11.3 0.799999
    endloop
  endfacet
  facet normal 0.73712 0.675762 0
    outer loop
      vertex -15.9899 11.01 5
      vertex -16.0725 11.1001 0.799999
      vertex -16.0725 11.1001 5
    endloop
  endfacet
  facet normal 0.73712 0.675762 0
    outer loop
      vertex -16.0725 11.1001 0.799999
      vertex -15.9899 11.01 5
      vertex -15.9899 11.01 0.799999
    endloop
  endfacet
  facet normal 0.953793 0.300465 0
    outer loop
      vertex -16.3156 11.5212 5
      vertex -16.3523 11.6377 0.799999
      vertex -16.3523 11.6377 5
    endloop
  endfacet
  facet normal 0.953793 0.300465 0
    outer loop
      vertex -16.3523 11.6377 0.799999
      vertex -16.3156 11.5212 5
      vertex -16.3156 11.5212 0.799999
    endloop
  endfacet
  facet normal 0.923777 0.38293 0
    outer loop
      vertex -16.2688 11.4083 5
      vertex -16.3156 11.5212 0.799999
      vertex -16.3156 11.5212 5
    endloop
  endfacet
  facet normal 0.923777 0.38293 0
    outer loop
      vertex -16.3156 11.5212 0.799999
      vertex -16.2688 11.4083 5
      vertex -16.2688 11.4083 0.799999
    endloop
  endfacet
  facet normal 0.991384 0.130984 0
    outer loop
      vertex -16.3787 11.7569 5
      vertex -16.3947 11.878 0.799999
      vertex -16.3947 11.878 5
    endloop
  endfacet
  facet normal 0.991384 0.130984 0
    outer loop
      vertex -16.3947 11.878 0.799999
      vertex -16.3787 11.7569 5
      vertex -16.3787 11.7569 0.799999
    endloop
  endfacet
  facet normal -0.608483 -0.793567 0
    outer loop
      vertex -14.197 13.1468 0.799999
      vertex -14.1001 13.0725 5
      vertex -14.197 13.1468 5
    endloop
  endfacet
  facet normal -0.608483 -0.793567 -0
    outer loop
      vertex -14.1001 13.0725 5
      vertex -14.197 13.1468 0.799999
      vertex -14.1001 13.0725 0.799999
    endloop
  endfacet
  facet normal 0.793567 -0.608483 0
    outer loop
      vertex -16.1468 12.803 5
      vertex -16.0725 12.8999 0.799999
      vertex -16.0725 12.8999 5
    endloop
  endfacet
  facet normal 0.793567 -0.608483 0
    outer loop
      vertex -16.0725 12.8999 0.799999
      vertex -16.1468 12.803 5
      vertex -16.1468 12.803 0.799999
    endloop
  endfacet
  facet normal 0.999058 0.0434017 0
    outer loop
      vertex -16.3947 11.878 5
      vertex -16.4 12 0.799999
      vertex -16.4 12 5
    endloop
  endfacet
  facet normal 0.999058 0.0434017 0
    outer loop
      vertex -16.4 12 0.799999
      vertex -16.3947 11.878 5
      vertex -16.3947 11.878 0.799999
    endloop
  endfacet
  facet normal 0.608483 -0.793567 0
    outer loop
      vertex -15.8999 13.0725 0.799999
      vertex -15.803 13.1468 5
      vertex -15.8999 13.0725 5
    endloop
  endfacet
  facet normal 0.608483 -0.793567 0
    outer loop
      vertex -15.803 13.1468 5
      vertex -15.8999 13.0725 0.799999
      vertex -15.803 13.1468 0.799999
    endloop
  endfacet
  facet normal -0.216237 0.976341 0
    outer loop
      vertex -14.6377 10.6477 0.799999
      vertex -14.7569 10.6213 5
      vertex -14.6377 10.6477 5
    endloop
  endfacet
  facet normal -0.216237 0.976341 0
    outer loop
      vertex -14.7569 10.6213 5
      vertex -14.6377 10.6477 0.799999
      vertex -14.7569 10.6213 0.799999
    endloop
  endfacet
  facet normal -0.38293 0.923777 0
    outer loop
      vertex -14.4083 10.7312 0.799999
      vertex -14.5212 10.6844 5
      vertex -14.4083 10.7312 5
    endloop
  endfacet
  facet normal -0.38293 0.923777 0
    outer loop
      vertex -14.5212 10.6844 5
      vertex -14.4083 10.7312 0.799999
      vertex -14.5212 10.6844 0.799999
    endloop
  endfacet
  facet normal -0.737528 0.675317 0
    outer loop
      vertex -14.01 11.01 0.799999
      vertex -13.9275 11.1001 5
      vertex -13.9275 11.1001 0.799999
    endloop
  endfacet
  facet normal -0.737528 0.675317 0
    outer loop
      vertex -13.9275 11.1001 5
      vertex -14.01 11.01 0.799999
      vertex -14.01 11.01 5
    endloop
  endfacet
  facet normal -0.537193 0.843459 0
    outer loop
      vertex -14.197 10.8532 0.799999
      vertex -14.3 10.7876 5
      vertex -14.197 10.8532 5
    endloop
  endfacet
  facet normal -0.537193 0.843459 0
    outer loop
      vertex -14.3 10.7876 5
      vertex -14.197 10.8532 0.799999
      vertex -14.3 10.7876 0.799999
    endloop
  endfacet
  facet normal -0.886935 0.461894 0
    outer loop
      vertex -13.7876 11.3 0.799999
      vertex -13.7312 11.4083 5
      vertex -13.7312 11.4083 0.799999
    endloop
  endfacet
  facet normal -0.886935 0.461894 0
    outer loop
      vertex -13.7312 11.4083 5
      vertex -13.7876 11.3 0.799999
      vertex -13.7876 11.3 5
    endloop
  endfacet
  facet normal -0.793567 0.608483 0
    outer loop
      vertex -13.9275 11.1001 0.799999
      vertex -13.8532 11.197 5
      vertex -13.8532 11.197 0.799999
    endloop
  endfacet
  facet normal -0.793567 0.608483 0
    outer loop
      vertex -13.8532 11.197 5
      vertex -13.9275 11.1001 0.799999
      vertex -13.9275 11.1001 5
    endloop
  endfacet
  facet normal -0.843459 0.537193 0
    outer loop
      vertex -13.8532 11.197 0.799999
      vertex -13.7876 11.3 5
      vertex -13.7876 11.3 0.799999
    endloop
  endfacet
  facet normal -0.843459 0.537193 0
    outer loop
      vertex -13.7876 11.3 5
      vertex -13.8532 11.197 0.799999
      vertex -13.8532 11.197 5
    endloop
  endfacet
  facet normal -0.953793 0.300465 0
    outer loop
      vertex -13.6844 11.5212 0.799999
      vertex -13.6477 11.6377 5
      vertex -13.6477 11.6377 0.799999
    endloop
  endfacet
  facet normal -0.953793 0.300465 0
    outer loop
      vertex -13.6477 11.6377 5
      vertex -13.6844 11.5212 0.799999
      vertex -13.6844 11.5212 5
    endloop
  endfacet
  facet normal -0.991384 0.130984 0
    outer loop
      vertex -13.6213 11.7569 0.799999
      vertex -13.6053 11.878 5
      vertex -13.6053 11.878 0.799999
    endloop
  endfacet
  facet normal -0.991384 0.130984 0
    outer loop
      vertex -13.6053 11.878 5
      vertex -13.6213 11.7569 0.799999
      vertex -13.6213 11.7569 5
    endloop
  endfacet
  facet normal 0.461894 0.886935 -0
    outer loop
      vertex -15.5917 10.7312 0.799999
      vertex -15.7 10.7876 5
      vertex -15.5917 10.7312 5
    endloop
  endfacet
  facet normal 0.461894 0.886935 0
    outer loop
      vertex -15.7 10.7876 5
      vertex -15.5917 10.7312 0.799999
      vertex -15.7 10.7876 0.799999
    endloop
  endfacet
  facet normal 0.608483 0.793567 -0
    outer loop
      vertex -15.803 10.8532 0.799999
      vertex -15.8999 10.9275 5
      vertex -15.803 10.8532 5
    endloop
  endfacet
  facet normal 0.608483 0.793567 0
    outer loop
      vertex -15.8999 10.9275 5
      vertex -15.803 10.8532 0.799999
      vertex -15.8999 10.9275 0.799999
    endloop
  endfacet
  facet normal 0.537193 0.843459 -0
    outer loop
      vertex -15.7 10.7876 0.799999
      vertex -15.803 10.8532 5
      vertex -15.7 10.7876 5
    endloop
  endfacet
  facet normal 0.537193 0.843459 0
    outer loop
      vertex -15.803 10.8532 5
      vertex -15.7 10.7876 0.799999
      vertex -15.803 10.8532 0.799999
    endloop
  endfacet
  facet normal 0.300465 0.953793 -0
    outer loop
      vertex -15.3623 10.6477 0.799999
      vertex -15.4788 10.6844 5
      vertex -15.3623 10.6477 5
    endloop
  endfacet
  facet normal 0.300465 0.953793 0
    outer loop
      vertex -15.4788 10.6844 5
      vertex -15.3623 10.6477 0.799999
      vertex -15.4788 10.6844 0.799999
    endloop
  endfacet
  facet normal 0.130984 0.991384 -0
    outer loop
      vertex -15.122 10.6053 0.799999
      vertex -15.2431 10.6213 5
      vertex -15.122 10.6053 5
    endloop
  endfacet
  facet normal 0.130984 0.991384 0
    outer loop
      vertex -15.2431 10.6213 5
      vertex -15.122 10.6053 0.799999
      vertex -15.2431 10.6213 0.799999
    endloop
  endfacet
  facet normal 0.843459 0.537193 0
    outer loop
      vertex -16.1468 11.197 5
      vertex -16.2124 11.3 0.799999
      vertex -16.2124 11.3 5
    endloop
  endfacet
  facet normal 0.843459 0.537193 0
    outer loop
      vertex -16.2124 11.3 0.799999
      vertex -16.1468 11.197 5
      vertex -16.1468 11.197 0.799999
    endloop
  endfacet
  facet normal 0.976341 0.216237 0
    outer loop
      vertex -16.3523 11.6377 5
      vertex -16.3787 11.7569 0.799999
      vertex -16.3787 11.7569 5
    endloop
  endfacet
  facet normal 0.976341 0.216237 0
    outer loop
      vertex -16.3787 11.7569 0.799999
      vertex -16.3523 11.6377 5
      vertex -16.3523 11.6377 0.799999
    endloop
  endfacet
  facet normal -0.843459 -0.537193 0
    outer loop
      vertex -13.7876 12.7 0.799999
      vertex -13.8532 12.803 5
      vertex -13.8532 12.803 0.799999
    endloop
  endfacet
  facet normal -0.843459 -0.537193 0
    outer loop
      vertex -13.8532 12.803 5
      vertex -13.7876 12.7 0.799999
      vertex -13.7876 12.7 5
    endloop
  endfacet
  facet normal 0.793567 0.608483 0
    outer loop
      vertex -16.0725 11.1001 5
      vertex -16.1468 11.197 0.799999
      vertex -16.1468 11.197 5
    endloop
  endfacet
  facet normal 0.793567 0.608483 0
    outer loop
      vertex -16.1468 11.197 0.799999
      vertex -16.0725 11.1001 5
      vertex -16.0725 11.1001 0.799999
    endloop
  endfacet
  facet normal -0.461894 -0.886935 0
    outer loop
      vertex -14.4083 37.2688 0.799999
      vertex -14.3 37.2124 5
      vertex -14.4083 37.2688 5
    endloop
  endfacet
  facet normal -0.461894 -0.886935 -0
    outer loop
      vertex -14.3 37.2124 5
      vertex -14.4083 37.2688 0.799999
      vertex -14.3 37.2124 0.799999
    endloop
  endfacet
  facet normal 0.38293 -0.923777 0
    outer loop
      vertex -15.5917 37.2688 0.799999
      vertex -15.4788 37.3156 5
      vertex -15.5917 37.2688 5
    endloop
  endfacet
  facet normal 0.38293 -0.923777 0
    outer loop
      vertex -15.4788 37.3156 5
      vertex -15.5917 37.2688 0.799999
      vertex -15.4788 37.3156 0.799999
    endloop
  endfacet
  facet normal 0.953793 -0.300465 0
    outer loop
      vertex -16.3523 36.3623 5
      vertex -16.3156 36.4788 0.799999
      vertex -16.3156 36.4788 5
    endloop
  endfacet
  facet normal 0.953793 -0.300465 0
    outer loop
      vertex -16.3156 36.4788 0.799999
      vertex -16.3523 36.3623 5
      vertex -16.3523 36.3623 0.799999
    endloop
  endfacet
  facet normal 0.886935 0.461894 0
    outer loop
      vertex -16.2124 35.3 5
      vertex -16.2688 35.4083 0.799999
      vertex -16.2688 35.4083 5
    endloop
  endfacet
  facet normal 0.886935 0.461894 0
    outer loop
      vertex -16.2688 35.4083 0.799999
      vertex -16.2124 35.3 5
      vertex -16.2124 35.3 0.799999
    endloop
  endfacet
  facet normal -0.976341 -0.216237 0
    outer loop
      vertex -13.6213 36.2431 0.799999
      vertex -13.6477 36.3623 5
      vertex -13.6477 36.3623 0.799999
    endloop
  endfacet
  facet normal -0.976341 -0.216237 0
    outer loop
      vertex -13.6477 36.3623 5
      vertex -13.6213 36.2431 0.799999
      vertex -13.6213 36.2431 5
    endloop
  endfacet
  facet normal -0.953793 -0.300465 0
    outer loop
      vertex -13.6477 36.3623 0.799999
      vertex -13.6844 36.4788 5
      vertex -13.6844 36.4788 0.799999
    endloop
  endfacet
  facet normal -0.953793 -0.300465 0
    outer loop
      vertex -13.6844 36.4788 5
      vertex -13.6477 36.3623 0.799999
      vertex -13.6477 36.3623 5
    endloop
  endfacet
  facet normal -0.737154 -0.675725 0
    outer loop
      vertex -13.9275 36.8999 0.799999
      vertex -14.01 36.9899 5
      vertex -14.01 36.9899 0.799999
    endloop
  endfacet
  facet normal -0.737154 -0.675725 0
    outer loop
      vertex -14.01 36.9899 5
      vertex -13.9275 36.8999 0.799999
      vertex -13.9275 36.8999 5
    endloop
  endfacet
  facet normal -0.38293 -0.923777 0
    outer loop
      vertex -14.5212 37.3156 0.799999
      vertex -14.4083 37.2688 5
      vertex -14.5212 37.3156 5
    endloop
  endfacet
  facet normal -0.38293 -0.923777 -0
    outer loop
      vertex -14.4083 37.2688 5
      vertex -14.5212 37.3156 0.799999
      vertex -14.4083 37.2688 0.799999
    endloop
  endfacet
  facet normal 0 0 1
    outer loop
      vertex -13.6053 36.122 0.799999
      vertex -13.6053 35.878 0.799999
      vertex -13.6 36 0.799999
    endloop
  endfacet
  facet normal 0 0 1
    outer loop
      vertex -13.6213 36.2431 0.799999
      vertex -13.6053 35.878 0.799999
      vertex -13.6053 36.122 0.799999
    endloop
  endfacet
  facet normal 0 0 1
    outer loop
      vertex -13.6213 36.2431 0.799999
      vertex -13.6213 35.7569 0.799999
      vertex -13.6053 35.878 0.799999
    endloop
  endfacet
  facet normal 0 0 1
    outer loop
      vertex -13.6477 36.3623 0.799999
      vertex -13.6213 35.7569 0.799999
      vertex -13.6213 36.2431 0.799999
    endloop
  endfacet
  facet normal 0 0 1
    outer loop
      vertex -13.6477 36.3623 0.799999
      vertex -13.6477 35.6377 0.799999
      vertex -13.6213 35.7569 0.799999
    endloop
  endfacet
  facet normal 0 0 1
    outer loop
      vertex -13.6844 36.4788 0.799999
      vertex -13.6477 35.6377 0.799999
      vertex -13.6477 36.3623 0.799999
    endloop
  endfacet
  facet normal 0 0 1
    outer loop
      vertex -13.6844 36.4788 0.799999
      vertex -13.6844 35.5212 0.799999
      vertex -13.6477 35.6377 0.799999
    endloop
  endfacet
  facet normal 0 0 1
    outer loop
      vertex -13.7312 36.5917 0.799999
      vertex -13.6844 35.5212 0.799999
      vertex -13.6844 36.4788 0.799999
    endloop
  endfacet
  facet normal 0 0 1
    outer loop
      vertex -13.7312 36.5917 0.799999
      vertex -13.7312 35.4083 0.799999
      vertex -13.6844 35.5212 0.799999
    endloop
  endfacet
  facet normal 0 0 1
    outer loop
      vertex -13.7876 36.7 0.799999
      vertex -13.7312 35.4083 0.799999
      vertex -13.7312 36.5917 0.799999
    endloop
  endfacet
  facet normal 0 0 1
    outer loop
      vertex -13.7876 36.7 0.799999
      vertex -13.7876 35.3 0.799999
      vertex -13.7312 35.4083 0.799999
    endloop
  endfacet
  facet normal 0 0 1
    outer loop
      vertex -13.8532 36.803 0.799999
      vertex -13.7876 35.3 0.799999
      vertex -13.7876 36.7 0.799999
    endloop
  endfacet
  facet normal 0 0 1
    outer loop
      vertex -13.8532 36.803 0.799999
      vertex -13.8532 35.197 0.799999
      vertex -13.7876 35.3 0.799999
    endloop
  endfacet
  facet normal 0 0 1
    outer loop
      vertex -13.9275 36.8999 0.799999
      vertex -13.8532 35.197 0.799999
      vertex -13.8532 36.803 0.799999
    endloop
  endfacet
  facet normal 0 0 1
    outer loop
      vertex -13.9275 36.8999 0.799999
      vertex -13.9275 35.1001 0.799999
      vertex -13.8532 35.197 0.799999
    endloop
  endfacet
  facet normal 0 0 1
    outer loop
      vertex -14.01 36.9899 0.799999
      vertex -13.9275 35.1001 0.799999
      vertex -13.9275 36.8999 0.799999
    endloop
  endfacet
  facet normal 0 0 1
    outer loop
      vertex -14.01 36.9899 0.799999
      vertex -14.01 35.01 0.799999
      vertex -13.9275 35.1001 0.799999
    endloop
  endfacet
  facet normal 0 0 1
    outer loop
      vertex -14.1001 37.0725 0.799999
      vertex -14.01 35.01 0.799999
      vertex -14.01 36.9899 0.799999
    endloop
  endfacet
  facet normal 0 0 1
    outer loop
      vertex -14.1001 37.0725 0.799999
      vertex -14.1001 34.9275 0.799999
      vertex -14.01 35.01 0.799999
    endloop
  endfacet
  facet normal 0 0 1
    outer loop
      vertex -14.197 37.1468 0.799999
      vertex -14.1001 34.9275 0.799999
      vertex -14.1001 37.0725 0.799999
    endloop
  endfacet
  facet normal 0 0 1
    outer loop
      vertex -14.197 37.1468 0.799999
      vertex -14.197 34.8532 0.799999
      vertex -14.1001 34.9275 0.799999
    endloop
  endfacet
  facet normal 0 0 1
    outer loop
      vertex -14.3 37.2124 0.799999
      vertex -14.197 34.8532 0.799999
      vertex -14.197 37.1468 0.799999
    endloop
  endfacet
  facet normal 0 0 1
    outer loop
      vertex -14.3 37.2124 0.799999
      vertex -14.3 34.7876 0.799999
      vertex -14.197 34.8532 0.799999
    endloop
  endfacet
  facet normal 0 0 1
    outer loop
      vertex -14.4083 37.2688 0.799999
      vertex -14.3 34.7876 0.799999
      vertex -14.3 37.2124 0.799999
    endloop
  endfacet
  facet normal 0 0 1
    outer loop
      vertex -14.4083 37.2688 0.799999
      vertex -14.4083 34.7312 0.799999
      vertex -14.3 34.7876 0.799999
    endloop
  endfacet
  facet normal 0 0 1
    outer loop
      vertex -14.5212 37.3156 0.799999
      vertex -14.4083 34.7312 0.799999
      vertex -14.4083 37.2688 0.799999
    endloop
  endfacet
  facet normal 0 0 1
    outer loop
      vertex -14.5212 37.3156 0.799999
      vertex -14.5212 34.6844 0.799999
      vertex -14.4083 34.7312 0.799999
    endloop
  endfacet
  facet normal 0 0 1
    outer loop
      vertex -14.6377 37.3523 0.799999
      vertex -14.5212 34.6844 0.799999
      vertex -14.5212 37.3156 0.799999
    endloop
  endfacet
  facet normal 0 0 1
    outer loop
      vertex -14.6377 37.3523 0.799999
      vertex -14.6377 34.6477 0.799999
      vertex -14.5212 34.6844 0.799999
    endloop
  endfacet
  facet normal 0 0 1
    outer loop
      vertex -14.7569 37.3787 0.799999
      vertex -14.6377 34.6477 0.799999
      vertex -14.6377 37.3523 0.799999
    endloop
  endfacet
  facet normal 0 0 1
    outer loop
      vertex -14.7569 37.3787 0.799999
      vertex -14.7569 34.6213 0.799999
      vertex -14.6377 34.6477 0.799999
    endloop
  endfacet
  facet normal 0 0 1
    outer loop
      vertex -14.878 37.3947 0.799999
      vertex -14.7569 34.6213 0.799999
      vertex -14.7569 37.3787 0.799999
    endloop
  endfacet
  facet normal 0 0 1
    outer loop
      vertex -14.878 37.3947 0.799999
      vertex -14.878 34.6053 0.799999
      vertex -14.7569 34.6213 0.799999
    endloop
  endfacet
  facet normal 0 0 1
    outer loop
      vertex -15 37.4 0.799999
      vertex -14.878 34.6053 0.799999
      vertex -14.878 37.3947 0.799999
    endloop
  endfacet
  facet normal 0 0 1
    outer loop
      vertex -15 37.4 0.799999
      vertex -15 34.6 0.799999
      vertex -14.878 34.6053 0.799999
    endloop
  endfacet
  facet normal -0 0 1
    outer loop
      vertex -15.122 37.3947 0.799999
      vertex -15 34.6 0.799999
      vertex -15 37.4 0.799999
    endloop
  endfacet
  facet normal 0 0 1
    outer loop
      vertex -15.122 37.3947 0.799999
      vertex -15.122 34.6053 0.799999
      vertex -15 34.6 0.799999
    endloop
  endfacet
  facet normal -0 0 1
    outer loop
      vertex -15.2431 37.3787 0.799999
      vertex -15.122 34.6053 0.799999
      vertex -15.122 37.3947 0.799999
    endloop
  endfacet
  facet normal 0 0 1
    outer loop
      vertex -15.2431 37.3787 0.799999
      vertex -15.2431 34.6213 0.799999
      vertex -15.122 34.6053 0.799999
    endloop
  endfacet
  facet normal -0 0 1
    outer loop
      vertex -15.3623 37.3523 0.799999
      vertex -15.2431 34.6213 0.799999
      vertex -15.2431 37.3787 0.799999
    endloop
  endfacet
  facet normal 0 0 1
    outer loop
      vertex -15.3623 37.3523 0.799999
      vertex -15.3623 34.6477 0.799999
      vertex -15.2431 34.6213 0.799999
    endloop
  endfacet
  facet normal -0 0 1
    outer loop
      vertex -15.4788 37.3156 0.799999
      vertex -15.3623 34.6477 0.799999
      vertex -15.3623 37.3523 0.799999
    endloop
  endfacet
  facet normal 0 0 1
    outer loop
      vertex -15.4788 37.3156 0.799999
      vertex -15.4788 34.6844 0.799999
      vertex -15.3623 34.6477 0.799999
    endloop
  endfacet
  facet normal -0 0 1
    outer loop
      vertex -15.5917 37.2688 0.799999
      vertex -15.4788 34.6844 0.799999
      vertex -15.4788 37.3156 0.799999
    endloop
  endfacet
  facet normal 0 0 1
    outer loop
      vertex -15.5917 37.2688 0.799999
      vertex -15.5917 34.7312 0.799999
      vertex -15.4788 34.6844 0.799999
    endloop
  endfacet
  facet normal -0 0 1
    outer loop
      vertex -15.7 37.2124 0.799999
      vertex -15.5917 34.7312 0.799999
      vertex -15.5917 37.2688 0.799999
    endloop
  endfacet
  facet normal 0 0 1
    outer loop
      vertex -15.7 37.2124 0.799999
      vertex -15.7 34.7876 0.799999
      vertex -15.5917 34.7312 0.799999
    endloop
  endfacet
  facet normal -0 0 1
    outer loop
      vertex -15.803 37.1468 0.799999
      vertex -15.7 34.7876 0.799999
      vertex -15.7 37.2124 0.799999
    endloop
  endfacet
  facet normal 0 0 1
    outer loop
      vertex -15.803 37.1468 0.799999
      vertex -15.803 34.8532 0.799999
      vertex -15.7 34.7876 0.799999
    endloop
  endfacet
  facet normal -0 0 1
    outer loop
      vertex -15.8999 37.0725 0.799999
      vertex -15.803 34.8532 0.799999
      vertex -15.803 37.1468 0.799999
    endloop
  endfacet
  facet normal 0 0 1
    outer loop
      vertex -15.8999 37.0725 0.799999
      vertex -15.8999 34.9275 0.799999
      vertex -15.803 34.8532 0.799999
    endloop
  endfacet
  facet normal -0 0 1
    outer loop
      vertex -15.9899 36.9899 0.799999
      vertex -15.8999 34.9275 0.799999
      vertex -15.8999 37.0725 0.799999
    endloop
  endfacet
  facet normal 0 0 1
    outer loop
      vertex -15.9899 36.9899 0.799999
      vertex -15.9899 35.01 0.799999
      vertex -15.8999 34.9275 0.799999
    endloop
  endfacet
  facet normal -0 0 1
    outer loop
      vertex -16.0725 36.8999 0.799999
      vertex -15.9899 35.01 0.799999
      vertex -15.9899 36.9899 0.799999
    endloop
  endfacet
  facet normal 0 0 1
    outer loop
      vertex -16.0725 36.8999 0.799999
      vertex -16.0725 35.1001 0.799999
      vertex -15.9899 35.01 0.799999
    endloop
  endfacet
  facet normal -0 0 1
    outer loop
      vertex -16.1468 36.803 0.799999
      vertex -16.0725 35.1001 0.799999
      vertex -16.0725 36.8999 0.799999
    endloop
  endfacet
  facet normal 0 0 1
    outer loop
      vertex -16.1468 36.803 0.799999
      vertex -16.1468 35.197 0.799999
      vertex -16.0725 35.1001 0.799999
    endloop
  endfacet
  facet normal -0 0 1
    outer loop
      vertex -16.2124 36.7 0.799999
      vertex -16.1468 35.197 0.799999
      vertex -16.1468 36.803 0.799999
    endloop
  endfacet
  facet normal 0 0 1
    outer loop
      vertex -16.2124 36.7 0.799999
      vertex -16.2124 35.3 0.799999
      vertex -16.1468 35.197 0.799999
    endloop
  endfacet
  facet normal -0 0 1
    outer loop
      vertex -16.2688 36.5917 0.799999
      vertex -16.2124 35.3 0.799999
      vertex -16.2124 36.7 0.799999
    endloop
  endfacet
  facet normal 0 0 1
    outer loop
      vertex -16.2688 36.5917 0.799999
      vertex -16.2688 35.4083 0.799999
      vertex -16.2124 35.3 0.799999
    endloop
  endfacet
  facet normal -0 0 1
    outer loop
      vertex -16.3156 36.4788 0.799999
      vertex -16.2688 35.4083 0.799999
      vertex -16.2688 36.5917 0.799999
    endloop
  endfacet
  facet normal 0 0 1
    outer loop
      vertex -16.3156 36.4788 0.799999
      vertex -16.3156 35.5212 0.799999
      vertex -16.2688 35.4083 0.799999
    endloop
  endfacet
  facet normal -0 0 1
    outer loop
      vertex -16.3523 36.3623 0.799999
      vertex -16.3156 35.5212 0.799999
      vertex -16.3156 36.4788 0.799999
    endloop
  endfacet
  facet normal 0 0 1
    outer loop
      vertex -16.3523 36.3623 0.799999
      vertex -16.3523 35.6377 0.799999
      vertex -16.3156 35.5212 0.799999
    endloop
  endfacet
  facet normal -0 0 1
    outer loop
      vertex -16.3787 36.2431 0.799999
      vertex -16.3523 35.6377 0.799999
      vertex -16.3523 36.3623 0.799999
    endloop
  endfacet
  facet normal 0 0 1
    outer loop
      vertex -16.3787 36.2431 0.799999
      vertex -16.3787 35.7569 0.799999
      vertex -16.3523 35.6377 0.799999
    endloop
  endfacet
  facet normal -0 0 1
    outer loop
      vertex -16.3947 36.122 0.799999
      vertex -16.3787 35.7569 0.799999
      vertex -16.3787 36.2431 0.799999
    endloop
  endfacet
  facet normal 0 0 1
    outer loop
      vertex -16.3947 36.122 0.799999
      vertex -16.3947 35.878 0.799999
      vertex -16.3787 35.7569 0.799999
    endloop
  endfacet
  facet normal 0 -0 1
    outer loop
      vertex -16.3947 35.878 0.799999
      vertex -16.3947 36.122 0.799999
      vertex -16.4 36 0.799999
    endloop
  endfacet
  facet normal 0.999058 0.0434017 0
    outer loop
      vertex -16.3947 35.878 5
      vertex -16.4 36 0.799999
      vertex -16.4 36 5
    endloop
  endfacet
  facet normal 0.999058 0.0434017 0
    outer loop
      vertex -16.4 36 0.799999
      vertex -16.3947 35.878 5
      vertex -16.3947 35.878 0.799999
    endloop
  endfacet
  facet normal 0.676169 -0.736746 0
    outer loop
      vertex -15.9899 36.9899 0.799999
      vertex -15.8999 37.0725 5
      vertex -15.9899 36.9899 5
    endloop
  endfacet
  facet normal 0.676169 -0.736746 0
    outer loop
      vertex -15.8999 37.0725 5
      vertex -15.9899 36.9899 0.799999
      vertex -15.8999 37.0725 0.799999
    endloop
  endfacet
  facet normal -0.976341 0.216237 0
    outer loop
      vertex -13.6477 35.6377 0.799999
      vertex -13.6213 35.7569 5
      vertex -13.6213 35.7569 0.799999
    endloop
  endfacet
  facet normal -0.976341 0.216237 0
    outer loop
      vertex -13.6213 35.7569 5
      vertex -13.6477 35.6377 0.799999
      vertex -13.6477 35.6377 5
    endloop
  endfacet
  facet normal -0.300465 0.953793 0
    outer loop
      vertex -14.5212 34.6844 0.799999
      vertex -14.6377 34.6477 5
      vertex -14.5212 34.6844 5
    endloop
  endfacet
  facet normal -0.300465 0.953793 0
    outer loop
      vertex -14.6377 34.6477 5
      vertex -14.5212 34.6844 0.799999
      vertex -14.6377 34.6477 0.799999
    endloop
  endfacet
  facet normal -0.737528 0.675317 0
    outer loop
      vertex -14.01 35.01 0.799999
      vertex -13.9275 35.1001 5
      vertex -13.9275 35.1001 0.799999
    endloop
  endfacet
  facet normal -0.737528 0.675317 0
    outer loop
      vertex -13.9275 35.1001 5
      vertex -14.01 35.01 0.799999
      vertex -14.01 35.01 5
    endloop
  endfacet
  facet normal -0.0434017 0.999058 0
    outer loop
      vertex -14.878 34.6053 0.799999
      vertex -15 34.6 5
      vertex -14.878 34.6053 5
    endloop
  endfacet
  facet normal -0.0434017 0.999058 0
    outer loop
      vertex -15 34.6 5
      vertex -14.878 34.6053 0.799999
      vertex -15 34.6 0.799999
    endloop
  endfacet
  facet normal 0.38293 0.923777 -0
    outer loop
      vertex -15.4788 34.6844 0.799999
      vertex -15.5917 34.7312 5
      vertex -15.4788 34.6844 5
    endloop
  endfacet
  facet normal 0.38293 0.923777 0
    outer loop
      vertex -15.5917 34.7312 5
      vertex -15.4788 34.6844 0.799999
      vertex -15.5917 34.7312 0.799999
    endloop
  endfacet
  facet normal -0.991384 -0.130984 0
    outer loop
      vertex -13.6053 36.122 0.799999
      vertex -13.6213 36.2431 5
      vertex -13.6213 36.2431 0.799999
    endloop
  endfacet
  facet normal -0.991384 -0.130984 0
    outer loop
      vertex -13.6213 36.2431 5
      vertex -13.6053 36.122 0.799999
      vertex -13.6053 36.122 5
    endloop
  endfacet
  facet normal -0.923777 -0.38293 0
    outer loop
      vertex -13.6844 36.4788 0.799999
      vertex -13.7312 36.5917 5
      vertex -13.7312 36.5917 0.799999
    endloop
  endfacet
  facet normal -0.923777 -0.38293 0
    outer loop
      vertex -13.7312 36.5917 5
      vertex -13.6844 36.4788 0.799999
      vertex -13.6844 36.4788 5
    endloop
  endfacet
  facet normal -0.886935 -0.461894 0
    outer loop
      vertex -13.7312 36.5917 0.799999
      vertex -13.7876 36.7 5
      vertex -13.7876 36.7 0.799999
    endloop
  endfacet
  facet normal -0.886935 -0.461894 0
    outer loop
      vertex -13.7876 36.7 5
      vertex -13.7312 36.5917 0.799999
      vertex -13.7312 36.5917 5
    endloop
  endfacet
  facet normal -0.675762 -0.73712 0
    outer loop
      vertex -14.1001 37.0725 0.799999
      vertex -14.01 36.9899 5
      vertex -14.1001 37.0725 5
    endloop
  endfacet
  facet normal -0.675762 -0.73712 -0
    outer loop
      vertex -14.01 36.9899 5
      vertex -14.1001 37.0725 0.799999
      vertex -14.01 36.9899 0.799999
    endloop
  endfacet
  facet normal 0.0434017 -0.999058 0
    outer loop
      vertex -15.122 37.3947 0.799999
      vertex -15 37.4 5
      vertex -15.122 37.3947 5
    endloop
  endfacet
  facet normal 0.0434017 -0.999058 0
    outer loop
      vertex -15 37.4 5
      vertex -15.122 37.3947 0.799999
      vertex -15 37.4 0.799999
    endloop
  endfacet
  facet normal -0.300465 -0.953793 0
    outer loop
      vertex -14.6377 37.3523 0.799999
      vertex -14.5212 37.3156 5
      vertex -14.6377 37.3523 5
    endloop
  endfacet
  facet normal -0.300465 -0.953793 -0
    outer loop
      vertex -14.5212 37.3156 5
      vertex -14.6377 37.3523 0.799999
      vertex -14.5212 37.3156 0.799999
    endloop
  endfacet
  facet normal -0.130984 -0.991384 0
    outer loop
      vertex -14.878 37.3947 0.799999
      vertex -14.7569 37.3787 5
      vertex -14.878 37.3947 5
    endloop
  endfacet
  facet normal -0.130984 -0.991384 -0
    outer loop
      vertex -14.7569 37.3787 5
      vertex -14.878 37.3947 0.799999
      vertex -14.7569 37.3787 0.799999
    endloop
  endfacet
  facet normal 0.991384 -0.130984 0
    outer loop
      vertex -16.3947 36.122 5
      vertex -16.3787 36.2431 0.799999
      vertex -16.3787 36.2431 5
    endloop
  endfacet
  facet normal 0.991384 -0.130984 0
    outer loop
      vertex -16.3787 36.2431 0.799999
      vertex -16.3947 36.122 5
      vertex -16.3947 36.122 0.799999
    endloop
  endfacet
  facet normal 0.843459 -0.537193 0
    outer loop
      vertex -16.2124 36.7 5
      vertex -16.1468 36.803 0.799999
      vertex -16.1468 36.803 5
    endloop
  endfacet
  facet normal 0.843459 -0.537193 0
    outer loop
      vertex -16.1468 36.803 0.799999
      vertex -16.2124 36.7 5
      vertex -16.2124 36.7 0.799999
    endloop
  endfacet
  facet normal 0.886935 -0.461894 0
    outer loop
      vertex -16.2688 36.5917 5
      vertex -16.2124 36.7 0.799999
      vertex -16.2124 36.7 5
    endloop
  endfacet
  facet normal 0.886935 -0.461894 0
    outer loop
      vertex -16.2124 36.7 0.799999
      vertex -16.2688 36.5917 5
      vertex -16.2688 36.5917 0.799999
    endloop
  endfacet
  facet normal 0.130984 -0.991384 0
    outer loop
      vertex -15.2431 37.3787 0.799999
      vertex -15.122 37.3947 5
      vertex -15.2431 37.3787 5
    endloop
  endfacet
  facet normal 0.130984 -0.991384 0
    outer loop
      vertex -15.122 37.3947 5
      vertex -15.2431 37.3787 0.799999
      vertex -15.122 37.3947 0.799999
    endloop
  endfacet
  facet normal 0.216237 -0.976341 0
    outer loop
      vertex -15.3623 37.3523 0.799999
      vertex -15.2431 37.3787 5
      vertex -15.3623 37.3523 5
    endloop
  endfacet
  facet normal 0.216237 -0.976341 0
    outer loop
      vertex -15.2431 37.3787 5
      vertex -15.3623 37.3523 0.799999
      vertex -15.2431 37.3787 0.799999
    endloop
  endfacet
  facet normal 0.461894 -0.886935 0
    outer loop
      vertex -15.7 37.2124 0.799999
      vertex -15.5917 37.2688 5
      vertex -15.7 37.2124 5
    endloop
  endfacet
  facet normal 0.461894 -0.886935 0
    outer loop
      vertex -15.5917 37.2688 5
      vertex -15.7 37.2124 0.799999
      vertex -15.5917 37.2688 0.799999
    endloop
  endfacet
  facet normal 0.736746 -0.676169 0
    outer loop
      vertex -16.0725 36.8999 5
      vertex -15.9899 36.9899 0.799999
      vertex -15.9899 36.9899 5
    endloop
  endfacet
  facet normal 0.736746 -0.676169 0
    outer loop
      vertex -15.9899 36.9899 0.799999
      vertex -16.0725 36.8999 5
      vertex -16.0725 36.8999 0.799999
    endloop
  endfacet
  facet normal -0.999058 -0.0434017 0
    outer loop
      vertex -13.6 36 0.799999
      vertex -13.6053 36.122 5
      vertex -13.6053 36.122 0.799999
    endloop
  endfacet
  facet normal -0.999058 -0.0434017 0
    outer loop
      vertex -13.6053 36.122 5
      vertex -13.6 36 0.799999
      vertex -13.6 36 5
    endloop
  endfacet
  facet normal -0.130984 0.991384 0
    outer loop
      vertex -14.7569 34.6213 0.799999
      vertex -14.878 34.6053 5
      vertex -14.7569 34.6213 5
    endloop
  endfacet
  facet normal -0.130984 0.991384 0
    outer loop
      vertex -14.878 34.6053 5
      vertex -14.7569 34.6213 0.799999
      vertex -14.878 34.6053 0.799999
    endloop
  endfacet
  facet normal -0.216237 0.976341 0
    outer loop
      vertex -14.6377 34.6477 0.799999
      vertex -14.7569 34.6213 5
      vertex -14.6377 34.6477 5
    endloop
  endfacet
  facet normal -0.216237 0.976341 0
    outer loop
      vertex -14.7569 34.6213 5
      vertex -14.6377 34.6477 0.799999
      vertex -14.7569 34.6213 0.799999
    endloop
  endfacet
  facet normal -0.461894 0.886935 0
    outer loop
      vertex -14.3 34.7876 0.799999
      vertex -14.4083 34.7312 5
      vertex -14.3 34.7876 5
    endloop
  endfacet
  facet normal -0.461894 0.886935 0
    outer loop
      vertex -14.4083 34.7312 5
      vertex -14.3 34.7876 0.799999
      vertex -14.4083 34.7312 0.799999
    endloop
  endfacet
  facet normal -0.675317 0.737528 0
    outer loop
      vertex -14.01 35.01 0.799999
      vertex -14.1001 34.9275 5
      vertex -14.01 35.01 5
    endloop
  endfacet
  facet normal -0.675317 0.737528 0
    outer loop
      vertex -14.1001 34.9275 5
      vertex -14.01 35.01 0.799999
      vertex -14.1001 34.9275 0.799999
    endloop
  endfacet
  facet normal 0.130984 0.991384 -0
    outer loop
      vertex -15.122 34.6053 0.799999
      vertex -15.2431 34.6213 5
      vertex -15.122 34.6053 5
    endloop
  endfacet
  facet normal 0.130984 0.991384 0
    outer loop
      vertex -15.2431 34.6213 5
      vertex -15.122 34.6053 0.799999
      vertex -15.2431 34.6213 0.799999
    endloop
  endfacet
  facet normal 0.216237 0.976341 -0
    outer loop
      vertex -15.2431 34.6213 0.799999
      vertex -15.3623 34.6477 5
      vertex -15.2431 34.6213 5
    endloop
  endfacet
  facet normal 0.216237 0.976341 0
    outer loop
      vertex -15.3623 34.6477 5
      vertex -15.2431 34.6213 0.799999
      vertex -15.3623 34.6477 0.799999
    endloop
  endfacet
  facet normal 0.0434017 0.999058 -0
    outer loop
      vertex -15 34.6 0.799999
      vertex -15.122 34.6053 5
      vertex -15 34.6 5
    endloop
  endfacet
  facet normal 0.0434017 0.999058 0
    outer loop
      vertex -15.122 34.6053 5
      vertex -15 34.6 0.799999
      vertex -15.122 34.6053 0.799999
    endloop
  endfacet
  facet normal 0.300465 0.953793 -0
    outer loop
      vertex -15.3623 34.6477 0.799999
      vertex -15.4788 34.6844 5
      vertex -15.3623 34.6477 5
    endloop
  endfacet
  facet normal 0.300465 0.953793 0
    outer loop
      vertex -15.4788 34.6844 5
      vertex -15.3623 34.6477 0.799999
      vertex -15.4788 34.6844 0.799999
    endloop
  endfacet
  facet normal 0.953793 0.300465 0
    outer loop
      vertex -16.3156 35.5212 5
      vertex -16.3523 35.6377 0.799999
      vertex -16.3523 35.6377 5
    endloop
  endfacet
  facet normal 0.953793 0.300465 0
    outer loop
      vertex -16.3523 35.6377 0.799999
      vertex -16.3156 35.5212 5
      vertex -16.3156 35.5212 0.799999
    endloop
  endfacet
  facet normal 0.991384 0.130984 0
    outer loop
      vertex -16.3787 35.7569 5
      vertex -16.3947 35.878 0.799999
      vertex -16.3947 35.878 5
    endloop
  endfacet
  facet normal 0.991384 0.130984 0
    outer loop
      vertex -16.3947 35.878 0.799999
      vertex -16.3787 35.7569 5
      vertex -16.3787 35.7569 0.799999
    endloop
  endfacet
  facet normal 0.793567 0.608483 0
    outer loop
      vertex -16.0725 35.1001 5
      vertex -16.1468 35.197 0.799999
      vertex -16.1468 35.197 5
    endloop
  endfacet
  facet normal 0.793567 0.608483 0
    outer loop
      vertex -16.1468 35.197 0.799999
      vertex -16.0725 35.1001 5
      vertex -16.0725 35.1001 0.799999
    endloop
  endfacet
  facet normal 0.73712 0.675762 0
    outer loop
      vertex -15.9899 35.01 5
      vertex -16.0725 35.1001 0.799999
      vertex -16.0725 35.1001 5
    endloop
  endfacet
  facet normal 0.73712 0.675762 0
    outer loop
      vertex -16.0725 35.1001 0.799999
      vertex -15.9899 35.01 5
      vertex -15.9899 35.01 0.799999
    endloop
  endfacet
  facet normal -0.843459 -0.537193 0
    outer loop
      vertex -13.7876 36.7 0.799999
      vertex -13.8532 36.803 5
      vertex -13.8532 36.803 0.799999
    endloop
  endfacet
  facet normal -0.843459 -0.537193 0
    outer loop
      vertex -13.8532 36.803 5
      vertex -13.7876 36.7 0.799999
      vertex -13.7876 36.7 5
    endloop
  endfacet
  facet normal -0.793567 -0.608483 0
    outer loop
      vertex -13.8532 36.803 0.799999
      vertex -13.9275 36.8999 5
      vertex -13.9275 36.8999 0.799999
    endloop
  endfacet
  facet normal -0.793567 -0.608483 0
    outer loop
      vertex -13.9275 36.8999 5
      vertex -13.8532 36.803 0.799999
      vertex -13.8532 36.803 5
    endloop
  endfacet
  facet normal -0.608483 -0.793567 0
    outer loop
      vertex -14.197 37.1468 0.799999
      vertex -14.1001 37.0725 5
      vertex -14.197 37.1468 5
    endloop
  endfacet
  facet normal -0.608483 -0.793567 -0
    outer loop
      vertex -14.1001 37.0725 5
      vertex -14.197 37.1468 0.799999
      vertex -14.1001 37.0725 0.799999
    endloop
  endfacet
  facet normal -0.537193 -0.843459 0
    outer loop
      vertex -14.3 37.2124 0.799999
      vertex -14.197 37.1468 5
      vertex -14.3 37.2124 5
    endloop
  endfacet
  facet normal -0.537193 -0.843459 -0
    outer loop
      vertex -14.197 37.1468 5
      vertex -14.3 37.2124 0.799999
      vertex -14.197 37.1468 0.799999
    endloop
  endfacet
  facet normal -0.0434017 -0.999058 0
    outer loop
      vertex -15 37.4 0.799999
      vertex -14.878 37.3947 5
      vertex -15 37.4 5
    endloop
  endfacet
  facet normal -0.0434017 -0.999058 -0
    outer loop
      vertex -14.878 37.3947 5
      vertex -15 37.4 0.799999
      vertex -14.878 37.3947 0.799999
    endloop
  endfacet
  facet normal -0.216237 -0.976341 0
    outer loop
      vertex -14.7569 37.3787 0.799999
      vertex -14.6377 37.3523 5
      vertex -14.7569 37.3787 5
    endloop
  endfacet
  facet normal -0.216237 -0.976341 -0
    outer loop
      vertex -14.6377 37.3523 5
      vertex -14.7569 37.3787 0.799999
      vertex -14.6377 37.3523 0.799999
    endloop
  endfacet
  facet normal 0.999058 -0.0434017 0
    outer loop
      vertex -16.4 36 5
      vertex -16.3947 36.122 0.799999
      vertex -16.3947 36.122 5
    endloop
  endfacet
  facet normal 0.999058 -0.0434017 0
    outer loop
      vertex -16.3947 36.122 0.799999
      vertex -16.4 36 5
      vertex -16.4 36 0.799999
    endloop
  endfacet
  facet normal 0.976341 -0.216237 0
    outer loop
      vertex -16.3787 36.2431 5
      vertex -16.3523 36.3623 0.799999
      vertex -16.3523 36.3623 5
    endloop
  endfacet
  facet normal 0.976341 -0.216237 0
    outer loop
      vertex -16.3523 36.3623 0.799999
      vertex -16.3787 36.2431 5
      vertex -16.3787 36.2431 0.799999
    endloop
  endfacet
  facet normal 0.923777 -0.38293 0
    outer loop
      vertex -16.3156 36.4788 5
      vertex -16.2688 36.5917 0.799999
      vertex -16.2688 36.5917 5
    endloop
  endfacet
  facet normal 0.923777 -0.38293 0
    outer loop
      vertex -16.2688 36.5917 0.799999
      vertex -16.3156 36.4788 5
      vertex -16.3156 36.4788 0.799999
    endloop
  endfacet
  facet normal 0.793567 -0.608483 0
    outer loop
      vertex -16.1468 36.803 5
      vertex -16.0725 36.8999 0.799999
      vertex -16.0725 36.8999 5
    endloop
  endfacet
  facet normal 0.793567 -0.608483 0
    outer loop
      vertex -16.0725 36.8999 0.799999
      vertex -16.1468 36.803 5
      vertex -16.1468 36.803 0.799999
    endloop
  endfacet
  facet normal 0.300465 -0.953793 0
    outer loop
      vertex -15.4788 37.3156 0.799999
      vertex -15.3623 37.3523 5
      vertex -15.4788 37.3156 5
    endloop
  endfacet
  facet normal 0.300465 -0.953793 0
    outer loop
      vertex -15.3623 37.3523 5
      vertex -15.4788 37.3156 0.799999
      vertex -15.3623 37.3523 0.799999
    endloop
  endfacet
  facet normal 0.537193 -0.843459 0
    outer loop
      vertex -15.803 37.1468 0.799999
      vertex -15.7 37.2124 5
      vertex -15.803 37.1468 5
    endloop
  endfacet
  facet normal 0.537193 -0.843459 0
    outer loop
      vertex -15.7 37.2124 5
      vertex -15.803 37.1468 0.799999
      vertex -15.7 37.2124 0.799999
    endloop
  endfacet
  facet normal 0.608483 -0.793567 0
    outer loop
      vertex -15.8999 37.0725 0.799999
      vertex -15.803 37.1468 5
      vertex -15.8999 37.0725 5
    endloop
  endfacet
  facet normal 0.608483 -0.793567 0
    outer loop
      vertex -15.803 37.1468 5
      vertex -15.8999 37.0725 0.799999
      vertex -15.803 37.1468 0.799999
    endloop
  endfacet
  facet normal -0.991384 0.130984 0
    outer loop
      vertex -13.6213 35.7569 0.799999
      vertex -13.6053 35.878 5
      vertex -13.6053 35.878 0.799999
    endloop
  endfacet
  facet normal -0.991384 0.130984 0
    outer loop
      vertex -13.6053 35.878 5
      vertex -13.6213 35.7569 0.799999
      vertex -13.6213 35.7569 5
    endloop
  endfacet
  facet normal -0.999058 0.0434017 0
    outer loop
      vertex -13.6053 35.878 0.799999
      vertex -13.6 36 5
      vertex -13.6 36 0.799999
    endloop
  endfacet
  facet normal -0.999058 0.0434017 0
    outer loop
      vertex -13.6 36 5
      vertex -13.6053 35.878 0.799999
      vertex -13.6053 35.878 5
    endloop
  endfacet
  facet normal -0.953793 0.300465 0
    outer loop
      vertex -13.6844 35.5212 0.799999
      vertex -13.6477 35.6377 5
      vertex -13.6477 35.6377 0.799999
    endloop
  endfacet
  facet normal -0.953793 0.300465 0
    outer loop
      vertex -13.6477 35.6377 5
      vertex -13.6844 35.5212 0.799999
      vertex -13.6844 35.5212 5
    endloop
  endfacet
  facet normal -0.793567 0.608483 0
    outer loop
      vertex -13.9275 35.1001 0.799999
      vertex -13.8532 35.197 5
      vertex -13.8532 35.197 0.799999
    endloop
  endfacet
  facet normal -0.793567 0.608483 0
    outer loop
      vertex -13.8532 35.197 5
      vertex -13.9275 35.1001 0.799999
      vertex -13.9275 35.1001 5
    endloop
  endfacet
  facet normal -0.38293 0.923777 0
    outer loop
      vertex -14.4083 34.7312 0.799999
      vertex -14.5212 34.6844 5
      vertex -14.4083 34.7312 5
    endloop
  endfacet
  facet normal -0.38293 0.923777 0
    outer loop
      vertex -14.5212 34.6844 5
      vertex -14.4083 34.7312 0.799999
      vertex -14.5212 34.6844 0.799999
    endloop
  endfacet
  facet normal -0.537193 0.843459 0
    outer loop
      vertex -14.197 34.8532 0.799999
      vertex -14.3 34.7876 5
      vertex -14.197 34.8532 5
    endloop
  endfacet
  facet normal -0.537193 0.843459 0
    outer loop
      vertex -14.3 34.7876 5
      vertex -14.197 34.8532 0.799999
      vertex -14.3 34.7876 0.799999
    endloop
  endfacet
  facet normal 0.461894 0.886935 -0
    outer loop
      vertex -15.5917 34.7312 0.799999
      vertex -15.7 34.7876 5
      vertex -15.5917 34.7312 5
    endloop
  endfacet
  facet normal 0.461894 0.886935 0
    outer loop
      vertex -15.7 34.7876 5
      vertex -15.5917 34.7312 0.799999
      vertex -15.7 34.7876 0.799999
    endloop
  endfacet
  facet normal 0.608483 0.793567 -0
    outer loop
      vertex -15.803 34.8532 0.799999
      vertex -15.8999 34.9275 5
      vertex -15.803 34.8532 5
    endloop
  endfacet
  facet normal 0.608483 0.793567 0
    outer loop
      vertex -15.8999 34.9275 5
      vertex -15.803 34.8532 0.799999
      vertex -15.8999 34.9275 0.799999
    endloop
  endfacet
  facet normal 0.976341 0.216237 0
    outer loop
      vertex -16.3523 35.6377 5
      vertex -16.3787 35.7569 0.799999
      vertex -16.3787 35.7569 5
    endloop
  endfacet
  facet normal 0.976341 0.216237 0
    outer loop
      vertex -16.3787 35.7569 0.799999
      vertex -16.3523 35.6377 5
      vertex -16.3523 35.6377 0.799999
    endloop
  endfacet
  facet normal 0.923777 0.38293 0
    outer loop
      vertex -16.2688 35.4083 5
      vertex -16.3156 35.5212 0.799999
      vertex -16.3156 35.5212 5
    endloop
  endfacet
  facet normal 0.923777 0.38293 0
    outer loop
      vertex -16.3156 35.5212 0.799999
      vertex -16.2688 35.4083 5
      vertex -16.2688 35.4083 0.799999
    endloop
  endfacet
  facet normal 0.843459 0.537193 0
    outer loop
      vertex -16.1468 35.197 5
      vertex -16.2124 35.3 0.799999
      vertex -16.2124 35.3 5
    endloop
  endfacet
  facet normal 0.843459 0.537193 0
    outer loop
      vertex -16.2124 35.3 0.799999
      vertex -16.1468 35.197 5
      vertex -16.1468 35.197 0.799999
    endloop
  endfacet
  facet normal 0.675725 0.737154 -0
    outer loop
      vertex -15.8999 34.9275 0.799999
      vertex -15.9899 35.01 5
      vertex -15.8999 34.9275 5
    endloop
  endfacet
  facet normal 0.675725 0.737154 0
    outer loop
      vertex -15.9899 35.01 5
      vertex -15.8999 34.9275 0.799999
      vertex -15.9899 35.01 0.799999
    endloop
  endfacet
  facet normal -0.886935 0.461894 0
    outer loop
      vertex -13.7876 35.3 0.799999
      vertex -13.7312 35.4083 5
      vertex -13.7312 35.4083 0.799999
    endloop
  endfacet
  facet normal -0.886935 0.461894 0
    outer loop
      vertex -13.7312 35.4083 5
      vertex -13.7876 35.3 0.799999
      vertex -13.7876 35.3 5
    endloop
  endfacet
  facet normal -0.923777 0.38293 0
    outer loop
      vertex -13.7312 35.4083 0.799999
      vertex -13.6844 35.5212 5
      vertex -13.6844 35.5212 0.799999
    endloop
  endfacet
  facet normal -0.923777 0.38293 0
    outer loop
      vertex -13.6844 35.5212 5
      vertex -13.7312 35.4083 0.799999
      vertex -13.7312 35.4083 5
    endloop
  endfacet
  facet normal -0.608483 0.793567 0
    outer loop
      vertex -14.1001 34.9275 0.799999
      vertex -14.197 34.8532 5
      vertex -14.1001 34.9275 5
    endloop
  endfacet
  facet normal -0.608483 0.793567 0
    outer loop
      vertex -14.197 34.8532 5
      vertex -14.1001 34.9275 0.799999
      vertex -14.197 34.8532 0.799999
    endloop
  endfacet
  facet normal 0.537193 0.843459 -0
    outer loop
      vertex -15.7 34.7876 0.799999
      vertex -15.803 34.8532 5
      vertex -15.7 34.7876 5
    endloop
  endfacet
  facet normal 0.537193 0.843459 0
    outer loop
      vertex -15.803 34.8532 5
      vertex -15.7 34.7876 0.799999
      vertex -15.803 34.8532 0.799999
    endloop
  endfacet
  facet normal -0.843459 0.537193 0
    outer loop
      vertex -13.8532 35.197 0.799999
      vertex -13.7876 35.3 5
      vertex -13.7876 35.3 0.799999
    endloop
  endfacet
  facet normal -0.843459 0.537193 0
    outer loop
      vertex -13.7876 35.3 5
      vertex -13.8532 35.197 0.799999
      vertex -13.8532 35.197 5
    endloop
  endfacet
  facet normal -0.608483 -0.793567 0
    outer loop
      vertex 15.803 13.1468 0.799999
      vertex 15.8999 13.0725 5
      vertex 15.803 13.1468 5
    endloop
  endfacet
  facet normal -0.608483 -0.793567 -0
    outer loop
      vertex 15.8999 13.0725 5
      vertex 15.803 13.1468 0.799999
      vertex 15.8999 13.0725 0.799999
    endloop
  endfacet
  facet normal -0.999058 0.0434017 0
    outer loop
      vertex 16.3947 11.878 0.799999
      vertex 16.4 12 5
      vertex 16.4 12 0.799999
    endloop
  endfacet
  facet normal -0.999058 0.0434017 0
    outer loop
      vertex 16.4 12 5
      vertex 16.3947 11.878 0.799999
      vertex 16.3947 11.878 5
    endloop
  endfacet
  facet normal 0.38293 -0.923777 0
    outer loop
      vertex 14.4083 13.2688 0.799999
      vertex 14.5212 13.3156 5
      vertex 14.4083 13.2688 5
    endloop
  endfacet
  facet normal 0.38293 -0.923777 0
    outer loop
      vertex 14.5212 13.3156 5
      vertex 14.4083 13.2688 0.799999
      vertex 14.5212 13.3156 0.799999
    endloop
  endfacet
  facet normal 0.953793 -0.300465 0
    outer loop
      vertex 13.6477 12.3623 5
      vertex 13.6844 12.4788 0.799999
      vertex 13.6844 12.4788 5
    endloop
  endfacet
  facet normal 0.953793 -0.300465 0
    outer loop
      vertex 13.6844 12.4788 0.799999
      vertex 13.6477 12.3623 5
      vertex 13.6477 12.3623 0.799999
    endloop
  endfacet
  facet normal -0.608483 0.793567 0
    outer loop
      vertex 15.8999 10.9275 0.799999
      vertex 15.803 10.8532 5
      vertex 15.8999 10.9275 5
    endloop
  endfacet
  facet normal -0.608483 0.793567 0
    outer loop
      vertex 15.803 10.8532 5
      vertex 15.8999 10.9275 0.799999
      vertex 15.803 10.8532 0.799999
    endloop
  endfacet
  facet normal 0.300465 0.953793 -0
    outer loop
      vertex 14.6377 10.6477 0.799999
      vertex 14.5212 10.6844 5
      vertex 14.6377 10.6477 5
    endloop
  endfacet
  facet normal 0.300465 0.953793 0
    outer loop
      vertex 14.5212 10.6844 5
      vertex 14.6377 10.6477 0.799999
      vertex 14.5212 10.6844 0.799999
    endloop
  endfacet
  facet normal -0.923777 -0.38293 0
    outer loop
      vertex 16.3156 12.4788 0.799999
      vertex 16.2688 12.5917 5
      vertex 16.2688 12.5917 0.799999
    endloop
  endfacet
  facet normal -0.923777 -0.38293 0
    outer loop
      vertex 16.2688 12.5917 5
      vertex 16.3156 12.4788 0.799999
      vertex 16.3156 12.4788 5
    endloop
  endfacet
  facet normal -0.886935 -0.461894 0
    outer loop
      vertex 16.2688 12.5917 0.799999
      vertex 16.2124 12.7 5
      vertex 16.2124 12.7 0.799999
    endloop
  endfacet
  facet normal -0.886935 -0.461894 0
    outer loop
      vertex 16.2124 12.7 5
      vertex 16.2688 12.5917 0.799999
      vertex 16.2688 12.5917 5
    endloop
  endfacet
  facet normal -0.300465 -0.953793 0
    outer loop
      vertex 15.3623 13.3523 0.799999
      vertex 15.4788 13.3156 5
      vertex 15.3623 13.3523 5
    endloop
  endfacet
  facet normal -0.300465 -0.953793 -0
    outer loop
      vertex 15.4788 13.3156 5
      vertex 15.3623 13.3523 0.799999
      vertex 15.4788 13.3156 0.799999
    endloop
  endfacet
  facet normal 0 0 1
    outer loop
      vertex 16.3947 12.122 0.799999
      vertex 16.3947 11.878 0.799999
      vertex 16.4 12 0.799999
    endloop
  endfacet
  facet normal 0 0 1
    outer loop
      vertex 16.3787 12.2431 0.799999
      vertex 16.3947 11.878 0.799999
      vertex 16.3947 12.122 0.799999
    endloop
  endfacet
  facet normal 0 0 1
    outer loop
      vertex 16.3787 12.2431 0.799999
      vertex 16.3787 11.7569 0.799999
      vertex 16.3947 11.878 0.799999
    endloop
  endfacet
  facet normal 0 0 1
    outer loop
      vertex 16.3523 12.3623 0.799999
      vertex 16.3787 11.7569 0.799999
      vertex 16.3787 12.2431 0.799999
    endloop
  endfacet
  facet normal 0 0 1
    outer loop
      vertex 16.3523 12.3623 0.799999
      vertex 16.3523 11.6377 0.799999
      vertex 16.3787 11.7569 0.799999
    endloop
  endfacet
  facet normal 0 0 1
    outer loop
      vertex 16.3156 12.4788 0.799999
      vertex 16.3523 11.6377 0.799999
      vertex 16.3523 12.3623 0.799999
    endloop
  endfacet
  facet normal 0 0 1
    outer loop
      vertex 16.3156 12.4788 0.799999
      vertex 16.3156 11.5212 0.799999
      vertex 16.3523 11.6377 0.799999
    endloop
  endfacet
  facet normal 0 0 1
    outer loop
      vertex 16.2688 12.5917 0.799999
      vertex 16.3156 11.5212 0.799999
      vertex 16.3156 12.4788 0.799999
    endloop
  endfacet
  facet normal 0 0 1
    outer loop
      vertex 16.2688 12.5917 0.799999
      vertex 16.2688 11.4083 0.799999
      vertex 16.3156 11.5212 0.799999
    endloop
  endfacet
  facet normal 0 0 1
    outer loop
      vertex 16.2124 12.7 0.799999
      vertex 16.2688 11.4083 0.799999
      vertex 16.2688 12.5917 0.799999
    endloop
  endfacet
  facet normal 0 0 1
    outer loop
      vertex 16.2124 12.7 0.799999
      vertex 16.2124 11.3 0.799999
      vertex 16.2688 11.4083 0.799999
    endloop
  endfacet
  facet normal 0 0 1
    outer loop
      vertex 16.1468 12.803 0.799999
      vertex 16.2124 11.3 0.799999
      vertex 16.2124 12.7 0.799999
    endloop
  endfacet
  facet normal 0 0 1
    outer loop
      vertex 16.1468 12.803 0.799999
      vertex 16.1468 11.197 0.799999
      vertex 16.2124 11.3 0.799999
    endloop
  endfacet
  facet normal 0 0 1
    outer loop
      vertex 16.0725 12.8999 0.799999
      vertex 16.1468 11.197 0.799999
      vertex 16.1468 12.803 0.799999
    endloop
  endfacet
  facet normal 0 0 1
    outer loop
      vertex 16.0725 12.8999 0.799999
      vertex 16.0725 11.1001 0.799999
      vertex 16.1468 11.197 0.799999
    endloop
  endfacet
  facet normal 0 0 1
    outer loop
      vertex 15.9899 12.9899 0.799999
      vertex 16.0725 11.1001 0.799999
      vertex 16.0725 12.8999 0.799999
    endloop
  endfacet
  facet normal 0 0 1
    outer loop
      vertex 15.9899 12.9899 0.799999
      vertex 15.9899 11.01 0.799999
      vertex 16.0725 11.1001 0.799999
    endloop
  endfacet
  facet normal 0 0 1
    outer loop
      vertex 15.8999 13.0725 0.799999
      vertex 15.9899 11.01 0.799999
      vertex 15.9899 12.9899 0.799999
    endloop
  endfacet
  facet normal 0 0 1
    outer loop
      vertex 15.8999 13.0725 0.799999
      vertex 15.8999 10.9275 0.799999
      vertex 15.9899 11.01 0.799999
    endloop
  endfacet
  facet normal 0 0 1
    outer loop
      vertex 15.803 13.1468 0.799999
      vertex 15.8999 10.9275 0.799999
      vertex 15.8999 13.0725 0.799999
    endloop
  endfacet
  facet normal 0 0 1
    outer loop
      vertex 15.803 13.1468 0.799999
      vertex 15.803 10.8532 0.799999
      vertex 15.8999 10.9275 0.799999
    endloop
  endfacet
  facet normal 0 0 1
    outer loop
      vertex 15.7 13.2124 0.799999
      vertex 15.803 10.8532 0.799999
      vertex 15.803 13.1468 0.799999
    endloop
  endfacet
  facet normal 0 0 1
    outer loop
      vertex 15.7 13.2124 0.799999
      vertex 15.7 10.7876 0.799999
      vertex 15.803 10.8532 0.799999
    endloop
  endfacet
  facet normal 0 0 1
    outer loop
      vertex 15.5917 13.2688 0.799999
      vertex 15.7 10.7876 0.799999
      vertex 15.7 13.2124 0.799999
    endloop
  endfacet
  facet normal 0 0 1
    outer loop
      vertex 15.5917 13.2688 0.799999
      vertex 15.5917 10.7312 0.799999
      vertex 15.7 10.7876 0.799999
    endloop
  endfacet
  facet normal 0 0 1
    outer loop
      vertex 15.4788 13.3156 0.799999
      vertex 15.5917 10.7312 0.799999
      vertex 15.5917 13.2688 0.799999
    endloop
  endfacet
  facet normal 0 0 1
    outer loop
      vertex 15.4788 13.3156 0.799999
      vertex 15.4788 10.6844 0.799999
      vertex 15.5917 10.7312 0.799999
    endloop
  endfacet
  facet normal 0 0 1
    outer loop
      vertex 15.3623 13.3523 0.799999
      vertex 15.4788 10.6844 0.799999
      vertex 15.4788 13.3156 0.799999
    endloop
  endfacet
  facet normal 0 0 1
    outer loop
      vertex 15.3623 13.3523 0.799999
      vertex 15.3623 10.6477 0.799999
      vertex 15.4788 10.6844 0.799999
    endloop
  endfacet
  facet normal 0 0 1
    outer loop
      vertex 15.2431 13.3787 0.799999
      vertex 15.3623 10.6477 0.799999
      vertex 15.3623 13.3523 0.799999
    endloop
  endfacet
  facet normal 0 0 1
    outer loop
      vertex 15.2431 13.3787 0.799999
      vertex 15.2431 10.6213 0.799999
      vertex 15.3623 10.6477 0.799999
    endloop
  endfacet
  facet normal 0 0 1
    outer loop
      vertex 15.122 13.3947 0.799999
      vertex 15.2431 10.6213 0.799999
      vertex 15.2431 13.3787 0.799999
    endloop
  endfacet
  facet normal 0 0 1
    outer loop
      vertex 15.122 13.3947 0.799999
      vertex 15.122 10.6053 0.799999
      vertex 15.2431 10.6213 0.799999
    endloop
  endfacet
  facet normal 0 0 1
    outer loop
      vertex 15 13.4 0.799999
      vertex 15.122 10.6053 0.799999
      vertex 15.122 13.3947 0.799999
    endloop
  endfacet
  facet normal 0 0 1
    outer loop
      vertex 15 13.4 0.799999
      vertex 15 10.6 0.799999
      vertex 15.122 10.6053 0.799999
    endloop
  endfacet
  facet normal -0 0 1
    outer loop
      vertex 14.878 13.3947 0.799999
      vertex 15 10.6 0.799999
      vertex 15 13.4 0.799999
    endloop
  endfacet
  facet normal 0 0 1
    outer loop
      vertex 14.878 13.3947 0.799999
      vertex 14.878 10.6053 0.799999
      vertex 15 10.6 0.799999
    endloop
  endfacet
  facet normal -0 0 1
    outer loop
      vertex 14.7569 13.3787 0.799999
      vertex 14.878 10.6053 0.799999
      vertex 14.878 13.3947 0.799999
    endloop
  endfacet
  facet normal 0 0 1
    outer loop
      vertex 14.7569 13.3787 0.799999
      vertex 14.7569 10.6213 0.799999
      vertex 14.878 10.6053 0.799999
    endloop
  endfacet
  facet normal -0 0 1
    outer loop
      vertex 14.6377 13.3523 0.799999
      vertex 14.7569 10.6213 0.799999
      vertex 14.7569 13.3787 0.799999
    endloop
  endfacet
  facet normal 0 0 1
    outer loop
      vertex 14.6377 13.3523 0.799999
      vertex 14.6377 10.6477 0.799999
      vertex 14.7569 10.6213 0.799999
    endloop
  endfacet
  facet normal -0 0 1
    outer loop
      vertex 14.5212 13.3156 0.799999
      vertex 14.6377 10.6477 0.799999
      vertex 14.6377 13.3523 0.799999
    endloop
  endfacet
  facet normal 0 0 1
    outer loop
      vertex 14.5212 13.3156 0.799999
      vertex 14.5212 10.6844 0.799999
      vertex 14.6377 10.6477 0.799999
    endloop
  endfacet
  facet normal -0 0 1
    outer loop
      vertex 14.4083 13.2688 0.799999
      vertex 14.5212 10.6844 0.799999
      vertex 14.5212 13.3156 0.799999
    endloop
  endfacet
  facet normal 0 0 1
    outer loop
      vertex 14.4083 13.2688 0.799999
      vertex 14.4083 10.7312 0.799999
      vertex 14.5212 10.6844 0.799999
    endloop
  endfacet
  facet normal -0 0 1
    outer loop
      vertex 14.3 13.2124 0.799999
      vertex 14.4083 10.7312 0.799999
      vertex 14.4083 13.2688 0.799999
    endloop
  endfacet
  facet normal 0 0 1
    outer loop
      vertex 14.3 13.2124 0.799999
      vertex 14.3 10.7876 0.799999
      vertex 14.4083 10.7312 0.799999
    endloop
  endfacet
  facet normal -0 0 1
    outer loop
      vertex 14.197 13.1468 0.799999
      vertex 14.3 10.7876 0.799999
      vertex 14.3 13.2124 0.799999
    endloop
  endfacet
  facet normal 0 0 1
    outer loop
      vertex 14.197 13.1468 0.799999
      vertex 14.197 10.8532 0.799999
      vertex 14.3 10.7876 0.799999
    endloop
  endfacet
  facet normal -0 0 1
    outer loop
      vertex 14.1001 13.0725 0.799999
      vertex 14.197 10.8532 0.799999
      vertex 14.197 13.1468 0.799999
    endloop
  endfacet
  facet normal 0 0 1
    outer loop
      vertex 14.1001 13.0725 0.799999
      vertex 14.1001 10.9275 0.799999
      vertex 14.197 10.8532 0.799999
    endloop
  endfacet
  facet normal -0 0 1
    outer loop
      vertex 14.01 12.9899 0.799999
      vertex 14.1001 10.9275 0.799999
      vertex 14.1001 13.0725 0.799999
    endloop
  endfacet
  facet normal 0 0 1
    outer loop
      vertex 14.01 12.9899 0.799999
      vertex 14.01 11.01 0.799999
      vertex 14.1001 10.9275 0.799999
    endloop
  endfacet
  facet normal -0 0 1
    outer loop
      vertex 13.9275 12.8999 0.799999
      vertex 14.01 11.01 0.799999
      vertex 14.01 12.9899 0.799999
    endloop
  endfacet
  facet normal 0 0 1
    outer loop
      vertex 13.9275 12.8999 0.799999
      vertex 13.9275 11.1001 0.799999
      vertex 14.01 11.01 0.799999
    endloop
  endfacet
  facet normal -0 0 1
    outer loop
      vertex 13.8532 12.803 0.799999
      vertex 13.9275 11.1001 0.799999
      vertex 13.9275 12.8999 0.799999
    endloop
  endfacet
  facet normal 0 0 1
    outer loop
      vertex 13.8532 12.803 0.799999
      vertex 13.8532 11.197 0.799999
      vertex 13.9275 11.1001 0.799999
    endloop
  endfacet
  facet normal -0 0 1
    outer loop
      vertex 13.7876 12.7 0.799999
      vertex 13.8532 11.197 0.799999
      vertex 13.8532 12.803 0.799999
    endloop
  endfacet
  facet normal 0 0 1
    outer loop
      vertex 13.7876 12.7 0.799999
      vertex 13.7876 11.3 0.799999
      vertex 13.8532 11.197 0.799999
    endloop
  endfacet
  facet normal -0 0 1
    outer loop
      vertex 13.7312 12.5917 0.799999
      vertex 13.7876 11.3 0.799999
      vertex 13.7876 12.7 0.799999
    endloop
  endfacet
  facet normal 0 0 1
    outer loop
      vertex 13.7312 12.5917 0.799999
      vertex 13.7312 11.4083 0.799999
      vertex 13.7876 11.3 0.799999
    endloop
  endfacet
  facet normal -0 0 1
    outer loop
      vertex 13.6844 12.4788 0.799999
      vertex 13.7312 11.4083 0.799999
      vertex 13.7312 12.5917 0.799999
    endloop
  endfacet
  facet normal 0 0 1
    outer loop
      vertex 13.6844 12.4788 0.799999
      vertex 13.6844 11.5212 0.799999
      vertex 13.7312 11.4083 0.799999
    endloop
  endfacet
  facet normal -0 0 1
    outer loop
      vertex 13.6477 12.3623 0.799999
      vertex 13.6844 11.5212 0.799999
      vertex 13.6844 12.4788 0.799999
    endloop
  endfacet
  facet normal 0 0 1
    outer loop
      vertex 13.6477 12.3623 0.799999
      vertex 13.6477 11.6377 0.799999
      vertex 13.6844 11.5212 0.799999
    endloop
  endfacet
  facet normal -0 0 1
    outer loop
      vertex 13.6213 12.2431 0.799999
      vertex 13.6477 11.6377 0.799999
      vertex 13.6477 12.3623 0.799999
    endloop
  endfacet
  facet normal 0 0 1
    outer loop
      vertex 13.6213 12.2431 0.799999
      vertex 13.6213 11.7569 0.799999
      vertex 13.6477 11.6377 0.799999
    endloop
  endfacet
  facet normal -0 0 1
    outer loop
      vertex 13.6053 12.122 0.799999
      vertex 13.6213 11.7569 0.799999
      vertex 13.6213 12.2431 0.799999
    endloop
  endfacet
  facet normal 0 0 1
    outer loop
      vertex 13.6053 12.122 0.799999
      vertex 13.6053 11.878 0.799999
      vertex 13.6213 11.7569 0.799999
    endloop
  endfacet
  facet normal 0 -0 1
    outer loop
      vertex 13.6053 11.878 0.799999
      vertex 13.6053 12.122 0.799999
      vertex 13.6 12 0.799999
    endloop
  endfacet
  facet normal 0.999058 -0.0434017 0
    outer loop
      vertex 13.6 12 5
      vertex 13.6053 12.122 0.799999
      vertex 13.6053 12.122 5
    endloop
  endfacet
  facet normal 0.999058 -0.0434017 0
    outer loop
      vertex 13.6053 12.122 0.799999
      vertex 13.6 12 5
      vertex 13.6 12 0.799999
    endloop
  endfacet
  facet normal 0.793567 -0.608483 0
    outer loop
      vertex 13.8532 12.803 5
      vertex 13.9275 12.8999 0.799999
      vertex 13.9275 12.8999 5
    endloop
  endfacet
  facet normal 0.793567 -0.608483 0
    outer loop
      vertex 13.9275 12.8999 0.799999
      vertex 13.8532 12.803 5
      vertex 13.8532 12.803 0.799999
    endloop
  endfacet
  facet normal 0.216237 -0.976341 0
    outer loop
      vertex 14.6377 13.3523 0.799999
      vertex 14.7569 13.3787 5
      vertex 14.6377 13.3523 5
    endloop
  endfacet
  facet normal 0.216237 -0.976341 0
    outer loop
      vertex 14.7569 13.3787 5
      vertex 14.6377 13.3523 0.799999
      vertex 14.7569 13.3787 0.799999
    endloop
  endfacet
  facet normal -0.953793 0.300465 0
    outer loop
      vertex 16.3156 11.5212 0.799999
      vertex 16.3523 11.6377 5
      vertex 16.3523 11.6377 0.799999
    endloop
  endfacet
  facet normal -0.953793 0.300465 0
    outer loop
      vertex 16.3523 11.6377 5
      vertex 16.3156 11.5212 0.799999
      vertex 16.3156 11.5212 5
    endloop
  endfacet
  facet normal 0.0434017 0.999058 -0
    outer loop
      vertex 15 10.6 0.799999
      vertex 14.878 10.6053 5
      vertex 15 10.6 5
    endloop
  endfacet
  facet normal 0.0434017 0.999058 0
    outer loop
      vertex 14.878 10.6053 5
      vertex 15 10.6 0.799999
      vertex 14.878 10.6053 0.799999
    endloop
  endfacet
  facet normal 0.608483 0.793567 -0
    outer loop
      vertex 14.197 10.8532 0.799999
      vertex 14.1001 10.9275 5
      vertex 14.197 10.8532 5
    endloop
  endfacet
  facet normal 0.608483 0.793567 0
    outer loop
      vertex 14.1001 10.9275 5
      vertex 14.197 10.8532 0.799999
      vertex 14.1001 10.9275 0.799999
    endloop
  endfacet
  facet normal 0.976341 0.216237 0
    outer loop
      vertex 13.6477 11.6377 5
      vertex 13.6213 11.7569 0.799999
      vertex 13.6213 11.7569 5
    endloop
  endfacet
  facet normal 0.976341 0.216237 0
    outer loop
      vertex 13.6213 11.7569 0.799999
      vertex 13.6477 11.6377 5
      vertex 13.6477 11.6377 0.799999
    endloop
  endfacet
  facet normal -0.991384 -0.130984 0
    outer loop
      vertex 16.3947 12.122 0.799999
      vertex 16.3787 12.2431 5
      vertex 16.3787 12.2431 0.799999
    endloop
  endfacet
  facet normal -0.991384 -0.130984 0
    outer loop
      vertex 16.3787 12.2431 5
      vertex 16.3947 12.122 0.799999
      vertex 16.3947 12.122 5
    endloop
  endfacet
  facet normal -0.976341 -0.216237 0
    outer loop
      vertex 16.3787 12.2431 0.799999
      vertex 16.3523 12.3623 5
      vertex 16.3523 12.3623 0.799999
    endloop
  endfacet
  facet normal -0.976341 -0.216237 0
    outer loop
      vertex 16.3523 12.3623 5
      vertex 16.3787 12.2431 0.799999
      vertex 16.3787 12.2431 5
    endloop
  endfacet
  facet normal -0.953793 -0.300465 0
    outer loop
      vertex 16.3523 12.3623 0.799999
      vertex 16.3156 12.4788 5
      vertex 16.3156 12.4788 0.799999
    endloop
  endfacet
  facet normal -0.953793 -0.300465 0
    outer loop
      vertex 16.3156 12.4788 5
      vertex 16.3523 12.3623 0.799999
      vertex 16.3523 12.3623 5
    endloop
  endfacet
  facet normal -0.736746 -0.676169 0
    outer loop
      vertex 16.0725 12.8999 0.799999
      vertex 15.9899 12.9899 5
      vertex 15.9899 12.9899 0.799999
    endloop
  endfacet
  facet normal -0.736746 -0.676169 0
    outer loop
      vertex 15.9899 12.9899 5
      vertex 16.0725 12.8999 0.799999
      vertex 16.0725 12.8999 5
    endloop
  endfacet
  facet normal -0.793567 -0.608483 0
    outer loop
      vertex 16.1468 12.803 0.799999
      vertex 16.0725 12.8999 5
      vertex 16.0725 12.8999 0.799999
    endloop
  endfacet
  facet normal -0.793567 -0.608483 0
    outer loop
      vertex 16.0725 12.8999 5
      vertex 16.1468 12.803 0.799999
      vertex 16.1468 12.803 5
    endloop
  endfacet
  facet normal -0.676169 -0.736746 0
    outer loop
      vertex 15.8999 13.0725 0.799999
      vertex 15.9899 12.9899 5
      vertex 15.8999 13.0725 5
    endloop
  endfacet
  facet normal -0.676169 -0.736746 -0
    outer loop
      vertex 15.9899 12.9899 5
      vertex 15.8999 13.0725 0.799999
      vertex 15.9899 12.9899 0.799999
    endloop
  endfacet
  facet normal -0.461894 -0.886935 0
    outer loop
      vertex 15.5917 13.2688 0.799999
      vertex 15.7 13.2124 5
      vertex 15.5917 13.2688 5
    endloop
  endfacet
  facet normal -0.461894 -0.886935 -0
    outer loop
      vertex 15.7 13.2124 5
      vertex 15.5917 13.2688 0.799999
      vertex 15.7 13.2124 0.799999
    endloop
  endfacet
  facet normal 0.0434017 -0.999058 0
    outer loop
      vertex 14.878 13.3947 0.799999
      vertex 15 13.4 5
      vertex 14.878 13.3947 5
    endloop
  endfacet
  facet normal 0.0434017 -0.999058 0
    outer loop
      vertex 15 13.4 5
      vertex 14.878 13.3947 0.799999
      vertex 15 13.4 0.799999
    endloop
  endfacet
  facet normal -0.38293 -0.923777 0
    outer loop
      vertex 15.4788 13.3156 0.799999
      vertex 15.5917 13.2688 5
      vertex 15.4788 13.3156 5
    endloop
  endfacet
  facet normal -0.38293 -0.923777 -0
    outer loop
      vertex 15.5917 13.2688 5
      vertex 15.4788 13.3156 0.799999
      vertex 15.5917 13.2688 0.799999
    endloop
  endfacet
  facet normal -0.216237 -0.976341 0
    outer loop
      vertex 15.2431 13.3787 0.799999
      vertex 15.3623 13.3523 5
      vertex 15.2431 13.3787 5
    endloop
  endfacet
  facet normal -0.216237 -0.976341 -0
    outer loop
      vertex 15.3623 13.3523 5
      vertex 15.2431 13.3787 0.799999
      vertex 15.3623 13.3523 0.799999
    endloop
  endfacet
  facet normal -0.130984 -0.991384 0
    outer loop
      vertex 15.122 13.3947 0.799999
      vertex 15.2431 13.3787 5
      vertex 15.122 13.3947 5
    endloop
  endfacet
  facet normal -0.130984 -0.991384 -0
    outer loop
      vertex 15.2431 13.3787 5
      vertex 15.122 13.3947 0.799999
      vertex 15.2431 13.3787 0.799999
    endloop
  endfacet
  facet normal 0.999058 0.0434017 0
    outer loop
      vertex 13.6053 11.878 5
      vertex 13.6 12 0.799999
      vertex 13.6 12 5
    endloop
  endfacet
  facet normal 0.999058 0.0434017 0
    outer loop
      vertex 13.6 12 0.799999
      vertex 13.6053 11.878 5
      vertex 13.6053 11.878 0.799999
    endloop
  endfacet
  facet normal 0.976341 -0.216237 0
    outer loop
      vertex 13.6213 12.2431 5
      vertex 13.6477 12.3623 0.799999
      vertex 13.6477 12.3623 5
    endloop
  endfacet
  facet normal 0.976341 -0.216237 0
    outer loop
      vertex 13.6477 12.3623 0.799999
      vertex 13.6213 12.2431 5
      vertex 13.6213 12.2431 0.799999
    endloop
  endfacet
  facet normal 0.991384 -0.130984 0
    outer loop
      vertex 13.6053 12.122 5
      vertex 13.6213 12.2431 0.799999
      vertex 13.6213 12.2431 5
    endloop
  endfacet
  facet normal 0.991384 -0.130984 0
    outer loop
      vertex 13.6213 12.2431 0.799999
      vertex 13.6053 12.122 5
      vertex 13.6053 12.122 0.799999
    endloop
  endfacet
  facet normal 0.923777 -0.38293 0
    outer loop
      vertex 13.6844 12.4788 5
      vertex 13.7312 12.5917 0.799999
      vertex 13.7312 12.5917 5
    endloop
  endfacet
  facet normal 0.923777 -0.38293 0
    outer loop
      vertex 13.7312 12.5917 0.799999
      vertex 13.6844 12.4788 5
      vertex 13.6844 12.4788 0.799999
    endloop
  endfacet
  facet normal 0.886935 -0.461894 0
    outer loop
      vertex 13.7312 12.5917 5
      vertex 13.7876 12.7 0.799999
      vertex 13.7876 12.7 5
    endloop
  endfacet
  facet normal 0.886935 -0.461894 0
    outer loop
      vertex 13.7876 12.7 0.799999
      vertex 13.7312 12.5917 5
      vertex 13.7312 12.5917 0.799999
    endloop
  endfacet
  facet normal 0.300465 -0.953793 0
    outer loop
      vertex 14.5212 13.3156 0.799999
      vertex 14.6377 13.3523 5
      vertex 14.5212 13.3156 5
    endloop
  endfacet
  facet normal 0.300465 -0.953793 0
    outer loop
      vertex 14.6377 13.3523 5
      vertex 14.5212 13.3156 0.799999
      vertex 14.6377 13.3523 0.799999
    endloop
  endfacet
  facet normal 0.130984 -0.991384 0
    outer loop
      vertex 14.7569 13.3787 0.799999
      vertex 14.878 13.3947 5
      vertex 14.7569 13.3787 5
    endloop
  endfacet
  facet normal 0.130984 -0.991384 0
    outer loop
      vertex 14.878 13.3947 5
      vertex 14.7569 13.3787 0.799999
      vertex 14.878 13.3947 0.799999
    endloop
  endfacet
  facet normal 0.608483 -0.793567 0
    outer loop
      vertex 14.1001 13.0725 0.799999
      vertex 14.197 13.1468 5
      vertex 14.1001 13.0725 5
    endloop
  endfacet
  facet normal 0.608483 -0.793567 0
    outer loop
      vertex 14.197 13.1468 5
      vertex 14.1001 13.0725 0.799999
      vertex 14.197 13.1468 0.799999
    endloop
  endfacet
  facet normal 0.675762 -0.73712 0
    outer loop
      vertex 14.01 12.9899 0.799999
      vertex 14.1001 13.0725 5
      vertex 14.01 12.9899 5
    endloop
  endfacet
  facet normal 0.675762 -0.73712 0
    outer loop
      vertex 14.1001 13.0725 5
      vertex 14.01 12.9899 0.799999
      vertex 14.1001 13.0725 0.799999
    endloop
  endfacet
  facet normal 0.461894 -0.886935 0
    outer loop
      vertex 14.3 13.2124 0.799999
      vertex 14.4083 13.2688 5
      vertex 14.3 13.2124 5
    endloop
  endfacet
  facet normal 0.461894 -0.886935 0
    outer loop
      vertex 14.4083 13.2688 5
      vertex 14.3 13.2124 0.799999
      vertex 14.4083 13.2688 0.799999
    endloop
  endfacet
  facet normal 0.737154 -0.675725 0
    outer loop
      vertex 13.9275 12.8999 5
      vertex 14.01 12.9899 0.799999
      vertex 14.01 12.9899 5
    endloop
  endfacet
  facet normal 0.737154 -0.675725 0
    outer loop
      vertex 14.01 12.9899 0.799999
      vertex 13.9275 12.8999 5
      vertex 13.9275 12.8999 0.799999
    endloop
  endfacet
  facet normal -0.999058 -0.0434017 0
    outer loop
      vertex 16.4 12 0.799999
      vertex 16.3947 12.122 5
      vertex 16.3947 12.122 0.799999
    endloop
  endfacet
  facet normal -0.999058 -0.0434017 0
    outer loop
      vertex 16.3947 12.122 5
      vertex 16.4 12 0.799999
      vertex 16.4 12 5
    endloop
  endfacet
  facet normal -0.976341 0.216237 0
    outer loop
      vertex 16.3523 11.6377 0.799999
      vertex 16.3787 11.7569 5
      vertex 16.3787 11.7569 0.799999
    endloop
  endfacet
  facet normal -0.976341 0.216237 0
    outer loop
      vertex 16.3787 11.7569 5
      vertex 16.3523 11.6377 0.799999
      vertex 16.3523 11.6377 5
    endloop
  endfacet
  facet normal -0.130984 0.991384 0
    outer loop
      vertex 15.2431 10.6213 0.799999
      vertex 15.122 10.6053 5
      vertex 15.2431 10.6213 5
    endloop
  endfacet
  facet normal -0.130984 0.991384 0
    outer loop
      vertex 15.122 10.6053 5
      vertex 15.2431 10.6213 0.799999
      vertex 15.122 10.6053 0.799999
    endloop
  endfacet
  facet normal -0.793567 0.608483 0
    outer loop
      vertex 16.0725 11.1001 0.799999
      vertex 16.1468 11.197 5
      vertex 16.1468 11.197 0.799999
    endloop
  endfacet
  facet normal -0.793567 0.608483 0
    outer loop
      vertex 16.1468 11.197 5
      vertex 16.0725 11.1001 0.799999
      vertex 16.0725 11.1001 5
    endloop
  endfacet
  facet normal -0.216237 0.976341 0
    outer loop
      vertex 15.3623 10.6477 0.799999
      vertex 15.2431 10.6213 5
      vertex 15.3623 10.6477 5
    endloop
  endfacet
  facet normal -0.216237 0.976341 0
    outer loop
      vertex 15.2431 10.6213 5
      vertex 15.3623 10.6477 0.799999
      vertex 15.2431 10.6213 0.799999
    endloop
  endfacet
  facet normal -0.300465 0.953793 0
    outer loop
      vertex 15.4788 10.6844 0.799999
      vertex 15.3623 10.6477 5
      vertex 15.4788 10.6844 5
    endloop
  endfacet
  facet normal -0.300465 0.953793 0
    outer loop
      vertex 15.3623 10.6477 5
      vertex 15.4788 10.6844 0.799999
      vertex 15.3623 10.6477 0.799999
    endloop
  endfacet
  facet normal -0.73712 0.675762 0
    outer loop
      vertex 15.9899 11.01 0.799999
      vertex 16.0725 11.1001 5
      vertex 16.0725 11.1001 0.799999
    endloop
  endfacet
  facet normal -0.73712 0.675762 0
    outer loop
      vertex 16.0725 11.1001 5
      vertex 15.9899 11.01 0.799999
      vertex 15.9899 11.01 5
    endloop
  endfacet
  facet normal -0.675725 0.737154 0
    outer loop
      vertex 15.9899 11.01 0.799999
      vertex 15.8999 10.9275 5
      vertex 15.9899 11.01 5
    endloop
  endfacet
  facet normal -0.675725 0.737154 0
    outer loop
      vertex 15.8999 10.9275 5
      vertex 15.9899 11.01 0.799999
      vertex 15.8999 10.9275 0.799999
    endloop
  endfacet
  facet normal -0.461894 0.886935 0
    outer loop
      vertex 15.7 10.7876 0.799999
      vertex 15.5917 10.7312 5
      vertex 15.7 10.7876 5
    endloop
  endfacet
  facet normal -0.461894 0.886935 0
    outer loop
      vertex 15.5917 10.7312 5
      vertex 15.7 10.7876 0.799999
      vertex 15.5917 10.7312 0.799999
    endloop
  endfacet
  facet normal -0.0434017 0.999058 0
    outer loop
      vertex 15.122 10.6053 0.799999
      vertex 15 10.6 5
      vertex 15.122 10.6053 5
    endloop
  endfacet
  facet normal -0.0434017 0.999058 0
    outer loop
      vertex 15 10.6 5
      vertex 15.122 10.6053 0.799999
      vertex 15 10.6 0.799999
    endloop
  endfacet
  facet normal 0.216237 0.976341 -0
    outer loop
      vertex 14.7569 10.6213 0.799999
      vertex 14.6377 10.6477 5
      vertex 14.7569 10.6213 5
    endloop
  endfacet
  facet normal 0.216237 0.976341 0
    outer loop
      vertex 14.6377 10.6477 5
      vertex 14.7569 10.6213 0.799999
      vertex 14.6377 10.6477 0.799999
    endloop
  endfacet
  facet normal 0.38293 0.923777 -0
    outer loop
      vertex 14.5212 10.6844 0.799999
      vertex 14.4083 10.7312 5
      vertex 14.5212 10.6844 5
    endloop
  endfacet
  facet normal 0.38293 0.923777 0
    outer loop
      vertex 14.4083 10.7312 5
      vertex 14.5212 10.6844 0.799999
      vertex 14.4083 10.7312 0.799999
    endloop
  endfacet
  facet normal 0.953793 0.300465 0
    outer loop
      vertex 13.6844 11.5212 5
      vertex 13.6477 11.6377 0.799999
      vertex 13.6477 11.6377 5
    endloop
  endfacet
  facet normal 0.953793 0.300465 0
    outer loop
      vertex 13.6477 11.6377 0.799999
      vertex 13.6844 11.5212 5
      vertex 13.6844 11.5212 0.799999
    endloop
  endfacet
  facet normal 0.991384 0.130984 0
    outer loop
      vertex 13.6213 11.7569 5
      vertex 13.6053 11.878 0.799999
      vertex 13.6053 11.878 5
    endloop
  endfacet
  facet normal 0.991384 0.130984 0
    outer loop
      vertex 13.6053 11.878 0.799999
      vertex 13.6213 11.7569 5
      vertex 13.6213 11.7569 0.799999
    endloop
  endfacet
  facet normal 0.793567 0.608483 0
    outer loop
      vertex 13.9275 11.1001 5
      vertex 13.8532 11.197 0.799999
      vertex 13.8532 11.197 5
    endloop
  endfacet
  facet normal 0.793567 0.608483 0
    outer loop
      vertex 13.8532 11.197 0.799999
      vertex 13.9275 11.1001 5
      vertex 13.9275 11.1001 0.799999
    endloop
  endfacet
  facet normal 0.737528 0.675317 0
    outer loop
      vertex 14.01 11.01 5
      vertex 13.9275 11.1001 0.799999
      vertex 13.9275 11.1001 5
    endloop
  endfacet
  facet normal 0.737528 0.675317 0
    outer loop
      vertex 13.9275 11.1001 0.799999
      vertex 14.01 11.01 5
      vertex 14.01 11.01 0.799999
    endloop
  endfacet
  facet normal 0.886935 0.461894 0
    outer loop
      vertex 13.7876 11.3 5
      vertex 13.7312 11.4083 0.799999
      vertex 13.7312 11.4083 5
    endloop
  endfacet
  facet normal 0.886935 0.461894 0
    outer loop
      vertex 13.7312 11.4083 0.799999
      vertex 13.7876 11.3 5
      vertex 13.7876 11.3 0.799999
    endloop
  endfacet
  facet normal -0.843459 -0.537193 0
    outer loop
      vertex 16.2124 12.7 0.799999
      vertex 16.1468 12.803 5
      vertex 16.1468 12.803 0.799999
    endloop
  endfacet
  facet normal -0.843459 -0.537193 0
    outer loop
      vertex 16.1468 12.803 5
      vertex 16.2124 12.7 0.799999
      vertex 16.2124 12.7 5
    endloop
  endfacet
  facet normal -0.537193 -0.843459 0
    outer loop
      vertex 15.7 13.2124 0.799999
      vertex 15.803 13.1468 5
      vertex 15.7 13.2124 5
    endloop
  endfacet
  facet normal -0.537193 -0.843459 -0
    outer loop
      vertex 15.803 13.1468 5
      vertex 15.7 13.2124 0.799999
      vertex 15.803 13.1468 0.799999
    endloop
  endfacet
  facet normal -0.0434017 -0.999058 0
    outer loop
      vertex 15 13.4 0.799999
      vertex 15.122 13.3947 5
      vertex 15 13.4 5
    endloop
  endfacet
  facet normal -0.0434017 -0.999058 -0
    outer loop
      vertex 15.122 13.3947 5
      vertex 15 13.4 0.799999
      vertex 15.122 13.3947 0.799999
    endloop
  endfacet
  facet normal 0.843459 -0.537193 0
    outer loop
      vertex 13.7876 12.7 5
      vertex 13.8532 12.803 0.799999
      vertex 13.8532 12.803 5
    endloop
  endfacet
  facet normal 0.843459 -0.537193 0
    outer loop
      vertex 13.8532 12.803 0.799999
      vertex 13.7876 12.7 5
      vertex 13.7876 12.7 0.799999
    endloop
  endfacet
  facet normal 0.537193 -0.843459 0
    outer loop
      vertex 14.197 13.1468 0.799999
      vertex 14.3 13.2124 5
      vertex 14.197 13.1468 5
    endloop
  endfacet
  facet normal 0.537193 -0.843459 0
    outer loop
      vertex 14.3 13.2124 5
      vertex 14.197 13.1468 0.799999
      vertex 14.3 13.2124 0.799999
    endloop
  endfacet
  facet normal -0.991384 0.130984 0
    outer loop
      vertex 16.3787 11.7569 0.799999
      vertex 16.3947 11.878 5
      vertex 16.3947 11.878 0.799999
    endloop
  endfacet
  facet normal -0.991384 0.130984 0
    outer loop
      vertex 16.3947 11.878 5
      vertex 16.3787 11.7569 0.799999
      vertex 16.3787 11.7569 5
    endloop
  endfacet
  facet normal -0.38293 0.923777 0
    outer loop
      vertex 15.5917 10.7312 0.799999
      vertex 15.4788 10.6844 5
      vertex 15.5917 10.7312 5
    endloop
  endfacet
  facet normal -0.38293 0.923777 0
    outer loop
      vertex 15.4788 10.6844 5
      vertex 15.5917 10.7312 0.799999
      vertex 15.4788 10.6844 0.799999
    endloop
  endfacet
  facet normal -0.537193 0.843459 0
    outer loop
      vertex 15.803 10.8532 0.799999
      vertex 15.7 10.7876 5
      vertex 15.803 10.8532 5
    endloop
  endfacet
  facet normal -0.537193 0.843459 0
    outer loop
      vertex 15.7 10.7876 5
      vertex 15.803 10.8532 0.799999
      vertex 15.7 10.7876 0.799999
    endloop
  endfacet
  facet normal 0.130984 0.991384 -0
    outer loop
      vertex 14.878 10.6053 0.799999
      vertex 14.7569 10.6213 5
      vertex 14.878 10.6053 5
    endloop
  endfacet
  facet normal 0.130984 0.991384 0
    outer loop
      vertex 14.7569 10.6213 5
      vertex 14.878 10.6053 0.799999
      vertex 14.7569 10.6213 0.799999
    endloop
  endfacet
  facet normal 0.461894 0.886935 -0
    outer loop
      vertex 14.4083 10.7312 0.799999
      vertex 14.3 10.7876 5
      vertex 14.4083 10.7312 5
    endloop
  endfacet
  facet normal 0.461894 0.886935 0
    outer loop
      vertex 14.3 10.7876 5
      vertex 14.4083 10.7312 0.799999
      vertex 14.3 10.7876 0.799999
    endloop
  endfacet
  facet normal 0.923777 0.38293 0
    outer loop
      vertex 13.7312 11.4083 5
      vertex 13.6844 11.5212 0.799999
      vertex 13.6844 11.5212 5
    endloop
  endfacet
  facet normal 0.923777 0.38293 0
    outer loop
      vertex 13.6844 11.5212 0.799999
      vertex 13.7312 11.4083 5
      vertex 13.7312 11.4083 0.799999
    endloop
  endfacet
  facet normal 0.843459 0.537193 0
    outer loop
      vertex 13.8532 11.197 5
      vertex 13.7876 11.3 0.799999
      vertex 13.7876 11.3 5
    endloop
  endfacet
  facet normal 0.843459 0.537193 0
    outer loop
      vertex 13.7876 11.3 0.799999
      vertex 13.8532 11.197 5
      vertex 13.8532 11.197 0.799999
    endloop
  endfacet
  facet normal 0.675317 0.737528 -0
    outer loop
      vertex 14.1001 10.9275 0.799999
      vertex 14.01 11.01 5
      vertex 14.1001 10.9275 5
    endloop
  endfacet
  facet normal 0.675317 0.737528 0
    outer loop
      vertex 14.01 11.01 5
      vertex 14.1001 10.9275 0.799999
      vertex 14.01 11.01 0.799999
    endloop
  endfacet
  facet normal -0.923777 0.38293 0
    outer loop
      vertex 16.2688 11.4083 0.799999
      vertex 16.3156 11.5212 5
      vertex 16.3156 11.5212 0.799999
    endloop
  endfacet
  facet normal -0.923777 0.38293 0
    outer loop
      vertex 16.3156 11.5212 5
      vertex 16.2688 11.4083 0.799999
      vertex 16.2688 11.4083 5
    endloop
  endfacet
  facet normal -0.886935 0.461894 0
    outer loop
      vertex 16.2124 11.3 0.799999
      vertex 16.2688 11.4083 5
      vertex 16.2688 11.4083 0.799999
    endloop
  endfacet
  facet normal -0.886935 0.461894 0
    outer loop
      vertex 16.2688 11.4083 5
      vertex 16.2124 11.3 0.799999
      vertex 16.2124 11.3 5
    endloop
  endfacet
  facet normal 0.537193 0.843459 -0
    outer loop
      vertex 14.3 10.7876 0.799999
      vertex 14.197 10.8532 5
      vertex 14.3 10.7876 5
    endloop
  endfacet
  facet normal 0.537193 0.843459 0
    outer loop
      vertex 14.197 10.8532 5
      vertex 14.3 10.7876 0.799999
      vertex 14.197 10.8532 0.799999
    endloop
  endfacet
  facet normal -0.843459 0.537193 0
    outer loop
      vertex 16.1468 11.197 0.799999
      vertex 16.2124 11.3 5
      vertex 16.2124 11.3 0.799999
    endloop
  endfacet
  facet normal -0.843459 0.537193 0
    outer loop
      vertex 16.2124 11.3 5
      vertex 16.1468 11.197 0.799999
      vertex 16.1468 11.197 5
    endloop
  endfacet
  facet normal -0.976341 -0.216237 0
    outer loop
      vertex 16.3787 36.2431 0.799999
      vertex 16.3523 36.3623 5
      vertex 16.3523 36.3623 0.799999
    endloop
  endfacet
  facet normal -0.976341 -0.216237 0
    outer loop
      vertex 16.3523 36.3623 5
      vertex 16.3787 36.2431 0.799999
      vertex 16.3787 36.2431 5
    endloop
  endfacet
  facet normal -0.999058 -0.0434017 0
    outer loop
      vertex 16.4 36 0.799999
      vertex 16.3947 36.122 5
      vertex 16.3947 36.122 0.799999
    endloop
  endfacet
  facet normal -0.999058 -0.0434017 0
    outer loop
      vertex 16.3947 36.122 5
      vertex 16.4 36 0.799999
      vertex 16.4 36 5
    endloop
  endfacet
  facet normal 0.0434017 -0.999058 0
    outer loop
      vertex 14.878 37.3947 0.799999
      vertex 15 37.4 5
      vertex 14.878 37.3947 5
    endloop
  endfacet
  facet normal 0.0434017 -0.999058 0
    outer loop
      vertex 15 37.4 5
      vertex 14.878 37.3947 0.799999
      vertex 15 37.4 0.799999
    endloop
  endfacet
  facet normal -0.676169 -0.736746 0
    outer loop
      vertex 15.8999 37.0725 0.799999
      vertex 15.9899 36.9899 5
      vertex 15.8999 37.0725 5
    endloop
  endfacet
  facet normal -0.676169 -0.736746 -0
    outer loop
      vertex 15.9899 36.9899 5
      vertex 15.8999 37.0725 0.799999
      vertex 15.9899 36.9899 0.799999
    endloop
  endfacet
  facet normal 0.737154 -0.675725 0
    outer loop
      vertex 13.9275 36.8999 5
      vertex 14.01 36.9899 0.799999
      vertex 14.01 36.9899 5
    endloop
  endfacet
  facet normal 0.737154 -0.675725 0
    outer loop
      vertex 14.01 36.9899 0.799999
      vertex 13.9275 36.8999 5
      vertex 13.9275 36.8999 0.799999
    endloop
  endfacet
  facet normal 0.38293 -0.923777 0
    outer loop
      vertex 14.4083 37.2688 0.799999
      vertex 14.5212 37.3156 5
      vertex 14.4083 37.2688 5
    endloop
  endfacet
  facet normal 0.38293 -0.923777 0
    outer loop
      vertex 14.5212 37.3156 5
      vertex 14.4083 37.2688 0.799999
      vertex 14.5212 37.3156 0.799999
    endloop
  endfacet
  facet normal 0.737528 0.675317 0
    outer loop
      vertex 14.01 35.01 5
      vertex 13.9275 35.1001 0.799999
      vertex 13.9275 35.1001 5
    endloop
  endfacet
  facet normal 0.737528 0.675317 0
    outer loop
      vertex 13.9275 35.1001 0.799999
      vertex 14.01 35.01 5
      vertex 14.01 35.01 0.799999
    endloop
  endfacet
  facet normal -0.953793 -0.300465 0
    outer loop
      vertex 16.3523 36.3623 0.799999
      vertex 16.3156 36.4788 5
      vertex 16.3156 36.4788 0.799999
    endloop
  endfacet
  facet normal -0.953793 -0.300465 0
    outer loop
      vertex 16.3156 36.4788 5
      vertex 16.3523 36.3623 0.799999
      vertex 16.3523 36.3623 5
    endloop
  endfacet
  facet normal -0.300465 -0.953793 0
    outer loop
      vertex 15.3623 37.3523 0.799999
      vertex 15.4788 37.3156 5
      vertex 15.3623 37.3523 5
    endloop
  endfacet
  facet normal -0.300465 -0.953793 -0
    outer loop
      vertex 15.4788 37.3156 5
      vertex 15.3623 37.3523 0.799999
      vertex 15.4788 37.3156 0.799999
    endloop
  endfacet
  facet normal 0.923777 -0.38293 0
    outer loop
      vertex 13.6844 36.4788 5
      vertex 13.7312 36.5917 0.799999
      vertex 13.7312 36.5917 5
    endloop
  endfacet
  facet normal 0.923777 -0.38293 0
    outer loop
      vertex 13.7312 36.5917 0.799999
      vertex 13.6844 36.4788 5
      vertex 13.6844 36.4788 0.799999
    endloop
  endfacet
  facet normal 0.886935 -0.461894 0
    outer loop
      vertex 13.7312 36.5917 5
      vertex 13.7876 36.7 0.799999
      vertex 13.7876 36.7 5
    endloop
  endfacet
  facet normal 0.886935 -0.461894 0
    outer loop
      vertex 13.7876 36.7 0.799999
      vertex 13.7312 36.5917 5
      vertex 13.7312 36.5917 0.799999
    endloop
  endfacet
  facet normal 0.999058 0.0434017 0
    outer loop
      vertex 13.6053 35.878 5
      vertex 13.6 36 0.799999
      vertex 13.6 36 5
    endloop
  endfacet
  facet normal 0.999058 0.0434017 0
    outer loop
      vertex 13.6 36 0.799999
      vertex 13.6053 35.878 5
      vertex 13.6053 35.878 0.799999
    endloop
  endfacet
  facet normal -0.923777 0.38293 0
    outer loop
      vertex 16.2688 35.4083 0.799999
      vertex 16.3156 35.5212 5
      vertex 16.3156 35.5212 0.799999
    endloop
  endfacet
  facet normal -0.923777 0.38293 0
    outer loop
      vertex 16.3156 35.5212 5
      vertex 16.2688 35.4083 0.799999
      vertex 16.2688 35.4083 5
    endloop
  endfacet
  facet normal -0.300465 0.953793 0
    outer loop
      vertex 15.4788 34.6844 0.799999
      vertex 15.3623 34.6477 5
      vertex 15.4788 34.6844 5
    endloop
  endfacet
  facet normal -0.300465 0.953793 0
    outer loop
      vertex 15.3623 34.6477 5
      vertex 15.4788 34.6844 0.799999
      vertex 15.3623 34.6477 0.799999
    endloop
  endfacet
  facet normal -0.73712 0.675762 0
    outer loop
      vertex 15.9899 35.01 0.799999
      vertex 16.0725 35.1001 5
      vertex 16.0725 35.1001 0.799999
    endloop
  endfacet
  facet normal -0.73712 0.675762 0
    outer loop
      vertex 16.0725 35.1001 5
      vertex 15.9899 35.01 0.799999
      vertex 15.9899 35.01 5
    endloop
  endfacet
  facet normal 0.216237 0.976341 -0
    outer loop
      vertex 14.7569 34.6213 0.799999
      vertex 14.6377 34.6477 5
      vertex 14.7569 34.6213 5
    endloop
  endfacet
  facet normal 0.216237 0.976341 0
    outer loop
      vertex 14.6377 34.6477 5
      vertex 14.7569 34.6213 0.799999
      vertex 14.6377 34.6477 0.799999
    endloop
  endfacet
  facet normal 0.38293 0.923777 -0
    outer loop
      vertex 14.5212 34.6844 0.799999
      vertex 14.4083 34.7312 5
      vertex 14.5212 34.6844 5
    endloop
  endfacet
  facet normal 0.38293 0.923777 0
    outer loop
      vertex 14.4083 34.7312 5
      vertex 14.5212 34.6844 0.799999
      vertex 14.4083 34.7312 0.799999
    endloop
  endfacet
  facet normal 0.793567 0.608483 0
    outer loop
      vertex 13.9275 35.1001 5
      vertex 13.8532 35.197 0.799999
      vertex 13.8532 35.197 5
    endloop
  endfacet
  facet normal 0.793567 0.608483 0
    outer loop
      vertex 13.8532 35.197 0.799999
      vertex 13.9275 35.1001 5
      vertex 13.9275 35.1001 0.799999
    endloop
  endfacet
  facet normal -0.991384 -0.130984 0
    outer loop
      vertex 16.3947 36.122 0.799999
      vertex 16.3787 36.2431 5
      vertex 16.3787 36.2431 0.799999
    endloop
  endfacet
  facet normal -0.991384 -0.130984 0
    outer loop
      vertex 16.3787 36.2431 5
      vertex 16.3947 36.122 0.799999
      vertex 16.3947 36.122 5
    endloop
  endfacet
  facet normal -0.923777 -0.38293 0
    outer loop
      vertex 16.3156 36.4788 0.799999
      vertex 16.2688 36.5917 5
      vertex 16.2688 36.5917 0.799999
    endloop
  endfacet
  facet normal -0.923777 -0.38293 0
    outer loop
      vertex 16.2688 36.5917 5
      vertex 16.3156 36.4788 0.799999
      vertex 16.3156 36.4788 5
    endloop
  endfacet
  facet normal -0.886935 -0.461894 0
    outer loop
      vertex 16.2688 36.5917 0.799999
      vertex 16.2124 36.7 5
      vertex 16.2124 36.7 0.799999
    endloop
  endfacet
  facet normal -0.886935 -0.461894 0
    outer loop
      vertex 16.2124 36.7 5
      vertex 16.2688 36.5917 0.799999
      vertex 16.2688 36.5917 5
    endloop
  endfacet
  facet normal -0.130984 -0.991384 0
    outer loop
      vertex 15.122 37.3947 0.799999
      vertex 15.2431 37.3787 5
      vertex 15.122 37.3947 5
    endloop
  endfacet
  facet normal -0.130984 -0.991384 -0
    outer loop
      vertex 15.2431 37.3787 5
      vertex 15.122 37.3947 0.799999
      vertex 15.2431 37.3787 0.799999
    endloop
  endfacet
  facet normal -0.537193 -0.843459 0
    outer loop
      vertex 15.7 37.2124 0.799999
      vertex 15.803 37.1468 5
      vertex 15.7 37.2124 5
    endloop
  endfacet
  facet normal -0.537193 -0.843459 -0
    outer loop
      vertex 15.803 37.1468 5
      vertex 15.7 37.2124 0.799999
      vertex 15.803 37.1468 0.799999
    endloop
  endfacet
  facet normal -0.461894 -0.886935 0
    outer loop
      vertex 15.5917 37.2688 0.799999
      vertex 15.7 37.2124 5
      vertex 15.5917 37.2688 5
    endloop
  endfacet
  facet normal -0.461894 -0.886935 -0
    outer loop
      vertex 15.7 37.2124 5
      vertex 15.5917 37.2688 0.799999
      vertex 15.7 37.2124 0.799999
    endloop
  endfacet
  facet normal 0 0 1
    outer loop
      vertex 16.3947 36.122 0.799999
      vertex 16.3947 35.878 0.799999
      vertex 16.4 36 0.799999
    endloop
  endfacet
  facet normal 0 0 1
    outer loop
      vertex 16.3787 36.2431 0.799999
      vertex 16.3947 35.878 0.799999
      vertex 16.3947 36.122 0.799999
    endloop
  endfacet
  facet normal 0 0 1
    outer loop
      vertex 16.3787 36.2431 0.799999
      vertex 16.3787 35.7569 0.799999
      vertex 16.3947 35.878 0.799999
    endloop
  endfacet
  facet normal 0 0 1
    outer loop
      vertex 16.3523 36.3623 0.799999
      vertex 16.3787 35.7569 0.799999
      vertex 16.3787 36.2431 0.799999
    endloop
  endfacet
  facet normal 0 0 1
    outer loop
      vertex 16.3523 36.3623 0.799999
      vertex 16.3523 35.6377 0.799999
      vertex 16.3787 35.7569 0.799999
    endloop
  endfacet
  facet normal 0 0 1
    outer loop
      vertex 16.3156 36.4788 0.799999
      vertex 16.3523 35.6377 0.799999
      vertex 16.3523 36.3623 0.799999
    endloop
  endfacet
  facet normal 0 0 1
    outer loop
      vertex 16.3156 36.4788 0.799999
      vertex 16.3156 35.5212 0.799999
      vertex 16.3523 35.6377 0.799999
    endloop
  endfacet
  facet normal 0 0 1
    outer loop
      vertex 16.2688 36.5917 0.799999
      vertex 16.3156 35.5212 0.799999
      vertex 16.3156 36.4788 0.799999
    endloop
  endfacet
  facet normal 0 0 1
    outer loop
      vertex 16.2688 36.5917 0.799999
      vertex 16.2688 35.4083 0.799999
      vertex 16.3156 35.5212 0.799999
    endloop
  endfacet
  facet normal 0 0 1
    outer loop
      vertex 16.2124 36.7 0.799999
      vertex 16.2688 35.4083 0.799999
      vertex 16.2688 36.5917 0.799999
    endloop
  endfacet
  facet normal 0 0 1
    outer loop
      vertex 16.2124 36.7 0.799999
      vertex 16.2124 35.3 0.799999
      vertex 16.2688 35.4083 0.799999
    endloop
  endfacet
  facet normal 0 0 1
    outer loop
      vertex 16.1468 36.803 0.799999
      vertex 16.2124 35.3 0.799999
      vertex 16.2124 36.7 0.799999
    endloop
  endfacet
  facet normal 0 0 1
    outer loop
      vertex 16.1468 36.803 0.799999
      vertex 16.1468 35.197 0.799999
      vertex 16.2124 35.3 0.799999
    endloop
  endfacet
  facet normal 0 0 1
    outer loop
      vertex 16.0725 36.8999 0.799999
      vertex 16.1468 35.197 0.799999
      vertex 16.1468 36.803 0.799999
    endloop
  endfacet
  facet normal 0 0 1
    outer loop
      vertex 16.0725 36.8999 0.799999
      vertex 16.0725 35.1001 0.799999
      vertex 16.1468 35.197 0.799999
    endloop
  endfacet
  facet normal 0 0 1
    outer loop
      vertex 15.9899 36.9899 0.799999
      vertex 16.0725 35.1001 0.799999
      vertex 16.0725 36.8999 0.799999
    endloop
  endfacet
  facet normal 0 0 1
    outer loop
      vertex 15.9899 36.9899 0.799999
      vertex 15.9899 35.01 0.799999
      vertex 16.0725 35.1001 0.799999
    endloop
  endfacet
  facet normal 0 0 1
    outer loop
      vertex 15.8999 37.0725 0.799999
      vertex 15.9899 35.01 0.799999
      vertex 15.9899 36.9899 0.799999
    endloop
  endfacet
  facet normal 0 0 1
    outer loop
      vertex 15.8999 37.0725 0.799999
      vertex 15.8999 34.9275 0.799999
      vertex 15.9899 35.01 0.799999
    endloop
  endfacet
  facet normal 0 0 1
    outer loop
      vertex 15.803 37.1468 0.799999
      vertex 15.8999 34.9275 0.799999
      vertex 15.8999 37.0725 0.799999
    endloop
  endfacet
  facet normal 0 0 1
    outer loop
      vertex 15.803 37.1468 0.799999
      vertex 15.803 34.8532 0.799999
      vertex 15.8999 34.9275 0.799999
    endloop
  endfacet
  facet normal 0 0 1
    outer loop
      vertex 15.7 37.2124 0.799999
      vertex 15.803 34.8532 0.799999
      vertex 15.803 37.1468 0.799999
    endloop
  endfacet
  facet normal 0 0 1
    outer loop
      vertex 15.7 37.2124 0.799999
      vertex 15.7 34.7876 0.799999
      vertex 15.803 34.8532 0.799999
    endloop
  endfacet
  facet normal 0 0 1
    outer loop
      vertex 15.5917 37.2688 0.799999
      vertex 15.7 34.7876 0.799999
      vertex 15.7 37.2124 0.799999
    endloop
  endfacet
  facet normal 0 0 1
    outer loop
      vertex 15.5917 37.2688 0.799999
      vertex 15.5917 34.7312 0.799999
      vertex 15.7 34.7876 0.799999
    endloop
  endfacet
  facet normal 0 0 1
    outer loop
      vertex 15.4788 37.3156 0.799999
      vertex 15.5917 34.7312 0.799999
      vertex 15.5917 37.2688 0.799999
    endloop
  endfacet
  facet normal 0 0 1
    outer loop
      vertex 15.4788 37.3156 0.799999
      vertex 15.4788 34.6844 0.799999
      vertex 15.5917 34.7312 0.799999
    endloop
  endfacet
  facet normal 0 0 1
    outer loop
      vertex 15.3623 37.3523 0.799999
      vertex 15.4788 34.6844 0.799999
      vertex 15.4788 37.3156 0.799999
    endloop
  endfacet
  facet normal 0 0 1
    outer loop
      vertex 15.3623 37.3523 0.799999
      vertex 15.3623 34.6477 0.799999
      vertex 15.4788 34.6844 0.799999
    endloop
  endfacet
  facet normal 0 0 1
    outer loop
      vertex 15.2431 37.3787 0.799999
      vertex 15.3623 34.6477 0.799999
      vertex 15.3623 37.3523 0.799999
    endloop
  endfacet
  facet normal 0 0 1
    outer loop
      vertex 15.2431 37.3787 0.799999
      vertex 15.2431 34.6213 0.799999
      vertex 15.3623 34.6477 0.799999
    endloop
  endfacet
  facet normal 0 0 1
    outer loop
      vertex 15.122 37.3947 0.799999
      vertex 15.2431 34.6213 0.799999
      vertex 15.2431 37.3787 0.799999
    endloop
  endfacet
  facet normal 0 0 1
    outer loop
      vertex 15.122 37.3947 0.799999
      vertex 15.122 34.6053 0.799999
      vertex 15.2431 34.6213 0.799999
    endloop
  endfacet
  facet normal 0 0 1
    outer loop
      vertex 15 37.4 0.799999
      vertex 15.122 34.6053 0.799999
      vertex 15.122 37.3947 0.799999
    endloop
  endfacet
  facet normal 0 0 1
    outer loop
      vertex 15 37.4 0.799999
      vertex 15 34.6 0.799999
      vertex 15.122 34.6053 0.799999
    endloop
  endfacet
  facet normal -0 0 1
    outer loop
      vertex 14.878 37.3947 0.799999
      vertex 15 34.6 0.799999
      vertex 15 37.4 0.799999
    endloop
  endfacet
  facet normal 0 0 1
    outer loop
      vertex 14.878 37.3947 0.799999
      vertex 14.878 34.6053 0.799999
      vertex 15 34.6 0.799999
    endloop
  endfacet
  facet normal -0 0 1
    outer loop
      vertex 14.7569 37.3787 0.799999
      vertex 14.878 34.6053 0.799999
      vertex 14.878 37.3947 0.799999
    endloop
  endfacet
  facet normal 0 0 1
    outer loop
      vertex 14.7569 37.3787 0.799999
      vertex 14.7569 34.6213 0.799999
      vertex 14.878 34.6053 0.799999
    endloop
  endfacet
  facet normal -0 0 1
    outer loop
      vertex 14.6377 37.3523 0.799999
      vertex 14.7569 34.6213 0.799999
      vertex 14.7569 37.3787 0.799999
    endloop
  endfacet
  facet normal 0 0 1
    outer loop
      vertex 14.6377 37.3523 0.799999
      vertex 14.6377 34.6477 0.799999
      vertex 14.7569 34.6213 0.799999
    endloop
  endfacet
  facet normal -0 0 1
    outer loop
      vertex 14.5212 37.3156 0.799999
      vertex 14.6377 34.6477 0.799999
      vertex 14.6377 37.3523 0.799999
    endloop
  endfacet
  facet normal 0 0 1
    outer loop
      vertex 14.5212 37.3156 0.799999
      vertex 14.5212 34.6844 0.799999
      vertex 14.6377 34.6477 0.799999
    endloop
  endfacet
  facet normal -0 0 1
    outer loop
      vertex 14.4083 37.2688 0.799999
      vertex 14.5212 34.6844 0.799999
      vertex 14.5212 37.3156 0.799999
    endloop
  endfacet
  facet normal 0 0 1
    outer loop
      vertex 14.4083 37.2688 0.799999
      vertex 14.4083 34.7312 0.799999
      vertex 14.5212 34.6844 0.799999
    endloop
  endfacet
  facet normal -0 0 1
    outer loop
      vertex 14.3 37.2124 0.799999
      vertex 14.4083 34.7312 0.799999
      vertex 14.4083 37.2688 0.799999
    endloop
  endfacet
  facet normal 0 0 1
    outer loop
      vertex 14.3 37.2124 0.799999
      vertex 14.3 34.7876 0.799999
      vertex 14.4083 34.7312 0.799999
    endloop
  endfacet
  facet normal -0 0 1
    outer loop
      vertex 14.197 37.1468 0.799999
      vertex 14.3 34.7876 0.799999
      vertex 14.3 37.2124 0.799999
    endloop
  endfacet
  facet normal 0 0 1
    outer loop
      vertex 14.197 37.1468 0.799999
      vertex 14.197 34.8532 0.799999
      vertex 14.3 34.7876 0.799999
    endloop
  endfacet
  facet normal -0 0 1
    outer loop
      vertex 14.1001 37.0725 0.799999
      vertex 14.197 34.8532 0.799999
      vertex 14.197 37.1468 0.799999
    endloop
  endfacet
  facet normal 0 0 1
    outer loop
      vertex 14.1001 37.0725 0.799999
      vertex 14.1001 34.9275 0.799999
      vertex 14.197 34.8532 0.799999
    endloop
  endfacet
  facet normal -0 0 1
    outer loop
      vertex 14.01 36.9899 0.799999
      vertex 14.1001 34.9275 0.799999
      vertex 14.1001 37.0725 0.799999
    endloop
  endfacet
  facet normal 0 0 1
    outer loop
      vertex 14.01 36.9899 0.799999
      vertex 14.01 35.01 0.799999
      vertex 14.1001 34.9275 0.799999
    endloop
  endfacet
  facet normal -0 0 1
    outer loop
      vertex 13.9275 36.8999 0.799999
      vertex 14.01 35.01 0.799999
      vertex 14.01 36.9899 0.799999
    endloop
  endfacet
  facet normal 0 0 1
    outer loop
      vertex 13.9275 36.8999 0.799999
      vertex 13.9275 35.1001 0.799999
      vertex 14.01 35.01 0.799999
    endloop
  endfacet
  facet normal -0 0 1
    outer loop
      vertex 13.8532 36.803 0.799999
      vertex 13.9275 35.1001 0.799999
      vertex 13.9275 36.8999 0.799999
    endloop
  endfacet
  facet normal 0 0 1
    outer loop
      vertex 13.8532 36.803 0.799999
      vertex 13.8532 35.197 0.799999
      vertex 13.9275 35.1001 0.799999
    endloop
  endfacet
  facet normal -0 0 1
    outer loop
      vertex 13.7876 36.7 0.799999
      vertex 13.8532 35.197 0.799999
      vertex 13.8532 36.803 0.799999
    endloop
  endfacet
  facet normal 0 0 1
    outer loop
      vertex 13.7876 36.7 0.799999
      vertex 13.7876 35.3 0.799999
      vertex 13.8532 35.197 0.799999
    endloop
  endfacet
  facet normal -0 0 1
    outer loop
      vertex 13.7312 36.5917 0.799999
      vertex 13.7876 35.3 0.799999
      vertex 13.7876 36.7 0.799999
    endloop
  endfacet
  facet normal 0 0 1
    outer loop
      vertex 13.7312 36.5917 0.799999
      vertex 13.7312 35.4083 0.799999
      vertex 13.7876 35.3 0.799999
    endloop
  endfacet
  facet normal -0 0 1
    outer loop
      vertex 13.6844 36.4788 0.799999
      vertex 13.7312 35.4083 0.799999
      vertex 13.7312 36.5917 0.799999
    endloop
  endfacet
  facet normal 0 0 1
    outer loop
      vertex 13.6844 36.4788 0.799999
      vertex 13.6844 35.5212 0.799999
      vertex 13.7312 35.4083 0.799999
    endloop
  endfacet
  facet normal -0 0 1
    outer loop
      vertex 13.6477 36.3623 0.799999
      vertex 13.6844 35.5212 0.799999
      vertex 13.6844 36.4788 0.799999
    endloop
  endfacet
  facet normal 0 0 1
    outer loop
      vertex 13.6477 36.3623 0.799999
      vertex 13.6477 35.6377 0.799999
      vertex 13.6844 35.5212 0.799999
    endloop
  endfacet
  facet normal -0 0 1
    outer loop
      vertex 13.6213 36.2431 0.799999
      vertex 13.6477 35.6377 0.799999
      vertex 13.6477 36.3623 0.799999
    endloop
  endfacet
  facet normal 0 0 1
    outer loop
      vertex 13.6213 36.2431 0.799999
      vertex 13.6213 35.7569 0.799999
      vertex 13.6477 35.6377 0.799999
    endloop
  endfacet
  facet normal -0 0 1
    outer loop
      vertex 13.6053 36.122 0.799999
      vertex 13.6213 35.7569 0.799999
      vertex 13.6213 36.2431 0.799999
    endloop
  endfacet
  facet normal 0 0 1
    outer loop
      vertex 13.6053 36.122 0.799999
      vertex 13.6053 35.878 0.799999
      vertex 13.6213 35.7569 0.799999
    endloop
  endfacet
  facet normal 0 -0 1
    outer loop
      vertex 13.6053 35.878 0.799999
      vertex 13.6053 36.122 0.799999
      vertex 13.6 36 0.799999
    endloop
  endfacet
  facet normal 0.953793 -0.300465 0
    outer loop
      vertex 13.6477 36.3623 5
      vertex 13.6844 36.4788 0.799999
      vertex 13.6844 36.4788 5
    endloop
  endfacet
  facet normal 0.953793 -0.300465 0
    outer loop
      vertex 13.6844 36.4788 0.799999
      vertex 13.6477 36.3623 5
      vertex 13.6477 36.3623 0.799999
    endloop
  endfacet
  facet normal 0.991384 -0.130984 0
    outer loop
      vertex 13.6053 36.122 5
      vertex 13.6213 36.2431 0.799999
      vertex 13.6213 36.2431 5
    endloop
  endfacet
  facet normal 0.991384 -0.130984 0
    outer loop
      vertex 13.6213 36.2431 0.799999
      vertex 13.6053 36.122 5
      vertex 13.6053 36.122 0.799999
    endloop
  endfacet
  facet normal 0.608483 -0.793567 0
    outer loop
      vertex 14.1001 37.0725 0.799999
      vertex 14.197 37.1468 5
      vertex 14.1001 37.0725 5
    endloop
  endfacet
  facet normal 0.608483 -0.793567 0
    outer loop
      vertex 14.197 37.1468 5
      vertex 14.1001 37.0725 0.799999
      vertex 14.197 37.1468 0.799999
    endloop
  endfacet
  facet normal 0.461894 -0.886935 0
    outer loop
      vertex 14.3 37.2124 0.799999
      vertex 14.4083 37.2688 5
      vertex 14.3 37.2124 5
    endloop
  endfacet
  facet normal 0.461894 -0.886935 0
    outer loop
      vertex 14.4083 37.2688 5
      vertex 14.3 37.2124 0.799999
      vertex 14.4083 37.2688 0.799999
    endloop
  endfacet
  facet normal 0.675762 -0.73712 0
    outer loop
      vertex 14.01 36.9899 0.799999
      vertex 14.1001 37.0725 5
      vertex 14.01 36.9899 5
    endloop
  endfacet
  facet normal 0.675762 -0.73712 0
    outer loop
      vertex 14.1001 37.0725 5
      vertex 14.01 36.9899 0.799999
      vertex 14.1001 37.0725 0.799999
    endloop
  endfacet
  facet normal 0.130984 -0.991384 0
    outer loop
      vertex 14.7569 37.3787 0.799999
      vertex 14.878 37.3947 5
      vertex 14.7569 37.3787 5
    endloop
  endfacet
  facet normal 0.130984 -0.991384 0
    outer loop
      vertex 14.878 37.3947 5
      vertex 14.7569 37.3787 0.799999
      vertex 14.878 37.3947 0.799999
    endloop
  endfacet
  facet normal 0.216237 -0.976341 0
    outer loop
      vertex 14.6377 37.3523 0.799999
      vertex 14.7569 37.3787 5
      vertex 14.6377 37.3523 5
    endloop
  endfacet
  facet normal 0.216237 -0.976341 0
    outer loop
      vertex 14.7569 37.3787 5
      vertex 14.6377 37.3523 0.799999
      vertex 14.7569 37.3787 0.799999
    endloop
  endfacet
  facet normal -0.130984 0.991384 0
    outer loop
      vertex 15.2431 34.6213 0.799999
      vertex 15.122 34.6053 5
      vertex 15.2431 34.6213 5
    endloop
  endfacet
  facet normal -0.130984 0.991384 0
    outer loop
      vertex 15.122 34.6053 5
      vertex 15.2431 34.6213 0.799999
      vertex 15.122 34.6053 0.799999
    endloop
  endfacet
  facet normal -0.216237 0.976341 0
    outer loop
      vertex 15.3623 34.6477 0.799999
      vertex 15.2431 34.6213 5
      vertex 15.3623 34.6477 5
    endloop
  endfacet
  facet normal -0.216237 0.976341 0
    outer loop
      vertex 15.2431 34.6213 5
      vertex 15.3623 34.6477 0.799999
      vertex 15.2431 34.6213 0.799999
    endloop
  endfacet
  facet normal -0.461894 0.886935 0
    outer loop
      vertex 15.7 34.7876 0.799999
      vertex 15.5917 34.7312 5
      vertex 15.7 34.7876 5
    endloop
  endfacet
  facet normal -0.461894 0.886935 0
    outer loop
      vertex 15.5917 34.7312 5
      vertex 15.7 34.7876 0.799999
      vertex 15.5917 34.7312 0.799999
    endloop
  endfacet
  facet normal -0.675725 0.737154 0
    outer loop
      vertex 15.9899 35.01 0.799999
      vertex 15.8999 34.9275 5
      vertex 15.9899 35.01 5
    endloop
  endfacet
  facet normal -0.675725 0.737154 0
    outer loop
      vertex 15.8999 34.9275 5
      vertex 15.9899 35.01 0.799999
      vertex 15.8999 34.9275 0.799999
    endloop
  endfacet
  facet normal -0.886935 0.461894 0
    outer loop
      vertex 16.2124 35.3 0.799999
      vertex 16.2688 35.4083 5
      vertex 16.2688 35.4083 0.799999
    endloop
  endfacet
  facet normal -0.886935 0.461894 0
    outer loop
      vertex 16.2688 35.4083 5
      vertex 16.2124 35.3 0.799999
      vertex 16.2124 35.3 5
    endloop
  endfacet
  facet normal -0.999058 0.0434017 0
    outer loop
      vertex 16.3947 35.878 0.799999
      vertex 16.4 36 5
      vertex 16.4 36 0.799999
    endloop
  endfacet
  facet normal -0.999058 0.0434017 0
    outer loop
      vertex 16.4 36 5
      vertex 16.3947 35.878 0.799999
      vertex 16.3947 35.878 5
    endloop
  endfacet
  facet normal -0.976341 0.216237 0
    outer loop
      vertex 16.3523 35.6377 0.799999
      vertex 16.3787 35.7569 5
      vertex 16.3787 35.7569 0.799999
    endloop
  endfacet
  facet normal -0.976341 0.216237 0
    outer loop
      vertex 16.3787 35.7569 5
      vertex 16.3523 35.6377 0.799999
      vertex 16.3523 35.6377 5
    endloop
  endfacet
  facet normal -0.991384 0.130984 0
    outer loop
      vertex 16.3787 35.7569 0.799999
      vertex 16.3947 35.878 5
      vertex 16.3947 35.878 0.799999
    endloop
  endfacet
  facet normal -0.991384 0.130984 0
    outer loop
      vertex 16.3947 35.878 5
      vertex 16.3787 35.7569 0.799999
      vertex 16.3787 35.7569 5
    endloop
  endfacet
  facet normal 0.0434017 0.999058 -0
    outer loop
      vertex 15 34.6 0.799999
      vertex 14.878 34.6053 5
      vertex 15 34.6 5
    endloop
  endfacet
  facet normal 0.0434017 0.999058 0
    outer loop
      vertex 14.878 34.6053 5
      vertex 15 34.6 0.799999
      vertex 14.878 34.6053 0.799999
    endloop
  endfacet
  facet normal -0.0434017 0.999058 0
    outer loop
      vertex 15.122 34.6053 0.799999
      vertex 15 34.6 5
      vertex 15.122 34.6053 5
    endloop
  endfacet
  facet normal -0.0434017 0.999058 0
    outer loop
      vertex 15 34.6 5
      vertex 15.122 34.6053 0.799999
      vertex 15 34.6 0.799999
    endloop
  endfacet
  facet normal 0.461894 0.886935 -0
    outer loop
      vertex 14.4083 34.7312 0.799999
      vertex 14.3 34.7876 5
      vertex 14.4083 34.7312 5
    endloop
  endfacet
  facet normal 0.461894 0.886935 0
    outer loop
      vertex 14.3 34.7876 5
      vertex 14.4083 34.7312 0.799999
      vertex 14.3 34.7876 0.799999
    endloop
  endfacet
  facet normal 0.675317 0.737528 -0
    outer loop
      vertex 14.1001 34.9275 0.799999
      vertex 14.01 35.01 5
      vertex 14.1001 34.9275 5
    endloop
  endfacet
  facet normal 0.675317 0.737528 0
    outer loop
      vertex 14.01 35.01 5
      vertex 14.1001 34.9275 0.799999
      vertex 14.01 35.01 0.799999
    endloop
  endfacet
  facet normal 0.886935 0.461894 0
    outer loop
      vertex 13.7876 35.3 5
      vertex 13.7312 35.4083 0.799999
      vertex 13.7312 35.4083 5
    endloop
  endfacet
  facet normal 0.886935 0.461894 0
    outer loop
      vertex 13.7312 35.4083 0.799999
      vertex 13.7876 35.3 5
      vertex 13.7876 35.3 0.799999
    endloop
  endfacet
  facet normal 0.953793 0.300465 0
    outer loop
      vertex 13.6844 35.5212 5
      vertex 13.6477 35.6377 0.799999
      vertex 13.6477 35.6377 5
    endloop
  endfacet
  facet normal 0.953793 0.300465 0
    outer loop
      vertex 13.6477 35.6377 0.799999
      vertex 13.6844 35.5212 5
      vertex 13.6844 35.5212 0.799999
    endloop
  endfacet
  facet normal 0.991384 0.130984 0
    outer loop
      vertex 13.6213 35.7569 5
      vertex 13.6053 35.878 0.799999
      vertex 13.6053 35.878 5
    endloop
  endfacet
  facet normal 0.991384 0.130984 0
    outer loop
      vertex 13.6053 35.878 0.799999
      vertex 13.6213 35.7569 5
      vertex 13.6213 35.7569 0.799999
    endloop
  endfacet
  facet normal -0.736746 -0.676169 0
    outer loop
      vertex 16.0725 36.8999 0.799999
      vertex 15.9899 36.9899 5
      vertex 15.9899 36.9899 0.799999
    endloop
  endfacet
  facet normal -0.736746 -0.676169 0
    outer loop
      vertex 15.9899 36.9899 5
      vertex 16.0725 36.8999 0.799999
      vertex 16.0725 36.8999 5
    endloop
  endfacet
  facet normal -0.843459 -0.537193 0
    outer loop
      vertex 16.2124 36.7 0.799999
      vertex 16.1468 36.803 5
      vertex 16.1468 36.803 0.799999
    endloop
  endfacet
  facet normal -0.843459 -0.537193 0
    outer loop
      vertex 16.1468 36.803 5
      vertex 16.2124 36.7 0.799999
      vertex 16.2124 36.7 5
    endloop
  endfacet
  facet normal -0.793567 -0.608483 0
    outer loop
      vertex 16.1468 36.803 0.799999
      vertex 16.0725 36.8999 5
      vertex 16.0725 36.8999 0.799999
    endloop
  endfacet
  facet normal -0.793567 -0.608483 0
    outer loop
      vertex 16.0725 36.8999 5
      vertex 16.1468 36.803 0.799999
      vertex 16.1468 36.803 5
    endloop
  endfacet
  facet normal -0.0434017 -0.999058 0
    outer loop
      vertex 15 37.4 0.799999
      vertex 15.122 37.3947 5
      vertex 15 37.4 5
    endloop
  endfacet
  facet normal -0.0434017 -0.999058 -0
    outer loop
      vertex 15.122 37.3947 5
      vertex 15 37.4 0.799999
      vertex 15.122 37.3947 0.799999
    endloop
  endfacet
  facet normal -0.216237 -0.976341 0
    outer loop
      vertex 15.2431 37.3787 0.799999
      vertex 15.3623 37.3523 5
      vertex 15.2431 37.3787 5
    endloop
  endfacet
  facet normal -0.216237 -0.976341 -0
    outer loop
      vertex 15.3623 37.3523 5
      vertex 15.2431 37.3787 0.799999
      vertex 15.3623 37.3523 0.799999
    endloop
  endfacet
  facet normal -0.38293 -0.923777 0
    outer loop
      vertex 15.4788 37.3156 0.799999
      vertex 15.5917 37.2688 5
      vertex 15.4788 37.3156 5
    endloop
  endfacet
  facet normal -0.38293 -0.923777 -0
    outer loop
      vertex 15.5917 37.2688 5
      vertex 15.4788 37.3156 0.799999
      vertex 15.5917 37.2688 0.799999
    endloop
  endfacet
  facet normal -0.608483 -0.793567 0
    outer loop
      vertex 15.803 37.1468 0.799999
      vertex 15.8999 37.0725 5
      vertex 15.803 37.1468 5
    endloop
  endfacet
  facet normal -0.608483 -0.793567 -0
    outer loop
      vertex 15.8999 37.0725 5
      vertex 15.803 37.1468 0.799999
      vertex 15.8999 37.0725 0.799999
    endloop
  endfacet
  facet normal 0.793567 -0.608483 0
    outer loop
      vertex 13.8532 36.803 5
      vertex 13.9275 36.8999 0.799999
      vertex 13.9275 36.8999 5
    endloop
  endfacet
  facet normal 0.793567 -0.608483 0
    outer loop
      vertex 13.9275 36.8999 0.799999
      vertex 13.8532 36.803 5
      vertex 13.8532 36.803 0.799999
    endloop
  endfacet
  facet normal 0.843459 -0.537193 0
    outer loop
      vertex 13.7876 36.7 5
      vertex 13.8532 36.803 0.799999
      vertex 13.8532 36.803 5
    endloop
  endfacet
  facet normal 0.843459 -0.537193 0
    outer loop
      vertex 13.8532 36.803 0.799999
      vertex 13.7876 36.7 5
      vertex 13.7876 36.7 0.799999
    endloop
  endfacet
  facet normal 0.999058 -0.0434017 0
    outer loop
      vertex 13.6 36 5
      vertex 13.6053 36.122 0.799999
      vertex 13.6053 36.122 5
    endloop
  endfacet
  facet normal 0.999058 -0.0434017 0
    outer loop
      vertex 13.6053 36.122 0.799999
      vertex 13.6 36 5
      vertex 13.6 36 0.799999
    endloop
  endfacet
  facet normal 0.976341 -0.216237 0
    outer loop
      vertex 13.6213 36.2431 5
      vertex 13.6477 36.3623 0.799999
      vertex 13.6477 36.3623 5
    endloop
  endfacet
  facet normal 0.976341 -0.216237 0
    outer loop
      vertex 13.6477 36.3623 0.799999
      vertex 13.6213 36.2431 5
      vertex 13.6213 36.2431 0.799999
    endloop
  endfacet
  facet normal 0.537193 -0.843459 0
    outer loop
      vertex 14.197 37.1468 0.799999
      vertex 14.3 37.2124 5
      vertex 14.197 37.1468 5
    endloop
  endfacet
  facet normal 0.537193 -0.843459 0
    outer loop
      vertex 14.3 37.2124 5
      vertex 14.197 37.1468 0.799999
      vertex 14.3 37.2124 0.799999
    endloop
  endfacet
  facet normal 0.300465 -0.953793 0
    outer loop
      vertex 14.5212 37.3156 0.799999
      vertex 14.6377 37.3523 5
      vertex 14.5212 37.3156 5
    endloop
  endfacet
  facet normal 0.300465 -0.953793 0
    outer loop
      vertex 14.6377 37.3523 5
      vertex 14.5212 37.3156 0.799999
      vertex 14.6377 37.3523 0.799999
    endloop
  endfacet
  facet normal -0.38293 0.923777 0
    outer loop
      vertex 15.5917 34.7312 0.799999
      vertex 15.4788 34.6844 5
      vertex 15.5917 34.7312 5
    endloop
  endfacet
  facet normal -0.38293 0.923777 0
    outer loop
      vertex 15.4788 34.6844 5
      vertex 15.5917 34.7312 0.799999
      vertex 15.4788 34.6844 0.799999
    endloop
  endfacet
  facet normal -0.537193 0.843459 0
    outer loop
      vertex 15.803 34.8532 0.799999
      vertex 15.7 34.7876 5
      vertex 15.803 34.8532 5
    endloop
  endfacet
  facet normal -0.537193 0.843459 0
    outer loop
      vertex 15.7 34.7876 5
      vertex 15.803 34.8532 0.799999
      vertex 15.7 34.7876 0.799999
    endloop
  endfacet
  facet normal -0.793567 0.608483 0
    outer loop
      vertex 16.0725 35.1001 0.799999
      vertex 16.1468 35.197 5
      vertex 16.1468 35.197 0.799999
    endloop
  endfacet
  facet normal -0.793567 0.608483 0
    outer loop
      vertex 16.1468 35.197 5
      vertex 16.0725 35.1001 0.799999
      vertex 16.0725 35.1001 5
    endloop
  endfacet
  facet normal -0.843459 0.537193 0
    outer loop
      vertex 16.1468 35.197 0.799999
      vertex 16.2124 35.3 5
      vertex 16.2124 35.3 0.799999
    endloop
  endfacet
  facet normal -0.843459 0.537193 0
    outer loop
      vertex 16.2124 35.3 5
      vertex 16.1468 35.197 0.799999
      vertex 16.1468 35.197 5
    endloop
  endfacet
  facet normal -0.953793 0.300465 0
    outer loop
      vertex 16.3156 35.5212 0.799999
      vertex 16.3523 35.6377 5
      vertex 16.3523 35.6377 0.799999
    endloop
  endfacet
  facet normal -0.953793 0.300465 0
    outer loop
      vertex 16.3523 35.6377 5
      vertex 16.3156 35.5212 0.799999
      vertex 16.3156 35.5212 5
    endloop
  endfacet
  facet normal 0.608483 0.793567 -0
    outer loop
      vertex 14.197 34.8532 0.799999
      vertex 14.1001 34.9275 5
      vertex 14.197 34.8532 5
    endloop
  endfacet
  facet normal 0.608483 0.793567 0
    outer loop
      vertex 14.1001 34.9275 5
      vertex 14.197 34.8532 0.799999
      vertex 14.1001 34.9275 0.799999
    endloop
  endfacet
  facet normal 0.130984 0.991384 -0
    outer loop
      vertex 14.878 34.6053 0.799999
      vertex 14.7569 34.6213 5
      vertex 14.878 34.6053 5
    endloop
  endfacet
  facet normal 0.130984 0.991384 0
    outer loop
      vertex 14.7569 34.6213 5
      vertex 14.878 34.6053 0.799999
      vertex 14.7569 34.6213 0.799999
    endloop
  endfacet
  facet normal 0.300465 0.953793 -0
    outer loop
      vertex 14.6377 34.6477 0.799999
      vertex 14.5212 34.6844 5
      vertex 14.6377 34.6477 5
    endloop
  endfacet
  facet normal 0.300465 0.953793 0
    outer loop
      vertex 14.5212 34.6844 5
      vertex 14.6377 34.6477 0.799999
      vertex 14.5212 34.6844 0.799999
    endloop
  endfacet
  facet normal 0.537193 0.843459 -0
    outer loop
      vertex 14.3 34.7876 0.799999
      vertex 14.197 34.8532 5
      vertex 14.3 34.7876 5
    endloop
  endfacet
  facet normal 0.537193 0.843459 0
    outer loop
      vertex 14.197 34.8532 5
      vertex 14.3 34.7876 0.799999
      vertex 14.197 34.8532 0.799999
    endloop
  endfacet
  facet normal 0.843459 0.537193 0
    outer loop
      vertex 13.8532 35.197 5
      vertex 13.7876 35.3 0.799999
      vertex 13.7876 35.3 5
    endloop
  endfacet
  facet normal 0.843459 0.537193 0
    outer loop
      vertex 13.7876 35.3 0.799999
      vertex 13.8532 35.197 5
      vertex 13.8532 35.197 0.799999
    endloop
  endfacet
  facet normal 0.976341 0.216237 0
    outer loop
      vertex 13.6477 35.6377 5
      vertex 13.6213 35.7569 0.799999
      vertex 13.6213 35.7569 5
    endloop
  endfacet
  facet normal 0.976341 0.216237 0
    outer loop
      vertex 13.6213 35.7569 0.799999
      vertex 13.6477 35.6377 5
      vertex 13.6477 35.6377 0.799999
    endloop
  endfacet
  facet normal 0.923777 0.38293 0
    outer loop
      vertex 13.7312 35.4083 5
      vertex 13.6844 35.5212 0.799999
      vertex 13.6844 35.5212 5
    endloop
  endfacet
  facet normal 0.923777 0.38293 0
    outer loop
      vertex 13.6844 35.5212 0.799999
      vertex 13.7312 35.4083 5
      vertex 13.7312 35.4083 0.799999
    endloop
  endfacet
  facet normal -0.608483 0.793567 0
    outer loop
      vertex 15.8999 34.9275 0.799999
      vertex 15.803 34.8532 5
      vertex 15.8999 34.9275 5
    endloop
  endfacet
  facet normal -0.608483 0.793567 0
    outer loop
      vertex 15.803 34.8532 5
      vertex 15.8999 34.9275 0.799999
      vertex 15.803 34.8532 0.799999
    endloop
  endfacet
  facet normal 0 -0.0438471 -0.999038
    outer loop
      vertex -85 -26.0526 30.2
      vertex -82 -25.9045 30.1935
      vertex -82 -26.0526 30.2
    endloop
  endfacet
  facet normal -0 -0.0438471 -0.999038
    outer loop
      vertex -82 -25.9045 30.1935
      vertex -85 -26.0526 30.2
      vertex -85 -25.9045 30.1935
    endloop
  endfacet
  facet normal 0 0.999069 0.0431447
    outer loop
      vertex -82 -27.7462 28.3518
      vertex -85 -27.7526 28.5
      vertex -82 -27.7526 28.5
    endloop
  endfacet
  facet normal 0 0.999069 0.0431447
    outer loop
      vertex -85 -27.7526 28.5
      vertex -82 -27.7462 28.3518
      vertex -85 -27.7462 28.3518
    endloop
  endfacet
  facet normal 0 -0.73777 -0.675053
    outer loop
      vertex -85 -24.7504 29.5927
      vertex -82 -24.8505 29.7021
      vertex -85 -24.8505 29.7021
    endloop
  endfacet
  facet normal 0 -0.73777 -0.675053
    outer loop
      vertex -82 -24.8505 29.7021
      vertex -85 -24.7504 29.5927
      vertex -82 -24.7504 29.5927
    endloop
  endfacet
  facet normal 0 -0.461713 -0.887029
    outer loop
      vertex -85 -25.3342 30.0407
      vertex -82 -25.2026 29.9722
      vertex -82 -25.3342 30.0407
    endloop
  endfacet
  facet normal -0 -0.461713 -0.887029
    outer loop
      vertex -82 -25.2026 29.9722
      vertex -85 -25.3342 30.0407
      vertex -85 -25.2026 29.9722
    endloop
  endfacet
  facet normal 0 0.924091 0.382173
    outer loop
      vertex -82 -27.5934 27.7815
      vertex -85 -27.6501 27.9186
      vertex -82 -27.6501 27.9186
    endloop
  endfacet
  facet normal 0 0.924091 0.382173
    outer loop
      vertex -85 -27.6501 27.9186
      vertex -82 -27.5934 27.7815
      vertex -85 -27.5934 27.7815
    endloop
  endfacet
  facet normal 0 -0.300809 -0.953685
    outer loop
      vertex -85 -25.6126 30.1421
      vertex -82 -25.4712 30.0975
      vertex -82 -25.6126 30.1421
    endloop
  endfacet
  facet normal -0 -0.300809 -0.953685
    outer loop
      vertex -82 -25.4712 30.0975
      vertex -85 -25.6126 30.1421
      vertex -85 -25.4712 30.0975
    endloop
  endfacet
  facet normal 0 -0.6087 -0.7934
    outer loop
      vertex -85 -25.0776 29.8926
      vertex -82 -24.9599 29.8023
      vertex -82 -25.0776 29.8926
    endloop
  endfacet
  facet normal -0 -0.6087 -0.7934
    outer loop
      vertex -82 -24.9599 29.8023
      vertex -85 -25.0776 29.8926
      vertex -85 -24.9599 29.8023
    endloop
  endfacet
  facet normal 0 -0.675419 -0.737434
    outer loop
      vertex -85 -24.9599 29.8023
      vertex -82 -24.8505 29.7021
      vertex -82 -24.9599 29.8023
    endloop
  endfacet
  facet normal -0 -0.675419 -0.737434
    outer loop
      vertex -82 -24.8505 29.7021
      vertex -85 -24.9599 29.8023
      vertex -85 -24.8505 29.7021
    endloop
  endfacet
  facet normal 0 -0.537137 -0.843495
    outer loop
      vertex -85 -25.2026 29.9722
      vertex -82 -25.0776 29.8926
      vertex -82 -25.2026 29.9722
    endloop
  endfacet
  facet normal -0 -0.537137 -0.843495
    outer loop
      vertex -82 -25.0776 29.8926
      vertex -85 -25.2026 29.9722
      vertex -85 -25.0776 29.8926
    endloop
  endfacet
  facet normal 0 -0.382987 -0.923754
    outer loop
      vertex -85 -25.4712 30.0975
      vertex -82 -25.3342 30.0407
      vertex -82 -25.4712 30.0975
    endloop
  endfacet
  facet normal -0 -0.382987 -0.923754
    outer loop
      vertex -82 -25.3342 30.0407
      vertex -85 -25.4712 30.0975
      vertex -85 -25.3342 30.0407
    endloop
  endfacet
  facet normal 0 -0.216431 -0.976298
    outer loop
      vertex -85 -25.7574 30.1742
      vertex -82 -25.6126 30.1421
      vertex -82 -25.7574 30.1742
    endloop
  endfacet
  facet normal -0 -0.216431 -0.976298
    outer loop
      vertex -82 -25.6126 30.1421
      vertex -85 -25.7574 30.1742
      vertex -85 -25.6126 30.1421
    endloop
  endfacet
  facet normal 0 -0.793069 -0.609132
    outer loop
      vertex -85 -24.6792 29.5
      vertex -82 -24.7504 29.5927
      vertex -85 -24.7504 29.5927
    endloop
  endfacet
  facet normal 0 -0.793069 -0.609132
    outer loop
      vertex -82 -24.7504 29.5927
      vertex -85 -24.6792 29.5
      vertex -82 -24.6792 29.5
    endloop
  endfacet
  facet normal 0 0.300615 -0.953746
    outer loop
      vertex -85 -26.6341 30.0975
      vertex -82 -26.4926 30.1421
      vertex -82 -26.6341 30.0975
    endloop
  endfacet
  facet normal 0 0.300615 -0.953746
    outer loop
      vertex -82 -26.4926 30.1421
      vertex -85 -26.6341 30.0975
      vertex -85 -26.4926 30.1421
    endloop
  endfacet
  facet normal 0 0.216431 -0.976298
    outer loop
      vertex -85 -26.4926 30.1421
      vertex -82 -26.3478 30.1742
      vertex -82 -26.4926 30.1421
    endloop
  endfacet
  facet normal 0 0.216431 -0.976298
    outer loop
      vertex -82 -26.3478 30.1742
      vertex -85 -26.4926 30.1421
      vertex -85 -26.3478 30.1742
    endloop
  endfacet
  facet normal 0 0.991404 0.130838
    outer loop
      vertex -82 -27.7268 28.2048
      vertex -85 -27.7462 28.3518
      vertex -82 -27.7462 28.3518
    endloop
  endfacet
  facet normal 0 0.991404 0.130838
    outer loop
      vertex -85 -27.7462 28.3518
      vertex -82 -27.7268 28.2048
      vertex -85 -27.7268 28.2048
    endloop
  endfacet
  facet normal 0 0.84286 0.538133
    outer loop
      vertex -82 -27.5 27.611
      vertex -85 -27.5249 27.65
      vertex -82 -27.5249 27.65
    endloop
  endfacet
  facet normal 0 0.84286 0.538133
    outer loop
      vertex -85 -27.5249 27.65
      vertex -82 -27.5 27.611
      vertex -85 -27.5 27.611
    endloop
  endfacet
  facet normal 0 -0.130088 -0.991502
    outer loop
      vertex -85 -25.9045 30.1935
      vertex -82 -25.7574 30.1742
      vertex -82 -25.9045 30.1935
    endloop
  endfacet
  facet normal -0 -0.130088 -0.991502
    outer loop
      vertex -82 -25.7574 30.1742
      vertex -85 -25.9045 30.1935
      vertex -85 -25.7574 30.1742
    endloop
  endfacet
  facet normal 0 0.953685 0.300809
    outer loop
      vertex -82 -27.6501 27.9186
      vertex -85 -27.6947 28.06
      vertex -82 -27.6947 28.06
    endloop
  endfacet
  facet normal 0 0.953685 0.300809
    outer loop
      vertex -85 -27.6947 28.06
      vertex -82 -27.6501 27.9186
      vertex -85 -27.6501 27.9186
    endloop
  endfacet
  facet normal 0 0.886885 0.46199
    outer loop
      vertex -82 -27.5249 27.65
      vertex -85 -27.5934 27.7815
      vertex -82 -27.5934 27.7815
    endloop
  endfacet
  facet normal 0 0.886885 0.46199
    outer loop
      vertex -85 -27.5934 27.7815
      vertex -82 -27.5249 27.65
      vertex -85 -27.5249 27.65
    endloop
  endfacet
  facet normal 0 0.999069 -0.0431447
    outer loop
      vertex -82 -27.7526 28.5
      vertex -85 -27.7462 28.6482
      vertex -82 -27.7462 28.6482
    endloop
  endfacet
  facet normal 0 0.999069 -0.0431447
    outer loop
      vertex -85 -27.7462 28.6482
      vertex -82 -27.7526 28.5
      vertex -85 -27.7526 28.5
    endloop
  endfacet
  facet normal 0 0.953685 -0.300809
    outer loop
      vertex -82 -27.6947 28.94
      vertex -85 -27.6501 29.0814
      vertex -82 -27.6501 29.0814
    endloop
  endfacet
  facet normal 0 0.953685 -0.300809
    outer loop
      vertex -85 -27.6501 29.0814
      vertex -82 -27.6947 28.94
      vertex -85 -27.6947 28.94
    endloop
  endfacet
  facet normal 0 0.886885 -0.46199
    outer loop
      vertex -82 -27.5934 29.2185
      vertex -85 -27.5249 29.35
      vertex -82 -27.5249 29.35
    endloop
  endfacet
  facet normal 0 0.886885 -0.46199
    outer loop
      vertex -85 -27.5249 29.35
      vertex -82 -27.5934 29.2185
      vertex -85 -27.5934 29.2185
    endloop
  endfacet
  facet normal 0 0.737434 -0.675419
    outer loop
      vertex -82 -27.3549 29.5927
      vertex -85 -27.2547 29.7021
      vertex -82 -27.2547 29.7021
    endloop
  endfacet
  facet normal 0 0.737434 -0.675419
    outer loop
      vertex -85 -27.2547 29.7021
      vertex -82 -27.3549 29.5927
      vertex -85 -27.3549 29.5927
    endloop
  endfacet
  facet normal 0 0.382987 -0.923754
    outer loop
      vertex -85 -26.7711 30.0407
      vertex -82 -26.6341 30.0975
      vertex -82 -26.7711 30.0407
    endloop
  endfacet
  facet normal 0 0.382987 -0.923754
    outer loop
      vertex -82 -26.6341 30.0975
      vertex -85 -26.7711 30.0407
      vertex -85 -26.6341 30.0975
    endloop
  endfacet
  facet normal 0 0.976298 0.216431
    outer loop
      vertex -82 -27.6947 28.06
      vertex -85 -27.7268 28.2048
      vertex -82 -27.7268 28.2048
    endloop
  endfacet
  facet normal 0 0.976298 0.216431
    outer loop
      vertex -85 -27.7268 28.2048
      vertex -82 -27.6947 28.06
      vertex -85 -27.6947 28.06
    endloop
  endfacet
  facet normal 0 0.991404 -0.130838
    outer loop
      vertex -82 -27.7462 28.6482
      vertex -85 -27.7268 28.7952
      vertex -82 -27.7268 28.7952
    endloop
  endfacet
  facet normal 0 0.991404 -0.130838
    outer loop
      vertex -85 -27.7268 28.7952
      vertex -82 -27.7462 28.6482
      vertex -85 -27.7462 28.6482
    endloop
  endfacet
  facet normal 0 0.976298 -0.216431
    outer loop
      vertex -82 -27.7268 28.7952
      vertex -85 -27.6947 28.94
      vertex -82 -27.6947 28.94
    endloop
  endfacet
  facet normal 0 0.976298 -0.216431
    outer loop
      vertex -85 -27.6947 28.94
      vertex -82 -27.7268 28.7952
      vertex -85 -27.7268 28.7952
    endloop
  endfacet
  facet normal 0 0.924091 -0.382173
    outer loop
      vertex -82 -27.6501 29.0814
      vertex -85 -27.5934 29.2185
      vertex -82 -27.5934 29.2185
    endloop
  endfacet
  facet normal 0 0.924091 -0.382173
    outer loop
      vertex -85 -27.5934 29.2185
      vertex -82 -27.6501 29.0814
      vertex -85 -27.6501 29.0814
    endloop
  endfacet
  facet normal 0 0.536832 -0.843689
    outer loop
      vertex -85 -27.0277 29.8926
      vertex -82 -26.9026 29.9722
      vertex -82 -27.0277 29.8926
    endloop
  endfacet
  facet normal 0 0.536832 -0.843689
    outer loop
      vertex -82 -26.9026 29.9722
      vertex -85 -27.0277 29.8926
      vertex -85 -26.9026 29.9722
    endloop
  endfacet
  facet normal 0 0.46199 -0.886885
    outer loop
      vertex -85 -26.9026 29.9722
      vertex -82 -26.7711 30.0407
      vertex -82 -26.9026 29.9722
    endloop
  endfacet
  facet normal 0 0.46199 -0.886885
    outer loop
      vertex -82 -26.7711 30.0407
      vertex -85 -26.9026 29.9722
      vertex -85 -26.7711 30.0407
    endloop
  endfacet
  facet normal 0 0.130175 -0.991491
    outer loop
      vertex -85 -26.3478 30.1742
      vertex -82 -26.2008 30.1935
      vertex -82 -26.3478 30.1742
    endloop
  endfacet
  facet normal 0 0.130175 -0.991491
    outer loop
      vertex -82 -26.2008 30.1935
      vertex -85 -26.3478 30.1742
      vertex -85 -26.2008 30.1935
    endloop
  endfacet
  facet normal 0 0.0438175 -0.99904
    outer loop
      vertex -85 -26.2008 30.1935
      vertex -82 -26.0526 30.2
      vertex -82 -26.2008 30.1935
    endloop
  endfacet
  facet normal 0 0.0438175 -0.99904
    outer loop
      vertex -82 -26.0526 30.2
      vertex -85 -26.2008 30.1935
      vertex -85 -26.0526 30.2
    endloop
  endfacet
  facet normal 0 0.84286 -0.538133
    outer loop
      vertex -82 -27.5249 29.35
      vertex -85 -27.5 29.389
      vertex -82 -27.5 29.389
    endloop
  endfacet
  facet normal 0 0.84286 -0.538133
    outer loop
      vertex -85 -27.5 29.389
      vertex -82 -27.5249 29.35
      vertex -85 -27.5249 29.35
    endloop
  endfacet
  facet normal 0 0.793069 -0.609132
    outer loop
      vertex -82 -27.4261 29.5
      vertex -85 -27.3549 29.5927
      vertex -82 -27.3549 29.5927
    endloop
  endfacet
  facet normal 0 0.793069 -0.609132
    outer loop
      vertex -85 -27.3549 29.5927
      vertex -82 -27.4261 29.5
      vertex -85 -27.4261 29.5
    endloop
  endfacet
  facet normal 0 0.675755 -0.737126
    outer loop
      vertex -85 -27.2547 29.7021
      vertex -82 -27.1454 29.8023
      vertex -82 -27.2547 29.7021
    endloop
  endfacet
  facet normal 0 0.675755 -0.737126
    outer loop
      vertex -82 -27.1454 29.8023
      vertex -85 -27.2547 29.7021
      vertex -85 -27.1454 29.8023
    endloop
  endfacet
  facet normal 0 0.6087 -0.7934
    outer loop
      vertex -85 -27.1454 29.8023
      vertex -82 -27.0277 29.8926
      vertex -82 -27.1454 29.8023
    endloop
  endfacet
  facet normal 0 0.6087 -0.7934
    outer loop
      vertex -82 -27.0277 29.8926
      vertex -85 -27.1454 29.8023
      vertex -85 -27.0277 29.8926
    endloop
  endfacet
  facet normal 0 -0.0438175 0.99904
    outer loop
      vertex -85 26.2008 26.8065
      vertex -82 26.0526 26.8
      vertex -82 26.2008 26.8065
    endloop
  endfacet
  facet normal 0 -0.0438175 0.99904
    outer loop
      vertex -82 26.0526 26.8
      vertex -85 26.2008 26.8065
      vertex -85 26.0526 26.8
    endloop
  endfacet
  facet normal 0 -0.0438175 -0.99904
    outer loop
      vertex -85 26.0526 30.2
      vertex -82 26.2008 30.1935
      vertex -82 26.0526 30.2
    endloop
  endfacet
  facet normal -0 -0.0438175 -0.99904
    outer loop
      vertex -82 26.2008 30.1935
      vertex -85 26.0526 30.2
      vertex -85 26.2008 30.1935
    endloop
  endfacet
  facet normal 0 -0.999069 -0.0431447
    outer loop
      vertex -85 27.7526 28.5
      vertex -82 27.7462 28.6482
      vertex -85 27.7462 28.6482
    endloop
  endfacet
  facet normal 0 -0.999069 -0.0431447
    outer loop
      vertex -82 27.7462 28.6482
      vertex -85 27.7526 28.5
      vertex -82 27.7526 28.5
    endloop
  endfacet
  facet normal 0 0.99904 0.0438175
    outer loop
      vertex -82 24.3591 28.3518
      vertex -85 24.3526 28.5
      vertex -82 24.3526 28.5
    endloop
  endfacet
  facet normal 0 0.99904 0.0438175
    outer loop
      vertex -85 24.3526 28.5
      vertex -82 24.3591 28.3518
      vertex -85 24.3591 28.3518
    endloop
  endfacet
  facet normal 0 -0.737434 -0.675419
    outer loop
      vertex -85 27.3549 29.5927
      vertex -82 27.2547 29.7021
      vertex -85 27.2547 29.7021
    endloop
  endfacet
  facet normal 0 -0.737434 -0.675419
    outer loop
      vertex -82 27.2547 29.7021
      vertex -85 27.3549 29.5927
      vertex -82 27.3549 29.5927
    endloop
  endfacet
  facet normal 0 -0.924091 -0.382173
    outer loop
      vertex -85 27.6501 29.0814
      vertex -82 27.5934 29.2185
      vertex -85 27.5934 29.2185
    endloop
  endfacet
  facet normal 0 -0.924091 -0.382173
    outer loop
      vertex -82 27.5934 29.2185
      vertex -85 27.6501 29.0814
      vertex -82 27.6501 29.0814
    endloop
  endfacet
  facet normal 0 -0.382987 -0.923754
    outer loop
      vertex -85 26.6341 30.0975
      vertex -82 26.7711 30.0407
      vertex -82 26.6341 30.0975
    endloop
  endfacet
  facet normal -0 -0.382987 -0.923754
    outer loop
      vertex -82 26.7711 30.0407
      vertex -85 26.6341 30.0975
      vertex -85 26.7711 30.0407
    endloop
  endfacet
  facet normal 0 -0.976298 -0.216431
    outer loop
      vertex -85 27.7268 28.7952
      vertex -82 27.6947 28.94
      vertex -85 27.6947 28.94
    endloop
  endfacet
  facet normal 0 -0.976298 -0.216431
    outer loop
      vertex -82 27.6947 28.94
      vertex -85 27.7268 28.7952
      vertex -82 27.7268 28.7952
    endloop
  endfacet
  facet normal 0 0.953685 0.300809
    outer loop
      vertex -82 24.4552 27.9186
      vertex -85 24.4106 28.06
      vertex -82 24.4106 28.06
    endloop
  endfacet
  facet normal 0 0.953685 0.300809
    outer loop
      vertex -85 24.4106 28.06
      vertex -82 24.4552 27.9186
      vertex -85 24.4552 27.9186
    endloop
  endfacet
  facet normal 0 -0.130175 0.991491
    outer loop
      vertex -85 26.3478 26.8258
      vertex -82 26.2008 26.8065
      vertex -82 26.3478 26.8258
    endloop
  endfacet
  facet normal 0 -0.130175 0.991491
    outer loop
      vertex -82 26.2008 26.8065
      vertex -85 26.3478 26.8258
      vertex -85 26.2008 26.8065
    endloop
  endfacet
  facet normal 0 -0.300615 0.953746
    outer loop
      vertex -85 26.6341 26.9025
      vertex -82 26.4926 26.8579
      vertex -82 26.6341 26.9025
    endloop
  endfacet
  facet normal 0 -0.300615 0.953746
    outer loop
      vertex -82 26.4926 26.8579
      vertex -85 26.6341 26.9025
      vertex -85 26.4926 26.8579
    endloop
  endfacet
  facet normal 0 -0.46199 0.886885
    outer loop
      vertex -85 26.9026 27.0278
      vertex -82 26.7711 26.9593
      vertex -82 26.9026 27.0278
    endloop
  endfacet
  facet normal 0 -0.46199 0.886885
    outer loop
      vertex -82 26.7711 26.9593
      vertex -85 26.9026 27.0278
      vertex -85 26.7711 26.9593
    endloop
  endfacet
  facet normal 0 -0.976298 0.216431
    outer loop
      vertex -85 27.6947 28.06
      vertex -82 27.7268 28.2048
      vertex -85 27.7268 28.2048
    endloop
  endfacet
  facet normal 0 -0.976298 0.216431
    outer loop
      vertex -82 27.7268 28.2048
      vertex -85 27.6947 28.06
      vertex -82 27.6947 28.06
    endloop
  endfacet
  facet normal 0 -0.999069 0.0431447
    outer loop
      vertex -85 27.7462 28.3518
      vertex -82 27.7526 28.5
      vertex -85 27.7526 28.5
    endloop
  endfacet
  facet normal 0 -0.999069 0.0431447
    outer loop
      vertex -82 27.7526 28.5
      vertex -85 27.7462 28.3518
      vertex -82 27.7462 28.3518
    endloop
  endfacet
  facet normal 0 -0.886885 0.46199
    outer loop
      vertex -85 27.5249 27.65
      vertex -82 27.5934 27.7815
      vertex -85 27.5934 27.7815
    endloop
  endfacet
  facet normal 0 -0.886885 0.46199
    outer loop
      vertex -82 27.5934 27.7815
      vertex -85 27.5249 27.65
      vertex -82 27.5249 27.65
    endloop
  endfacet
  facet normal 0 -0.79315 0.609026
    outer loop
      vertex -85 27.3549 27.4073
      vertex -82 27.4452 27.5249
      vertex -85 27.4452 27.5249
    endloop
  endfacet
  facet normal 0 -0.79315 0.609026
    outer loop
      vertex -82 27.4452 27.5249
      vertex -85 27.3549 27.4073
      vertex -82 27.3549 27.4073
    endloop
  endfacet
  facet normal 0 -0.216431 -0.976298
    outer loop
      vertex -85 26.3478 30.1742
      vertex -82 26.4926 30.1421
      vertex -82 26.3478 30.1742
    endloop
  endfacet
  facet normal -0 -0.216431 -0.976298
    outer loop
      vertex -82 26.4926 30.1421
      vertex -85 26.3478 30.1742
      vertex -85 26.4926 30.1421
    endloop
  endfacet
  facet normal 0 -0.6087 -0.7934
    outer loop
      vertex -85 27.0277 29.8926
      vertex -82 27.1454 29.8023
      vertex -82 27.0277 29.8926
    endloop
  endfacet
  facet normal -0 -0.6087 -0.7934
    outer loop
      vertex -82 27.1454 29.8023
      vertex -85 27.0277 29.8926
      vertex -85 27.1454 29.8023
    endloop
  endfacet
  facet normal 0 -0.675755 -0.737126
    outer loop
      vertex -85 27.1454 29.8023
      vertex -82 27.2547 29.7021
      vertex -82 27.1454 29.8023
    endloop
  endfacet
  facet normal -0 -0.675755 -0.737126
    outer loop
      vertex -82 27.2547 29.7021
      vertex -85 27.1454 29.8023
      vertex -85 27.2547 29.7021
    endloop
  endfacet
  facet normal 0 -0.300615 -0.953746
    outer loop
      vertex -85 26.4926 30.1421
      vertex -82 26.6341 30.0975
      vertex -82 26.4926 30.1421
    endloop
  endfacet
  facet normal -0 -0.300615 -0.953746
    outer loop
      vertex -82 26.6341 30.0975
      vertex -85 26.4926 30.1421
      vertex -85 26.6341 30.0975
    endloop
  endfacet
  facet normal 0 -0.130175 -0.991491
    outer loop
      vertex -85 26.2008 30.1935
      vertex -82 26.3478 30.1742
      vertex -82 26.2008 30.1935
    endloop
  endfacet
  facet normal -0 -0.130175 -0.991491
    outer loop
      vertex -82 26.3478 30.1742
      vertex -85 26.2008 30.1935
      vertex -85 26.3478 30.1742
    endloop
  endfacet
  facet normal 0 -0.843384 -0.537312
    outer loop
      vertex -85 27.5249 29.35
      vertex -82 27.4452 29.4751
      vertex -85 27.4452 29.4751
    endloop
  endfacet
  facet normal 0 -0.843384 -0.537312
    outer loop
      vertex -82 27.4452 29.4751
      vertex -85 27.5249 29.35
      vertex -82 27.5249 29.35
    endloop
  endfacet
  facet normal 0 -0.886885 -0.46199
    outer loop
      vertex -85 27.5934 29.2185
      vertex -82 27.5249 29.35
      vertex -85 27.5249 29.35
    endloop
  endfacet
  facet normal 0 -0.886885 -0.46199
    outer loop
      vertex -82 27.5249 29.35
      vertex -85 27.5934 29.2185
      vertex -82 27.5934 29.2185
    endloop
  endfacet
  facet normal 0 -0.79315 -0.609026
    outer loop
      vertex -85 27.4452 29.4751
      vertex -82 27.3549 29.5927
      vertex -85 27.3549 29.5927
    endloop
  endfacet
  facet normal 0 -0.79315 -0.609026
    outer loop
      vertex -82 27.3549 29.5927
      vertex -85 27.4452 29.4751
      vertex -82 27.4452 29.4751
    endloop
  endfacet
  facet normal 0 -0.953685 -0.300809
    outer loop
      vertex -85 27.6947 28.94
      vertex -82 27.6501 29.0814
      vertex -85 27.6501 29.0814
    endloop
  endfacet
  facet normal 0 -0.953685 -0.300809
    outer loop
      vertex -82 27.6501 29.0814
      vertex -85 27.6947 28.94
      vertex -82 27.6947 28.94
    endloop
  endfacet
  facet normal 0 -0.991404 -0.130838
    outer loop
      vertex -85 27.7462 28.6482
      vertex -82 27.7268 28.7952
      vertex -85 27.7268 28.7952
    endloop
  endfacet
  facet normal 0 -0.991404 -0.130838
    outer loop
      vertex -82 27.7268 28.7952
      vertex -85 27.7462 28.6482
      vertex -82 27.7462 28.6482
    endloop
  endfacet
  facet normal -0 0.0438471 0.999038
    outer loop
      vertex -85 26.0526 26.8
      vertex -82 25.9045 26.8065
      vertex -82 26.0526 26.8
    endloop
  endfacet
  facet normal 0 0.0438471 0.999038
    outer loop
      vertex -82 25.9045 26.8065
      vertex -85 26.0526 26.8
      vertex -85 25.9045 26.8065
    endloop
  endfacet
  facet normal -0 0.216431 0.976298
    outer loop
      vertex -85 25.7574 26.8258
      vertex -82 25.6126 26.8579
      vertex -82 25.7574 26.8258
    endloop
  endfacet
  facet normal 0 0.216431 0.976298
    outer loop
      vertex -82 25.6126 26.8579
      vertex -85 25.7574 26.8258
      vertex -85 25.6126 26.8579
    endloop
  endfacet
  facet normal -0 0.675419 0.737434
    outer loop
      vertex -85 24.9599 27.1977
      vertex -82 24.8505 27.2979
      vertex -82 24.9599 27.1977
    endloop
  endfacet
  facet normal 0 0.675419 0.737434
    outer loop
      vertex -82 24.8505 27.2979
      vertex -85 24.9599 27.1977
      vertex -85 24.8505 27.2979
    endloop
  endfacet
  facet normal 0 0.537137 -0.843495
    outer loop
      vertex -85 25.0776 29.8926
      vertex -82 25.2026 29.9722
      vertex -82 25.0776 29.8926
    endloop
  endfacet
  facet normal 0 0.537137 -0.843495
    outer loop
      vertex -82 25.2026 29.9722
      vertex -85 25.0776 29.8926
      vertex -85 25.2026 29.9722
    endloop
  endfacet
  facet normal 0 -0.216431 0.976298
    outer loop
      vertex -85 26.4926 26.8579
      vertex -82 26.3478 26.8258
      vertex -82 26.4926 26.8579
    endloop
  endfacet
  facet normal 0 -0.216431 0.976298
    outer loop
      vertex -82 26.3478 26.8258
      vertex -85 26.4926 26.8579
      vertex -85 26.3478 26.8258
    endloop
  endfacet
  facet normal 0 -0.382987 0.923754
    outer loop
      vertex -85 26.7711 26.9593
      vertex -82 26.6341 26.9025
      vertex -82 26.7711 26.9593
    endloop
  endfacet
  facet normal 0 -0.382987 0.923754
    outer loop
      vertex -82 26.6341 26.9025
      vertex -85 26.7711 26.9593
      vertex -85 26.6341 26.9025
    endloop
  endfacet
  facet normal 0 -0.6087 0.7934
    outer loop
      vertex -85 27.1454 27.1977
      vertex -82 27.0277 27.1074
      vertex -82 27.1454 27.1977
    endloop
  endfacet
  facet normal 0 -0.6087 0.7934
    outer loop
      vertex -82 27.0277 27.1074
      vertex -85 27.1454 27.1977
      vertex -85 27.0277 27.1074
    endloop
  endfacet
  facet normal 0 -0.737434 0.675419
    outer loop
      vertex -85 27.2547 27.2979
      vertex -82 27.3549 27.4073
      vertex -85 27.3549 27.4073
    endloop
  endfacet
  facet normal 0 -0.737434 0.675419
    outer loop
      vertex -82 27.3549 27.4073
      vertex -85 27.2547 27.2979
      vertex -82 27.2547 27.2979
    endloop
  endfacet
  facet normal 0 -0.536832 0.843689
    outer loop
      vertex -85 27.0277 27.1074
      vertex -82 26.9026 27.0278
      vertex -82 27.0277 27.1074
    endloop
  endfacet
  facet normal 0 -0.536832 0.843689
    outer loop
      vertex -82 26.9026 27.0278
      vertex -85 27.0277 27.1074
      vertex -85 26.9026 27.0278
    endloop
  endfacet
  facet normal 0 -0.991404 0.130838
    outer loop
      vertex -85 27.7268 28.2048
      vertex -82 27.7462 28.3518
      vertex -85 27.7462 28.3518
    endloop
  endfacet
  facet normal 0 -0.991404 0.130838
    outer loop
      vertex -82 27.7462 28.3518
      vertex -85 27.7268 28.2048
      vertex -82 27.7268 28.2048
    endloop
  endfacet
  facet normal 0 -0.924091 0.382173
    outer loop
      vertex -85 27.5934 27.7815
      vertex -82 27.6501 27.9186
      vertex -85 27.6501 27.9186
    endloop
  endfacet
  facet normal 0 -0.924091 0.382173
    outer loop
      vertex -82 27.6501 27.9186
      vertex -85 27.5934 27.7815
      vertex -82 27.5934 27.7815
    endloop
  endfacet
  facet normal 0 -0.843384 0.537312
    outer loop
      vertex -85 27.4452 27.5249
      vertex -82 27.5249 27.65
      vertex -85 27.5249 27.65
    endloop
  endfacet
  facet normal 0 -0.843384 0.537312
    outer loop
      vertex -82 27.5249 27.65
      vertex -85 27.4452 27.5249
      vertex -82 27.4452 27.5249
    endloop
  endfacet
  facet normal 0 -0.46199 -0.886885
    outer loop
      vertex -85 26.7711 30.0407
      vertex -82 26.9026 29.9722
      vertex -82 26.7711 30.0407
    endloop
  endfacet
  facet normal -0 -0.46199 -0.886885
    outer loop
      vertex -82 26.9026 29.9722
      vertex -85 26.7711 30.0407
      vertex -85 26.9026 29.9722
    endloop
  endfacet
  facet normal 0 -0.536832 -0.843689
    outer loop
      vertex -85 26.9026 29.9722
      vertex -82 27.0277 29.8926
      vertex -82 26.9026 29.9722
    endloop
  endfacet
  facet normal -0 -0.536832 -0.843689
    outer loop
      vertex -82 27.0277 29.8926
      vertex -85 26.9026 29.9722
      vertex -85 27.0277 29.8926
    endloop
  endfacet
  facet normal -0 0.382987 0.923754
    outer loop
      vertex -85 25.4712 26.9025
      vertex -82 25.3342 26.9593
      vertex -82 25.4712 26.9025
    endloop
  endfacet
  facet normal 0 0.382987 0.923754
    outer loop
      vertex -82 25.3342 26.9593
      vertex -85 25.4712 26.9025
      vertex -85 25.3342 26.9593
    endloop
  endfacet
  facet normal -0 0.6087 0.7934
    outer loop
      vertex -85 25.0776 27.1074
      vertex -82 24.9599 27.1977
      vertex -82 25.0776 27.1074
    endloop
  endfacet
  facet normal 0 0.6087 0.7934
    outer loop
      vertex -82 24.9599 27.1977
      vertex -85 25.0776 27.1074
      vertex -85 24.9599 27.1977
    endloop
  endfacet
  facet normal -0 0.300809 0.953685
    outer loop
      vertex -85 25.6126 26.8579
      vertex -82 25.4712 26.9025
      vertex -82 25.6126 26.8579
    endloop
  endfacet
  facet normal 0 0.300809 0.953685
    outer loop
      vertex -82 25.4712 26.9025
      vertex -85 25.6126 26.8579
      vertex -85 25.4712 26.9025
    endloop
  endfacet
  facet normal 0 0.924091 0.382173
    outer loop
      vertex -82 24.5119 27.7815
      vertex -85 24.4552 27.9186
      vertex -82 24.4552 27.9186
    endloop
  endfacet
  facet normal 0 0.924091 0.382173
    outer loop
      vertex -85 24.4552 27.9186
      vertex -82 24.5119 27.7815
      vertex -85 24.5119 27.7815
    endloop
  endfacet
  facet normal 0 -0.675755 0.737126
    outer loop
      vertex -85 27.2547 27.2979
      vertex -82 27.1454 27.1977
      vertex -82 27.2547 27.2979
    endloop
  endfacet
  facet normal 0 -0.675755 0.737126
    outer loop
      vertex -82 27.1454 27.1977
      vertex -85 27.2547 27.2979
      vertex -85 27.1454 27.1977
    endloop
  endfacet
  facet normal 0 -0.953685 0.300809
    outer loop
      vertex -85 27.6501 27.9186
      vertex -82 27.6947 28.06
      vertex -85 27.6947 28.06
    endloop
  endfacet
  facet normal 0 -0.953685 0.300809
    outer loop
      vertex -82 27.6947 28.06
      vertex -85 27.6501 27.9186
      vertex -82 27.6501 27.9186
    endloop
  endfacet
  facet normal -0 0.130088 0.991502
    outer loop
      vertex -85 25.9045 26.8065
      vertex -82 25.7574 26.8258
      vertex -82 25.9045 26.8065
    endloop
  endfacet
  facet normal 0 0.130088 0.991502
    outer loop
      vertex -82 25.7574 26.8258
      vertex -85 25.9045 26.8065
      vertex -85 25.7574 26.8258
    endloop
  endfacet
  facet normal 0 0.886885 0.46199
    outer loop
      vertex -82 24.5804 27.65
      vertex -85 24.5119 27.7815
      vertex -82 24.5119 27.7815
    endloop
  endfacet
  facet normal 0 0.886885 0.46199
    outer loop
      vertex -85 24.5119 27.7815
      vertex -82 24.5804 27.65
      vertex -85 24.5804 27.65
    endloop
  endfacet
  facet normal 0 0.99904 -0.0438175
    outer loop
      vertex -82 24.3526 28.5
      vertex -85 24.3591 28.6482
      vertex -82 24.3591 28.6482
    endloop
  endfacet
  facet normal 0 0.99904 -0.0438175
    outer loop
      vertex -85 24.3591 28.6482
      vertex -82 24.3526 28.5
      vertex -85 24.3526 28.5
    endloop
  endfacet
  facet normal 0 0.991404 -0.130838
    outer loop
      vertex -82 24.3591 28.6482
      vertex -85 24.3785 28.7952
      vertex -82 24.3785 28.7952
    endloop
  endfacet
  facet normal 0 0.991404 -0.130838
    outer loop
      vertex -85 24.3785 28.7952
      vertex -82 24.3591 28.6482
      vertex -85 24.3591 28.6482
    endloop
  endfacet
  facet normal 0 0.79315 -0.609026
    outer loop
      vertex -82 24.6601 29.4751
      vertex -85 24.7504 29.5927
      vertex -82 24.7504 29.5927
    endloop
  endfacet
  facet normal 0 0.79315 -0.609026
    outer loop
      vertex -85 24.7504 29.5927
      vertex -82 24.6601 29.4751
      vertex -85 24.6601 29.4751
    endloop
  endfacet
  facet normal 0 0.924091 -0.382173
    outer loop
      vertex -82 24.4552 29.0814
      vertex -85 24.5119 29.2185
      vertex -82 24.5119 29.2185
    endloop
  endfacet
  facet normal 0 0.924091 -0.382173
    outer loop
      vertex -85 24.5119 29.2185
      vertex -82 24.4552 29.0814
      vertex -85 24.4552 29.0814
    endloop
  endfacet
  facet normal 0 0.461713 -0.887029
    outer loop
      vertex -85 25.2026 29.9722
      vertex -82 25.3342 30.0407
      vertex -82 25.2026 29.9722
    endloop
  endfacet
  facet normal 0 0.461713 -0.887029
    outer loop
      vertex -82 25.3342 30.0407
      vertex -85 25.2026 29.9722
      vertex -85 25.3342 30.0407
    endloop
  endfacet
  facet normal 0 0.73777 -0.675053
    outer loop
      vertex -82 24.7504 29.5927
      vertex -85 24.8505 29.7021
      vertex -82 24.8505 29.7021
    endloop
  endfacet
  facet normal 0 0.73777 -0.675053
    outer loop
      vertex -85 24.8505 29.7021
      vertex -82 24.7504 29.5927
      vertex -85 24.7504 29.5927
    endloop
  endfacet
  facet normal 0 0.382987 -0.923754
    outer loop
      vertex -85 25.3342 30.0407
      vertex -82 25.4712 30.0975
      vertex -82 25.3342 30.0407
    endloop
  endfacet
  facet normal 0 0.382987 -0.923754
    outer loop
      vertex -82 25.4712 30.0975
      vertex -85 25.3342 30.0407
      vertex -85 25.4712 30.0975
    endloop
  endfacet
  facet normal 0 0.300809 -0.953685
    outer loop
      vertex -85 25.4712 30.0975
      vertex -82 25.6126 30.1421
      vertex -82 25.4712 30.0975
    endloop
  endfacet
  facet normal 0 0.300809 -0.953685
    outer loop
      vertex -82 25.6126 30.1421
      vertex -85 25.4712 30.0975
      vertex -85 25.6126 30.1421
    endloop
  endfacet
  facet normal 0 0.216431 -0.976298
    outer loop
      vertex -85 25.6126 30.1421
      vertex -82 25.7574 30.1742
      vertex -82 25.6126 30.1421
    endloop
  endfacet
  facet normal 0 0.216431 -0.976298
    outer loop
      vertex -82 25.7574 30.1742
      vertex -85 25.6126 30.1421
      vertex -85 25.7574 30.1742
    endloop
  endfacet
  facet normal 0 0.976298 0.216431
    outer loop
      vertex -82 24.4106 28.06
      vertex -85 24.3785 28.2048
      vertex -82 24.3785 28.2048
    endloop
  endfacet
  facet normal 0 0.976298 0.216431
    outer loop
      vertex -85 24.3785 28.2048
      vertex -82 24.4106 28.06
      vertex -85 24.4106 28.06
    endloop
  endfacet
  facet normal 0 0.991404 0.130838
    outer loop
      vertex -82 24.3785 28.2048
      vertex -85 24.3591 28.3518
      vertex -82 24.3591 28.3518
    endloop
  endfacet
  facet normal 0 0.991404 0.130838
    outer loop
      vertex -85 24.3591 28.3518
      vertex -82 24.3785 28.2048
      vertex -85 24.3785 28.2048
    endloop
  endfacet
  facet normal -0 0.461713 0.887029
    outer loop
      vertex -85 25.3342 26.9593
      vertex -82 25.2026 27.0278
      vertex -82 25.3342 26.9593
    endloop
  endfacet
  facet normal 0 0.461713 0.887029
    outer loop
      vertex -82 25.2026 27.0278
      vertex -85 25.3342 26.9593
      vertex -85 25.2026 27.0278
    endloop
  endfacet
  facet normal -0 0.537137 0.843495
    outer loop
      vertex -85 25.2026 27.0278
      vertex -82 25.0776 27.1074
      vertex -82 25.2026 27.0278
    endloop
  endfacet
  facet normal 0 0.537137 0.843495
    outer loop
      vertex -82 25.0776 27.1074
      vertex -85 25.2026 27.0278
      vertex -85 25.0776 27.1074
    endloop
  endfacet
  facet normal 0 0.73777 0.675053
    outer loop
      vertex -82 24.8505 27.2979
      vertex -85 24.7504 27.4073
      vertex -82 24.7504 27.4073
    endloop
  endfacet
  facet normal 0 0.73777 0.675053
    outer loop
      vertex -85 24.7504 27.4073
      vertex -82 24.8505 27.2979
      vertex -85 24.8505 27.2979
    endloop
  endfacet
  facet normal 0 0.79315 0.609026
    outer loop
      vertex -82 24.7504 27.4073
      vertex -85 24.6601 27.5249
      vertex -82 24.6601 27.5249
    endloop
  endfacet
  facet normal 0 0.79315 0.609026
    outer loop
      vertex -85 24.6601 27.5249
      vertex -82 24.7504 27.4073
      vertex -85 24.7504 27.4073
    endloop
  endfacet
  facet normal 0 0.976298 -0.216431
    outer loop
      vertex -82 24.3785 28.7952
      vertex -85 24.4106 28.94
      vertex -82 24.4106 28.94
    endloop
  endfacet
  facet normal 0 0.976298 -0.216431
    outer loop
      vertex -85 24.4106 28.94
      vertex -82 24.3785 28.7952
      vertex -85 24.3785 28.7952
    endloop
  endfacet
  facet normal 0 0.886885 -0.46199
    outer loop
      vertex -82 24.5119 29.2185
      vertex -85 24.5804 29.35
      vertex -82 24.5804 29.35
    endloop
  endfacet
  facet normal 0 0.886885 -0.46199
    outer loop
      vertex -85 24.5804 29.35
      vertex -82 24.5119 29.2185
      vertex -85 24.5119 29.2185
    endloop
  endfacet
  facet normal 0 0.953685 -0.300809
    outer loop
      vertex -82 24.4106 28.94
      vertex -85 24.4552 29.0814
      vertex -82 24.4552 29.0814
    endloop
  endfacet
  facet normal 0 0.953685 -0.300809
    outer loop
      vertex -85 24.4552 29.0814
      vertex -82 24.4106 28.94
      vertex -85 24.4106 28.94
    endloop
  endfacet
  facet normal 0 0.130088 -0.991502
    outer loop
      vertex -85 25.7574 30.1742
      vertex -82 25.9045 30.1935
      vertex -82 25.7574 30.1742
    endloop
  endfacet
  facet normal 0 0.130088 -0.991502
    outer loop
      vertex -82 25.9045 30.1935
      vertex -85 25.7574 30.1742
      vertex -85 25.9045 30.1935
    endloop
  endfacet
  facet normal 0 0.0438471 -0.999038
    outer loop
      vertex -85 25.9045 30.1935
      vertex -82 26.0526 30.2
      vertex -82 25.9045 30.1935
    endloop
  endfacet
  facet normal 0 0.0438471 -0.999038
    outer loop
      vertex -82 26.0526 30.2
      vertex -85 25.9045 30.1935
      vertex -85 26.0526 30.2
    endloop
  endfacet
  facet normal 0 0.843384 0.537312
    outer loop
      vertex -82 24.6601 27.5249
      vertex -85 24.5804 27.65
      vertex -82 24.5804 27.65
    endloop
  endfacet
  facet normal 0 0.843384 0.537312
    outer loop
      vertex -85 24.5804 27.65
      vertex -82 24.6601 27.5249
      vertex -85 24.6601 27.5249
    endloop
  endfacet
  facet normal 0 0.843384 -0.537312
    outer loop
      vertex -82 24.5804 29.35
      vertex -85 24.6601 29.4751
      vertex -82 24.6601 29.4751
    endloop
  endfacet
  facet normal 0 0.843384 -0.537312
    outer loop
      vertex -85 24.6601 29.4751
      vertex -82 24.5804 29.35
      vertex -85 24.5804 29.35
    endloop
  endfacet
  facet normal 0 0.675419 -0.737434
    outer loop
      vertex -85 24.8505 29.7021
      vertex -82 24.9599 29.8023
      vertex -82 24.8505 29.7021
    endloop
  endfacet
  facet normal 0 0.675419 -0.737434
    outer loop
      vertex -82 24.9599 29.8023
      vertex -85 24.8505 29.7021
      vertex -85 24.9599 29.8023
    endloop
  endfacet
  facet normal 0 0.6087 -0.7934
    outer loop
      vertex -85 24.9599 29.8023
      vertex -82 25.0776 29.8926
      vertex -82 24.9599 29.8023
    endloop
  endfacet
  facet normal 0 0.6087 -0.7934
    outer loop
      vertex -82 25.0776 29.8926
      vertex -85 24.9599 29.8023
      vertex -85 25.0776 29.8926
    endloop
  endfacet
  facet normal 0 -0.0438471 -0.999038
    outer loop
      vertex 82 -26.0526 30.2
      vertex 85 -25.9045 30.1935
      vertex 85 -26.0526 30.2
    endloop
  endfacet
  facet normal -0 -0.0438471 -0.999038
    outer loop
      vertex 85 -25.9045 30.1935
      vertex 82 -26.0526 30.2
      vertex 82 -25.9045 30.1935
    endloop
  endfacet
  facet normal 0 0.999069 0.0431447
    outer loop
      vertex 85 -27.7462 28.3518
      vertex 82 -27.7526 28.5
      vertex 85 -27.7526 28.5
    endloop
  endfacet
  facet normal 0 0.999069 0.0431447
    outer loop
      vertex 82 -27.7526 28.5
      vertex 85 -27.7462 28.3518
      vertex 82 -27.7462 28.3518
    endloop
  endfacet
  facet normal 0 -0.73777 -0.675053
    outer loop
      vertex 82 -24.7504 29.5927
      vertex 85 -24.8505 29.7021
      vertex 82 -24.8505 29.7021
    endloop
  endfacet
  facet normal 0 -0.73777 -0.675053
    outer loop
      vertex 85 -24.8505 29.7021
      vertex 82 -24.7504 29.5927
      vertex 85 -24.7504 29.5927
    endloop
  endfacet
  facet normal 0 -0.461713 -0.887029
    outer loop
      vertex 82 -25.3342 30.0407
      vertex 85 -25.2026 29.9722
      vertex 85 -25.3342 30.0407
    endloop
  endfacet
  facet normal -0 -0.461713 -0.887029
    outer loop
      vertex 85 -25.2026 29.9722
      vertex 82 -25.3342 30.0407
      vertex 82 -25.2026 29.9722
    endloop
  endfacet
  facet normal 0 0.924091 0.382173
    outer loop
      vertex 85 -27.5934 27.7815
      vertex 82 -27.6501 27.9186
      vertex 85 -27.6501 27.9186
    endloop
  endfacet
  facet normal 0 0.924091 0.382173
    outer loop
      vertex 82 -27.6501 27.9186
      vertex 85 -27.5934 27.7815
      vertex 82 -27.5934 27.7815
    endloop
  endfacet
  facet normal 0 -0.300809 -0.953685
    outer loop
      vertex 82 -25.6126 30.1421
      vertex 85 -25.4712 30.0975
      vertex 85 -25.6126 30.1421
    endloop
  endfacet
  facet normal -0 -0.300809 -0.953685
    outer loop
      vertex 85 -25.4712 30.0975
      vertex 82 -25.6126 30.1421
      vertex 82 -25.4712 30.0975
    endloop
  endfacet
  facet normal 0 -0.6087 -0.7934
    outer loop
      vertex 82 -25.0776 29.8926
      vertex 85 -24.9599 29.8023
      vertex 85 -25.0776 29.8926
    endloop
  endfacet
  facet normal -0 -0.6087 -0.7934
    outer loop
      vertex 85 -24.9599 29.8023
      vertex 82 -25.0776 29.8926
      vertex 82 -24.9599 29.8023
    endloop
  endfacet
  facet normal 0 -0.675419 -0.737434
    outer loop
      vertex 82 -24.9599 29.8023
      vertex 85 -24.8505 29.7021
      vertex 85 -24.9599 29.8023
    endloop
  endfacet
  facet normal -0 -0.675419 -0.737434
    outer loop
      vertex 85 -24.8505 29.7021
      vertex 82 -24.9599 29.8023
      vertex 82 -24.8505 29.7021
    endloop
  endfacet
  facet normal 0 -0.537137 -0.843495
    outer loop
      vertex 82 -25.2026 29.9722
      vertex 85 -25.0776 29.8926
      vertex 85 -25.2026 29.9722
    endloop
  endfacet
  facet normal -0 -0.537137 -0.843495
    outer loop
      vertex 85 -25.0776 29.8926
      vertex 82 -25.2026 29.9722
      vertex 82 -25.0776 29.8926
    endloop
  endfacet
  facet normal 0 -0.382987 -0.923754
    outer loop
      vertex 82 -25.4712 30.0975
      vertex 85 -25.3342 30.0407
      vertex 85 -25.4712 30.0975
    endloop
  endfacet
  facet normal -0 -0.382987 -0.923754
    outer loop
      vertex 85 -25.3342 30.0407
      vertex 82 -25.4712 30.0975
      vertex 82 -25.3342 30.0407
    endloop
  endfacet
  facet normal 0 -0.216431 -0.976298
    outer loop
      vertex 82 -25.7574 30.1742
      vertex 85 -25.6126 30.1421
      vertex 85 -25.7574 30.1742
    endloop
  endfacet
  facet normal -0 -0.216431 -0.976298
    outer loop
      vertex 85 -25.6126 30.1421
      vertex 82 -25.7574 30.1742
      vertex 82 -25.6126 30.1421
    endloop
  endfacet
  facet normal 0 -0.793069 -0.609132
    outer loop
      vertex 82 -24.6792 29.5
      vertex 85 -24.7504 29.5927
      vertex 82 -24.7504 29.5927
    endloop
  endfacet
  facet normal 0 -0.793069 -0.609132
    outer loop
      vertex 85 -24.7504 29.5927
      vertex 82 -24.6792 29.5
      vertex 85 -24.6792 29.5
    endloop
  endfacet
  facet normal 0 0.300615 -0.953746
    outer loop
      vertex 82 -26.6341 30.0975
      vertex 85 -26.4926 30.1421
      vertex 85 -26.6341 30.0975
    endloop
  endfacet
  facet normal 0 0.300615 -0.953746
    outer loop
      vertex 85 -26.4926 30.1421
      vertex 82 -26.6341 30.0975
      vertex 82 -26.4926 30.1421
    endloop
  endfacet
  facet normal 0 0.216431 -0.976298
    outer loop
      vertex 82 -26.4926 30.1421
      vertex 85 -26.3478 30.1742
      vertex 85 -26.4926 30.1421
    endloop
  endfacet
  facet normal 0 0.216431 -0.976298
    outer loop
      vertex 85 -26.3478 30.1742
      vertex 82 -26.4926 30.1421
      vertex 82 -26.3478 30.1742
    endloop
  endfacet
  facet normal 0 0.991404 0.130838
    outer loop
      vertex 85 -27.7268 28.2048
      vertex 82 -27.7462 28.3518
      vertex 85 -27.7462 28.3518
    endloop
  endfacet
  facet normal 0 0.991404 0.130838
    outer loop
      vertex 82 -27.7462 28.3518
      vertex 85 -27.7268 28.2048
      vertex 82 -27.7268 28.2048
    endloop
  endfacet
  facet normal 0 0.84286 0.538133
    outer loop
      vertex 85 -27.5 27.611
      vertex 82 -27.5249 27.65
      vertex 85 -27.5249 27.65
    endloop
  endfacet
  facet normal 0 0.84286 0.538133
    outer loop
      vertex 82 -27.5249 27.65
      vertex 85 -27.5 27.611
      vertex 82 -27.5 27.611
    endloop
  endfacet
  facet normal 0 -0.130088 -0.991502
    outer loop
      vertex 82 -25.9045 30.1935
      vertex 85 -25.7574 30.1742
      vertex 85 -25.9045 30.1935
    endloop
  endfacet
  facet normal -0 -0.130088 -0.991502
    outer loop
      vertex 85 -25.7574 30.1742
      vertex 82 -25.9045 30.1935
      vertex 82 -25.7574 30.1742
    endloop
  endfacet
  facet normal 0 0.953685 0.300809
    outer loop
      vertex 85 -27.6501 27.9186
      vertex 82 -27.6947 28.06
      vertex 85 -27.6947 28.06
    endloop
  endfacet
  facet normal 0 0.953685 0.300809
    outer loop
      vertex 82 -27.6947 28.06
      vertex 85 -27.6501 27.9186
      vertex 82 -27.6501 27.9186
    endloop
  endfacet
  facet normal 0 0.886885 0.46199
    outer loop
      vertex 85 -27.5249 27.65
      vertex 82 -27.5934 27.7815
      vertex 85 -27.5934 27.7815
    endloop
  endfacet
  facet normal 0 0.886885 0.46199
    outer loop
      vertex 82 -27.5934 27.7815
      vertex 85 -27.5249 27.65
      vertex 82 -27.5249 27.65
    endloop
  endfacet
  facet normal 0 0.999069 -0.0431447
    outer loop
      vertex 85 -27.7526 28.5
      vertex 82 -27.7462 28.6482
      vertex 85 -27.7462 28.6482
    endloop
  endfacet
  facet normal 0 0.999069 -0.0431447
    outer loop
      vertex 82 -27.7462 28.6482
      vertex 85 -27.7526 28.5
      vertex 82 -27.7526 28.5
    endloop
  endfacet
  facet normal 0 0.953685 -0.300809
    outer loop
      vertex 85 -27.6947 28.94
      vertex 82 -27.6501 29.0814
      vertex 85 -27.6501 29.0814
    endloop
  endfacet
  facet normal 0 0.953685 -0.300809
    outer loop
      vertex 82 -27.6501 29.0814
      vertex 85 -27.6947 28.94
      vertex 82 -27.6947 28.94
    endloop
  endfacet
  facet normal 0 0.886885 -0.46199
    outer loop
      vertex 85 -27.5934 29.2185
      vertex 82 -27.5249 29.35
      vertex 85 -27.5249 29.35
    endloop
  endfacet
  facet normal 0 0.886885 -0.46199
    outer loop
      vertex 82 -27.5249 29.35
      vertex 85 -27.5934 29.2185
      vertex 82 -27.5934 29.2185
    endloop
  endfacet
  facet normal 0 0.737434 -0.675419
    outer loop
      vertex 85 -27.3549 29.5927
      vertex 82 -27.2547 29.7021
      vertex 85 -27.2547 29.7021
    endloop
  endfacet
  facet normal 0 0.737434 -0.675419
    outer loop
      vertex 82 -27.2547 29.7021
      vertex 85 -27.3549 29.5927
      vertex 82 -27.3549 29.5927
    endloop
  endfacet
  facet normal 0 0.382987 -0.923754
    outer loop
      vertex 82 -26.7711 30.0407
      vertex 85 -26.6341 30.0975
      vertex 85 -26.7711 30.0407
    endloop
  endfacet
  facet normal 0 0.382987 -0.923754
    outer loop
      vertex 85 -26.6341 30.0975
      vertex 82 -26.7711 30.0407
      vertex 82 -26.6341 30.0975
    endloop
  endfacet
  facet normal 0 0.976298 0.216431
    outer loop
      vertex 85 -27.6947 28.06
      vertex 82 -27.7268 28.2048
      vertex 85 -27.7268 28.2048
    endloop
  endfacet
  facet normal 0 0.976298 0.216431
    outer loop
      vertex 82 -27.7268 28.2048
      vertex 85 -27.6947 28.06
      vertex 82 -27.6947 28.06
    endloop
  endfacet
  facet normal 0 0.991404 -0.130838
    outer loop
      vertex 85 -27.7462 28.6482
      vertex 82 -27.7268 28.7952
      vertex 85 -27.7268 28.7952
    endloop
  endfacet
  facet normal 0 0.991404 -0.130838
    outer loop
      vertex 82 -27.7268 28.7952
      vertex 85 -27.7462 28.6482
      vertex 82 -27.7462 28.6482
    endloop
  endfacet
  facet normal 0 0.976298 -0.216431
    outer loop
      vertex 85 -27.7268 28.7952
      vertex 82 -27.6947 28.94
      vertex 85 -27.6947 28.94
    endloop
  endfacet
  facet normal 0 0.976298 -0.216431
    outer loop
      vertex 82 -27.6947 28.94
      vertex 85 -27.7268 28.7952
      vertex 82 -27.7268 28.7952
    endloop
  endfacet
  facet normal 0 0.924091 -0.382173
    outer loop
      vertex 85 -27.6501 29.0814
      vertex 82 -27.5934 29.2185
      vertex 85 -27.5934 29.2185
    endloop
  endfacet
  facet normal 0 0.924091 -0.382173
    outer loop
      vertex 82 -27.5934 29.2185
      vertex 85 -27.6501 29.0814
      vertex 82 -27.6501 29.0814
    endloop
  endfacet
  facet normal 0 0.536832 -0.843689
    outer loop
      vertex 82 -27.0277 29.8926
      vertex 85 -26.9026 29.9722
      vertex 85 -27.0277 29.8926
    endloop
  endfacet
  facet normal 0 0.536832 -0.843689
    outer loop
      vertex 85 -26.9026 29.9722
      vertex 82 -27.0277 29.8926
      vertex 82 -26.9026 29.9722
    endloop
  endfacet
  facet normal 0 0.46199 -0.886885
    outer loop
      vertex 82 -26.9026 29.9722
      vertex 85 -26.7711 30.0407
      vertex 85 -26.9026 29.9722
    endloop
  endfacet
  facet normal 0 0.46199 -0.886885
    outer loop
      vertex 85 -26.7711 30.0407
      vertex 82 -26.9026 29.9722
      vertex 82 -26.7711 30.0407
    endloop
  endfacet
  facet normal 0 0.130175 -0.991491
    outer loop
      vertex 82 -26.3478 30.1742
      vertex 85 -26.2008 30.1935
      vertex 85 -26.3478 30.1742
    endloop
  endfacet
  facet normal 0 0.130175 -0.991491
    outer loop
      vertex 85 -26.2008 30.1935
      vertex 82 -26.3478 30.1742
      vertex 82 -26.2008 30.1935
    endloop
  endfacet
  facet normal 0 0.0438175 -0.99904
    outer loop
      vertex 82 -26.2008 30.1935
      vertex 85 -26.0526 30.2
      vertex 85 -26.2008 30.1935
    endloop
  endfacet
  facet normal 0 0.0438175 -0.99904
    outer loop
      vertex 85 -26.0526 30.2
      vertex 82 -26.2008 30.1935
      vertex 82 -26.0526 30.2
    endloop
  endfacet
  facet normal 0 0.84286 -0.538133
    outer loop
      vertex 85 -27.5249 29.35
      vertex 82 -27.5 29.389
      vertex 85 -27.5 29.389
    endloop
  endfacet
  facet normal 0 0.84286 -0.538133
    outer loop
      vertex 82 -27.5 29.389
      vertex 85 -27.5249 29.35
      vertex 82 -27.5249 29.35
    endloop
  endfacet
  facet normal 0 0.793069 -0.609132
    outer loop
      vertex 85 -27.4261 29.5
      vertex 82 -27.3549 29.5927
      vertex 85 -27.3549 29.5927
    endloop
  endfacet
  facet normal 0 0.793069 -0.609132
    outer loop
      vertex 82 -27.3549 29.5927
      vertex 85 -27.4261 29.5
      vertex 82 -27.4261 29.5
    endloop
  endfacet
  facet normal 0 0.675755 -0.737126
    outer loop
      vertex 82 -27.2547 29.7021
      vertex 85 -27.1454 29.8023
      vertex 85 -27.2547 29.7021
    endloop
  endfacet
  facet normal 0 0.675755 -0.737126
    outer loop
      vertex 85 -27.1454 29.8023
      vertex 82 -27.2547 29.7021
      vertex 82 -27.1454 29.8023
    endloop
  endfacet
  facet normal 0 0.6087 -0.7934
    outer loop
      vertex 82 -27.1454 29.8023
      vertex 85 -27.0277 29.8926
      vertex 85 -27.1454 29.8023
    endloop
  endfacet
  facet normal 0 0.6087 -0.7934
    outer loop
      vertex 85 -27.0277 29.8926
      vertex 82 -27.1454 29.8023
      vertex 82 -27.0277 29.8926
    endloop
  endfacet
  facet normal 0 -0.0438175 0.99904
    outer loop
      vertex 82 26.2008 26.8065
      vertex 85 26.0526 26.8
      vertex 85 26.2008 26.8065
    endloop
  endfacet
  facet normal 0 -0.0438175 0.99904
    outer loop
      vertex 85 26.0526 26.8
      vertex 82 26.2008 26.8065
      vertex 82 26.0526 26.8
    endloop
  endfacet
  facet normal 0 -0.0438175 -0.99904
    outer loop
      vertex 82 26.0526 30.2
      vertex 85 26.2008 30.1935
      vertex 85 26.0526 30.2
    endloop
  endfacet
  facet normal -0 -0.0438175 -0.99904
    outer loop
      vertex 85 26.2008 30.1935
      vertex 82 26.0526 30.2
      vertex 82 26.2008 30.1935
    endloop
  endfacet
  facet normal 0 -0.999069 -0.0431447
    outer loop
      vertex 82 27.7526 28.5
      vertex 85 27.7462 28.6482
      vertex 82 27.7462 28.6482
    endloop
  endfacet
  facet normal 0 -0.999069 -0.0431447
    outer loop
      vertex 85 27.7462 28.6482
      vertex 82 27.7526 28.5
      vertex 85 27.7526 28.5
    endloop
  endfacet
  facet normal 0 0.99904 0.0438175
    outer loop
      vertex 85 24.3591 28.3518
      vertex 82 24.3526 28.5
      vertex 85 24.3526 28.5
    endloop
  endfacet
  facet normal 0 0.99904 0.0438175
    outer loop
      vertex 82 24.3526 28.5
      vertex 85 24.3591 28.3518
      vertex 82 24.3591 28.3518
    endloop
  endfacet
  facet normal 0 -0.737434 -0.675419
    outer loop
      vertex 82 27.3549 29.5927
      vertex 85 27.2547 29.7021
      vertex 82 27.2547 29.7021
    endloop
  endfacet
  facet normal 0 -0.737434 -0.675419
    outer loop
      vertex 85 27.2547 29.7021
      vertex 82 27.3549 29.5927
      vertex 85 27.3549 29.5927
    endloop
  endfacet
  facet normal 0 -0.924091 -0.382173
    outer loop
      vertex 82 27.6501 29.0814
      vertex 85 27.5934 29.2185
      vertex 82 27.5934 29.2185
    endloop
  endfacet
  facet normal 0 -0.924091 -0.382173
    outer loop
      vertex 85 27.5934 29.2185
      vertex 82 27.6501 29.0814
      vertex 85 27.6501 29.0814
    endloop
  endfacet
  facet normal 0 -0.382987 -0.923754
    outer loop
      vertex 82 26.6341 30.0975
      vertex 85 26.7711 30.0407
      vertex 85 26.6341 30.0975
    endloop
  endfacet
  facet normal -0 -0.382987 -0.923754
    outer loop
      vertex 85 26.7711 30.0407
      vertex 82 26.6341 30.0975
      vertex 82 26.7711 30.0407
    endloop
  endfacet
  facet normal 0 -0.976298 -0.216431
    outer loop
      vertex 82 27.7268 28.7952
      vertex 85 27.6947 28.94
      vertex 82 27.6947 28.94
    endloop
  endfacet
  facet normal 0 -0.976298 -0.216431
    outer loop
      vertex 85 27.6947 28.94
      vertex 82 27.7268 28.7952
      vertex 85 27.7268 28.7952
    endloop
  endfacet
  facet normal 0 0.953685 0.300809
    outer loop
      vertex 85 24.4552 27.9186
      vertex 82 24.4106 28.06
      vertex 85 24.4106 28.06
    endloop
  endfacet
  facet normal 0 0.953685 0.300809
    outer loop
      vertex 82 24.4106 28.06
      vertex 85 24.4552 27.9186
      vertex 82 24.4552 27.9186
    endloop
  endfacet
  facet normal 0 -0.130175 0.991491
    outer loop
      vertex 82 26.3478 26.8258
      vertex 85 26.2008 26.8065
      vertex 85 26.3478 26.8258
    endloop
  endfacet
  facet normal 0 -0.130175 0.991491
    outer loop
      vertex 85 26.2008 26.8065
      vertex 82 26.3478 26.8258
      vertex 82 26.2008 26.8065
    endloop
  endfacet
  facet normal 0 -0.300615 0.953746
    outer loop
      vertex 82 26.6341 26.9025
      vertex 85 26.4926 26.8579
      vertex 85 26.6341 26.9025
    endloop
  endfacet
  facet normal 0 -0.300615 0.953746
    outer loop
      vertex 85 26.4926 26.8579
      vertex 82 26.6341 26.9025
      vertex 82 26.4926 26.8579
    endloop
  endfacet
  facet normal 0 -0.46199 0.886885
    outer loop
      vertex 82 26.9026 27.0278
      vertex 85 26.7711 26.9593
      vertex 85 26.9026 27.0278
    endloop
  endfacet
  facet normal 0 -0.46199 0.886885
    outer loop
      vertex 85 26.7711 26.9593
      vertex 82 26.9026 27.0278
      vertex 82 26.7711 26.9593
    endloop
  endfacet
  facet normal 0 -0.976298 0.216431
    outer loop
      vertex 82 27.6947 28.06
      vertex 85 27.7268 28.2048
      vertex 82 27.7268 28.2048
    endloop
  endfacet
  facet normal 0 -0.976298 0.216431
    outer loop
      vertex 85 27.7268 28.2048
      vertex 82 27.6947 28.06
      vertex 85 27.6947 28.06
    endloop
  endfacet
  facet normal 0 -0.999069 0.0431447
    outer loop
      vertex 82 27.7462 28.3518
      vertex 85 27.7526 28.5
      vertex 82 27.7526 28.5
    endloop
  endfacet
  facet normal 0 -0.999069 0.0431447
    outer loop
      vertex 85 27.7526 28.5
      vertex 82 27.7462 28.3518
      vertex 85 27.7462 28.3518
    endloop
  endfacet
  facet normal 0 -0.886885 0.46199
    outer loop
      vertex 82 27.5249 27.65
      vertex 85 27.5934 27.7815
      vertex 82 27.5934 27.7815
    endloop
  endfacet
  facet normal 0 -0.886885 0.46199
    outer loop
      vertex 85 27.5934 27.7815
      vertex 82 27.5249 27.65
      vertex 85 27.5249 27.65
    endloop
  endfacet
  facet normal 0 -0.79315 0.609026
    outer loop
      vertex 82 27.3549 27.4073
      vertex 85 27.4452 27.5249
      vertex 82 27.4452 27.5249
    endloop
  endfacet
  facet normal 0 -0.79315 0.609026
    outer loop
      vertex 85 27.4452 27.5249
      vertex 82 27.3549 27.4073
      vertex 85 27.3549 27.4073
    endloop
  endfacet
  facet normal 0 -0.216431 -0.976298
    outer loop
      vertex 82 26.3478 30.1742
      vertex 85 26.4926 30.1421
      vertex 85 26.3478 30.1742
    endloop
  endfacet
  facet normal -0 -0.216431 -0.976298
    outer loop
      vertex 85 26.4926 30.1421
      vertex 82 26.3478 30.1742
      vertex 82 26.4926 30.1421
    endloop
  endfacet
  facet normal 0 -0.6087 -0.7934
    outer loop
      vertex 82 27.0277 29.8926
      vertex 85 27.1454 29.8023
      vertex 85 27.0277 29.8926
    endloop
  endfacet
  facet normal -0 -0.6087 -0.7934
    outer loop
      vertex 85 27.1454 29.8023
      vertex 82 27.0277 29.8926
      vertex 82 27.1454 29.8023
    endloop
  endfacet
  facet normal 0 -0.675755 -0.737126
    outer loop
      vertex 82 27.1454 29.8023
      vertex 85 27.2547 29.7021
      vertex 85 27.1454 29.8023
    endloop
  endfacet
  facet normal -0 -0.675755 -0.737126
    outer loop
      vertex 85 27.2547 29.7021
      vertex 82 27.1454 29.8023
      vertex 82 27.2547 29.7021
    endloop
  endfacet
  facet normal 0 -0.300615 -0.953746
    outer loop
      vertex 82 26.4926 30.1421
      vertex 85 26.6341 30.0975
      vertex 85 26.4926 30.1421
    endloop
  endfacet
  facet normal -0 -0.300615 -0.953746
    outer loop
      vertex 85 26.6341 30.0975
      vertex 82 26.4926 30.1421
      vertex 82 26.6341 30.0975
    endloop
  endfacet
  facet normal 0 -0.130175 -0.991491
    outer loop
      vertex 82 26.2008 30.1935
      vertex 85 26.3478 30.1742
      vertex 85 26.2008 30.1935
    endloop
  endfacet
  facet normal -0 -0.130175 -0.991491
    outer loop
      vertex 85 26.3478 30.1742
      vertex 82 26.2008 30.1935
      vertex 82 26.3478 30.1742
    endloop
  endfacet
  facet normal 0 -0.843384 -0.537312
    outer loop
      vertex 82 27.5249 29.35
      vertex 85 27.4452 29.4751
      vertex 82 27.4452 29.4751
    endloop
  endfacet
  facet normal 0 -0.843384 -0.537312
    outer loop
      vertex 85 27.4452 29.4751
      vertex 82 27.5249 29.35
      vertex 85 27.5249 29.35
    endloop
  endfacet
  facet normal 0 -0.886885 -0.46199
    outer loop
      vertex 82 27.5934 29.2185
      vertex 85 27.5249 29.35
      vertex 82 27.5249 29.35
    endloop
  endfacet
  facet normal 0 -0.886885 -0.46199
    outer loop
      vertex 85 27.5249 29.35
      vertex 82 27.5934 29.2185
      vertex 85 27.5934 29.2185
    endloop
  endfacet
  facet normal 0 -0.79315 -0.609026
    outer loop
      vertex 82 27.4452 29.4751
      vertex 85 27.3549 29.5927
      vertex 82 27.3549 29.5927
    endloop
  endfacet
  facet normal 0 -0.79315 -0.609026
    outer loop
      vertex 85 27.3549 29.5927
      vertex 82 27.4452 29.4751
      vertex 85 27.4452 29.4751
    endloop
  endfacet
  facet normal 0 -0.953685 -0.300809
    outer loop
      vertex 82 27.6947 28.94
      vertex 85 27.6501 29.0814
      vertex 82 27.6501 29.0814
    endloop
  endfacet
  facet normal 0 -0.953685 -0.300809
    outer loop
      vertex 85 27.6501 29.0814
      vertex 82 27.6947 28.94
      vertex 85 27.6947 28.94
    endloop
  endfacet
  facet normal 0 -0.991404 -0.130838
    outer loop
      vertex 82 27.7462 28.6482
      vertex 85 27.7268 28.7952
      vertex 82 27.7268 28.7952
    endloop
  endfacet
  facet normal 0 -0.991404 -0.130838
    outer loop
      vertex 85 27.7268 28.7952
      vertex 82 27.7462 28.6482
      vertex 85 27.7462 28.6482
    endloop
  endfacet
  facet normal -0 0.0438471 0.999038
    outer loop
      vertex 82 26.0526 26.8
      vertex 85 25.9045 26.8065
      vertex 85 26.0526 26.8
    endloop
  endfacet
  facet normal 0 0.0438471 0.999038
    outer loop
      vertex 85 25.9045 26.8065
      vertex 82 26.0526 26.8
      vertex 82 25.9045 26.8065
    endloop
  endfacet
  facet normal -0 0.216431 0.976298
    outer loop
      vertex 82 25.7574 26.8258
      vertex 85 25.6126 26.8579
      vertex 85 25.7574 26.8258
    endloop
  endfacet
  facet normal 0 0.216431 0.976298
    outer loop
      vertex 85 25.6126 26.8579
      vertex 82 25.7574 26.8258
      vertex 82 25.6126 26.8579
    endloop
  endfacet
  facet normal -0 0.675419 0.737434
    outer loop
      vertex 82 24.9599 27.1977
      vertex 85 24.8505 27.2979
      vertex 85 24.9599 27.1977
    endloop
  endfacet
  facet normal 0 0.675419 0.737434
    outer loop
      vertex 85 24.8505 27.2979
      vertex 82 24.9599 27.1977
      vertex 82 24.8505 27.2979
    endloop
  endfacet
  facet normal -0 0.537137 0.843495
    outer loop
      vertex 82 25.2026 27.0278
      vertex 85 25.0776 27.1074
      vertex 85 25.2026 27.0278
    endloop
  endfacet
  facet normal 0 0.537137 0.843495
    outer loop
      vertex 85 25.0776 27.1074
      vertex 82 25.2026 27.0278
      vertex 82 25.0776 27.1074
    endloop
  endfacet
  facet normal 0 0.537137 -0.843495
    outer loop
      vertex 82 25.0776 29.8926
      vertex 85 25.2026 29.9722
      vertex 85 25.0776 29.8926
    endloop
  endfacet
  facet normal 0 0.537137 -0.843495
    outer loop
      vertex 85 25.2026 29.9722
      vertex 82 25.0776 29.8926
      vertex 82 25.2026 29.9722
    endloop
  endfacet
  facet normal 0 -0.216431 0.976298
    outer loop
      vertex 82 26.4926 26.8579
      vertex 85 26.3478 26.8258
      vertex 85 26.4926 26.8579
    endloop
  endfacet
  facet normal 0 -0.216431 0.976298
    outer loop
      vertex 85 26.3478 26.8258
      vertex 82 26.4926 26.8579
      vertex 82 26.3478 26.8258
    endloop
  endfacet
  facet normal 0 -0.382987 0.923754
    outer loop
      vertex 82 26.7711 26.9593
      vertex 85 26.6341 26.9025
      vertex 85 26.7711 26.9593
    endloop
  endfacet
  facet normal 0 -0.382987 0.923754
    outer loop
      vertex 85 26.6341 26.9025
      vertex 82 26.7711 26.9593
      vertex 82 26.6341 26.9025
    endloop
  endfacet
  facet normal 0 -0.6087 0.7934
    outer loop
      vertex 82 27.1454 27.1977
      vertex 85 27.0277 27.1074
      vertex 85 27.1454 27.1977
    endloop
  endfacet
  facet normal 0 -0.6087 0.7934
    outer loop
      vertex 85 27.0277 27.1074
      vertex 82 27.1454 27.1977
      vertex 82 27.0277 27.1074
    endloop
  endfacet
  facet normal 0 -0.737434 0.675419
    outer loop
      vertex 82 27.2547 27.2979
      vertex 85 27.3549 27.4073
      vertex 82 27.3549 27.4073
    endloop
  endfacet
  facet normal 0 -0.737434 0.675419
    outer loop
      vertex 85 27.3549 27.4073
      vertex 82 27.2547 27.2979
      vertex 85 27.2547 27.2979
    endloop
  endfacet
  facet normal 0 -0.536832 0.843689
    outer loop
      vertex 82 27.0277 27.1074
      vertex 85 26.9026 27.0278
      vertex 85 27.0277 27.1074
    endloop
  endfacet
  facet normal 0 -0.536832 0.843689
    outer loop
      vertex 85 26.9026 27.0278
      vertex 82 27.0277 27.1074
      vertex 82 26.9026 27.0278
    endloop
  endfacet
  facet normal 0 -0.991404 0.130838
    outer loop
      vertex 82 27.7268 28.2048
      vertex 85 27.7462 28.3518
      vertex 82 27.7462 28.3518
    endloop
  endfacet
  facet normal 0 -0.991404 0.130838
    outer loop
      vertex 85 27.7462 28.3518
      vertex 82 27.7268 28.2048
      vertex 85 27.7268 28.2048
    endloop
  endfacet
  facet normal 0 -0.924091 0.382173
    outer loop
      vertex 82 27.5934 27.7815
      vertex 85 27.6501 27.9186
      vertex 82 27.6501 27.9186
    endloop
  endfacet
  facet normal 0 -0.924091 0.382173
    outer loop
      vertex 85 27.6501 27.9186
      vertex 82 27.5934 27.7815
      vertex 85 27.5934 27.7815
    endloop
  endfacet
  facet normal 0 -0.843384 0.537312
    outer loop
      vertex 82 27.4452 27.5249
      vertex 85 27.5249 27.65
      vertex 82 27.5249 27.65
    endloop
  endfacet
  facet normal 0 -0.843384 0.537312
    outer loop
      vertex 85 27.5249 27.65
      vertex 82 27.4452 27.5249
      vertex 85 27.4452 27.5249
    endloop
  endfacet
  facet normal 0 -0.46199 -0.886885
    outer loop
      vertex 82 26.7711 30.0407
      vertex 85 26.9026 29.9722
      vertex 85 26.7711 30.0407
    endloop
  endfacet
  facet normal -0 -0.46199 -0.886885
    outer loop
      vertex 85 26.9026 29.9722
      vertex 82 26.7711 30.0407
      vertex 82 26.9026 29.9722
    endloop
  endfacet
  facet normal 0 -0.536832 -0.843689
    outer loop
      vertex 82 26.9026 29.9722
      vertex 85 27.0277 29.8926
      vertex 85 26.9026 29.9722
    endloop
  endfacet
  facet normal -0 -0.536832 -0.843689
    outer loop
      vertex 85 27.0277 29.8926
      vertex 82 26.9026 29.9722
      vertex 82 27.0277 29.8926
    endloop
  endfacet
  facet normal -0 0.382987 0.923754
    outer loop
      vertex 82 25.4712 26.9025
      vertex 85 25.3342 26.9593
      vertex 85 25.4712 26.9025
    endloop
  endfacet
  facet normal 0 0.382987 0.923754
    outer loop
      vertex 85 25.3342 26.9593
      vertex 82 25.4712 26.9025
      vertex 82 25.3342 26.9593
    endloop
  endfacet
  facet normal -0 0.6087 0.7934
    outer loop
      vertex 82 25.0776 27.1074
      vertex 85 24.9599 27.1977
      vertex 85 25.0776 27.1074
    endloop
  endfacet
  facet normal 0 0.6087 0.7934
    outer loop
      vertex 85 24.9599 27.1977
      vertex 82 25.0776 27.1074
      vertex 82 24.9599 27.1977
    endloop
  endfacet
  facet normal 0 0.991404 0.130838
    outer loop
      vertex 85 24.3785 28.2048
      vertex 82 24.3591 28.3518
      vertex 85 24.3591 28.3518
    endloop
  endfacet
  facet normal 0 0.991404 0.130838
    outer loop
      vertex 82 24.3591 28.3518
      vertex 85 24.3785 28.2048
      vertex 82 24.3785 28.2048
    endloop
  endfacet
  facet normal 0 0.924091 0.382173
    outer loop
      vertex 85 24.5119 27.7815
      vertex 82 24.4552 27.9186
      vertex 85 24.4552 27.9186
    endloop
  endfacet
  facet normal 0 0.924091 0.382173
    outer loop
      vertex 82 24.4552 27.9186
      vertex 85 24.5119 27.7815
      vertex 82 24.5119 27.7815
    endloop
  endfacet
  facet normal 0 -0.675755 0.737126
    outer loop
      vertex 82 27.2547 27.2979
      vertex 85 27.1454 27.1977
      vertex 85 27.2547 27.2979
    endloop
  endfacet
  facet normal 0 -0.675755 0.737126
    outer loop
      vertex 85 27.1454 27.1977
      vertex 82 27.2547 27.2979
      vertex 82 27.1454 27.1977
    endloop
  endfacet
  facet normal 0 -0.953685 0.300809
    outer loop
      vertex 82 27.6501 27.9186
      vertex 85 27.6947 28.06
      vertex 82 27.6947 28.06
    endloop
  endfacet
  facet normal 0 -0.953685 0.300809
    outer loop
      vertex 85 27.6947 28.06
      vertex 82 27.6501 27.9186
      vertex 85 27.6501 27.9186
    endloop
  endfacet
  facet normal -0 0.130088 0.991502
    outer loop
      vertex 82 25.9045 26.8065
      vertex 85 25.7574 26.8258
      vertex 85 25.9045 26.8065
    endloop
  endfacet
  facet normal 0 0.130088 0.991502
    outer loop
      vertex 85 25.7574 26.8258
      vertex 82 25.9045 26.8065
      vertex 82 25.7574 26.8258
    endloop
  endfacet
  facet normal 0 0.886885 0.46199
    outer loop
      vertex 85 24.5804 27.65
      vertex 82 24.5119 27.7815
      vertex 85 24.5119 27.7815
    endloop
  endfacet
  facet normal 0 0.886885 0.46199
    outer loop
      vertex 82 24.5119 27.7815
      vertex 85 24.5804 27.65
      vertex 82 24.5804 27.65
    endloop
  endfacet
  facet normal -0 0.300809 0.953685
    outer loop
      vertex 82 25.6126 26.8579
      vertex 85 25.4712 26.9025
      vertex 85 25.6126 26.8579
    endloop
  endfacet
  facet normal 0 0.300809 0.953685
    outer loop
      vertex 85 25.4712 26.9025
      vertex 82 25.6126 26.8579
      vertex 82 25.4712 26.9025
    endloop
  endfacet
  facet normal 0 0.99904 -0.0438175
    outer loop
      vertex 85 24.3526 28.5
      vertex 82 24.3591 28.6482
      vertex 85 24.3591 28.6482
    endloop
  endfacet
  facet normal 0 0.99904 -0.0438175
    outer loop
      vertex 82 24.3591 28.6482
      vertex 85 24.3526 28.5
      vertex 82 24.3526 28.5
    endloop
  endfacet
  facet normal 0 0.991404 -0.130838
    outer loop
      vertex 85 24.3591 28.6482
      vertex 82 24.3785 28.7952
      vertex 85 24.3785 28.7952
    endloop
  endfacet
  facet normal 0 0.991404 -0.130838
    outer loop
      vertex 82 24.3785 28.7952
      vertex 85 24.3591 28.6482
      vertex 82 24.3591 28.6482
    endloop
  endfacet
  facet normal 0 0.79315 -0.609026
    outer loop
      vertex 85 24.6601 29.4751
      vertex 82 24.7504 29.5927
      vertex 85 24.7504 29.5927
    endloop
  endfacet
  facet normal 0 0.79315 -0.609026
    outer loop
      vertex 82 24.7504 29.5927
      vertex 85 24.6601 29.4751
      vertex 82 24.6601 29.4751
    endloop
  endfacet
  facet normal 0 0.924091 -0.382173
    outer loop
      vertex 85 24.4552 29.0814
      vertex 82 24.5119 29.2185
      vertex 85 24.5119 29.2185
    endloop
  endfacet
  facet normal 0 0.924091 -0.382173
    outer loop
      vertex 82 24.5119 29.2185
      vertex 85 24.4552 29.0814
      vertex 82 24.4552 29.0814
    endloop
  endfacet
  facet normal 0 0.461713 -0.887029
    outer loop
      vertex 82 25.2026 29.9722
      vertex 85 25.3342 30.0407
      vertex 85 25.2026 29.9722
    endloop
  endfacet
  facet normal 0 0.461713 -0.887029
    outer loop
      vertex 85 25.3342 30.0407
      vertex 82 25.2026 29.9722
      vertex 82 25.3342 30.0407
    endloop
  endfacet
  facet normal 0 0.73777 -0.675053
    outer loop
      vertex 85 24.7504 29.5927
      vertex 82 24.8505 29.7021
      vertex 85 24.8505 29.7021
    endloop
  endfacet
  facet normal 0 0.73777 -0.675053
    outer loop
      vertex 82 24.8505 29.7021
      vertex 85 24.7504 29.5927
      vertex 82 24.7504 29.5927
    endloop
  endfacet
  facet normal 0 0.382987 -0.923754
    outer loop
      vertex 82 25.3342 30.0407
      vertex 85 25.4712 30.0975
      vertex 85 25.3342 30.0407
    endloop
  endfacet
  facet normal 0 0.382987 -0.923754
    outer loop
      vertex 85 25.4712 30.0975
      vertex 82 25.3342 30.0407
      vertex 82 25.4712 30.0975
    endloop
  endfacet
  facet normal 0 0.300809 -0.953685
    outer loop
      vertex 82 25.4712 30.0975
      vertex 85 25.6126 30.1421
      vertex 85 25.4712 30.0975
    endloop
  endfacet
  facet normal 0 0.300809 -0.953685
    outer loop
      vertex 85 25.6126 30.1421
      vertex 82 25.4712 30.0975
      vertex 82 25.6126 30.1421
    endloop
  endfacet
  facet normal 0 0.216431 -0.976298
    outer loop
      vertex 82 25.6126 30.1421
      vertex 85 25.7574 30.1742
      vertex 85 25.6126 30.1421
    endloop
  endfacet
  facet normal 0 0.216431 -0.976298
    outer loop
      vertex 85 25.7574 30.1742
      vertex 82 25.6126 30.1421
      vertex 82 25.7574 30.1742
    endloop
  endfacet
  facet normal 0 0.976298 0.216431
    outer loop
      vertex 85 24.4106 28.06
      vertex 82 24.3785 28.2048
      vertex 85 24.3785 28.2048
    endloop
  endfacet
  facet normal 0 0.976298 0.216431
    outer loop
      vertex 82 24.3785 28.2048
      vertex 85 24.4106 28.06
      vertex 82 24.4106 28.06
    endloop
  endfacet
  facet normal -0 0.461713 0.887029
    outer loop
      vertex 82 25.3342 26.9593
      vertex 85 25.2026 27.0278
      vertex 85 25.3342 26.9593
    endloop
  endfacet
  facet normal 0 0.461713 0.887029
    outer loop
      vertex 85 25.2026 27.0278
      vertex 82 25.3342 26.9593
      vertex 82 25.2026 27.0278
    endloop
  endfacet
  facet normal 0 0.73777 0.675053
    outer loop
      vertex 85 24.8505 27.2979
      vertex 82 24.7504 27.4073
      vertex 85 24.7504 27.4073
    endloop
  endfacet
  facet normal 0 0.73777 0.675053
    outer loop
      vertex 82 24.7504 27.4073
      vertex 85 24.8505 27.2979
      vertex 82 24.8505 27.2979
    endloop
  endfacet
  facet normal 0 0.79315 0.609026
    outer loop
      vertex 85 24.7504 27.4073
      vertex 82 24.6601 27.5249
      vertex 85 24.6601 27.5249
    endloop
  endfacet
  facet normal 0 0.79315 0.609026
    outer loop
      vertex 82 24.6601 27.5249
      vertex 85 24.7504 27.4073
      vertex 82 24.7504 27.4073
    endloop
  endfacet
  facet normal 0 0.976298 -0.216431
    outer loop
      vertex 85 24.3785 28.7952
      vertex 82 24.4106 28.94
      vertex 85 24.4106 28.94
    endloop
  endfacet
  facet normal 0 0.976298 -0.216431
    outer loop
      vertex 82 24.4106 28.94
      vertex 85 24.3785 28.7952
      vertex 82 24.3785 28.7952
    endloop
  endfacet
  facet normal 0 0.886885 -0.46199
    outer loop
      vertex 85 24.5119 29.2185
      vertex 82 24.5804 29.35
      vertex 85 24.5804 29.35
    endloop
  endfacet
  facet normal 0 0.886885 -0.46199
    outer loop
      vertex 82 24.5804 29.35
      vertex 85 24.5119 29.2185
      vertex 82 24.5119 29.2185
    endloop
  endfacet
  facet normal 0 0.953685 -0.300809
    outer loop
      vertex 85 24.4106 28.94
      vertex 82 24.4552 29.0814
      vertex 85 24.4552 29.0814
    endloop
  endfacet
  facet normal 0 0.953685 -0.300809
    outer loop
      vertex 82 24.4552 29.0814
      vertex 85 24.4106 28.94
      vertex 82 24.4106 28.94
    endloop
  endfacet
  facet normal 0 0.130088 -0.991502
    outer loop
      vertex 82 25.7574 30.1742
      vertex 85 25.9045 30.1935
      vertex 85 25.7574 30.1742
    endloop
  endfacet
  facet normal 0 0.130088 -0.991502
    outer loop
      vertex 85 25.9045 30.1935
      vertex 82 25.7574 30.1742
      vertex 82 25.9045 30.1935
    endloop
  endfacet
  facet normal 0 0.0438471 -0.999038
    outer loop
      vertex 82 25.9045 30.1935
      vertex 85 26.0526 30.2
      vertex 85 25.9045 30.1935
    endloop
  endfacet
  facet normal 0 0.0438471 -0.999038
    outer loop
      vertex 85 26.0526 30.2
      vertex 82 25.9045 30.1935
      vertex 82 26.0526 30.2
    endloop
  endfacet
  facet normal 0 0.843384 0.537312
    outer loop
      vertex 85 24.6601 27.5249
      vertex 82 24.5804 27.65
      vertex 85 24.5804 27.65
    endloop
  endfacet
  facet normal 0 0.843384 0.537312
    outer loop
      vertex 82 24.5804 27.65
      vertex 85 24.6601 27.5249
      vertex 82 24.6601 27.5249
    endloop
  endfacet
  facet normal 0 0.843384 -0.537312
    outer loop
      vertex 85 24.5804 29.35
      vertex 82 24.6601 29.4751
      vertex 85 24.6601 29.4751
    endloop
  endfacet
  facet normal 0 0.843384 -0.537312
    outer loop
      vertex 82 24.6601 29.4751
      vertex 85 24.5804 29.35
      vertex 82 24.5804 29.35
    endloop
  endfacet
  facet normal 0 0.675419 -0.737434
    outer loop
      vertex 82 24.8505 29.7021
      vertex 85 24.9599 29.8023
      vertex 85 24.8505 29.7021
    endloop
  endfacet
  facet normal 0 0.675419 -0.737434
    outer loop
      vertex 85 24.9599 29.8023
      vertex 82 24.8505 29.7021
      vertex 82 24.9599 29.8023
    endloop
  endfacet
  facet normal 0 0.6087 -0.7934
    outer loop
      vertex 82 24.9599 29.8023
      vertex 85 25.0776 29.8926
      vertex 85 24.9599 29.8023
    endloop
  endfacet
  facet normal 0 0.6087 -0.7934
    outer loop
      vertex 85 25.0776 29.8926
      vertex 82 24.9599 29.8023
      vertex 82 25.0776 29.8926
    endloop
  endfacet
  facet normal 0 1 -0
    outer loop
      vertex 6.25 14.75 0
      vertex -6.25 14.75 5
      vertex 6.25 14.75 5
    endloop
  endfacet
  facet normal 0 1 0
    outer loop
      vertex -6.25 14.75 5
      vertex 6.25 14.75 0
      vertex -6.25 14.75 0
    endloop
  endfacet
  facet normal -0.0435583 0.999051 0
    outer loop
      vertex 6.51147 14.7614 0
      vertex 6.25 14.75 5
      vertex 6.51147 14.7614 5
    endloop
  endfacet
  facet normal -0.0435583 0.999051 0
    outer loop
      vertex 6.25 14.75 5
      vertex 6.51147 14.7614 0
      vertex 6.25 14.75 0
    endloop
  endfacet
  facet normal -0.130672 0.991426 0
    outer loop
      vertex 6.77095 14.7956 0
      vertex 6.51147 14.7614 5
      vertex 6.77095 14.7956 5
    endloop
  endfacet
  facet normal -0.130672 0.991426 0
    outer loop
      vertex 6.51147 14.7614 5
      vertex 6.77095 14.7956 0
      vertex 6.51147 14.7614 0
    endloop
  endfacet
  facet normal 0.0435583 -0.999051 0
    outer loop
      vertex -6.51147 33.2386 0
      vertex -6.25 33.25 5
      vertex -6.51147 33.2386 5
    endloop
  endfacet
  facet normal 0.0435583 -0.999051 0
    outer loop
      vertex -6.25 33.25 5
      vertex -6.51147 33.2386 0
      vertex -6.25 33.25 0
    endloop
  endfacet
  facet normal 0.675559 -0.737306 0
    outer loop
      vertex -8.37132 32.3713 0
      vertex -8.17836 32.5481 5
      vertex -8.37132 32.3713 5
    endloop
  endfacet
  facet normal 0.675559 -0.737306 0
    outer loop
      vertex -8.17836 32.5481 5
      vertex -8.37132 32.3713 0
      vertex -8.17836 32.5481 0
    endloop
  endfacet
  facet normal 0.843359 0.53735 0
    outer loop
      vertex -8.70746 16.0293 5
      vertex -8.84808 16.25 0
      vertex -8.84808 16.25 5
    endloop
  endfacet
  facet normal 0.843359 0.53735 0
    outer loop
      vertex -8.84808 16.25 0
      vertex -8.70746 16.0293 5
      vertex -8.70746 16.0293 0
    endloop
  endfacet
  facet normal 0.0435583 0.999051 -0
    outer loop
      vertex -6.25 14.75 0
      vertex -6.51147 14.7614 5
      vertex -6.25 14.75 5
    endloop
  endfacet
  facet normal 0.0435583 0.999051 0
    outer loop
      vertex -6.51147 14.7614 5
      vertex -6.25 14.75 0
      vertex -6.51147 14.7614 0
    endloop
  endfacet
  facet normal 0.991442 0.130549 0
    outer loop
      vertex -9.20442 17.229 5
      vertex -9.23859 17.4885 0
      vertex -9.23859 17.4885 5
    endloop
  endfacet
  facet normal 0.991442 0.130549 0
    outer loop
      vertex -9.23859 17.4885 0
      vertex -9.20442 17.229 5
      vertex -9.20442 17.229 0
    endloop
  endfacet
  facet normal 0.461599 0.887089 -0
    outer loop
      vertex -7.51785 15.0311 0
      vertex -7.75 15.1519 5
      vertex -7.51785 15.0311 5
    endloop
  endfacet
  facet normal 0.461599 0.887089 0
    outer loop
      vertex -7.75 15.1519 5
      vertex -7.51785 15.0311 0
      vertex -7.75 15.1519 0
    endloop
  endfacet
  facet normal 0 -1 0
    outer loop
      vertex -6.25 33.25 0
      vertex 6.25 33.25 5
      vertex -6.25 33.25 5
    endloop
  endfacet
  facet normal 0 -1 -0
    outer loop
      vertex 6.25 33.25 5
      vertex -6.25 33.25 0
      vertex 6.25 33.25 0
    endloop
  endfacet
  facet normal -0.999049 0.0435914 0
    outer loop
      vertex 9.23859 17.4885 0
      vertex 9.25 17.75 5
      vertex 9.25 17.75 0
    endloop
  endfacet
  facet normal -0.999049 0.0435914 0
    outer loop
      vertex 9.25 17.75 5
      vertex 9.23859 17.4885 0
      vertex 9.23859 17.4885 5
    endloop
  endfacet
  facet normal -0.843359 -0.53735 0
    outer loop
      vertex 8.84808 31.75 0
      vertex 8.70746 31.9707 5
      vertex 8.70746 31.9707 0
    endloop
  endfacet
  facet normal -0.843359 -0.53735 0
    outer loop
      vertex 8.70746 31.9707 5
      vertex 8.84808 31.75 0
      vertex 8.84808 31.75 5
    endloop
  endfacet
  facet normal -0.0435583 -0.999051 0
    outer loop
      vertex 6.25 33.25 0
      vertex 6.51147 33.2386 5
      vertex 6.25 33.25 5
    endloop
  endfacet
  facet normal -0.0435583 -0.999051 -0
    outer loop
      vertex 6.51147 33.2386 5
      vertex 6.25 33.25 0
      vertex 6.51147 33.2386 0
    endloop
  endfacet
  facet normal 0.953715 -0.300711 0
    outer loop
      vertex -9.14778 31.0265 5
      vertex -9.06908 31.2761 0
      vertex -9.06908 31.2761 5
    endloop
  endfacet
  facet normal 0.953715 -0.300711 0
    outer loop
      vertex -9.06908 31.2761 0
      vertex -9.14778 31.0265 5
      vertex -9.14778 31.0265 0
    endloop
  endfacet
  facet normal 0.999049 0.0435914 0
    outer loop
      vertex -9.23859 17.4885 5
      vertex -9.25 17.75 0
      vertex -9.25 17.75 5
    endloop
  endfacet
  facet normal 0.999049 0.0435914 0
    outer loop
      vertex -9.25 17.75 0
      vertex -9.23859 17.4885 5
      vertex -9.23859 17.4885 0
    endloop
  endfacet
  facet normal 0.999049 -0.0435914 0
    outer loop
      vertex -9.25 30.25 5
      vertex -9.23859 30.5115 0
      vertex -9.23859 30.5115 5
    endloop
  endfacet
  facet normal 0.999049 -0.0435914 0
    outer loop
      vertex -9.23859 30.5115 0
      vertex -9.25 30.25 5
      vertex -9.25 30.25 0
    endloop
  endfacet
  facet normal 0.216275 0.976332 -0
    outer loop
      vertex -6.77095 14.7956 0
      vertex -7.02646 14.8522 5
      vertex -6.77095 14.7956 5
    endloop
  endfacet
  facet normal 0.216275 0.976332 0
    outer loop
      vertex -7.02646 14.8522 5
      vertex -6.77095 14.7956 0
      vertex -7.02646 14.8522 0
    endloop
  endfacet
  facet normal -0.737183 0.675693 0
    outer loop
      vertex 8.37132 15.6287 0
      vertex 8.54813 15.8216 5
      vertex 8.54813 15.8216 0
    endloop
  endfacet
  facet normal -0.737183 0.675693 0
    outer loop
      vertex 8.54813 15.8216 5
      vertex 8.37132 15.6287 0
      vertex 8.37132 15.6287 5
    endloop
  endfacet
  facet normal -0.923875 0.382694 0
    outer loop
      vertex 8.96892 16.4821 0
      vertex 9.06908 16.7239 5
      vertex 9.06908 16.7239 0
    endloop
  endfacet
  facet normal -0.923875 0.382694 0
    outer loop
      vertex 9.06908 16.7239 5
      vertex 8.96892 16.4821 0
      vertex 8.96892 16.4821 5
    endloop
  endfacet
  facet normal -0.537244 -0.843427 0
    outer loop
      vertex 7.75 32.8481 0
      vertex 7.97073 32.7075 5
      vertex 7.75 32.8481 5
    endloop
  endfacet
  facet normal -0.537244 -0.843427 -0
    outer loop
      vertex 7.97073 32.7075 5
      vertex 7.75 32.8481 0
      vertex 7.97073 32.7075 0
    endloop
  endfacet
  facet normal 0.461599 -0.887089 0
    outer loop
      vertex -7.75 32.8481 0
      vertex -7.51785 32.9689 5
      vertex -7.75 32.8481 5
    endloop
  endfacet
  facet normal 0.461599 -0.887089 0
    outer loop
      vertex -7.51785 32.9689 5
      vertex -7.75 32.8481 0
      vertex -7.51785 32.9689 0
    endloop
  endfacet
  facet normal 0.300711 -0.953715 0
    outer loop
      vertex -7.27606 33.0691 0
      vertex -7.02646 33.1478 5
      vertex -7.27606 33.0691 5
    endloop
  endfacet
  facet normal 0.300711 -0.953715 0
    outer loop
      vertex -7.02646 33.1478 5
      vertex -7.27606 33.0691 0
      vertex -7.02646 33.1478 0
    endloop
  endfacet
  facet normal 0.991442 -0.130549 0
    outer loop
      vertex -9.23859 30.5115 5
      vertex -9.20442 30.771 0
      vertex -9.20442 30.771 5
    endloop
  endfacet
  facet normal 0.991442 -0.130549 0
    outer loop
      vertex -9.20442 30.771 0
      vertex -9.23859 30.5115 5
      vertex -9.23859 30.5115 0
    endloop
  endfacet
  facet normal 0.923875 -0.382694 0
    outer loop
      vertex -9.06908 31.2761 5
      vertex -8.96892 31.5179 0
      vertex -8.96892 31.5179 5
    endloop
  endfacet
  facet normal 0.923875 -0.382694 0
    outer loop
      vertex -8.96892 31.5179 0
      vertex -9.06908 31.2761 5
      vertex -9.06908 31.2761 0
    endloop
  endfacet
  facet normal 0.976298 -0.216429 0
    outer loop
      vertex -9.20442 30.771 5
      vertex -9.14778 31.0265 0
      vertex -9.14778 31.0265 5
    endloop
  endfacet
  facet normal 0.976298 -0.216429 0
    outer loop
      vertex -9.14778 31.0265 0
      vertex -9.20442 30.771 5
      vertex -9.20442 30.771 0
    endloop
  endfacet
  facet normal 1 -0 0
    outer loop
      vertex -9.25 17.75 5
      vertex -9.25 30.25 0
      vertex -9.25 30.25 5
    endloop
  endfacet
  facet normal 1 0 0
    outer loop
      vertex -9.25 30.25 0
      vertex -9.25 17.75 5
      vertex -9.25 17.75 0
    endloop
  endfacet
  facet normal 0.130672 0.991426 -0
    outer loop
      vertex -6.51147 14.7614 0
      vertex -6.77095 14.7956 5
      vertex -6.51147 14.7614 5
    endloop
  endfacet
  facet normal 0.130672 0.991426 0
    outer loop
      vertex -6.77095 14.7956 5
      vertex -6.51147 14.7614 0
      vertex -6.77095 14.7956 0
    endloop
  endfacet
  facet normal 0.300711 0.953715 -0
    outer loop
      vertex -7.02646 14.8522 0
      vertex -7.27606 14.9309 5
      vertex -7.02646 14.8522 5
    endloop
  endfacet
  facet normal 0.300711 0.953715 0
    outer loop
      vertex -7.27606 14.9309 5
      vertex -7.02646 14.8522 0
      vertex -7.27606 14.9309 0
    endloop
  endfacet
  facet normal 0.793434 0.608656 0
    outer loop
      vertex -8.54813 15.8216 5
      vertex -8.70746 16.0293 0
      vertex -8.70746 16.0293 5
    endloop
  endfacet
  facet normal 0.793434 0.608656 0
    outer loop
      vertex -8.70746 16.0293 0
      vertex -8.54813 15.8216 5
      vertex -8.54813 15.8216 0
    endloop
  endfacet
  facet normal 0.675559 0.737306 -0
    outer loop
      vertex -8.17836 15.4519 0
      vertex -8.37132 15.6287 5
      vertex -8.17836 15.4519 5
    endloop
  endfacet
  facet normal 0.675559 0.737306 0
    outer loop
      vertex -8.37132 15.6287 5
      vertex -8.17836 15.4519 0
      vertex -8.37132 15.6287 0
    endloop
  endfacet
  facet normal 0.537244 0.843427 -0
    outer loop
      vertex -7.75 15.1519 0
      vertex -7.97073 15.2925 5
      vertex -7.75 15.1519 5
    endloop
  endfacet
  facet normal 0.537244 0.843427 0
    outer loop
      vertex -7.97073 15.2925 5
      vertex -7.75 15.1519 0
      vertex -7.97073 15.2925 0
    endloop
  endfacet
  facet normal -1 0 0
    outer loop
      vertex 9.25 17.75 0
      vertex 9.25 30.25 5
      vertex 9.25 30.25 0
    endloop
  endfacet
  facet normal -1 -0 0
    outer loop
      vertex 9.25 30.25 5
      vertex 9.25 17.75 0
      vertex 9.25 17.75 5
    endloop
  endfacet
  facet normal -0.976298 0.216429 0
    outer loop
      vertex 9.14778 16.9735 0
      vertex 9.20442 17.229 5
      vertex 9.20442 17.229 0
    endloop
  endfacet
  facet normal -0.976298 0.216429 0
    outer loop
      vertex 9.20442 17.229 5
      vertex 9.14778 16.9735 0
      vertex 9.14778 16.9735 5
    endloop
  endfacet
  facet normal -0.216275 0.976332 0
    outer loop
      vertex 7.02646 14.8522 0
      vertex 6.77095 14.7956 5
      vertex 7.02646 14.8522 5
    endloop
  endfacet
  facet normal -0.216275 0.976332 0
    outer loop
      vertex 6.77095 14.7956 5
      vertex 7.02646 14.8522 0
      vertex 6.77095 14.7956 0
    endloop
  endfacet
  facet normal -0.130672 -0.991426 0
    outer loop
      vertex 6.51147 33.2386 0
      vertex 6.77095 33.2044 5
      vertex 6.51147 33.2386 5
    endloop
  endfacet
  facet normal -0.130672 -0.991426 -0
    outer loop
      vertex 6.77095 33.2044 5
      vertex 6.51147 33.2386 0
      vertex 6.77095 33.2044 0
    endloop
  endfacet
  facet normal -0.382838 -0.923816 0
    outer loop
      vertex 7.27606 33.0691 0
      vertex 7.51785 32.9689 5
      vertex 7.27606 33.0691 5
    endloop
  endfacet
  facet normal -0.382838 -0.923816 -0
    outer loop
      vertex 7.51785 32.9689 5
      vertex 7.27606 33.0691 0
      vertex 7.51785 32.9689 0
    endloop
  endfacet
  facet normal -0.300711 -0.953715 0
    outer loop
      vertex 7.02646 33.1478 0
      vertex 7.27606 33.0691 5
      vertex 7.02646 33.1478 5
    endloop
  endfacet
  facet normal -0.300711 -0.953715 -0
    outer loop
      vertex 7.27606 33.0691 5
      vertex 7.02646 33.1478 0
      vertex 7.27606 33.0691 0
    endloop
  endfacet
  facet normal -0.737183 -0.675693 0
    outer loop
      vertex 8.54813 32.1784 0
      vertex 8.37132 32.3713 5
      vertex 8.37132 32.3713 0
    endloop
  endfacet
  facet normal -0.737183 -0.675693 0
    outer loop
      vertex 8.37132 32.3713 5
      vertex 8.54813 32.1784 0
      vertex 8.54813 32.1784 5
    endloop
  endfacet
  facet normal -0.793434 -0.608656 0
    outer loop
      vertex 8.70746 31.9707 0
      vertex 8.54813 32.1784 5
      vertex 8.54813 32.1784 0
    endloop
  endfacet
  facet normal -0.793434 -0.608656 0
    outer loop
      vertex 8.54813 32.1784 5
      vertex 8.70746 31.9707 0
      vertex 8.70746 31.9707 5
    endloop
  endfacet
  facet normal 0.382838 -0.923816 0
    outer loop
      vertex -7.51785 32.9689 0
      vertex -7.27606 33.0691 5
      vertex -7.51785 32.9689 5
    endloop
  endfacet
  facet normal 0.382838 -0.923816 0
    outer loop
      vertex -7.27606 33.0691 5
      vertex -7.51785 32.9689 0
      vertex -7.27606 33.0691 0
    endloop
  endfacet
  facet normal 0.886985 -0.461798 0
    outer loop
      vertex -8.96892 31.5179 5
      vertex -8.84808 31.75 0
      vertex -8.84808 31.75 5
    endloop
  endfacet
  facet normal 0.886985 -0.461798 0
    outer loop
      vertex -8.84808 31.75 0
      vertex -8.96892 31.5179 5
      vertex -8.96892 31.5179 0
    endloop
  endfacet
  facet normal 0.886985 0.461798 0
    outer loop
      vertex -8.84808 16.25 5
      vertex -8.96892 16.4821 0
      vertex -8.96892 16.4821 5
    endloop
  endfacet
  facet normal 0.886985 0.461798 0
    outer loop
      vertex -8.96892 16.4821 0
      vertex -8.84808 16.25 5
      vertex -8.84808 16.25 0
    endloop
  endfacet
  facet normal 0.953715 0.300711 0
    outer loop
      vertex -9.06908 16.7239 5
      vertex -9.14778 16.9735 0
      vertex -9.14778 16.9735 5
    endloop
  endfacet
  facet normal 0.953715 0.300711 0
    outer loop
      vertex -9.14778 16.9735 0
      vertex -9.06908 16.7239 5
      vertex -9.06908 16.7239 0
    endloop
  endfacet
  facet normal 0.923875 0.382694 0
    outer loop
      vertex -8.96892 16.4821 5
      vertex -9.06908 16.7239 0
      vertex -9.06908 16.7239 5
    endloop
  endfacet
  facet normal 0.923875 0.382694 0
    outer loop
      vertex -9.06908 16.7239 0
      vertex -8.96892 16.4821 5
      vertex -8.96892 16.4821 0
    endloop
  endfacet
  facet normal 0.382838 0.923816 -0
    outer loop
      vertex -7.27606 14.9309 0
      vertex -7.51785 15.0311 5
      vertex -7.27606 14.9309 5
    endloop
  endfacet
  facet normal 0.382838 0.923816 0
    outer loop
      vertex -7.51785 15.0311 5
      vertex -7.27606 14.9309 0
      vertex -7.51785 15.0311 0
    endloop
  endfacet
  facet normal 0.737183 0.675693 0
    outer loop
      vertex -8.37132 15.6287 5
      vertex -8.54813 15.8216 0
      vertex -8.54813 15.8216 5
    endloop
  endfacet
  facet normal 0.737183 0.675693 0
    outer loop
      vertex -8.54813 15.8216 0
      vertex -8.37132 15.6287 5
      vertex -8.37132 15.6287 0
    endloop
  endfacet
  facet normal 0.608954 0.793206 -0
    outer loop
      vertex -7.97073 15.2925 0
      vertex -8.17836 15.4519 5
      vertex -7.97073 15.2925 5
    endloop
  endfacet
  facet normal 0.608954 0.793206 0
    outer loop
      vertex -8.17836 15.4519 5
      vertex -7.97073 15.2925 0
      vertex -8.17836 15.4519 0
    endloop
  endfacet
  facet normal -0.923875 -0.382694 0
    outer loop
      vertex 9.06908 31.2761 0
      vertex 8.96892 31.5179 5
      vertex 8.96892 31.5179 0
    endloop
  endfacet
  facet normal -0.923875 -0.382694 0
    outer loop
      vertex 8.96892 31.5179 5
      vertex 9.06908 31.2761 0
      vertex 9.06908 31.2761 5
    endloop
  endfacet
  facet normal -0.999049 -0.0435914 0
    outer loop
      vertex 9.25 30.25 0
      vertex 9.23859 30.5115 5
      vertex 9.23859 30.5115 0
    endloop
  endfacet
  facet normal -0.999049 -0.0435914 0
    outer loop
      vertex 9.23859 30.5115 5
      vertex 9.25 30.25 0
      vertex 9.25 30.25 5
    endloop
  endfacet
  facet normal -0.843359 0.53735 0
    outer loop
      vertex 8.70746 16.0293 0
      vertex 8.84808 16.25 5
      vertex 8.84808 16.25 0
    endloop
  endfacet
  facet normal -0.843359 0.53735 0
    outer loop
      vertex 8.84808 16.25 5
      vertex 8.70746 16.0293 0
      vertex 8.70746 16.0293 5
    endloop
  endfacet
  facet normal -0.991442 0.130549 0
    outer loop
      vertex 9.20442 17.229 0
      vertex 9.23859 17.4885 5
      vertex 9.23859 17.4885 0
    endloop
  endfacet
  facet normal -0.991442 0.130549 0
    outer loop
      vertex 9.23859 17.4885 5
      vertex 9.20442 17.229 0
      vertex 9.20442 17.229 5
    endloop
  endfacet
  facet normal -0.382838 0.923816 0
    outer loop
      vertex 7.51785 15.0311 0
      vertex 7.27606 14.9309 5
      vertex 7.51785 15.0311 5
    endloop
  endfacet
  facet normal -0.382838 0.923816 0
    outer loop
      vertex 7.27606 14.9309 5
      vertex 7.51785 15.0311 0
      vertex 7.27606 14.9309 0
    endloop
  endfacet
  facet normal -0.216275 -0.976332 0
    outer loop
      vertex 6.77095 33.2044 0
      vertex 7.02646 33.1478 5
      vertex 6.77095 33.2044 5
    endloop
  endfacet
  facet normal -0.216275 -0.976332 -0
    outer loop
      vertex 7.02646 33.1478 5
      vertex 6.77095 33.2044 0
      vertex 7.02646 33.1478 0
    endloop
  endfacet
  facet normal -0.461599 -0.887089 0
    outer loop
      vertex 7.51785 32.9689 0
      vertex 7.75 32.8481 5
      vertex 7.51785 32.9689 5
    endloop
  endfacet
  facet normal -0.461599 -0.887089 -0
    outer loop
      vertex 7.75 32.8481 5
      vertex 7.51785 32.9689 0
      vertex 7.75 32.8481 0
    endloop
  endfacet
  facet normal -0.608954 -0.793206 0
    outer loop
      vertex 7.97073 32.7075 0
      vertex 8.17836 32.5481 5
      vertex 7.97073 32.7075 5
    endloop
  endfacet
  facet normal -0.608954 -0.793206 -0
    outer loop
      vertex 8.17836 32.5481 5
      vertex 7.97073 32.7075 0
      vertex 8.17836 32.5481 0
    endloop
  endfacet
  facet normal -0.675559 -0.737306 0
    outer loop
      vertex 8.17836 32.5481 0
      vertex 8.37132 32.3713 5
      vertex 8.17836 32.5481 5
    endloop
  endfacet
  facet normal -0.675559 -0.737306 -0
    outer loop
      vertex 8.37132 32.3713 5
      vertex 8.17836 32.5481 0
      vertex 8.37132 32.3713 0
    endloop
  endfacet
  facet normal 0.608954 -0.793206 0
    outer loop
      vertex -8.17836 32.5481 0
      vertex -7.97073 32.7075 5
      vertex -8.17836 32.5481 5
    endloop
  endfacet
  facet normal 0.608954 -0.793206 0
    outer loop
      vertex -7.97073 32.7075 5
      vertex -8.17836 32.5481 0
      vertex -7.97073 32.7075 0
    endloop
  endfacet
  facet normal 0.537244 -0.843427 0
    outer loop
      vertex -7.97073 32.7075 0
      vertex -7.75 32.8481 5
      vertex -7.97073 32.7075 5
    endloop
  endfacet
  facet normal 0.537244 -0.843427 0
    outer loop
      vertex -7.75 32.8481 5
      vertex -7.97073 32.7075 0
      vertex -7.75 32.8481 0
    endloop
  endfacet
  facet normal 0.737183 -0.675693 0
    outer loop
      vertex -8.54813 32.1784 5
      vertex -8.37132 32.3713 0
      vertex -8.37132 32.3713 5
    endloop
  endfacet
  facet normal 0.737183 -0.675693 0
    outer loop
      vertex -8.37132 32.3713 0
      vertex -8.54813 32.1784 5
      vertex -8.54813 32.1784 0
    endloop
  endfacet
  facet normal 0.976298 0.216429 0
    outer loop
      vertex -9.14778 16.9735 5
      vertex -9.20442 17.229 0
      vertex -9.20442 17.229 5
    endloop
  endfacet
  facet normal 0.976298 0.216429 0
    outer loop
      vertex -9.20442 17.229 0
      vertex -9.14778 16.9735 5
      vertex -9.14778 16.9735 0
    endloop
  endfacet
  facet normal -0.886985 -0.461798 0
    outer loop
      vertex 8.96892 31.5179 0
      vertex 8.84808 31.75 5
      vertex 8.84808 31.75 0
    endloop
  endfacet
  facet normal -0.886985 -0.461798 0
    outer loop
      vertex 8.84808 31.75 5
      vertex 8.96892 31.5179 0
      vertex 8.96892 31.5179 5
    endloop
  endfacet
  facet normal -0.953715 -0.300711 0
    outer loop
      vertex 9.14778 31.0265 0
      vertex 9.06908 31.2761 5
      vertex 9.06908 31.2761 0
    endloop
  endfacet
  facet normal -0.953715 -0.300711 0
    outer loop
      vertex 9.06908 31.2761 5
      vertex 9.14778 31.0265 0
      vertex 9.14778 31.0265 5
    endloop
  endfacet
  facet normal -0.976298 -0.216429 0
    outer loop
      vertex 9.20442 30.771 0
      vertex 9.14778 31.0265 5
      vertex 9.14778 31.0265 0
    endloop
  endfacet
  facet normal -0.976298 -0.216429 0
    outer loop
      vertex 9.14778 31.0265 5
      vertex 9.20442 30.771 0
      vertex 9.20442 30.771 5
    endloop
  endfacet
  facet normal -0.991442 -0.130549 0
    outer loop
      vertex 9.23859 30.5115 0
      vertex 9.20442 30.771 5
      vertex 9.20442 30.771 0
    endloop
  endfacet
  facet normal -0.991442 -0.130549 0
    outer loop
      vertex 9.20442 30.771 5
      vertex 9.23859 30.5115 0
      vertex 9.23859 30.5115 5
    endloop
  endfacet
  facet normal -0.793434 0.608656 0
    outer loop
      vertex 8.54813 15.8216 0
      vertex 8.70746 16.0293 5
      vertex 8.70746 16.0293 0
    endloop
  endfacet
  facet normal -0.793434 0.608656 0
    outer loop
      vertex 8.70746 16.0293 5
      vertex 8.54813 15.8216 0
      vertex 8.54813 15.8216 5
    endloop
  endfacet
  facet normal -0.886985 0.461798 0
    outer loop
      vertex 8.84808 16.25 0
      vertex 8.96892 16.4821 5
      vertex 8.96892 16.4821 0
    endloop
  endfacet
  facet normal -0.886985 0.461798 0
    outer loop
      vertex 8.96892 16.4821 5
      vertex 8.84808 16.25 0
      vertex 8.84808 16.25 5
    endloop
  endfacet
  facet normal -0.953715 0.300711 0
    outer loop
      vertex 9.06908 16.7239 0
      vertex 9.14778 16.9735 5
      vertex 9.14778 16.9735 0
    endloop
  endfacet
  facet normal -0.953715 0.300711 0
    outer loop
      vertex 9.14778 16.9735 5
      vertex 9.06908 16.7239 0
      vertex 9.06908 16.7239 5
    endloop
  endfacet
  facet normal -0.608954 0.793206 0
    outer loop
      vertex 8.17836 15.4519 0
      vertex 7.97073 15.2925 5
      vertex 8.17836 15.4519 5
    endloop
  endfacet
  facet normal -0.608954 0.793206 0
    outer loop
      vertex 7.97073 15.2925 5
      vertex 8.17836 15.4519 0
      vertex 7.97073 15.2925 0
    endloop
  endfacet
  facet normal -0.461599 0.887089 0
    outer loop
      vertex 7.75 15.1519 0
      vertex 7.51785 15.0311 5
      vertex 7.75 15.1519 5
    endloop
  endfacet
  facet normal -0.461599 0.887089 0
    outer loop
      vertex 7.51785 15.0311 5
      vertex 7.75 15.1519 0
      vertex 7.51785 15.0311 0
    endloop
  endfacet
  facet normal -0.300711 0.953715 0
    outer loop
      vertex 7.27606 14.9309 0
      vertex 7.02646 14.8522 5
      vertex 7.27606 14.9309 5
    endloop
  endfacet
  facet normal -0.300711 0.953715 0
    outer loop
      vertex 7.02646 14.8522 5
      vertex 7.27606 14.9309 0
      vertex 7.02646 14.8522 0
    endloop
  endfacet
  facet normal 0.843359 -0.53735 0
    outer loop
      vertex -8.84808 31.75 5
      vertex -8.70746 31.9707 0
      vertex -8.70746 31.9707 5
    endloop
  endfacet
  facet normal 0.843359 -0.53735 0
    outer loop
      vertex -8.70746 31.9707 0
      vertex -8.84808 31.75 5
      vertex -8.84808 31.75 0
    endloop
  endfacet
  facet normal 0.793434 -0.608656 0
    outer loop
      vertex -8.70746 31.9707 5
      vertex -8.54813 32.1784 0
      vertex -8.54813 32.1784 5
    endloop
  endfacet
  facet normal 0.793434 -0.608656 0
    outer loop
      vertex -8.54813 32.1784 0
      vertex -8.70746 31.9707 5
      vertex -8.70746 31.9707 0
    endloop
  endfacet
  facet normal -0.537244 0.843427 0
    outer loop
      vertex 7.97073 15.2925 0
      vertex 7.75 15.1519 5
      vertex 7.97073 15.2925 5
    endloop
  endfacet
  facet normal -0.537244 0.843427 0
    outer loop
      vertex 7.75 15.1519 5
      vertex 7.97073 15.2925 0
      vertex 7.75 15.1519 0
    endloop
  endfacet
  facet normal -0.675559 0.737306 0
    outer loop
      vertex 8.37132 15.6287 0
      vertex 8.17836 15.4519 5
      vertex 8.37132 15.6287 5
    endloop
  endfacet
  facet normal -0.675559 0.737306 0
    outer loop
      vertex 8.17836 15.4519 5
      vertex 8.37132 15.6287 0
      vertex 8.17836 15.4519 0
    endloop
  endfacet
  facet normal 0.216275 -0.976332 0
    outer loop
      vertex -7.02646 33.1478 0
      vertex -6.77095 33.2044 5
      vertex -7.02646 33.1478 5
    endloop
  endfacet
  facet normal 0.216275 -0.976332 0
    outer loop
      vertex -6.77095 33.2044 5
      vertex -7.02646 33.1478 0
      vertex -6.77095 33.2044 0
    endloop
  endfacet
  facet normal 0.130672 -0.991426 0
    outer loop
      vertex -6.77095 33.2044 0
      vertex -6.51147 33.2386 5
      vertex -6.77095 33.2044 5
    endloop
  endfacet
  facet normal 0.130672 -0.991426 0
    outer loop
      vertex -6.51147 33.2386 5
      vertex -6.77095 33.2044 0
      vertex -6.51147 33.2386 0
    endloop
  endfacet
endsolid OpenSCAD_Model
