solid OpenSCAD_Model
  facet normal 1 -0 0
    outer loop
      vertex -25.2 -35 8
      vertex -25.2 -25 3
      vertex -25.2 -25 8
    endloop
  endfacet
  facet normal 1 0 0
    outer loop
      vertex -25.2 -25 3
      vertex -25.2 -35 8
      vertex -25.2 -35 3
    endloop
  endfacet
  facet normal -0 0 1
    outer loop
      vertex -27.2 -25 8
      vertex -25.2 -35 8
      vertex -25.2 -25 8
    endloop
  endfacet
  facet normal 0 0 1
    outer loop
      vertex -25.2 -35 8
      vertex -27.2 -25 8
      vertex -27.2 -35 8
    endloop
  endfacet
  facet normal 0 0 1
    outer loop
      vertex -27.2 -25 3
      vertex -21.9 -10.8 3
      vertex -27.2 25 3
    endloop
  endfacet
  facet normal 0 0 1
    outer loop
      vertex -21.9 -10.8 3
      vertex -27.2 -25 3
      vertex -25.2 -25 3
    endloop
  endfacet
  facet normal 0 0 1
    outer loop
      vertex -21.9 10.8 3
      vertex -27.2 25 3
      vertex -21.9 -10.8 3
    endloop
  endfacet
  facet normal 0 0 1
    outer loop
      vertex -25.2 -35 3
      vertex -21.9 -10.8 3
      vertex -25.2 -25 3
    endloop
  endfacet
  facet normal 0 0 1
    outer loop
      vertex -21.9 -10.8 3
      vertex -25.2 -35 3
      vertex -25.0353 -37.8637 3
    endloop
  endfacet
  facet normal 0 0 1
    outer loop
      vertex -25.2 -35 3
      vertex -25.3681 -37.7588 3
      vertex -25.0353 -37.8637 3
    endloop
  endfacet
  facet normal 0 0 1
    outer loop
      vertex -25.2 -35 3
      vertex -25.6905 -37.6252 3
      vertex -25.3681 -37.7588 3
    endloop
  endfacet
  facet normal 0 0 1
    outer loop
      vertex -25.2 -35 3
      vertex -26 -37.4641 3
      vertex -25.6905 -37.6252 3
    endloop
  endfacet
  facet normal 0 0 1
    outer loop
      vertex -25.2 -35 3
      vertex -26.2943 -37.2766 3
      vertex -26 -37.4641 3
    endloop
  endfacet
  facet normal 0 0 1
    outer loop
      vertex -25.2 -35 3
      vertex -26.5712 -37.0642 3
      vertex -26.2943 -37.2766 3
    endloop
  endfacet
  facet normal 0 0 1
    outer loop
      vertex -25.2 -35 3
      vertex -26.8284 -36.8284 3
      vertex -26.5712 -37.0642 3
    endloop
  endfacet
  facet normal 0 0 1
    outer loop
      vertex -25.2 -35 3
      vertex -27.0642 -36.5712 3
      vertex -26.8284 -36.8284 3
    endloop
  endfacet
  facet normal -0 0 1
    outer loop
      vertex -27.2 -35 3
      vertex -27.0642 -36.5712 3
      vertex -25.2 -35 3
    endloop
  endfacet
  facet normal 0 0 1
    outer loop
      vertex -27.2 -35 3
      vertex -27.2766 -36.2943 3
      vertex -27.0642 -36.5712 3
    endloop
  endfacet
  facet normal 0 0 1
    outer loop
      vertex -27.2 -25 3
      vertex -27.2766 -36.2943 3
      vertex -27.2 -35 3
    endloop
  endfacet
  facet normal 0 0 1
    outer loop
      vertex -28 34 3
      vertex -27.2766 36.2943 3
      vertex -27.4641 36 3
    endloop
  endfacet
  facet normal 0 0 1
    outer loop
      vertex -28 -34 3
      vertex -27.2 -25 3
      vertex -28 34 3
    endloop
  endfacet
  facet normal 0 0 1
    outer loop
      vertex -28 34 3
      vertex -27.4641 36 3
      vertex -27.6252 35.6905 3
    endloop
  endfacet
  facet normal 0 0 1
    outer loop
      vertex -27.2 -25 3
      vertex -28 -34 3
      vertex -27.2766 -36.2943 3
    endloop
  endfacet
  facet normal 0 0 1
    outer loop
      vertex -28 34 3
      vertex -27.6252 35.6905 3
      vertex -27.7588 35.3681 3
    endloop
  endfacet
  facet normal 0 0 1
    outer loop
      vertex -27.2766 -36.2943 3
      vertex -28 -34 3
      vertex -27.4641 -36 3
    endloop
  endfacet
  facet normal 0 0 1
    outer loop
      vertex -28 34 3
      vertex -27.7588 35.3681 3
      vertex -27.8637 35.0353 3
    endloop
  endfacet
  facet normal 0 0 1
    outer loop
      vertex -27.4641 -36 3
      vertex -28 -34 3
      vertex -27.6252 -35.6905 3
    endloop
  endfacet
  facet normal 0 0 1
    outer loop
      vertex -28 34 3
      vertex -27.8637 35.0353 3
      vertex -27.9392 34.6946 3
    endloop
  endfacet
  facet normal 0 0 1
    outer loop
      vertex -27.6252 -35.6905 3
      vertex -28 -34 3
      vertex -27.7588 -35.3681 3
    endloop
  endfacet
  facet normal 0 0 1
    outer loop
      vertex -28 34 3
      vertex -27.9392 34.6946 3
      vertex -27.9848 34.3486 3
    endloop
  endfacet
  facet normal 0 0 1
    outer loop
      vertex -27.7588 -35.3681 3
      vertex -28 -34 3
      vertex -27.8637 -35.0353 3
    endloop
  endfacet
  facet normal 0 0 1
    outer loop
      vertex -27.8637 -35.0353 3
      vertex -28 -34 3
      vertex -27.9392 -34.6946 3
    endloop
  endfacet
  facet normal 0 0 1
    outer loop
      vertex -27.9392 -34.6946 3
      vertex -28 -34 3
      vertex -27.9848 -34.3486 3
    endloop
  endfacet
  facet normal 0 0 1
    outer loop
      vertex -14 -25 3
      vertex -20.3065 -31.8518 3
      vertex -20.3 -32 3
    endloop
  endfacet
  facet normal 0 0 1
    outer loop
      vertex -16 -21 3
      vertex -20.3258 -31.7048 3
      vertex -20.3065 -31.8518 3
    endloop
  endfacet
  facet normal 0 0 1
    outer loop
      vertex -16 -21 3
      vertex -20.3579 -31.56 3
      vertex -20.3258 -31.7048 3
    endloop
  endfacet
  facet normal 0 0 1
    outer loop
      vertex -16 -21 3
      vertex -20.4025 -31.4186 3
      vertex -20.3579 -31.56 3
    endloop
  endfacet
  facet normal 0 0 1
    outer loop
      vertex -16 -21 3
      vertex -20.4593 -31.2815 3
      vertex -20.4025 -31.4186 3
    endloop
  endfacet
  facet normal 0 0 1
    outer loop
      vertex -16 -21 3
      vertex -20.5278 -31.15 3
      vertex -20.4593 -31.2815 3
    endloop
  endfacet
  facet normal 0 0 1
    outer loop
      vertex -16 -21 3
      vertex -20.6074 -31.0249 3
      vertex -20.5278 -31.15 3
    endloop
  endfacet
  facet normal 0 0 1
    outer loop
      vertex -16 -21 3
      vertex -20.6977 -30.9073 3
      vertex -20.6074 -31.0249 3
    endloop
  endfacet
  facet normal 0 0 1
    outer loop
      vertex -15.9319 -20.4824 3
      vertex -21.0106 -11.9591 3
      vertex -15.9696 -20.6527 3
    endloop
  endfacet
  facet normal 0 0 1
    outer loop
      vertex -16 -21 3
      vertex -20.7979 -30.7979 3
      vertex -20.6977 -30.9073 3
    endloop
  endfacet
  facet normal 0 0 1
    outer loop
      vertex -21.1104 -11.9276 3
      vertex -15.9696 -20.6527 3
      vertex -21.0106 -11.9591 3
    endloop
  endfacet
  facet normal 0 0 1
    outer loop
      vertex -16 -21 3
      vertex -20.9073 -30.6977 3
      vertex -20.7979 -30.7979 3
    endloop
  endfacet
  facet normal 0 0 1
    outer loop
      vertex -15.9696 -20.6527 3
      vertex -21.1104 -11.9276 3
      vertex -15.9924 -20.8257 3
    endloop
  endfacet
  facet normal 0 0 1
    outer loop
      vertex -21.2071 -11.8876 3
      vertex -15.9924 -20.8257 3
      vertex -21.1104 -11.9276 3
    endloop
  endfacet
  facet normal 0 0 1
    outer loop
      vertex -16 -21 3
      vertex -21.0249 -30.6074 3
      vertex -20.9073 -30.6977 3
    endloop
  endfacet
  facet normal 0 0 1
    outer loop
      vertex -15.9924 -20.8257 3
      vertex -21.2071 -11.8876 3
      vertex -16 -21 3
    endloop
  endfacet
  facet normal 0 0 1
    outer loop
      vertex -16 -21 3
      vertex -21.15 -30.5278 3
      vertex -21.0249 -30.6074 3
    endloop
  endfacet
  facet normal 0 0 1
    outer loop
      vertex -21.3 -11.8392 3
      vertex -16 -21 3
      vertex -21.2071 -11.8876 3
    endloop
  endfacet
  facet normal 0 0 1
    outer loop
      vertex -16 -21 3
      vertex -21.2815 -30.4593 3
      vertex -21.15 -30.5278 3
    endloop
  endfacet
  facet normal 0 0 1
    outer loop
      vertex -16 -21 3
      vertex -21.3 -11.8392 3
      vertex -22.5814 -30.4025 3
    endloop
  endfacet
  facet normal 0 0 1
    outer loop
      vertex -22.7185 -30.4593 3
      vertex -21.3 -11.8392 3
      vertex -21.3883 -11.783 3
    endloop
  endfacet
  facet normal 0 0 1
    outer loop
      vertex -16 -21 3
      vertex -21.4186 -30.4025 3
      vertex -21.2815 -30.4593 3
    endloop
  endfacet
  facet normal 0 0 1
    outer loop
      vertex -22.85 -30.5278 3
      vertex -21.3883 -11.783 3
      vertex -21.4713 -11.7192 3
    endloop
  endfacet
  facet normal 0 0 1
    outer loop
      vertex -22.9751 -30.6074 3
      vertex -21.4713 -11.7192 3
      vertex -21.5485 -11.6485 3
    endloop
  endfacet
  facet normal 0 0 1
    outer loop
      vertex -16 -21 3
      vertex -21.56 -30.3579 3
      vertex -21.4186 -30.4025 3
    endloop
  endfacet
  facet normal 0 0 1
    outer loop
      vertex -23.0927 -30.6977 3
      vertex -21.5485 -11.6485 3
      vertex -21.6192 -11.5713 3
    endloop
  endfacet
  facet normal 0 0 1
    outer loop
      vertex -23.2021 -30.7979 3
      vertex -21.6192 -11.5713 3
      vertex -21.683 -11.4883 3
    endloop
  endfacet
  facet normal 0 0 1
    outer loop
      vertex -16 -21 3
      vertex -21.7048 -30.3258 3
      vertex -21.56 -30.3579 3
    endloop
  endfacet
  facet normal 0 0 1
    outer loop
      vertex -23.3023 -30.9073 3
      vertex -21.683 -11.4883 3
      vertex -21.7392 -11.4 3
    endloop
  endfacet
  facet normal 0 0 1
    outer loop
      vertex -23.3926 -31.0249 3
      vertex -21.7392 -11.4 3
      vertex -21.7876 -11.3071 3
    endloop
  endfacet
  facet normal 0 0 1
    outer loop
      vertex -23.4722 -31.15 3
      vertex -21.7876 -11.3071 3
      vertex -21.8276 -11.2104 3
    endloop
  endfacet
  facet normal 0 0 1
    outer loop
      vertex -16 -21 3
      vertex -21.8518 -30.3065 3
      vertex -21.7048 -30.3258 3
    endloop
  endfacet
  facet normal 0 0 1
    outer loop
      vertex -23.4722 -31.15 3
      vertex -21.8276 -11.2104 3
      vertex -21.8591 -11.1106 3
    endloop
  endfacet
  facet normal 0 0 1
    outer loop
      vertex -23.5407 -31.2815 3
      vertex -21.8591 -11.1106 3
      vertex -21.8818 -11.0084 3
    endloop
  endfacet
  facet normal 0 0 1
    outer loop
      vertex -23.5975 -31.4186 3
      vertex -21.8818 -11.0084 3
      vertex -21.8954 -10.9046 3
    endloop
  endfacet
  facet normal 0 0 1
    outer loop
      vertex -23.6421 -31.56 3
      vertex -21.8954 -10.9046 3
      vertex -21.9 -10.8 3
    endloop
  endfacet
  facet normal 0 0 1
    outer loop
      vertex -16 -21 3
      vertex -22 -30.3 3
      vertex -21.8518 -30.3065 3
    endloop
  endfacet
  facet normal 0 0 1
    outer loop
      vertex -21.4713 11.7192 3
      vertex -27.2 25 3
      vertex -21.5485 11.6485 3
    endloop
  endfacet
  facet normal 0 0 1
    outer loop
      vertex -25.2 25 3
      vertex -23.2021 30.7979 3
      vertex -23.3023 30.9073 3
    endloop
  endfacet
  facet normal 0 0 1
    outer loop
      vertex -16 -21 3
      vertex -22.1482 -30.3065 3
      vertex -22 -30.3 3
    endloop
  endfacet
  facet normal 0 0 1
    outer loop
      vertex -21.5485 11.6485 3
      vertex -27.2 25 3
      vertex -21.6192 11.5713 3
    endloop
  endfacet
  facet normal 0 0 1
    outer loop
      vertex -16 -21 3
      vertex -22.2952 -30.3258 3
      vertex -22.1482 -30.3065 3
    endloop
  endfacet
  facet normal 0 0 1
    outer loop
      vertex -25.2 25 3
      vertex -23.3023 30.9073 3
      vertex -23.3926 31.0249 3
    endloop
  endfacet
  facet normal 0 0 1
    outer loop
      vertex -16 -21 3
      vertex -22.44 -30.3579 3
      vertex -22.2952 -30.3258 3
    endloop
  endfacet
  facet normal 0 0 1
    outer loop
      vertex -21.6192 11.5713 3
      vertex -27.2 25 3
      vertex -21.683 11.4883 3
    endloop
  endfacet
  facet normal 0 0 1
    outer loop
      vertex -16 -21 3
      vertex -22.5814 -30.4025 3
      vertex -22.44 -30.3579 3
    endloop
  endfacet
  facet normal 0 0 1
    outer loop
      vertex -25.2 25 3
      vertex -23.3926 31.0249 3
      vertex -23.4722 31.15 3
    endloop
  endfacet
  facet normal 0 0 1
    outer loop
      vertex -21.3 -11.8392 3
      vertex -22.7185 -30.4593 3
      vertex -22.5814 -30.4025 3
    endloop
  endfacet
  facet normal 0 0 1
    outer loop
      vertex -21.683 11.4883 3
      vertex -27.2 25 3
      vertex -21.7392 11.4 3
    endloop
  endfacet
  facet normal 0 0 1
    outer loop
      vertex -21.3883 -11.783 3
      vertex -22.85 -30.5278 3
      vertex -22.7185 -30.4593 3
    endloop
  endfacet
  facet normal 0 0 1
    outer loop
      vertex -21.7392 11.4 3
      vertex -27.2 25 3
      vertex -21.7876 11.3071 3
    endloop
  endfacet
  facet normal 0 0 1
    outer loop
      vertex -21.4713 -11.7192 3
      vertex -22.9751 -30.6074 3
      vertex -22.85 -30.5278 3
    endloop
  endfacet
  facet normal 0 0 1
    outer loop
      vertex -25.2 25 3
      vertex -23.4722 31.15 3
      vertex -23.5407 31.2815 3
    endloop
  endfacet
  facet normal 0 0 1
    outer loop
      vertex -21.5485 -11.6485 3
      vertex -23.0927 -30.6977 3
      vertex -22.9751 -30.6074 3
    endloop
  endfacet
  facet normal 0 0 1
    outer loop
      vertex -21.7876 11.3071 3
      vertex -27.2 25 3
      vertex -21.8276 11.2104 3
    endloop
  endfacet
  facet normal 0 0 1
    outer loop
      vertex -21.6192 -11.5713 3
      vertex -23.2021 -30.7979 3
      vertex -23.0927 -30.6977 3
    endloop
  endfacet
  facet normal 0 0 1
    outer loop
      vertex -25.2 25 3
      vertex -23.5407 31.2815 3
      vertex -23.5975 31.4186 3
    endloop
  endfacet
  facet normal 0 0 1
    outer loop
      vertex -21.683 -11.4883 3
      vertex -23.3023 -30.9073 3
      vertex -23.2021 -30.7979 3
    endloop
  endfacet
  facet normal 0 0 1
    outer loop
      vertex -23.6421 31.56 3
      vertex -25.2 25 3
      vertex -23.5975 31.4186 3
    endloop
  endfacet
  facet normal 0 0 1
    outer loop
      vertex -21.7392 -11.4 3
      vertex -23.3926 -31.0249 3
      vertex -23.3023 -30.9073 3
    endloop
  endfacet
  facet normal 0 0 1
    outer loop
      vertex -21.8276 11.2104 3
      vertex -27.2 25 3
      vertex -21.8591 11.1106 3
    endloop
  endfacet
  facet normal 0 0 1
    outer loop
      vertex -21.7876 -11.3071 3
      vertex -23.4722 -31.15 3
      vertex -23.3926 -31.0249 3
    endloop
  endfacet
  facet normal 0 0 1
    outer loop
      vertex -21.8591 11.1106 3
      vertex -27.2 25 3
      vertex -21.8818 11.0084 3
    endloop
  endfacet
  facet normal 0 0 1
    outer loop
      vertex -21.8591 -11.1106 3
      vertex -23.5407 -31.2815 3
      vertex -23.4722 -31.15 3
    endloop
  endfacet
  facet normal 0 0 1
    outer loop
      vertex -21.8818 11.0084 3
      vertex -27.2 25 3
      vertex -21.8954 10.9046 3
    endloop
  endfacet
  facet normal 0 0 1
    outer loop
      vertex -21.8818 -11.0084 3
      vertex -23.5975 -31.4186 3
      vertex -23.5407 -31.2815 3
    endloop
  endfacet
  facet normal 0 0 1
    outer loop
      vertex -23.6742 31.7048 3
      vertex -25.2 25 3
      vertex -23.6421 31.56 3
    endloop
  endfacet
  facet normal 0 0 1
    outer loop
      vertex -21.8954 10.9046 3
      vertex -27.2 25 3
      vertex -21.9 10.8 3
    endloop
  endfacet
  facet normal 0 0 1
    outer loop
      vertex -25.2 25 3
      vertex -23.6742 31.7048 3
      vertex -25.2 35 3
    endloop
  endfacet
  facet normal 0 0 1
    outer loop
      vertex -21.8954 -10.9046 3
      vertex -23.6421 -31.56 3
      vertex -23.5975 -31.4186 3
    endloop
  endfacet
  facet normal 0 0 1
    outer loop
      vertex -25.2 35 3
      vertex -23.6742 31.7048 3
      vertex -23.6935 31.8518 3
    endloop
  endfacet
  facet normal 0 0 1
    outer loop
      vertex -21.9 -10.8 3
      vertex -23.6742 -31.7048 3
      vertex -23.6421 -31.56 3
    endloop
  endfacet
  facet normal 0 0 1
    outer loop
      vertex -25.2 35 3
      vertex -23.6935 31.8518 3
      vertex -23.7 32 3
    endloop
  endfacet
  facet normal 0 0 1
    outer loop
      vertex -21.9 -10.8 3
      vertex -25.0353 -37.8637 3
      vertex -23.6742 -31.7048 3
    endloop
  endfacet
  facet normal -0 0 1
    outer loop
      vertex 15.9696 -1.34729 3
      vertex 18.1 -10.8 3
      vertex 15.9924 -1.17432 3
    endloop
  endfacet
  facet normal 0 0 1
    outer loop
      vertex 18.1 -10.8 3
      vertex 15.9924 -20.8257 3
      vertex 16 -21 3
    endloop
  endfacet
  facet normal -0 0 1
    outer loop
      vertex 15.9319 -1.51764 3
      vertex 18.1 -10.8 3
      vertex 15.9696 -1.34729 3
    endloop
  endfacet
  facet normal 0 0 1
    outer loop
      vertex 18.1 -10.8 3
      vertex 15.9696 -20.6527 3
      vertex 15.9924 -20.8257 3
    endloop
  endfacet
  facet normal -0 0 1
    outer loop
      vertex 15.8794 -1.68404 3
      vertex 18.1 -10.8 3
      vertex 15.9319 -1.51764 3
    endloop
  endfacet
  facet normal 0 0 1
    outer loop
      vertex 18.1 -10.8 3
      vertex 15.9319 -20.4824 3
      vertex 15.9696 -20.6527 3
    endloop
  endfacet
  facet normal -0 0 1
    outer loop
      vertex 15.8126 -1.84523 3
      vertex 18.1 -10.8 3
      vertex 15.8794 -1.68404 3
    endloop
  endfacet
  facet normal 0 0 1
    outer loop
      vertex 18.1 -10.8 3
      vertex 15.8794 -20.316 3
      vertex 15.9319 -20.4824 3
    endloop
  endfacet
  facet normal -0 0 1
    outer loop
      vertex 15.7321 -2 3
      vertex 18.1 -10.8 3
      vertex 15.8126 -1.84523 3
    endloop
  endfacet
  facet normal 0 0 1
    outer loop
      vertex 18.1 -10.8 3
      vertex 15.8126 -20.1548 3
      vertex 15.8794 -20.316 3
    endloop
  endfacet
  facet normal -0 0 1
    outer loop
      vertex 15.6383 -2.14716 3
      vertex 18.1 -10.8 3
      vertex 15.7321 -2 3
    endloop
  endfacet
  facet normal 0 0 1
    outer loop
      vertex 18.1 -10.8 3
      vertex 15.7321 -20 3
      vertex 15.8126 -20.1548 3
    endloop
  endfacet
  facet normal -0 0 1
    outer loop
      vertex 15.5321 -2.28557 3
      vertex 18.1 -10.8 3
      vertex 15.6383 -2.14716 3
    endloop
  endfacet
  facet normal 0 0 1
    outer loop
      vertex 18.1 -10.8 3
      vertex 15.6383 -19.8528 3
      vertex 15.7321 -20 3
    endloop
  endfacet
  facet normal -0 0 1
    outer loop
      vertex 15.4142 -2.41422 3
      vertex 18.1 -10.8 3
      vertex 15.5321 -2.28557 3
    endloop
  endfacet
  facet normal 0 0 1
    outer loop
      vertex 18.1 -10.8 3
      vertex 15.5321 -19.7144 3
      vertex 15.6383 -19.8528 3
    endloop
  endfacet
  facet normal -0 0 1
    outer loop
      vertex 15.2856 -2.53209 3
      vertex 18.1 -10.8 3
      vertex 15.4142 -2.41422 3
    endloop
  endfacet
  facet normal 0 0 1
    outer loop
      vertex 18.1 -10.8 3
      vertex 15.4142 -19.5858 3
      vertex 15.5321 -19.7144 3
    endloop
  endfacet
  facet normal -0 0 1
    outer loop
      vertex 15.1472 -2.63831 3
      vertex 18.1 -10.8 3
      vertex 15.2856 -2.53209 3
    endloop
  endfacet
  facet normal 0 0 1
    outer loop
      vertex 18.1 -10.8 3
      vertex 15.2856 -19.4679 3
      vertex 15.4142 -19.5858 3
    endloop
  endfacet
  facet normal -0 0 1
    outer loop
      vertex 15 -2.73206 3
      vertex 18.1 -10.8 3
      vertex 15.1472 -2.63831 3
    endloop
  endfacet
  facet normal 0 0 1
    outer loop
      vertex 18.1 -10.8 3
      vertex 15.1472 -19.3617 3
      vertex 15.2856 -19.4679 3
    endloop
  endfacet
  facet normal -0 0 1
    outer loop
      vertex 14.8452 -2.81262 3
      vertex 18.1 -10.8 3
      vertex 15 -2.73206 3
    endloop
  endfacet
  facet normal 0 0 1
    outer loop
      vertex 18.1 -10.8 3
      vertex 15 -19.2679 3
      vertex 15.1472 -19.3617 3
    endloop
  endfacet
  facet normal -0 0 1
    outer loop
      vertex 14.684 -2.87938 3
      vertex 18.1 -10.8 3
      vertex 14.8452 -2.81262 3
    endloop
  endfacet
  facet normal 0 0 1
    outer loop
      vertex 18.1 -10.8 3
      vertex 14.8452 -19.1874 3
      vertex 15 -19.2679 3
    endloop
  endfacet
  facet normal -0 0 1
    outer loop
      vertex 14.5176 -2.93185 3
      vertex 18.1 -10.8 3
      vertex 14.684 -2.87938 3
    endloop
  endfacet
  facet normal 0 0 1
    outer loop
      vertex 18.1 -10.8 3
      vertex 14.684 -19.1206 3
      vertex 14.8452 -19.1874 3
    endloop
  endfacet
  facet normal -0 0 1
    outer loop
      vertex 14.3473 -2.96962 3
      vertex 18.1 -10.8 3
      vertex 14.5176 -2.93185 3
    endloop
  endfacet
  facet normal 0 0 1
    outer loop
      vertex 18.1 -10.8 3
      vertex 14.5176 -19.0681 3
      vertex 14.684 -19.1206 3
    endloop
  endfacet
  facet normal -0 0 1
    outer loop
      vertex 14.1743 -2.99239 3
      vertex 18.1 -10.8 3
      vertex 14.3473 -2.96962 3
    endloop
  endfacet
  facet normal 0 0 1
    outer loop
      vertex 18.1 -10.8 3
      vertex 14.3473 -19.0304 3
      vertex 14.5176 -19.0681 3
    endloop
  endfacet
  facet normal -0 0 1
    outer loop
      vertex 14 -3 3
      vertex 18.1 -10.8 3
      vertex 14.1743 -2.99239 3
    endloop
  endfacet
  facet normal 0 0 1
    outer loop
      vertex 18.1 -10.8 3
      vertex 14.1743 -19.0076 3
      vertex 14.3473 -19.0304 3
    endloop
  endfacet
  facet normal 0 0 1
    outer loop
      vertex 14 -19 3
      vertex 18.1 -10.8 3
      vertex 14 -3 3
    endloop
  endfacet
  facet normal 0 0 1
    outer loop
      vertex 18.1 -10.8 3
      vertex 14 -19 3
      vertex 14.1743 -19.0076 3
    endloop
  endfacet
  facet normal -0 0 1
    outer loop
      vertex -14 -3 3
      vertex 14 -19 3
      vertex 14 -3 3
    endloop
  endfacet
  facet normal 0 0 1
    outer loop
      vertex -14 -3 3
      vertex -14 -19 3
      vertex 14 -19 3
    endloop
  endfacet
  facet normal 0 0 1
    outer loop
      vertex -18.1 -10.8 3
      vertex -14 -3 3
      vertex -14.1743 -2.99239 3
    endloop
  endfacet
  facet normal 0 0 1
    outer loop
      vertex -14 -3 3
      vertex -18.1 -10.8 3
      vertex -14 -19 3
    endloop
  endfacet
  facet normal 0 0 1
    outer loop
      vertex -18.1 -10.8 3
      vertex -14.1743 -2.99239 3
      vertex -14.3473 -2.96962 3
    endloop
  endfacet
  facet normal -0 0 1
    outer loop
      vertex -18.1046 -10.9046 3
      vertex -14 -19 3
      vertex -18.1 -10.8 3
    endloop
  endfacet
  facet normal 0 0 1
    outer loop
      vertex -18.1 -10.8 3
      vertex -14.3473 -2.96962 3
      vertex -14.5176 -2.93185 3
    endloop
  endfacet
  facet normal -0 0 1
    outer loop
      vertex -18.1182 -11.0084 3
      vertex -14 -19 3
      vertex -18.1046 -10.9046 3
    endloop
  endfacet
  facet normal 0 0 1
    outer loop
      vertex -18.1 -10.8 3
      vertex -14.5176 -2.93185 3
      vertex -14.684 -2.87938 3
    endloop
  endfacet
  facet normal -0 0 1
    outer loop
      vertex -18.1409 -11.1106 3
      vertex -14 -19 3
      vertex -18.1182 -11.0084 3
    endloop
  endfacet
  facet normal 0 0 1
    outer loop
      vertex -18.1 -10.8 3
      vertex -14.684 -2.87938 3
      vertex -14.8452 -2.81262 3
    endloop
  endfacet
  facet normal -0 0 1
    outer loop
      vertex -18.1724 -11.2104 3
      vertex -14 -19 3
      vertex -18.1409 -11.1106 3
    endloop
  endfacet
  facet normal 0 0 1
    outer loop
      vertex -18.1 -10.8 3
      vertex -14.8452 -2.81262 3
      vertex -15 -2.73206 3
    endloop
  endfacet
  facet normal -0 0 1
    outer loop
      vertex -18.2124 -11.3071 3
      vertex -14 -19 3
      vertex -18.1724 -11.2104 3
    endloop
  endfacet
  facet normal 0 0 1
    outer loop
      vertex -18.1 -10.8 3
      vertex -15 -2.73206 3
      vertex -15.1472 -2.63831 3
    endloop
  endfacet
  facet normal -0 0 1
    outer loop
      vertex -18.2608 -11.4 3
      vertex -14 -19 3
      vertex -18.2124 -11.3071 3
    endloop
  endfacet
  facet normal 0 0 1
    outer loop
      vertex -18.1 -10.8 3
      vertex -15.1472 -2.63831 3
      vertex -15.2856 -2.53209 3
    endloop
  endfacet
  facet normal -0 0 1
    outer loop
      vertex -18.317 -11.4883 3
      vertex -14 -19 3
      vertex -18.2608 -11.4 3
    endloop
  endfacet
  facet normal 0 0 1
    outer loop
      vertex -18.1 -10.8 3
      vertex -15.2856 -2.53209 3
      vertex -15.4142 -2.41422 3
    endloop
  endfacet
  facet normal 0 0 1
    outer loop
      vertex -14 -19 3
      vertex -18.317 -11.4883 3
      vertex -14.1743 -19.0076 3
    endloop
  endfacet
  facet normal 0 0 1
    outer loop
      vertex -18.1 -10.8 3
      vertex -15.4142 -2.41422 3
      vertex -15.5321 -2.28557 3
    endloop
  endfacet
  facet normal -0 0 1
    outer loop
      vertex -18.3808 -11.5713 3
      vertex -14.1743 -19.0076 3
      vertex -18.317 -11.4883 3
    endloop
  endfacet
  facet normal 0 0 1
    outer loop
      vertex -18.1 -10.8 3
      vertex -15.5321 -2.28557 3
      vertex -15.6383 -2.14716 3
    endloop
  endfacet
  facet normal 0 0 1
    outer loop
      vertex -14.1743 -19.0076 3
      vertex -18.3808 -11.5713 3
      vertex -14.3473 -19.0304 3
    endloop
  endfacet
  facet normal 0 0 1
    outer loop
      vertex -18.1 -10.8 3
      vertex -15.6383 -2.14716 3
      vertex -15.7321 -2 3
    endloop
  endfacet
  facet normal -0 0 1
    outer loop
      vertex -18.4515 -11.6485 3
      vertex -14.3473 -19.0304 3
      vertex -18.3808 -11.5713 3
    endloop
  endfacet
  facet normal 0 0 1
    outer loop
      vertex -18.1 -10.8 3
      vertex -15.7321 -2 3
      vertex -15.8126 -1.84523 3
    endloop
  endfacet
  facet normal 0 0 1
    outer loop
      vertex -14.3473 -19.0304 3
      vertex -18.4515 -11.6485 3
      vertex -14.5176 -19.0681 3
    endloop
  endfacet
  facet normal 0 0 1
    outer loop
      vertex -18.1 -10.8 3
      vertex -15.8126 -1.84523 3
      vertex -15.8794 -1.68404 3
    endloop
  endfacet
  facet normal -0 0 1
    outer loop
      vertex -18.5287 -11.7192 3
      vertex -14.5176 -19.0681 3
      vertex -18.4515 -11.6485 3
    endloop
  endfacet
  facet normal 0 0 1
    outer loop
      vertex -18.1 -10.8 3
      vertex -15.8794 -1.68404 3
      vertex -15.9319 -1.51764 3
    endloop
  endfacet
  facet normal 0 0 1
    outer loop
      vertex -14.5176 -19.0681 3
      vertex -18.5287 -11.7192 3
      vertex -14.684 -19.1206 3
    endloop
  endfacet
  facet normal 0 0 1
    outer loop
      vertex -18.1 -10.8 3
      vertex -15.9319 -1.51764 3
      vertex -15.9696 -1.34729 3
    endloop
  endfacet
  facet normal -0 0 1
    outer loop
      vertex -18.6117 -11.783 3
      vertex -14.684 -19.1206 3
      vertex -18.5287 -11.7192 3
    endloop
  endfacet
  facet normal 0 0 1
    outer loop
      vertex -18.1 -10.8 3
      vertex -15.9696 -1.34729 3
      vertex -15.9924 -1.17432 3
    endloop
  endfacet
  facet normal 0 0 1
    outer loop
      vertex -14.684 -19.1206 3
      vertex -18.6117 -11.783 3
      vertex -14.8452 -19.1874 3
    endloop
  endfacet
  facet normal 0 0 1
    outer loop
      vertex -18.1 -10.8 3
      vertex -15.9924 -1.17432 3
      vertex -16 -1 3
    endloop
  endfacet
  facet normal -0 0 1
    outer loop
      vertex -18.7 -11.8392 3
      vertex -14.8452 -19.1874 3
      vertex -18.6117 -11.783 3
    endloop
  endfacet
  facet normal 0 0 1
    outer loop
      vertex 18.7 11.8392 3
      vertex 14.8452 19.1874 3
      vertex 18.6117 11.783 3
    endloop
  endfacet
  facet normal 0 0 1
    outer loop
      vertex 18.1 10.8 3
      vertex 15.9924 1.17432 3
      vertex 16 1 3
    endloop
  endfacet
  facet normal -0 0 1
    outer loop
      vertex 14.684 19.1206 3
      vertex 18.6117 11.783 3
      vertex 14.8452 19.1874 3
    endloop
  endfacet
  facet normal 0 0 1
    outer loop
      vertex 18.1 10.8 3
      vertex 15.9696 1.34729 3
      vertex 15.9924 1.17432 3
    endloop
  endfacet
  facet normal 0 0 1
    outer loop
      vertex 18.6117 11.783 3
      vertex 14.684 19.1206 3
      vertex 18.5287 11.7192 3
    endloop
  endfacet
  facet normal 0 0 1
    outer loop
      vertex 18.1 10.8 3
      vertex 15.9319 1.51764 3
      vertex 15.9696 1.34729 3
    endloop
  endfacet
  facet normal -0 0 1
    outer loop
      vertex 14.5176 19.0681 3
      vertex 18.5287 11.7192 3
      vertex 14.684 19.1206 3
    endloop
  endfacet
  facet normal 0 0 1
    outer loop
      vertex 18.1 10.8 3
      vertex 15.8794 1.68404 3
      vertex 15.9319 1.51764 3
    endloop
  endfacet
  facet normal 0 0 1
    outer loop
      vertex 18.5287 11.7192 3
      vertex 14.5176 19.0681 3
      vertex 18.4515 11.6485 3
    endloop
  endfacet
  facet normal 0 0 1
    outer loop
      vertex 18.1 10.8 3
      vertex 15.8126 1.84523 3
      vertex 15.8794 1.68404 3
    endloop
  endfacet
  facet normal -0 0 1
    outer loop
      vertex 14.3473 19.0304 3
      vertex 18.4515 11.6485 3
      vertex 14.5176 19.0681 3
    endloop
  endfacet
  facet normal 0 0 1
    outer loop
      vertex 18.1 10.8 3
      vertex 15.7321 2 3
      vertex 15.8126 1.84523 3
    endloop
  endfacet
  facet normal 0 0 1
    outer loop
      vertex 18.4515 11.6485 3
      vertex 14.3473 19.0304 3
      vertex 18.3808 11.5713 3
    endloop
  endfacet
  facet normal 0 0 1
    outer loop
      vertex 18.1 10.8 3
      vertex 15.6383 2.14716 3
      vertex 15.7321 2 3
    endloop
  endfacet
  facet normal -0 0 1
    outer loop
      vertex 14.1743 19.0076 3
      vertex 18.3808 11.5713 3
      vertex 14.3473 19.0304 3
    endloop
  endfacet
  facet normal 0 0 1
    outer loop
      vertex 18.1 10.8 3
      vertex 15.5321 2.28557 3
      vertex 15.6383 2.14716 3
    endloop
  endfacet
  facet normal 0 0 1
    outer loop
      vertex 18.3808 11.5713 3
      vertex 14.1743 19.0076 3
      vertex 18.317 11.4883 3
    endloop
  endfacet
  facet normal 0 0 1
    outer loop
      vertex 18.1 10.8 3
      vertex 15.4142 2.41422 3
      vertex 15.5321 2.28557 3
    endloop
  endfacet
  facet normal -0 0 1
    outer loop
      vertex 14 19 3
      vertex 18.317 11.4883 3
      vertex 14.1743 19.0076 3
    endloop
  endfacet
  facet normal 0 0 1
    outer loop
      vertex 18.1 10.8 3
      vertex 15.2856 2.53209 3
      vertex 15.4142 2.41422 3
    endloop
  endfacet
  facet normal 0 0 1
    outer loop
      vertex 18.317 11.4883 3
      vertex 14 19 3
      vertex 18.2608 11.4 3
    endloop
  endfacet
  facet normal 0 0 1
    outer loop
      vertex 18.1 10.8 3
      vertex 15.1472 2.63831 3
      vertex 15.2856 2.53209 3
    endloop
  endfacet
  facet normal 0 0 1
    outer loop
      vertex 18.2608 11.4 3
      vertex 14 19 3
      vertex 18.2124 11.3071 3
    endloop
  endfacet
  facet normal 0 0 1
    outer loop
      vertex 18.1 10.8 3
      vertex 15 2.73206 3
      vertex 15.1472 2.63831 3
    endloop
  endfacet
  facet normal 0 0 1
    outer loop
      vertex 18.2124 11.3071 3
      vertex 14 19 3
      vertex 18.1724 11.2104 3
    endloop
  endfacet
  facet normal 0 0 1
    outer loop
      vertex 18.1 10.8 3
      vertex 14.8452 2.81262 3
      vertex 15 2.73206 3
    endloop
  endfacet
  facet normal 0 0 1
    outer loop
      vertex 18.1724 11.2104 3
      vertex 14 19 3
      vertex 18.1409 11.1106 3
    endloop
  endfacet
  facet normal 0 0 1
    outer loop
      vertex 18.1 10.8 3
      vertex 14.684 2.87938 3
      vertex 14.8452 2.81262 3
    endloop
  endfacet
  facet normal 0 0 1
    outer loop
      vertex 18.1409 11.1106 3
      vertex 14 19 3
      vertex 18.1182 11.0084 3
    endloop
  endfacet
  facet normal 0 0 1
    outer loop
      vertex 18.1 10.8 3
      vertex 14.5176 2.93185 3
      vertex 14.684 2.87938 3
    endloop
  endfacet
  facet normal 0 0 1
    outer loop
      vertex 18.1182 11.0084 3
      vertex 14 19 3
      vertex 18.1046 10.9046 3
    endloop
  endfacet
  facet normal 0 0 1
    outer loop
      vertex 18.1 10.8 3
      vertex 14.3473 2.96962 3
      vertex 14.5176 2.93185 3
    endloop
  endfacet
  facet normal 0 0 1
    outer loop
      vertex 18.1046 10.9046 3
      vertex 14 19 3
      vertex 18.1 10.8 3
    endloop
  endfacet
  facet normal 0 0 1
    outer loop
      vertex 18.1 10.8 3
      vertex 14.1743 2.99239 3
      vertex 14.3473 2.96962 3
    endloop
  endfacet
  facet normal 0 0 1
    outer loop
      vertex 14 3 3
      vertex 18.1 10.8 3
      vertex 14 19 3
    endloop
  endfacet
  facet normal 0 0 1
    outer loop
      vertex 18.1 10.8 3
      vertex 14 3 3
      vertex 14.1743 2.99239 3
    endloop
  endfacet
  facet normal -0 0 1
    outer loop
      vertex -14 19 3
      vertex 14 3 3
      vertex 14 19 3
    endloop
  endfacet
  facet normal 0 0 1
    outer loop
      vertex -14 19 3
      vertex -14 3 3
      vertex 14 3 3
    endloop
  endfacet
  facet normal 0 0 1
    outer loop
      vertex -18.317 11.4883 3
      vertex -14 19 3
      vertex -14.1743 19.0076 3
    endloop
  endfacet
  facet normal 0 0 1
    outer loop
      vertex -14 19 3
      vertex -18.1 10.8 3
      vertex -14 3 3
    endloop
  endfacet
  facet normal 0 0 1
    outer loop
      vertex -18.3808 11.5713 3
      vertex -14.1743 19.0076 3
      vertex -14.3473 19.0304 3
    endloop
  endfacet
  facet normal 0 0 1
    outer loop
      vertex -14 3 3
      vertex -18.1 10.8 3
      vertex -14.1743 2.99239 3
    endloop
  endfacet
  facet normal 0 0 1
    outer loop
      vertex -18.4515 11.6485 3
      vertex -14.3473 19.0304 3
      vertex -14.5176 19.0681 3
    endloop
  endfacet
  facet normal 0 0 1
    outer loop
      vertex -14.1743 2.99239 3
      vertex -18.1 10.8 3
      vertex -14.3473 2.96962 3
    endloop
  endfacet
  facet normal 0 0 1
    outer loop
      vertex -18.5287 11.7192 3
      vertex -14.5176 19.0681 3
      vertex -14.684 19.1206 3
    endloop
  endfacet
  facet normal 0 0 1
    outer loop
      vertex -14.3473 2.96962 3
      vertex -18.1 10.8 3
      vertex -14.5176 2.93185 3
    endloop
  endfacet
  facet normal 0 0 1
    outer loop
      vertex -18.6117 11.783 3
      vertex -14.684 19.1206 3
      vertex -14.8452 19.1874 3
    endloop
  endfacet
  facet normal 0 0 1
    outer loop
      vertex -14.5176 2.93185 3
      vertex -18.1 10.8 3
      vertex -14.684 2.87938 3
    endloop
  endfacet
  facet normal 0 0 1
    outer loop
      vertex -18.7 11.8392 3
      vertex -14.8452 19.1874 3
      vertex -15 19.2679 3
    endloop
  endfacet
  facet normal 0 0 1
    outer loop
      vertex -14.684 2.87938 3
      vertex -18.1 10.8 3
      vertex -14.8452 2.81262 3
    endloop
  endfacet
  facet normal 0 0 1
    outer loop
      vertex -18.8896 11.9276 3
      vertex -15 19.2679 3
      vertex -15.1472 19.3617 3
    endloop
  endfacet
  facet normal 0 0 1
    outer loop
      vertex -14.8452 2.81262 3
      vertex -18.1 10.8 3
      vertex -15 2.73206 3
    endloop
  endfacet
  facet normal 0 0 1
    outer loop
      vertex -18.9894 11.9591 3
      vertex -15.1472 19.3617 3
      vertex -15.2856 19.4679 3
    endloop
  endfacet
  facet normal 0 0 1
    outer loop
      vertex -15 2.73206 3
      vertex -18.1 10.8 3
      vertex -15.1472 2.63831 3
    endloop
  endfacet
  facet normal 0 0 1
    outer loop
      vertex -19.0916 11.9818 3
      vertex -15.2856 19.4679 3
      vertex -15.4142 19.5858 3
    endloop
  endfacet
  facet normal 0 0 1
    outer loop
      vertex -15.1472 2.63831 3
      vertex -18.1 10.8 3
      vertex -15.2856 2.53209 3
    endloop
  endfacet
  facet normal 0 0 1
    outer loop
      vertex -19.1954 11.9954 3
      vertex -15.4142 19.5858 3
      vertex -15.5321 19.7144 3
    endloop
  endfacet
  facet normal 0 0 1
    outer loop
      vertex -15.2856 2.53209 3
      vertex -18.1 10.8 3
      vertex -15.4142 2.41422 3
    endloop
  endfacet
  facet normal 0 0 1
    outer loop
      vertex -19.3 12 3
      vertex -15.5321 19.7144 3
      vertex -15.6383 19.8528 3
    endloop
  endfacet
  facet normal 0 0 1
    outer loop
      vertex -15.4142 2.41422 3
      vertex -18.1 10.8 3
      vertex -15.5321 2.28557 3
    endloop
  endfacet
  facet normal 0 0 1
    outer loop
      vertex -20.7 12 3
      vertex -15.6383 19.8528 3
      vertex -15.7321 20 3
    endloop
  endfacet
  facet normal 0 0 1
    outer loop
      vertex -15.5321 2.28557 3
      vertex -18.1 10.8 3
      vertex -15.6383 2.14716 3
    endloop
  endfacet
  facet normal 0 0 1
    outer loop
      vertex -20.7 12 3
      vertex -15.7321 20 3
      vertex -15.8126 20.1548 3
    endloop
  endfacet
  facet normal 0 0 1
    outer loop
      vertex -15.6383 2.14716 3
      vertex -18.1 10.8 3
      vertex -15.7321 2 3
    endloop
  endfacet
  facet normal 0 0 1
    outer loop
      vertex -20.8046 11.9954 3
      vertex -15.8126 20.1548 3
      vertex -15.8794 20.316 3
    endloop
  endfacet
  facet normal 0 0 1
    outer loop
      vertex -15.7321 2 3
      vertex -18.1 10.8 3
      vertex -15.8126 1.84523 3
    endloop
  endfacet
  facet normal 0 0 1
    outer loop
      vertex -20.9084 11.9818 3
      vertex -15.8794 20.316 3
      vertex -15.9319 20.4824 3
    endloop
  endfacet
  facet normal 0 0 1
    outer loop
      vertex -15.8126 1.84523 3
      vertex -18.1 10.8 3
      vertex -15.8794 1.68404 3
    endloop
  endfacet
  facet normal 0 0 1
    outer loop
      vertex -25.2 25 3
      vertex -15.9319 20.4824 3
      vertex -15.9696 20.6527 3
    endloop
  endfacet
  facet normal 0 0 1
    outer loop
      vertex -15.8794 1.68404 3
      vertex -18.1 10.8 3
      vertex -15.9319 1.51764 3
    endloop
  endfacet
  facet normal 0 0 1
    outer loop
      vertex -25.2 25 3
      vertex -15.9696 20.6527 3
      vertex -15.9924 20.8257 3
    endloop
  endfacet
  facet normal 0 0 1
    outer loop
      vertex -15.9319 1.51764 3
      vertex -18.1 10.8 3
      vertex -15.9696 1.34729 3
    endloop
  endfacet
  facet normal 0 0 1
    outer loop
      vertex -25.2 25 3
      vertex -15.9924 20.8257 3
      vertex -16 21 3
    endloop
  endfacet
  facet normal 0 0 1
    outer loop
      vertex -15.9696 1.34729 3
      vertex -18.1 10.8 3
      vertex -15.9924 1.17432 3
    endloop
  endfacet
  facet normal 0 0 1
    outer loop
      vertex -15.4142 24.4142 3
      vertex -21.0249 30.6074 3
      vertex -15.5321 24.2856 3
    endloop
  endfacet
  facet normal -0 0 1
    outer loop
      vertex -21.15 30.5278 3
      vertex -15.5321 24.2856 3
      vertex -21.0249 30.6074 3
    endloop
  endfacet
  facet normal 0 0 1
    outer loop
      vertex -15.5321 24.2856 3
      vertex -21.15 30.5278 3
      vertex -15.6383 24.1472 3
    endloop
  endfacet
  facet normal -0 0 1
    outer loop
      vertex -21.2815 30.4593 3
      vertex -15.6383 24.1472 3
      vertex -21.15 30.5278 3
    endloop
  endfacet
  facet normal 0 0 1
    outer loop
      vertex -15.6383 24.1472 3
      vertex -21.2815 30.4593 3
      vertex -15.7321 24 3
    endloop
  endfacet
  facet normal -0 0 1
    outer loop
      vertex -21.4186 30.4025 3
      vertex -15.7321 24 3
      vertex -21.2815 30.4593 3
    endloop
  endfacet
  facet normal 0 0 1
    outer loop
      vertex -15.7321 24 3
      vertex -21.4186 30.4025 3
      vertex -15.8126 23.8452 3
    endloop
  endfacet
  facet normal -0 0 1
    outer loop
      vertex -21.56 30.3579 3
      vertex -15.8126 23.8452 3
      vertex -21.4186 30.4025 3
    endloop
  endfacet
  facet normal 0 0 1
    outer loop
      vertex -15.8126 23.8452 3
      vertex -21.56 30.3579 3
      vertex -15.8794 23.684 3
    endloop
  endfacet
  facet normal 0 0 1
    outer loop
      vertex -25.2 25 3
      vertex -21.56 30.3579 3
      vertex -21.7048 30.3258 3
    endloop
  endfacet
  facet normal 0 0 1
    outer loop
      vertex -21.56 30.3579 3
      vertex -25.2 25 3
      vertex -15.8794 23.684 3
    endloop
  endfacet
  facet normal 0 0 1
    outer loop
      vertex -25.2 25 3
      vertex -21.7048 30.3258 3
      vertex -21.8518 30.3065 3
    endloop
  endfacet
  facet normal 0 0 1
    outer loop
      vertex -15.8794 23.684 3
      vertex -25.2 25 3
      vertex -15.9319 23.5176 3
    endloop
  endfacet
  facet normal 0 0 1
    outer loop
      vertex -25.2 25 3
      vertex -21.8518 30.3065 3
      vertex -22 30.3 3
    endloop
  endfacet
  facet normal 0 0 1
    outer loop
      vertex -15.9319 23.5176 3
      vertex -25.2 25 3
      vertex -15.9696 23.3473 3
    endloop
  endfacet
  facet normal 0 0 1
    outer loop
      vertex -25.2 25 3
      vertex -22 30.3 3
      vertex -22.1482 30.3065 3
    endloop
  endfacet
  facet normal 0 0 1
    outer loop
      vertex -15.6383 19.8528 3
      vertex -20.7 12 3
      vertex -19.3 12 3
    endloop
  endfacet
  facet normal 0 0 1
    outer loop
      vertex -15.9696 23.3473 3
      vertex -25.2 25 3
      vertex -15.9924 23.1743 3
    endloop
  endfacet
  facet normal 0 0 1
    outer loop
      vertex -15.8126 20.1548 3
      vertex -20.8046 11.9954 3
      vertex -20.7 12 3
    endloop
  endfacet
  facet normal 0 0 1
    outer loop
      vertex -25.2 25 3
      vertex -22.1482 30.3065 3
      vertex -22.2952 30.3258 3
    endloop
  endfacet
  facet normal 0 0 1
    outer loop
      vertex -15.8794 20.316 3
      vertex -20.9084 11.9818 3
      vertex -20.8046 11.9954 3
    endloop
  endfacet
  facet normal 0 0 1
    outer loop
      vertex -15.9319 20.4824 3
      vertex -21.0106 11.9591 3
      vertex -20.9084 11.9818 3
    endloop
  endfacet
  facet normal 0 0 1
    outer loop
      vertex -15.9319 20.4824 3
      vertex -25.2 25 3
      vertex -21.0106 11.9591 3
    endloop
  endfacet
  facet normal 0 0 1
    outer loop
      vertex -21.0106 11.9591 3
      vertex -25.2 25 3
      vertex -21.1104 11.9276 3
    endloop
  endfacet
  facet normal 0 0 1
    outer loop
      vertex -21.1104 11.9276 3
      vertex -25.2 25 3
      vertex -21.2071 11.8876 3
    endloop
  endfacet
  facet normal 0 0 1
    outer loop
      vertex -25.2 25 3
      vertex -22.2952 30.3258 3
      vertex -22.44 30.3579 3
    endloop
  endfacet
  facet normal 0 0 1
    outer loop
      vertex -15.9924 23.1743 3
      vertex -25.2 25 3
      vertex -16 23 3
    endloop
  endfacet
  facet normal 0 0 1
    outer loop
      vertex -25.2 25 3
      vertex -22.44 30.3579 3
      vertex -22.5814 30.4025 3
    endloop
  endfacet
  facet normal 0 0 1
    outer loop
      vertex -16 23 3
      vertex -25.2 25 3
      vertex -16 21 3
    endloop
  endfacet
  facet normal 0 0 1
    outer loop
      vertex -25.2 25 3
      vertex -22.5814 30.4025 3
      vertex -22.7185 30.4593 3
    endloop
  endfacet
  facet normal 0 0 1
    outer loop
      vertex -21.2071 11.8876 3
      vertex -25.2 25 3
      vertex -21.3 11.8392 3
    endloop
  endfacet
  facet normal 0 0 1
    outer loop
      vertex -25.2 25 3
      vertex -22.7185 30.4593 3
      vertex -22.85 30.5278 3
    endloop
  endfacet
  facet normal 0 0 1
    outer loop
      vertex -21.3 11.8392 3
      vertex -25.2 25 3
      vertex -21.3883 11.783 3
    endloop
  endfacet
  facet normal 0 0 1
    outer loop
      vertex -25.2 25 3
      vertex -22.85 30.5278 3
      vertex -22.9751 30.6074 3
    endloop
  endfacet
  facet normal 0 0 1
    outer loop
      vertex -21.3883 11.783 3
      vertex -25.2 25 3
      vertex -21.4713 11.7192 3
    endloop
  endfacet
  facet normal 0 0 1
    outer loop
      vertex -25.2 25 3
      vertex -22.9751 30.6074 3
      vertex -23.0927 30.6977 3
    endloop
  endfacet
  facet normal 0 0 1
    outer loop
      vertex -25.2 25 3
      vertex -23.0927 30.6977 3
      vertex -23.2021 30.7979 3
    endloop
  endfacet
  facet normal -0 0 1
    outer loop
      vertex -27.2 25 3
      vertex -21.4713 11.7192 3
      vertex -25.2 25 3
    endloop
  endfacet
  facet normal -0 0 1
    outer loop
      vertex 23.6421 31.56 3
      vertex 25.2 25 3
      vertex 23.6742 31.7048 3
    endloop
  endfacet
  facet normal 0 0 1
    outer loop
      vertex 25.2 -25 3
      vertex 23.6935 -31.8518 3
      vertex 23.7 -32 3
    endloop
  endfacet
  facet normal 0 0 1
    outer loop
      vertex 25.2 25 3
      vertex 21.9 10.8 3
      vertex 25.2 -25 3
    endloop
  endfacet
  facet normal 0 0 1
    outer loop
      vertex 25.2 -25 3
      vertex 23.6742 -31.7048 3
      vertex 23.6935 -31.8518 3
    endloop
  endfacet
  facet normal -0 0 1
    outer loop
      vertex 23.5975 31.4186 3
      vertex 25.2 25 3
      vertex 23.6421 31.56 3
    endloop
  endfacet
  facet normal -0 0 1
    outer loop
      vertex 21.9 -10.8 3
      vertex 25.2 -25 3
      vertex 21.9 10.8 3
    endloop
  endfacet
  facet normal -0 0 1
    outer loop
      vertex 23.5407 31.2815 3
      vertex 25.2 25 3
      vertex 23.5975 31.4186 3
    endloop
  endfacet
  facet normal -0 0 1
    outer loop
      vertex 21.8954 -10.9046 3
      vertex 25.2 -25 3
      vertex 21.9 -10.8 3
    endloop
  endfacet
  facet normal -0 0 1
    outer loop
      vertex 23.4722 31.15 3
      vertex 25.2 25 3
      vertex 23.5407 31.2815 3
    endloop
  endfacet
  facet normal 0 0 1
    outer loop
      vertex 25.2 -25 3
      vertex 23.6421 -31.56 3
      vertex 23.6742 -31.7048 3
    endloop
  endfacet
  facet normal -0 0 1
    outer loop
      vertex 23.3926 31.0249 3
      vertex 25.2 25 3
      vertex 23.4722 31.15 3
    endloop
  endfacet
  facet normal -0 0 1
    outer loop
      vertex 21.8818 -11.0084 3
      vertex 25.2 -25 3
      vertex 21.8954 -10.9046 3
    endloop
  endfacet
  facet normal -0 0 1
    outer loop
      vertex 23.3023 30.9073 3
      vertex 25.2 25 3
      vertex 23.3926 31.0249 3
    endloop
  endfacet
  facet normal 0 0 1
    outer loop
      vertex 25.2 -25 3
      vertex 23.5975 -31.4186 3
      vertex 23.6421 -31.56 3
    endloop
  endfacet
  facet normal -0 0 1
    outer loop
      vertex 23.2021 30.7979 3
      vertex 25.2 25 3
      vertex 23.3023 30.9073 3
    endloop
  endfacet
  facet normal -0 0 1
    outer loop
      vertex 21.8591 -11.1106 3
      vertex 25.2 -25 3
      vertex 21.8818 -11.0084 3
    endloop
  endfacet
  facet normal -0 0 1
    outer loop
      vertex 23.0927 30.6977 3
      vertex 25.2 25 3
      vertex 23.2021 30.7979 3
    endloop
  endfacet
  facet normal 0 0 1
    outer loop
      vertex 25.2 -25 3
      vertex 23.5407 -31.2815 3
      vertex 23.5975 -31.4186 3
    endloop
  endfacet
  facet normal -0 0 1
    outer loop
      vertex 22.9751 30.6074 3
      vertex 25.2 25 3
      vertex 23.0927 30.6977 3
    endloop
  endfacet
  facet normal -0 0 1
    outer loop
      vertex 21.8276 -11.2104 3
      vertex 25.2 -25 3
      vertex 21.8591 -11.1106 3
    endloop
  endfacet
  facet normal -0 0 1
    outer loop
      vertex 22.85 30.5278 3
      vertex 25.2 25 3
      vertex 22.9751 30.6074 3
    endloop
  endfacet
  facet normal 0 0 1
    outer loop
      vertex 25.2 -25 3
      vertex 23.4722 -31.15 3
      vertex 23.5407 -31.2815 3
    endloop
  endfacet
  facet normal -0 0 1
    outer loop
      vertex 22.7185 30.4593 3
      vertex 25.2 25 3
      vertex 22.85 30.5278 3
    endloop
  endfacet
  facet normal -0 0 1
    outer loop
      vertex 21.7876 -11.3071 3
      vertex 25.2 -25 3
      vertex 21.8276 -11.2104 3
    endloop
  endfacet
  facet normal -0 0 1
    outer loop
      vertex 22.5814 30.4025 3
      vertex 25.2 25 3
      vertex 22.7185 30.4593 3
    endloop
  endfacet
  facet normal -0 0 1
    outer loop
      vertex 21.7392 -11.4 3
      vertex 25.2 -25 3
      vertex 21.7876 -11.3071 3
    endloop
  endfacet
  facet normal -0 0 1
    outer loop
      vertex 22.44 30.3579 3
      vertex 25.2 25 3
      vertex 22.5814 30.4025 3
    endloop
  endfacet
  facet normal 0 0 1
    outer loop
      vertex 25.2 -25 3
      vertex 23.3926 -31.0249 3
      vertex 23.4722 -31.15 3
    endloop
  endfacet
  facet normal -0 0 1
    outer loop
      vertex 22.2952 30.3258 3
      vertex 25.2 25 3
      vertex 22.44 30.3579 3
    endloop
  endfacet
  facet normal -0 0 1
    outer loop
      vertex 21.683 -11.4883 3
      vertex 25.2 -25 3
      vertex 21.7392 -11.4 3
    endloop
  endfacet
  facet normal -0 0 1
    outer loop
      vertex 22.1482 30.3065 3
      vertex 25.2 25 3
      vertex 22.2952 30.3258 3
    endloop
  endfacet
  facet normal 0 0 1
    outer loop
      vertex 25.2 -25 3
      vertex 23.3023 -30.9073 3
      vertex 23.3926 -31.0249 3
    endloop
  endfacet
  facet normal -0 0 1
    outer loop
      vertex 22 30.3 3
      vertex 25.2 25 3
      vertex 22.1482 30.3065 3
    endloop
  endfacet
  facet normal -0 0 1
    outer loop
      vertex 21.6192 -11.5713 3
      vertex 25.2 -25 3
      vertex 21.683 -11.4883 3
    endloop
  endfacet
  facet normal 0 0 1
    outer loop
      vertex 21.8518 30.3065 3
      vertex 25.2 25 3
      vertex 22 30.3 3
    endloop
  endfacet
  facet normal 0 0 1
    outer loop
      vertex 25.2 -25 3
      vertex 23.2021 -30.7979 3
      vertex 23.3023 -30.9073 3
    endloop
  endfacet
  facet normal -0 0 1
    outer loop
      vertex 21.5485 -11.6485 3
      vertex 25.2 -25 3
      vertex 21.6192 -11.5713 3
    endloop
  endfacet
  facet normal 0 0 1
    outer loop
      vertex 25.2 25 3
      vertex 21.8954 10.9046 3
      vertex 21.9 10.8 3
    endloop
  endfacet
  facet normal 0 0 1
    outer loop
      vertex 25.2 25 3
      vertex 21.8818 11.0084 3
      vertex 21.8954 10.9046 3
    endloop
  endfacet
  facet normal 0 0 1
    outer loop
      vertex 25.2 25 3
      vertex 21.8591 11.1106 3
      vertex 21.8818 11.0084 3
    endloop
  endfacet
  facet normal 0 0 1
    outer loop
      vertex 21.7048 30.3258 3
      vertex 25.2 25 3
      vertex 21.8518 30.3065 3
    endloop
  endfacet
  facet normal 0 0 1
    outer loop
      vertex 25.2 25 3
      vertex 21.8276 11.2104 3
      vertex 21.8591 11.1106 3
    endloop
  endfacet
  facet normal 0 0 1
    outer loop
      vertex 25.2 25 3
      vertex 21.7876 11.3071 3
      vertex 21.8276 11.2104 3
    endloop
  endfacet
  facet normal 0 0 1
    outer loop
      vertex 25.2 25 3
      vertex 21.7392 11.4 3
      vertex 21.7876 11.3071 3
    endloop
  endfacet
  facet normal 0 0 1
    outer loop
      vertex 21.56 30.3579 3
      vertex 25.2 25 3
      vertex 21.7048 30.3258 3
    endloop
  endfacet
  facet normal 0 0 1
    outer loop
      vertex 25.2 25 3
      vertex 21.683 11.4883 3
      vertex 21.7392 11.4 3
    endloop
  endfacet
  facet normal 0 0 1
    outer loop
      vertex 25.2 25 3
      vertex 21.6192 11.5713 3
      vertex 21.683 11.4883 3
    endloop
  endfacet
  facet normal 0 0 1
    outer loop
      vertex 25.2 25 3
      vertex 21.56 30.3579 3
      vertex 15.8794 23.684 3
    endloop
  endfacet
  facet normal 0 0 1
    outer loop
      vertex 25.2 25 3
      vertex 21.5485 11.6485 3
      vertex 21.6192 11.5713 3
    endloop
  endfacet
  facet normal 0 0 1
    outer loop
      vertex 25.2 25 3
      vertex 21.4713 11.7192 3
      vertex 21.5485 11.6485 3
    endloop
  endfacet
  facet normal 0 0 1
    outer loop
      vertex 15.8126 23.8452 3
      vertex 21.56 30.3579 3
      vertex 21.4186 30.4025 3
    endloop
  endfacet
  facet normal 0 0 1
    outer loop
      vertex 25.2 25 3
      vertex 21.3883 11.783 3
      vertex 21.4713 11.7192 3
    endloop
  endfacet
  facet normal 0 0 1
    outer loop
      vertex 25.2 25 3
      vertex 21.3 11.8392 3
      vertex 21.3883 11.783 3
    endloop
  endfacet
  facet normal 0 0 1
    outer loop
      vertex 15.7321 24 3
      vertex 21.4186 30.4025 3
      vertex 21.2815 30.4593 3
    endloop
  endfacet
  facet normal 0 0 1
    outer loop
      vertex 15.9924 20.8257 3
      vertex 25.2 25 3
      vertex 16 21 3
    endloop
  endfacet
  facet normal 0 0 1
    outer loop
      vertex 15.6383 24.1472 3
      vertex 21.2815 30.4593 3
      vertex 21.15 30.5278 3
    endloop
  endfacet
  facet normal 0 0 1
    outer loop
      vertex 25.2 25 3
      vertex 21.2071 11.8876 3
      vertex 21.3 11.8392 3
    endloop
  endfacet
  facet normal 0 0 1
    outer loop
      vertex 15.5321 24.2856 3
      vertex 21.15 30.5278 3
      vertex 21.0249 30.6074 3
    endloop
  endfacet
  facet normal 0 0 1
    outer loop
      vertex 25.2 25 3
      vertex 21.1104 11.9276 3
      vertex 21.2071 11.8876 3
    endloop
  endfacet
  facet normal 0 0 1
    outer loop
      vertex 25.2 25 3
      vertex 21.0106 11.9591 3
      vertex 21.1104 11.9276 3
    endloop
  endfacet
  facet normal 0 0 1
    outer loop
      vertex 15.4142 24.4142 3
      vertex 21.0249 30.6074 3
      vertex 20.9073 30.6977 3
    endloop
  endfacet
  facet normal 0 0 1
    outer loop
      vertex 15.9696 20.6527 3
      vertex 25.2 25 3
      vertex 15.9924 20.8257 3
    endloop
  endfacet
  facet normal 0 0 1
    outer loop
      vertex 15.2856 24.5321 3
      vertex 20.9073 30.6977 3
      vertex 20.7979 30.7979 3
    endloop
  endfacet
  facet normal 0 0 1
    outer loop
      vertex 15.9319 20.4824 3
      vertex 25.2 25 3
      vertex 15.9696 20.6527 3
    endloop
  endfacet
  facet normal 0 0 1
    outer loop
      vertex 15.1472 24.6383 3
      vertex 20.7979 30.7979 3
      vertex 20.6977 30.9073 3
    endloop
  endfacet
  facet normal 0 0 1
    outer loop
      vertex 15 24.7321 3
      vertex 20.6977 30.9073 3
      vertex 20.6074 31.0249 3
    endloop
  endfacet
  facet normal 0 0 1
    outer loop
      vertex 14.8452 24.8126 3
      vertex 20.6074 31.0249 3
      vertex 20.5278 31.15 3
    endloop
  endfacet
  facet normal 0 0 1
    outer loop
      vertex 14.684 24.8794 3
      vertex 20.5278 31.15 3
      vertex 20.4593 31.2815 3
    endloop
  endfacet
  facet normal 0 0 1
    outer loop
      vertex 14.5176 24.9319 3
      vertex 20.4593 31.2815 3
      vertex 20.4025 31.4186 3
    endloop
  endfacet
  facet normal 0 0 1
    outer loop
      vertex 14.5176 24.9319 3
      vertex 20.4025 31.4186 3
      vertex 20.3579 31.56 3
    endloop
  endfacet
  facet normal 0 0 1
    outer loop
      vertex 14.3473 24.9696 3
      vertex 20.3579 31.56 3
      vertex 20.3258 31.7048 3
    endloop
  endfacet
  facet normal 0 0 1
    outer loop
      vertex 14.1743 24.9924 3
      vertex 20.3258 31.7048 3
      vertex 20.3065 31.8518 3
    endloop
  endfacet
  facet normal 0 0 1
    outer loop
      vertex 14 25 3
      vertex 20.3065 31.8518 3
      vertex 20.3 32 3
    endloop
  endfacet
  facet normal 0 0 1
    outer loop
      vertex 25.2 25 3
      vertex 16 23 3
      vertex 16 21 3
    endloop
  endfacet
  facet normal -0 0 1
    outer loop
      vertex 23.6935 -32.1482 3
      vertex 25.2 -35 3
      vertex 23.7 -32 3
    endloop
  endfacet
  facet normal -0 0 1
    outer loop
      vertex 23.6742 -32.2952 3
      vertex 25.2 -35 3
      vertex 23.6935 -32.1482 3
    endloop
  endfacet
  facet normal -0 0 1
    outer loop
      vertex 23.6421 -32.44 3
      vertex 25.2 -35 3
      vertex 23.6742 -32.2952 3
    endloop
  endfacet
  facet normal -0 0 1
    outer loop
      vertex 23.5975 -32.5814 3
      vertex 25.2 -35 3
      vertex 23.6421 -32.44 3
    endloop
  endfacet
  facet normal -0 0 1
    outer loop
      vertex 23.5407 -32.7185 3
      vertex 25.2 -35 3
      vertex 23.5975 -32.5814 3
    endloop
  endfacet
  facet normal -0 0 1
    outer loop
      vertex 23.4722 -32.85 3
      vertex 25.2 -35 3
      vertex 23.5407 -32.7185 3
    endloop
  endfacet
  facet normal -0 0 1
    outer loop
      vertex 23.3926 -32.9751 3
      vertex 25.2 -35 3
      vertex 23.4722 -32.85 3
    endloop
  endfacet
  facet normal -0 0 1
    outer loop
      vertex 23.3023 -33.0927 3
      vertex 25.2 -35 3
      vertex 23.3926 -32.9751 3
    endloop
  endfacet
  facet normal -0 0 1
    outer loop
      vertex 23.2021 -33.2021 3
      vertex 25.2 -35 3
      vertex 23.3023 -33.0927 3
    endloop
  endfacet
  facet normal -0 0 1
    outer loop
      vertex 23.0927 -33.3023 3
      vertex 25.2 -35 3
      vertex 23.2021 -33.2021 3
    endloop
  endfacet
  facet normal -0 0 1
    outer loop
      vertex 22.9751 -33.3926 3
      vertex 25.2 -35 3
      vertex 23.0927 -33.3023 3
    endloop
  endfacet
  facet normal -0 0 1
    outer loop
      vertex 22.85 -33.4722 3
      vertex 25.2 -35 3
      vertex 22.9751 -33.3926 3
    endloop
  endfacet
  facet normal -0 0 1
    outer loop
      vertex 22.7185 -33.5407 3
      vertex 25.2 -35 3
      vertex 22.85 -33.4722 3
    endloop
  endfacet
  facet normal -0 0 1
    outer loop
      vertex 22.5814 -33.5975 3
      vertex 25.2 -35 3
      vertex 22.7185 -33.5407 3
    endloop
  endfacet
  facet normal -0 0 1
    outer loop
      vertex 22.44 -33.6421 3
      vertex 25.2 -35 3
      vertex 22.5814 -33.5975 3
    endloop
  endfacet
  facet normal 0 0 1
    outer loop
      vertex 25.2 -35 3
      vertex 22.44 -33.6421 3
      vertex 24 -38 3
    endloop
  endfacet
  facet normal -0 0 1
    outer loop
      vertex 22.2952 -33.6742 3
      vertex 24 -38 3
      vertex 22.44 -33.6421 3
    endloop
  endfacet
  facet normal -0 0 1
    outer loop
      vertex 22.1482 -33.6935 3
      vertex 24 -38 3
      vertex 22.2952 -33.6742 3
    endloop
  endfacet
  facet normal -0 0 1
    outer loop
      vertex 22 -33.7 3
      vertex 24 -38 3
      vertex 22.1482 -33.6935 3
    endloop
  endfacet
  facet normal 0 0 1
    outer loop
      vertex 21.8518 -33.6935 3
      vertex 24 -38 3
      vertex 22 -33.7 3
    endloop
  endfacet
  facet normal 0 0 1
    outer loop
      vertex 21.7048 -33.6742 3
      vertex 24 -38 3
      vertex 21.8518 -33.6935 3
    endloop
  endfacet
  facet normal 0 0 1
    outer loop
      vertex 21.56 -33.6421 3
      vertex 24 -38 3
      vertex 21.7048 -33.6742 3
    endloop
  endfacet
  facet normal 0 0 1
    outer loop
      vertex 21.4186 -33.5975 3
      vertex 24 -38 3
      vertex 21.56 -33.6421 3
    endloop
  endfacet
  facet normal 0 0 1
    outer loop
      vertex 21.2815 -33.5407 3
      vertex 24 -38 3
      vertex 21.4186 -33.5975 3
    endloop
  endfacet
  facet normal 0 0 1
    outer loop
      vertex 21.15 -33.4722 3
      vertex 24 -38 3
      vertex 21.2815 -33.5407 3
    endloop
  endfacet
  facet normal 0 0 1
    outer loop
      vertex 21.0249 -33.3926 3
      vertex 24 -38 3
      vertex 21.15 -33.4722 3
    endloop
  endfacet
  facet normal 0 0 1
    outer loop
      vertex 20.9073 -33.3023 3
      vertex 24 -38 3
      vertex 21.0249 -33.3926 3
    endloop
  endfacet
  facet normal 0 0 1
    outer loop
      vertex 20.7979 -33.2021 3
      vertex 24 -38 3
      vertex 20.9073 -33.3023 3
    endloop
  endfacet
  facet normal 0 0 1
    outer loop
      vertex 20.6977 -33.0927 3
      vertex 24 -38 3
      vertex 20.7979 -33.2021 3
    endloop
  endfacet
  facet normal 0 0 1
    outer loop
      vertex -20.6977 -33.0927 3
      vertex 20.6977 -33.0927 3
      vertex 20.6074 -32.9751 3
    endloop
  endfacet
  facet normal 0 0 1
    outer loop
      vertex 21.0249 -30.6074 3
      vertex 15.4142 -24.4142 3
      vertex 20.9073 -30.6977 3
    endloop
  endfacet
  facet normal 0 0 1
    outer loop
      vertex 16 -21 3
      vertex 19.3 -12 3
      vertex 19.1954 -11.9954 3
    endloop
  endfacet
  facet normal 0 0 1
    outer loop
      vertex 16 -21 3
      vertex 19.1954 -11.9954 3
      vertex 19.0916 -11.9818 3
    endloop
  endfacet
  facet normal 0 0 1
    outer loop
      vertex 16 -21 3
      vertex 19.0916 -11.9818 3
      vertex 18.9894 -11.9591 3
    endloop
  endfacet
  facet normal 0 0 1
    outer loop
      vertex 16 -21 3
      vertex 18.9894 -11.9591 3
      vertex 18.8896 -11.9276 3
    endloop
  endfacet
  facet normal 0 0 1
    outer loop
      vertex 16 -21 3
      vertex 18.8896 -11.9276 3
      vertex 18.7929 -11.8876 3
    endloop
  endfacet
  facet normal 0 0 1
    outer loop
      vertex 16 -21 3
      vertex 18.7929 -11.8876 3
      vertex 18.7 -11.8392 3
    endloop
  endfacet
  facet normal 0 0 1
    outer loop
      vertex 16 -21 3
      vertex 18.7 -11.8392 3
      vertex 18.6117 -11.783 3
    endloop
  endfacet
  facet normal 0 0 1
    outer loop
      vertex 16 -21 3
      vertex 18.6117 -11.783 3
      vertex 18.5287 -11.7192 3
    endloop
  endfacet
  facet normal 0 0 1
    outer loop
      vertex 16 -21 3
      vertex 18.5287 -11.7192 3
      vertex 18.4515 -11.6485 3
    endloop
  endfacet
  facet normal 0 0 1
    outer loop
      vertex 16 -21 3
      vertex 18.4515 -11.6485 3
      vertex 18.3808 -11.5713 3
    endloop
  endfacet
  facet normal 0 0 1
    outer loop
      vertex 16 -21 3
      vertex 18.3808 -11.5713 3
      vertex 18.317 -11.4883 3
    endloop
  endfacet
  facet normal 0 0 1
    outer loop
      vertex 16 -21 3
      vertex 18.317 -11.4883 3
      vertex 18.2608 -11.4 3
    endloop
  endfacet
  facet normal 0 0 1
    outer loop
      vertex 16 -21 3
      vertex 18.2608 -11.4 3
      vertex 18.2124 -11.3071 3
    endloop
  endfacet
  facet normal 0 0 1
    outer loop
      vertex 16 -21 3
      vertex 18.2124 -11.3071 3
      vertex 18.1724 -11.2104 3
    endloop
  endfacet
  facet normal 0 0 1
    outer loop
      vertex 16 -21 3
      vertex 18.1724 -11.2104 3
      vertex 18.1409 -11.1106 3
    endloop
  endfacet
  facet normal 0 0 1
    outer loop
      vertex 16 -21 3
      vertex 18.1409 -11.1106 3
      vertex 18.1182 -11.0084 3
    endloop
  endfacet
  facet normal 0 0 1
    outer loop
      vertex 16 -21 3
      vertex 18.1182 -11.0084 3
      vertex 18.1046 -10.9046 3
    endloop
  endfacet
  facet normal -0 0 1
    outer loop
      vertex 14.8452 19.1874 3
      vertex 18.7 11.8392 3
      vertex 15 19.2679 3
    endloop
  endfacet
  facet normal 0 0 1
    outer loop
      vertex 18.1 10.8 3
      vertex 16 1 3
      vertex 18.1 -10.8 3
    endloop
  endfacet
  facet normal -0 0 1
    outer loop
      vertex 16 -1 3
      vertex 18.1 -10.8 3
      vertex 16 1 3
    endloop
  endfacet
  facet normal -0 0 1
    outer loop
      vertex 15.9924 -1.17432 3
      vertex 18.1 -10.8 3
      vertex 16 -1 3
    endloop
  endfacet
  facet normal 0 0 1
    outer loop
      vertex 18.1 -10.8 3
      vertex 16 -21 3
      vertex 18.1046 -10.9046 3
    endloop
  endfacet
  facet normal -0 0 1
    outer loop
      vertex 15.2856 -24.5321 3
      vertex 20.9073 -30.6977 3
      vertex 15.4142 -24.4142 3
    endloop
  endfacet
  facet normal 0 0 1
    outer loop
      vertex 20.9073 -30.6977 3
      vertex 15.2856 -24.5321 3
      vertex 20.7979 -30.7979 3
    endloop
  endfacet
  facet normal -0 0 1
    outer loop
      vertex 15.1472 -24.6383 3
      vertex 20.7979 -30.7979 3
      vertex 15.2856 -24.5321 3
    endloop
  endfacet
  facet normal 0 0 1
    outer loop
      vertex 20.7979 -30.7979 3
      vertex 15.1472 -24.6383 3
      vertex 20.6977 -30.9073 3
    endloop
  endfacet
  facet normal -0 0 1
    outer loop
      vertex 15 -24.7321 3
      vertex 20.6977 -30.9073 3
      vertex 15.1472 -24.6383 3
    endloop
  endfacet
  facet normal 0 0 1
    outer loop
      vertex 20.6977 -30.9073 3
      vertex 15 -24.7321 3
      vertex 20.6074 -31.0249 3
    endloop
  endfacet
  facet normal -0 0 1
    outer loop
      vertex 14.8452 -24.8126 3
      vertex 20.6074 -31.0249 3
      vertex 15 -24.7321 3
    endloop
  endfacet
  facet normal 0 0 1
    outer loop
      vertex 20.6074 -31.0249 3
      vertex 14.8452 -24.8126 3
      vertex 20.5278 -31.15 3
    endloop
  endfacet
  facet normal -0 0 1
    outer loop
      vertex 14.684 -24.8794 3
      vertex 20.5278 -31.15 3
      vertex 14.8452 -24.8126 3
    endloop
  endfacet
  facet normal 0 0 1
    outer loop
      vertex 20.5278 -31.15 3
      vertex 14.684 -24.8794 3
      vertex 20.4593 -31.2815 3
    endloop
  endfacet
  facet normal -0 0 1
    outer loop
      vertex 14.5176 -24.9319 3
      vertex 20.4593 -31.2815 3
      vertex 14.684 -24.8794 3
    endloop
  endfacet
  facet normal 0 0 1
    outer loop
      vertex 20.4593 -31.2815 3
      vertex 14.5176 -24.9319 3
      vertex 20.4025 -31.4186 3
    endloop
  endfacet
  facet normal 0 0 1
    outer loop
      vertex 20.4025 -31.4186 3
      vertex 14.5176 -24.9319 3
      vertex 20.3579 -31.56 3
    endloop
  endfacet
  facet normal -0 0 1
    outer loop
      vertex 14.3473 -24.9696 3
      vertex 20.3579 -31.56 3
      vertex 14.5176 -24.9319 3
    endloop
  endfacet
  facet normal 0 0 1
    outer loop
      vertex 20.3579 -31.56 3
      vertex 14.3473 -24.9696 3
      vertex 20.3258 -31.7048 3
    endloop
  endfacet
  facet normal -0 0 1
    outer loop
      vertex 14.1743 -24.9924 3
      vertex 20.3258 -31.7048 3
      vertex 14.3473 -24.9696 3
    endloop
  endfacet
  facet normal 0 0 1
    outer loop
      vertex 20.3258 -31.7048 3
      vertex 14.1743 -24.9924 3
      vertex 20.3065 -31.8518 3
    endloop
  endfacet
  facet normal -0 0 1
    outer loop
      vertex 14 -25 3
      vertex 20.3065 -31.8518 3
      vertex 14.1743 -24.9924 3
    endloop
  endfacet
  facet normal 0 0 1
    outer loop
      vertex 20.3065 -31.8518 3
      vertex 14 -25 3
      vertex 20.3 -32 3
    endloop
  endfacet
  facet normal 0 0 1
    outer loop
      vertex 20.3 -32 3
      vertex 14 -25 3
      vertex 20.3065 -32.1482 3
    endloop
  endfacet
  facet normal 0 0 1
    outer loop
      vertex 20.3065 -32.1482 3
      vertex 14 -25 3
      vertex 20.3258 -32.2952 3
    endloop
  endfacet
  facet normal 0 0 1
    outer loop
      vertex 20.3258 -32.2952 3
      vertex 14 -25 3
      vertex 20.3579 -32.44 3
    endloop
  endfacet
  facet normal 0 0 1
    outer loop
      vertex 20.3579 -32.44 3
      vertex 14 -25 3
      vertex 20.4025 -32.5814 3
    endloop
  endfacet
  facet normal 0 0 1
    outer loop
      vertex 20.4025 -32.5814 3
      vertex 14 -25 3
      vertex 20.4593 -32.7185 3
    endloop
  endfacet
  facet normal 0 0 1
    outer loop
      vertex 20.4593 -32.7185 3
      vertex 14 -25 3
      vertex 20.5278 -32.85 3
    endloop
  endfacet
  facet normal 0 0 1
    outer loop
      vertex -20.5278 -32.85 3
      vertex 20.5278 -32.85 3
      vertex 14 -25 3
    endloop
  endfacet
  facet normal 0 0 1
    outer loop
      vertex 20.5278 -32.85 3
      vertex -20.5278 -32.85 3
      vertex 20.6074 -32.9751 3
    endloop
  endfacet
  facet normal 0 0 1
    outer loop
      vertex -20.4593 -32.7185 3
      vertex 14 -25 3
      vertex -14 -25 3
    endloop
  endfacet
  facet normal 0 0 1
    outer loop
      vertex -20.3065 -31.8518 3
      vertex -14 -25 3
      vertex -14.1743 -24.9924 3
    endloop
  endfacet
  facet normal 0 0 1
    outer loop
      vertex -20.3065 -31.8518 3
      vertex -14.1743 -24.9924 3
      vertex -14.3473 -24.9696 3
    endloop
  endfacet
  facet normal 0 0 1
    outer loop
      vertex -20.3065 -31.8518 3
      vertex -14.3473 -24.9696 3
      vertex -14.5176 -24.9319 3
    endloop
  endfacet
  facet normal 0 0 1
    outer loop
      vertex -20.3065 -31.8518 3
      vertex -14.5176 -24.9319 3
      vertex -14.684 -24.8794 3
    endloop
  endfacet
  facet normal -0 0 1
    outer loop
      vertex -18.7929 -11.8876 3
      vertex -15 -19.2679 3
      vertex -18.7 -11.8392 3
    endloop
  endfacet
  facet normal -0 0 1
    outer loop
      vertex -18.8896 -11.9276 3
      vertex -15 -19.2679 3
      vertex -18.7929 -11.8876 3
    endloop
  endfacet
  facet normal 0 0 1
    outer loop
      vertex -15 -19.2679 3
      vertex -18.8896 -11.9276 3
      vertex -15.1472 -19.3617 3
    endloop
  endfacet
  facet normal -0 0 1
    outer loop
      vertex -18.9894 -11.9591 3
      vertex -15.1472 -19.3617 3
      vertex -18.8896 -11.9276 3
    endloop
  endfacet
  facet normal 0 0 1
    outer loop
      vertex -15.1472 -19.3617 3
      vertex -18.9894 -11.9591 3
      vertex -15.2856 -19.4679 3
    endloop
  endfacet
  facet normal -0 0 1
    outer loop
      vertex -19.0916 -11.9818 3
      vertex -15.2856 -19.4679 3
      vertex -18.9894 -11.9591 3
    endloop
  endfacet
  facet normal 0 0 1
    outer loop
      vertex -15.2856 -19.4679 3
      vertex -19.0916 -11.9818 3
      vertex -15.4142 -19.5858 3
    endloop
  endfacet
  facet normal -0 0 1
    outer loop
      vertex -19.1954 -11.9954 3
      vertex -15.4142 -19.5858 3
      vertex -19.0916 -11.9818 3
    endloop
  endfacet
  facet normal 0 0 1
    outer loop
      vertex -15.4142 -19.5858 3
      vertex -19.1954 -11.9954 3
      vertex -15.5321 -19.7144 3
    endloop
  endfacet
  facet normal -0 0 1
    outer loop
      vertex -19.3 -12 3
      vertex -15.5321 -19.7144 3
      vertex -19.1954 -11.9954 3
    endloop
  endfacet
  facet normal 0 0 1
    outer loop
      vertex -15.5321 -19.7144 3
      vertex -19.3 -12 3
      vertex -15.6383 -19.8528 3
    endloop
  endfacet
  facet normal -0 0 1
    outer loop
      vertex -20.7 -12 3
      vertex -15.6383 -19.8528 3
      vertex -19.3 -12 3
    endloop
  endfacet
  facet normal 0 0 1
    outer loop
      vertex -15.6383 -19.8528 3
      vertex -20.7 -12 3
      vertex -15.7321 -20 3
    endloop
  endfacet
  facet normal 0 0 1
    outer loop
      vertex -15.7321 -20 3
      vertex -20.7 -12 3
      vertex -15.8126 -20.1548 3
    endloop
  endfacet
  facet normal 0 0 1
    outer loop
      vertex -20.8046 -11.9954 3
      vertex -15.8126 -20.1548 3
      vertex -20.7 -12 3
    endloop
  endfacet
  facet normal 0 0 1
    outer loop
      vertex -15.8126 -20.1548 3
      vertex -20.8046 -11.9954 3
      vertex -15.8794 -20.316 3
    endloop
  endfacet
  facet normal 0 0 1
    outer loop
      vertex -20.9084 -11.9818 3
      vertex -15.8794 -20.316 3
      vertex -20.8046 -11.9954 3
    endloop
  endfacet
  facet normal 0 0 1
    outer loop
      vertex -15.8794 -20.316 3
      vertex -20.9084 -11.9818 3
      vertex -15.9319 -20.4824 3
    endloop
  endfacet
  facet normal 0 0 1
    outer loop
      vertex -21.0106 -11.9591 3
      vertex -15.9319 -20.4824 3
      vertex -20.9084 -11.9818 3
    endloop
  endfacet
  facet normal 0 0 1
    outer loop
      vertex -20.3065 -31.8518 3
      vertex -16 -23 3
      vertex -16 -21 3
    endloop
  endfacet
  facet normal 0 0 1
    outer loop
      vertex -20.3065 -31.8518 3
      vertex -15.9924 -23.1743 3
      vertex -16 -23 3
    endloop
  endfacet
  facet normal 0 0 1
    outer loop
      vertex -20.3065 -31.8518 3
      vertex -15.9696 -23.3473 3
      vertex -15.9924 -23.1743 3
    endloop
  endfacet
  facet normal 0 0 1
    outer loop
      vertex -20.3065 -31.8518 3
      vertex -15.9319 -23.5176 3
      vertex -15.9696 -23.3473 3
    endloop
  endfacet
  facet normal 0 0 1
    outer loop
      vertex -20.3065 -31.8518 3
      vertex -15.8794 -23.684 3
      vertex -15.9319 -23.5176 3
    endloop
  endfacet
  facet normal 0 0 1
    outer loop
      vertex -20.3065 -31.8518 3
      vertex -15.8126 -23.8452 3
      vertex -15.8794 -23.684 3
    endloop
  endfacet
  facet normal 0 0 1
    outer loop
      vertex -20.3065 -31.8518 3
      vertex -15.7321 -24 3
      vertex -15.8126 -23.8452 3
    endloop
  endfacet
  facet normal 0 0 1
    outer loop
      vertex -20.3065 -31.8518 3
      vertex -15.6383 -24.1472 3
      vertex -15.7321 -24 3
    endloop
  endfacet
  facet normal 0 0 1
    outer loop
      vertex -20.3065 -31.8518 3
      vertex -15.5321 -24.2856 3
      vertex -15.6383 -24.1472 3
    endloop
  endfacet
  facet normal 0 0 1
    outer loop
      vertex -20.3065 -31.8518 3
      vertex -15.4142 -24.4142 3
      vertex -15.5321 -24.2856 3
    endloop
  endfacet
  facet normal 0 0 1
    outer loop
      vertex -20.3065 -31.8518 3
      vertex -15.2856 -24.5321 3
      vertex -15.4142 -24.4142 3
    endloop
  endfacet
  facet normal 0 0 1
    outer loop
      vertex -20.3065 -31.8518 3
      vertex -15.1472 -24.6383 3
      vertex -15.2856 -24.5321 3
    endloop
  endfacet
  facet normal 0 0 1
    outer loop
      vertex -20.3065 -31.8518 3
      vertex -15 -24.7321 3
      vertex -15.1472 -24.6383 3
    endloop
  endfacet
  facet normal 0 0 1
    outer loop
      vertex -20.3065 -31.8518 3
      vertex -14.8452 -24.8126 3
      vertex -15 -24.7321 3
    endloop
  endfacet
  facet normal 0 0 1
    outer loop
      vertex -20.3065 -31.8518 3
      vertex -14.684 -24.8794 3
      vertex -14.8452 -24.8126 3
    endloop
  endfacet
  facet normal 0 0 1
    outer loop
      vertex -14 -25 3
      vertex -20.3 -32 3
      vertex -20.3065 -32.1482 3
    endloop
  endfacet
  facet normal 0 0 1
    outer loop
      vertex -14 -25 3
      vertex -20.3065 -32.1482 3
      vertex -20.3258 -32.2952 3
    endloop
  endfacet
  facet normal 0 0 1
    outer loop
      vertex -14 -25 3
      vertex -20.3258 -32.2952 3
      vertex -20.3579 -32.44 3
    endloop
  endfacet
  facet normal 0 0 1
    outer loop
      vertex -14 -25 3
      vertex -20.3579 -32.44 3
      vertex -20.4025 -32.5814 3
    endloop
  endfacet
  facet normal 0 0 1
    outer loop
      vertex -14 -25 3
      vertex -20.4025 -32.5814 3
      vertex -20.4593 -32.7185 3
    endloop
  endfacet
  facet normal 0 0 1
    outer loop
      vertex -20.5278 -32.85 3
      vertex 14 -25 3
      vertex -20.4593 -32.7185 3
    endloop
  endfacet
  facet normal 0 0 1
    outer loop
      vertex -20.6074 -32.9751 3
      vertex 20.6074 -32.9751 3
      vertex -20.5278 -32.85 3
    endloop
  endfacet
  facet normal 0 0 1
    outer loop
      vertex -20.6977 -33.0927 3
      vertex 20.6074 -32.9751 3
      vertex -20.6074 -32.9751 3
    endloop
  endfacet
  facet normal 0 0 1
    outer loop
      vertex 20.6977 -33.0927 3
      vertex -20.6977 -33.0927 3
      vertex 24 -38 3
    endloop
  endfacet
  facet normal 0 0 1
    outer loop
      vertex -24 -38 3
      vertex -20.6977 -33.0927 3
      vertex -20.7979 -33.2021 3
    endloop
  endfacet
  facet normal 0 0 1
    outer loop
      vertex -24 -38 3
      vertex -20.7979 -33.2021 3
      vertex -20.9073 -33.3023 3
    endloop
  endfacet
  facet normal 0 0 1
    outer loop
      vertex -24 -38 3
      vertex -20.9073 -33.3023 3
      vertex -21.0249 -33.3926 3
    endloop
  endfacet
  facet normal 0 0 1
    outer loop
      vertex -24 -38 3
      vertex -21.0249 -33.3926 3
      vertex -21.15 -33.4722 3
    endloop
  endfacet
  facet normal 0 0 1
    outer loop
      vertex -24 -38 3
      vertex -21.15 -33.4722 3
      vertex -21.2815 -33.5407 3
    endloop
  endfacet
  facet normal 0 0 1
    outer loop
      vertex -24 -38 3
      vertex -21.2815 -33.5407 3
      vertex -21.4186 -33.5975 3
    endloop
  endfacet
  facet normal 0 0 1
    outer loop
      vertex -24 -38 3
      vertex -21.4186 -33.5975 3
      vertex -21.56 -33.6421 3
    endloop
  endfacet
  facet normal 0 0 1
    outer loop
      vertex -24 -38 3
      vertex -21.56 -33.6421 3
      vertex -21.7048 -33.6742 3
    endloop
  endfacet
  facet normal 0 0 1
    outer loop
      vertex -24 -38 3
      vertex -21.7048 -33.6742 3
      vertex -21.8518 -33.6935 3
    endloop
  endfacet
  facet normal 0 0 1
    outer loop
      vertex -24 -38 3
      vertex -21.8518 -33.6935 3
      vertex -22 -33.7 3
    endloop
  endfacet
  facet normal 0 0 1
    outer loop
      vertex -24 -38 3
      vertex -22 -33.7 3
      vertex -22.1482 -33.6935 3
    endloop
  endfacet
  facet normal 0 0 1
    outer loop
      vertex -20.6977 -33.0927 3
      vertex -24 -38 3
      vertex 24 -38 3
    endloop
  endfacet
  facet normal 0 0 1
    outer loop
      vertex -22.2952 -33.6742 3
      vertex -24 -38 3
      vertex -22.1482 -33.6935 3
    endloop
  endfacet
  facet normal 0 0 1
    outer loop
      vertex -22.44 -33.6421 3
      vertex -24 -38 3
      vertex -22.2952 -33.6742 3
    endloop
  endfacet
  facet normal 0 0 1
    outer loop
      vertex -22.5814 -33.5975 3
      vertex -24 -38 3
      vertex -22.44 -33.6421 3
    endloop
  endfacet
  facet normal 0 0 1
    outer loop
      vertex -22.7185 -33.5407 3
      vertex -24 -38 3
      vertex -22.5814 -33.5975 3
    endloop
  endfacet
  facet normal 0 0 1
    outer loop
      vertex -22.85 -33.4722 3
      vertex -24 -38 3
      vertex -22.7185 -33.5407 3
    endloop
  endfacet
  facet normal 0 0 1
    outer loop
      vertex -24.6946 -37.9392 3
      vertex -22.85 -33.4722 3
      vertex -22.9751 -33.3926 3
    endloop
  endfacet
  facet normal 0 0 1
    outer loop
      vertex -25.0353 -37.8637 3
      vertex -22.9751 -33.3926 3
      vertex -23.0927 -33.3023 3
    endloop
  endfacet
  facet normal 0 0 1
    outer loop
      vertex -25.0353 -37.8637 3
      vertex -23.0927 -33.3023 3
      vertex -23.2021 -33.2021 3
    endloop
  endfacet
  facet normal 0 0 1
    outer loop
      vertex -25.0353 -37.8637 3
      vertex -23.2021 -33.2021 3
      vertex -23.3023 -33.0927 3
    endloop
  endfacet
  facet normal 0 0 1
    outer loop
      vertex -25.0353 -37.8637 3
      vertex -23.3023 -33.0927 3
      vertex -23.3926 -32.9751 3
    endloop
  endfacet
  facet normal 0 0 1
    outer loop
      vertex -25.0353 -37.8637 3
      vertex -23.3926 -32.9751 3
      vertex -23.4722 -32.85 3
    endloop
  endfacet
  facet normal 0 0 1
    outer loop
      vertex -25.0353 -37.8637 3
      vertex -23.4722 -32.85 3
      vertex -23.5407 -32.7185 3
    endloop
  endfacet
  facet normal 0 0 1
    outer loop
      vertex -25.0353 -37.8637 3
      vertex -23.5407 -32.7185 3
      vertex -23.5975 -32.5814 3
    endloop
  endfacet
  facet normal 0 0 1
    outer loop
      vertex -25.0353 -37.8637 3
      vertex -23.5975 -32.5814 3
      vertex -23.6421 -32.44 3
    endloop
  endfacet
  facet normal 0 0 1
    outer loop
      vertex -25.0353 -37.8637 3
      vertex -23.6421 -32.44 3
      vertex -23.6742 -32.2952 3
    endloop
  endfacet
  facet normal 0 0 1
    outer loop
      vertex -25.0353 -37.8637 3
      vertex -23.6742 -32.2952 3
      vertex -23.6935 -32.1482 3
    endloop
  endfacet
  facet normal 0 0 1
    outer loop
      vertex -25.0353 -37.8637 3
      vertex -23.6935 -32.1482 3
      vertex -23.7 -32 3
    endloop
  endfacet
  facet normal 0 0 1
    outer loop
      vertex -23.6742 -31.7048 3
      vertex -25.0353 -37.8637 3
      vertex -23.6935 -31.8518 3
    endloop
  endfacet
  facet normal 0 0 1
    outer loop
      vertex -25.2 35 3
      vertex -24 38 3
      vertex -24.3486 37.9848 3
    endloop
  endfacet
  facet normal 0 0 1
    outer loop
      vertex -23.6935 -31.8518 3
      vertex -25.0353 -37.8637 3
      vertex -23.7 -32 3
    endloop
  endfacet
  facet normal 0 0 1
    outer loop
      vertex -25.2 35 3
      vertex -24.3486 37.9848 3
      vertex -24.6946 37.9392 3
    endloop
  endfacet
  facet normal 0 0 1
    outer loop
      vertex -22.9751 -33.3926 3
      vertex -25.0353 -37.8637 3
      vertex -24.6946 -37.9392 3
    endloop
  endfacet
  facet normal 0 0 1
    outer loop
      vertex -25.2 35 3
      vertex -24.6946 37.9392 3
      vertex -25.0353 37.8637 3
    endloop
  endfacet
  facet normal 0 0 1
    outer loop
      vertex -22.85 -33.4722 3
      vertex -24.3486 -37.9848 3
      vertex -24 -38 3
    endloop
  endfacet
  facet normal 0 0 1
    outer loop
      vertex -22.85 -33.4722 3
      vertex -24.6946 -37.9392 3
      vertex -24.3486 -37.9848 3
    endloop
  endfacet
  facet normal -0 0 1
    outer loop
      vertex -25.3681 37.7588 3
      vertex -25.2 35 3
      vertex -25.0353 37.8637 3
    endloop
  endfacet
  facet normal -0 0 1
    outer loop
      vertex -25.6905 37.6252 3
      vertex -25.2 35 3
      vertex -25.3681 37.7588 3
    endloop
  endfacet
  facet normal -0 0 1
    outer loop
      vertex -26 37.4641 3
      vertex -25.2 35 3
      vertex -25.6905 37.6252 3
    endloop
  endfacet
  facet normal -0 0 1
    outer loop
      vertex -26.2943 37.2766 3
      vertex -25.2 35 3
      vertex -26 37.4641 3
    endloop
  endfacet
  facet normal -0 0 1
    outer loop
      vertex -26.5712 37.0642 3
      vertex -25.2 35 3
      vertex -26.2943 37.2766 3
    endloop
  endfacet
  facet normal -0 0 1
    outer loop
      vertex -26.8284 36.8284 3
      vertex -25.2 35 3
      vertex -26.5712 37.0642 3
    endloop
  endfacet
  facet normal -0 0 1
    outer loop
      vertex -27.0642 36.5712 3
      vertex -25.2 35 3
      vertex -26.8284 36.8284 3
    endloop
  endfacet
  facet normal 0 0 1
    outer loop
      vertex -27.0642 36.5712 3
      vertex -27.2 35 3
      vertex -25.2 35 3
    endloop
  endfacet
  facet normal 0 0 1
    outer loop
      vertex -28 34 3
      vertex -27.2 35 3
      vertex -27.2766 36.2943 3
    endloop
  endfacet
  facet normal 0 0 1
    outer loop
      vertex -27.2 35 3
      vertex -28 34 3
      vertex -27.2 25 3
    endloop
  endfacet
  facet normal 0 0 1
    outer loop
      vertex -27.2 25 3
      vertex -28 34 3
      vertex -27.2 -25 3
    endloop
  endfacet
  facet normal -0 0 1
    outer loop
      vertex -27.2766 36.2943 3
      vertex -27.2 35 3
      vertex -27.0642 36.5712 3
    endloop
  endfacet
  facet normal 0 0 1
    outer loop
      vertex 25.2 -25 3
      vertex 23.0927 -30.6977 3
      vertex 23.2021 -30.7979 3
    endloop
  endfacet
  facet normal -0 0 1
    outer loop
      vertex 21.4713 -11.7192 3
      vertex 25.2 -25 3
      vertex 21.5485 -11.6485 3
    endloop
  endfacet
  facet normal 0 0 1
    outer loop
      vertex 25.2 -25 3
      vertex 22.9751 -30.6074 3
      vertex 23.0927 -30.6977 3
    endloop
  endfacet
  facet normal -0 0 1
    outer loop
      vertex 21.3883 -11.783 3
      vertex 25.2 -25 3
      vertex 21.4713 -11.7192 3
    endloop
  endfacet
  facet normal 0 0 1
    outer loop
      vertex 25.2 -25 3
      vertex 22.85 -30.5278 3
      vertex 22.9751 -30.6074 3
    endloop
  endfacet
  facet normal -0 0 1
    outer loop
      vertex 21.3 -11.8392 3
      vertex 25.2 -25 3
      vertex 21.3883 -11.783 3
    endloop
  endfacet
  facet normal 0 0 1
    outer loop
      vertex 25.2 -25 3
      vertex 22.7185 -30.4593 3
      vertex 22.85 -30.5278 3
    endloop
  endfacet
  facet normal -0 0 1
    outer loop
      vertex 21.2071 -11.8876 3
      vertex 25.2 -25 3
      vertex 21.3 -11.8392 3
    endloop
  endfacet
  facet normal 0 0 1
    outer loop
      vertex 25.2 -25 3
      vertex 22.5814 -30.4025 3
      vertex 22.7185 -30.4593 3
    endloop
  endfacet
  facet normal -0 0 1
    outer loop
      vertex 16 -23 3
      vertex 25.2 -25 3
      vertex 16 -21 3
    endloop
  endfacet
  facet normal 0 0 1
    outer loop
      vertex 25.2 -25 3
      vertex 22.44 -30.3579 3
      vertex 22.5814 -30.4025 3
    endloop
  endfacet
  facet normal -0 0 1
    outer loop
      vertex 15.9924 -23.1743 3
      vertex 25.2 -25 3
      vertex 16 -23 3
    endloop
  endfacet
  facet normal 0 0 1
    outer loop
      vertex 25.2 -25 3
      vertex 22.2952 -30.3258 3
      vertex 22.44 -30.3579 3
    endloop
  endfacet
  facet normal -0 0 1
    outer loop
      vertex 21.1104 -11.9276 3
      vertex 25.2 -25 3
      vertex 21.2071 -11.8876 3
    endloop
  endfacet
  facet normal -0 0 1
    outer loop
      vertex 21.0106 -11.9591 3
      vertex 25.2 -25 3
      vertex 21.1104 -11.9276 3
    endloop
  endfacet
  facet normal 0 0 1
    outer loop
      vertex 25.2 -25 3
      vertex 21.0106 -11.9591 3
      vertex 16 -21 3
    endloop
  endfacet
  facet normal 0 0 1
    outer loop
      vertex 16 -21 3
      vertex 21.0106 -11.9591 3
      vertex 20.9084 -11.9818 3
    endloop
  endfacet
  facet normal 0 0 1
    outer loop
      vertex 16 -21 3
      vertex 20.9084 -11.9818 3
      vertex 20.8046 -11.9954 3
    endloop
  endfacet
  facet normal 0 0 1
    outer loop
      vertex 25.2 -25 3
      vertex 22.1482 -30.3065 3
      vertex 22.2952 -30.3258 3
    endloop
  endfacet
  facet normal 0 0 1
    outer loop
      vertex 16 -21 3
      vertex 20.8046 -11.9954 3
      vertex 20.7 -12 3
    endloop
  endfacet
  facet normal -0 0 1
    outer loop
      vertex 15.9696 -23.3473 3
      vertex 25.2 -25 3
      vertex 15.9924 -23.1743 3
    endloop
  endfacet
  facet normal 0 0 1
    outer loop
      vertex 16 -21 3
      vertex 20.7 -12 3
      vertex 19.3 -12 3
    endloop
  endfacet
  facet normal 0 0 1
    outer loop
      vertex 25.2 -25 3
      vertex 22 -30.3 3
      vertex 22.1482 -30.3065 3
    endloop
  endfacet
  facet normal -0 0 1
    outer loop
      vertex 15.9319 -23.5176 3
      vertex 25.2 -25 3
      vertex 15.9696 -23.3473 3
    endloop
  endfacet
  facet normal 0 0 1
    outer loop
      vertex 25.2 -25 3
      vertex 21.8518 -30.3065 3
      vertex 22 -30.3 3
    endloop
  endfacet
  facet normal -0 0 1
    outer loop
      vertex 15.8794 -23.684 3
      vertex 25.2 -25 3
      vertex 15.9319 -23.5176 3
    endloop
  endfacet
  facet normal 0 0 1
    outer loop
      vertex 25.2 -25 3
      vertex 21.7048 -30.3258 3
      vertex 21.8518 -30.3065 3
    endloop
  endfacet
  facet normal 0 -0 1
    outer loop
      vertex 21.56 -30.3579 3
      vertex 25.2 -25 3
      vertex 15.8794 -23.684 3
    endloop
  endfacet
  facet normal 0 0 1
    outer loop
      vertex 25.2 -25 3
      vertex 21.56 -30.3579 3
      vertex 21.7048 -30.3258 3
    endloop
  endfacet
  facet normal -0 0 1
    outer loop
      vertex 15.8126 -23.8452 3
      vertex 21.56 -30.3579 3
      vertex 15.8794 -23.684 3
    endloop
  endfacet
  facet normal 0 0 1
    outer loop
      vertex 21.56 -30.3579 3
      vertex 15.8126 -23.8452 3
      vertex 21.4186 -30.4025 3
    endloop
  endfacet
  facet normal -0 0 1
    outer loop
      vertex 15.7321 -24 3
      vertex 21.4186 -30.4025 3
      vertex 15.8126 -23.8452 3
    endloop
  endfacet
  facet normal 0 0 1
    outer loop
      vertex 21.4186 -30.4025 3
      vertex 15.7321 -24 3
      vertex 21.2815 -30.4593 3
    endloop
  endfacet
  facet normal -0 0 1
    outer loop
      vertex 15.6383 -24.1472 3
      vertex 21.2815 -30.4593 3
      vertex 15.7321 -24 3
    endloop
  endfacet
  facet normal 0 0 1
    outer loop
      vertex 21.2815 -30.4593 3
      vertex 15.6383 -24.1472 3
      vertex 21.15 -30.5278 3
    endloop
  endfacet
  facet normal -0 0 1
    outer loop
      vertex 15.5321 -24.2856 3
      vertex 21.15 -30.5278 3
      vertex 15.6383 -24.1472 3
    endloop
  endfacet
  facet normal 0 0 1
    outer loop
      vertex 21.15 -30.5278 3
      vertex 15.5321 -24.2856 3
      vertex 21.0249 -30.6074 3
    endloop
  endfacet
  facet normal -0 0 1
    outer loop
      vertex 15.4142 -24.4142 3
      vertex 21.0249 -30.6074 3
      vertex 15.5321 -24.2856 3
    endloop
  endfacet
  facet normal -0 0 1
    outer loop
      vertex 25.2 25 3
      vertex 27.2 -25 3
      vertex 27.2 25 3
    endloop
  endfacet
  facet normal 0 0 1
    outer loop
      vertex 27.2 -25 3
      vertex 25.2 25 3
      vertex 25.2 -25 3
    endloop
  endfacet
  facet normal 0 0 1
    outer loop
      vertex 27.2 35 3
      vertex 28 34 3
      vertex 27.9848 34.3486 3
    endloop
  endfacet
  facet normal 0 0 1
    outer loop
      vertex 28 34 3
      vertex 27.2 25 3
      vertex 28 -34 3
    endloop
  endfacet
  facet normal 0 0 1
    outer loop
      vertex 27.2 35 3
      vertex 27.9848 34.3486 3
      vertex 27.9392 34.6946 3
    endloop
  endfacet
  facet normal -0 0 1
    outer loop
      vertex 27.2 -25 3
      vertex 28 -34 3
      vertex 27.2 25 3
    endloop
  endfacet
  facet normal -0 0 1
    outer loop
      vertex 27.2 35 3
      vertex 27.9392 34.6946 3
      vertex 27.8637 35.0353 3
    endloop
  endfacet
  facet normal 0 0 1
    outer loop
      vertex 27.2 -35 3
      vertex 28 -34 3
      vertex 27.2 -25 3
    endloop
  endfacet
  facet normal 0 0 1
    outer loop
      vertex 27.2 35 3
      vertex 27.8637 35.0353 3
      vertex 27.7588 35.3681 3
    endloop
  endfacet
  facet normal 0 0 1
    outer loop
      vertex 28 -34 3
      vertex 27.2 -35 3
      vertex 27.9848 -34.3486 3
    endloop
  endfacet
  facet normal 0 0 1
    outer loop
      vertex 27.2 35 3
      vertex 27.7588 35.3681 3
      vertex 27.6252 35.6905 3
    endloop
  endfacet
  facet normal 0 0 1
    outer loop
      vertex 27.9848 -34.3486 3
      vertex 27.2 -35 3
      vertex 27.9392 -34.6946 3
    endloop
  endfacet
  facet normal 0 0 1
    outer loop
      vertex 27.2 35 3
      vertex 27.6252 35.6905 3
      vertex 27.4641 36 3
    endloop
  endfacet
  facet normal 0 0 1
    outer loop
      vertex 27.9392 -34.6946 3
      vertex 27.2 -35 3
      vertex 27.8637 -35.0353 3
    endloop
  endfacet
  facet normal 0 0 1
    outer loop
      vertex 27.2 35 3
      vertex 27.4641 36 3
      vertex 27.2766 36.2943 3
    endloop
  endfacet
  facet normal 0 0 1
    outer loop
      vertex 27.8637 -35.0353 3
      vertex 27.2 -35 3
      vertex 27.7588 -35.3681 3
    endloop
  endfacet
  facet normal 0 0 1
    outer loop
      vertex 28 34 3
      vertex 27.2 35 3
      vertex 27.2 25 3
    endloop
  endfacet
  facet normal 0 0 1
    outer loop
      vertex 27.0642 36.5712 3
      vertex 27.2 35 3
      vertex 27.2766 36.2943 3
    endloop
  endfacet
  facet normal 0 0 1
    outer loop
      vertex 25.2 35 3
      vertex 27.0642 36.5712 3
      vertex 26.8284 36.8284 3
    endloop
  endfacet
  facet normal 0 0 1
    outer loop
      vertex 25.2 35 3
      vertex 26.8284 36.8284 3
      vertex 26.5712 37.0642 3
    endloop
  endfacet
  facet normal 0 0 1
    outer loop
      vertex 25.2 35 3
      vertex 26.5712 37.0642 3
      vertex 26.2943 37.2766 3
    endloop
  endfacet
  facet normal 0 0 1
    outer loop
      vertex 25.2 35 3
      vertex 26.2943 37.2766 3
      vertex 26 37.4641 3
    endloop
  endfacet
  facet normal 0 0 1
    outer loop
      vertex 25.2 35 3
      vertex 26 37.4641 3
      vertex 25.6905 37.6252 3
    endloop
  endfacet
  facet normal 0 0 1
    outer loop
      vertex 25.2 35 3
      vertex 25.6905 37.6252 3
      vertex 25.3681 37.7588 3
    endloop
  endfacet
  facet normal 0 0 1
    outer loop
      vertex 27.0642 36.5712 3
      vertex 25.2 35 3
      vertex 27.2 35 3
    endloop
  endfacet
  facet normal 0 0 1
    outer loop
      vertex 23.6935 31.8518 3
      vertex 25.2 35 3
      vertex 23.7 32 3
    endloop
  endfacet
  facet normal 0 0 1
    outer loop
      vertex 23.6742 31.7048 3
      vertex 25.2 35 3
      vertex 23.6935 31.8518 3
    endloop
  endfacet
  facet normal 0 0 1
    outer loop
      vertex 24.6946 37.9392 3
      vertex 25.2 35 3
      vertex 25.0353 37.8637 3
    endloop
  endfacet
  facet normal 0 0 1
    outer loop
      vertex 25.0353 37.8637 3
      vertex 25.2 35 3
      vertex 25.3681 37.7588 3
    endloop
  endfacet
  facet normal 0 0 1
    outer loop
      vertex 27.7588 -35.3681 3
      vertex 27.2 -35 3
      vertex 27.6252 -35.6905 3
    endloop
  endfacet
  facet normal 0 0 1
    outer loop
      vertex 27.6252 -35.6905 3
      vertex 27.2 -35 3
      vertex 27.4641 -36 3
    endloop
  endfacet
  facet normal 0 0 1
    outer loop
      vertex 27.4641 -36 3
      vertex 27.2 -35 3
      vertex 27.2766 -36.2943 3
    endloop
  endfacet
  facet normal 0 0 1
    outer loop
      vertex 27.2 -35 3
      vertex 27.0642 -36.5712 3
      vertex 27.2766 -36.2943 3
    endloop
  endfacet
  facet normal -0 0 1
    outer loop
      vertex 25.2 -35 3
      vertex 27.0642 -36.5712 3
      vertex 27.2 -35 3
    endloop
  endfacet
  facet normal 0 0 1
    outer loop
      vertex 27.0642 -36.5712 3
      vertex 25.2 -35 3
      vertex 26.8284 -36.8284 3
    endloop
  endfacet
  facet normal 0 0 1
    outer loop
      vertex 26.8284 -36.8284 3
      vertex 25.2 -35 3
      vertex 26.5712 -37.0642 3
    endloop
  endfacet
  facet normal 0 0 1
    outer loop
      vertex 26.5712 -37.0642 3
      vertex 25.2 -35 3
      vertex 26.2943 -37.2766 3
    endloop
  endfacet
  facet normal 0 0 1
    outer loop
      vertex 26.2943 -37.2766 3
      vertex 25.2 -35 3
      vertex 26 -37.4641 3
    endloop
  endfacet
  facet normal 0 0 1
    outer loop
      vertex 26 -37.4641 3
      vertex 25.2 -35 3
      vertex 25.6905 -37.6252 3
    endloop
  endfacet
  facet normal 0 0 1
    outer loop
      vertex 25.6905 -37.6252 3
      vertex 25.2 -35 3
      vertex 25.3681 -37.7588 3
    endloop
  endfacet
  facet normal 0 0 1
    outer loop
      vertex 25.2 -35 3
      vertex 25.0353 -37.8637 3
      vertex 25.3681 -37.7588 3
    endloop
  endfacet
  facet normal 0 0 1
    outer loop
      vertex 25.2 35 3
      vertex 23.6742 31.7048 3
      vertex 25.2 25 3
    endloop
  endfacet
  facet normal 0 0 1
    outer loop
      vertex 24.3486 37.9848 3
      vertex 25.2 35 3
      vertex 24.6946 37.9392 3
    endloop
  endfacet
  facet normal -0 0 1
    outer loop
      vertex 23.7 -32 3
      vertex 25.2 -35 3
      vertex 25.2 -25 3
    endloop
  endfacet
  facet normal 0 0 1
    outer loop
      vertex 24 38 3
      vertex 25.2 35 3
      vertex 24.3486 37.9848 3
    endloop
  endfacet
  facet normal 0 -0 1
    outer loop
      vertex 24.3486 -37.9848 3
      vertex 25.2 -35 3
      vertex 24 -38 3
    endloop
  endfacet
  facet normal 0 0 1
    outer loop
      vertex 22.44 33.6421 3
      vertex 25.2 35 3
      vertex 24 38 3
    endloop
  endfacet
  facet normal 0 0 1
    outer loop
      vertex 25.2 -35 3
      vertex 24.6946 -37.9392 3
      vertex 25.0353 -37.8637 3
    endloop
  endfacet
  facet normal 0 0 1
    outer loop
      vertex 25.2 -35 3
      vertex 24.3486 -37.9848 3
      vertex 24.6946 -37.9392 3
    endloop
  endfacet
  facet normal 0 0 1
    outer loop
      vertex 25.2 35 3
      vertex 23.6935 32.1482 3
      vertex 23.7 32 3
    endloop
  endfacet
  facet normal 0 0 1
    outer loop
      vertex 25.2 35 3
      vertex 23.6742 32.2952 3
      vertex 23.6935 32.1482 3
    endloop
  endfacet
  facet normal 0 0 1
    outer loop
      vertex 25.2 35 3
      vertex 23.6421 32.44 3
      vertex 23.6742 32.2952 3
    endloop
  endfacet
  facet normal 0 0 1
    outer loop
      vertex 25.2 35 3
      vertex 23.5975 32.5814 3
      vertex 23.6421 32.44 3
    endloop
  endfacet
  facet normal 0 0 1
    outer loop
      vertex 25.2 35 3
      vertex 23.5407 32.7185 3
      vertex 23.5975 32.5814 3
    endloop
  endfacet
  facet normal 0 0 1
    outer loop
      vertex 25.2 35 3
      vertex 23.4722 32.85 3
      vertex 23.5407 32.7185 3
    endloop
  endfacet
  facet normal 0 0 1
    outer loop
      vertex 25.2 35 3
      vertex 23.3926 32.9751 3
      vertex 23.4722 32.85 3
    endloop
  endfacet
  facet normal 0 0 1
    outer loop
      vertex 25.2 35 3
      vertex 23.3023 33.0927 3
      vertex 23.3926 32.9751 3
    endloop
  endfacet
  facet normal 0 0 1
    outer loop
      vertex 25.2 35 3
      vertex 23.2021 33.2021 3
      vertex 23.3023 33.0927 3
    endloop
  endfacet
  facet normal 0 0 1
    outer loop
      vertex 25.2 35 3
      vertex 23.0927 33.3023 3
      vertex 23.2021 33.2021 3
    endloop
  endfacet
  facet normal 0 0 1
    outer loop
      vertex 25.2 35 3
      vertex 22.9751 33.3926 3
      vertex 23.0927 33.3023 3
    endloop
  endfacet
  facet normal 0 0 1
    outer loop
      vertex 25.2 35 3
      vertex 22.85 33.4722 3
      vertex 22.9751 33.3926 3
    endloop
  endfacet
  facet normal 0 0 1
    outer loop
      vertex 25.2 35 3
      vertex 22.7185 33.5407 3
      vertex 22.85 33.4722 3
    endloop
  endfacet
  facet normal 0 0 1
    outer loop
      vertex 25.2 35 3
      vertex 22.5814 33.5975 3
      vertex 22.7185 33.5407 3
    endloop
  endfacet
  facet normal 0 0 1
    outer loop
      vertex 25.2 35 3
      vertex 22.44 33.6421 3
      vertex 22.5814 33.5975 3
    endloop
  endfacet
  facet normal 0 0 1
    outer loop
      vertex 24 38 3
      vertex 22.2952 33.6742 3
      vertex 22.44 33.6421 3
    endloop
  endfacet
  facet normal 0 0 1
    outer loop
      vertex 24 38 3
      vertex 22.1482 33.6935 3
      vertex 22.2952 33.6742 3
    endloop
  endfacet
  facet normal 0 0 1
    outer loop
      vertex 24 38 3
      vertex 22 33.7 3
      vertex 22.1482 33.6935 3
    endloop
  endfacet
  facet normal 0 0 1
    outer loop
      vertex 24 38 3
      vertex 21.8518 33.6935 3
      vertex 22 33.7 3
    endloop
  endfacet
  facet normal 0 0 1
    outer loop
      vertex 24 38 3
      vertex 21.7048 33.6742 3
      vertex 21.8518 33.6935 3
    endloop
  endfacet
  facet normal 0 0 1
    outer loop
      vertex 24 38 3
      vertex 21.56 33.6421 3
      vertex 21.7048 33.6742 3
    endloop
  endfacet
  facet normal 0 0 1
    outer loop
      vertex 24 38 3
      vertex 21.4186 33.5975 3
      vertex 21.56 33.6421 3
    endloop
  endfacet
  facet normal 0 0 1
    outer loop
      vertex 24 38 3
      vertex 21.2815 33.5407 3
      vertex 21.4186 33.5975 3
    endloop
  endfacet
  facet normal 0 0 1
    outer loop
      vertex 24 38 3
      vertex 21.15 33.4722 3
      vertex 21.2815 33.5407 3
    endloop
  endfacet
  facet normal 0 0 1
    outer loop
      vertex 24 38 3
      vertex 21.0249 33.3926 3
      vertex 21.15 33.4722 3
    endloop
  endfacet
  facet normal 0 0 1
    outer loop
      vertex 24 38 3
      vertex 20.9073 33.3023 3
      vertex 21.0249 33.3926 3
    endloop
  endfacet
  facet normal 0 0 1
    outer loop
      vertex 24 38 3
      vertex 20.7979 33.2021 3
      vertex 20.9073 33.3023 3
    endloop
  endfacet
  facet normal 0 0 1
    outer loop
      vertex 24 38 3
      vertex 20.6977 33.0927 3
      vertex 20.7979 33.2021 3
    endloop
  endfacet
  facet normal 0 0 1
    outer loop
      vertex -20.6977 33.0927 3
      vertex 20.6977 33.0927 3
      vertex 24 38 3
    endloop
  endfacet
  facet normal 0 0 1
    outer loop
      vertex 14 25 3
      vertex 20.3 32 3
      vertex 20.3065 32.1482 3
    endloop
  endfacet
  facet normal 0 0 1
    outer loop
      vertex 25.2 25 3
      vertex 15.9319 20.4824 3
      vertex 21.0106 11.9591 3
    endloop
  endfacet
  facet normal 0 0 1
    outer loop
      vertex 21.0106 11.9591 3
      vertex 15.9319 20.4824 3
      vertex 20.9084 11.9818 3
    endloop
  endfacet
  facet normal -0 0 1
    outer loop
      vertex 15.8794 20.316 3
      vertex 20.9084 11.9818 3
      vertex 15.9319 20.4824 3
    endloop
  endfacet
  facet normal 0 0 1
    outer loop
      vertex 20.9084 11.9818 3
      vertex 15.8794 20.316 3
      vertex 20.8046 11.9954 3
    endloop
  endfacet
  facet normal -0 0 1
    outer loop
      vertex 15.8126 20.1548 3
      vertex 20.8046 11.9954 3
      vertex 15.8794 20.316 3
    endloop
  endfacet
  facet normal 0 0 1
    outer loop
      vertex 20.8046 11.9954 3
      vertex 15.8126 20.1548 3
      vertex 20.7 12 3
    endloop
  endfacet
  facet normal -0 0 1
    outer loop
      vertex 15.7321 20 3
      vertex 20.7 12 3
      vertex 15.8126 20.1548 3
    endloop
  endfacet
  facet normal -0 0 1
    outer loop
      vertex 15.6383 19.8528 3
      vertex 20.7 12 3
      vertex 15.7321 20 3
    endloop
  endfacet
  facet normal 0 0 1
    outer loop
      vertex 20.7 12 3
      vertex 15.6383 19.8528 3
      vertex 19.3 12 3
    endloop
  endfacet
  facet normal -0 0 1
    outer loop
      vertex 15.5321 19.7144 3
      vertex 19.3 12 3
      vertex 15.6383 19.8528 3
    endloop
  endfacet
  facet normal 0 0 1
    outer loop
      vertex 19.3 12 3
      vertex 15.5321 19.7144 3
      vertex 19.1954 11.9954 3
    endloop
  endfacet
  facet normal -0 0 1
    outer loop
      vertex 15.4142 19.5858 3
      vertex 19.1954 11.9954 3
      vertex 15.5321 19.7144 3
    endloop
  endfacet
  facet normal 0 0 1
    outer loop
      vertex 19.1954 11.9954 3
      vertex 15.4142 19.5858 3
      vertex 19.0916 11.9818 3
    endloop
  endfacet
  facet normal -0 0 1
    outer loop
      vertex 15.2856 19.4679 3
      vertex 19.0916 11.9818 3
      vertex 15.4142 19.5858 3
    endloop
  endfacet
  facet normal 0 0 1
    outer loop
      vertex 19.0916 11.9818 3
      vertex 15.2856 19.4679 3
      vertex 18.9894 11.9591 3
    endloop
  endfacet
  facet normal -0 0 1
    outer loop
      vertex 15.1472 19.3617 3
      vertex 18.9894 11.9591 3
      vertex 15.2856 19.4679 3
    endloop
  endfacet
  facet normal 0 0 1
    outer loop
      vertex 18.9894 11.9591 3
      vertex 15.1472 19.3617 3
      vertex 18.8896 11.9276 3
    endloop
  endfacet
  facet normal 0 0 1
    outer loop
      vertex 18.7929 11.8876 3
      vertex 15 19.2679 3
      vertex 18.7 11.8392 3
    endloop
  endfacet
  facet normal 0 0 1
    outer loop
      vertex 18.8896 11.9276 3
      vertex 15 19.2679 3
      vertex 18.7929 11.8876 3
    endloop
  endfacet
  facet normal -0 0 1
    outer loop
      vertex 15 19.2679 3
      vertex 18.8896 11.9276 3
      vertex 15.1472 19.3617 3
    endloop
  endfacet
  facet normal 0 0 1
    outer loop
      vertex 14 25 3
      vertex 20.3065 32.1482 3
      vertex 20.3258 32.2952 3
    endloop
  endfacet
  facet normal 0 0 1
    outer loop
      vertex 14 25 3
      vertex 20.3258 32.2952 3
      vertex 20.3579 32.44 3
    endloop
  endfacet
  facet normal 0 0 1
    outer loop
      vertex 14 25 3
      vertex 20.3579 32.44 3
      vertex 20.4025 32.5814 3
    endloop
  endfacet
  facet normal 0 0 1
    outer loop
      vertex 14 25 3
      vertex 20.4025 32.5814 3
      vertex 20.4593 32.7185 3
    endloop
  endfacet
  facet normal 0 0 1
    outer loop
      vertex 25.2 25 3
      vertex 15.9924 23.1743 3
      vertex 16 23 3
    endloop
  endfacet
  facet normal 0 0 1
    outer loop
      vertex 25.2 25 3
      vertex 15.9696 23.3473 3
      vertex 15.9924 23.1743 3
    endloop
  endfacet
  facet normal 0 0 1
    outer loop
      vertex 25.2 25 3
      vertex 15.9319 23.5176 3
      vertex 15.9696 23.3473 3
    endloop
  endfacet
  facet normal 0 0 1
    outer loop
      vertex 25.2 25 3
      vertex 15.8794 23.684 3
      vertex 15.9319 23.5176 3
    endloop
  endfacet
  facet normal 0 0 1
    outer loop
      vertex 21.56 30.3579 3
      vertex 15.8126 23.8452 3
      vertex 15.8794 23.684 3
    endloop
  endfacet
  facet normal 0 0 1
    outer loop
      vertex 14 25 3
      vertex 20.4593 32.7185 3
      vertex 20.5278 32.85 3
    endloop
  endfacet
  facet normal 0 0 1
    outer loop
      vertex 21.4186 30.4025 3
      vertex 15.7321 24 3
      vertex 15.8126 23.8452 3
    endloop
  endfacet
  facet normal 0 0 1
    outer loop
      vertex 21.2815 30.4593 3
      vertex 15.6383 24.1472 3
      vertex 15.7321 24 3
    endloop
  endfacet
  facet normal 0 0 1
    outer loop
      vertex 21.15 30.5278 3
      vertex 15.5321 24.2856 3
      vertex 15.6383 24.1472 3
    endloop
  endfacet
  facet normal 0 0 1
    outer loop
      vertex 21.0249 30.6074 3
      vertex 15.4142 24.4142 3
      vertex 15.5321 24.2856 3
    endloop
  endfacet
  facet normal 0 0 1
    outer loop
      vertex 20.9073 30.6977 3
      vertex 15.2856 24.5321 3
      vertex 15.4142 24.4142 3
    endloop
  endfacet
  facet normal 0 0 1
    outer loop
      vertex 20.7979 30.7979 3
      vertex 15.1472 24.6383 3
      vertex 15.2856 24.5321 3
    endloop
  endfacet
  facet normal 0 0 1
    outer loop
      vertex -20.5278 32.85 3
      vertex 20.5278 32.85 3
      vertex 20.6074 32.9751 3
    endloop
  endfacet
  facet normal 0 0 1
    outer loop
      vertex 20.6977 30.9073 3
      vertex 15 24.7321 3
      vertex 15.1472 24.6383 3
    endloop
  endfacet
  facet normal 0 0 1
    outer loop
      vertex 20.6977 33.0927 3
      vertex -20.6977 33.0927 3
      vertex 20.6074 32.9751 3
    endloop
  endfacet
  facet normal 0 0 1
    outer loop
      vertex 20.6074 31.0249 3
      vertex 14.8452 24.8126 3
      vertex 15 24.7321 3
    endloop
  endfacet
  facet normal 0 0 1
    outer loop
      vertex 20.5278 31.15 3
      vertex 14.684 24.8794 3
      vertex 14.8452 24.8126 3
    endloop
  endfacet
  facet normal 0 0 1
    outer loop
      vertex 20.4593 31.2815 3
      vertex 14.5176 24.9319 3
      vertex 14.684 24.8794 3
    endloop
  endfacet
  facet normal 0 0 1
    outer loop
      vertex 20.3579 31.56 3
      vertex 14.3473 24.9696 3
      vertex 14.5176 24.9319 3
    endloop
  endfacet
  facet normal 0 0 1
    outer loop
      vertex 20.3258 31.7048 3
      vertex 14.1743 24.9924 3
      vertex 14.3473 24.9696 3
    endloop
  endfacet
  facet normal 0 0 1
    outer loop
      vertex 20.3065 31.8518 3
      vertex 14 25 3
      vertex 14.1743 24.9924 3
    endloop
  endfacet
  facet normal 0 0 1
    outer loop
      vertex 20.5278 32.85 3
      vertex -20.5278 32.85 3
      vertex 14 25 3
    endloop
  endfacet
  facet normal 0 0 1
    outer loop
      vertex 14 25 3
      vertex -20.4593 32.7185 3
      vertex -14 25 3
    endloop
  endfacet
  facet normal -0 -0 1
    outer loop
      vertex -20.4025 32.5814 3
      vertex -14 25 3
      vertex -20.4593 32.7185 3
    endloop
  endfacet
  facet normal -0 -0 1
    outer loop
      vertex -20.3579 32.44 3
      vertex -14 25 3
      vertex -20.4025 32.5814 3
    endloop
  endfacet
  facet normal -0 -0 1
    outer loop
      vertex -20.3258 32.2952 3
      vertex -14 25 3
      vertex -20.3579 32.44 3
    endloop
  endfacet
  facet normal 0 0 1
    outer loop
      vertex -15.2856 24.5321 3
      vertex -20.9073 30.6977 3
      vertex -15.4142 24.4142 3
    endloop
  endfacet
  facet normal 0 0 1
    outer loop
      vertex -15.9924 1.17432 3
      vertex -18.1 10.8 3
      vertex -16 1 3
    endloop
  endfacet
  facet normal 0 0 1
    outer loop
      vertex -16 1 3
      vertex -18.1 10.8 3
      vertex -16 -1 3
    endloop
  endfacet
  facet normal 0 0 1
    outer loop
      vertex -18.1 -10.8 3
      vertex -16 -1 3
      vertex -18.1 10.8 3
    endloop
  endfacet
  facet normal 0 0 1
    outer loop
      vertex -14.8452 -19.1874 3
      vertex -18.7 -11.8392 3
      vertex -15 -19.2679 3
    endloop
  endfacet
  facet normal -0 0 1
    outer loop
      vertex -20.9073 30.6977 3
      vertex -15.2856 24.5321 3
      vertex -20.7979 30.7979 3
    endloop
  endfacet
  facet normal 0 0 1
    outer loop
      vertex -15.1472 24.6383 3
      vertex -20.7979 30.7979 3
      vertex -15.2856 24.5321 3
    endloop
  endfacet
  facet normal 0 0 1
    outer loop
      vertex -14 19 3
      vertex -18.1046 10.9046 3
      vertex -18.1 10.8 3
    endloop
  endfacet
  facet normal 0 0 1
    outer loop
      vertex -14 19 3
      vertex -18.1182 11.0084 3
      vertex -18.1046 10.9046 3
    endloop
  endfacet
  facet normal 0 0 1
    outer loop
      vertex -14 19 3
      vertex -18.1409 11.1106 3
      vertex -18.1182 11.0084 3
    endloop
  endfacet
  facet normal 0 0 1
    outer loop
      vertex -14 19 3
      vertex -18.1724 11.2104 3
      vertex -18.1409 11.1106 3
    endloop
  endfacet
  facet normal 0 0 1
    outer loop
      vertex -14 19 3
      vertex -18.2124 11.3071 3
      vertex -18.1724 11.2104 3
    endloop
  endfacet
  facet normal 0 0 1
    outer loop
      vertex -14 19 3
      vertex -18.2608 11.4 3
      vertex -18.2124 11.3071 3
    endloop
  endfacet
  facet normal 0 0 1
    outer loop
      vertex -14 19 3
      vertex -18.317 11.4883 3
      vertex -18.2608 11.4 3
    endloop
  endfacet
  facet normal 0 0 1
    outer loop
      vertex -14.1743 19.0076 3
      vertex -18.3808 11.5713 3
      vertex -18.317 11.4883 3
    endloop
  endfacet
  facet normal 0 0 1
    outer loop
      vertex -14.3473 19.0304 3
      vertex -18.4515 11.6485 3
      vertex -18.3808 11.5713 3
    endloop
  endfacet
  facet normal 0 0 1
    outer loop
      vertex -14.5176 19.0681 3
      vertex -18.5287 11.7192 3
      vertex -18.4515 11.6485 3
    endloop
  endfacet
  facet normal 0 0 1
    outer loop
      vertex -14.684 19.1206 3
      vertex -18.6117 11.783 3
      vertex -18.5287 11.7192 3
    endloop
  endfacet
  facet normal -0 0 1
    outer loop
      vertex -20.7979 30.7979 3
      vertex -15.1472 24.6383 3
      vertex -20.6977 30.9073 3
    endloop
  endfacet
  facet normal 0 0 1
    outer loop
      vertex -14.8452 19.1874 3
      vertex -18.7 11.8392 3
      vertex -18.6117 11.783 3
    endloop
  endfacet
  facet normal 0 0 1
    outer loop
      vertex -15 19.2679 3
      vertex -18.7929 11.8876 3
      vertex -18.7 11.8392 3
    endloop
  endfacet
  facet normal 0 0 1
    outer loop
      vertex -15 19.2679 3
      vertex -18.8896 11.9276 3
      vertex -18.7929 11.8876 3
    endloop
  endfacet
  facet normal 0 0 1
    outer loop
      vertex -15.1472 19.3617 3
      vertex -18.9894 11.9591 3
      vertex -18.8896 11.9276 3
    endloop
  endfacet
  facet normal 0 0 1
    outer loop
      vertex -15.2856 19.4679 3
      vertex -19.0916 11.9818 3
      vertex -18.9894 11.9591 3
    endloop
  endfacet
  facet normal 0 0 1
    outer loop
      vertex -15.4142 19.5858 3
      vertex -19.1954 11.9954 3
      vertex -19.0916 11.9818 3
    endloop
  endfacet
  facet normal 0 0 1
    outer loop
      vertex -15.5321 19.7144 3
      vertex -19.3 12 3
      vertex -19.1954 11.9954 3
    endloop
  endfacet
  facet normal -0 0 1
    outer loop
      vertex -21.0249 30.6074 3
      vertex -15.4142 24.4142 3
      vertex -20.9073 30.6977 3
    endloop
  endfacet
  facet normal 0 0 1
    outer loop
      vertex -15 24.7321 3
      vertex -20.6977 30.9073 3
      vertex -15.1472 24.6383 3
    endloop
  endfacet
  facet normal -0 0 1
    outer loop
      vertex -20.6977 30.9073 3
      vertex -15 24.7321 3
      vertex -20.6074 31.0249 3
    endloop
  endfacet
  facet normal 0 0 1
    outer loop
      vertex -14.8452 24.8126 3
      vertex -20.6074 31.0249 3
      vertex -15 24.7321 3
    endloop
  endfacet
  facet normal -0 0 1
    outer loop
      vertex -20.6074 31.0249 3
      vertex -14.8452 24.8126 3
      vertex -20.5278 31.15 3
    endloop
  endfacet
  facet normal 0 0 1
    outer loop
      vertex -14.684 24.8794 3
      vertex -20.5278 31.15 3
      vertex -14.8452 24.8126 3
    endloop
  endfacet
  facet normal -0 0 1
    outer loop
      vertex -20.5278 31.15 3
      vertex -14.684 24.8794 3
      vertex -20.4593 31.2815 3
    endloop
  endfacet
  facet normal 0 0 1
    outer loop
      vertex -14.5176 24.9319 3
      vertex -20.4593 31.2815 3
      vertex -14.684 24.8794 3
    endloop
  endfacet
  facet normal -0 0 1
    outer loop
      vertex -20.4593 31.2815 3
      vertex -14.5176 24.9319 3
      vertex -20.4025 31.4186 3
    endloop
  endfacet
  facet normal -0 0 1
    outer loop
      vertex -20.4025 31.4186 3
      vertex -14.5176 24.9319 3
      vertex -20.3579 31.56 3
    endloop
  endfacet
  facet normal 0 0 1
    outer loop
      vertex -14.3473 24.9696 3
      vertex -20.3579 31.56 3
      vertex -14.5176 24.9319 3
    endloop
  endfacet
  facet normal -0 0 1
    outer loop
      vertex -20.3579 31.56 3
      vertex -14.3473 24.9696 3
      vertex -20.3258 31.7048 3
    endloop
  endfacet
  facet normal -0 -0 1
    outer loop
      vertex -20.3065 32.1482 3
      vertex -14 25 3
      vertex -20.3258 32.2952 3
    endloop
  endfacet
  facet normal 0 0 1
    outer loop
      vertex -14.1743 24.9924 3
      vertex -20.3258 31.7048 3
      vertex -14.3473 24.9696 3
    endloop
  endfacet
  facet normal -0 0 1
    outer loop
      vertex -20.3258 31.7048 3
      vertex -14.1743 24.9924 3
      vertex -20.3065 31.8518 3
    endloop
  endfacet
  facet normal 0 0 1
    outer loop
      vertex -14 25 3
      vertex -20.3065 31.8518 3
      vertex -14.1743 24.9924 3
    endloop
  endfacet
  facet normal -0 0 1
    outer loop
      vertex -20.3065 31.8518 3
      vertex -14 25 3
      vertex -20.3 32 3
    endloop
  endfacet
  facet normal -0 -0 1
    outer loop
      vertex -20.3 32 3
      vertex -14 25 3
      vertex -20.3065 32.1482 3
    endloop
  endfacet
  facet normal 0 0 1
    outer loop
      vertex 14 25 3
      vertex -20.5278 32.85 3
      vertex -20.4593 32.7185 3
    endloop
  endfacet
  facet normal 0 0 1
    outer loop
      vertex 20.6074 32.9751 3
      vertex -20.6074 32.9751 3
      vertex -20.5278 32.85 3
    endloop
  endfacet
  facet normal 0 0 1
    outer loop
      vertex 20.6074 32.9751 3
      vertex -20.6977 33.0927 3
      vertex -20.6074 32.9751 3
    endloop
  endfacet
  facet normal -0 0 1
    outer loop
      vertex -24 38 3
      vertex -20.6977 33.0927 3
      vertex 24 38 3
    endloop
  endfacet
  facet normal 0 0 1
    outer loop
      vertex -20.6977 33.0927 3
      vertex -24 38 3
      vertex -20.7979 33.2021 3
    endloop
  endfacet
  facet normal 0 0 1
    outer loop
      vertex -20.7979 33.2021 3
      vertex -24 38 3
      vertex -20.9073 33.3023 3
    endloop
  endfacet
  facet normal 0 0 1
    outer loop
      vertex -20.9073 33.3023 3
      vertex -24 38 3
      vertex -21.0249 33.3926 3
    endloop
  endfacet
  facet normal 0 0 1
    outer loop
      vertex -21.0249 33.3926 3
      vertex -24 38 3
      vertex -21.15 33.4722 3
    endloop
  endfacet
  facet normal 0 0 1
    outer loop
      vertex -21.15 33.4722 3
      vertex -24 38 3
      vertex -21.2815 33.5407 3
    endloop
  endfacet
  facet normal 0 0 1
    outer loop
      vertex -21.2815 33.5407 3
      vertex -24 38 3
      vertex -21.4186 33.5975 3
    endloop
  endfacet
  facet normal 0 0 1
    outer loop
      vertex -21.4186 33.5975 3
      vertex -24 38 3
      vertex -21.56 33.6421 3
    endloop
  endfacet
  facet normal 0 0 1
    outer loop
      vertex -21.56 33.6421 3
      vertex -24 38 3
      vertex -21.7048 33.6742 3
    endloop
  endfacet
  facet normal 0 0 1
    outer loop
      vertex -21.7048 33.6742 3
      vertex -24 38 3
      vertex -21.8518 33.6935 3
    endloop
  endfacet
  facet normal 0 0 1
    outer loop
      vertex -21.8518 33.6935 3
      vertex -24 38 3
      vertex -22 33.7 3
    endloop
  endfacet
  facet normal 0 0 1
    outer loop
      vertex -23.6935 32.1482 3
      vertex -25.2 35 3
      vertex -23.7 32 3
    endloop
  endfacet
  facet normal 0 0 1
    outer loop
      vertex -23.6742 32.2952 3
      vertex -25.2 35 3
      vertex -23.6935 32.1482 3
    endloop
  endfacet
  facet normal 0 0 1
    outer loop
      vertex -23.6421 32.44 3
      vertex -25.2 35 3
      vertex -23.6742 32.2952 3
    endloop
  endfacet
  facet normal 0 0 1
    outer loop
      vertex -23.5975 32.5814 3
      vertex -25.2 35 3
      vertex -23.6421 32.44 3
    endloop
  endfacet
  facet normal 0 0 1
    outer loop
      vertex -23.5407 32.7185 3
      vertex -25.2 35 3
      vertex -23.5975 32.5814 3
    endloop
  endfacet
  facet normal 0 0 1
    outer loop
      vertex -23.4722 32.85 3
      vertex -25.2 35 3
      vertex -23.5407 32.7185 3
    endloop
  endfacet
  facet normal 0 0 1
    outer loop
      vertex -23.3926 32.9751 3
      vertex -25.2 35 3
      vertex -23.4722 32.85 3
    endloop
  endfacet
  facet normal 0 0 1
    outer loop
      vertex -23.3023 33.0927 3
      vertex -25.2 35 3
      vertex -23.3926 32.9751 3
    endloop
  endfacet
  facet normal 0 0 1
    outer loop
      vertex -23.2021 33.2021 3
      vertex -25.2 35 3
      vertex -23.3023 33.0927 3
    endloop
  endfacet
  facet normal 0 0 1
    outer loop
      vertex -23.0927 33.3023 3
      vertex -25.2 35 3
      vertex -23.2021 33.2021 3
    endloop
  endfacet
  facet normal 0 0 1
    outer loop
      vertex -22.9751 33.3926 3
      vertex -25.2 35 3
      vertex -23.0927 33.3023 3
    endloop
  endfacet
  facet normal 0 0 1
    outer loop
      vertex -22.85 33.4722 3
      vertex -25.2 35 3
      vertex -22.9751 33.3926 3
    endloop
  endfacet
  facet normal 0 0 1
    outer loop
      vertex -22.7185 33.5407 3
      vertex -25.2 35 3
      vertex -22.85 33.4722 3
    endloop
  endfacet
  facet normal 0 0 1
    outer loop
      vertex -22.5814 33.5975 3
      vertex -25.2 35 3
      vertex -22.7185 33.5407 3
    endloop
  endfacet
  facet normal 0 0 1
    outer loop
      vertex -22.44 33.6421 3
      vertex -25.2 35 3
      vertex -22.5814 33.5975 3
    endloop
  endfacet
  facet normal -0 0 1
    outer loop
      vertex -25.2 35 3
      vertex -22.44 33.6421 3
      vertex -24 38 3
    endloop
  endfacet
  facet normal 0 0 1
    outer loop
      vertex -22.2952 33.6742 3
      vertex -24 38 3
      vertex -22.44 33.6421 3
    endloop
  endfacet
  facet normal 0 0 1
    outer loop
      vertex -22.1482 33.6935 3
      vertex -24 38 3
      vertex -22.2952 33.6742 3
    endloop
  endfacet
  facet normal 0 0 1
    outer loop
      vertex -22 33.7 3
      vertex -24 38 3
      vertex -22.1482 33.6935 3
    endloop
  endfacet
  facet normal -1 0 0
    outer loop
      vertex -27.2 -35 3
      vertex -27.2 -25 8
      vertex -27.2 -25 3
    endloop
  endfacet
  facet normal -1 -0 0
    outer loop
      vertex -27.2 -25 8
      vertex -27.2 -35 3
      vertex -27.2 -35 8
    endloop
  endfacet
  facet normal 0 1 -0
    outer loop
      vertex -25.2 -25 3
      vertex -27.2 -25 8
      vertex -25.2 -25 8
    endloop
  endfacet
  facet normal 0 1 0
    outer loop
      vertex -27.2 -25 8
      vertex -25.2 -25 3
      vertex -27.2 -25 3
    endloop
  endfacet
  facet normal 0 -1 0
    outer loop
      vertex -27.2 -35 3
      vertex -25.2 -35 8
      vertex -27.2 -35 8
    endloop
  endfacet
  facet normal 0 -1 -0
    outer loop
      vertex -25.2 -35 8
      vertex -27.2 -35 3
      vertex -25.2 -35 3
    endloop
  endfacet
  facet normal 1 -0 0
    outer loop
      vertex -25.2 25 8
      vertex -25.2 35 3
      vertex -25.2 35 8
    endloop
  endfacet
  facet normal 1 0 0
    outer loop
      vertex -25.2 35 3
      vertex -25.2 25 8
      vertex -25.2 25 3
    endloop
  endfacet
  facet normal -0 0 1
    outer loop
      vertex -27.2 35 8
      vertex -25.2 25 8
      vertex -25.2 35 8
    endloop
  endfacet
  facet normal 0 0 1
    outer loop
      vertex -25.2 25 8
      vertex -27.2 35 8
      vertex -27.2 25 8
    endloop
  endfacet
  facet normal -1 0 0
    outer loop
      vertex -27.2 25 3
      vertex -27.2 35 8
      vertex -27.2 35 3
    endloop
  endfacet
  facet normal -1 -0 0
    outer loop
      vertex -27.2 35 8
      vertex -27.2 25 3
      vertex -27.2 25 8
    endloop
  endfacet
  facet normal 0 1 -0
    outer loop
      vertex -25.2 35 3
      vertex -27.2 35 8
      vertex -25.2 35 8
    endloop
  endfacet
  facet normal 0 1 0
    outer loop
      vertex -27.2 35 8
      vertex -25.2 35 3
      vertex -27.2 35 3
    endloop
  endfacet
  facet normal 0 -1 0
    outer loop
      vertex -27.2 25 3
      vertex -25.2 25 8
      vertex -27.2 25 8
    endloop
  endfacet
  facet normal 0 -1 -0
    outer loop
      vertex -25.2 25 8
      vertex -27.2 25 3
      vertex -25.2 25 3
    endloop
  endfacet
  facet normal 1 -0 0
    outer loop
      vertex 27.2 -35 8
      vertex 27.2 -25 3
      vertex 27.2 -25 8
    endloop
  endfacet
  facet normal 1 0 0
    outer loop
      vertex 27.2 -25 3
      vertex 27.2 -35 8
      vertex 27.2 -35 3
    endloop
  endfacet
  facet normal -0 0 1
    outer loop
      vertex 25.2 -25 8
      vertex 27.2 -35 8
      vertex 27.2 -25 8
    endloop
  endfacet
  facet normal 0 0 1
    outer loop
      vertex 27.2 -35 8
      vertex 25.2 -25 8
      vertex 25.2 -35 8
    endloop
  endfacet
  facet normal -1 0 0
    outer loop
      vertex 25.2 -35 3
      vertex 25.2 -25 8
      vertex 25.2 -25 3
    endloop
  endfacet
  facet normal -1 -0 0
    outer loop
      vertex 25.2 -25 8
      vertex 25.2 -35 3
      vertex 25.2 -35 8
    endloop
  endfacet
  facet normal 0 1 -0
    outer loop
      vertex 27.2 -25 3
      vertex 25.2 -25 8
      vertex 27.2 -25 8
    endloop
  endfacet
  facet normal 0 1 0
    outer loop
      vertex 25.2 -25 8
      vertex 27.2 -25 3
      vertex 25.2 -25 3
    endloop
  endfacet
  facet normal 0 -1 0
    outer loop
      vertex 25.2 -35 3
      vertex 27.2 -35 8
      vertex 25.2 -35 8
    endloop
  endfacet
  facet normal 0 -1 -0
    outer loop
      vertex 27.2 -35 8
      vertex 25.2 -35 3
      vertex 27.2 -35 3
    endloop
  endfacet
  facet normal 1 -0 0
    outer loop
      vertex 27.2 25 8
      vertex 27.2 35 3
      vertex 27.2 35 8
    endloop
  endfacet
  facet normal 1 0 0
    outer loop
      vertex 27.2 35 3
      vertex 27.2 25 8
      vertex 27.2 25 3
    endloop
  endfacet
  facet normal -0 0 1
    outer loop
      vertex 25.2 35 8
      vertex 27.2 25 8
      vertex 27.2 35 8
    endloop
  endfacet
  facet normal 0 0 1
    outer loop
      vertex 27.2 25 8
      vertex 25.2 35 8
      vertex 25.2 25 8
    endloop
  endfacet
  facet normal -1 0 0
    outer loop
      vertex 25.2 25 3
      vertex 25.2 35 8
      vertex 25.2 35 3
    endloop
  endfacet
  facet normal -1 -0 0
    outer loop
      vertex 25.2 35 8
      vertex 25.2 25 3
      vertex 25.2 25 8
    endloop
  endfacet
  facet normal 0 1 -0
    outer loop
      vertex 27.2 35 3
      vertex 25.2 35 8
      vertex 27.2 35 8
    endloop
  endfacet
  facet normal 0 1 0
    outer loop
      vertex 25.2 35 8
      vertex 27.2 35 3
      vertex 25.2 35 3
    endloop
  endfacet
  facet normal 0 -1 0
    outer loop
      vertex 25.2 25 3
      vertex 27.2 25 8
      vertex 25.2 25 8
    endloop
  endfacet
  facet normal 0 -1 -0
    outer loop
      vertex 27.2 25 8
      vertex 25.2 25 3
      vertex 27.2 25 3
    endloop
  endfacet
  facet normal -1 0 0
    outer loop
      vertex -28 -34 0
      vertex -28 34 3
      vertex -28 34 0
    endloop
  endfacet
  facet normal -1 -0 0
    outer loop
      vertex -28 34 3
      vertex -28 -34 0
      vertex -28 -34 3
    endloop
  endfacet
  facet normal 0.300624 -0.953743 0
    outer loop
      vertex 25.0353 -37.8637 0
      vertex 25.3681 -37.7588 3
      vertex 25.0353 -37.8637 3
    endloop
  endfacet
  facet normal 0.300624 -0.953743 0
    outer loop
      vertex 25.3681 -37.7588 3
      vertex 25.0353 -37.8637 0
      vertex 25.3681 -37.7588 0
    endloop
  endfacet
  facet normal 0 -1 0
    outer loop
      vertex -24 -38 0
      vertex 24 -38 3
      vertex -24 -38 3
    endloop
  endfacet
  facet normal 0 -1 -0
    outer loop
      vertex 24 -38 3
      vertex -24 -38 0
      vertex 24 -38 0
    endloop
  endfacet
  facet normal 0.0435616 -0.999051 0
    outer loop
      vertex 24 -38 0
      vertex 24.3486 -37.9848 3
      vertex 24 -38 3
    endloop
  endfacet
  facet normal 0.0435616 -0.999051 0
    outer loop
      vertex 24.3486 -37.9848 3
      vertex 24 -38 0
      vertex 24.3486 -37.9848 0
    endloop
  endfacet
  facet normal 1 -0 0
    outer loop
      vertex 28 -34 3
      vertex 28 34 0
      vertex 28 34 3
    endloop
  endfacet
  facet normal 1 0 0
    outer loop
      vertex 28 34 0
      vertex 28 -34 3
      vertex 28 -34 0
    endloop
  endfacet
  facet normal 0.675777 0.737107 -0
    outer loop
      vertex 26.8284 36.8284 0
      vertex 26.5712 37.0642 3
      vertex 26.8284 36.8284 3
    endloop
  endfacet
  facet normal 0.675777 0.737107 0
    outer loop
      vertex 26.5712 37.0642 3
      vertex 26.8284 36.8284 0
      vertex 26.5712 37.0642 0
    endloop
  endfacet
  facet normal -0.130662 -0.991427 0
    outer loop
      vertex -24.6946 -37.9392 0
      vertex -24.3486 -37.9848 3
      vertex -24.6946 -37.9392 3
    endloop
  endfacet
  facet normal -0.130662 -0.991427 -0
    outer loop
      vertex -24.3486 -37.9848 3
      vertex -24.6946 -37.9392 0
      vertex -24.3486 -37.9848 0
    endloop
  endfacet
  facet normal 0.675777 -0.737107 0
    outer loop
      vertex 26.5712 -37.0642 0
      vertex 26.8284 -36.8284 3
      vertex 26.5712 -37.0642 3
    endloop
  endfacet
  facet normal 0.675777 -0.737107 0
    outer loop
      vertex 26.8284 -36.8284 3
      vertex 26.5712 -37.0642 0
      vertex 26.8284 -36.8284 0
    endloop
  endfacet
  facet normal 0.53732 0.843378 -0
    outer loop
      vertex 26.2943 37.2766 0
      vertex 26 37.4641 3
      vertex 26.2943 37.2766 3
    endloop
  endfacet
  facet normal 0.53732 0.843378 0
    outer loop
      vertex 26 37.4641 3
      vertex 26.2943 37.2766 0
      vertex 26 37.4641 0
    endloop
  endfacet
  facet normal 0.999051 -0.0435616 0
    outer loop
      vertex 27.9848 -34.3486 3
      vertex 28 -34 0
      vertex 28 -34 3
    endloop
  endfacet
  facet normal 0.999051 -0.0435616 0
    outer loop
      vertex 28 -34 0
      vertex 27.9848 -34.3486 3
      vertex 27.9848 -34.3486 0
    endloop
  endfacet
  facet normal 0.843378 0.53732 0
    outer loop
      vertex 27.4641 36 3
      vertex 27.2766 36.2943 0
      vertex 27.2766 36.2943 3
    endloop
  endfacet
  facet normal 0.843378 0.53732 0
    outer loop
      vertex 27.2766 36.2943 0
      vertex 27.4641 36 3
      vertex 27.4641 36 0
    endloop
  endfacet
  facet normal -0.382824 -0.923821 0
    outer loop
      vertex -25.6905 -37.6252 0
      vertex -25.3681 -37.7588 3
      vertex -25.6905 -37.6252 3
    endloop
  endfacet
  facet normal -0.382824 -0.923821 -0
    outer loop
      vertex -25.3681 -37.7588 3
      vertex -25.6905 -37.6252 0
      vertex -25.3681 -37.7588 0
    endloop
  endfacet
  facet normal -0.976315 0.216354 0
    outer loop
      vertex -27.9392 34.6946 0
      vertex -27.8637 35.0353 3
      vertex -27.8637 35.0353 0
    endloop
  endfacet
  facet normal -0.976315 0.216354 0
    outer loop
      vertex -27.8637 35.0353 3
      vertex -27.9392 34.6946 0
      vertex -27.9392 34.6946 3
    endloop
  endfacet
  facet normal -0.953743 -0.300624 0
    outer loop
      vertex -27.7588 -35.3681 0
      vertex -27.8637 -35.0353 3
      vertex -27.8637 -35.0353 0
    endloop
  endfacet
  facet normal -0.953743 -0.300624 0
    outer loop
      vertex -27.8637 -35.0353 3
      vertex -27.7588 -35.3681 0
      vertex -27.7588 -35.3681 3
    endloop
  endfacet
  facet normal -0.976315 -0.216354 0
    outer loop
      vertex -27.8637 -35.0353 0
      vertex -27.9392 -34.6946 3
      vertex -27.9392 -34.6946 0
    endloop
  endfacet
  facet normal -0.976315 -0.216354 0
    outer loop
      vertex -27.9392 -34.6946 3
      vertex -27.8637 -35.0353 0
      vertex -27.8637 -35.0353 3
    endloop
  endfacet
  facet normal -0.675777 0.737107 0
    outer loop
      vertex -26.5712 37.0642 0
      vertex -26.8284 36.8284 3
      vertex -26.5712 37.0642 3
    endloop
  endfacet
  facet normal -0.675777 0.737107 0
    outer loop
      vertex -26.8284 36.8284 3
      vertex -26.5712 37.0642 0
      vertex -26.8284 36.8284 0
    endloop
  endfacet
  facet normal -0.300624 -0.953743 0
    outer loop
      vertex -25.3681 -37.7588 0
      vertex -25.0353 -37.8637 3
      vertex -25.3681 -37.7588 3
    endloop
  endfacet
  facet normal -0.300624 -0.953743 -0
    outer loop
      vertex -25.0353 -37.8637 3
      vertex -25.3681 -37.7588 0
      vertex -25.0353 -37.8637 0
    endloop
  endfacet
  facet normal 0.382824 -0.923821 0
    outer loop
      vertex 25.3681 -37.7588 0
      vertex 25.6905 -37.6252 3
      vertex 25.3681 -37.7588 3
    endloop
  endfacet
  facet normal 0.382824 -0.923821 0
    outer loop
      vertex 25.6905 -37.6252 3
      vertex 25.3681 -37.7588 0
      vertex 25.6905 -37.6252 0
    endloop
  endfacet
  facet normal 0.130662 0.991427 -0
    outer loop
      vertex 24.6946 37.9392 0
      vertex 24.3486 37.9848 3
      vertex 24.6946 37.9392 3
    endloop
  endfacet
  facet normal 0.130662 0.991427 0
    outer loop
      vertex 24.3486 37.9848 3
      vertex 24.6946 37.9392 0
      vertex 24.3486 37.9848 0
    endloop
  endfacet
  facet normal 0 1 -0
    outer loop
      vertex 24 38 0
      vertex -24 38 3
      vertex 24 38 3
    endloop
  endfacet
  facet normal 0 1 0
    outer loop
      vertex -24 38 3
      vertex 24 38 0
      vertex -24 38 0
    endloop
  endfacet
  facet normal 0.60863 0.793454 -0
    outer loop
      vertex 26.5712 37.0642 0
      vertex 26.2943 37.2766 3
      vertex 26.5712 37.0642 3
    endloop
  endfacet
  facet normal 0.60863 0.793454 0
    outer loop
      vertex 26.2943 37.2766 3
      vertex 26.5712 37.0642 0
      vertex 26.2943 37.2766 0
    endloop
  endfacet
  facet normal 0.53732 -0.843378 0
    outer loop
      vertex 26 -37.4641 0
      vertex 26.2943 -37.2766 3
      vertex 26 -37.4641 3
    endloop
  endfacet
  facet normal 0.53732 -0.843378 0
    outer loop
      vertex 26.2943 -37.2766 3
      vertex 26 -37.4641 0
      vertex 26.2943 -37.2766 0
    endloop
  endfacet
  facet normal 0.887029 0.461714 0
    outer loop
      vertex 27.6252 35.6905 3
      vertex 27.4641 36 0
      vertex 27.4641 36 3
    endloop
  endfacet
  facet normal 0.887029 0.461714 0
    outer loop
      vertex 27.4641 36 0
      vertex 27.6252 35.6905 3
      vertex 27.6252 35.6905 0
    endloop
  endfacet
  facet normal -0.675777 -0.737107 0
    outer loop
      vertex -26.8284 -36.8284 0
      vertex -26.5712 -37.0642 3
      vertex -26.8284 -36.8284 3
    endloop
  endfacet
  facet normal -0.675777 -0.737107 -0
    outer loop
      vertex -26.5712 -37.0642 3
      vertex -26.8284 -36.8284 0
      vertex -26.5712 -37.0642 0
    endloop
  endfacet
  facet normal 0.216354 0.976315 -0
    outer loop
      vertex 25.0353 37.8637 0
      vertex 24.6946 37.9392 3
      vertex 25.0353 37.8637 3
    endloop
  endfacet
  facet normal 0.216354 0.976315 0
    outer loop
      vertex 24.6946 37.9392 3
      vertex 25.0353 37.8637 0
      vertex 24.6946 37.9392 0
    endloop
  endfacet
  facet normal -0.0435616 0.999051 0
    outer loop
      vertex -24 38 0
      vertex -24.3486 37.9848 3
      vertex -24 38 3
    endloop
  endfacet
  facet normal -0.0435616 0.999051 0
    outer loop
      vertex -24.3486 37.9848 3
      vertex -24 38 0
      vertex -24.3486 37.9848 0
    endloop
  endfacet
  facet normal -0.843378 -0.53732 0
    outer loop
      vertex -27.2766 -36.2943 0
      vertex -27.4641 -36 3
      vertex -27.4641 -36 0
    endloop
  endfacet
  facet normal -0.843378 -0.53732 0
    outer loop
      vertex -27.4641 -36 3
      vertex -27.2766 -36.2943 0
      vertex -27.2766 -36.2943 3
    endloop
  endfacet
  facet normal 0.130662 -0.991427 0
    outer loop
      vertex 24.3486 -37.9848 0
      vertex 24.6946 -37.9392 3
      vertex 24.3486 -37.9848 3
    endloop
  endfacet
  facet normal 0.130662 -0.991427 0
    outer loop
      vertex 24.6946 -37.9392 3
      vertex 24.3486 -37.9848 0
      vertex 24.6946 -37.9392 0
    endloop
  endfacet
  facet normal 0.216354 -0.976315 0
    outer loop
      vertex 24.6946 -37.9392 0
      vertex 25.0353 -37.8637 3
      vertex 24.6946 -37.9392 3
    endloop
  endfacet
  facet normal 0.216354 -0.976315 0
    outer loop
      vertex 25.0353 -37.8637 3
      vertex 24.6946 -37.9392 0
      vertex 25.0353 -37.8637 0
    endloop
  endfacet
  facet normal -0.999051 -0.0435616 0
    outer loop
      vertex -27.9848 -34.3486 0
      vertex -28 -34 3
      vertex -28 -34 0
    endloop
  endfacet
  facet normal -0.999051 -0.0435616 0
    outer loop
      vertex -28 -34 3
      vertex -27.9848 -34.3486 0
      vertex -27.9848 -34.3486 3
    endloop
  endfacet
  facet normal -0.382824 0.923821 0
    outer loop
      vertex -25.3681 37.7588 0
      vertex -25.6905 37.6252 3
      vertex -25.3681 37.7588 3
    endloop
  endfacet
  facet normal -0.382824 0.923821 0
    outer loop
      vertex -25.6905 37.6252 3
      vertex -25.3681 37.7588 0
      vertex -25.6905 37.6252 0
    endloop
  endfacet
  facet normal -0.216354 0.976315 0
    outer loop
      vertex -24.6946 37.9392 0
      vertex -25.0353 37.8637 3
      vertex -24.6946 37.9392 3
    endloop
  endfacet
  facet normal -0.216354 0.976315 0
    outer loop
      vertex -25.0353 37.8637 3
      vertex -24.6946 37.9392 0
      vertex -25.0353 37.8637 0
    endloop
  endfacet
  facet normal -0.887029 -0.461714 0
    outer loop
      vertex -27.4641 -36 0
      vertex -27.6252 -35.6905 3
      vertex -27.6252 -35.6905 0
    endloop
  endfacet
  facet normal -0.887029 -0.461714 0
    outer loop
      vertex -27.6252 -35.6905 3
      vertex -27.4641 -36 0
      vertex -27.4641 -36 3
    endloop
  endfacet
  facet normal -0.923821 -0.382824 0
    outer loop
      vertex -27.6252 -35.6905 0
      vertex -27.7588 -35.3681 3
      vertex -27.7588 -35.3681 0
    endloop
  endfacet
  facet normal -0.923821 -0.382824 0
    outer loop
      vertex -27.7588 -35.3681 3
      vertex -27.6252 -35.6905 0
      vertex -27.6252 -35.6905 3
    endloop
  endfacet
  facet normal -0.60863 0.793454 0
    outer loop
      vertex -26.2943 37.2766 0
      vertex -26.5712 37.0642 3
      vertex -26.2943 37.2766 3
    endloop
  endfacet
  facet normal -0.60863 0.793454 0
    outer loop
      vertex -26.5712 37.0642 3
      vertex -26.2943 37.2766 0
      vertex -26.5712 37.0642 0
    endloop
  endfacet
  facet normal 0.991427 0.130662 0
    outer loop
      vertex 27.9848 34.3486 3
      vertex 27.9392 34.6946 0
      vertex 27.9392 34.6946 3
    endloop
  endfacet
  facet normal 0.991427 0.130662 0
    outer loop
      vertex 27.9392 34.6946 0
      vertex 27.9848 34.3486 3
      vertex 27.9848 34.3486 0
    endloop
  endfacet
  facet normal -0.130662 0.991427 0
    outer loop
      vertex -24.3486 37.9848 0
      vertex -24.6946 37.9392 3
      vertex -24.3486 37.9848 3
    endloop
  endfacet
  facet normal -0.130662 0.991427 0
    outer loop
      vertex -24.6946 37.9392 3
      vertex -24.3486 37.9848 0
      vertex -24.6946 37.9392 0
    endloop
  endfacet
  facet normal 0.461714 0.887029 -0
    outer loop
      vertex 26 37.4641 0
      vertex 25.6905 37.6252 3
      vertex 26 37.4641 3
    endloop
  endfacet
  facet normal 0.461714 0.887029 0
    outer loop
      vertex 25.6905 37.6252 3
      vertex 26 37.4641 0
      vertex 25.6905 37.6252 0
    endloop
  endfacet
  facet normal -0.60863 -0.793454 0
    outer loop
      vertex -26.5712 -37.0642 0
      vertex -26.2943 -37.2766 3
      vertex -26.5712 -37.0642 3
    endloop
  endfacet
  facet normal -0.60863 -0.793454 -0
    outer loop
      vertex -26.2943 -37.2766 3
      vertex -26.5712 -37.0642 0
      vertex -26.2943 -37.2766 0
    endloop
  endfacet
  facet normal -0.461714 0.887029 0
    outer loop
      vertex -25.6905 37.6252 0
      vertex -26 37.4641 3
      vertex -25.6905 37.6252 3
    endloop
  endfacet
  facet normal -0.461714 0.887029 0
    outer loop
      vertex -26 37.4641 3
      vertex -25.6905 37.6252 0
      vertex -26 37.4641 0
    endloop
  endfacet
  facet normal -0.461714 -0.887029 0
    outer loop
      vertex -26 -37.4641 0
      vertex -25.6905 -37.6252 3
      vertex -26 -37.4641 3
    endloop
  endfacet
  facet normal -0.461714 -0.887029 -0
    outer loop
      vertex -25.6905 -37.6252 3
      vertex -26 -37.4641 0
      vertex -25.6905 -37.6252 0
    endloop
  endfacet
  facet normal -0.53732 0.843378 0
    outer loop
      vertex -26 37.4641 0
      vertex -26.2943 37.2766 3
      vertex -26 37.4641 3
    endloop
  endfacet
  facet normal -0.53732 0.843378 0
    outer loop
      vertex -26.2943 37.2766 3
      vertex -26 37.4641 0
      vertex -26.2943 37.2766 0
    endloop
  endfacet
  facet normal -0.953743 0.300624 0
    outer loop
      vertex -27.8637 35.0353 0
      vertex -27.7588 35.3681 3
      vertex -27.7588 35.3681 0
    endloop
  endfacet
  facet normal -0.953743 0.300624 0
    outer loop
      vertex -27.7588 35.3681 3
      vertex -27.8637 35.0353 0
      vertex -27.8637 35.0353 3
    endloop
  endfacet
  facet normal 0.999051 0.0435616 0
    outer loop
      vertex 28 34 3
      vertex 27.9848 34.3486 0
      vertex 27.9848 34.3486 3
    endloop
  endfacet
  facet normal 0.999051 0.0435616 0
    outer loop
      vertex 27.9848 34.3486 0
      vertex 28 34 3
      vertex 28 34 0
    endloop
  endfacet
  facet normal -0.300624 0.953743 0
    outer loop
      vertex -25.0353 37.8637 0
      vertex -25.3681 37.7588 3
      vertex -25.0353 37.8637 3
    endloop
  endfacet
  facet normal -0.300624 0.953743 0
    outer loop
      vertex -25.3681 37.7588 3
      vertex -25.0353 37.8637 0
      vertex -25.3681 37.7588 0
    endloop
  endfacet
  facet normal 0.976315 -0.216354 0
    outer loop
      vertex 27.8637 -35.0353 3
      vertex 27.9392 -34.6946 0
      vertex 27.9392 -34.6946 3
    endloop
  endfacet
  facet normal 0.976315 -0.216354 0
    outer loop
      vertex 27.9392 -34.6946 0
      vertex 27.8637 -35.0353 3
      vertex 27.8637 -35.0353 0
    endloop
  endfacet
  facet normal 0.793454 -0.60863 0
    outer loop
      vertex 27.0642 -36.5712 3
      vertex 27.2766 -36.2943 0
      vertex 27.2766 -36.2943 3
    endloop
  endfacet
  facet normal 0.793454 -0.60863 0
    outer loop
      vertex 27.2766 -36.2943 0
      vertex 27.0642 -36.5712 3
      vertex 27.0642 -36.5712 0
    endloop
  endfacet
  facet normal 0.793454 0.60863 0
    outer loop
      vertex 27.2766 36.2943 3
      vertex 27.0642 36.5712 0
      vertex 27.0642 36.5712 3
    endloop
  endfacet
  facet normal 0.793454 0.60863 0
    outer loop
      vertex 27.0642 36.5712 0
      vertex 27.2766 36.2943 3
      vertex 27.2766 36.2943 0
    endloop
  endfacet
  facet normal 0.737107 0.675777 0
    outer loop
      vertex 27.0642 36.5712 3
      vertex 26.8284 36.8284 0
      vertex 26.8284 36.8284 3
    endloop
  endfacet
  facet normal 0.737107 0.675777 0
    outer loop
      vertex 26.8284 36.8284 0
      vertex 27.0642 36.5712 3
      vertex 27.0642 36.5712 0
    endloop
  endfacet
  facet normal 0.382824 0.923821 -0
    outer loop
      vertex 25.6905 37.6252 0
      vertex 25.3681 37.7588 3
      vertex 25.6905 37.6252 3
    endloop
  endfacet
  facet normal 0.382824 0.923821 0
    outer loop
      vertex 25.3681 37.7588 3
      vertex 25.6905 37.6252 0
      vertex 25.3681 37.7588 0
    endloop
  endfacet
  facet normal 0.976315 0.216354 0
    outer loop
      vertex 27.9392 34.6946 3
      vertex 27.8637 35.0353 0
      vertex 27.8637 35.0353 3
    endloop
  endfacet
  facet normal 0.976315 0.216354 0
    outer loop
      vertex 27.8637 35.0353 0
      vertex 27.9392 34.6946 3
      vertex 27.9392 34.6946 0
    endloop
  endfacet
  facet normal 0.737107 -0.675777 0
    outer loop
      vertex 26.8284 -36.8284 3
      vertex 27.0642 -36.5712 0
      vertex 27.0642 -36.5712 3
    endloop
  endfacet
  facet normal 0.737107 -0.675777 0
    outer loop
      vertex 27.0642 -36.5712 0
      vertex 26.8284 -36.8284 3
      vertex 26.8284 -36.8284 0
    endloop
  endfacet
  facet normal 0.923821 0.382824 0
    outer loop
      vertex 27.7588 35.3681 3
      vertex 27.6252 35.6905 0
      vertex 27.6252 35.6905 3
    endloop
  endfacet
  facet normal 0.923821 0.382824 0
    outer loop
      vertex 27.6252 35.6905 0
      vertex 27.7588 35.3681 3
      vertex 27.7588 35.3681 0
    endloop
  endfacet
  facet normal 0.0435616 0.999051 -0
    outer loop
      vertex 24.3486 37.9848 0
      vertex 24 38 3
      vertex 24.3486 37.9848 3
    endloop
  endfacet
  facet normal 0.0435616 0.999051 0
    outer loop
      vertex 24 38 3
      vertex 24.3486 37.9848 0
      vertex 24 38 0
    endloop
  endfacet
  facet normal 0.300624 0.953743 -0
    outer loop
      vertex 25.3681 37.7588 0
      vertex 25.0353 37.8637 3
      vertex 25.3681 37.7588 3
    endloop
  endfacet
  facet normal 0.300624 0.953743 0
    outer loop
      vertex 25.0353 37.8637 3
      vertex 25.3681 37.7588 0
      vertex 25.0353 37.8637 0
    endloop
  endfacet
  facet normal 0.60863 -0.793454 0
    outer loop
      vertex 26.2943 -37.2766 0
      vertex 26.5712 -37.0642 3
      vertex 26.2943 -37.2766 3
    endloop
  endfacet
  facet normal 0.60863 -0.793454 0
    outer loop
      vertex 26.5712 -37.0642 3
      vertex 26.2943 -37.2766 0
      vertex 26.5712 -37.0642 0
    endloop
  endfacet
  facet normal 0.887029 -0.461714 0
    outer loop
      vertex 27.4641 -36 3
      vertex 27.6252 -35.6905 0
      vertex 27.6252 -35.6905 3
    endloop
  endfacet
  facet normal 0.887029 -0.461714 0
    outer loop
      vertex 27.6252 -35.6905 0
      vertex 27.4641 -36 3
      vertex 27.4641 -36 0
    endloop
  endfacet
  facet normal -0.999051 0.0435616 0
    outer loop
      vertex -28 34 0
      vertex -27.9848 34.3486 3
      vertex -27.9848 34.3486 0
    endloop
  endfacet
  facet normal -0.999051 0.0435616 0
    outer loop
      vertex -27.9848 34.3486 3
      vertex -28 34 0
      vertex -28 34 3
    endloop
  endfacet
  facet normal 0.953743 0.300624 0
    outer loop
      vertex 27.8637 35.0353 3
      vertex 27.7588 35.3681 0
      vertex 27.7588 35.3681 3
    endloop
  endfacet
  facet normal 0.953743 0.300624 0
    outer loop
      vertex 27.7588 35.3681 0
      vertex 27.8637 35.0353 3
      vertex 27.8637 35.0353 0
    endloop
  endfacet
  facet normal 0.953743 -0.300624 0
    outer loop
      vertex 27.7588 -35.3681 3
      vertex 27.8637 -35.0353 0
      vertex 27.8637 -35.0353 3
    endloop
  endfacet
  facet normal 0.953743 -0.300624 0
    outer loop
      vertex 27.8637 -35.0353 0
      vertex 27.7588 -35.3681 3
      vertex 27.7588 -35.3681 0
    endloop
  endfacet
  facet normal -0.991427 -0.130662 0
    outer loop
      vertex -27.9392 -34.6946 0
      vertex -27.9848 -34.3486 3
      vertex -27.9848 -34.3486 0
    endloop
  endfacet
  facet normal -0.991427 -0.130662 0
    outer loop
      vertex -27.9848 -34.3486 3
      vertex -27.9392 -34.6946 0
      vertex -27.9392 -34.6946 3
    endloop
  endfacet
  facet normal 0.923821 -0.382824 0
    outer loop
      vertex 27.6252 -35.6905 3
      vertex 27.7588 -35.3681 0
      vertex 27.7588 -35.3681 3
    endloop
  endfacet
  facet normal 0.923821 -0.382824 0
    outer loop
      vertex 27.7588 -35.3681 0
      vertex 27.6252 -35.6905 3
      vertex 27.6252 -35.6905 0
    endloop
  endfacet
  facet normal -0.737107 -0.675777 0
    outer loop
      vertex -26.8284 -36.8284 0
      vertex -27.0642 -36.5712 3
      vertex -27.0642 -36.5712 0
    endloop
  endfacet
  facet normal -0.737107 -0.675777 0
    outer loop
      vertex -27.0642 -36.5712 3
      vertex -26.8284 -36.8284 0
      vertex -26.8284 -36.8284 3
    endloop
  endfacet
  facet normal -0.793454 -0.60863 0
    outer loop
      vertex -27.0642 -36.5712 0
      vertex -27.2766 -36.2943 3
      vertex -27.2766 -36.2943 0
    endloop
  endfacet
  facet normal -0.793454 -0.60863 0
    outer loop
      vertex -27.2766 -36.2943 3
      vertex -27.0642 -36.5712 0
      vertex -27.0642 -36.5712 3
    endloop
  endfacet
  facet normal -0.53732 -0.843378 0
    outer loop
      vertex -26.2943 -37.2766 0
      vertex -26 -37.4641 3
      vertex -26.2943 -37.2766 3
    endloop
  endfacet
  facet normal -0.53732 -0.843378 -0
    outer loop
      vertex -26 -37.4641 3
      vertex -26.2943 -37.2766 0
      vertex -26 -37.4641 0
    endloop
  endfacet
  facet normal -0.0435616 -0.999051 0
    outer loop
      vertex -24.3486 -37.9848 0
      vertex -24 -38 3
      vertex -24.3486 -37.9848 3
    endloop
  endfacet
  facet normal -0.0435616 -0.999051 -0
    outer loop
      vertex -24 -38 3
      vertex -24.3486 -37.9848 0
      vertex -24 -38 0
    endloop
  endfacet
  facet normal -0.843378 0.53732 0
    outer loop
      vertex -27.4641 36 0
      vertex -27.2766 36.2943 3
      vertex -27.2766 36.2943 0
    endloop
  endfacet
  facet normal -0.843378 0.53732 0
    outer loop
      vertex -27.2766 36.2943 3
      vertex -27.4641 36 0
      vertex -27.4641 36 3
    endloop
  endfacet
  facet normal -0.887029 0.461714 0
    outer loop
      vertex -27.6252 35.6905 0
      vertex -27.4641 36 3
      vertex -27.4641 36 0
    endloop
  endfacet
  facet normal -0.887029 0.461714 0
    outer loop
      vertex -27.4641 36 3
      vertex -27.6252 35.6905 0
      vertex -27.6252 35.6905 3
    endloop
  endfacet
  facet normal -0.216354 -0.976315 0
    outer loop
      vertex -25.0353 -37.8637 0
      vertex -24.6946 -37.9392 3
      vertex -25.0353 -37.8637 3
    endloop
  endfacet
  facet normal -0.216354 -0.976315 -0
    outer loop
      vertex -24.6946 -37.9392 3
      vertex -25.0353 -37.8637 0
      vertex -24.6946 -37.9392 0
    endloop
  endfacet
  facet normal -0.737107 0.675777 0
    outer loop
      vertex -27.0642 36.5712 0
      vertex -26.8284 36.8284 3
      vertex -26.8284 36.8284 0
    endloop
  endfacet
  facet normal -0.737107 0.675777 0
    outer loop
      vertex -26.8284 36.8284 3
      vertex -27.0642 36.5712 0
      vertex -27.0642 36.5712 3
    endloop
  endfacet
  facet normal -0.793454 0.60863 0
    outer loop
      vertex -27.2766 36.2943 0
      vertex -27.0642 36.5712 3
      vertex -27.0642 36.5712 0
    endloop
  endfacet
  facet normal -0.793454 0.60863 0
    outer loop
      vertex -27.0642 36.5712 3
      vertex -27.2766 36.2943 0
      vertex -27.2766 36.2943 3
    endloop
  endfacet
  facet normal 0.991427 -0.130662 0
    outer loop
      vertex 27.9392 -34.6946 3
      vertex 27.9848 -34.3486 0
      vertex 27.9848 -34.3486 3
    endloop
  endfacet
  facet normal 0.991427 -0.130662 0
    outer loop
      vertex 27.9848 -34.3486 0
      vertex 27.9392 -34.6946 3
      vertex 27.9392 -34.6946 0
    endloop
  endfacet
  facet normal -0.991427 0.130662 0
    outer loop
      vertex -27.9848 34.3486 0
      vertex -27.9392 34.6946 3
      vertex -27.9392 34.6946 0
    endloop
  endfacet
  facet normal -0.991427 0.130662 0
    outer loop
      vertex -27.9392 34.6946 3
      vertex -27.9848 34.3486 0
      vertex -27.9848 34.3486 3
    endloop
  endfacet
  facet normal -0.923821 0.382824 0
    outer loop
      vertex -27.7588 35.3681 0
      vertex -27.6252 35.6905 3
      vertex -27.6252 35.6905 0
    endloop
  endfacet
  facet normal -0.923821 0.382824 0
    outer loop
      vertex -27.6252 35.6905 3
      vertex -27.7588 35.3681 0
      vertex -27.7588 35.3681 3
    endloop
  endfacet
  facet normal 0.461714 -0.887029 0
    outer loop
      vertex 25.6905 -37.6252 0
      vertex 26 -37.4641 3
      vertex 25.6905 -37.6252 3
    endloop
  endfacet
  facet normal 0.461714 -0.887029 0
    outer loop
      vertex 26 -37.4641 3
      vertex 25.6905 -37.6252 0
      vertex 26 -37.4641 0
    endloop
  endfacet
  facet normal 0.843378 -0.53732 0
    outer loop
      vertex 27.2766 -36.2943 3
      vertex 27.4641 -36 0
      vertex 27.4641 -36 3
    endloop
  endfacet
  facet normal 0.843378 -0.53732 0
    outer loop
      vertex 27.4641 -36 0
      vertex 27.2766 -36.2943 3
      vertex 27.2766 -36.2943 0
    endloop
  endfacet
  facet normal 0 0 -1
    outer loop
      vertex -14 25 0
      vertex -20.3065 31.8518 0
      vertex -20.3 32 0
    endloop
  endfacet
  facet normal 0 0 -1
    outer loop
      vertex -16 21 0
      vertex -20.3258 31.7048 0
      vertex -20.3065 31.8518 0
    endloop
  endfacet
  facet normal 0 0 -1
    outer loop
      vertex -16 21 0
      vertex -20.3579 31.56 0
      vertex -20.3258 31.7048 0
    endloop
  endfacet
  facet normal 0 0 -1
    outer loop
      vertex -16 21 0
      vertex -20.4025 31.4186 0
      vertex -20.3579 31.56 0
    endloop
  endfacet
  facet normal 0 0 -1
    outer loop
      vertex -16 21 0
      vertex -20.4593 31.2815 0
      vertex -20.4025 31.4186 0
    endloop
  endfacet
  facet normal 0 0 -1
    outer loop
      vertex -16 21 0
      vertex -20.5278 31.15 0
      vertex -20.4593 31.2815 0
    endloop
  endfacet
  facet normal 0 0 -1
    outer loop
      vertex -16 21 0
      vertex -20.6074 31.0249 0
      vertex -20.5278 31.15 0
    endloop
  endfacet
  facet normal 0 0 -1
    outer loop
      vertex -16 21 0
      vertex -20.6977 30.9073 0
      vertex -20.6074 31.0249 0
    endloop
  endfacet
  facet normal -0 0 -1
    outer loop
      vertex -15.9319 20.4824 0
      vertex -21.0106 11.9591 0
      vertex -15.9696 20.6527 0
    endloop
  endfacet
  facet normal 0 0 -1
    outer loop
      vertex -16 21 0
      vertex -20.7979 30.7979 0
      vertex -20.6977 30.9073 0
    endloop
  endfacet
  facet normal 0 0 -1
    outer loop
      vertex -21.1104 11.9276 0
      vertex -15.9696 20.6527 0
      vertex -21.0106 11.9591 0
    endloop
  endfacet
  facet normal 0 0 -1
    outer loop
      vertex -16 21 0
      vertex -20.9073 30.6977 0
      vertex -20.7979 30.7979 0
    endloop
  endfacet
  facet normal -0 0 -1
    outer loop
      vertex -15.9696 20.6527 0
      vertex -21.1104 11.9276 0
      vertex -15.9924 20.8257 0
    endloop
  endfacet
  facet normal 0 0 -1
    outer loop
      vertex -21.2071 11.8876 0
      vertex -15.9924 20.8257 0
      vertex -21.1104 11.9276 0
    endloop
  endfacet
  facet normal 0 0 -1
    outer loop
      vertex -16 21 0
      vertex -21.0249 30.6074 0
      vertex -20.9073 30.6977 0
    endloop
  endfacet
  facet normal -0 0 -1
    outer loop
      vertex -15.9924 20.8257 0
      vertex -21.2071 11.8876 0
      vertex -16 21 0
    endloop
  endfacet
  facet normal 0 0 -1
    outer loop
      vertex -16 21 0
      vertex -21.15 30.5278 0
      vertex -21.0249 30.6074 0
    endloop
  endfacet
  facet normal 0 0 -1
    outer loop
      vertex -21.3 11.8392 0
      vertex -16 21 0
      vertex -21.2071 11.8876 0
    endloop
  endfacet
  facet normal 0 0 -1
    outer loop
      vertex -16 21 0
      vertex -21.2815 30.4593 0
      vertex -21.15 30.5278 0
    endloop
  endfacet
  facet normal -0 0 -1
    outer loop
      vertex -16 21 0
      vertex -21.3 11.8392 0
      vertex -22.5814 30.4025 0
    endloop
  endfacet
  facet normal 0 0 -1
    outer loop
      vertex -22.7185 30.4593 0
      vertex -21.3 11.8392 0
      vertex -21.3883 11.783 0
    endloop
  endfacet
  facet normal 0 0 -1
    outer loop
      vertex -16 21 0
      vertex -21.4186 30.4025 0
      vertex -21.2815 30.4593 0
    endloop
  endfacet
  facet normal 0 0 -1
    outer loop
      vertex -22.85 30.5278 0
      vertex -21.3883 11.783 0
      vertex -21.4713 11.7192 0
    endloop
  endfacet
  facet normal 0 0 -1
    outer loop
      vertex -22.9751 30.6074 0
      vertex -21.4713 11.7192 0
      vertex -21.5485 11.6485 0
    endloop
  endfacet
  facet normal 0 0 -1
    outer loop
      vertex -16 21 0
      vertex -21.56 30.3579 0
      vertex -21.4186 30.4025 0
    endloop
  endfacet
  facet normal 0 0 -1
    outer loop
      vertex -23.0927 30.6977 0
      vertex -21.5485 11.6485 0
      vertex -21.6192 11.5713 0
    endloop
  endfacet
  facet normal 0 0 -1
    outer loop
      vertex -23.2021 30.7979 0
      vertex -21.6192 11.5713 0
      vertex -21.683 11.4883 0
    endloop
  endfacet
  facet normal 0 0 -1
    outer loop
      vertex -16 21 0
      vertex -21.7048 30.3258 0
      vertex -21.56 30.3579 0
    endloop
  endfacet
  facet normal 0 0 -1
    outer loop
      vertex -28 34 0
      vertex -21.683 11.4883 0
      vertex -21.7392 11.4 0
    endloop
  endfacet
  facet normal 0 0 -1
    outer loop
      vertex -28 34 0
      vertex -21.7392 11.4 0
      vertex -21.7876 11.3071 0
    endloop
  endfacet
  facet normal 0 0 -1
    outer loop
      vertex -28 34 0
      vertex -21.7876 11.3071 0
      vertex -21.8276 11.2104 0
    endloop
  endfacet
  facet normal 0 0 -1
    outer loop
      vertex -16 21 0
      vertex -21.8518 30.3065 0
      vertex -21.7048 30.3258 0
    endloop
  endfacet
  facet normal 0 0 -1
    outer loop
      vertex -28 34 0
      vertex -21.8276 11.2104 0
      vertex -21.8591 11.1106 0
    endloop
  endfacet
  facet normal 0 0 -1
    outer loop
      vertex -28 34 0
      vertex -21.8591 11.1106 0
      vertex -21.8818 11.0084 0
    endloop
  endfacet
  facet normal 0 0 -1
    outer loop
      vertex -28 34 0
      vertex -21.8818 11.0084 0
      vertex -21.8954 10.9046 0
    endloop
  endfacet
  facet normal 0 0 -1
    outer loop
      vertex -28 34 0
      vertex -21.8954 10.9046 0
      vertex -21.9 10.8 0
    endloop
  endfacet
  facet normal 0 0 -1
    outer loop
      vertex -16 21 0
      vertex -22 30.3 0
      vertex -21.8518 30.3065 0
    endloop
  endfacet
  facet normal -0 0 -1
    outer loop
      vertex -21.6192 -11.5713 0
      vertex -23.2021 -30.7979 0
      vertex -21.683 -11.4883 0
    endloop
  endfacet
  facet normal 0 0 -1
    outer loop
      vertex -28 -34 0
      vertex -21.683 -11.4883 0
      vertex -23.2021 -30.7979 0
    endloop
  endfacet
  facet normal 0 0 -1
    outer loop
      vertex -16 21 0
      vertex -22.1482 30.3065 0
      vertex -22 30.3 0
    endloop
  endfacet
  facet normal -0 0 -1
    outer loop
      vertex -21.683 -11.4883 0
      vertex -28 -34 0
      vertex -21.7392 -11.4 0
    endloop
  endfacet
  facet normal 0 0 -1
    outer loop
      vertex -16 21 0
      vertex -22.2952 30.3258 0
      vertex -22.1482 30.3065 0
    endloop
  endfacet
  facet normal -0 0 -1
    outer loop
      vertex -21.7392 -11.4 0
      vertex -28 -34 0
      vertex -21.7876 -11.3071 0
    endloop
  endfacet
  facet normal 0 0 -1
    outer loop
      vertex -16 21 0
      vertex -22.44 30.3579 0
      vertex -22.2952 30.3258 0
    endloop
  endfacet
  facet normal -0 0 -1
    outer loop
      vertex -21.7876 -11.3071 0
      vertex -28 -34 0
      vertex -21.8276 -11.2104 0
    endloop
  endfacet
  facet normal 0 0 -1
    outer loop
      vertex -16 21 0
      vertex -22.5814 30.4025 0
      vertex -22.44 30.3579 0
    endloop
  endfacet
  facet normal -0 0 -1
    outer loop
      vertex -21.8276 -11.2104 0
      vertex -28 -34 0
      vertex -21.8591 -11.1106 0
    endloop
  endfacet
  facet normal 0 0 -1
    outer loop
      vertex -21.3 11.8392 0
      vertex -22.7185 30.4593 0
      vertex -22.5814 30.4025 0
    endloop
  endfacet
  facet normal -0 0 -1
    outer loop
      vertex -21.8591 -11.1106 0
      vertex -28 -34 0
      vertex -21.8818 -11.0084 0
    endloop
  endfacet
  facet normal 0 0 -1
    outer loop
      vertex -21.3883 11.783 0
      vertex -22.85 30.5278 0
      vertex -22.7185 30.4593 0
    endloop
  endfacet
  facet normal -0 0 -1
    outer loop
      vertex -21.8818 -11.0084 0
      vertex -28 -34 0
      vertex -21.8954 -10.9046 0
    endloop
  endfacet
  facet normal 0 0 -1
    outer loop
      vertex -21.4713 11.7192 0
      vertex -22.9751 30.6074 0
      vertex -22.85 30.5278 0
    endloop
  endfacet
  facet normal -0 0 -1
    outer loop
      vertex -21.9 -10.8 0
      vertex -28 -34 0
      vertex -21.9 10.8 0
    endloop
  endfacet
  facet normal 0 0 -1
    outer loop
      vertex -21.5485 11.6485 0
      vertex -23.0927 30.6977 0
      vertex -22.9751 30.6074 0
    endloop
  endfacet
  facet normal -0 0 -1
    outer loop
      vertex -21.8954 -10.9046 0
      vertex -28 -34 0
      vertex -21.9 -10.8 0
    endloop
  endfacet
  facet normal 0 0 -1
    outer loop
      vertex -28 34 0
      vertex -21.9 10.8 0
      vertex -28 -34 0
    endloop
  endfacet
  facet normal 0 0 -1
    outer loop
      vertex -28 -34 0
      vertex -23.2021 -30.7979 0
      vertex -23.3023 -30.9073 0
    endloop
  endfacet
  facet normal 0 0 -1
    outer loop
      vertex -21.683 11.4883 0
      vertex -28 34 0
      vertex -23.2021 30.7979 0
    endloop
  endfacet
  facet normal 0 0 -1
    outer loop
      vertex -28 -34 0
      vertex -23.3023 -30.9073 0
      vertex -23.3926 -31.0249 0
    endloop
  endfacet
  facet normal 0 0 -1
    outer loop
      vertex -21.6192 11.5713 0
      vertex -23.2021 30.7979 0
      vertex -23.0927 30.6977 0
    endloop
  endfacet
  facet normal 0 0 -1
    outer loop
      vertex -28 -34 0
      vertex -23.3926 -31.0249 0
      vertex -23.4722 -31.15 0
    endloop
  endfacet
  facet normal 0 0 -1
    outer loop
      vertex -23.2021 30.7979 0
      vertex -28 34 0
      vertex -23.3023 30.9073 0
    endloop
  endfacet
  facet normal 0 0 -1
    outer loop
      vertex -28 -34 0
      vertex -23.4722 -31.15 0
      vertex -23.5407 -31.2815 0
    endloop
  endfacet
  facet normal 0 0 -1
    outer loop
      vertex -23.3023 30.9073 0
      vertex -28 34 0
      vertex -23.3926 31.0249 0
    endloop
  endfacet
  facet normal 0 0 -1
    outer loop
      vertex -28 -34 0
      vertex -23.5407 -31.2815 0
      vertex -23.5975 -31.4186 0
    endloop
  endfacet
  facet normal 0 0 -1
    outer loop
      vertex -23.3926 31.0249 0
      vertex -28 34 0
      vertex -23.4722 31.15 0
    endloop
  endfacet
  facet normal 0 0 -1
    outer loop
      vertex -28 -34 0
      vertex -23.5975 -31.4186 0
      vertex -23.6421 -31.56 0
    endloop
  endfacet
  facet normal 0 0 -1
    outer loop
      vertex -23.4722 31.15 0
      vertex -28 34 0
      vertex -23.5407 31.2815 0
    endloop
  endfacet
  facet normal 0 0 -1
    outer loop
      vertex -28 -34 0
      vertex -23.6421 -31.56 0
      vertex -23.6742 -31.7048 0
    endloop
  endfacet
  facet normal 0 0 -1
    outer loop
      vertex -23.5407 31.2815 0
      vertex -28 34 0
      vertex -23.5975 31.4186 0
    endloop
  endfacet
  facet normal 0 0 -1
    outer loop
      vertex -28 -34 0
      vertex -23.6742 -31.7048 0
      vertex -23.6935 -31.8518 0
    endloop
  endfacet
  facet normal 0 0 -1
    outer loop
      vertex -23.5975 31.4186 0
      vertex -28 34 0
      vertex -23.6421 31.56 0
    endloop
  endfacet
  facet normal 0 0 -1
    outer loop
      vertex -28 -34 0
      vertex -23.6935 -31.8518 0
      vertex -23.7 -32 0
    endloop
  endfacet
  facet normal 0 0 -1
    outer loop
      vertex -23.6421 31.56 0
      vertex -28 34 0
      vertex -23.6742 31.7048 0
    endloop
  endfacet
  facet normal 0 0 -1
    outer loop
      vertex 15.9696 1.34729 0
      vertex 18.1 10.8 0
      vertex 15.9924 1.17432 0
    endloop
  endfacet
  facet normal 0 0 -1
    outer loop
      vertex 18.1 10.8 0
      vertex 15.9924 20.8257 0
      vertex 16 21 0
    endloop
  endfacet
  facet normal 0 0 -1
    outer loop
      vertex 15.9319 1.51764 0
      vertex 18.1 10.8 0
      vertex 15.9696 1.34729 0
    endloop
  endfacet
  facet normal 0 0 -1
    outer loop
      vertex 18.1 10.8 0
      vertex 15.9696 20.6527 0
      vertex 15.9924 20.8257 0
    endloop
  endfacet
  facet normal 0 0 -1
    outer loop
      vertex 15.8794 1.68404 0
      vertex 18.1 10.8 0
      vertex 15.9319 1.51764 0
    endloop
  endfacet
  facet normal 0 0 -1
    outer loop
      vertex 18.1 10.8 0
      vertex 15.9319 20.4824 0
      vertex 15.9696 20.6527 0
    endloop
  endfacet
  facet normal 0 0 -1
    outer loop
      vertex 15.8126 1.84523 0
      vertex 18.1 10.8 0
      vertex 15.8794 1.68404 0
    endloop
  endfacet
  facet normal 0 0 -1
    outer loop
      vertex 18.1 10.8 0
      vertex 15.8794 20.316 0
      vertex 15.9319 20.4824 0
    endloop
  endfacet
  facet normal 0 0 -1
    outer loop
      vertex 15.7321 2 0
      vertex 18.1 10.8 0
      vertex 15.8126 1.84523 0
    endloop
  endfacet
  facet normal 0 0 -1
    outer loop
      vertex 18.1 10.8 0
      vertex 15.8126 20.1548 0
      vertex 15.8794 20.316 0
    endloop
  endfacet
  facet normal 0 0 -1
    outer loop
      vertex 15.6383 2.14716 0
      vertex 18.1 10.8 0
      vertex 15.7321 2 0
    endloop
  endfacet
  facet normal 0 0 -1
    outer loop
      vertex 18.1 10.8 0
      vertex 15.7321 20 0
      vertex 15.8126 20.1548 0
    endloop
  endfacet
  facet normal 0 0 -1
    outer loop
      vertex 15.5321 2.28557 0
      vertex 18.1 10.8 0
      vertex 15.6383 2.14716 0
    endloop
  endfacet
  facet normal 0 0 -1
    outer loop
      vertex 18.1 10.8 0
      vertex 15.6383 19.8528 0
      vertex 15.7321 20 0
    endloop
  endfacet
  facet normal 0 0 -1
    outer loop
      vertex 15.4142 2.41422 0
      vertex 18.1 10.8 0
      vertex 15.5321 2.28557 0
    endloop
  endfacet
  facet normal 0 0 -1
    outer loop
      vertex 18.1 10.8 0
      vertex 15.5321 19.7144 0
      vertex 15.6383 19.8528 0
    endloop
  endfacet
  facet normal 0 0 -1
    outer loop
      vertex 15.2856 2.53209 0
      vertex 18.1 10.8 0
      vertex 15.4142 2.41422 0
    endloop
  endfacet
  facet normal 0 0 -1
    outer loop
      vertex 18.1 10.8 0
      vertex 15.4142 19.5858 0
      vertex 15.5321 19.7144 0
    endloop
  endfacet
  facet normal 0 0 -1
    outer loop
      vertex 15.1472 2.63831 0
      vertex 18.1 10.8 0
      vertex 15.2856 2.53209 0
    endloop
  endfacet
  facet normal 0 0 -1
    outer loop
      vertex 18.1 10.8 0
      vertex 15.2856 19.4679 0
      vertex 15.4142 19.5858 0
    endloop
  endfacet
  facet normal 0 0 -1
    outer loop
      vertex 15 2.73206 0
      vertex 18.1 10.8 0
      vertex 15.1472 2.63831 0
    endloop
  endfacet
  facet normal 0 0 -1
    outer loop
      vertex 18.1 10.8 0
      vertex 15.1472 19.3617 0
      vertex 15.2856 19.4679 0
    endloop
  endfacet
  facet normal 0 0 -1
    outer loop
      vertex 14.8452 2.81262 0
      vertex 18.1 10.8 0
      vertex 15 2.73206 0
    endloop
  endfacet
  facet normal 0 0 -1
    outer loop
      vertex 18.1 10.8 0
      vertex 15 19.2679 0
      vertex 15.1472 19.3617 0
    endloop
  endfacet
  facet normal 0 0 -1
    outer loop
      vertex 14.684 2.87938 0
      vertex 18.1 10.8 0
      vertex 14.8452 2.81262 0
    endloop
  endfacet
  facet normal 0 0 -1
    outer loop
      vertex 18.1 10.8 0
      vertex 14.8452 19.1874 0
      vertex 15 19.2679 0
    endloop
  endfacet
  facet normal 0 0 -1
    outer loop
      vertex 14.5176 2.93185 0
      vertex 18.1 10.8 0
      vertex 14.684 2.87938 0
    endloop
  endfacet
  facet normal 0 0 -1
    outer loop
      vertex 18.1 10.8 0
      vertex 14.684 19.1206 0
      vertex 14.8452 19.1874 0
    endloop
  endfacet
  facet normal 0 0 -1
    outer loop
      vertex 14.3473 2.96962 0
      vertex 18.1 10.8 0
      vertex 14.5176 2.93185 0
    endloop
  endfacet
  facet normal 0 0 -1
    outer loop
      vertex 18.1 10.8 0
      vertex 14.5176 19.0681 0
      vertex 14.684 19.1206 0
    endloop
  endfacet
  facet normal 0 0 -1
    outer loop
      vertex 14.1743 2.99239 0
      vertex 18.1 10.8 0
      vertex 14.3473 2.96962 0
    endloop
  endfacet
  facet normal 0 0 -1
    outer loop
      vertex 18.1 10.8 0
      vertex 14.3473 19.0304 0
      vertex 14.5176 19.0681 0
    endloop
  endfacet
  facet normal 0 0 -1
    outer loop
      vertex 14 3 0
      vertex 18.1 10.8 0
      vertex 14.1743 2.99239 0
    endloop
  endfacet
  facet normal 0 0 -1
    outer loop
      vertex 18.1 10.8 0
      vertex 14.1743 19.0076 0
      vertex 14.3473 19.0304 0
    endloop
  endfacet
  facet normal 0 0 -1
    outer loop
      vertex 14 19 0
      vertex 18.1 10.8 0
      vertex 14 3 0
    endloop
  endfacet
  facet normal 0 0 -1
    outer loop
      vertex 18.1 10.8 0
      vertex 14 19 0
      vertex 14.1743 19.0076 0
    endloop
  endfacet
  facet normal 0 0 -1
    outer loop
      vertex -14 3 0
      vertex 14 19 0
      vertex 14 3 0
    endloop
  endfacet
  facet normal 0 0 -1
    outer loop
      vertex -14 3 0
      vertex -14 19 0
      vertex 14 19 0
    endloop
  endfacet
  facet normal 0 0 -1
    outer loop
      vertex -18.1 10.8 0
      vertex -14 3 0
      vertex -14.1743 2.99239 0
    endloop
  endfacet
  facet normal 0 0 -1
    outer loop
      vertex -14 3 0
      vertex -18.1 10.8 0
      vertex -14 19 0
    endloop
  endfacet
  facet normal 0 0 -1
    outer loop
      vertex -18.1 10.8 0
      vertex -14.1743 2.99239 0
      vertex -14.3473 2.96962 0
    endloop
  endfacet
  facet normal 0 0 -1
    outer loop
      vertex -18.1046 10.9046 0
      vertex -14 19 0
      vertex -18.1 10.8 0
    endloop
  endfacet
  facet normal 0 0 -1
    outer loop
      vertex -18.1 10.8 0
      vertex -14.3473 2.96962 0
      vertex -14.5176 2.93185 0
    endloop
  endfacet
  facet normal 0 0 -1
    outer loop
      vertex -18.1182 11.0084 0
      vertex -14 19 0
      vertex -18.1046 10.9046 0
    endloop
  endfacet
  facet normal 0 0 -1
    outer loop
      vertex -18.1 10.8 0
      vertex -14.5176 2.93185 0
      vertex -14.684 2.87938 0
    endloop
  endfacet
  facet normal 0 0 -1
    outer loop
      vertex -18.1409 11.1106 0
      vertex -14 19 0
      vertex -18.1182 11.0084 0
    endloop
  endfacet
  facet normal 0 0 -1
    outer loop
      vertex -18.1 10.8 0
      vertex -14.684 2.87938 0
      vertex -14.8452 2.81262 0
    endloop
  endfacet
  facet normal 0 0 -1
    outer loop
      vertex -18.1724 11.2104 0
      vertex -14 19 0
      vertex -18.1409 11.1106 0
    endloop
  endfacet
  facet normal 0 0 -1
    outer loop
      vertex -18.1 10.8 0
      vertex -14.8452 2.81262 0
      vertex -15 2.73206 0
    endloop
  endfacet
  facet normal 0 0 -1
    outer loop
      vertex -18.2124 11.3071 0
      vertex -14 19 0
      vertex -18.1724 11.2104 0
    endloop
  endfacet
  facet normal 0 0 -1
    outer loop
      vertex -18.1 10.8 0
      vertex -15 2.73206 0
      vertex -15.1472 2.63831 0
    endloop
  endfacet
  facet normal 0 0 -1
    outer loop
      vertex -18.2608 11.4 0
      vertex -14 19 0
      vertex -18.2124 11.3071 0
    endloop
  endfacet
  facet normal 0 0 -1
    outer loop
      vertex -18.1 10.8 0
      vertex -15.1472 2.63831 0
      vertex -15.2856 2.53209 0
    endloop
  endfacet
  facet normal 0 0 -1
    outer loop
      vertex -18.317 11.4883 0
      vertex -14 19 0
      vertex -18.2608 11.4 0
    endloop
  endfacet
  facet normal 0 0 -1
    outer loop
      vertex -18.1 10.8 0
      vertex -15.2856 2.53209 0
      vertex -15.4142 2.41422 0
    endloop
  endfacet
  facet normal -0 0 -1
    outer loop
      vertex -14 19 0
      vertex -18.317 11.4883 0
      vertex -14.1743 19.0076 0
    endloop
  endfacet
  facet normal 0 0 -1
    outer loop
      vertex -18.1 10.8 0
      vertex -15.4142 2.41422 0
      vertex -15.5321 2.28557 0
    endloop
  endfacet
  facet normal 0 0 -1
    outer loop
      vertex -18.3808 11.5713 0
      vertex -14.1743 19.0076 0
      vertex -18.317 11.4883 0
    endloop
  endfacet
  facet normal 0 0 -1
    outer loop
      vertex -18.1 10.8 0
      vertex -15.5321 2.28557 0
      vertex -15.6383 2.14716 0
    endloop
  endfacet
  facet normal -0 0 -1
    outer loop
      vertex -14.1743 19.0076 0
      vertex -18.3808 11.5713 0
      vertex -14.3473 19.0304 0
    endloop
  endfacet
  facet normal 0 0 -1
    outer loop
      vertex -18.1 10.8 0
      vertex -15.6383 2.14716 0
      vertex -15.7321 2 0
    endloop
  endfacet
  facet normal 0 0 -1
    outer loop
      vertex -18.4515 11.6485 0
      vertex -14.3473 19.0304 0
      vertex -18.3808 11.5713 0
    endloop
  endfacet
  facet normal 0 0 -1
    outer loop
      vertex -18.1 10.8 0
      vertex -15.7321 2 0
      vertex -15.8126 1.84523 0
    endloop
  endfacet
  facet normal -0 0 -1
    outer loop
      vertex -14.3473 19.0304 0
      vertex -18.4515 11.6485 0
      vertex -14.5176 19.0681 0
    endloop
  endfacet
  facet normal 0 0 -1
    outer loop
      vertex -18.1 10.8 0
      vertex -15.8126 1.84523 0
      vertex -15.8794 1.68404 0
    endloop
  endfacet
  facet normal 0 0 -1
    outer loop
      vertex -18.5287 11.7192 0
      vertex -14.5176 19.0681 0
      vertex -18.4515 11.6485 0
    endloop
  endfacet
  facet normal 0 0 -1
    outer loop
      vertex -18.1 10.8 0
      vertex -15.8794 1.68404 0
      vertex -15.9319 1.51764 0
    endloop
  endfacet
  facet normal -0 0 -1
    outer loop
      vertex -14.5176 19.0681 0
      vertex -18.5287 11.7192 0
      vertex -14.684 19.1206 0
    endloop
  endfacet
  facet normal 0 0 -1
    outer loop
      vertex -18.1 10.8 0
      vertex -15.9319 1.51764 0
      vertex -15.9696 1.34729 0
    endloop
  endfacet
  facet normal 0 0 -1
    outer loop
      vertex -18.6117 11.783 0
      vertex -14.684 19.1206 0
      vertex -18.5287 11.7192 0
    endloop
  endfacet
  facet normal 0 0 -1
    outer loop
      vertex -18.1 10.8 0
      vertex -15.9696 1.34729 0
      vertex -15.9924 1.17432 0
    endloop
  endfacet
  facet normal -0 0 -1
    outer loop
      vertex -14.684 19.1206 0
      vertex -18.6117 11.783 0
      vertex -14.8452 19.1874 0
    endloop
  endfacet
  facet normal 0 0 -1
    outer loop
      vertex -18.1 10.8 0
      vertex -15.9924 1.17432 0
      vertex -16 1 0
    endloop
  endfacet
  facet normal 0 0 -1
    outer loop
      vertex -18.7 11.8392 0
      vertex -14.8452 19.1874 0
      vertex -18.6117 11.783 0
    endloop
  endfacet
  facet normal -0 0 -1
    outer loop
      vertex 18.7 -11.8392 0
      vertex 14.8452 -19.1874 0
      vertex 18.6117 -11.783 0
    endloop
  endfacet
  facet normal 0 0 -1
    outer loop
      vertex 18.1 -10.8 0
      vertex 15.9924 -1.17432 0
      vertex 16 -1 0
    endloop
  endfacet
  facet normal 0 0 -1
    outer loop
      vertex 14.684 -19.1206 0
      vertex 18.6117 -11.783 0
      vertex 14.8452 -19.1874 0
    endloop
  endfacet
  facet normal 0 0 -1
    outer loop
      vertex 18.1 -10.8 0
      vertex 15.9696 -1.34729 0
      vertex 15.9924 -1.17432 0
    endloop
  endfacet
  facet normal -0 0 -1
    outer loop
      vertex 18.6117 -11.783 0
      vertex 14.684 -19.1206 0
      vertex 18.5287 -11.7192 0
    endloop
  endfacet
  facet normal 0 0 -1
    outer loop
      vertex 18.1 -10.8 0
      vertex 15.9319 -1.51764 0
      vertex 15.9696 -1.34729 0
    endloop
  endfacet
  facet normal 0 0 -1
    outer loop
      vertex 14.5176 -19.0681 0
      vertex 18.5287 -11.7192 0
      vertex 14.684 -19.1206 0
    endloop
  endfacet
  facet normal 0 0 -1
    outer loop
      vertex 18.1 -10.8 0
      vertex 15.8794 -1.68404 0
      vertex 15.9319 -1.51764 0
    endloop
  endfacet
  facet normal -0 0 -1
    outer loop
      vertex 18.5287 -11.7192 0
      vertex 14.5176 -19.0681 0
      vertex 18.4515 -11.6485 0
    endloop
  endfacet
  facet normal 0 0 -1
    outer loop
      vertex 18.1 -10.8 0
      vertex 15.8126 -1.84523 0
      vertex 15.8794 -1.68404 0
    endloop
  endfacet
  facet normal 0 0 -1
    outer loop
      vertex 14.3473 -19.0304 0
      vertex 18.4515 -11.6485 0
      vertex 14.5176 -19.0681 0
    endloop
  endfacet
  facet normal 0 0 -1
    outer loop
      vertex 18.1 -10.8 0
      vertex 15.7321 -2 0
      vertex 15.8126 -1.84523 0
    endloop
  endfacet
  facet normal -0 0 -1
    outer loop
      vertex 18.4515 -11.6485 0
      vertex 14.3473 -19.0304 0
      vertex 18.3808 -11.5713 0
    endloop
  endfacet
  facet normal 0 0 -1
    outer loop
      vertex 18.1 -10.8 0
      vertex 15.6383 -2.14716 0
      vertex 15.7321 -2 0
    endloop
  endfacet
  facet normal 0 0 -1
    outer loop
      vertex 14.1743 -19.0076 0
      vertex 18.3808 -11.5713 0
      vertex 14.3473 -19.0304 0
    endloop
  endfacet
  facet normal 0 0 -1
    outer loop
      vertex 18.1 -10.8 0
      vertex 15.5321 -2.28557 0
      vertex 15.6383 -2.14716 0
    endloop
  endfacet
  facet normal -0 0 -1
    outer loop
      vertex 18.3808 -11.5713 0
      vertex 14.1743 -19.0076 0
      vertex 18.317 -11.4883 0
    endloop
  endfacet
  facet normal 0 0 -1
    outer loop
      vertex 18.1 -10.8 0
      vertex 15.4142 -2.41422 0
      vertex 15.5321 -2.28557 0
    endloop
  endfacet
  facet normal 0 0 -1
    outer loop
      vertex 14 -19 0
      vertex 18.317 -11.4883 0
      vertex 14.1743 -19.0076 0
    endloop
  endfacet
  facet normal 0 0 -1
    outer loop
      vertex 18.1 -10.8 0
      vertex 15.2856 -2.53209 0
      vertex 15.4142 -2.41422 0
    endloop
  endfacet
  facet normal -0 0 -1
    outer loop
      vertex 18.317 -11.4883 0
      vertex 14 -19 0
      vertex 18.2608 -11.4 0
    endloop
  endfacet
  facet normal 0 0 -1
    outer loop
      vertex 18.1 -10.8 0
      vertex 15.1472 -2.63831 0
      vertex 15.2856 -2.53209 0
    endloop
  endfacet
  facet normal -0 0 -1
    outer loop
      vertex 18.2608 -11.4 0
      vertex 14 -19 0
      vertex 18.2124 -11.3071 0
    endloop
  endfacet
  facet normal 0 0 -1
    outer loop
      vertex 18.1 -10.8 0
      vertex 15 -2.73206 0
      vertex 15.1472 -2.63831 0
    endloop
  endfacet
  facet normal -0 0 -1
    outer loop
      vertex 18.2124 -11.3071 0
      vertex 14 -19 0
      vertex 18.1724 -11.2104 0
    endloop
  endfacet
  facet normal 0 0 -1
    outer loop
      vertex 18.1 -10.8 0
      vertex 14.8452 -2.81262 0
      vertex 15 -2.73206 0
    endloop
  endfacet
  facet normal -0 0 -1
    outer loop
      vertex 18.1724 -11.2104 0
      vertex 14 -19 0
      vertex 18.1409 -11.1106 0
    endloop
  endfacet
  facet normal 0 0 -1
    outer loop
      vertex 18.1 -10.8 0
      vertex 14.684 -2.87938 0
      vertex 14.8452 -2.81262 0
    endloop
  endfacet
  facet normal -0 0 -1
    outer loop
      vertex 18.1409 -11.1106 0
      vertex 14 -19 0
      vertex 18.1182 -11.0084 0
    endloop
  endfacet
  facet normal 0 0 -1
    outer loop
      vertex 18.1 -10.8 0
      vertex 14.5176 -2.93185 0
      vertex 14.684 -2.87938 0
    endloop
  endfacet
  facet normal -0 0 -1
    outer loop
      vertex 18.1182 -11.0084 0
      vertex 14 -19 0
      vertex 18.1046 -10.9046 0
    endloop
  endfacet
  facet normal 0 0 -1
    outer loop
      vertex 18.1 -10.8 0
      vertex 14.3473 -2.96962 0
      vertex 14.5176 -2.93185 0
    endloop
  endfacet
  facet normal -0 0 -1
    outer loop
      vertex 18.1046 -10.9046 0
      vertex 14 -19 0
      vertex 18.1 -10.8 0
    endloop
  endfacet
  facet normal 0 0 -1
    outer loop
      vertex 18.1 -10.8 0
      vertex 14.1743 -2.99239 0
      vertex 14.3473 -2.96962 0
    endloop
  endfacet
  facet normal 0 0 -1
    outer loop
      vertex 14 -3 0
      vertex 18.1 -10.8 0
      vertex 14 -19 0
    endloop
  endfacet
  facet normal 0 0 -1
    outer loop
      vertex 18.1 -10.8 0
      vertex 14 -3 0
      vertex 14.1743 -2.99239 0
    endloop
  endfacet
  facet normal 0 0 -1
    outer loop
      vertex -14 -19 0
      vertex 14 -3 0
      vertex 14 -19 0
    endloop
  endfacet
  facet normal 0 0 -1
    outer loop
      vertex -14 -19 0
      vertex -14 -3 0
      vertex 14 -3 0
    endloop
  endfacet
  facet normal 0 0 -1
    outer loop
      vertex -18.317 -11.4883 0
      vertex -14 -19 0
      vertex -14.1743 -19.0076 0
    endloop
  endfacet
  facet normal 0 0 -1
    outer loop
      vertex -14 -19 0
      vertex -18.1 -10.8 0
      vertex -14 -3 0
    endloop
  endfacet
  facet normal 0 0 -1
    outer loop
      vertex -18.3808 -11.5713 0
      vertex -14.1743 -19.0076 0
      vertex -14.3473 -19.0304 0
    endloop
  endfacet
  facet normal -0 0 -1
    outer loop
      vertex -14 -3 0
      vertex -18.1 -10.8 0
      vertex -14.1743 -2.99239 0
    endloop
  endfacet
  facet normal 0 0 -1
    outer loop
      vertex -18.4515 -11.6485 0
      vertex -14.3473 -19.0304 0
      vertex -14.5176 -19.0681 0
    endloop
  endfacet
  facet normal -0 0 -1
    outer loop
      vertex -14.1743 -2.99239 0
      vertex -18.1 -10.8 0
      vertex -14.3473 -2.96962 0
    endloop
  endfacet
  facet normal 0 0 -1
    outer loop
      vertex -18.5287 -11.7192 0
      vertex -14.5176 -19.0681 0
      vertex -14.684 -19.1206 0
    endloop
  endfacet
  facet normal -0 0 -1
    outer loop
      vertex -14.3473 -2.96962 0
      vertex -18.1 -10.8 0
      vertex -14.5176 -2.93185 0
    endloop
  endfacet
  facet normal 0 0 -1
    outer loop
      vertex -18.6117 -11.783 0
      vertex -14.684 -19.1206 0
      vertex -14.8452 -19.1874 0
    endloop
  endfacet
  facet normal -0 0 -1
    outer loop
      vertex -14.5176 -2.93185 0
      vertex -18.1 -10.8 0
      vertex -14.684 -2.87938 0
    endloop
  endfacet
  facet normal 0 0 -1
    outer loop
      vertex -18.7 -11.8392 0
      vertex -14.8452 -19.1874 0
      vertex -15 -19.2679 0
    endloop
  endfacet
  facet normal -0 0 -1
    outer loop
      vertex -14.684 -2.87938 0
      vertex -18.1 -10.8 0
      vertex -14.8452 -2.81262 0
    endloop
  endfacet
  facet normal 0 0 -1
    outer loop
      vertex -18.8896 -11.9276 0
      vertex -15 -19.2679 0
      vertex -15.1472 -19.3617 0
    endloop
  endfacet
  facet normal -0 0 -1
    outer loop
      vertex -14.8452 -2.81262 0
      vertex -18.1 -10.8 0
      vertex -15 -2.73206 0
    endloop
  endfacet
  facet normal 0 0 -1
    outer loop
      vertex -18.9894 -11.9591 0
      vertex -15.1472 -19.3617 0
      vertex -15.2856 -19.4679 0
    endloop
  endfacet
  facet normal -0 0 -1
    outer loop
      vertex -15 -2.73206 0
      vertex -18.1 -10.8 0
      vertex -15.1472 -2.63831 0
    endloop
  endfacet
  facet normal 0 0 -1
    outer loop
      vertex -19.0916 -11.9818 0
      vertex -15.2856 -19.4679 0
      vertex -15.4142 -19.5858 0
    endloop
  endfacet
  facet normal -0 0 -1
    outer loop
      vertex -15.1472 -2.63831 0
      vertex -18.1 -10.8 0
      vertex -15.2856 -2.53209 0
    endloop
  endfacet
  facet normal 0 0 -1
    outer loop
      vertex -19.1954 -11.9954 0
      vertex -15.4142 -19.5858 0
      vertex -15.5321 -19.7144 0
    endloop
  endfacet
  facet normal -0 0 -1
    outer loop
      vertex -15.2856 -2.53209 0
      vertex -18.1 -10.8 0
      vertex -15.4142 -2.41422 0
    endloop
  endfacet
  facet normal 0 0 -1
    outer loop
      vertex -19.3 -12 0
      vertex -15.5321 -19.7144 0
      vertex -15.6383 -19.8528 0
    endloop
  endfacet
  facet normal -0 0 -1
    outer loop
      vertex -15.4142 -2.41422 0
      vertex -18.1 -10.8 0
      vertex -15.5321 -2.28557 0
    endloop
  endfacet
  facet normal 0 0 -1
    outer loop
      vertex -20.7 -12 0
      vertex -15.6383 -19.8528 0
      vertex -15.7321 -20 0
    endloop
  endfacet
  facet normal -0 0 -1
    outer loop
      vertex -15.5321 -2.28557 0
      vertex -18.1 -10.8 0
      vertex -15.6383 -2.14716 0
    endloop
  endfacet
  facet normal 0 0 -1
    outer loop
      vertex -20.7 -12 0
      vertex -15.7321 -20 0
      vertex -15.8126 -20.1548 0
    endloop
  endfacet
  facet normal -0 0 -1
    outer loop
      vertex -15.6383 -2.14716 0
      vertex -18.1 -10.8 0
      vertex -15.7321 -2 0
    endloop
  endfacet
  facet normal 0 0 -1
    outer loop
      vertex -20.8046 -11.9954 0
      vertex -15.8126 -20.1548 0
      vertex -15.8794 -20.316 0
    endloop
  endfacet
  facet normal -0 0 -1
    outer loop
      vertex -15.7321 -2 0
      vertex -18.1 -10.8 0
      vertex -15.8126 -1.84523 0
    endloop
  endfacet
  facet normal 0 0 -1
    outer loop
      vertex -20.9084 -11.9818 0
      vertex -15.8794 -20.316 0
      vertex -15.9319 -20.4824 0
    endloop
  endfacet
  facet normal -0 0 -1
    outer loop
      vertex -15.8126 -1.84523 0
      vertex -18.1 -10.8 0
      vertex -15.8794 -1.68404 0
    endloop
  endfacet
  facet normal 0 0 -1
    outer loop
      vertex -21.0106 -11.9591 0
      vertex -15.9319 -20.4824 0
      vertex -15.9696 -20.6527 0
    endloop
  endfacet
  facet normal -0 0 -1
    outer loop
      vertex -15.8794 -1.68404 0
      vertex -18.1 -10.8 0
      vertex -15.9319 -1.51764 0
    endloop
  endfacet
  facet normal 0 0 -1
    outer loop
      vertex -21.1104 -11.9276 0
      vertex -15.9696 -20.6527 0
      vertex -15.9924 -20.8257 0
    endloop
  endfacet
  facet normal -0 0 -1
    outer loop
      vertex -15.9319 -1.51764 0
      vertex -18.1 -10.8 0
      vertex -15.9696 -1.34729 0
    endloop
  endfacet
  facet normal 0 0 -1
    outer loop
      vertex -21.2071 -11.8876 0
      vertex -15.9924 -20.8257 0
      vertex -16 -21 0
    endloop
  endfacet
  facet normal -0 0 -1
    outer loop
      vertex -15.9696 -1.34729 0
      vertex -18.1 -10.8 0
      vertex -15.9924 -1.17432 0
    endloop
  endfacet
  facet normal -0 0 -1
    outer loop
      vertex -15.4142 -24.4142 0
      vertex -21.0249 -30.6074 0
      vertex -15.5321 -24.2856 0
    endloop
  endfacet
  facet normal 0 0 -1
    outer loop
      vertex -21.15 -30.5278 0
      vertex -15.5321 -24.2856 0
      vertex -21.0249 -30.6074 0
    endloop
  endfacet
  facet normal -0 0 -1
    outer loop
      vertex -15.5321 -24.2856 0
      vertex -21.15 -30.5278 0
      vertex -15.6383 -24.1472 0
    endloop
  endfacet
  facet normal 0 0 -1
    outer loop
      vertex -21.2815 -30.4593 0
      vertex -15.6383 -24.1472 0
      vertex -21.15 -30.5278 0
    endloop
  endfacet
  facet normal -0 0 -1
    outer loop
      vertex -15.6383 -24.1472 0
      vertex -21.2815 -30.4593 0
      vertex -15.7321 -24 0
    endloop
  endfacet
  facet normal 0 0 -1
    outer loop
      vertex -21.4186 -30.4025 0
      vertex -15.7321 -24 0
      vertex -21.2815 -30.4593 0
    endloop
  endfacet
  facet normal -0 0 -1
    outer loop
      vertex -15.7321 -24 0
      vertex -21.4186 -30.4025 0
      vertex -15.8126 -23.8452 0
    endloop
  endfacet
  facet normal 0 0 -1
    outer loop
      vertex -21.56 -30.3579 0
      vertex -15.8126 -23.8452 0
      vertex -21.4186 -30.4025 0
    endloop
  endfacet
  facet normal -0 0 -1
    outer loop
      vertex -15.8126 -23.8452 0
      vertex -21.56 -30.3579 0
      vertex -15.8794 -23.684 0
    endloop
  endfacet
  facet normal 0 0 -1
    outer loop
      vertex -21.7048 -30.3258 0
      vertex -15.8794 -23.684 0
      vertex -21.56 -30.3579 0
    endloop
  endfacet
  facet normal -0 0 -1
    outer loop
      vertex -15.8794 -23.684 0
      vertex -21.7048 -30.3258 0
      vertex -15.9319 -23.5176 0
    endloop
  endfacet
  facet normal 0 0 -1
    outer loop
      vertex -21.8518 -30.3065 0
      vertex -15.9319 -23.5176 0
      vertex -21.7048 -30.3258 0
    endloop
  endfacet
  facet normal -0 0 -1
    outer loop
      vertex -15.9319 -23.5176 0
      vertex -21.8518 -30.3065 0
      vertex -15.9696 -23.3473 0
    endloop
  endfacet
  facet normal 0 0 -1
    outer loop
      vertex -22 -30.3 0
      vertex -15.9696 -23.3473 0
      vertex -21.8518 -30.3065 0
    endloop
  endfacet
  facet normal -0 0 -1
    outer loop
      vertex -15.9696 -23.3473 0
      vertex -22 -30.3 0
      vertex -15.9924 -23.1743 0
    endloop
  endfacet
  facet normal 0 0 -1
    outer loop
      vertex -22.1482 -30.3065 0
      vertex -15.9924 -23.1743 0
      vertex -22 -30.3 0
    endloop
  endfacet
  facet normal 0 0 -1
    outer loop
      vertex -15.6383 -19.8528 0
      vertex -20.7 -12 0
      vertex -19.3 -12 0
    endloop
  endfacet
  facet normal -0 0 -1
    outer loop
      vertex -15.9924 -23.1743 0
      vertex -22.1482 -30.3065 0
      vertex -16 -23 0
    endloop
  endfacet
  facet normal 0 0 -1
    outer loop
      vertex -15.8126 -20.1548 0
      vertex -20.8046 -11.9954 0
      vertex -20.7 -12 0
    endloop
  endfacet
  facet normal 0 0 -1
    outer loop
      vertex -22.2952 -30.3258 0
      vertex -16 -23 0
      vertex -22.1482 -30.3065 0
    endloop
  endfacet
  facet normal 0 0 -1
    outer loop
      vertex -15.8794 -20.316 0
      vertex -20.9084 -11.9818 0
      vertex -20.8046 -11.9954 0
    endloop
  endfacet
  facet normal 0 0 -1
    outer loop
      vertex -15.9319 -20.4824 0
      vertex -21.0106 -11.9591 0
      vertex -20.9084 -11.9818 0
    endloop
  endfacet
  facet normal 0 0 -1
    outer loop
      vertex -15.9696 -20.6527 0
      vertex -21.1104 -11.9276 0
      vertex -21.0106 -11.9591 0
    endloop
  endfacet
  facet normal 0 0 -1
    outer loop
      vertex -15.9924 -20.8257 0
      vertex -21.2071 -11.8876 0
      vertex -21.1104 -11.9276 0
    endloop
  endfacet
  facet normal 0 0 -1
    outer loop
      vertex -16 -21 0
      vertex -21.3 -11.8392 0
      vertex -21.2071 -11.8876 0
    endloop
  endfacet
  facet normal 0 0 -1
    outer loop
      vertex -22.44 -30.3579 0
      vertex -16 -23 0
      vertex -22.2952 -30.3258 0
    endloop
  endfacet
  facet normal -0 0 -1
    outer loop
      vertex -16 -23 0
      vertex -22.44 -30.3579 0
      vertex -16 -21 0
    endloop
  endfacet
  facet normal 0 0 -1
    outer loop
      vertex -22.5814 -30.4025 0
      vertex -16 -21 0
      vertex -22.44 -30.3579 0
    endloop
  endfacet
  facet normal -0 0 -1
    outer loop
      vertex -16 -21 0
      vertex -22.5814 -30.4025 0
      vertex -21.3 -11.8392 0
    endloop
  endfacet
  facet normal 0 0 -1
    outer loop
      vertex -22.7185 -30.4593 0
      vertex -21.3 -11.8392 0
      vertex -22.5814 -30.4025 0
    endloop
  endfacet
  facet normal -0 0 -1
    outer loop
      vertex -21.3 -11.8392 0
      vertex -22.7185 -30.4593 0
      vertex -21.3883 -11.783 0
    endloop
  endfacet
  facet normal 0 0 -1
    outer loop
      vertex -22.85 -30.5278 0
      vertex -21.3883 -11.783 0
      vertex -22.7185 -30.4593 0
    endloop
  endfacet
  facet normal -0 0 -1
    outer loop
      vertex -21.3883 -11.783 0
      vertex -22.85 -30.5278 0
      vertex -21.4713 -11.7192 0
    endloop
  endfacet
  facet normal 0 0 -1
    outer loop
      vertex -22.9751 -30.6074 0
      vertex -21.4713 -11.7192 0
      vertex -22.85 -30.5278 0
    endloop
  endfacet
  facet normal -0 0 -1
    outer loop
      vertex -21.4713 -11.7192 0
      vertex -22.9751 -30.6074 0
      vertex -21.5485 -11.6485 0
    endloop
  endfacet
  facet normal 0 0 -1
    outer loop
      vertex -23.0927 -30.6977 0
      vertex -21.5485 -11.6485 0
      vertex -22.9751 -30.6074 0
    endloop
  endfacet
  facet normal 0 0 -1
    outer loop
      vertex -23.2021 -30.7979 0
      vertex -21.6192 -11.5713 0
      vertex -23.0927 -30.6977 0
    endloop
  endfacet
  facet normal -0 0 -1
    outer loop
      vertex -21.5485 -11.6485 0
      vertex -23.0927 -30.6977 0
      vertex -21.6192 -11.5713 0
    endloop
  endfacet
  facet normal 0 0 -1
    outer loop
      vertex 23.6421 -31.56 0
      vertex 28 -34 0
      vertex 23.6742 -31.7048 0
    endloop
  endfacet
  facet normal 0 0 -1
    outer loop
      vertex 28 34 0
      vertex 23.6935 31.8518 0
      vertex 23.7 32 0
    endloop
  endfacet
  facet normal 0 0 -1
    outer loop
      vertex 28 -34 0
      vertex 21.9 -10.8 0
      vertex 28 34 0
    endloop
  endfacet
  facet normal 0 0 -1
    outer loop
      vertex 28 34 0
      vertex 23.6742 31.7048 0
      vertex 23.6935 31.8518 0
    endloop
  endfacet
  facet normal 0 0 -1
    outer loop
      vertex 23.5975 -31.4186 0
      vertex 28 -34 0
      vertex 23.6421 -31.56 0
    endloop
  endfacet
  facet normal 0 0 -1
    outer loop
      vertex 21.9 10.8 0
      vertex 28 34 0
      vertex 21.9 -10.8 0
    endloop
  endfacet
  facet normal 0 0 -1
    outer loop
      vertex 23.5407 -31.2815 0
      vertex 28 -34 0
      vertex 23.5975 -31.4186 0
    endloop
  endfacet
  facet normal 0 0 -1
    outer loop
      vertex 21.8954 10.9046 0
      vertex 28 34 0
      vertex 21.9 10.8 0
    endloop
  endfacet
  facet normal 0 0 -1
    outer loop
      vertex 23.4722 -31.15 0
      vertex 28 -34 0
      vertex 23.5407 -31.2815 0
    endloop
  endfacet
  facet normal 0 0 -1
    outer loop
      vertex 28 34 0
      vertex 23.6421 31.56 0
      vertex 23.6742 31.7048 0
    endloop
  endfacet
  facet normal 0 0 -1
    outer loop
      vertex 23.3926 -31.0249 0
      vertex 28 -34 0
      vertex 23.4722 -31.15 0
    endloop
  endfacet
  facet normal 0 0 -1
    outer loop
      vertex 21.8818 11.0084 0
      vertex 28 34 0
      vertex 21.8954 10.9046 0
    endloop
  endfacet
  facet normal 0 0 -1
    outer loop
      vertex 23.3023 -30.9073 0
      vertex 28 -34 0
      vertex 23.3926 -31.0249 0
    endloop
  endfacet
  facet normal 0 0 -1
    outer loop
      vertex 28 34 0
      vertex 23.5975 31.4186 0
      vertex 23.6421 31.56 0
    endloop
  endfacet
  facet normal 0 0 -1
    outer loop
      vertex 23.2021 -30.7979 0
      vertex 28 -34 0
      vertex 23.3023 -30.9073 0
    endloop
  endfacet
  facet normal 0 0 -1
    outer loop
      vertex 21.8591 11.1106 0
      vertex 28 34 0
      vertex 21.8818 11.0084 0
    endloop
  endfacet
  facet normal 0 0 -1
    outer loop
      vertex 28 -34 0
      vertex 23.2021 -30.7979 0
      vertex 21.683 -11.4883 0
    endloop
  endfacet
  facet normal 0 0 -1
    outer loop
      vertex 28 34 0
      vertex 23.5407 31.2815 0
      vertex 23.5975 31.4186 0
    endloop
  endfacet
  facet normal 0 0 -1
    outer loop
      vertex 21.6192 -11.5713 0
      vertex 23.2021 -30.7979 0
      vertex 23.0927 -30.6977 0
    endloop
  endfacet
  facet normal 0 0 -1
    outer loop
      vertex 21.8276 11.2104 0
      vertex 28 34 0
      vertex 21.8591 11.1106 0
    endloop
  endfacet
  facet normal 0 0 -1
    outer loop
      vertex 21.5485 -11.6485 0
      vertex 23.0927 -30.6977 0
      vertex 22.9751 -30.6074 0
    endloop
  endfacet
  facet normal 0 0 -1
    outer loop
      vertex 28 34 0
      vertex 23.4722 31.15 0
      vertex 23.5407 31.2815 0
    endloop
  endfacet
  facet normal 0 0 -1
    outer loop
      vertex 21.4713 -11.7192 0
      vertex 22.9751 -30.6074 0
      vertex 22.85 -30.5278 0
    endloop
  endfacet
  facet normal 0 0 -1
    outer loop
      vertex 21.7876 11.3071 0
      vertex 28 34 0
      vertex 21.8276 11.2104 0
    endloop
  endfacet
  facet normal 0 0 -1
    outer loop
      vertex 21.3883 -11.783 0
      vertex 22.85 -30.5278 0
      vertex 22.7185 -30.4593 0
    endloop
  endfacet
  facet normal 0 0 -1
    outer loop
      vertex 21.7392 11.4 0
      vertex 28 34 0
      vertex 21.7876 11.3071 0
    endloop
  endfacet
  facet normal 0 0 -1
    outer loop
      vertex 21.3 -11.8392 0
      vertex 22.7185 -30.4593 0
      vertex 22.5814 -30.4025 0
    endloop
  endfacet
  facet normal 0 0 -1
    outer loop
      vertex 28 34 0
      vertex 23.3926 31.0249 0
      vertex 23.4722 31.15 0
    endloop
  endfacet
  facet normal 0 0 -1
    outer loop
      vertex 16 -21 0
      vertex 22.5814 -30.4025 0
      vertex 22.44 -30.3579 0
    endloop
  endfacet
  facet normal 0 0 -1
    outer loop
      vertex 21.683 11.4883 0
      vertex 28 34 0
      vertex 21.7392 11.4 0
    endloop
  endfacet
  facet normal 0 0 -1
    outer loop
      vertex 16 -23 0
      vertex 22.44 -30.3579 0
      vertex 22.2952 -30.3258 0
    endloop
  endfacet
  facet normal 0 0 -1
    outer loop
      vertex 28 34 0
      vertex 23.3023 30.9073 0
      vertex 23.3926 31.0249 0
    endloop
  endfacet
  facet normal 0 0 -1
    outer loop
      vertex 16 -23 0
      vertex 22.2952 -30.3258 0
      vertex 22.1482 -30.3065 0
    endloop
  endfacet
  facet normal 0 -0 -1
    outer loop
      vertex 23.2021 30.7979 0
      vertex 28 34 0
      vertex 21.683 11.4883 0
    endloop
  endfacet
  facet normal 0 0 -1
    outer loop
      vertex 15.9924 -23.1743 0
      vertex 22.1482 -30.3065 0
      vertex 22 -30.3 0
    endloop
  endfacet
  facet normal 0 0 -1
    outer loop
      vertex 28 34 0
      vertex 23.2021 30.7979 0
      vertex 23.3023 30.9073 0
    endloop
  endfacet
  facet normal 0 0 -1
    outer loop
      vertex 21.6192 11.5713 0
      vertex 23.2021 30.7979 0
      vertex 21.683 11.4883 0
    endloop
  endfacet
  facet normal 0 0 -1
    outer loop
      vertex 28 -34 0
      vertex 21.8954 -10.9046 0
      vertex 21.9 -10.8 0
    endloop
  endfacet
  facet normal 0 0 -1
    outer loop
      vertex 28 -34 0
      vertex 21.8818 -11.0084 0
      vertex 21.8954 -10.9046 0
    endloop
  endfacet
  facet normal 0 0 -1
    outer loop
      vertex 28 -34 0
      vertex 21.8591 -11.1106 0
      vertex 21.8818 -11.0084 0
    endloop
  endfacet
  facet normal 0 0 -1
    outer loop
      vertex 15.9696 -23.3473 0
      vertex 22 -30.3 0
      vertex 21.8518 -30.3065 0
    endloop
  endfacet
  facet normal 0 0 -1
    outer loop
      vertex 28 -34 0
      vertex 21.8276 -11.2104 0
      vertex 21.8591 -11.1106 0
    endloop
  endfacet
  facet normal 0 0 -1
    outer loop
      vertex 28 -34 0
      vertex 21.7876 -11.3071 0
      vertex 21.8276 -11.2104 0
    endloop
  endfacet
  facet normal 0 0 -1
    outer loop
      vertex 28 -34 0
      vertex 21.7392 -11.4 0
      vertex 21.7876 -11.3071 0
    endloop
  endfacet
  facet normal 0 0 -1
    outer loop
      vertex 15.9319 -23.5176 0
      vertex 21.8518 -30.3065 0
      vertex 21.7048 -30.3258 0
    endloop
  endfacet
  facet normal 0 0 -1
    outer loop
      vertex 28 -34 0
      vertex 21.683 -11.4883 0
      vertex 21.7392 -11.4 0
    endloop
  endfacet
  facet normal 0 0 -1
    outer loop
      vertex 23.2021 -30.7979 0
      vertex 21.6192 -11.5713 0
      vertex 21.683 -11.4883 0
    endloop
  endfacet
  facet normal 0 0 -1
    outer loop
      vertex 15.8794 -23.684 0
      vertex 21.7048 -30.3258 0
      vertex 21.56 -30.3579 0
    endloop
  endfacet
  facet normal 0 0 -1
    outer loop
      vertex 23.0927 -30.6977 0
      vertex 21.5485 -11.6485 0
      vertex 21.6192 -11.5713 0
    endloop
  endfacet
  facet normal 0 0 -1
    outer loop
      vertex 22.9751 -30.6074 0
      vertex 21.4713 -11.7192 0
      vertex 21.5485 -11.6485 0
    endloop
  endfacet
  facet normal 0 0 -1
    outer loop
      vertex 15.8126 -23.8452 0
      vertex 21.56 -30.3579 0
      vertex 21.4186 -30.4025 0
    endloop
  endfacet
  facet normal 0 0 -1
    outer loop
      vertex 22.85 -30.5278 0
      vertex 21.3883 -11.783 0
      vertex 21.4713 -11.7192 0
    endloop
  endfacet
  facet normal 0 0 -1
    outer loop
      vertex 22.7185 -30.4593 0
      vertex 21.3 -11.8392 0
      vertex 21.3883 -11.783 0
    endloop
  endfacet
  facet normal 0 0 -1
    outer loop
      vertex 15.7321 -24 0
      vertex 21.4186 -30.4025 0
      vertex 21.2815 -30.4593 0
    endloop
  endfacet
  facet normal 0 0 -1
    outer loop
      vertex 22.5814 -30.4025 0
      vertex 16 -21 0
      vertex 21.3 -11.8392 0
    endloop
  endfacet
  facet normal 0 0 -1
    outer loop
      vertex 15.6383 -24.1472 0
      vertex 21.2815 -30.4593 0
      vertex 21.15 -30.5278 0
    endloop
  endfacet
  facet normal 0 0 -1
    outer loop
      vertex 21.3 -11.8392 0
      vertex 16 -21 0
      vertex 21.2071 -11.8876 0
    endloop
  endfacet
  facet normal 0 0 -1
    outer loop
      vertex 15.5321 -24.2856 0
      vertex 21.15 -30.5278 0
      vertex 21.0249 -30.6074 0
    endloop
  endfacet
  facet normal 0 0 -1
    outer loop
      vertex 15.9924 -20.8257 0
      vertex 21.2071 -11.8876 0
      vertex 16 -21 0
    endloop
  endfacet
  facet normal 0 0 -1
    outer loop
      vertex 21.2071 -11.8876 0
      vertex 15.9924 -20.8257 0
      vertex 21.1104 -11.9276 0
    endloop
  endfacet
  facet normal 0 0 -1
    outer loop
      vertex 15.4142 -24.4142 0
      vertex 21.0249 -30.6074 0
      vertex 20.9073 -30.6977 0
    endloop
  endfacet
  facet normal 0 0 -1
    outer loop
      vertex 15.9696 -20.6527 0
      vertex 21.1104 -11.9276 0
      vertex 15.9924 -20.8257 0
    endloop
  endfacet
  facet normal 0 0 -1
    outer loop
      vertex 15.2856 -24.5321 0
      vertex 20.9073 -30.6977 0
      vertex 20.7979 -30.7979 0
    endloop
  endfacet
  facet normal 0 0 -1
    outer loop
      vertex 21.1104 -11.9276 0
      vertex 15.9696 -20.6527 0
      vertex 21.0106 -11.9591 0
    endloop
  endfacet
  facet normal 0 0 -1
    outer loop
      vertex 15.1472 -24.6383 0
      vertex 20.7979 -30.7979 0
      vertex 20.6977 -30.9073 0
    endloop
  endfacet
  facet normal 0 0 -1
    outer loop
      vertex 15 -24.7321 0
      vertex 20.6977 -30.9073 0
      vertex 20.6074 -31.0249 0
    endloop
  endfacet
  facet normal 0 0 -1
    outer loop
      vertex 14.8452 -24.8126 0
      vertex 20.6074 -31.0249 0
      vertex 20.5278 -31.15 0
    endloop
  endfacet
  facet normal 0 0 -1
    outer loop
      vertex 14.684 -24.8794 0
      vertex 20.5278 -31.15 0
      vertex 20.4593 -31.2815 0
    endloop
  endfacet
  facet normal 0 0 -1
    outer loop
      vertex 14.5176 -24.9319 0
      vertex 20.4593 -31.2815 0
      vertex 20.4025 -31.4186 0
    endloop
  endfacet
  facet normal 0 0 -1
    outer loop
      vertex 14.5176 -24.9319 0
      vertex 20.4025 -31.4186 0
      vertex 20.3579 -31.56 0
    endloop
  endfacet
  facet normal 0 0 -1
    outer loop
      vertex 14.3473 -24.9696 0
      vertex 20.3579 -31.56 0
      vertex 20.3258 -31.7048 0
    endloop
  endfacet
  facet normal 0 0 -1
    outer loop
      vertex 14.1743 -24.9924 0
      vertex 20.3258 -31.7048 0
      vertex 20.3065 -31.8518 0
    endloop
  endfacet
  facet normal 0 0 -1
    outer loop
      vertex 14 -25 0
      vertex 20.3065 -31.8518 0
      vertex 20.3 -32 0
    endloop
  endfacet
  facet normal 0 0 -1
    outer loop
      vertex 22.44 -30.3579 0
      vertex 16 -23 0
      vertex 16 -21 0
    endloop
  endfacet
  facet normal 0 0 -1
    outer loop
      vertex 23.4722 -32.85 0
      vertex 28 -34 0
      vertex 27.9848 -34.3486 0
    endloop
  endfacet
  facet normal 0 0 -1
    outer loop
      vertex 23.6935 -31.8518 0
      vertex 28 -34 0
      vertex 23.7 -32 0
    endloop
  endfacet
  facet normal 0 0 -1
    outer loop
      vertex 23.4722 -32.85 0
      vertex 27.9848 -34.3486 0
      vertex 27.9392 -34.6946 0
    endloop
  endfacet
  facet normal 0 0 -1
    outer loop
      vertex 23.6742 -31.7048 0
      vertex 28 -34 0
      vertex 23.6935 -31.8518 0
    endloop
  endfacet
  facet normal 0 0 -1
    outer loop
      vertex 23.3926 -32.9751 0
      vertex 27.9392 -34.6946 0
      vertex 27.8637 -35.0353 0
    endloop
  endfacet
  facet normal 0 0 -1
    outer loop
      vertex 23.6935 32.1482 0
      vertex 28 34 0
      vertex 23.7 32 0
    endloop
  endfacet
  facet normal 0 0 -1
    outer loop
      vertex 23.3926 -32.9751 0
      vertex 27.8637 -35.0353 0
      vertex 27.7588 -35.3681 0
    endloop
  endfacet
  facet normal 0 0 -1
    outer loop
      vertex 23.6742 32.2952 0
      vertex 28 34 0
      vertex 23.6935 32.1482 0
    endloop
  endfacet
  facet normal 0 0 -1
    outer loop
      vertex 23.3926 -32.9751 0
      vertex 27.7588 -35.3681 0
      vertex 27.6252 -35.6905 0
    endloop
  endfacet
  facet normal 0 0 -1
    outer loop
      vertex 23.6421 32.44 0
      vertex 28 34 0
      vertex 23.6742 32.2952 0
    endloop
  endfacet
  facet normal 0 0 -1
    outer loop
      vertex 23.3023 -33.0927 0
      vertex 27.6252 -35.6905 0
      vertex 27.4641 -36 0
    endloop
  endfacet
  facet normal 0 0 -1
    outer loop
      vertex 23.5975 32.5814 0
      vertex 28 34 0
      vertex 23.6421 32.44 0
    endloop
  endfacet
  facet normal 0 0 -1
    outer loop
      vertex 23.3023 -33.0927 0
      vertex 27.4641 -36 0
      vertex 27.2766 -36.2943 0
    endloop
  endfacet
  facet normal 0 0 -1
    outer loop
      vertex 23.5407 32.7185 0
      vertex 28 34 0
      vertex 23.5975 32.5814 0
    endloop
  endfacet
  facet normal 0 0 -1
    outer loop
      vertex 23.3023 -33.0927 0
      vertex 27.2766 -36.2943 0
      vertex 27.0642 -36.5712 0
    endloop
  endfacet
  facet normal 0 0 -1
    outer loop
      vertex 23.4722 32.85 0
      vertex 28 34 0
      vertex 23.5407 32.7185 0
    endloop
  endfacet
  facet normal 0 0 -1
    outer loop
      vertex 23.2021 -33.2021 0
      vertex 27.0642 -36.5712 0
      vertex 26.8284 -36.8284 0
    endloop
  endfacet
  facet normal -0 0 -1
    outer loop
      vertex 28 34 0
      vertex 23.4722 32.85 0
      vertex 27.9848 34.3486 0
    endloop
  endfacet
  facet normal 0 0 -1
    outer loop
      vertex 23.2021 -33.2021 0
      vertex 26.8284 -36.8284 0
      vertex 26.5712 -37.0642 0
    endloop
  endfacet
  facet normal -0 0 -1
    outer loop
      vertex 27.9848 34.3486 0
      vertex 23.4722 32.85 0
      vertex 27.9392 34.6946 0
    endloop
  endfacet
  facet normal 0 0 -1
    outer loop
      vertex 23.2021 -33.2021 0
      vertex 26.5712 -37.0642 0
      vertex 26.2943 -37.2766 0
    endloop
  endfacet
  facet normal 0 0 -1
    outer loop
      vertex 23.3926 32.9751 0
      vertex 27.9392 34.6946 0
      vertex 23.4722 32.85 0
    endloop
  endfacet
  facet normal 0 0 -1
    outer loop
      vertex 23.0927 -33.3023 0
      vertex 26.2943 -37.2766 0
      vertex 26 -37.4641 0
    endloop
  endfacet
  facet normal -0 0 -1
    outer loop
      vertex 27.9392 34.6946 0
      vertex 23.3926 32.9751 0
      vertex 27.8637 35.0353 0
    endloop
  endfacet
  facet normal 0 0 -1
    outer loop
      vertex 23.0927 -33.3023 0
      vertex 26 -37.4641 0
      vertex 25.6905 -37.6252 0
    endloop
  endfacet
  facet normal -0 0 -1
    outer loop
      vertex 27.8637 35.0353 0
      vertex 23.3926 32.9751 0
      vertex 27.7588 35.3681 0
    endloop
  endfacet
  facet normal 0 0 -1
    outer loop
      vertex 23.0927 -33.3023 0
      vertex 25.6905 -37.6252 0
      vertex 25.3681 -37.7588 0
    endloop
  endfacet
  facet normal -0 0 -1
    outer loop
      vertex 27.7588 35.3681 0
      vertex 23.3926 32.9751 0
      vertex 27.6252 35.6905 0
    endloop
  endfacet
  facet normal 0 0 -1
    outer loop
      vertex 22.9751 -33.3926 0
      vertex 25.3681 -37.7588 0
      vertex 25.0353 -37.8637 0
    endloop
  endfacet
  facet normal 0 0 -1
    outer loop
      vertex 23.3023 33.0927 0
      vertex 27.6252 35.6905 0
      vertex 23.3926 32.9751 0
    endloop
  endfacet
  facet normal 0 0 -1
    outer loop
      vertex 22.9751 -33.3926 0
      vertex 25.0353 -37.8637 0
      vertex 24.6946 -37.9392 0
    endloop
  endfacet
  facet normal -0 0 -1
    outer loop
      vertex 27.6252 35.6905 0
      vertex 23.3023 33.0927 0
      vertex 27.4641 36 0
    endloop
  endfacet
  facet normal 0 0 -1
    outer loop
      vertex 22.85 -33.4722 0
      vertex 24.6946 -37.9392 0
      vertex 24.3486 -37.9848 0
    endloop
  endfacet
  facet normal -0 0 -1
    outer loop
      vertex 27.4641 36 0
      vertex 23.3023 33.0927 0
      vertex 27.2766 36.2943 0
    endloop
  endfacet
  facet normal 0 0 -1
    outer loop
      vertex 22.85 -33.4722 0
      vertex 24.3486 -37.9848 0
      vertex 24 -38 0
    endloop
  endfacet
  facet normal -0 0 -1
    outer loop
      vertex 27.2766 36.2943 0
      vertex 23.3023 33.0927 0
      vertex 27.0642 36.5712 0
    endloop
  endfacet
  facet normal 0 0 -1
    outer loop
      vertex 23.2021 33.2021 0
      vertex 27.0642 36.5712 0
      vertex 23.3023 33.0927 0
    endloop
  endfacet
  facet normal 0 0 -1
    outer loop
      vertex 28 -34 0
      vertex 23.6935 -32.1482 0
      vertex 23.7 -32 0
    endloop
  endfacet
  facet normal 0 0 -1
    outer loop
      vertex 28 -34 0
      vertex 23.6742 -32.2952 0
      vertex 23.6935 -32.1482 0
    endloop
  endfacet
  facet normal 0 0 -1
    outer loop
      vertex 28 -34 0
      vertex 23.6421 -32.44 0
      vertex 23.6742 -32.2952 0
    endloop
  endfacet
  facet normal 0 0 -1
    outer loop
      vertex 28 -34 0
      vertex 23.5975 -32.5814 0
      vertex 23.6421 -32.44 0
    endloop
  endfacet
  facet normal 0 0 -1
    outer loop
      vertex 28 -34 0
      vertex 23.5407 -32.7185 0
      vertex 23.5975 -32.5814 0
    endloop
  endfacet
  facet normal 0 0 -1
    outer loop
      vertex 28 -34 0
      vertex 23.4722 -32.85 0
      vertex 23.5407 -32.7185 0
    endloop
  endfacet
  facet normal 0 0 -1
    outer loop
      vertex 27.9392 -34.6946 0
      vertex 23.3926 -32.9751 0
      vertex 23.4722 -32.85 0
    endloop
  endfacet
  facet normal 0 0 -1
    outer loop
      vertex 27.6252 -35.6905 0
      vertex 23.3023 -33.0927 0
      vertex 23.3926 -32.9751 0
    endloop
  endfacet
  facet normal 0 0 -1
    outer loop
      vertex 27.0642 -36.5712 0
      vertex 23.2021 -33.2021 0
      vertex 23.3023 -33.0927 0
    endloop
  endfacet
  facet normal 0 0 -1
    outer loop
      vertex 26.2943 -37.2766 0
      vertex 23.0927 -33.3023 0
      vertex 23.2021 -33.2021 0
    endloop
  endfacet
  facet normal 0 0 -1
    outer loop
      vertex 25.3681 -37.7588 0
      vertex 22.9751 -33.3926 0
      vertex 23.0927 -33.3023 0
    endloop
  endfacet
  facet normal 0 0 -1
    outer loop
      vertex 24.6946 -37.9392 0
      vertex 22.85 -33.4722 0
      vertex 22.9751 -33.3926 0
    endloop
  endfacet
  facet normal 0 0 -1
    outer loop
      vertex 24 -38 0
      vertex 22.7185 -33.5407 0
      vertex 22.85 -33.4722 0
    endloop
  endfacet
  facet normal 0 0 -1
    outer loop
      vertex 24 -38 0
      vertex 22.5814 -33.5975 0
      vertex 22.7185 -33.5407 0
    endloop
  endfacet
  facet normal 0 0 -1
    outer loop
      vertex 24 -38 0
      vertex 22.44 -33.6421 0
      vertex 22.5814 -33.5975 0
    endloop
  endfacet
  facet normal 0 0 -1
    outer loop
      vertex 24 -38 0
      vertex 22.2952 -33.6742 0
      vertex 22.44 -33.6421 0
    endloop
  endfacet
  facet normal 0 0 -1
    outer loop
      vertex 24 -38 0
      vertex 22.1482 -33.6935 0
      vertex 22.2952 -33.6742 0
    endloop
  endfacet
  facet normal 0 0 -1
    outer loop
      vertex 24 -38 0
      vertex 22 -33.7 0
      vertex 22.1482 -33.6935 0
    endloop
  endfacet
  facet normal 0 0 -1
    outer loop
      vertex 24 -38 0
      vertex 21.8518 -33.6935 0
      vertex 22 -33.7 0
    endloop
  endfacet
  facet normal 0 0 -1
    outer loop
      vertex 24 -38 0
      vertex 21.7048 -33.6742 0
      vertex 21.8518 -33.6935 0
    endloop
  endfacet
  facet normal 0 0 -1
    outer loop
      vertex 24 -38 0
      vertex 21.56 -33.6421 0
      vertex 21.7048 -33.6742 0
    endloop
  endfacet
  facet normal 0 0 -1
    outer loop
      vertex 24 -38 0
      vertex 21.4186 -33.5975 0
      vertex 21.56 -33.6421 0
    endloop
  endfacet
  facet normal 0 0 -1
    outer loop
      vertex 24 -38 0
      vertex 21.2815 -33.5407 0
      vertex 21.4186 -33.5975 0
    endloop
  endfacet
  facet normal 0 0 -1
    outer loop
      vertex 24 -38 0
      vertex 21.15 -33.4722 0
      vertex 21.2815 -33.5407 0
    endloop
  endfacet
  facet normal 0 0 -1
    outer loop
      vertex 24 -38 0
      vertex 21.0249 -33.3926 0
      vertex 21.15 -33.4722 0
    endloop
  endfacet
  facet normal 0 0 -1
    outer loop
      vertex 24 -38 0
      vertex 20.9073 -33.3023 0
      vertex 21.0249 -33.3926 0
    endloop
  endfacet
  facet normal 0 0 -1
    outer loop
      vertex 24 -38 0
      vertex 20.7979 -33.2021 0
      vertex 20.9073 -33.3023 0
    endloop
  endfacet
  facet normal 0 0 -1
    outer loop
      vertex 24 -38 0
      vertex 20.6977 -33.0927 0
      vertex 20.7979 -33.2021 0
    endloop
  endfacet
  facet normal 0 0 -1
    outer loop
      vertex -20.6977 -33.0927 0
      vertex 20.6977 -33.0927 0
      vertex 24 -38 0
    endloop
  endfacet
  facet normal 0 0 -1
    outer loop
      vertex 14 -25 0
      vertex 20.3 -32 0
      vertex 20.3065 -32.1482 0
    endloop
  endfacet
  facet normal 0 0 -1
    outer loop
      vertex 21.0106 -11.9591 0
      vertex 15.9319 -20.4824 0
      vertex 20.9084 -11.9818 0
    endloop
  endfacet
  facet normal 0 0 -1
    outer loop
      vertex 15.8794 -20.316 0
      vertex 20.9084 -11.9818 0
      vertex 15.9319 -20.4824 0
    endloop
  endfacet
  facet normal 0 0 -1
    outer loop
      vertex 20.9084 -11.9818 0
      vertex 15.8794 -20.316 0
      vertex 20.8046 -11.9954 0
    endloop
  endfacet
  facet normal 0 0 -1
    outer loop
      vertex 15.8126 -20.1548 0
      vertex 20.8046 -11.9954 0
      vertex 15.8794 -20.316 0
    endloop
  endfacet
  facet normal 0 0 -1
    outer loop
      vertex 20.8046 -11.9954 0
      vertex 15.8126 -20.1548 0
      vertex 20.7 -12 0
    endloop
  endfacet
  facet normal 0 0 -1
    outer loop
      vertex 15.7321 -20 0
      vertex 20.7 -12 0
      vertex 15.8126 -20.1548 0
    endloop
  endfacet
  facet normal 0 0 -1
    outer loop
      vertex 15.6383 -19.8528 0
      vertex 20.7 -12 0
      vertex 15.7321 -20 0
    endloop
  endfacet
  facet normal -0 0 -1
    outer loop
      vertex 20.7 -12 0
      vertex 15.6383 -19.8528 0
      vertex 19.3 -12 0
    endloop
  endfacet
  facet normal 0 0 -1
    outer loop
      vertex 15.5321 -19.7144 0
      vertex 19.3 -12 0
      vertex 15.6383 -19.8528 0
    endloop
  endfacet
  facet normal -0 0 -1
    outer loop
      vertex 19.3 -12 0
      vertex 15.5321 -19.7144 0
      vertex 19.1954 -11.9954 0
    endloop
  endfacet
  facet normal 0 0 -1
    outer loop
      vertex 15.4142 -19.5858 0
      vertex 19.1954 -11.9954 0
      vertex 15.5321 -19.7144 0
    endloop
  endfacet
  facet normal -0 0 -1
    outer loop
      vertex 19.1954 -11.9954 0
      vertex 15.4142 -19.5858 0
      vertex 19.0916 -11.9818 0
    endloop
  endfacet
  facet normal 0 0 -1
    outer loop
      vertex 15.2856 -19.4679 0
      vertex 19.0916 -11.9818 0
      vertex 15.4142 -19.5858 0
    endloop
  endfacet
  facet normal -0 0 -1
    outer loop
      vertex 19.0916 -11.9818 0
      vertex 15.2856 -19.4679 0
      vertex 18.9894 -11.9591 0
    endloop
  endfacet
  facet normal 0 0 -1
    outer loop
      vertex 15.1472 -19.3617 0
      vertex 18.9894 -11.9591 0
      vertex 15.2856 -19.4679 0
    endloop
  endfacet
  facet normal -0 0 -1
    outer loop
      vertex 18.9894 -11.9591 0
      vertex 15.1472 -19.3617 0
      vertex 18.8896 -11.9276 0
    endloop
  endfacet
  facet normal 0 0 -1
    outer loop
      vertex 15 -19.2679 0
      vertex 18.8896 -11.9276 0
      vertex 15.1472 -19.3617 0
    endloop
  endfacet
  facet normal -0 0 -1
    outer loop
      vertex 18.7929 -11.8876 0
      vertex 15 -19.2679 0
      vertex 18.7 -11.8392 0
    endloop
  endfacet
  facet normal -0 0 -1
    outer loop
      vertex 18.8896 -11.9276 0
      vertex 15 -19.2679 0
      vertex 18.7929 -11.8876 0
    endloop
  endfacet
  facet normal 0 0 -1
    outer loop
      vertex 15.9319 -20.4824 0
      vertex 21.0106 -11.9591 0
      vertex 15.9696 -20.6527 0
    endloop
  endfacet
  facet normal 0 0 -1
    outer loop
      vertex 14 -25 0
      vertex 20.3065 -32.1482 0
      vertex 20.3258 -32.2952 0
    endloop
  endfacet
  facet normal 0 0 -1
    outer loop
      vertex 14 -25 0
      vertex 20.3258 -32.2952 0
      vertex 20.3579 -32.44 0
    endloop
  endfacet
  facet normal 0 0 -1
    outer loop
      vertex 14 -25 0
      vertex 20.3579 -32.44 0
      vertex 20.4025 -32.5814 0
    endloop
  endfacet
  facet normal 0 0 -1
    outer loop
      vertex 14 -25 0
      vertex 20.4025 -32.5814 0
      vertex 20.4593 -32.7185 0
    endloop
  endfacet
  facet normal 0 0 -1
    outer loop
      vertex 22.1482 -30.3065 0
      vertex 15.9924 -23.1743 0
      vertex 16 -23 0
    endloop
  endfacet
  facet normal 0 0 -1
    outer loop
      vertex 22 -30.3 0
      vertex 15.9696 -23.3473 0
      vertex 15.9924 -23.1743 0
    endloop
  endfacet
  facet normal 0 0 -1
    outer loop
      vertex 21.8518 -30.3065 0
      vertex 15.9319 -23.5176 0
      vertex 15.9696 -23.3473 0
    endloop
  endfacet
  facet normal 0 0 -1
    outer loop
      vertex 21.7048 -30.3258 0
      vertex 15.8794 -23.684 0
      vertex 15.9319 -23.5176 0
    endloop
  endfacet
  facet normal 0 0 -1
    outer loop
      vertex 21.56 -30.3579 0
      vertex 15.8126 -23.8452 0
      vertex 15.8794 -23.684 0
    endloop
  endfacet
  facet normal 0 0 -1
    outer loop
      vertex 14 -25 0
      vertex 20.4593 -32.7185 0
      vertex 20.5278 -32.85 0
    endloop
  endfacet
  facet normal 0 0 -1
    outer loop
      vertex 21.4186 -30.4025 0
      vertex 15.7321 -24 0
      vertex 15.8126 -23.8452 0
    endloop
  endfacet
  facet normal 0 0 -1
    outer loop
      vertex 21.2815 -30.4593 0
      vertex 15.6383 -24.1472 0
      vertex 15.7321 -24 0
    endloop
  endfacet
  facet normal 0 0 -1
    outer loop
      vertex 21.15 -30.5278 0
      vertex 15.5321 -24.2856 0
      vertex 15.6383 -24.1472 0
    endloop
  endfacet
  facet normal 0 0 -1
    outer loop
      vertex 21.0249 -30.6074 0
      vertex 15.4142 -24.4142 0
      vertex 15.5321 -24.2856 0
    endloop
  endfacet
  facet normal 0 0 -1
    outer loop
      vertex 20.9073 -30.6977 0
      vertex 15.2856 -24.5321 0
      vertex 15.4142 -24.4142 0
    endloop
  endfacet
  facet normal 0 0 -1
    outer loop
      vertex 20.7979 -30.7979 0
      vertex 15.1472 -24.6383 0
      vertex 15.2856 -24.5321 0
    endloop
  endfacet
  facet normal 0 0 -1
    outer loop
      vertex -20.5278 -32.85 0
      vertex 20.5278 -32.85 0
      vertex 20.6074 -32.9751 0
    endloop
  endfacet
  facet normal 0 0 -1
    outer loop
      vertex 20.6977 -30.9073 0
      vertex 15 -24.7321 0
      vertex 15.1472 -24.6383 0
    endloop
  endfacet
  facet normal 0 0 -1
    outer loop
      vertex 20.6977 -33.0927 0
      vertex -20.6977 -33.0927 0
      vertex 20.6074 -32.9751 0
    endloop
  endfacet
  facet normal 0 0 -1
    outer loop
      vertex 20.6074 -31.0249 0
      vertex 14.8452 -24.8126 0
      vertex 15 -24.7321 0
    endloop
  endfacet
  facet normal 0 0 -1
    outer loop
      vertex 20.5278 -31.15 0
      vertex 14.684 -24.8794 0
      vertex 14.8452 -24.8126 0
    endloop
  endfacet
  facet normal 0 0 -1
    outer loop
      vertex 20.4593 -31.2815 0
      vertex 14.5176 -24.9319 0
      vertex 14.684 -24.8794 0
    endloop
  endfacet
  facet normal 0 0 -1
    outer loop
      vertex 20.3579 -31.56 0
      vertex 14.3473 -24.9696 0
      vertex 14.5176 -24.9319 0
    endloop
  endfacet
  facet normal 0 0 -1
    outer loop
      vertex 20.3258 -31.7048 0
      vertex 14.1743 -24.9924 0
      vertex 14.3473 -24.9696 0
    endloop
  endfacet
  facet normal 0 0 -1
    outer loop
      vertex 20.3065 -31.8518 0
      vertex 14 -25 0
      vertex 14.1743 -24.9924 0
    endloop
  endfacet
  facet normal 0 0 -1
    outer loop
      vertex 20.5278 -32.85 0
      vertex -20.5278 -32.85 0
      vertex 14 -25 0
    endloop
  endfacet
  facet normal -0 0 -1
    outer loop
      vertex 14 -25 0
      vertex -20.4593 -32.7185 0
      vertex -14 -25 0
    endloop
  endfacet
  facet normal 0 -0 -1
    outer loop
      vertex -20.4025 -32.5814 0
      vertex -14 -25 0
      vertex -20.4593 -32.7185 0
    endloop
  endfacet
  facet normal 0 -0 -1
    outer loop
      vertex -20.3579 -32.44 0
      vertex -14 -25 0
      vertex -20.4025 -32.5814 0
    endloop
  endfacet
  facet normal 0 -0 -1
    outer loop
      vertex -20.3258 -32.2952 0
      vertex -14 -25 0
      vertex -20.3579 -32.44 0
    endloop
  endfacet
  facet normal -0 0 -1
    outer loop
      vertex -15.2856 -24.5321 0
      vertex -20.9073 -30.6977 0
      vertex -15.4142 -24.4142 0
    endloop
  endfacet
  facet normal -0 0 -1
    outer loop
      vertex -15.9924 -1.17432 0
      vertex -18.1 -10.8 0
      vertex -16 -1 0
    endloop
  endfacet
  facet normal -0 0 -1
    outer loop
      vertex -16 -1 0
      vertex -18.1 -10.8 0
      vertex -16 1 0
    endloop
  endfacet
  facet normal 0 0 -1
    outer loop
      vertex -18.1 10.8 0
      vertex -16 1 0
      vertex -18.1 -10.8 0
    endloop
  endfacet
  facet normal -0 0 -1
    outer loop
      vertex -14.8452 19.1874 0
      vertex -18.7 11.8392 0
      vertex -15 19.2679 0
    endloop
  endfacet
  facet normal 0 0 -1
    outer loop
      vertex -20.9073 -30.6977 0
      vertex -15.2856 -24.5321 0
      vertex -20.7979 -30.7979 0
    endloop
  endfacet
  facet normal -0 0 -1
    outer loop
      vertex -15.1472 -24.6383 0
      vertex -20.7979 -30.7979 0
      vertex -15.2856 -24.5321 0
    endloop
  endfacet
  facet normal 0 0 -1
    outer loop
      vertex -14 -19 0
      vertex -18.1046 -10.9046 0
      vertex -18.1 -10.8 0
    endloop
  endfacet
  facet normal 0 0 -1
    outer loop
      vertex -14 -19 0
      vertex -18.1182 -11.0084 0
      vertex -18.1046 -10.9046 0
    endloop
  endfacet
  facet normal 0 0 -1
    outer loop
      vertex -14 -19 0
      vertex -18.1409 -11.1106 0
      vertex -18.1182 -11.0084 0
    endloop
  endfacet
  facet normal 0 0 -1
    outer loop
      vertex -14 -19 0
      vertex -18.1724 -11.2104 0
      vertex -18.1409 -11.1106 0
    endloop
  endfacet
  facet normal 0 0 -1
    outer loop
      vertex -14 -19 0
      vertex -18.2124 -11.3071 0
      vertex -18.1724 -11.2104 0
    endloop
  endfacet
  facet normal 0 0 -1
    outer loop
      vertex -14 -19 0
      vertex -18.2608 -11.4 0
      vertex -18.2124 -11.3071 0
    endloop
  endfacet
  facet normal 0 0 -1
    outer loop
      vertex -14 -19 0
      vertex -18.317 -11.4883 0
      vertex -18.2608 -11.4 0
    endloop
  endfacet
  facet normal 0 0 -1
    outer loop
      vertex -14.1743 -19.0076 0
      vertex -18.3808 -11.5713 0
      vertex -18.317 -11.4883 0
    endloop
  endfacet
  facet normal 0 0 -1
    outer loop
      vertex -14.3473 -19.0304 0
      vertex -18.4515 -11.6485 0
      vertex -18.3808 -11.5713 0
    endloop
  endfacet
  facet normal 0 0 -1
    outer loop
      vertex -14.5176 -19.0681 0
      vertex -18.5287 -11.7192 0
      vertex -18.4515 -11.6485 0
    endloop
  endfacet
  facet normal 0 0 -1
    outer loop
      vertex -14.684 -19.1206 0
      vertex -18.6117 -11.783 0
      vertex -18.5287 -11.7192 0
    endloop
  endfacet
  facet normal 0 0 -1
    outer loop
      vertex -20.7979 -30.7979 0
      vertex -15.1472 -24.6383 0
      vertex -20.6977 -30.9073 0
    endloop
  endfacet
  facet normal 0 0 -1
    outer loop
      vertex -14.8452 -19.1874 0
      vertex -18.7 -11.8392 0
      vertex -18.6117 -11.783 0
    endloop
  endfacet
  facet normal 0 0 -1
    outer loop
      vertex -15 -19.2679 0
      vertex -18.7929 -11.8876 0
      vertex -18.7 -11.8392 0
    endloop
  endfacet
  facet normal 0 0 -1
    outer loop
      vertex -15 -19.2679 0
      vertex -18.8896 -11.9276 0
      vertex -18.7929 -11.8876 0
    endloop
  endfacet
  facet normal 0 0 -1
    outer loop
      vertex -15.1472 -19.3617 0
      vertex -18.9894 -11.9591 0
      vertex -18.8896 -11.9276 0
    endloop
  endfacet
  facet normal 0 0 -1
    outer loop
      vertex -15.2856 -19.4679 0
      vertex -19.0916 -11.9818 0
      vertex -18.9894 -11.9591 0
    endloop
  endfacet
  facet normal 0 0 -1
    outer loop
      vertex -15.4142 -19.5858 0
      vertex -19.1954 -11.9954 0
      vertex -19.0916 -11.9818 0
    endloop
  endfacet
  facet normal 0 0 -1
    outer loop
      vertex -15.5321 -19.7144 0
      vertex -19.3 -12 0
      vertex -19.1954 -11.9954 0
    endloop
  endfacet
  facet normal 0 0 -1
    outer loop
      vertex -21.0249 -30.6074 0
      vertex -15.4142 -24.4142 0
      vertex -20.9073 -30.6977 0
    endloop
  endfacet
  facet normal -0 0 -1
    outer loop
      vertex -15 -24.7321 0
      vertex -20.6977 -30.9073 0
      vertex -15.1472 -24.6383 0
    endloop
  endfacet
  facet normal 0 0 -1
    outer loop
      vertex -20.6977 -30.9073 0
      vertex -15 -24.7321 0
      vertex -20.6074 -31.0249 0
    endloop
  endfacet
  facet normal -0 0 -1
    outer loop
      vertex -14.8452 -24.8126 0
      vertex -20.6074 -31.0249 0
      vertex -15 -24.7321 0
    endloop
  endfacet
  facet normal 0 0 -1
    outer loop
      vertex -20.6074 -31.0249 0
      vertex -14.8452 -24.8126 0
      vertex -20.5278 -31.15 0
    endloop
  endfacet
  facet normal -0 0 -1
    outer loop
      vertex -14.684 -24.8794 0
      vertex -20.5278 -31.15 0
      vertex -14.8452 -24.8126 0
    endloop
  endfacet
  facet normal 0 0 -1
    outer loop
      vertex -20.5278 -31.15 0
      vertex -14.684 -24.8794 0
      vertex -20.4593 -31.2815 0
    endloop
  endfacet
  facet normal -0 0 -1
    outer loop
      vertex -14.5176 -24.9319 0
      vertex -20.4593 -31.2815 0
      vertex -14.684 -24.8794 0
    endloop
  endfacet
  facet normal 0 0 -1
    outer loop
      vertex -20.4593 -31.2815 0
      vertex -14.5176 -24.9319 0
      vertex -20.4025 -31.4186 0
    endloop
  endfacet
  facet normal 0 0 -1
    outer loop
      vertex -20.4025 -31.4186 0
      vertex -14.5176 -24.9319 0
      vertex -20.3579 -31.56 0
    endloop
  endfacet
  facet normal -0 0 -1
    outer loop
      vertex -14.3473 -24.9696 0
      vertex -20.3579 -31.56 0
      vertex -14.5176 -24.9319 0
    endloop
  endfacet
  facet normal 0 0 -1
    outer loop
      vertex -20.3579 -31.56 0
      vertex -14.3473 -24.9696 0
      vertex -20.3258 -31.7048 0
    endloop
  endfacet
  facet normal 0 -0 -1
    outer loop
      vertex -20.3065 -32.1482 0
      vertex -14 -25 0
      vertex -20.3258 -32.2952 0
    endloop
  endfacet
  facet normal -0 0 -1
    outer loop
      vertex -14.1743 -24.9924 0
      vertex -20.3258 -31.7048 0
      vertex -14.3473 -24.9696 0
    endloop
  endfacet
  facet normal 0 0 -1
    outer loop
      vertex -20.3258 -31.7048 0
      vertex -14.1743 -24.9924 0
      vertex -20.3065 -31.8518 0
    endloop
  endfacet
  facet normal -0 0 -1
    outer loop
      vertex -14 -25 0
      vertex -20.3065 -31.8518 0
      vertex -14.1743 -24.9924 0
    endloop
  endfacet
  facet normal 0 0 -1
    outer loop
      vertex -20.3065 -31.8518 0
      vertex -14 -25 0
      vertex -20.3 -32 0
    endloop
  endfacet
  facet normal 0 -0 -1
    outer loop
      vertex -20.3 -32 0
      vertex -14 -25 0
      vertex -20.3065 -32.1482 0
    endloop
  endfacet
  facet normal 0 0 -1
    outer loop
      vertex 14 -25 0
      vertex -20.5278 -32.85 0
      vertex -20.4593 -32.7185 0
    endloop
  endfacet
  facet normal 0 0 -1
    outer loop
      vertex 20.6074 -32.9751 0
      vertex -20.6074 -32.9751 0
      vertex -20.5278 -32.85 0
    endloop
  endfacet
  facet normal -0 0 -1
    outer loop
      vertex 20.6074 -32.9751 0
      vertex -20.6977 -33.0927 0
      vertex -20.6074 -32.9751 0
    endloop
  endfacet
  facet normal 0 0 -1
    outer loop
      vertex -24 -38 0
      vertex -20.6977 -33.0927 0
      vertex 24 -38 0
    endloop
  endfacet
  facet normal 0 0 -1
    outer loop
      vertex -20.6977 -33.0927 0
      vertex -24 -38 0
      vertex -20.7979 -33.2021 0
    endloop
  endfacet
  facet normal 0 0 -1
    outer loop
      vertex -20.7979 -33.2021 0
      vertex -24 -38 0
      vertex -20.9073 -33.3023 0
    endloop
  endfacet
  facet normal 0 0 -1
    outer loop
      vertex -20.9073 -33.3023 0
      vertex -24 -38 0
      vertex -21.0249 -33.3926 0
    endloop
  endfacet
  facet normal 0 0 -1
    outer loop
      vertex -21.0249 -33.3926 0
      vertex -24 -38 0
      vertex -21.15 -33.4722 0
    endloop
  endfacet
  facet normal 0 0 -1
    outer loop
      vertex -21.15 -33.4722 0
      vertex -24 -38 0
      vertex -21.2815 -33.5407 0
    endloop
  endfacet
  facet normal 0 0 -1
    outer loop
      vertex -21.2815 -33.5407 0
      vertex -24 -38 0
      vertex -21.4186 -33.5975 0
    endloop
  endfacet
  facet normal 0 0 -1
    outer loop
      vertex -21.4186 -33.5975 0
      vertex -24 -38 0
      vertex -21.56 -33.6421 0
    endloop
  endfacet
  facet normal 0 0 -1
    outer loop
      vertex -21.56 -33.6421 0
      vertex -24 -38 0
      vertex -21.7048 -33.6742 0
    endloop
  endfacet
  facet normal 0 0 -1
    outer loop
      vertex -21.7048 -33.6742 0
      vertex -24 -38 0
      vertex -21.8518 -33.6935 0
    endloop
  endfacet
  facet normal 0 0 -1
    outer loop
      vertex -21.8518 -33.6935 0
      vertex -24 -38 0
      vertex -22 -33.7 0
    endloop
  endfacet
  facet normal 0 0 -1
    outer loop
      vertex -27.0642 -36.5712 0
      vertex -23.2021 -33.2021 0
      vertex -26.8284 -36.8284 0
    endloop
  endfacet
  facet normal 0 0 -1
    outer loop
      vertex -26.8284 -36.8284 0
      vertex -23.2021 -33.2021 0
      vertex -26.5712 -37.0642 0
    endloop
  endfacet
  facet normal 0 0 -1
    outer loop
      vertex -26.5712 -37.0642 0
      vertex -23.2021 -33.2021 0
      vertex -26.2943 -37.2766 0
    endloop
  endfacet
  facet normal -0 0 -1
    outer loop
      vertex -23.0927 -33.3023 0
      vertex -26.2943 -37.2766 0
      vertex -23.2021 -33.2021 0
    endloop
  endfacet
  facet normal 0 0 -1
    outer loop
      vertex -26.2943 -37.2766 0
      vertex -23.0927 -33.3023 0
      vertex -26 -37.4641 0
    endloop
  endfacet
  facet normal 0 0 -1
    outer loop
      vertex -26 -37.4641 0
      vertex -23.0927 -33.3023 0
      vertex -25.6905 -37.6252 0
    endloop
  endfacet
  facet normal 0 0 -1
    outer loop
      vertex -25.6905 -37.6252 0
      vertex -23.0927 -33.3023 0
      vertex -25.3681 -37.7588 0
    endloop
  endfacet
  facet normal -0 0 -1
    outer loop
      vertex -22.9751 -33.3926 0
      vertex -25.3681 -37.7588 0
      vertex -23.0927 -33.3023 0
    endloop
  endfacet
  facet normal 0 0 -1
    outer loop
      vertex -25.3681 -37.7588 0
      vertex -22.9751 -33.3926 0
      vertex -25.0353 -37.8637 0
    endloop
  endfacet
  facet normal 0 0 -1
    outer loop
      vertex -25.0353 -37.8637 0
      vertex -22.9751 -33.3926 0
      vertex -24.6946 -37.9392 0
    endloop
  endfacet
  facet normal -0 0 -1
    outer loop
      vertex -22.85 -33.4722 0
      vertex -24.6946 -37.9392 0
      vertex -22.9751 -33.3926 0
    endloop
  endfacet
  facet normal 0 0 -1
    outer loop
      vertex -24.6946 -37.9392 0
      vertex -22.85 -33.4722 0
      vertex -24.3486 -37.9848 0
    endloop
  endfacet
  facet normal 0 0 -1
    outer loop
      vertex -24.3486 -37.9848 0
      vertex -22.85 -33.4722 0
      vertex -24 -38 0
    endloop
  endfacet
  facet normal -0 0 -1
    outer loop
      vertex -22.7185 -33.5407 0
      vertex -24 -38 0
      vertex -22.85 -33.4722 0
    endloop
  endfacet
  facet normal -0 0 -1
    outer loop
      vertex -22.5814 -33.5975 0
      vertex -24 -38 0
      vertex -22.7185 -33.5407 0
    endloop
  endfacet
  facet normal -0 0 -1
    outer loop
      vertex -22.44 -33.6421 0
      vertex -24 -38 0
      vertex -22.5814 -33.5975 0
    endloop
  endfacet
  facet normal -0 0 -1
    outer loop
      vertex -22.2952 -33.6742 0
      vertex -24 -38 0
      vertex -22.44 -33.6421 0
    endloop
  endfacet
  facet normal -0 0 -1
    outer loop
      vertex -22.1482 -33.6935 0
      vertex -24 -38 0
      vertex -22.2952 -33.6742 0
    endloop
  endfacet
  facet normal -0 0 -1
    outer loop
      vertex -22 -33.7 0
      vertex -24 -38 0
      vertex -22.1482 -33.6935 0
    endloop
  endfacet
  facet normal -0 0 -1
    outer loop
      vertex 27.0642 36.5712 0
      vertex 23.2021 33.2021 0
      vertex 26.8284 36.8284 0
    endloop
  endfacet
  facet normal -0 0 -1
    outer loop
      vertex 26.8284 36.8284 0
      vertex 23.2021 33.2021 0
      vertex 26.5712 37.0642 0
    endloop
  endfacet
  facet normal -0 0 -1
    outer loop
      vertex 26.5712 37.0642 0
      vertex 23.2021 33.2021 0
      vertex 26.2943 37.2766 0
    endloop
  endfacet
  facet normal 0 0 -1
    outer loop
      vertex 23.0927 33.3023 0
      vertex 26.2943 37.2766 0
      vertex 23.2021 33.2021 0
    endloop
  endfacet
  facet normal -0 0 -1
    outer loop
      vertex 26.2943 37.2766 0
      vertex 23.0927 33.3023 0
      vertex 26 37.4641 0
    endloop
  endfacet
  facet normal -0 0 -1
    outer loop
      vertex 26 37.4641 0
      vertex 23.0927 33.3023 0
      vertex 25.6905 37.6252 0
    endloop
  endfacet
  facet normal -0 0 -1
    outer loop
      vertex 25.6905 37.6252 0
      vertex 23.0927 33.3023 0
      vertex 25.3681 37.7588 0
    endloop
  endfacet
  facet normal 0 0 -1
    outer loop
      vertex 22.9751 33.3926 0
      vertex 25.3681 37.7588 0
      vertex 23.0927 33.3023 0
    endloop
  endfacet
  facet normal -0 0 -1
    outer loop
      vertex 25.3681 37.7588 0
      vertex 22.9751 33.3926 0
      vertex 25.0353 37.8637 0
    endloop
  endfacet
  facet normal -0 0 -1
    outer loop
      vertex 25.0353 37.8637 0
      vertex 22.9751 33.3926 0
      vertex 24.6946 37.9392 0
    endloop
  endfacet
  facet normal 0 0 -1
    outer loop
      vertex 22.85 33.4722 0
      vertex 24.6946 37.9392 0
      vertex 22.9751 33.3926 0
    endloop
  endfacet
  facet normal -0 0 -1
    outer loop
      vertex 24.6946 37.9392 0
      vertex 22.85 33.4722 0
      vertex 24.3486 37.9848 0
    endloop
  endfacet
  facet normal -0 0 -1
    outer loop
      vertex 24.3486 37.9848 0
      vertex 22.85 33.4722 0
      vertex 24 38 0
    endloop
  endfacet
  facet normal 0 0 -1
    outer loop
      vertex 22.7185 33.5407 0
      vertex 24 38 0
      vertex 22.85 33.4722 0
    endloop
  endfacet
  facet normal 0 0 -1
    outer loop
      vertex 22.5814 33.5975 0
      vertex 24 38 0
      vertex 22.7185 33.5407 0
    endloop
  endfacet
  facet normal 0 0 -1
    outer loop
      vertex 22.44 33.6421 0
      vertex 24 38 0
      vertex 22.5814 33.5975 0
    endloop
  endfacet
  facet normal 0 0 -1
    outer loop
      vertex 22.2952 33.6742 0
      vertex 24 38 0
      vertex 22.44 33.6421 0
    endloop
  endfacet
  facet normal 0 0 -1
    outer loop
      vertex 22.1482 33.6935 0
      vertex 24 38 0
      vertex 22.2952 33.6742 0
    endloop
  endfacet
  facet normal 0 0 -1
    outer loop
      vertex 22 33.7 0
      vertex 24 38 0
      vertex 22.1482 33.6935 0
    endloop
  endfacet
  facet normal 0 0 -1
    outer loop
      vertex 21.8518 33.6935 0
      vertex 24 38 0
      vertex 22 33.7 0
    endloop
  endfacet
  facet normal 0 0 -1
    outer loop
      vertex 21.7048 33.6742 0
      vertex 24 38 0
      vertex 21.8518 33.6935 0
    endloop
  endfacet
  facet normal 0 0 -1
    outer loop
      vertex 21.56 33.6421 0
      vertex 24 38 0
      vertex 21.7048 33.6742 0
    endloop
  endfacet
  facet normal 0 0 -1
    outer loop
      vertex 21.4186 33.5975 0
      vertex 24 38 0
      vertex 21.56 33.6421 0
    endloop
  endfacet
  facet normal 0 0 -1
    outer loop
      vertex 21.2815 33.5407 0
      vertex 24 38 0
      vertex 21.4186 33.5975 0
    endloop
  endfacet
  facet normal 0 0 -1
    outer loop
      vertex 21.15 33.4722 0
      vertex 24 38 0
      vertex 21.2815 33.5407 0
    endloop
  endfacet
  facet normal 0 0 -1
    outer loop
      vertex 21.0249 33.3926 0
      vertex 24 38 0
      vertex 21.15 33.4722 0
    endloop
  endfacet
  facet normal 0 0 -1
    outer loop
      vertex 20.9073 33.3023 0
      vertex 24 38 0
      vertex 21.0249 33.3926 0
    endloop
  endfacet
  facet normal 0 0 -1
    outer loop
      vertex 20.7979 33.2021 0
      vertex 24 38 0
      vertex 20.9073 33.3023 0
    endloop
  endfacet
  facet normal 0 0 -1
    outer loop
      vertex 20.6977 33.0927 0
      vertex 24 38 0
      vertex 20.7979 33.2021 0
    endloop
  endfacet
  facet normal 0 0 -1
    outer loop
      vertex -20.6977 33.0927 0
      vertex 20.6977 33.0927 0
      vertex 20.6074 32.9751 0
    endloop
  endfacet
  facet normal -0 0 -1
    outer loop
      vertex 21.0249 30.6074 0
      vertex 15.4142 24.4142 0
      vertex 20.9073 30.6977 0
    endloop
  endfacet
  facet normal 0 0 -1
    outer loop
      vertex 16 21 0
      vertex 19.3 12 0
      vertex 19.1954 11.9954 0
    endloop
  endfacet
  facet normal 0 0 -1
    outer loop
      vertex 16 21 0
      vertex 19.1954 11.9954 0
      vertex 19.0916 11.9818 0
    endloop
  endfacet
  facet normal 0 0 -1
    outer loop
      vertex 16 21 0
      vertex 19.0916 11.9818 0
      vertex 18.9894 11.9591 0
    endloop
  endfacet
  facet normal 0 0 -1
    outer loop
      vertex 16 21 0
      vertex 18.9894 11.9591 0
      vertex 18.8896 11.9276 0
    endloop
  endfacet
  facet normal 0 0 -1
    outer loop
      vertex 16 21 0
      vertex 18.8896 11.9276 0
      vertex 18.7929 11.8876 0
    endloop
  endfacet
  facet normal 0 0 -1
    outer loop
      vertex 16 21 0
      vertex 18.7929 11.8876 0
      vertex 18.7 11.8392 0
    endloop
  endfacet
  facet normal 0 0 -1
    outer loop
      vertex 16 21 0
      vertex 18.7 11.8392 0
      vertex 18.6117 11.783 0
    endloop
  endfacet
  facet normal 0 0 -1
    outer loop
      vertex 16 21 0
      vertex 18.6117 11.783 0
      vertex 18.5287 11.7192 0
    endloop
  endfacet
  facet normal 0 0 -1
    outer loop
      vertex 16 21 0
      vertex 18.5287 11.7192 0
      vertex 18.4515 11.6485 0
    endloop
  endfacet
  facet normal 0 0 -1
    outer loop
      vertex 16 21 0
      vertex 18.4515 11.6485 0
      vertex 18.3808 11.5713 0
    endloop
  endfacet
  facet normal 0 0 -1
    outer loop
      vertex 16 21 0
      vertex 18.3808 11.5713 0
      vertex 18.317 11.4883 0
    endloop
  endfacet
  facet normal 0 0 -1
    outer loop
      vertex 16 21 0
      vertex 18.317 11.4883 0
      vertex 18.2608 11.4 0
    endloop
  endfacet
  facet normal 0 0 -1
    outer loop
      vertex 16 21 0
      vertex 18.2608 11.4 0
      vertex 18.2124 11.3071 0
    endloop
  endfacet
  facet normal 0 0 -1
    outer loop
      vertex 16 21 0
      vertex 18.2124 11.3071 0
      vertex 18.1724 11.2104 0
    endloop
  endfacet
  facet normal 0 0 -1
    outer loop
      vertex 16 21 0
      vertex 18.1724 11.2104 0
      vertex 18.1409 11.1106 0
    endloop
  endfacet
  facet normal 0 0 -1
    outer loop
      vertex 16 21 0
      vertex 18.1409 11.1106 0
      vertex 18.1182 11.0084 0
    endloop
  endfacet
  facet normal 0 0 -1
    outer loop
      vertex 16 21 0
      vertex 18.1182 11.0084 0
      vertex 18.1046 10.9046 0
    endloop
  endfacet
  facet normal 0 0 -1
    outer loop
      vertex 14.8452 -19.1874 0
      vertex 18.7 -11.8392 0
      vertex 15 -19.2679 0
    endloop
  endfacet
  facet normal 0 0 -1
    outer loop
      vertex 18.1 -10.8 0
      vertex 16 -1 0
      vertex 18.1 10.8 0
    endloop
  endfacet
  facet normal 0 0 -1
    outer loop
      vertex 16 1 0
      vertex 18.1 10.8 0
      vertex 16 -1 0
    endloop
  endfacet
  facet normal 0 0 -1
    outer loop
      vertex 15.9924 1.17432 0
      vertex 18.1 10.8 0
      vertex 16 1 0
    endloop
  endfacet
  facet normal 0 0 -1
    outer loop
      vertex 18.1 10.8 0
      vertex 16 21 0
      vertex 18.1046 10.9046 0
    endloop
  endfacet
  facet normal 0 0 -1
    outer loop
      vertex 15.2856 24.5321 0
      vertex 20.9073 30.6977 0
      vertex 15.4142 24.4142 0
    endloop
  endfacet
  facet normal -0 0 -1
    outer loop
      vertex 20.9073 30.6977 0
      vertex 15.2856 24.5321 0
      vertex 20.7979 30.7979 0
    endloop
  endfacet
  facet normal 0 0 -1
    outer loop
      vertex 15.1472 24.6383 0
      vertex 20.7979 30.7979 0
      vertex 15.2856 24.5321 0
    endloop
  endfacet
  facet normal -0 0 -1
    outer loop
      vertex 20.7979 30.7979 0
      vertex 15.1472 24.6383 0
      vertex 20.6977 30.9073 0
    endloop
  endfacet
  facet normal 0 0 -1
    outer loop
      vertex 15 24.7321 0
      vertex 20.6977 30.9073 0
      vertex 15.1472 24.6383 0
    endloop
  endfacet
  facet normal -0 0 -1
    outer loop
      vertex 20.6977 30.9073 0
      vertex 15 24.7321 0
      vertex 20.6074 31.0249 0
    endloop
  endfacet
  facet normal 0 0 -1
    outer loop
      vertex 14.8452 24.8126 0
      vertex 20.6074 31.0249 0
      vertex 15 24.7321 0
    endloop
  endfacet
  facet normal -0 0 -1
    outer loop
      vertex 20.6074 31.0249 0
      vertex 14.8452 24.8126 0
      vertex 20.5278 31.15 0
    endloop
  endfacet
  facet normal 0 0 -1
    outer loop
      vertex 14.684 24.8794 0
      vertex 20.5278 31.15 0
      vertex 14.8452 24.8126 0
    endloop
  endfacet
  facet normal -0 0 -1
    outer loop
      vertex 20.5278 31.15 0
      vertex 14.684 24.8794 0
      vertex 20.4593 31.2815 0
    endloop
  endfacet
  facet normal 0 0 -1
    outer loop
      vertex 14.5176 24.9319 0
      vertex 20.4593 31.2815 0
      vertex 14.684 24.8794 0
    endloop
  endfacet
  facet normal -0 0 -1
    outer loop
      vertex 20.4593 31.2815 0
      vertex 14.5176 24.9319 0
      vertex 20.4025 31.4186 0
    endloop
  endfacet
  facet normal -0 0 -1
    outer loop
      vertex 20.4025 31.4186 0
      vertex 14.5176 24.9319 0
      vertex 20.3579 31.56 0
    endloop
  endfacet
  facet normal 0 0 -1
    outer loop
      vertex 14.3473 24.9696 0
      vertex 20.3579 31.56 0
      vertex 14.5176 24.9319 0
    endloop
  endfacet
  facet normal -0 0 -1
    outer loop
      vertex 20.3579 31.56 0
      vertex 14.3473 24.9696 0
      vertex 20.3258 31.7048 0
    endloop
  endfacet
  facet normal 0 0 -1
    outer loop
      vertex 14.1743 24.9924 0
      vertex 20.3258 31.7048 0
      vertex 14.3473 24.9696 0
    endloop
  endfacet
  facet normal -0 0 -1
    outer loop
      vertex 20.3258 31.7048 0
      vertex 14.1743 24.9924 0
      vertex 20.3065 31.8518 0
    endloop
  endfacet
  facet normal 0 0 -1
    outer loop
      vertex 14 25 0
      vertex 20.3065 31.8518 0
      vertex 14.1743 24.9924 0
    endloop
  endfacet
  facet normal -0 0 -1
    outer loop
      vertex 20.3065 31.8518 0
      vertex 14 25 0
      vertex 20.3 32 0
    endloop
  endfacet
  facet normal -0 0 -1
    outer loop
      vertex 20.3 32 0
      vertex 14 25 0
      vertex 20.3065 32.1482 0
    endloop
  endfacet
  facet normal -0 0 -1
    outer loop
      vertex 20.3065 32.1482 0
      vertex 14 25 0
      vertex 20.3258 32.2952 0
    endloop
  endfacet
  facet normal -0 0 -1
    outer loop
      vertex 20.3258 32.2952 0
      vertex 14 25 0
      vertex 20.3579 32.44 0
    endloop
  endfacet
  facet normal -0 0 -1
    outer loop
      vertex 20.3579 32.44 0
      vertex 14 25 0
      vertex 20.4025 32.5814 0
    endloop
  endfacet
  facet normal -0 0 -1
    outer loop
      vertex 20.4025 32.5814 0
      vertex 14 25 0
      vertex 20.4593 32.7185 0
    endloop
  endfacet
  facet normal -0 0 -1
    outer loop
      vertex 20.4593 32.7185 0
      vertex 14 25 0
      vertex 20.5278 32.85 0
    endloop
  endfacet
  facet normal 0 0 -1
    outer loop
      vertex -20.5278 32.85 0
      vertex 20.5278 32.85 0
      vertex 14 25 0
    endloop
  endfacet
  facet normal 0 0 -1
    outer loop
      vertex 20.5278 32.85 0
      vertex -20.5278 32.85 0
      vertex 20.6074 32.9751 0
    endloop
  endfacet
  facet normal 0 0 -1
    outer loop
      vertex -20.4593 32.7185 0
      vertex 14 25 0
      vertex -14 25 0
    endloop
  endfacet
  facet normal 0 0 -1
    outer loop
      vertex -20.3065 31.8518 0
      vertex -14 25 0
      vertex -14.1743 24.9924 0
    endloop
  endfacet
  facet normal 0 0 -1
    outer loop
      vertex -20.3065 31.8518 0
      vertex -14.1743 24.9924 0
      vertex -14.3473 24.9696 0
    endloop
  endfacet
  facet normal 0 0 -1
    outer loop
      vertex -20.3065 31.8518 0
      vertex -14.3473 24.9696 0
      vertex -14.5176 24.9319 0
    endloop
  endfacet
  facet normal 0 0 -1
    outer loop
      vertex -20.3065 31.8518 0
      vertex -14.5176 24.9319 0
      vertex -14.684 24.8794 0
    endloop
  endfacet
  facet normal 0 0 -1
    outer loop
      vertex -18.7929 11.8876 0
      vertex -15 19.2679 0
      vertex -18.7 11.8392 0
    endloop
  endfacet
  facet normal 0 0 -1
    outer loop
      vertex -18.8896 11.9276 0
      vertex -15 19.2679 0
      vertex -18.7929 11.8876 0
    endloop
  endfacet
  facet normal -0 0 -1
    outer loop
      vertex -15 19.2679 0
      vertex -18.8896 11.9276 0
      vertex -15.1472 19.3617 0
    endloop
  endfacet
  facet normal 0 0 -1
    outer loop
      vertex -18.9894 11.9591 0
      vertex -15.1472 19.3617 0
      vertex -18.8896 11.9276 0
    endloop
  endfacet
  facet normal -0 0 -1
    outer loop
      vertex -15.1472 19.3617 0
      vertex -18.9894 11.9591 0
      vertex -15.2856 19.4679 0
    endloop
  endfacet
  facet normal 0 0 -1
    outer loop
      vertex -19.0916 11.9818 0
      vertex -15.2856 19.4679 0
      vertex -18.9894 11.9591 0
    endloop
  endfacet
  facet normal -0 0 -1
    outer loop
      vertex -15.2856 19.4679 0
      vertex -19.0916 11.9818 0
      vertex -15.4142 19.5858 0
    endloop
  endfacet
  facet normal 0 0 -1
    outer loop
      vertex -19.1954 11.9954 0
      vertex -15.4142 19.5858 0
      vertex -19.0916 11.9818 0
    endloop
  endfacet
  facet normal -0 0 -1
    outer loop
      vertex -15.4142 19.5858 0
      vertex -19.1954 11.9954 0
      vertex -15.5321 19.7144 0
    endloop
  endfacet
  facet normal 0 0 -1
    outer loop
      vertex -19.3 12 0
      vertex -15.5321 19.7144 0
      vertex -19.1954 11.9954 0
    endloop
  endfacet
  facet normal -0 0 -1
    outer loop
      vertex -15.5321 19.7144 0
      vertex -19.3 12 0
      vertex -15.6383 19.8528 0
    endloop
  endfacet
  facet normal 0 0 -1
    outer loop
      vertex -20.7 12 0
      vertex -15.6383 19.8528 0
      vertex -19.3 12 0
    endloop
  endfacet
  facet normal -0 0 -1
    outer loop
      vertex -15.6383 19.8528 0
      vertex -20.7 12 0
      vertex -15.7321 20 0
    endloop
  endfacet
  facet normal -0 0 -1
    outer loop
      vertex -15.7321 20 0
      vertex -20.7 12 0
      vertex -15.8126 20.1548 0
    endloop
  endfacet
  facet normal 0 0 -1
    outer loop
      vertex -20.8046 11.9954 0
      vertex -15.8126 20.1548 0
      vertex -20.7 12 0
    endloop
  endfacet
  facet normal -0 0 -1
    outer loop
      vertex -15.8126 20.1548 0
      vertex -20.8046 11.9954 0
      vertex -15.8794 20.316 0
    endloop
  endfacet
  facet normal 0 0 -1
    outer loop
      vertex -20.9084 11.9818 0
      vertex -15.8794 20.316 0
      vertex -20.8046 11.9954 0
    endloop
  endfacet
  facet normal -0 0 -1
    outer loop
      vertex -15.8794 20.316 0
      vertex -20.9084 11.9818 0
      vertex -15.9319 20.4824 0
    endloop
  endfacet
  facet normal 0 0 -1
    outer loop
      vertex -21.0106 11.9591 0
      vertex -15.9319 20.4824 0
      vertex -20.9084 11.9818 0
    endloop
  endfacet
  facet normal 0 0 -1
    outer loop
      vertex -20.3065 31.8518 0
      vertex -16 23 0
      vertex -16 21 0
    endloop
  endfacet
  facet normal 0 0 -1
    outer loop
      vertex -20.3065 31.8518 0
      vertex -15.9924 23.1743 0
      vertex -16 23 0
    endloop
  endfacet
  facet normal 0 0 -1
    outer loop
      vertex -20.3065 31.8518 0
      vertex -15.9696 23.3473 0
      vertex -15.9924 23.1743 0
    endloop
  endfacet
  facet normal 0 0 -1
    outer loop
      vertex -20.3065 31.8518 0
      vertex -15.9319 23.5176 0
      vertex -15.9696 23.3473 0
    endloop
  endfacet
  facet normal 0 0 -1
    outer loop
      vertex -20.3065 31.8518 0
      vertex -15.8794 23.684 0
      vertex -15.9319 23.5176 0
    endloop
  endfacet
  facet normal 0 0 -1
    outer loop
      vertex -20.3065 31.8518 0
      vertex -15.8126 23.8452 0
      vertex -15.8794 23.684 0
    endloop
  endfacet
  facet normal 0 0 -1
    outer loop
      vertex -20.3065 31.8518 0
      vertex -15.7321 24 0
      vertex -15.8126 23.8452 0
    endloop
  endfacet
  facet normal 0 0 -1
    outer loop
      vertex -20.3065 31.8518 0
      vertex -15.6383 24.1472 0
      vertex -15.7321 24 0
    endloop
  endfacet
  facet normal 0 0 -1
    outer loop
      vertex -20.3065 31.8518 0
      vertex -15.5321 24.2856 0
      vertex -15.6383 24.1472 0
    endloop
  endfacet
  facet normal 0 0 -1
    outer loop
      vertex -20.3065 31.8518 0
      vertex -15.4142 24.4142 0
      vertex -15.5321 24.2856 0
    endloop
  endfacet
  facet normal 0 0 -1
    outer loop
      vertex -20.3065 31.8518 0
      vertex -15.2856 24.5321 0
      vertex -15.4142 24.4142 0
    endloop
  endfacet
  facet normal 0 0 -1
    outer loop
      vertex -20.3065 31.8518 0
      vertex -15.1472 24.6383 0
      vertex -15.2856 24.5321 0
    endloop
  endfacet
  facet normal 0 0 -1
    outer loop
      vertex -20.3065 31.8518 0
      vertex -15 24.7321 0
      vertex -15.1472 24.6383 0
    endloop
  endfacet
  facet normal 0 0 -1
    outer loop
      vertex -20.3065 31.8518 0
      vertex -14.8452 24.8126 0
      vertex -15 24.7321 0
    endloop
  endfacet
  facet normal 0 0 -1
    outer loop
      vertex -20.3065 31.8518 0
      vertex -14.684 24.8794 0
      vertex -14.8452 24.8126 0
    endloop
  endfacet
  facet normal 0 0 -1
    outer loop
      vertex -14 25 0
      vertex -20.3 32 0
      vertex -20.3065 32.1482 0
    endloop
  endfacet
  facet normal 0 0 -1
    outer loop
      vertex -14 25 0
      vertex -20.3065 32.1482 0
      vertex -20.3258 32.2952 0
    endloop
  endfacet
  facet normal 0 0 -1
    outer loop
      vertex -14 25 0
      vertex -20.3258 32.2952 0
      vertex -20.3579 32.44 0
    endloop
  endfacet
  facet normal 0 0 -1
    outer loop
      vertex -14 25 0
      vertex -20.3579 32.44 0
      vertex -20.4025 32.5814 0
    endloop
  endfacet
  facet normal 0 0 -1
    outer loop
      vertex -14 25 0
      vertex -20.4025 32.5814 0
      vertex -20.4593 32.7185 0
    endloop
  endfacet
  facet normal 0 0 -1
    outer loop
      vertex -20.5278 32.85 0
      vertex 14 25 0
      vertex -20.4593 32.7185 0
    endloop
  endfacet
  facet normal 0 0 -1
    outer loop
      vertex -20.6074 32.9751 0
      vertex 20.6074 32.9751 0
      vertex -20.5278 32.85 0
    endloop
  endfacet
  facet normal 0 0 -1
    outer loop
      vertex -20.6977 33.0927 0
      vertex 20.6074 32.9751 0
      vertex -20.6074 32.9751 0
    endloop
  endfacet
  facet normal 0 0 -1
    outer loop
      vertex 20.6977 33.0927 0
      vertex -20.6977 33.0927 0
      vertex 24 38 0
    endloop
  endfacet
  facet normal 0 0 -1
    outer loop
      vertex -24 38 0
      vertex -20.6977 33.0927 0
      vertex -20.7979 33.2021 0
    endloop
  endfacet
  facet normal 0 0 -1
    outer loop
      vertex -24 38 0
      vertex -20.7979 33.2021 0
      vertex -20.9073 33.3023 0
    endloop
  endfacet
  facet normal 0 0 -1
    outer loop
      vertex -24 38 0
      vertex -20.9073 33.3023 0
      vertex -21.0249 33.3926 0
    endloop
  endfacet
  facet normal 0 0 -1
    outer loop
      vertex -24 38 0
      vertex -21.0249 33.3926 0
      vertex -21.15 33.4722 0
    endloop
  endfacet
  facet normal 0 0 -1
    outer loop
      vertex -24 38 0
      vertex -21.15 33.4722 0
      vertex -21.2815 33.5407 0
    endloop
  endfacet
  facet normal 0 0 -1
    outer loop
      vertex -24 38 0
      vertex -21.2815 33.5407 0
      vertex -21.4186 33.5975 0
    endloop
  endfacet
  facet normal 0 0 -1
    outer loop
      vertex -24 38 0
      vertex -21.4186 33.5975 0
      vertex -21.56 33.6421 0
    endloop
  endfacet
  facet normal 0 0 -1
    outer loop
      vertex -24 38 0
      vertex -21.56 33.6421 0
      vertex -21.7048 33.6742 0
    endloop
  endfacet
  facet normal 0 0 -1
    outer loop
      vertex -24 38 0
      vertex -21.7048 33.6742 0
      vertex -21.8518 33.6935 0
    endloop
  endfacet
  facet normal 0 0 -1
    outer loop
      vertex -24 38 0
      vertex -21.8518 33.6935 0
      vertex -22 33.7 0
    endloop
  endfacet
  facet normal 0 0 -1
    outer loop
      vertex -24 38 0
      vertex -22 33.7 0
      vertex -22.1482 33.6935 0
    endloop
  endfacet
  facet normal 0 0 -1
    outer loop
      vertex -20.6977 33.0927 0
      vertex -24 38 0
      vertex 24 38 0
    endloop
  endfacet
  facet normal 0 0 -1
    outer loop
      vertex -22.2952 33.6742 0
      vertex -24 38 0
      vertex -22.1482 33.6935 0
    endloop
  endfacet
  facet normal 0 0 -1
    outer loop
      vertex -22.44 33.6421 0
      vertex -24 38 0
      vertex -22.2952 33.6742 0
    endloop
  endfacet
  facet normal 0 0 -1
    outer loop
      vertex -22.5814 33.5975 0
      vertex -24 38 0
      vertex -22.44 33.6421 0
    endloop
  endfacet
  facet normal 0 0 -1
    outer loop
      vertex -22.7185 33.5407 0
      vertex -24 38 0
      vertex -22.5814 33.5975 0
    endloop
  endfacet
  facet normal 0 0 -1
    outer loop
      vertex -22.85 33.4722 0
      vertex -24 38 0
      vertex -22.7185 33.5407 0
    endloop
  endfacet
  facet normal 0 0 -1
    outer loop
      vertex -24.6946 37.9392 0
      vertex -22.85 33.4722 0
      vertex -22.9751 33.3926 0
    endloop
  endfacet
  facet normal 0 0 -1
    outer loop
      vertex -25.3681 37.7588 0
      vertex -22.9751 33.3926 0
      vertex -23.0927 33.3023 0
    endloop
  endfacet
  facet normal 0 0 -1
    outer loop
      vertex -26.2943 37.2766 0
      vertex -23.0927 33.3023 0
      vertex -23.2021 33.2021 0
    endloop
  endfacet
  facet normal 0 0 -1
    outer loop
      vertex -27.0642 36.5712 0
      vertex -23.2021 33.2021 0
      vertex -23.3023 33.0927 0
    endloop
  endfacet
  facet normal 0 0 -1
    outer loop
      vertex -27.6252 35.6905 0
      vertex -23.3023 33.0927 0
      vertex -23.3926 32.9751 0
    endloop
  endfacet
  facet normal 0 0 -1
    outer loop
      vertex -27.9392 34.6946 0
      vertex -23.3926 32.9751 0
      vertex -23.4722 32.85 0
    endloop
  endfacet
  facet normal 0 0 -1
    outer loop
      vertex -28 34 0
      vertex -23.4722 32.85 0
      vertex -23.5407 32.7185 0
    endloop
  endfacet
  facet normal 0 0 -1
    outer loop
      vertex -28 34 0
      vertex -23.5407 32.7185 0
      vertex -23.5975 32.5814 0
    endloop
  endfacet
  facet normal 0 0 -1
    outer loop
      vertex -28 34 0
      vertex -23.5975 32.5814 0
      vertex -23.6421 32.44 0
    endloop
  endfacet
  facet normal 0 0 -1
    outer loop
      vertex -28 34 0
      vertex -23.6421 32.44 0
      vertex -23.6742 32.2952 0
    endloop
  endfacet
  facet normal 0 0 -1
    outer loop
      vertex -28 34 0
      vertex -23.6742 32.2952 0
      vertex -23.6935 32.1482 0
    endloop
  endfacet
  facet normal 0 0 -1
    outer loop
      vertex -28 34 0
      vertex -23.6935 32.1482 0
      vertex -23.7 32 0
    endloop
  endfacet
  facet normal 0 0 -1
    outer loop
      vertex -23.6742 31.7048 0
      vertex -28 34 0
      vertex -23.6935 31.8518 0
    endloop
  endfacet
  facet normal -0 0 -1
    outer loop
      vertex -23.2021 -33.2021 0
      vertex -27.0642 -36.5712 0
      vertex -23.3023 -33.0927 0
    endloop
  endfacet
  facet normal 0 0 -1
    outer loop
      vertex -23.6935 31.8518 0
      vertex -28 34 0
      vertex -23.7 32 0
    endloop
  endfacet
  facet normal 0 0 -1
    outer loop
      vertex -27.2766 -36.2943 0
      vertex -23.3023 -33.0927 0
      vertex -27.0642 -36.5712 0
    endloop
  endfacet
  facet normal 0 0 -1
    outer loop
      vertex -23.4722 32.85 0
      vertex -28 34 0
      vertex -27.9848 34.3486 0
    endloop
  endfacet
  facet normal 0 0 -1
    outer loop
      vertex -27.4641 -36 0
      vertex -23.3023 -33.0927 0
      vertex -27.2766 -36.2943 0
    endloop
  endfacet
  facet normal 0 0 -1
    outer loop
      vertex -22.85 33.4722 0
      vertex -24.3486 37.9848 0
      vertex -24 38 0
    endloop
  endfacet
  facet normal 0 0 -1
    outer loop
      vertex -27.6252 -35.6905 0
      vertex -23.3023 -33.0927 0
      vertex -27.4641 -36 0
    endloop
  endfacet
  facet normal 0 0 -1
    outer loop
      vertex -22.85 33.4722 0
      vertex -24.6946 37.9392 0
      vertex -24.3486 37.9848 0
    endloop
  endfacet
  facet normal -0 0 -1
    outer loop
      vertex -23.3023 -33.0927 0
      vertex -27.6252 -35.6905 0
      vertex -23.3926 -32.9751 0
    endloop
  endfacet
  facet normal 0 0 -1
    outer loop
      vertex -22.9751 33.3926 0
      vertex -25.0353 37.8637 0
      vertex -24.6946 37.9392 0
    endloop
  endfacet
  facet normal 0 0 -1
    outer loop
      vertex -27.7588 -35.3681 0
      vertex -23.3926 -32.9751 0
      vertex -27.6252 -35.6905 0
    endloop
  endfacet
  facet normal 0 0 -1
    outer loop
      vertex -22.9751 33.3926 0
      vertex -25.3681 37.7588 0
      vertex -25.0353 37.8637 0
    endloop
  endfacet
  facet normal 0 0 -1
    outer loop
      vertex -27.8637 -35.0353 0
      vertex -23.3926 -32.9751 0
      vertex -27.7588 -35.3681 0
    endloop
  endfacet
  facet normal 0 0 -1
    outer loop
      vertex -23.0927 33.3023 0
      vertex -25.6905 37.6252 0
      vertex -25.3681 37.7588 0
    endloop
  endfacet
  facet normal 0 0 -1
    outer loop
      vertex -27.9392 -34.6946 0
      vertex -23.3926 -32.9751 0
      vertex -27.8637 -35.0353 0
    endloop
  endfacet
  facet normal 0 0 -1
    outer loop
      vertex -23.0927 33.3023 0
      vertex -26 37.4641 0
      vertex -25.6905 37.6252 0
    endloop
  endfacet
  facet normal -0 0 -1
    outer loop
      vertex -23.3926 -32.9751 0
      vertex -27.9392 -34.6946 0
      vertex -23.4722 -32.85 0
    endloop
  endfacet
  facet normal 0 0 -1
    outer loop
      vertex -23.0927 33.3023 0
      vertex -26.2943 37.2766 0
      vertex -26 37.4641 0
    endloop
  endfacet
  facet normal 0 0 -1
    outer loop
      vertex -27.9848 -34.3486 0
      vertex -23.4722 -32.85 0
      vertex -27.9392 -34.6946 0
    endloop
  endfacet
  facet normal 0 0 -1
    outer loop
      vertex -23.2021 33.2021 0
      vertex -26.5712 37.0642 0
      vertex -26.2943 37.2766 0
    endloop
  endfacet
  facet normal 0 0 -1
    outer loop
      vertex -28 -34 0
      vertex -23.4722 -32.85 0
      vertex -27.9848 -34.3486 0
    endloop
  endfacet
  facet normal 0 0 -1
    outer loop
      vertex -23.2021 33.2021 0
      vertex -26.8284 36.8284 0
      vertex -26.5712 37.0642 0
    endloop
  endfacet
  facet normal -0 0 -1
    outer loop
      vertex -23.4722 -32.85 0
      vertex -28 -34 0
      vertex -23.5407 -32.7185 0
    endloop
  endfacet
  facet normal 0 0 -1
    outer loop
      vertex -23.2021 33.2021 0
      vertex -27.0642 36.5712 0
      vertex -26.8284 36.8284 0
    endloop
  endfacet
  facet normal -0 0 -1
    outer loop
      vertex -23.5407 -32.7185 0
      vertex -28 -34 0
      vertex -23.5975 -32.5814 0
    endloop
  endfacet
  facet normal 0 0 -1
    outer loop
      vertex -23.3023 33.0927 0
      vertex -27.2766 36.2943 0
      vertex -27.0642 36.5712 0
    endloop
  endfacet
  facet normal -0 0 -1
    outer loop
      vertex -23.5975 -32.5814 0
      vertex -28 -34 0
      vertex -23.6421 -32.44 0
    endloop
  endfacet
  facet normal 0 0 -1
    outer loop
      vertex -23.3023 33.0927 0
      vertex -27.4641 36 0
      vertex -27.2766 36.2943 0
    endloop
  endfacet
  facet normal -0 0 -1
    outer loop
      vertex -23.6421 -32.44 0
      vertex -28 -34 0
      vertex -23.6742 -32.2952 0
    endloop
  endfacet
  facet normal 0 0 -1
    outer loop
      vertex -23.3023 33.0927 0
      vertex -27.6252 35.6905 0
      vertex -27.4641 36 0
    endloop
  endfacet
  facet normal -0 0 -1
    outer loop
      vertex -23.6742 -32.2952 0
      vertex -28 -34 0
      vertex -23.6935 -32.1482 0
    endloop
  endfacet
  facet normal 0 0 -1
    outer loop
      vertex -23.3926 32.9751 0
      vertex -27.7588 35.3681 0
      vertex -27.6252 35.6905 0
    endloop
  endfacet
  facet normal -0 0 -1
    outer loop
      vertex -23.6935 -32.1482 0
      vertex -28 -34 0
      vertex -23.7 -32 0
    endloop
  endfacet
  facet normal 0 0 -1
    outer loop
      vertex -23.3926 32.9751 0
      vertex -27.8637 35.0353 0
      vertex -27.7588 35.3681 0
    endloop
  endfacet
  facet normal 0 0 -1
    outer loop
      vertex -23.3926 32.9751 0
      vertex -27.9392 34.6946 0
      vertex -27.8637 35.0353 0
    endloop
  endfacet
  facet normal 0 0 -1
    outer loop
      vertex -23.4722 32.85 0
      vertex -27.9848 34.3486 0
      vertex -27.9392 34.6946 0
    endloop
  endfacet
  facet normal 0 0 -1
    outer loop
      vertex 23.2021 30.7979 0
      vertex 21.6192 11.5713 0
      vertex 23.0927 30.6977 0
    endloop
  endfacet
  facet normal 0 0 -1
    outer loop
      vertex 21.5485 11.6485 0
      vertex 23.0927 30.6977 0
      vertex 21.6192 11.5713 0
    endloop
  endfacet
  facet normal 0 0 -1
    outer loop
      vertex 23.0927 30.6977 0
      vertex 21.5485 11.6485 0
      vertex 22.9751 30.6074 0
    endloop
  endfacet
  facet normal 0 0 -1
    outer loop
      vertex 21.4713 11.7192 0
      vertex 22.9751 30.6074 0
      vertex 21.5485 11.6485 0
    endloop
  endfacet
  facet normal 0 0 -1
    outer loop
      vertex 22.9751 30.6074 0
      vertex 21.4713 11.7192 0
      vertex 22.85 30.5278 0
    endloop
  endfacet
  facet normal 0 0 -1
    outer loop
      vertex 21.3883 11.783 0
      vertex 22.85 30.5278 0
      vertex 21.4713 11.7192 0
    endloop
  endfacet
  facet normal 0 0 -1
    outer loop
      vertex 22.85 30.5278 0
      vertex 21.3883 11.783 0
      vertex 22.7185 30.4593 0
    endloop
  endfacet
  facet normal 0 0 -1
    outer loop
      vertex 21.3 11.8392 0
      vertex 22.7185 30.4593 0
      vertex 21.3883 11.783 0
    endloop
  endfacet
  facet normal 0 0 -1
    outer loop
      vertex 22.7185 30.4593 0
      vertex 21.3 11.8392 0
      vertex 22.5814 30.4025 0
    endloop
  endfacet
  facet normal 0 0 -1
    outer loop
      vertex 16 21 0
      vertex 22.5814 30.4025 0
      vertex 21.3 11.8392 0
    endloop
  endfacet
  facet normal 0 0 -1
    outer loop
      vertex 22.5814 30.4025 0
      vertex 16 21 0
      vertex 22.44 30.3579 0
    endloop
  endfacet
  facet normal 0 0 -1
    outer loop
      vertex 16 23 0
      vertex 22.44 30.3579 0
      vertex 16 21 0
    endloop
  endfacet
  facet normal 0 0 -1
    outer loop
      vertex 22.44 30.3579 0
      vertex 16 23 0
      vertex 22.2952 30.3258 0
    endloop
  endfacet
  facet normal 0 0 -1
    outer loop
      vertex 16 21 0
      vertex 21.3 11.8392 0
      vertex 21.2071 11.8876 0
    endloop
  endfacet
  facet normal 0 0 -1
    outer loop
      vertex 16 21 0
      vertex 21.2071 11.8876 0
      vertex 21.1104 11.9276 0
    endloop
  endfacet
  facet normal 0 0 -1
    outer loop
      vertex 16 21 0
      vertex 21.1104 11.9276 0
      vertex 21.0106 11.9591 0
    endloop
  endfacet
  facet normal 0 0 -1
    outer loop
      vertex 16 21 0
      vertex 21.0106 11.9591 0
      vertex 20.9084 11.9818 0
    endloop
  endfacet
  facet normal 0 0 -1
    outer loop
      vertex 16 21 0
      vertex 20.9084 11.9818 0
      vertex 20.8046 11.9954 0
    endloop
  endfacet
  facet normal 0 0 -1
    outer loop
      vertex 22.2952 30.3258 0
      vertex 16 23 0
      vertex 22.1482 30.3065 0
    endloop
  endfacet
  facet normal 0 0 -1
    outer loop
      vertex 16 21 0
      vertex 20.8046 11.9954 0
      vertex 20.7 12 0
    endloop
  endfacet
  facet normal 0 0 -1
    outer loop
      vertex 15.9924 23.1743 0
      vertex 22.1482 30.3065 0
      vertex 16 23 0
    endloop
  endfacet
  facet normal 0 0 -1
    outer loop
      vertex 16 21 0
      vertex 20.7 12 0
      vertex 19.3 12 0
    endloop
  endfacet
  facet normal 0 0 -1
    outer loop
      vertex 22.1482 30.3065 0
      vertex 15.9924 23.1743 0
      vertex 22 30.3 0
    endloop
  endfacet
  facet normal 0 0 -1
    outer loop
      vertex 15.9696 23.3473 0
      vertex 22 30.3 0
      vertex 15.9924 23.1743 0
    endloop
  endfacet
  facet normal -0 0 -1
    outer loop
      vertex 22 30.3 0
      vertex 15.9696 23.3473 0
      vertex 21.8518 30.3065 0
    endloop
  endfacet
  facet normal 0 0 -1
    outer loop
      vertex 15.9319 23.5176 0
      vertex 21.8518 30.3065 0
      vertex 15.9696 23.3473 0
    endloop
  endfacet
  facet normal -0 0 -1
    outer loop
      vertex 21.8518 30.3065 0
      vertex 15.9319 23.5176 0
      vertex 21.7048 30.3258 0
    endloop
  endfacet
  facet normal 0 0 -1
    outer loop
      vertex 15.8794 23.684 0
      vertex 21.7048 30.3258 0
      vertex 15.9319 23.5176 0
    endloop
  endfacet
  facet normal -0 0 -1
    outer loop
      vertex 21.7048 30.3258 0
      vertex 15.8794 23.684 0
      vertex 21.56 30.3579 0
    endloop
  endfacet
  facet normal 0 0 -1
    outer loop
      vertex 15.8126 23.8452 0
      vertex 21.56 30.3579 0
      vertex 15.8794 23.684 0
    endloop
  endfacet
  facet normal -0 0 -1
    outer loop
      vertex 21.56 30.3579 0
      vertex 15.8126 23.8452 0
      vertex 21.4186 30.4025 0
    endloop
  endfacet
  facet normal 0 0 -1
    outer loop
      vertex 15.7321 24 0
      vertex 21.4186 30.4025 0
      vertex 15.8126 23.8452 0
    endloop
  endfacet
  facet normal -0 0 -1
    outer loop
      vertex 21.4186 30.4025 0
      vertex 15.7321 24 0
      vertex 21.2815 30.4593 0
    endloop
  endfacet
  facet normal 0 0 -1
    outer loop
      vertex 15.6383 24.1472 0
      vertex 21.2815 30.4593 0
      vertex 15.7321 24 0
    endloop
  endfacet
  facet normal -0 0 -1
    outer loop
      vertex 21.2815 30.4593 0
      vertex 15.6383 24.1472 0
      vertex 21.15 30.5278 0
    endloop
  endfacet
  facet normal 0 0 -1
    outer loop
      vertex 15.5321 24.2856 0
      vertex 21.15 30.5278 0
      vertex 15.6383 24.1472 0
    endloop
  endfacet
  facet normal -0 0 -1
    outer loop
      vertex 21.15 30.5278 0
      vertex 15.5321 24.2856 0
      vertex 21.0249 30.6074 0
    endloop
  endfacet
  facet normal 0 0 -1
    outer loop
      vertex 15.4142 24.4142 0
      vertex 21.0249 30.6074 0
      vertex 15.5321 24.2856 0
    endloop
  endfacet
  facet normal -0.79315 0.609026 0
    outer loop
      vertex -20.6977 -33.0927 0
      vertex -20.6074 -32.9751 3
      vertex -20.6074 -32.9751 0
    endloop
  endfacet
  facet normal -0.79315 0.609026 0
    outer loop
      vertex -20.6074 -32.9751 3
      vertex -20.6977 -33.0927 0
      vertex -20.6977 -33.0927 3
    endloop
  endfacet
  facet normal -0.953685 0.300809 0
    outer loop
      vertex -20.4025 -32.5814 0
      vertex -20.3579 -32.44 3
      vertex -20.3579 -32.44 0
    endloop
  endfacet
  facet normal -0.953685 0.300809 0
    outer loop
      vertex -20.3579 -32.44 3
      vertex -20.4025 -32.5814 0
      vertex -20.4025 -32.5814 3
    endloop
  endfacet
  facet normal -0.991491 -0.130175 0
    outer loop
      vertex -20.3065 -31.8518 0
      vertex -20.3258 -31.7048 3
      vertex -20.3258 -31.7048 0
    endloop
  endfacet
  facet normal -0.991491 -0.130175 0
    outer loop
      vertex -20.3258 -31.7048 3
      vertex -20.3065 -31.8518 0
      vertex -20.3065 -31.8518 3
    endloop
  endfacet
  facet normal -0.609026 0.79315 0
    outer loop
      vertex -20.9073 -33.3023 0
      vertex -21.0249 -33.3926 3
      vertex -20.9073 -33.3023 3
    endloop
  endfacet
  facet normal -0.609026 0.79315 0
    outer loop
      vertex -21.0249 -33.3926 3
      vertex -20.9073 -33.3023 0
      vertex -21.0249 -33.3926 0
    endloop
  endfacet
  facet normal 0.737434 -0.675419 0
    outer loop
      vertex -23.3023 -30.9073 3
      vertex -23.2021 -30.7979 0
      vertex -23.2021 -30.7979 3
    endloop
  endfacet
  facet normal 0.737434 -0.675419 0
    outer loop
      vertex -23.2021 -30.7979 0
      vertex -23.3023 -30.9073 3
      vertex -23.3023 -30.9073 0
    endloop
  endfacet
  facet normal -0.216431 -0.976298 0
    outer loop
      vertex -21.7048 -30.3258 0
      vertex -21.56 -30.3579 3
      vertex -21.7048 -30.3258 3
    endloop
  endfacet
  facet normal -0.216431 -0.976298 -0
    outer loop
      vertex -21.56 -30.3579 3
      vertex -21.7048 -30.3258 0
      vertex -21.56 -30.3579 0
    endloop
  endfacet
  facet normal 0.382749 -0.923853 0
    outer loop
      vertex -22.7185 -30.4593 0
      vertex -22.5814 -30.4025 3
      vertex -22.7185 -30.4593 3
    endloop
  endfacet
  facet normal 0.382749 -0.923853 0
    outer loop
      vertex -22.5814 -30.4025 3
      vertex -22.7185 -30.4593 0
      vertex -22.5814 -30.4025 0
    endloop
  endfacet
  facet normal -0.923853 -0.382749 0
    outer loop
      vertex -20.4025 -31.4186 0
      vertex -20.4593 -31.2815 3
      vertex -20.4593 -31.2815 0
    endloop
  endfacet
  facet normal -0.923853 -0.382749 0
    outer loop
      vertex -20.4593 -31.2815 3
      vertex -20.4025 -31.4186 0
      vertex -20.4025 -31.4186 3
    endloop
  endfacet
  facet normal -0.737434 0.675419 0
    outer loop
      vertex -20.7979 -33.2021 0
      vertex -20.6977 -33.0927 3
      vertex -20.6977 -33.0927 0
    endloop
  endfacet
  facet normal -0.737434 0.675419 0
    outer loop
      vertex -20.6977 -33.0927 3
      vertex -20.7979 -33.2021 0
      vertex -20.7979 -33.2021 3
    endloop
  endfacet
  facet normal -0.609026 -0.79315 0
    outer loop
      vertex -21.0249 -30.6074 0
      vertex -20.9073 -30.6977 3
      vertex -21.0249 -30.6074 3
    endloop
  endfacet
  facet normal -0.609026 -0.79315 -0
    outer loop
      vertex -20.9073 -30.6977 3
      vertex -21.0249 -30.6074 0
      vertex -20.9073 -30.6977 0
    endloop
  endfacet
  facet normal -0.300809 0.953685 0
    outer loop
      vertex -21.4186 -33.5975 0
      vertex -21.56 -33.6421 3
      vertex -21.4186 -33.5975 3
    endloop
  endfacet
  facet normal -0.300809 0.953685 0
    outer loop
      vertex -21.56 -33.6421 3
      vertex -21.4186 -33.5975 0
      vertex -21.56 -33.6421 0
    endloop
  endfacet
  facet normal 0.609026 0.79315 -0
    outer loop
      vertex -22.9751 -33.3926 0
      vertex -23.0927 -33.3023 3
      vertex -22.9751 -33.3926 3
    endloop
  endfacet
  facet normal 0.609026 0.79315 0
    outer loop
      vertex -23.0927 -33.3023 3
      vertex -22.9751 -33.3926 0
      vertex -23.0927 -33.3023 0
    endloop
  endfacet
  facet normal -0.886885 0.46199 0
    outer loop
      vertex -20.5278 -32.85 0
      vertex -20.4593 -32.7185 3
      vertex -20.4593 -32.7185 0
    endloop
  endfacet
  facet normal -0.886885 0.46199 0
    outer loop
      vertex -20.4593 -32.7185 3
      vertex -20.5278 -32.85 0
      vertex -20.5278 -32.85 3
    endloop
  endfacet
  facet normal 0.216431 -0.976298 0
    outer loop
      vertex -22.44 -30.3579 0
      vertex -22.2952 -30.3258 3
      vertex -22.44 -30.3579 3
    endloop
  endfacet
  facet normal 0.216431 -0.976298 0
    outer loop
      vertex -22.2952 -30.3258 3
      vertex -22.44 -30.3579 0
      vertex -22.2952 -30.3258 0
    endloop
  endfacet
  facet normal 0.923853 0.382749 0
    outer loop
      vertex -23.5407 -32.7185 3
      vertex -23.5975 -32.5814 0
      vertex -23.5975 -32.5814 3
    endloop
  endfacet
  facet normal 0.923853 0.382749 0
    outer loop
      vertex -23.5975 -32.5814 0
      vertex -23.5407 -32.7185 3
      vertex -23.5407 -32.7185 0
    endloop
  endfacet
  facet normal -0.843689 -0.536832 0
    outer loop
      vertex -20.5278 -31.15 0
      vertex -20.6074 -31.0249 3
      vertex -20.6074 -31.0249 0
    endloop
  endfacet
  facet normal -0.843689 -0.536832 0
    outer loop
      vertex -20.6074 -31.0249 3
      vertex -20.5278 -31.15 0
      vertex -20.5278 -31.15 3
    endloop
  endfacet
  facet normal -0.46199 -0.886885 0
    outer loop
      vertex -21.2815 -30.4593 0
      vertex -21.15 -30.5278 3
      vertex -21.2815 -30.4593 3
    endloop
  endfacet
  facet normal -0.46199 -0.886885 -0
    outer loop
      vertex -21.15 -30.5278 3
      vertex -21.2815 -30.4593 0
      vertex -21.15 -30.5278 0
    endloop
  endfacet
  facet normal 0.99904 -0.0438175 0
    outer loop
      vertex -23.7 -32 3
      vertex -23.6935 -31.8518 0
      vertex -23.6935 -31.8518 3
    endloop
  endfacet
  facet normal 0.99904 -0.0438175 0
    outer loop
      vertex -23.6935 -31.8518 0
      vertex -23.7 -32 3
      vertex -23.7 -32 0
    endloop
  endfacet
  facet normal 0.382749 0.923853 -0
    outer loop
      vertex -22.5814 -33.5975 0
      vertex -22.7185 -33.5407 3
      vertex -22.5814 -33.5975 3
    endloop
  endfacet
  facet normal 0.382749 0.923853 0
    outer loop
      vertex -22.7185 -33.5407 3
      vertex -22.5814 -33.5975 0
      vertex -22.7185 -33.5407 0
    endloop
  endfacet
  facet normal -0.99904 -0.0438175 0
    outer loop
      vertex -20.3 -32 0
      vertex -20.3065 -31.8518 3
      vertex -20.3065 -31.8518 0
    endloop
  endfacet
  facet normal -0.99904 -0.0438175 0
    outer loop
      vertex -20.3065 -31.8518 3
      vertex -20.3 -32 0
      vertex -20.3 -32 3
    endloop
  endfacet
  facet normal 0.300809 0.953685 -0
    outer loop
      vertex -22.44 -33.6421 0
      vertex -22.5814 -33.5975 3
      vertex -22.44 -33.6421 3
    endloop
  endfacet
  facet normal 0.300809 0.953685 0
    outer loop
      vertex -22.5814 -33.5975 3
      vertex -22.44 -33.6421 0
      vertex -22.5814 -33.5975 0
    endloop
  endfacet
  facet normal -0.99904 0.0438175 0
    outer loop
      vertex -20.3065 -32.1482 0
      vertex -20.3 -32 3
      vertex -20.3 -32 0
    endloop
  endfacet
  facet normal -0.99904 0.0438175 0
    outer loop
      vertex -20.3 -32 3
      vertex -20.3065 -32.1482 0
      vertex -20.3065 -32.1482 3
    endloop
  endfacet
  facet normal 0.536832 0.843689 -0
    outer loop
      vertex -22.85 -33.4722 0
      vertex -22.9751 -33.3926 3
      vertex -22.85 -33.4722 3
    endloop
  endfacet
  facet normal 0.536832 0.843689 0
    outer loop
      vertex -22.9751 -33.3926 3
      vertex -22.85 -33.4722 0
      vertex -22.9751 -33.3926 0
    endloop
  endfacet
  facet normal -0.976298 -0.216431 0
    outer loop
      vertex -20.3258 -31.7048 0
      vertex -20.3579 -31.56 3
      vertex -20.3579 -31.56 0
    endloop
  endfacet
  facet normal -0.976298 -0.216431 0
    outer loop
      vertex -20.3579 -31.56 3
      vertex -20.3258 -31.7048 0
      vertex -20.3258 -31.7048 3
    endloop
  endfacet
  facet normal 0.79315 0.609026 0
    outer loop
      vertex -23.3023 -33.0927 3
      vertex -23.3926 -32.9751 0
      vertex -23.3926 -32.9751 3
    endloop
  endfacet
  facet normal 0.79315 0.609026 0
    outer loop
      vertex -23.3926 -32.9751 0
      vertex -23.3023 -33.0927 3
      vertex -23.3023 -33.0927 0
    endloop
  endfacet
  facet normal 0.886885 0.46199 0
    outer loop
      vertex -23.4722 -32.85 3
      vertex -23.5407 -32.7185 0
      vertex -23.5407 -32.7185 3
    endloop
  endfacet
  facet normal 0.886885 0.46199 0
    outer loop
      vertex -23.5407 -32.7185 0
      vertex -23.4722 -32.85 3
      vertex -23.4722 -32.85 0
    endloop
  endfacet
  facet normal 0.46199 0.886885 -0
    outer loop
      vertex -22.7185 -33.5407 0
      vertex -22.85 -33.4722 3
      vertex -22.7185 -33.5407 3
    endloop
  endfacet
  facet normal 0.46199 0.886885 0
    outer loop
      vertex -22.85 -33.4722 3
      vertex -22.7185 -33.5407 0
      vertex -22.85 -33.4722 0
    endloop
  endfacet
  facet normal 0.675419 -0.737434 0
    outer loop
      vertex -23.2021 -30.7979 0
      vertex -23.0927 -30.6977 3
      vertex -23.2021 -30.7979 3
    endloop
  endfacet
  facet normal 0.675419 -0.737434 0
    outer loop
      vertex -23.0927 -30.6977 3
      vertex -23.2021 -30.7979 0
      vertex -23.0927 -30.6977 0
    endloop
  endfacet
  facet normal 0.976298 0.216431 0
    outer loop
      vertex -23.6421 -32.44 3
      vertex -23.6742 -32.2952 0
      vertex -23.6742 -32.2952 3
    endloop
  endfacet
  facet normal 0.976298 0.216431 0
    outer loop
      vertex -23.6742 -32.2952 0
      vertex -23.6421 -32.44 3
      vertex -23.6421 -32.44 0
    endloop
  endfacet
  facet normal -0.536832 0.843689 0
    outer loop
      vertex -21.0249 -33.3926 0
      vertex -21.15 -33.4722 3
      vertex -21.0249 -33.3926 3
    endloop
  endfacet
  facet normal -0.536832 0.843689 0
    outer loop
      vertex -21.15 -33.4722 3
      vertex -21.0249 -33.3926 0
      vertex -21.15 -33.4722 0
    endloop
  endfacet
  facet normal -0.923853 0.382749 0
    outer loop
      vertex -20.4593 -32.7185 0
      vertex -20.4025 -32.5814 3
      vertex -20.4025 -32.5814 0
    endloop
  endfacet
  facet normal -0.923853 0.382749 0
    outer loop
      vertex -20.4025 -32.5814 3
      vertex -20.4593 -32.7185 0
      vertex -20.4593 -32.7185 3
    endloop
  endfacet
  facet normal -0.79315 -0.609026 0
    outer loop
      vertex -20.6074 -31.0249 0
      vertex -20.6977 -30.9073 3
      vertex -20.6977 -30.9073 0
    endloop
  endfacet
  facet normal -0.79315 -0.609026 0
    outer loop
      vertex -20.6977 -30.9073 3
      vertex -20.6074 -31.0249 0
      vertex -20.6074 -31.0249 3
    endloop
  endfacet
  facet normal -0.216431 0.976298 0
    outer loop
      vertex -21.56 -33.6421 0
      vertex -21.7048 -33.6742 3
      vertex -21.56 -33.6421 3
    endloop
  endfacet
  facet normal -0.216431 0.976298 0
    outer loop
      vertex -21.7048 -33.6742 3
      vertex -21.56 -33.6421 0
      vertex -21.7048 -33.6742 0
    endloop
  endfacet
  facet normal 0.737434 0.675419 0
    outer loop
      vertex -23.2021 -33.2021 3
      vertex -23.3023 -33.0927 0
      vertex -23.3023 -33.0927 3
    endloop
  endfacet
  facet normal 0.737434 0.675419 0
    outer loop
      vertex -23.3023 -33.0927 0
      vertex -23.2021 -33.2021 3
      vertex -23.2021 -33.2021 0
    endloop
  endfacet
  facet normal 0.216431 0.976298 -0
    outer loop
      vertex -22.2952 -33.6742 0
      vertex -22.44 -33.6421 3
      vertex -22.2952 -33.6742 3
    endloop
  endfacet
  facet normal 0.216431 0.976298 0
    outer loop
      vertex -22.44 -33.6421 3
      vertex -22.2952 -33.6742 0
      vertex -22.44 -33.6421 0
    endloop
  endfacet
  facet normal 0.79315 -0.609026 0
    outer loop
      vertex -23.3926 -31.0249 3
      vertex -23.3023 -30.9073 0
      vertex -23.3023 -30.9073 3
    endloop
  endfacet
  facet normal 0.79315 -0.609026 0
    outer loop
      vertex -23.3023 -30.9073 0
      vertex -23.3926 -31.0249 3
      vertex -23.3926 -31.0249 0
    endloop
  endfacet
  facet normal -0.953685 -0.300809 0
    outer loop
      vertex -20.3579 -31.56 0
      vertex -20.4025 -31.4186 3
      vertex -20.4025 -31.4186 0
    endloop
  endfacet
  facet normal -0.953685 -0.300809 0
    outer loop
      vertex -20.4025 -31.4186 3
      vertex -20.3579 -31.56 0
      vertex -20.3579 -31.56 3
    endloop
  endfacet
  facet normal 0.130175 -0.991491 0
    outer loop
      vertex -22.2952 -30.3258 0
      vertex -22.1482 -30.3065 3
      vertex -22.2952 -30.3258 3
    endloop
  endfacet
  facet normal 0.130175 -0.991491 0
    outer loop
      vertex -22.1482 -30.3065 3
      vertex -22.2952 -30.3258 0
      vertex -22.1482 -30.3065 0
    endloop
  endfacet
  facet normal 0.0438175 0.99904 -0
    outer loop
      vertex -22 -33.7 0
      vertex -22.1482 -33.6935 3
      vertex -22 -33.7 3
    endloop
  endfacet
  facet normal 0.0438175 0.99904 0
    outer loop
      vertex -22.1482 -33.6935 3
      vertex -22 -33.7 0
      vertex -22.1482 -33.6935 0
    endloop
  endfacet
  facet normal 0.953685 -0.300809 0
    outer loop
      vertex -23.6421 -31.56 3
      vertex -23.5975 -31.4186 0
      vertex -23.5975 -31.4186 3
    endloop
  endfacet
  facet normal 0.953685 -0.300809 0
    outer loop
      vertex -23.5975 -31.4186 0
      vertex -23.6421 -31.56 3
      vertex -23.6421 -31.56 0
    endloop
  endfacet
  facet normal -0.843689 0.536832 0
    outer loop
      vertex -20.6074 -32.9751 0
      vertex -20.5278 -32.85 3
      vertex -20.5278 -32.85 0
    endloop
  endfacet
  facet normal -0.843689 0.536832 0
    outer loop
      vertex -20.5278 -32.85 3
      vertex -20.6074 -32.9751 0
      vertex -20.6074 -32.9751 3
    endloop
  endfacet
  facet normal 0.991491 0.130175 0
    outer loop
      vertex -23.6742 -32.2952 3
      vertex -23.6935 -32.1482 0
      vertex -23.6935 -32.1482 3
    endloop
  endfacet
  facet normal 0.991491 0.130175 0
    outer loop
      vertex -23.6935 -32.1482 0
      vertex -23.6742 -32.2952 3
      vertex -23.6742 -32.2952 0
    endloop
  endfacet
  facet normal -0.675419 -0.737434 0
    outer loop
      vertex -20.9073 -30.6977 0
      vertex -20.7979 -30.7979 3
      vertex -20.9073 -30.6977 3
    endloop
  endfacet
  facet normal -0.675419 -0.737434 -0
    outer loop
      vertex -20.7979 -30.7979 3
      vertex -20.9073 -30.6977 0
      vertex -20.7979 -30.7979 0
    endloop
  endfacet
  facet normal -0.886885 -0.46199 0
    outer loop
      vertex -20.4593 -31.2815 0
      vertex -20.5278 -31.15 3
      vertex -20.5278 -31.15 0
    endloop
  endfacet
  facet normal -0.886885 -0.46199 0
    outer loop
      vertex -20.5278 -31.15 3
      vertex -20.4593 -31.2815 0
      vertex -20.4593 -31.2815 3
    endloop
  endfacet
  facet normal -0.0438175 0.99904 0
    outer loop
      vertex -21.8518 -33.6935 0
      vertex -22 -33.7 3
      vertex -21.8518 -33.6935 3
    endloop
  endfacet
  facet normal -0.0438175 0.99904 0
    outer loop
      vertex -22 -33.7 3
      vertex -21.8518 -33.6935 0
      vertex -22 -33.7 0
    endloop
  endfacet
  facet normal -0.991491 0.130175 0
    outer loop
      vertex -20.3258 -32.2952 0
      vertex -20.3065 -32.1482 3
      vertex -20.3065 -32.1482 0
    endloop
  endfacet
  facet normal -0.991491 0.130175 0
    outer loop
      vertex -20.3065 -32.1482 3
      vertex -20.3258 -32.2952 0
      vertex -20.3258 -32.2952 3
    endloop
  endfacet
  facet normal -0.737434 -0.675419 0
    outer loop
      vertex -20.6977 -30.9073 0
      vertex -20.7979 -30.7979 3
      vertex -20.7979 -30.7979 0
    endloop
  endfacet
  facet normal -0.737434 -0.675419 0
    outer loop
      vertex -20.7979 -30.7979 3
      vertex -20.6977 -30.9073 0
      vertex -20.6977 -30.9073 3
    endloop
  endfacet
  facet normal -0.536832 -0.843689 0
    outer loop
      vertex -21.15 -30.5278 0
      vertex -21.0249 -30.6074 3
      vertex -21.15 -30.5278 3
    endloop
  endfacet
  facet normal -0.536832 -0.843689 -0
    outer loop
      vertex -21.0249 -30.6074 3
      vertex -21.15 -30.5278 0
      vertex -21.0249 -30.6074 0
    endloop
  endfacet
  facet normal 0.609026 -0.79315 0
    outer loop
      vertex -23.0927 -30.6977 0
      vertex -22.9751 -30.6074 3
      vertex -23.0927 -30.6977 3
    endloop
  endfacet
  facet normal 0.609026 -0.79315 0
    outer loop
      vertex -22.9751 -30.6074 3
      vertex -23.0927 -30.6977 0
      vertex -22.9751 -30.6074 0
    endloop
  endfacet
  facet normal -0.382749 -0.923853 0
    outer loop
      vertex -21.4186 -30.4025 0
      vertex -21.2815 -30.4593 3
      vertex -21.4186 -30.4025 3
    endloop
  endfacet
  facet normal -0.382749 -0.923853 -0
    outer loop
      vertex -21.2815 -30.4593 3
      vertex -21.4186 -30.4025 0
      vertex -21.2815 -30.4593 0
    endloop
  endfacet
  facet normal 0.991491 -0.130175 0
    outer loop
      vertex -23.6935 -31.8518 3
      vertex -23.6742 -31.7048 0
      vertex -23.6742 -31.7048 3
    endloop
  endfacet
  facet normal 0.991491 -0.130175 0
    outer loop
      vertex -23.6742 -31.7048 0
      vertex -23.6935 -31.8518 3
      vertex -23.6935 -31.8518 0
    endloop
  endfacet
  facet normal -0.675419 0.737434 0
    outer loop
      vertex -20.7979 -33.2021 0
      vertex -20.9073 -33.3023 3
      vertex -20.7979 -33.2021 3
    endloop
  endfacet
  facet normal -0.675419 0.737434 0
    outer loop
      vertex -20.9073 -33.3023 3
      vertex -20.7979 -33.2021 0
      vertex -20.9073 -33.3023 0
    endloop
  endfacet
  facet normal 0.976298 -0.216431 0
    outer loop
      vertex -23.6742 -31.7048 3
      vertex -23.6421 -31.56 0
      vertex -23.6421 -31.56 3
    endloop
  endfacet
  facet normal 0.976298 -0.216431 0
    outer loop
      vertex -23.6421 -31.56 0
      vertex -23.6742 -31.7048 3
      vertex -23.6742 -31.7048 0
    endloop
  endfacet
  facet normal 0.300809 -0.953685 0
    outer loop
      vertex -22.5814 -30.4025 0
      vertex -22.44 -30.3579 3
      vertex -22.5814 -30.4025 3
    endloop
  endfacet
  facet normal 0.300809 -0.953685 0
    outer loop
      vertex -22.44 -30.3579 3
      vertex -22.5814 -30.4025 0
      vertex -22.44 -30.3579 0
    endloop
  endfacet
  facet normal 0.843689 -0.536832 0
    outer loop
      vertex -23.4722 -31.15 3
      vertex -23.3926 -31.0249 0
      vertex -23.3926 -31.0249 3
    endloop
  endfacet
  facet normal 0.843689 -0.536832 0
    outer loop
      vertex -23.3926 -31.0249 0
      vertex -23.4722 -31.15 3
      vertex -23.4722 -31.15 0
    endloop
  endfacet
  facet normal -0.130175 0.991491 0
    outer loop
      vertex -21.7048 -33.6742 0
      vertex -21.8518 -33.6935 3
      vertex -21.7048 -33.6742 3
    endloop
  endfacet
  facet normal -0.130175 0.991491 0
    outer loop
      vertex -21.8518 -33.6935 3
      vertex -21.7048 -33.6742 0
      vertex -21.8518 -33.6935 0
    endloop
  endfacet
  facet normal -0.976298 0.216431 0
    outer loop
      vertex -20.3579 -32.44 0
      vertex -20.3258 -32.2952 3
      vertex -20.3258 -32.2952 0
    endloop
  endfacet
  facet normal -0.976298 0.216431 0
    outer loop
      vertex -20.3258 -32.2952 3
      vertex -20.3579 -32.44 0
      vertex -20.3579 -32.44 3
    endloop
  endfacet
  facet normal 0.843689 0.536832 0
    outer loop
      vertex -23.3926 -32.9751 3
      vertex -23.4722 -32.85 0
      vertex -23.4722 -32.85 3
    endloop
  endfacet
  facet normal 0.843689 0.536832 0
    outer loop
      vertex -23.4722 -32.85 0
      vertex -23.3926 -32.9751 3
      vertex -23.3926 -32.9751 0
    endloop
  endfacet
  facet normal 0.0438175 -0.99904 0
    outer loop
      vertex -22.1482 -30.3065 0
      vertex -22 -30.3 3
      vertex -22.1482 -30.3065 3
    endloop
  endfacet
  facet normal 0.0438175 -0.99904 0
    outer loop
      vertex -22 -30.3 3
      vertex -22.1482 -30.3065 0
      vertex -22 -30.3 0
    endloop
  endfacet
  facet normal 0.923853 -0.382749 0
    outer loop
      vertex -23.5975 -31.4186 3
      vertex -23.5407 -31.2815 0
      vertex -23.5407 -31.2815 3
    endloop
  endfacet
  facet normal 0.923853 -0.382749 0
    outer loop
      vertex -23.5407 -31.2815 0
      vertex -23.5975 -31.4186 3
      vertex -23.5975 -31.4186 0
    endloop
  endfacet
  facet normal 0.953685 0.300809 0
    outer loop
      vertex -23.5975 -32.5814 3
      vertex -23.6421 -32.44 0
      vertex -23.6421 -32.44 3
    endloop
  endfacet
  facet normal 0.953685 0.300809 0
    outer loop
      vertex -23.6421 -32.44 0
      vertex -23.5975 -32.5814 3
      vertex -23.5975 -32.5814 0
    endloop
  endfacet
  facet normal 0.675419 0.737434 -0
    outer loop
      vertex -23.0927 -33.3023 0
      vertex -23.2021 -33.2021 3
      vertex -23.0927 -33.3023 3
    endloop
  endfacet
  facet normal 0.675419 0.737434 0
    outer loop
      vertex -23.2021 -33.2021 3
      vertex -23.0927 -33.3023 0
      vertex -23.2021 -33.2021 0
    endloop
  endfacet
  facet normal -0.300809 -0.953685 0
    outer loop
      vertex -21.56 -30.3579 0
      vertex -21.4186 -30.4025 3
      vertex -21.56 -30.3579 3
    endloop
  endfacet
  facet normal -0.300809 -0.953685 -0
    outer loop
      vertex -21.4186 -30.4025 3
      vertex -21.56 -30.3579 0
      vertex -21.4186 -30.4025 0
    endloop
  endfacet
  facet normal -0.382749 0.923853 0
    outer loop
      vertex -21.2815 -33.5407 0
      vertex -21.4186 -33.5975 3
      vertex -21.2815 -33.5407 3
    endloop
  endfacet
  facet normal -0.382749 0.923853 0
    outer loop
      vertex -21.4186 -33.5975 3
      vertex -21.2815 -33.5407 0
      vertex -21.4186 -33.5975 0
    endloop
  endfacet
  facet normal -0.46199 0.886885 0
    outer loop
      vertex -21.15 -33.4722 0
      vertex -21.2815 -33.5407 3
      vertex -21.15 -33.4722 3
    endloop
  endfacet
  facet normal -0.46199 0.886885 0
    outer loop
      vertex -21.2815 -33.5407 3
      vertex -21.15 -33.4722 0
      vertex -21.2815 -33.5407 0
    endloop
  endfacet
  facet normal 0.536832 -0.843689 0
    outer loop
      vertex -22.9751 -30.6074 0
      vertex -22.85 -30.5278 3
      vertex -22.9751 -30.6074 3
    endloop
  endfacet
  facet normal 0.536832 -0.843689 0
    outer loop
      vertex -22.85 -30.5278 3
      vertex -22.9751 -30.6074 0
      vertex -22.85 -30.5278 0
    endloop
  endfacet
  facet normal 0.46199 -0.886885 0
    outer loop
      vertex -22.85 -30.5278 0
      vertex -22.7185 -30.4593 3
      vertex -22.85 -30.5278 3
    endloop
  endfacet
  facet normal 0.46199 -0.886885 0
    outer loop
      vertex -22.7185 -30.4593 3
      vertex -22.85 -30.5278 0
      vertex -22.7185 -30.4593 0
    endloop
  endfacet
  facet normal 0.886885 -0.46199 0
    outer loop
      vertex -23.5407 -31.2815 3
      vertex -23.4722 -31.15 0
      vertex -23.4722 -31.15 3
    endloop
  endfacet
  facet normal 0.886885 -0.46199 0
    outer loop
      vertex -23.4722 -31.15 0
      vertex -23.5407 -31.2815 3
      vertex -23.5407 -31.2815 0
    endloop
  endfacet
  facet normal -0.0438175 -0.99904 0
    outer loop
      vertex -22 -30.3 0
      vertex -21.8518 -30.3065 3
      vertex -22 -30.3 3
    endloop
  endfacet
  facet normal -0.0438175 -0.99904 -0
    outer loop
      vertex -21.8518 -30.3065 3
      vertex -22 -30.3 0
      vertex -21.8518 -30.3065 0
    endloop
  endfacet
  facet normal 0.99904 0.0438175 0
    outer loop
      vertex -23.6935 -32.1482 3
      vertex -23.7 -32 0
      vertex -23.7 -32 3
    endloop
  endfacet
  facet normal 0.99904 0.0438175 0
    outer loop
      vertex -23.7 -32 0
      vertex -23.6935 -32.1482 3
      vertex -23.6935 -32.1482 0
    endloop
  endfacet
  facet normal 0.130175 0.991491 -0
    outer loop
      vertex -22.1482 -33.6935 0
      vertex -22.2952 -33.6742 3
      vertex -22.1482 -33.6935 3
    endloop
  endfacet
  facet normal 0.130175 0.991491 0
    outer loop
      vertex -22.2952 -33.6742 3
      vertex -22.1482 -33.6935 0
      vertex -22.2952 -33.6742 0
    endloop
  endfacet
  facet normal -0.130175 -0.991491 0
    outer loop
      vertex -21.8518 -30.3065 0
      vertex -21.7048 -30.3258 3
      vertex -21.8518 -30.3065 3
    endloop
  endfacet
  facet normal -0.130175 -0.991491 -0
    outer loop
      vertex -21.7048 -30.3258 3
      vertex -21.8518 -30.3065 0
      vertex -21.7048 -30.3258 0
    endloop
  endfacet
  facet normal -0.737434 -0.675419 0
    outer loop
      vertex -20.6977 33.0927 0
      vertex -20.7979 33.2021 3
      vertex -20.7979 33.2021 0
    endloop
  endfacet
  facet normal -0.737434 -0.675419 0
    outer loop
      vertex -20.7979 33.2021 3
      vertex -20.6977 33.0927 0
      vertex -20.6977 33.0927 3
    endloop
  endfacet
  facet normal -0.46199 -0.886885 0
    outer loop
      vertex -21.2815 33.5407 0
      vertex -21.15 33.4722 3
      vertex -21.2815 33.5407 3
    endloop
  endfacet
  facet normal -0.46199 -0.886885 -0
    outer loop
      vertex -21.15 33.4722 3
      vertex -21.2815 33.5407 0
      vertex -21.15 33.4722 0
    endloop
  endfacet
  facet normal -0.609026 0.79315 0
    outer loop
      vertex -20.9073 30.6977 0
      vertex -21.0249 30.6074 3
      vertex -20.9073 30.6977 3
    endloop
  endfacet
  facet normal -0.609026 0.79315 0
    outer loop
      vertex -21.0249 30.6074 3
      vertex -20.9073 30.6977 0
      vertex -21.0249 30.6074 0
    endloop
  endfacet
  facet normal 0.953685 0.300809 0
    outer loop
      vertex -23.5975 31.4186 3
      vertex -23.6421 31.56 0
      vertex -23.6421 31.56 3
    endloop
  endfacet
  facet normal 0.953685 0.300809 0
    outer loop
      vertex -23.6421 31.56 0
      vertex -23.5975 31.4186 3
      vertex -23.5975 31.4186 0
    endloop
  endfacet
  facet normal 0.0438175 -0.99904 0
    outer loop
      vertex -22.1482 33.6935 0
      vertex -22 33.7 3
      vertex -22.1482 33.6935 3
    endloop
  endfacet
  facet normal 0.0438175 -0.99904 0
    outer loop
      vertex -22 33.7 3
      vertex -22.1482 33.6935 0
      vertex -22 33.7 0
    endloop
  endfacet
  facet normal 0.675419 0.737434 -0
    outer loop
      vertex -23.0927 30.6977 0
      vertex -23.2021 30.7979 3
      vertex -23.0927 30.6977 3
    endloop
  endfacet
  facet normal 0.675419 0.737434 0
    outer loop
      vertex -23.2021 30.7979 3
      vertex -23.0927 30.6977 0
      vertex -23.2021 30.7979 0
    endloop
  endfacet
  facet normal 0.536832 0.843689 -0
    outer loop
      vertex -22.85 30.5278 0
      vertex -22.9751 30.6074 3
      vertex -22.85 30.5278 3
    endloop
  endfacet
  facet normal 0.536832 0.843689 0
    outer loop
      vertex -22.9751 30.6074 3
      vertex -22.85 30.5278 0
      vertex -22.9751 30.6074 0
    endloop
  endfacet
  facet normal 0.99904 0.0438175 0
    outer loop
      vertex -23.6935 31.8518 3
      vertex -23.7 32 0
      vertex -23.7 32 3
    endloop
  endfacet
  facet normal 0.99904 0.0438175 0
    outer loop
      vertex -23.7 32 0
      vertex -23.6935 31.8518 3
      vertex -23.6935 31.8518 0
    endloop
  endfacet
  facet normal -0.382749 -0.923853 0
    outer loop
      vertex -21.4186 33.5975 0
      vertex -21.2815 33.5407 3
      vertex -21.4186 33.5975 3
    endloop
  endfacet
  facet normal -0.382749 -0.923853 -0
    outer loop
      vertex -21.2815 33.5407 3
      vertex -21.4186 33.5975 0
      vertex -21.2815 33.5407 0
    endloop
  endfacet
  facet normal -0.843689 0.536832 0
    outer loop
      vertex -20.6074 31.0249 0
      vertex -20.5278 31.15 3
      vertex -20.5278 31.15 0
    endloop
  endfacet
  facet normal -0.843689 0.536832 0
    outer loop
      vertex -20.5278 31.15 3
      vertex -20.6074 31.0249 0
      vertex -20.6074 31.0249 3
    endloop
  endfacet
  facet normal 0.886885 0.46199 0
    outer loop
      vertex -23.4722 31.15 3
      vertex -23.5407 31.2815 0
      vertex -23.5407 31.2815 3
    endloop
  endfacet
  facet normal 0.886885 0.46199 0
    outer loop
      vertex -23.5407 31.2815 0
      vertex -23.4722 31.15 3
      vertex -23.4722 31.15 0
    endloop
  endfacet
  facet normal 0.46199 0.886885 -0
    outer loop
      vertex -22.7185 30.4593 0
      vertex -22.85 30.5278 3
      vertex -22.7185 30.4593 3
    endloop
  endfacet
  facet normal 0.46199 0.886885 0
    outer loop
      vertex -22.85 30.5278 3
      vertex -22.7185 30.4593 0
      vertex -22.85 30.5278 0
    endloop
  endfacet
  facet normal -0.923853 -0.382749 0
    outer loop
      vertex -20.4025 32.5814 0
      vertex -20.4593 32.7185 3
      vertex -20.4593 32.7185 0
    endloop
  endfacet
  facet normal -0.923853 -0.382749 0
    outer loop
      vertex -20.4593 32.7185 3
      vertex -20.4025 32.5814 0
      vertex -20.4025 32.5814 3
    endloop
  endfacet
  facet normal 0.216431 0.976298 -0
    outer loop
      vertex -22.2952 30.3258 0
      vertex -22.44 30.3579 3
      vertex -22.2952 30.3258 3
    endloop
  endfacet
  facet normal 0.216431 0.976298 0
    outer loop
      vertex -22.44 30.3579 3
      vertex -22.2952 30.3258 0
      vertex -22.44 30.3579 0
    endloop
  endfacet
  facet normal 0.923853 0.382749 0
    outer loop
      vertex -23.5407 31.2815 3
      vertex -23.5975 31.4186 0
      vertex -23.5975 31.4186 3
    endloop
  endfacet
  facet normal 0.923853 0.382749 0
    outer loop
      vertex -23.5975 31.4186 0
      vertex -23.5407 31.2815 3
      vertex -23.5407 31.2815 0
    endloop
  endfacet
  facet normal -0.953685 -0.300809 0
    outer loop
      vertex -20.3579 32.44 0
      vertex -20.4025 32.5814 3
      vertex -20.4025 32.5814 0
    endloop
  endfacet
  facet normal -0.953685 -0.300809 0
    outer loop
      vertex -20.4025 32.5814 3
      vertex -20.3579 32.44 0
      vertex -20.3579 32.44 3
    endloop
  endfacet
  facet normal 0.46199 -0.886885 0
    outer loop
      vertex -22.85 33.4722 0
      vertex -22.7185 33.5407 3
      vertex -22.85 33.4722 3
    endloop
  endfacet
  facet normal 0.46199 -0.886885 0
    outer loop
      vertex -22.7185 33.5407 3
      vertex -22.85 33.4722 0
      vertex -22.7185 33.5407 0
    endloop
  endfacet
  facet normal 0.300809 -0.953685 0
    outer loop
      vertex -22.5814 33.5975 0
      vertex -22.44 33.6421 3
      vertex -22.5814 33.5975 3
    endloop
  endfacet
  facet normal 0.300809 -0.953685 0
    outer loop
      vertex -22.44 33.6421 3
      vertex -22.5814 33.5975 0
      vertex -22.44 33.6421 0
    endloop
  endfacet
  facet normal -0.886885 0.46199 0
    outer loop
      vertex -20.5278 31.15 0
      vertex -20.4593 31.2815 3
      vertex -20.4593 31.2815 0
    endloop
  endfacet
  facet normal -0.886885 0.46199 0
    outer loop
      vertex -20.4593 31.2815 3
      vertex -20.5278 31.15 0
      vertex -20.5278 31.15 3
    endloop
  endfacet
  facet normal -0.991491 -0.130175 0
    outer loop
      vertex -20.3065 32.1482 0
      vertex -20.3258 32.2952 3
      vertex -20.3258 32.2952 0
    endloop
  endfacet
  facet normal -0.991491 -0.130175 0
    outer loop
      vertex -20.3258 32.2952 3
      vertex -20.3065 32.1482 0
      vertex -20.3065 32.1482 3
    endloop
  endfacet
  facet normal -0.886885 -0.46199 0
    outer loop
      vertex -20.4593 32.7185 0
      vertex -20.5278 32.85 3
      vertex -20.5278 32.85 0
    endloop
  endfacet
  facet normal -0.886885 -0.46199 0
    outer loop
      vertex -20.5278 32.85 3
      vertex -20.4593 32.7185 0
      vertex -20.4593 32.7185 3
    endloop
  endfacet
  facet normal 0.976298 0.216431 0
    outer loop
      vertex -23.6421 31.56 3
      vertex -23.6742 31.7048 0
      vertex -23.6742 31.7048 3
    endloop
  endfacet
  facet normal 0.976298 0.216431 0
    outer loop
      vertex -23.6742 31.7048 0
      vertex -23.6421 31.56 3
      vertex -23.6421 31.56 0
    endloop
  endfacet
  facet normal -0.130175 0.991491 0
    outer loop
      vertex -21.7048 30.3258 0
      vertex -21.8518 30.3065 3
      vertex -21.7048 30.3258 3
    endloop
  endfacet
  facet normal -0.130175 0.991491 0
    outer loop
      vertex -21.8518 30.3065 3
      vertex -21.7048 30.3258 0
      vertex -21.8518 30.3065 0
    endloop
  endfacet
  facet normal -0.991491 0.130175 0
    outer loop
      vertex -20.3258 31.7048 0
      vertex -20.3065 31.8518 3
      vertex -20.3065 31.8518 0
    endloop
  endfacet
  facet normal -0.991491 0.130175 0
    outer loop
      vertex -20.3065 31.8518 3
      vertex -20.3258 31.7048 0
      vertex -20.3258 31.7048 3
    endloop
  endfacet
  facet normal -0.99904 -0.0438175 0
    outer loop
      vertex -20.3 32 0
      vertex -20.3065 32.1482 3
      vertex -20.3065 32.1482 0
    endloop
  endfacet
  facet normal -0.99904 -0.0438175 0
    outer loop
      vertex -20.3065 32.1482 3
      vertex -20.3 32 0
      vertex -20.3 32 3
    endloop
  endfacet
  facet normal -0.79315 0.609026 0
    outer loop
      vertex -20.6977 30.9073 0
      vertex -20.6074 31.0249 3
      vertex -20.6074 31.0249 0
    endloop
  endfacet
  facet normal -0.79315 0.609026 0
    outer loop
      vertex -20.6074 31.0249 3
      vertex -20.6977 30.9073 0
      vertex -20.6977 30.9073 3
    endloop
  endfacet
  facet normal -0.79315 -0.609026 0
    outer loop
      vertex -20.6074 32.9751 0
      vertex -20.6977 33.0927 3
      vertex -20.6977 33.0927 0
    endloop
  endfacet
  facet normal -0.79315 -0.609026 0
    outer loop
      vertex -20.6977 33.0927 3
      vertex -20.6074 32.9751 0
      vertex -20.6074 32.9751 3
    endloop
  endfacet
  facet normal -0.300809 -0.953685 0
    outer loop
      vertex -21.56 33.6421 0
      vertex -21.4186 33.5975 3
      vertex -21.56 33.6421 3
    endloop
  endfacet
  facet normal -0.300809 -0.953685 -0
    outer loop
      vertex -21.4186 33.5975 3
      vertex -21.56 33.6421 0
      vertex -21.4186 33.5975 0
    endloop
  endfacet
  facet normal 0.130175 -0.991491 0
    outer loop
      vertex -22.2952 33.6742 0
      vertex -22.1482 33.6935 3
      vertex -22.2952 33.6742 3
    endloop
  endfacet
  facet normal 0.130175 -0.991491 0
    outer loop
      vertex -22.1482 33.6935 3
      vertex -22.2952 33.6742 0
      vertex -22.1482 33.6935 0
    endloop
  endfacet
  facet normal -0.99904 0.0438175 0
    outer loop
      vertex -20.3065 31.8518 0
      vertex -20.3 32 3
      vertex -20.3 32 0
    endloop
  endfacet
  facet normal -0.99904 0.0438175 0
    outer loop
      vertex -20.3 32 3
      vertex -20.3065 31.8518 0
      vertex -20.3065 31.8518 3
    endloop
  endfacet
  facet normal -0.675419 -0.737434 0
    outer loop
      vertex -20.9073 33.3023 0
      vertex -20.7979 33.2021 3
      vertex -20.9073 33.3023 3
    endloop
  endfacet
  facet normal -0.675419 -0.737434 -0
    outer loop
      vertex -20.7979 33.2021 3
      vertex -20.9073 33.3023 0
      vertex -20.7979 33.2021 0
    endloop
  endfacet
  facet normal 0.991491 0.130175 0
    outer loop
      vertex -23.6742 31.7048 3
      vertex -23.6935 31.8518 0
      vertex -23.6935 31.8518 3
    endloop
  endfacet
  facet normal 0.991491 0.130175 0
    outer loop
      vertex -23.6935 31.8518 0
      vertex -23.6742 31.7048 3
      vertex -23.6742 31.7048 0
    endloop
  endfacet
  facet normal 0.886885 -0.46199 0
    outer loop
      vertex -23.5407 32.7185 3
      vertex -23.4722 32.85 0
      vertex -23.4722 32.85 3
    endloop
  endfacet
  facet normal 0.886885 -0.46199 0
    outer loop
      vertex -23.4722 32.85 0
      vertex -23.5407 32.7185 3
      vertex -23.5407 32.7185 0
    endloop
  endfacet
  facet normal -0.976298 -0.216431 0
    outer loop
      vertex -20.3258 32.2952 0
      vertex -20.3579 32.44 3
      vertex -20.3579 32.44 0
    endloop
  endfacet
  facet normal -0.976298 -0.216431 0
    outer loop
      vertex -20.3579 32.44 3
      vertex -20.3258 32.2952 0
      vertex -20.3258 32.2952 3
    endloop
  endfacet
  facet normal -0.923853 0.382749 0
    outer loop
      vertex -20.4593 31.2815 0
      vertex -20.4025 31.4186 3
      vertex -20.4025 31.4186 0
    endloop
  endfacet
  facet normal -0.923853 0.382749 0
    outer loop
      vertex -20.4025 31.4186 3
      vertex -20.4593 31.2815 0
      vertex -20.4593 31.2815 3
    endloop
  endfacet
  facet normal 0.737434 -0.675419 0
    outer loop
      vertex -23.3023 33.0927 3
      vertex -23.2021 33.2021 0
      vertex -23.2021 33.2021 3
    endloop
  endfacet
  facet normal 0.737434 -0.675419 0
    outer loop
      vertex -23.2021 33.2021 0
      vertex -23.3023 33.0927 3
      vertex -23.3023 33.0927 0
    endloop
  endfacet
  facet normal -0.46199 0.886885 0
    outer loop
      vertex -21.15 30.5278 0
      vertex -21.2815 30.4593 3
      vertex -21.15 30.5278 3
    endloop
  endfacet
  facet normal -0.46199 0.886885 0
    outer loop
      vertex -21.2815 30.4593 3
      vertex -21.15 30.5278 0
      vertex -21.2815 30.4593 0
    endloop
  endfacet
  facet normal 0.0438175 0.99904 -0
    outer loop
      vertex -22 30.3 0
      vertex -22.1482 30.3065 3
      vertex -22 30.3 3
    endloop
  endfacet
  facet normal 0.0438175 0.99904 0
    outer loop
      vertex -22.1482 30.3065 3
      vertex -22 30.3 0
      vertex -22.1482 30.3065 0
    endloop
  endfacet
  facet normal -0.382749 0.923853 0
    outer loop
      vertex -21.2815 30.4593 0
      vertex -21.4186 30.4025 3
      vertex -21.2815 30.4593 3
    endloop
  endfacet
  facet normal -0.382749 0.923853 0
    outer loop
      vertex -21.4186 30.4025 3
      vertex -21.2815 30.4593 0
      vertex -21.4186 30.4025 0
    endloop
  endfacet
  facet normal 0.953685 -0.300809 0
    outer loop
      vertex -23.6421 32.44 3
      vertex -23.5975 32.5814 0
      vertex -23.5975 32.5814 3
    endloop
  endfacet
  facet normal 0.953685 -0.300809 0
    outer loop
      vertex -23.5975 32.5814 0
      vertex -23.6421 32.44 3
      vertex -23.6421 32.44 0
    endloop
  endfacet
  facet normal -0.0438175 -0.99904 0
    outer loop
      vertex -22 33.7 0
      vertex -21.8518 33.6935 3
      vertex -22 33.7 3
    endloop
  endfacet
  facet normal -0.0438175 -0.99904 -0
    outer loop
      vertex -21.8518 33.6935 3
      vertex -22 33.7 0
      vertex -21.8518 33.6935 0
    endloop
  endfacet
  facet normal 0.300809 0.953685 -0
    outer loop
      vertex -22.44 30.3579 0
      vertex -22.5814 30.4025 3
      vertex -22.44 30.3579 3
    endloop
  endfacet
  facet normal 0.300809 0.953685 0
    outer loop
      vertex -22.5814 30.4025 3
      vertex -22.44 30.3579 0
      vertex -22.5814 30.4025 0
    endloop
  endfacet
  facet normal 0.923853 -0.382749 0
    outer loop
      vertex -23.5975 32.5814 3
      vertex -23.5407 32.7185 0
      vertex -23.5407 32.7185 3
    endloop
  endfacet
  facet normal 0.923853 -0.382749 0
    outer loop
      vertex -23.5407 32.7185 0
      vertex -23.5975 32.5814 3
      vertex -23.5975 32.5814 0
    endloop
  endfacet
  facet normal -0.536832 0.843689 0
    outer loop
      vertex -21.0249 30.6074 0
      vertex -21.15 30.5278 3
      vertex -21.0249 30.6074 3
    endloop
  endfacet
  facet normal -0.536832 0.843689 0
    outer loop
      vertex -21.15 30.5278 3
      vertex -21.0249 30.6074 0
      vertex -21.15 30.5278 0
    endloop
  endfacet
  facet normal -0.536832 -0.843689 0
    outer loop
      vertex -21.15 33.4722 0
      vertex -21.0249 33.3926 3
      vertex -21.15 33.4722 3
    endloop
  endfacet
  facet normal -0.536832 -0.843689 -0
    outer loop
      vertex -21.0249 33.3926 3
      vertex -21.15 33.4722 0
      vertex -21.0249 33.3926 0
    endloop
  endfacet
  facet normal 0.216431 -0.976298 0
    outer loop
      vertex -22.44 33.6421 0
      vertex -22.2952 33.6742 3
      vertex -22.44 33.6421 3
    endloop
  endfacet
  facet normal 0.216431 -0.976298 0
    outer loop
      vertex -22.2952 33.6742 3
      vertex -22.44 33.6421 0
      vertex -22.2952 33.6742 0
    endloop
  endfacet
  facet normal 0.79315 0.609026 0
    outer loop
      vertex -23.3023 30.9073 3
      vertex -23.3926 31.0249 0
      vertex -23.3926 31.0249 3
    endloop
  endfacet
  facet normal 0.79315 0.609026 0
    outer loop
      vertex -23.3926 31.0249 0
      vertex -23.3023 30.9073 3
      vertex -23.3023 30.9073 0
    endloop
  endfacet
  facet normal -0.976298 0.216431 0
    outer loop
      vertex -20.3579 31.56 0
      vertex -20.3258 31.7048 3
      vertex -20.3258 31.7048 0
    endloop
  endfacet
  facet normal -0.976298 0.216431 0
    outer loop
      vertex -20.3258 31.7048 3
      vertex -20.3579 31.56 0
      vertex -20.3579 31.56 3
    endloop
  endfacet
  facet normal -0.953685 0.300809 0
    outer loop
      vertex -20.4025 31.4186 0
      vertex -20.3579 31.56 3
      vertex -20.3579 31.56 0
    endloop
  endfacet
  facet normal -0.953685 0.300809 0
    outer loop
      vertex -20.3579 31.56 3
      vertex -20.4025 31.4186 0
      vertex -20.4025 31.4186 3
    endloop
  endfacet
  facet normal 0.991491 -0.130175 0
    outer loop
      vertex -23.6935 32.1482 3
      vertex -23.6742 32.2952 0
      vertex -23.6742 32.2952 3
    endloop
  endfacet
  facet normal 0.991491 -0.130175 0
    outer loop
      vertex -23.6742 32.2952 0
      vertex -23.6935 32.1482 3
      vertex -23.6935 32.1482 0
    endloop
  endfacet
  facet normal -0.0438175 0.99904 0
    outer loop
      vertex -21.8518 30.3065 0
      vertex -22 30.3 3
      vertex -21.8518 30.3065 3
    endloop
  endfacet
  facet normal -0.0438175 0.99904 0
    outer loop
      vertex -22 30.3 3
      vertex -21.8518 30.3065 0
      vertex -22 30.3 0
    endloop
  endfacet
  facet normal -0.609026 -0.79315 0
    outer loop
      vertex -21.0249 33.3926 0
      vertex -20.9073 33.3023 3
      vertex -21.0249 33.3926 3
    endloop
  endfacet
  facet normal -0.609026 -0.79315 -0
    outer loop
      vertex -20.9073 33.3023 3
      vertex -21.0249 33.3926 0
      vertex -20.9073 33.3023 0
    endloop
  endfacet
  facet normal 0.609026 0.79315 -0
    outer loop
      vertex -22.9751 30.6074 0
      vertex -23.0927 30.6977 3
      vertex -22.9751 30.6074 3
    endloop
  endfacet
  facet normal 0.609026 0.79315 0
    outer loop
      vertex -23.0927 30.6977 3
      vertex -22.9751 30.6074 0
      vertex -23.0927 30.6977 0
    endloop
  endfacet
  facet normal 0.536832 -0.843689 0
    outer loop
      vertex -22.9751 33.3926 0
      vertex -22.85 33.4722 3
      vertex -22.9751 33.3926 3
    endloop
  endfacet
  facet normal 0.536832 -0.843689 0
    outer loop
      vertex -22.85 33.4722 3
      vertex -22.9751 33.3926 0
      vertex -22.85 33.4722 0
    endloop
  endfacet
  facet normal -0.843689 -0.536832 0
    outer loop
      vertex -20.5278 32.85 0
      vertex -20.6074 32.9751 3
      vertex -20.6074 32.9751 0
    endloop
  endfacet
  facet normal -0.843689 -0.536832 0
    outer loop
      vertex -20.6074 32.9751 3
      vertex -20.5278 32.85 0
      vertex -20.5278 32.85 3
    endloop
  endfacet
  facet normal 0.99904 -0.0438175 0
    outer loop
      vertex -23.7 32 3
      vertex -23.6935 32.1482 0
      vertex -23.6935 32.1482 3
    endloop
  endfacet
  facet normal 0.99904 -0.0438175 0
    outer loop
      vertex -23.6935 32.1482 0
      vertex -23.7 32 3
      vertex -23.7 32 0
    endloop
  endfacet
  facet normal 0.976298 -0.216431 0
    outer loop
      vertex -23.6742 32.2952 3
      vertex -23.6421 32.44 0
      vertex -23.6421 32.44 3
    endloop
  endfacet
  facet normal 0.976298 -0.216431 0
    outer loop
      vertex -23.6421 32.44 0
      vertex -23.6742 32.2952 3
      vertex -23.6742 32.2952 0
    endloop
  endfacet
  facet normal 0.737434 0.675419 0
    outer loop
      vertex -23.2021 30.7979 3
      vertex -23.3023 30.9073 0
      vertex -23.3023 30.9073 3
    endloop
  endfacet
  facet normal 0.737434 0.675419 0
    outer loop
      vertex -23.3023 30.9073 0
      vertex -23.2021 30.7979 3
      vertex -23.2021 30.7979 0
    endloop
  endfacet
  facet normal 0.79315 -0.609026 0
    outer loop
      vertex -23.3926 32.9751 3
      vertex -23.3023 33.0927 0
      vertex -23.3023 33.0927 3
    endloop
  endfacet
  facet normal 0.79315 -0.609026 0
    outer loop
      vertex -23.3023 33.0927 0
      vertex -23.3926 32.9751 3
      vertex -23.3926 32.9751 0
    endloop
  endfacet
  facet normal -0.216431 -0.976298 0
    outer loop
      vertex -21.7048 33.6742 0
      vertex -21.56 33.6421 3
      vertex -21.7048 33.6742 3
    endloop
  endfacet
  facet normal -0.216431 -0.976298 -0
    outer loop
      vertex -21.56 33.6421 3
      vertex -21.7048 33.6742 0
      vertex -21.56 33.6421 0
    endloop
  endfacet
  facet normal 0.843689 -0.536832 0
    outer loop
      vertex -23.4722 32.85 3
      vertex -23.3926 32.9751 0
      vertex -23.3926 32.9751 3
    endloop
  endfacet
  facet normal 0.843689 -0.536832 0
    outer loop
      vertex -23.3926 32.9751 0
      vertex -23.4722 32.85 3
      vertex -23.4722 32.85 0
    endloop
  endfacet
  facet normal 0.130175 0.991491 -0
    outer loop
      vertex -22.1482 30.3065 0
      vertex -22.2952 30.3258 3
      vertex -22.1482 30.3065 3
    endloop
  endfacet
  facet normal 0.130175 0.991491 0
    outer loop
      vertex -22.2952 30.3258 3
      vertex -22.1482 30.3065 0
      vertex -22.2952 30.3258 0
    endloop
  endfacet
  facet normal 0.382749 0.923853 -0
    outer loop
      vertex -22.5814 30.4025 0
      vertex -22.7185 30.4593 3
      vertex -22.5814 30.4025 3
    endloop
  endfacet
  facet normal 0.382749 0.923853 0
    outer loop
      vertex -22.7185 30.4593 3
      vertex -22.5814 30.4025 0
      vertex -22.7185 30.4593 0
    endloop
  endfacet
  facet normal 0.382749 -0.923853 0
    outer loop
      vertex -22.7185 33.5407 0
      vertex -22.5814 33.5975 3
      vertex -22.7185 33.5407 3
    endloop
  endfacet
  facet normal 0.382749 -0.923853 0
    outer loop
      vertex -22.5814 33.5975 3
      vertex -22.7185 33.5407 0
      vertex -22.5814 33.5975 0
    endloop
  endfacet
  facet normal -0.216431 0.976298 0
    outer loop
      vertex -21.56 30.3579 0
      vertex -21.7048 30.3258 3
      vertex -21.56 30.3579 3
    endloop
  endfacet
  facet normal -0.216431 0.976298 0
    outer loop
      vertex -21.7048 30.3258 3
      vertex -21.56 30.3579 0
      vertex -21.7048 30.3258 0
    endloop
  endfacet
  facet normal -0.300809 0.953685 0
    outer loop
      vertex -21.4186 30.4025 0
      vertex -21.56 30.3579 3
      vertex -21.4186 30.4025 3
    endloop
  endfacet
  facet normal -0.300809 0.953685 0
    outer loop
      vertex -21.56 30.3579 3
      vertex -21.4186 30.4025 0
      vertex -21.56 30.3579 0
    endloop
  endfacet
  facet normal 0.675419 -0.737434 0
    outer loop
      vertex -23.2021 33.2021 0
      vertex -23.0927 33.3023 3
      vertex -23.2021 33.2021 3
    endloop
  endfacet
  facet normal 0.675419 -0.737434 0
    outer loop
      vertex -23.0927 33.3023 3
      vertex -23.2021 33.2021 0
      vertex -23.0927 33.3023 0
    endloop
  endfacet
  facet normal -0.737434 0.675419 0
    outer loop
      vertex -20.7979 30.7979 0
      vertex -20.6977 30.9073 3
      vertex -20.6977 30.9073 0
    endloop
  endfacet
  facet normal -0.737434 0.675419 0
    outer loop
      vertex -20.6977 30.9073 3
      vertex -20.7979 30.7979 0
      vertex -20.7979 30.7979 3
    endloop
  endfacet
  facet normal 0.609026 -0.79315 0
    outer loop
      vertex -23.0927 33.3023 0
      vertex -22.9751 33.3926 3
      vertex -23.0927 33.3023 3
    endloop
  endfacet
  facet normal 0.609026 -0.79315 0
    outer loop
      vertex -22.9751 33.3926 3
      vertex -23.0927 33.3023 0
      vertex -22.9751 33.3926 0
    endloop
  endfacet
  facet normal -0.130175 -0.991491 0
    outer loop
      vertex -21.8518 33.6935 0
      vertex -21.7048 33.6742 3
      vertex -21.8518 33.6935 3
    endloop
  endfacet
  facet normal -0.130175 -0.991491 -0
    outer loop
      vertex -21.7048 33.6742 3
      vertex -21.8518 33.6935 0
      vertex -21.7048 33.6742 0
    endloop
  endfacet
  facet normal 0.843689 0.536832 0
    outer loop
      vertex -23.3926 31.0249 3
      vertex -23.4722 31.15 0
      vertex -23.4722 31.15 3
    endloop
  endfacet
  facet normal 0.843689 0.536832 0
    outer loop
      vertex -23.4722 31.15 0
      vertex -23.3926 31.0249 3
      vertex -23.3926 31.0249 0
    endloop
  endfacet
  facet normal -0.675419 0.737434 0
    outer loop
      vertex -20.7979 30.7979 0
      vertex -20.9073 30.6977 3
      vertex -20.7979 30.7979 3
    endloop
  endfacet
  facet normal -0.675419 0.737434 0
    outer loop
      vertex -20.9073 30.6977 3
      vertex -20.7979 30.7979 0
      vertex -20.9073 30.6977 0
    endloop
  endfacet
  facet normal -0.79315 0.609026 0
    outer loop
      vertex 23.3023 -33.0927 0
      vertex 23.3926 -32.9751 3
      vertex 23.3926 -32.9751 0
    endloop
  endfacet
  facet normal -0.79315 0.609026 0
    outer loop
      vertex 23.3926 -32.9751 3
      vertex 23.3023 -33.0927 0
      vertex 23.3023 -33.0927 3
    endloop
  endfacet
  facet normal -0.953685 0.300809 0
    outer loop
      vertex 23.5975 -32.5814 0
      vertex 23.6421 -32.44 3
      vertex 23.6421 -32.44 0
    endloop
  endfacet
  facet normal -0.953685 0.300809 0
    outer loop
      vertex 23.6421 -32.44 3
      vertex 23.5975 -32.5814 0
      vertex 23.5975 -32.5814 3
    endloop
  endfacet
  facet normal -0.991491 -0.130175 0
    outer loop
      vertex 23.6935 -31.8518 0
      vertex 23.6742 -31.7048 3
      vertex 23.6742 -31.7048 0
    endloop
  endfacet
  facet normal -0.991491 -0.130175 0
    outer loop
      vertex 23.6742 -31.7048 3
      vertex 23.6935 -31.8518 0
      vertex 23.6935 -31.8518 3
    endloop
  endfacet
  facet normal -0.609026 0.79315 0
    outer loop
      vertex 23.0927 -33.3023 0
      vertex 22.9751 -33.3926 3
      vertex 23.0927 -33.3023 3
    endloop
  endfacet
  facet normal -0.609026 0.79315 0
    outer loop
      vertex 22.9751 -33.3926 3
      vertex 23.0927 -33.3023 0
      vertex 22.9751 -33.3926 0
    endloop
  endfacet
  facet normal 0.737434 -0.675419 0
    outer loop
      vertex 20.6977 -30.9073 3
      vertex 20.7979 -30.7979 0
      vertex 20.7979 -30.7979 3
    endloop
  endfacet
  facet normal 0.737434 -0.675419 0
    outer loop
      vertex 20.7979 -30.7979 0
      vertex 20.6977 -30.9073 3
      vertex 20.6977 -30.9073 0
    endloop
  endfacet
  facet normal -0.216431 -0.976298 0
    outer loop
      vertex 22.2952 -30.3258 0
      vertex 22.44 -30.3579 3
      vertex 22.2952 -30.3258 3
    endloop
  endfacet
  facet normal -0.216431 -0.976298 -0
    outer loop
      vertex 22.44 -30.3579 3
      vertex 22.2952 -30.3258 0
      vertex 22.44 -30.3579 0
    endloop
  endfacet
  facet normal 0.382749 -0.923853 0
    outer loop
      vertex 21.2815 -30.4593 0
      vertex 21.4186 -30.4025 3
      vertex 21.2815 -30.4593 3
    endloop
  endfacet
  facet normal 0.382749 -0.923853 0
    outer loop
      vertex 21.4186 -30.4025 3
      vertex 21.2815 -30.4593 0
      vertex 21.4186 -30.4025 0
    endloop
  endfacet
  facet normal -0.923853 -0.382749 0
    outer loop
      vertex 23.5975 -31.4186 0
      vertex 23.5407 -31.2815 3
      vertex 23.5407 -31.2815 0
    endloop
  endfacet
  facet normal -0.923853 -0.382749 0
    outer loop
      vertex 23.5407 -31.2815 3
      vertex 23.5975 -31.4186 0
      vertex 23.5975 -31.4186 3
    endloop
  endfacet
  facet normal -0.737434 0.675419 0
    outer loop
      vertex 23.2021 -33.2021 0
      vertex 23.3023 -33.0927 3
      vertex 23.3023 -33.0927 0
    endloop
  endfacet
  facet normal -0.737434 0.675419 0
    outer loop
      vertex 23.3023 -33.0927 3
      vertex 23.2021 -33.2021 0
      vertex 23.2021 -33.2021 3
    endloop
  endfacet
  facet normal -0.609026 -0.79315 0
    outer loop
      vertex 22.9751 -30.6074 0
      vertex 23.0927 -30.6977 3
      vertex 22.9751 -30.6074 3
    endloop
  endfacet
  facet normal -0.609026 -0.79315 -0
    outer loop
      vertex 23.0927 -30.6977 3
      vertex 22.9751 -30.6074 0
      vertex 23.0927 -30.6977 0
    endloop
  endfacet
  facet normal -0.300809 0.953685 0
    outer loop
      vertex 22.5814 -33.5975 0
      vertex 22.44 -33.6421 3
      vertex 22.5814 -33.5975 3
    endloop
  endfacet
  facet normal -0.300809 0.953685 0
    outer loop
      vertex 22.44 -33.6421 3
      vertex 22.5814 -33.5975 0
      vertex 22.44 -33.6421 0
    endloop
  endfacet
  facet normal -0.886885 0.46199 0
    outer loop
      vertex 23.4722 -32.85 0
      vertex 23.5407 -32.7185 3
      vertex 23.5407 -32.7185 0
    endloop
  endfacet
  facet normal -0.886885 0.46199 0
    outer loop
      vertex 23.5407 -32.7185 3
      vertex 23.4722 -32.85 0
      vertex 23.4722 -32.85 3
    endloop
  endfacet
  facet normal 0.216431 -0.976298 0
    outer loop
      vertex 21.56 -30.3579 0
      vertex 21.7048 -30.3258 3
      vertex 21.56 -30.3579 3
    endloop
  endfacet
  facet normal 0.216431 -0.976298 0
    outer loop
      vertex 21.7048 -30.3258 3
      vertex 21.56 -30.3579 0
      vertex 21.7048 -30.3258 0
    endloop
  endfacet
  facet normal 0.923853 0.382749 0
    outer loop
      vertex 20.4593 -32.7185 3
      vertex 20.4025 -32.5814 0
      vertex 20.4025 -32.5814 3
    endloop
  endfacet
  facet normal 0.923853 0.382749 0
    outer loop
      vertex 20.4025 -32.5814 0
      vertex 20.4593 -32.7185 3
      vertex 20.4593 -32.7185 0
    endloop
  endfacet
  facet normal -0.843689 -0.536832 0
    outer loop
      vertex 23.4722 -31.15 0
      vertex 23.3926 -31.0249 3
      vertex 23.3926 -31.0249 0
    endloop
  endfacet
  facet normal -0.843689 -0.536832 0
    outer loop
      vertex 23.3926 -31.0249 3
      vertex 23.4722 -31.15 0
      vertex 23.4722 -31.15 3
    endloop
  endfacet
  facet normal -0.46199 -0.886885 0
    outer loop
      vertex 22.7185 -30.4593 0
      vertex 22.85 -30.5278 3
      vertex 22.7185 -30.4593 3
    endloop
  endfacet
  facet normal -0.46199 -0.886885 -0
    outer loop
      vertex 22.85 -30.5278 3
      vertex 22.7185 -30.4593 0
      vertex 22.85 -30.5278 0
    endloop
  endfacet
  facet normal 0.99904 -0.0438175 0
    outer loop
      vertex 20.3 -32 3
      vertex 20.3065 -31.8518 0
      vertex 20.3065 -31.8518 3
    endloop
  endfacet
  facet normal 0.99904 -0.0438175 0
    outer loop
      vertex 20.3065 -31.8518 0
      vertex 20.3 -32 3
      vertex 20.3 -32 0
    endloop
  endfacet
  facet normal 0.382749 0.923853 -0
    outer loop
      vertex 21.4186 -33.5975 0
      vertex 21.2815 -33.5407 3
      vertex 21.4186 -33.5975 3
    endloop
  endfacet
  facet normal 0.382749 0.923853 0
    outer loop
      vertex 21.2815 -33.5407 3
      vertex 21.4186 -33.5975 0
      vertex 21.2815 -33.5407 0
    endloop
  endfacet
  facet normal -0.99904 -0.0438175 0
    outer loop
      vertex 23.7 -32 0
      vertex 23.6935 -31.8518 3
      vertex 23.6935 -31.8518 0
    endloop
  endfacet
  facet normal -0.99904 -0.0438175 0
    outer loop
      vertex 23.6935 -31.8518 3
      vertex 23.7 -32 0
      vertex 23.7 -32 3
    endloop
  endfacet
  facet normal 0.300809 0.953685 -0
    outer loop
      vertex 21.56 -33.6421 0
      vertex 21.4186 -33.5975 3
      vertex 21.56 -33.6421 3
    endloop
  endfacet
  facet normal 0.300809 0.953685 0
    outer loop
      vertex 21.4186 -33.5975 3
      vertex 21.56 -33.6421 0
      vertex 21.4186 -33.5975 0
    endloop
  endfacet
  facet normal -0.99904 0.0438175 0
    outer loop
      vertex 23.6935 -32.1482 0
      vertex 23.7 -32 3
      vertex 23.7 -32 0
    endloop
  endfacet
  facet normal -0.99904 0.0438175 0
    outer loop
      vertex 23.7 -32 3
      vertex 23.6935 -32.1482 0
      vertex 23.6935 -32.1482 3
    endloop
  endfacet
  facet normal 0.536832 0.843689 -0
    outer loop
      vertex 21.15 -33.4722 0
      vertex 21.0249 -33.3926 3
      vertex 21.15 -33.4722 3
    endloop
  endfacet
  facet normal 0.536832 0.843689 0
    outer loop
      vertex 21.0249 -33.3926 3
      vertex 21.15 -33.4722 0
      vertex 21.0249 -33.3926 0
    endloop
  endfacet
  facet normal -0.976298 -0.216431 0
    outer loop
      vertex 23.6742 -31.7048 0
      vertex 23.6421 -31.56 3
      vertex 23.6421 -31.56 0
    endloop
  endfacet
  facet normal -0.976298 -0.216431 0
    outer loop
      vertex 23.6421 -31.56 3
      vertex 23.6742 -31.7048 0
      vertex 23.6742 -31.7048 3
    endloop
  endfacet
  facet normal 0.79315 0.609026 0
    outer loop
      vertex 20.6977 -33.0927 3
      vertex 20.6074 -32.9751 0
      vertex 20.6074 -32.9751 3
    endloop
  endfacet
  facet normal 0.79315 0.609026 0
    outer loop
      vertex 20.6074 -32.9751 0
      vertex 20.6977 -33.0927 3
      vertex 20.6977 -33.0927 0
    endloop
  endfacet
  facet normal 0.886885 0.46199 0
    outer loop
      vertex 20.5278 -32.85 3
      vertex 20.4593 -32.7185 0
      vertex 20.4593 -32.7185 3
    endloop
  endfacet
  facet normal 0.886885 0.46199 0
    outer loop
      vertex 20.4593 -32.7185 0
      vertex 20.5278 -32.85 3
      vertex 20.5278 -32.85 0
    endloop
  endfacet
  facet normal 0.46199 0.886885 -0
    outer loop
      vertex 21.2815 -33.5407 0
      vertex 21.15 -33.4722 3
      vertex 21.2815 -33.5407 3
    endloop
  endfacet
  facet normal 0.46199 0.886885 0
    outer loop
      vertex 21.15 -33.4722 3
      vertex 21.2815 -33.5407 0
      vertex 21.15 -33.4722 0
    endloop
  endfacet
  facet normal 0.675419 -0.737434 0
    outer loop
      vertex 20.7979 -30.7979 0
      vertex 20.9073 -30.6977 3
      vertex 20.7979 -30.7979 3
    endloop
  endfacet
  facet normal 0.675419 -0.737434 0
    outer loop
      vertex 20.9073 -30.6977 3
      vertex 20.7979 -30.7979 0
      vertex 20.9073 -30.6977 0
    endloop
  endfacet
  facet normal 0.976298 0.216431 0
    outer loop
      vertex 20.3579 -32.44 3
      vertex 20.3258 -32.2952 0
      vertex 20.3258 -32.2952 3
    endloop
  endfacet
  facet normal 0.976298 0.216431 0
    outer loop
      vertex 20.3258 -32.2952 0
      vertex 20.3579 -32.44 3
      vertex 20.3579 -32.44 0
    endloop
  endfacet
  facet normal -0.536832 0.843689 0
    outer loop
      vertex 22.9751 -33.3926 0
      vertex 22.85 -33.4722 3
      vertex 22.9751 -33.3926 3
    endloop
  endfacet
  facet normal -0.536832 0.843689 0
    outer loop
      vertex 22.85 -33.4722 3
      vertex 22.9751 -33.3926 0
      vertex 22.85 -33.4722 0
    endloop
  endfacet
  facet normal -0.923853 0.382749 0
    outer loop
      vertex 23.5407 -32.7185 0
      vertex 23.5975 -32.5814 3
      vertex 23.5975 -32.5814 0
    endloop
  endfacet
  facet normal -0.923853 0.382749 0
    outer loop
      vertex 23.5975 -32.5814 3
      vertex 23.5407 -32.7185 0
      vertex 23.5407 -32.7185 3
    endloop
  endfacet
  facet normal -0.79315 -0.609026 0
    outer loop
      vertex 23.3926 -31.0249 0
      vertex 23.3023 -30.9073 3
      vertex 23.3023 -30.9073 0
    endloop
  endfacet
  facet normal -0.79315 -0.609026 0
    outer loop
      vertex 23.3023 -30.9073 3
      vertex 23.3926 -31.0249 0
      vertex 23.3926 -31.0249 3
    endloop
  endfacet
  facet normal -0.216431 0.976298 0
    outer loop
      vertex 22.44 -33.6421 0
      vertex 22.2952 -33.6742 3
      vertex 22.44 -33.6421 3
    endloop
  endfacet
  facet normal -0.216431 0.976298 0
    outer loop
      vertex 22.2952 -33.6742 3
      vertex 22.44 -33.6421 0
      vertex 22.2952 -33.6742 0
    endloop
  endfacet
  facet normal 0.737434 0.675419 0
    outer loop
      vertex 20.7979 -33.2021 3
      vertex 20.6977 -33.0927 0
      vertex 20.6977 -33.0927 3
    endloop
  endfacet
  facet normal 0.737434 0.675419 0
    outer loop
      vertex 20.6977 -33.0927 0
      vertex 20.7979 -33.2021 3
      vertex 20.7979 -33.2021 0
    endloop
  endfacet
  facet normal 0.216431 0.976298 -0
    outer loop
      vertex 21.7048 -33.6742 0
      vertex 21.56 -33.6421 3
      vertex 21.7048 -33.6742 3
    endloop
  endfacet
  facet normal 0.216431 0.976298 0
    outer loop
      vertex 21.56 -33.6421 3
      vertex 21.7048 -33.6742 0
      vertex 21.56 -33.6421 0
    endloop
  endfacet
  facet normal 0.79315 -0.609026 0
    outer loop
      vertex 20.6074 -31.0249 3
      vertex 20.6977 -30.9073 0
      vertex 20.6977 -30.9073 3
    endloop
  endfacet
  facet normal 0.79315 -0.609026 0
    outer loop
      vertex 20.6977 -30.9073 0
      vertex 20.6074 -31.0249 3
      vertex 20.6074 -31.0249 0
    endloop
  endfacet
  facet normal -0.953685 -0.300809 0
    outer loop
      vertex 23.6421 -31.56 0
      vertex 23.5975 -31.4186 3
      vertex 23.5975 -31.4186 0
    endloop
  endfacet
  facet normal -0.953685 -0.300809 0
    outer loop
      vertex 23.5975 -31.4186 3
      vertex 23.6421 -31.56 0
      vertex 23.6421 -31.56 3
    endloop
  endfacet
  facet normal 0.130175 -0.991491 0
    outer loop
      vertex 21.7048 -30.3258 0
      vertex 21.8518 -30.3065 3
      vertex 21.7048 -30.3258 3
    endloop
  endfacet
  facet normal 0.130175 -0.991491 0
    outer loop
      vertex 21.8518 -30.3065 3
      vertex 21.7048 -30.3258 0
      vertex 21.8518 -30.3065 0
    endloop
  endfacet
  facet normal 0.0438175 0.99904 -0
    outer loop
      vertex 22 -33.7 0
      vertex 21.8518 -33.6935 3
      vertex 22 -33.7 3
    endloop
  endfacet
  facet normal 0.0438175 0.99904 0
    outer loop
      vertex 21.8518 -33.6935 3
      vertex 22 -33.7 0
      vertex 21.8518 -33.6935 0
    endloop
  endfacet
  facet normal 0.953685 -0.300809 0
    outer loop
      vertex 20.3579 -31.56 3
      vertex 20.4025 -31.4186 0
      vertex 20.4025 -31.4186 3
    endloop
  endfacet
  facet normal 0.953685 -0.300809 0
    outer loop
      vertex 20.4025 -31.4186 0
      vertex 20.3579 -31.56 3
      vertex 20.3579 -31.56 0
    endloop
  endfacet
  facet normal -0.843689 0.536832 0
    outer loop
      vertex 23.3926 -32.9751 0
      vertex 23.4722 -32.85 3
      vertex 23.4722 -32.85 0
    endloop
  endfacet
  facet normal -0.843689 0.536832 0
    outer loop
      vertex 23.4722 -32.85 3
      vertex 23.3926 -32.9751 0
      vertex 23.3926 -32.9751 3
    endloop
  endfacet
  facet normal 0.991491 0.130175 0
    outer loop
      vertex 20.3258 -32.2952 3
      vertex 20.3065 -32.1482 0
      vertex 20.3065 -32.1482 3
    endloop
  endfacet
  facet normal 0.991491 0.130175 0
    outer loop
      vertex 20.3065 -32.1482 0
      vertex 20.3258 -32.2952 3
      vertex 20.3258 -32.2952 0
    endloop
  endfacet
  facet normal -0.675419 -0.737434 0
    outer loop
      vertex 23.0927 -30.6977 0
      vertex 23.2021 -30.7979 3
      vertex 23.0927 -30.6977 3
    endloop
  endfacet
  facet normal -0.675419 -0.737434 -0
    outer loop
      vertex 23.2021 -30.7979 3
      vertex 23.0927 -30.6977 0
      vertex 23.2021 -30.7979 0
    endloop
  endfacet
  facet normal -0.886885 -0.46199 0
    outer loop
      vertex 23.5407 -31.2815 0
      vertex 23.4722 -31.15 3
      vertex 23.4722 -31.15 0
    endloop
  endfacet
  facet normal -0.886885 -0.46199 0
    outer loop
      vertex 23.4722 -31.15 3
      vertex 23.5407 -31.2815 0
      vertex 23.5407 -31.2815 3
    endloop
  endfacet
  facet normal -0.0438175 0.99904 0
    outer loop
      vertex 22.1482 -33.6935 0
      vertex 22 -33.7 3
      vertex 22.1482 -33.6935 3
    endloop
  endfacet
  facet normal -0.0438175 0.99904 0
    outer loop
      vertex 22 -33.7 3
      vertex 22.1482 -33.6935 0
      vertex 22 -33.7 0
    endloop
  endfacet
  facet normal -0.991491 0.130175 0
    outer loop
      vertex 23.6742 -32.2952 0
      vertex 23.6935 -32.1482 3
      vertex 23.6935 -32.1482 0
    endloop
  endfacet
  facet normal -0.991491 0.130175 0
    outer loop
      vertex 23.6935 -32.1482 3
      vertex 23.6742 -32.2952 0
      vertex 23.6742 -32.2952 3
    endloop
  endfacet
  facet normal -0.737434 -0.675419 0
    outer loop
      vertex 23.3023 -30.9073 0
      vertex 23.2021 -30.7979 3
      vertex 23.2021 -30.7979 0
    endloop
  endfacet
  facet normal -0.737434 -0.675419 0
    outer loop
      vertex 23.2021 -30.7979 3
      vertex 23.3023 -30.9073 0
      vertex 23.3023 -30.9073 3
    endloop
  endfacet
  facet normal -0.536832 -0.843689 0
    outer loop
      vertex 22.85 -30.5278 0
      vertex 22.9751 -30.6074 3
      vertex 22.85 -30.5278 3
    endloop
  endfacet
  facet normal -0.536832 -0.843689 -0
    outer loop
      vertex 22.9751 -30.6074 3
      vertex 22.85 -30.5278 0
      vertex 22.9751 -30.6074 0
    endloop
  endfacet
  facet normal 0.609026 -0.79315 0
    outer loop
      vertex 20.9073 -30.6977 0
      vertex 21.0249 -30.6074 3
      vertex 20.9073 -30.6977 3
    endloop
  endfacet
  facet normal 0.609026 -0.79315 0
    outer loop
      vertex 21.0249 -30.6074 3
      vertex 20.9073 -30.6977 0
      vertex 21.0249 -30.6074 0
    endloop
  endfacet
  facet normal -0.382749 -0.923853 0
    outer loop
      vertex 22.5814 -30.4025 0
      vertex 22.7185 -30.4593 3
      vertex 22.5814 -30.4025 3
    endloop
  endfacet
  facet normal -0.382749 -0.923853 -0
    outer loop
      vertex 22.7185 -30.4593 3
      vertex 22.5814 -30.4025 0
      vertex 22.7185 -30.4593 0
    endloop
  endfacet
  facet normal 0.991491 -0.130175 0
    outer loop
      vertex 20.3065 -31.8518 3
      vertex 20.3258 -31.7048 0
      vertex 20.3258 -31.7048 3
    endloop
  endfacet
  facet normal 0.991491 -0.130175 0
    outer loop
      vertex 20.3258 -31.7048 0
      vertex 20.3065 -31.8518 3
      vertex 20.3065 -31.8518 0
    endloop
  endfacet
  facet normal -0.675419 0.737434 0
    outer loop
      vertex 23.2021 -33.2021 0
      vertex 23.0927 -33.3023 3
      vertex 23.2021 -33.2021 3
    endloop
  endfacet
  facet normal -0.675419 0.737434 0
    outer loop
      vertex 23.0927 -33.3023 3
      vertex 23.2021 -33.2021 0
      vertex 23.0927 -33.3023 0
    endloop
  endfacet
  facet normal 0.976298 -0.216431 0
    outer loop
      vertex 20.3258 -31.7048 3
      vertex 20.3579 -31.56 0
      vertex 20.3579 -31.56 3
    endloop
  endfacet
  facet normal 0.976298 -0.216431 0
    outer loop
      vertex 20.3579 -31.56 0
      vertex 20.3258 -31.7048 3
      vertex 20.3258 -31.7048 0
    endloop
  endfacet
  facet normal 0.300809 -0.953685 0
    outer loop
      vertex 21.4186 -30.4025 0
      vertex 21.56 -30.3579 3
      vertex 21.4186 -30.4025 3
    endloop
  endfacet
  facet normal 0.300809 -0.953685 0
    outer loop
      vertex 21.56 -30.3579 3
      vertex 21.4186 -30.4025 0
      vertex 21.56 -30.3579 0
    endloop
  endfacet
  facet normal 0.843689 -0.536832 0
    outer loop
      vertex 20.5278 -31.15 3
      vertex 20.6074 -31.0249 0
      vertex 20.6074 -31.0249 3
    endloop
  endfacet
  facet normal 0.843689 -0.536832 0
    outer loop
      vertex 20.6074 -31.0249 0
      vertex 20.5278 -31.15 3
      vertex 20.5278 -31.15 0
    endloop
  endfacet
  facet normal -0.130175 0.991491 0
    outer loop
      vertex 22.2952 -33.6742 0
      vertex 22.1482 -33.6935 3
      vertex 22.2952 -33.6742 3
    endloop
  endfacet
  facet normal -0.130175 0.991491 0
    outer loop
      vertex 22.1482 -33.6935 3
      vertex 22.2952 -33.6742 0
      vertex 22.1482 -33.6935 0
    endloop
  endfacet
  facet normal -0.976298 0.216431 0
    outer loop
      vertex 23.6421 -32.44 0
      vertex 23.6742 -32.2952 3
      vertex 23.6742 -32.2952 0
    endloop
  endfacet
  facet normal -0.976298 0.216431 0
    outer loop
      vertex 23.6742 -32.2952 3
      vertex 23.6421 -32.44 0
      vertex 23.6421 -32.44 3
    endloop
  endfacet
  facet normal 0.843689 0.536832 0
    outer loop
      vertex 20.6074 -32.9751 3
      vertex 20.5278 -32.85 0
      vertex 20.5278 -32.85 3
    endloop
  endfacet
  facet normal 0.843689 0.536832 0
    outer loop
      vertex 20.5278 -32.85 0
      vertex 20.6074 -32.9751 3
      vertex 20.6074 -32.9751 0
    endloop
  endfacet
  facet normal 0.0438175 -0.99904 0
    outer loop
      vertex 21.8518 -30.3065 0
      vertex 22 -30.3 3
      vertex 21.8518 -30.3065 3
    endloop
  endfacet
  facet normal 0.0438175 -0.99904 0
    outer loop
      vertex 22 -30.3 3
      vertex 21.8518 -30.3065 0
      vertex 22 -30.3 0
    endloop
  endfacet
  facet normal 0.923853 -0.382749 0
    outer loop
      vertex 20.4025 -31.4186 3
      vertex 20.4593 -31.2815 0
      vertex 20.4593 -31.2815 3
    endloop
  endfacet
  facet normal 0.923853 -0.382749 0
    outer loop
      vertex 20.4593 -31.2815 0
      vertex 20.4025 -31.4186 3
      vertex 20.4025 -31.4186 0
    endloop
  endfacet
  facet normal 0.953685 0.300809 0
    outer loop
      vertex 20.4025 -32.5814 3
      vertex 20.3579 -32.44 0
      vertex 20.3579 -32.44 3
    endloop
  endfacet
  facet normal 0.953685 0.300809 0
    outer loop
      vertex 20.3579 -32.44 0
      vertex 20.4025 -32.5814 3
      vertex 20.4025 -32.5814 0
    endloop
  endfacet
  facet normal 0.675419 0.737434 -0
    outer loop
      vertex 20.9073 -33.3023 0
      vertex 20.7979 -33.2021 3
      vertex 20.9073 -33.3023 3
    endloop
  endfacet
  facet normal 0.675419 0.737434 0
    outer loop
      vertex 20.7979 -33.2021 3
      vertex 20.9073 -33.3023 0
      vertex 20.7979 -33.2021 0
    endloop
  endfacet
  facet normal -0.300809 -0.953685 0
    outer loop
      vertex 22.44 -30.3579 0
      vertex 22.5814 -30.4025 3
      vertex 22.44 -30.3579 3
    endloop
  endfacet
  facet normal -0.300809 -0.953685 -0
    outer loop
      vertex 22.5814 -30.4025 3
      vertex 22.44 -30.3579 0
      vertex 22.5814 -30.4025 0
    endloop
  endfacet
  facet normal -0.382749 0.923853 0
    outer loop
      vertex 22.7185 -33.5407 0
      vertex 22.5814 -33.5975 3
      vertex 22.7185 -33.5407 3
    endloop
  endfacet
  facet normal -0.382749 0.923853 0
    outer loop
      vertex 22.5814 -33.5975 3
      vertex 22.7185 -33.5407 0
      vertex 22.5814 -33.5975 0
    endloop
  endfacet
  facet normal -0.46199 0.886885 0
    outer loop
      vertex 22.85 -33.4722 0
      vertex 22.7185 -33.5407 3
      vertex 22.85 -33.4722 3
    endloop
  endfacet
  facet normal -0.46199 0.886885 0
    outer loop
      vertex 22.7185 -33.5407 3
      vertex 22.85 -33.4722 0
      vertex 22.7185 -33.5407 0
    endloop
  endfacet
  facet normal 0.536832 -0.843689 0
    outer loop
      vertex 21.0249 -30.6074 0
      vertex 21.15 -30.5278 3
      vertex 21.0249 -30.6074 3
    endloop
  endfacet
  facet normal 0.536832 -0.843689 0
    outer loop
      vertex 21.15 -30.5278 3
      vertex 21.0249 -30.6074 0
      vertex 21.15 -30.5278 0
    endloop
  endfacet
  facet normal 0.46199 -0.886885 0
    outer loop
      vertex 21.15 -30.5278 0
      vertex 21.2815 -30.4593 3
      vertex 21.15 -30.5278 3
    endloop
  endfacet
  facet normal 0.46199 -0.886885 0
    outer loop
      vertex 21.2815 -30.4593 3
      vertex 21.15 -30.5278 0
      vertex 21.2815 -30.4593 0
    endloop
  endfacet
  facet normal 0.886885 -0.46199 0
    outer loop
      vertex 20.4593 -31.2815 3
      vertex 20.5278 -31.15 0
      vertex 20.5278 -31.15 3
    endloop
  endfacet
  facet normal 0.886885 -0.46199 0
    outer loop
      vertex 20.5278 -31.15 0
      vertex 20.4593 -31.2815 3
      vertex 20.4593 -31.2815 0
    endloop
  endfacet
  facet normal -0.0438175 -0.99904 0
    outer loop
      vertex 22 -30.3 0
      vertex 22.1482 -30.3065 3
      vertex 22 -30.3 3
    endloop
  endfacet
  facet normal -0.0438175 -0.99904 -0
    outer loop
      vertex 22.1482 -30.3065 3
      vertex 22 -30.3 0
      vertex 22.1482 -30.3065 0
    endloop
  endfacet
  facet normal 0.99904 0.0438175 0
    outer loop
      vertex 20.3065 -32.1482 3
      vertex 20.3 -32 0
      vertex 20.3 -32 3
    endloop
  endfacet
  facet normal 0.99904 0.0438175 0
    outer loop
      vertex 20.3 -32 0
      vertex 20.3065 -32.1482 3
      vertex 20.3065 -32.1482 0
    endloop
  endfacet
  facet normal 0.130175 0.991491 -0
    outer loop
      vertex 21.8518 -33.6935 0
      vertex 21.7048 -33.6742 3
      vertex 21.8518 -33.6935 3
    endloop
  endfacet
  facet normal 0.130175 0.991491 0
    outer loop
      vertex 21.7048 -33.6742 3
      vertex 21.8518 -33.6935 0
      vertex 21.7048 -33.6742 0
    endloop
  endfacet
  facet normal -0.130175 -0.991491 0
    outer loop
      vertex 22.1482 -30.3065 0
      vertex 22.2952 -30.3258 3
      vertex 22.1482 -30.3065 3
    endloop
  endfacet
  facet normal -0.130175 -0.991491 -0
    outer loop
      vertex 22.2952 -30.3258 3
      vertex 22.1482 -30.3065 0
      vertex 22.2952 -30.3258 0
    endloop
  endfacet
  facet normal 0.609026 0.79315 -0
    outer loop
      vertex 21.0249 -33.3926 0
      vertex 20.9073 -33.3023 3
      vertex 21.0249 -33.3926 3
    endloop
  endfacet
  facet normal 0.609026 0.79315 0
    outer loop
      vertex 20.9073 -33.3023 3
      vertex 21.0249 -33.3926 0
      vertex 20.9073 -33.3023 0
    endloop
  endfacet
  facet normal -0.737434 -0.675419 0
    outer loop
      vertex 23.3023 33.0927 0
      vertex 23.2021 33.2021 3
      vertex 23.2021 33.2021 0
    endloop
  endfacet
  facet normal -0.737434 -0.675419 0
    outer loop
      vertex 23.2021 33.2021 3
      vertex 23.3023 33.0927 0
      vertex 23.3023 33.0927 3
    endloop
  endfacet
  facet normal -0.46199 -0.886885 0
    outer loop
      vertex 22.7185 33.5407 0
      vertex 22.85 33.4722 3
      vertex 22.7185 33.5407 3
    endloop
  endfacet
  facet normal -0.46199 -0.886885 -0
    outer loop
      vertex 22.85 33.4722 3
      vertex 22.7185 33.5407 0
      vertex 22.85 33.4722 0
    endloop
  endfacet
  facet normal -0.609026 0.79315 0
    outer loop
      vertex 23.0927 30.6977 0
      vertex 22.9751 30.6074 3
      vertex 23.0927 30.6977 3
    endloop
  endfacet
  facet normal -0.609026 0.79315 0
    outer loop
      vertex 22.9751 30.6074 3
      vertex 23.0927 30.6977 0
      vertex 22.9751 30.6074 0
    endloop
  endfacet
  facet normal 0.953685 0.300809 0
    outer loop
      vertex 20.4025 31.4186 3
      vertex 20.3579 31.56 0
      vertex 20.3579 31.56 3
    endloop
  endfacet
  facet normal 0.953685 0.300809 0
    outer loop
      vertex 20.3579 31.56 0
      vertex 20.4025 31.4186 3
      vertex 20.4025 31.4186 0
    endloop
  endfacet
  facet normal 0.0438175 -0.99904 0
    outer loop
      vertex 21.8518 33.6935 0
      vertex 22 33.7 3
      vertex 21.8518 33.6935 3
    endloop
  endfacet
  facet normal 0.0438175 -0.99904 0
    outer loop
      vertex 22 33.7 3
      vertex 21.8518 33.6935 0
      vertex 22 33.7 0
    endloop
  endfacet
  facet normal 0.675419 0.737434 -0
    outer loop
      vertex 20.9073 30.6977 0
      vertex 20.7979 30.7979 3
      vertex 20.9073 30.6977 3
    endloop
  endfacet
  facet normal 0.675419 0.737434 0
    outer loop
      vertex 20.7979 30.7979 3
      vertex 20.9073 30.6977 0
      vertex 20.7979 30.7979 0
    endloop
  endfacet
  facet normal 0.536832 0.843689 -0
    outer loop
      vertex 21.15 30.5278 0
      vertex 21.0249 30.6074 3
      vertex 21.15 30.5278 3
    endloop
  endfacet
  facet normal 0.536832 0.843689 0
    outer loop
      vertex 21.0249 30.6074 3
      vertex 21.15 30.5278 0
      vertex 21.0249 30.6074 0
    endloop
  endfacet
  facet normal 0.99904 0.0438175 0
    outer loop
      vertex 20.3065 31.8518 3
      vertex 20.3 32 0
      vertex 20.3 32 3
    endloop
  endfacet
  facet normal 0.99904 0.0438175 0
    outer loop
      vertex 20.3 32 0
      vertex 20.3065 31.8518 3
      vertex 20.3065 31.8518 0
    endloop
  endfacet
  facet normal -0.382749 -0.923853 0
    outer loop
      vertex 22.5814 33.5975 0
      vertex 22.7185 33.5407 3
      vertex 22.5814 33.5975 3
    endloop
  endfacet
  facet normal -0.382749 -0.923853 -0
    outer loop
      vertex 22.7185 33.5407 3
      vertex 22.5814 33.5975 0
      vertex 22.7185 33.5407 0
    endloop
  endfacet
  facet normal -0.843689 0.536832 0
    outer loop
      vertex 23.3926 31.0249 0
      vertex 23.4722 31.15 3
      vertex 23.4722 31.15 0
    endloop
  endfacet
  facet normal -0.843689 0.536832 0
    outer loop
      vertex 23.4722 31.15 3
      vertex 23.3926 31.0249 0
      vertex 23.3926 31.0249 3
    endloop
  endfacet
  facet normal 0.886885 0.46199 0
    outer loop
      vertex 20.5278 31.15 3
      vertex 20.4593 31.2815 0
      vertex 20.4593 31.2815 3
    endloop
  endfacet
  facet normal 0.886885 0.46199 0
    outer loop
      vertex 20.4593 31.2815 0
      vertex 20.5278 31.15 3
      vertex 20.5278 31.15 0
    endloop
  endfacet
  facet normal 0.46199 0.886885 -0
    outer loop
      vertex 21.2815 30.4593 0
      vertex 21.15 30.5278 3
      vertex 21.2815 30.4593 3
    endloop
  endfacet
  facet normal 0.46199 0.886885 0
    outer loop
      vertex 21.15 30.5278 3
      vertex 21.2815 30.4593 0
      vertex 21.15 30.5278 0
    endloop
  endfacet
  facet normal -0.923853 -0.382749 0
    outer loop
      vertex 23.5975 32.5814 0
      vertex 23.5407 32.7185 3
      vertex 23.5407 32.7185 0
    endloop
  endfacet
  facet normal -0.923853 -0.382749 0
    outer loop
      vertex 23.5407 32.7185 3
      vertex 23.5975 32.5814 0
      vertex 23.5975 32.5814 3
    endloop
  endfacet
  facet normal 0.216431 0.976298 -0
    outer loop
      vertex 21.7048 30.3258 0
      vertex 21.56 30.3579 3
      vertex 21.7048 30.3258 3
    endloop
  endfacet
  facet normal 0.216431 0.976298 0
    outer loop
      vertex 21.56 30.3579 3
      vertex 21.7048 30.3258 0
      vertex 21.56 30.3579 0
    endloop
  endfacet
  facet normal 0.923853 0.382749 0
    outer loop
      vertex 20.4593 31.2815 3
      vertex 20.4025 31.4186 0
      vertex 20.4025 31.4186 3
    endloop
  endfacet
  facet normal 0.923853 0.382749 0
    outer loop
      vertex 20.4025 31.4186 0
      vertex 20.4593 31.2815 3
      vertex 20.4593 31.2815 0
    endloop
  endfacet
  facet normal -0.953685 -0.300809 0
    outer loop
      vertex 23.6421 32.44 0
      vertex 23.5975 32.5814 3
      vertex 23.5975 32.5814 0
    endloop
  endfacet
  facet normal -0.953685 -0.300809 0
    outer loop
      vertex 23.5975 32.5814 3
      vertex 23.6421 32.44 0
      vertex 23.6421 32.44 3
    endloop
  endfacet
  facet normal 0.46199 -0.886885 0
    outer loop
      vertex 21.15 33.4722 0
      vertex 21.2815 33.5407 3
      vertex 21.15 33.4722 3
    endloop
  endfacet
  facet normal 0.46199 -0.886885 0
    outer loop
      vertex 21.2815 33.5407 3
      vertex 21.15 33.4722 0
      vertex 21.2815 33.5407 0
    endloop
  endfacet
  facet normal 0.300809 -0.953685 0
    outer loop
      vertex 21.4186 33.5975 0
      vertex 21.56 33.6421 3
      vertex 21.4186 33.5975 3
    endloop
  endfacet
  facet normal 0.300809 -0.953685 0
    outer loop
      vertex 21.56 33.6421 3
      vertex 21.4186 33.5975 0
      vertex 21.56 33.6421 0
    endloop
  endfacet
  facet normal -0.886885 0.46199 0
    outer loop
      vertex 23.4722 31.15 0
      vertex 23.5407 31.2815 3
      vertex 23.5407 31.2815 0
    endloop
  endfacet
  facet normal -0.886885 0.46199 0
    outer loop
      vertex 23.5407 31.2815 3
      vertex 23.4722 31.15 0
      vertex 23.4722 31.15 3
    endloop
  endfacet
  facet normal -0.991491 -0.130175 0
    outer loop
      vertex 23.6935 32.1482 0
      vertex 23.6742 32.2952 3
      vertex 23.6742 32.2952 0
    endloop
  endfacet
  facet normal -0.991491 -0.130175 0
    outer loop
      vertex 23.6742 32.2952 3
      vertex 23.6935 32.1482 0
      vertex 23.6935 32.1482 3
    endloop
  endfacet
  facet normal -0.886885 -0.46199 0
    outer loop
      vertex 23.5407 32.7185 0
      vertex 23.4722 32.85 3
      vertex 23.4722 32.85 0
    endloop
  endfacet
  facet normal -0.886885 -0.46199 0
    outer loop
      vertex 23.4722 32.85 3
      vertex 23.5407 32.7185 0
      vertex 23.5407 32.7185 3
    endloop
  endfacet
  facet normal 0.976298 0.216431 0
    outer loop
      vertex 20.3579 31.56 3
      vertex 20.3258 31.7048 0
      vertex 20.3258 31.7048 3
    endloop
  endfacet
  facet normal 0.976298 0.216431 0
    outer loop
      vertex 20.3258 31.7048 0
      vertex 20.3579 31.56 3
      vertex 20.3579 31.56 0
    endloop
  endfacet
  facet normal -0.130175 0.991491 0
    outer loop
      vertex 22.2952 30.3258 0
      vertex 22.1482 30.3065 3
      vertex 22.2952 30.3258 3
    endloop
  endfacet
  facet normal -0.130175 0.991491 0
    outer loop
      vertex 22.1482 30.3065 3
      vertex 22.2952 30.3258 0
      vertex 22.1482 30.3065 0
    endloop
  endfacet
  facet normal -0.991491 0.130175 0
    outer loop
      vertex 23.6742 31.7048 0
      vertex 23.6935 31.8518 3
      vertex 23.6935 31.8518 0
    endloop
  endfacet
  facet normal -0.991491 0.130175 0
    outer loop
      vertex 23.6935 31.8518 3
      vertex 23.6742 31.7048 0
      vertex 23.6742 31.7048 3
    endloop
  endfacet
  facet normal -0.99904 -0.0438175 0
    outer loop
      vertex 23.7 32 0
      vertex 23.6935 32.1482 3
      vertex 23.6935 32.1482 0
    endloop
  endfacet
  facet normal -0.99904 -0.0438175 0
    outer loop
      vertex 23.6935 32.1482 3
      vertex 23.7 32 0
      vertex 23.7 32 3
    endloop
  endfacet
  facet normal -0.79315 0.609026 0
    outer loop
      vertex 23.3023 30.9073 0
      vertex 23.3926 31.0249 3
      vertex 23.3926 31.0249 0
    endloop
  endfacet
  facet normal -0.79315 0.609026 0
    outer loop
      vertex 23.3926 31.0249 3
      vertex 23.3023 30.9073 0
      vertex 23.3023 30.9073 3
    endloop
  endfacet
  facet normal -0.79315 -0.609026 0
    outer loop
      vertex 23.3926 32.9751 0
      vertex 23.3023 33.0927 3
      vertex 23.3023 33.0927 0
    endloop
  endfacet
  facet normal -0.79315 -0.609026 0
    outer loop
      vertex 23.3023 33.0927 3
      vertex 23.3926 32.9751 0
      vertex 23.3926 32.9751 3
    endloop
  endfacet
  facet normal -0.300809 -0.953685 0
    outer loop
      vertex 22.44 33.6421 0
      vertex 22.5814 33.5975 3
      vertex 22.44 33.6421 3
    endloop
  endfacet
  facet normal -0.300809 -0.953685 -0
    outer loop
      vertex 22.5814 33.5975 3
      vertex 22.44 33.6421 0
      vertex 22.5814 33.5975 0
    endloop
  endfacet
  facet normal 0.130175 -0.991491 0
    outer loop
      vertex 21.7048 33.6742 0
      vertex 21.8518 33.6935 3
      vertex 21.7048 33.6742 3
    endloop
  endfacet
  facet normal 0.130175 -0.991491 0
    outer loop
      vertex 21.8518 33.6935 3
      vertex 21.7048 33.6742 0
      vertex 21.8518 33.6935 0
    endloop
  endfacet
  facet normal -0.99904 0.0438175 0
    outer loop
      vertex 23.6935 31.8518 0
      vertex 23.7 32 3
      vertex 23.7 32 0
    endloop
  endfacet
  facet normal -0.99904 0.0438175 0
    outer loop
      vertex 23.7 32 3
      vertex 23.6935 31.8518 0
      vertex 23.6935 31.8518 3
    endloop
  endfacet
  facet normal -0.675419 -0.737434 0
    outer loop
      vertex 23.0927 33.3023 0
      vertex 23.2021 33.2021 3
      vertex 23.0927 33.3023 3
    endloop
  endfacet
  facet normal -0.675419 -0.737434 -0
    outer loop
      vertex 23.2021 33.2021 3
      vertex 23.0927 33.3023 0
      vertex 23.2021 33.2021 0
    endloop
  endfacet
  facet normal 0.991491 0.130175 0
    outer loop
      vertex 20.3258 31.7048 3
      vertex 20.3065 31.8518 0
      vertex 20.3065 31.8518 3
    endloop
  endfacet
  facet normal 0.991491 0.130175 0
    outer loop
      vertex 20.3065 31.8518 0
      vertex 20.3258 31.7048 3
      vertex 20.3258 31.7048 0
    endloop
  endfacet
  facet normal 0.886885 -0.46199 0
    outer loop
      vertex 20.4593 32.7185 3
      vertex 20.5278 32.85 0
      vertex 20.5278 32.85 3
    endloop
  endfacet
  facet normal 0.886885 -0.46199 0
    outer loop
      vertex 20.5278 32.85 0
      vertex 20.4593 32.7185 3
      vertex 20.4593 32.7185 0
    endloop
  endfacet
  facet normal -0.976298 -0.216431 0
    outer loop
      vertex 23.6742 32.2952 0
      vertex 23.6421 32.44 3
      vertex 23.6421 32.44 0
    endloop
  endfacet
  facet normal -0.976298 -0.216431 0
    outer loop
      vertex 23.6421 32.44 3
      vertex 23.6742 32.2952 0
      vertex 23.6742 32.2952 3
    endloop
  endfacet
  facet normal -0.923853 0.382749 0
    outer loop
      vertex 23.5407 31.2815 0
      vertex 23.5975 31.4186 3
      vertex 23.5975 31.4186 0
    endloop
  endfacet
  facet normal -0.923853 0.382749 0
    outer loop
      vertex 23.5975 31.4186 3
      vertex 23.5407 31.2815 0
      vertex 23.5407 31.2815 3
    endloop
  endfacet
  facet normal 0.737434 -0.675419 0
    outer loop
      vertex 20.6977 33.0927 3
      vertex 20.7979 33.2021 0
      vertex 20.7979 33.2021 3
    endloop
  endfacet
  facet normal 0.737434 -0.675419 0
    outer loop
      vertex 20.7979 33.2021 0
      vertex 20.6977 33.0927 3
      vertex 20.6977 33.0927 0
    endloop
  endfacet
  facet normal -0.46199 0.886885 0
    outer loop
      vertex 22.85 30.5278 0
      vertex 22.7185 30.4593 3
      vertex 22.85 30.5278 3
    endloop
  endfacet
  facet normal -0.46199 0.886885 0
    outer loop
      vertex 22.7185 30.4593 3
      vertex 22.85 30.5278 0
      vertex 22.7185 30.4593 0
    endloop
  endfacet
  facet normal 0.0438175 0.99904 -0
    outer loop
      vertex 22 30.3 0
      vertex 21.8518 30.3065 3
      vertex 22 30.3 3
    endloop
  endfacet
  facet normal 0.0438175 0.99904 0
    outer loop
      vertex 21.8518 30.3065 3
      vertex 22 30.3 0
      vertex 21.8518 30.3065 0
    endloop
  endfacet
  facet normal -0.382749 0.923853 0
    outer loop
      vertex 22.7185 30.4593 0
      vertex 22.5814 30.4025 3
      vertex 22.7185 30.4593 3
    endloop
  endfacet
  facet normal -0.382749 0.923853 0
    outer loop
      vertex 22.5814 30.4025 3
      vertex 22.7185 30.4593 0
      vertex 22.5814 30.4025 0
    endloop
  endfacet
  facet normal 0.953685 -0.300809 0
    outer loop
      vertex 20.3579 32.44 3
      vertex 20.4025 32.5814 0
      vertex 20.4025 32.5814 3
    endloop
  endfacet
  facet normal 0.953685 -0.300809 0
    outer loop
      vertex 20.4025 32.5814 0
      vertex 20.3579 32.44 3
      vertex 20.3579 32.44 0
    endloop
  endfacet
  facet normal -0.0438175 -0.99904 0
    outer loop
      vertex 22 33.7 0
      vertex 22.1482 33.6935 3
      vertex 22 33.7 3
    endloop
  endfacet
  facet normal -0.0438175 -0.99904 -0
    outer loop
      vertex 22.1482 33.6935 3
      vertex 22 33.7 0
      vertex 22.1482 33.6935 0
    endloop
  endfacet
  facet normal 0.300809 0.953685 -0
    outer loop
      vertex 21.56 30.3579 0
      vertex 21.4186 30.4025 3
      vertex 21.56 30.3579 3
    endloop
  endfacet
  facet normal 0.300809 0.953685 0
    outer loop
      vertex 21.4186 30.4025 3
      vertex 21.56 30.3579 0
      vertex 21.4186 30.4025 0
    endloop
  endfacet
  facet normal 0.923853 -0.382749 0
    outer loop
      vertex 20.4025 32.5814 3
      vertex 20.4593 32.7185 0
      vertex 20.4593 32.7185 3
    endloop
  endfacet
  facet normal 0.923853 -0.382749 0
    outer loop
      vertex 20.4593 32.7185 0
      vertex 20.4025 32.5814 3
      vertex 20.4025 32.5814 0
    endloop
  endfacet
  facet normal -0.536832 0.843689 0
    outer loop
      vertex 22.9751 30.6074 0
      vertex 22.85 30.5278 3
      vertex 22.9751 30.6074 3
    endloop
  endfacet
  facet normal -0.536832 0.843689 0
    outer loop
      vertex 22.85 30.5278 3
      vertex 22.9751 30.6074 0
      vertex 22.85 30.5278 0
    endloop
  endfacet
  facet normal -0.536832 -0.843689 0
    outer loop
      vertex 22.85 33.4722 0
      vertex 22.9751 33.3926 3
      vertex 22.85 33.4722 3
    endloop
  endfacet
  facet normal -0.536832 -0.843689 -0
    outer loop
      vertex 22.9751 33.3926 3
      vertex 22.85 33.4722 0
      vertex 22.9751 33.3926 0
    endloop
  endfacet
  facet normal 0.216431 -0.976298 0
    outer loop
      vertex 21.56 33.6421 0
      vertex 21.7048 33.6742 3
      vertex 21.56 33.6421 3
    endloop
  endfacet
  facet normal 0.216431 -0.976298 0
    outer loop
      vertex 21.7048 33.6742 3
      vertex 21.56 33.6421 0
      vertex 21.7048 33.6742 0
    endloop
  endfacet
  facet normal 0.79315 0.609026 0
    outer loop
      vertex 20.6977 30.9073 3
      vertex 20.6074 31.0249 0
      vertex 20.6074 31.0249 3
    endloop
  endfacet
  facet normal 0.79315 0.609026 0
    outer loop
      vertex 20.6074 31.0249 0
      vertex 20.6977 30.9073 3
      vertex 20.6977 30.9073 0
    endloop
  endfacet
  facet normal -0.976298 0.216431 0
    outer loop
      vertex 23.6421 31.56 0
      vertex 23.6742 31.7048 3
      vertex 23.6742 31.7048 0
    endloop
  endfacet
  facet normal -0.976298 0.216431 0
    outer loop
      vertex 23.6742 31.7048 3
      vertex 23.6421 31.56 0
      vertex 23.6421 31.56 3
    endloop
  endfacet
  facet normal -0.953685 0.300809 0
    outer loop
      vertex 23.5975 31.4186 0
      vertex 23.6421 31.56 3
      vertex 23.6421 31.56 0
    endloop
  endfacet
  facet normal -0.953685 0.300809 0
    outer loop
      vertex 23.6421 31.56 3
      vertex 23.5975 31.4186 0
      vertex 23.5975 31.4186 3
    endloop
  endfacet
  facet normal 0.991491 -0.130175 0
    outer loop
      vertex 20.3065 32.1482 3
      vertex 20.3258 32.2952 0
      vertex 20.3258 32.2952 3
    endloop
  endfacet
  facet normal 0.991491 -0.130175 0
    outer loop
      vertex 20.3258 32.2952 0
      vertex 20.3065 32.1482 3
      vertex 20.3065 32.1482 0
    endloop
  endfacet
  facet normal -0.0438175 0.99904 0
    outer loop
      vertex 22.1482 30.3065 0
      vertex 22 30.3 3
      vertex 22.1482 30.3065 3
    endloop
  endfacet
  facet normal -0.0438175 0.99904 0
    outer loop
      vertex 22 30.3 3
      vertex 22.1482 30.3065 0
      vertex 22 30.3 0
    endloop
  endfacet
  facet normal -0.609026 -0.79315 0
    outer loop
      vertex 22.9751 33.3926 0
      vertex 23.0927 33.3023 3
      vertex 22.9751 33.3926 3
    endloop
  endfacet
  facet normal -0.609026 -0.79315 -0
    outer loop
      vertex 23.0927 33.3023 3
      vertex 22.9751 33.3926 0
      vertex 23.0927 33.3023 0
    endloop
  endfacet
  facet normal 0.609026 0.79315 -0
    outer loop
      vertex 21.0249 30.6074 0
      vertex 20.9073 30.6977 3
      vertex 21.0249 30.6074 3
    endloop
  endfacet
  facet normal 0.609026 0.79315 0
    outer loop
      vertex 20.9073 30.6977 3
      vertex 21.0249 30.6074 0
      vertex 20.9073 30.6977 0
    endloop
  endfacet
  facet normal 0.536832 -0.843689 0
    outer loop
      vertex 21.0249 33.3926 0
      vertex 21.15 33.4722 3
      vertex 21.0249 33.3926 3
    endloop
  endfacet
  facet normal 0.536832 -0.843689 0
    outer loop
      vertex 21.15 33.4722 3
      vertex 21.0249 33.3926 0
      vertex 21.15 33.4722 0
    endloop
  endfacet
  facet normal -0.843689 -0.536832 0
    outer loop
      vertex 23.4722 32.85 0
      vertex 23.3926 32.9751 3
      vertex 23.3926 32.9751 0
    endloop
  endfacet
  facet normal -0.843689 -0.536832 0
    outer loop
      vertex 23.3926 32.9751 3
      vertex 23.4722 32.85 0
      vertex 23.4722 32.85 3
    endloop
  endfacet
  facet normal 0.99904 -0.0438175 0
    outer loop
      vertex 20.3 32 3
      vertex 20.3065 32.1482 0
      vertex 20.3065 32.1482 3
    endloop
  endfacet
  facet normal 0.99904 -0.0438175 0
    outer loop
      vertex 20.3065 32.1482 0
      vertex 20.3 32 3
      vertex 20.3 32 0
    endloop
  endfacet
  facet normal 0.976298 -0.216431 0
    outer loop
      vertex 20.3258 32.2952 3
      vertex 20.3579 32.44 0
      vertex 20.3579 32.44 3
    endloop
  endfacet
  facet normal 0.976298 -0.216431 0
    outer loop
      vertex 20.3579 32.44 0
      vertex 20.3258 32.2952 3
      vertex 20.3258 32.2952 0
    endloop
  endfacet
  facet normal 0.737434 0.675419 0
    outer loop
      vertex 20.7979 30.7979 3
      vertex 20.6977 30.9073 0
      vertex 20.6977 30.9073 3
    endloop
  endfacet
  facet normal 0.737434 0.675419 0
    outer loop
      vertex 20.6977 30.9073 0
      vertex 20.7979 30.7979 3
      vertex 20.7979 30.7979 0
    endloop
  endfacet
  facet normal 0.79315 -0.609026 0
    outer loop
      vertex 20.6074 32.9751 3
      vertex 20.6977 33.0927 0
      vertex 20.6977 33.0927 3
    endloop
  endfacet
  facet normal 0.79315 -0.609026 0
    outer loop
      vertex 20.6977 33.0927 0
      vertex 20.6074 32.9751 3
      vertex 20.6074 32.9751 0
    endloop
  endfacet
  facet normal -0.216431 -0.976298 0
    outer loop
      vertex 22.2952 33.6742 0
      vertex 22.44 33.6421 3
      vertex 22.2952 33.6742 3
    endloop
  endfacet
  facet normal -0.216431 -0.976298 -0
    outer loop
      vertex 22.44 33.6421 3
      vertex 22.2952 33.6742 0
      vertex 22.44 33.6421 0
    endloop
  endfacet
  facet normal 0.843689 -0.536832 0
    outer loop
      vertex 20.5278 32.85 3
      vertex 20.6074 32.9751 0
      vertex 20.6074 32.9751 3
    endloop
  endfacet
  facet normal 0.843689 -0.536832 0
    outer loop
      vertex 20.6074 32.9751 0
      vertex 20.5278 32.85 3
      vertex 20.5278 32.85 0
    endloop
  endfacet
  facet normal 0.130175 0.991491 -0
    outer loop
      vertex 21.8518 30.3065 0
      vertex 21.7048 30.3258 3
      vertex 21.8518 30.3065 3
    endloop
  endfacet
  facet normal 0.130175 0.991491 0
    outer loop
      vertex 21.7048 30.3258 3
      vertex 21.8518 30.3065 0
      vertex 21.7048 30.3258 0
    endloop
  endfacet
  facet normal 0.382749 0.923853 -0
    outer loop
      vertex 21.4186 30.4025 0
      vertex 21.2815 30.4593 3
      vertex 21.4186 30.4025 3
    endloop
  endfacet
  facet normal 0.382749 0.923853 0
    outer loop
      vertex 21.2815 30.4593 3
      vertex 21.4186 30.4025 0
      vertex 21.2815 30.4593 0
    endloop
  endfacet
  facet normal 0.382749 -0.923853 0
    outer loop
      vertex 21.2815 33.5407 0
      vertex 21.4186 33.5975 3
      vertex 21.2815 33.5407 3
    endloop
  endfacet
  facet normal 0.382749 -0.923853 0
    outer loop
      vertex 21.4186 33.5975 3
      vertex 21.2815 33.5407 0
      vertex 21.4186 33.5975 0
    endloop
  endfacet
  facet normal -0.216431 0.976298 0
    outer loop
      vertex 22.44 30.3579 0
      vertex 22.2952 30.3258 3
      vertex 22.44 30.3579 3
    endloop
  endfacet
  facet normal -0.216431 0.976298 0
    outer loop
      vertex 22.2952 30.3258 3
      vertex 22.44 30.3579 0
      vertex 22.2952 30.3258 0
    endloop
  endfacet
  facet normal -0.300809 0.953685 0
    outer loop
      vertex 22.5814 30.4025 0
      vertex 22.44 30.3579 3
      vertex 22.5814 30.4025 3
    endloop
  endfacet
  facet normal -0.300809 0.953685 0
    outer loop
      vertex 22.44 30.3579 3
      vertex 22.5814 30.4025 0
      vertex 22.44 30.3579 0
    endloop
  endfacet
  facet normal 0.675419 -0.737434 0
    outer loop
      vertex 20.7979 33.2021 0
      vertex 20.9073 33.3023 3
      vertex 20.7979 33.2021 3
    endloop
  endfacet
  facet normal 0.675419 -0.737434 0
    outer loop
      vertex 20.9073 33.3023 3
      vertex 20.7979 33.2021 0
      vertex 20.9073 33.3023 0
    endloop
  endfacet
  facet normal -0.737434 0.675419 0
    outer loop
      vertex 23.2021 30.7979 0
      vertex 23.3023 30.9073 3
      vertex 23.3023 30.9073 0
    endloop
  endfacet
  facet normal -0.737434 0.675419 0
    outer loop
      vertex 23.3023 30.9073 3
      vertex 23.2021 30.7979 0
      vertex 23.2021 30.7979 3
    endloop
  endfacet
  facet normal 0.609026 -0.79315 0
    outer loop
      vertex 20.9073 33.3023 0
      vertex 21.0249 33.3926 3
      vertex 20.9073 33.3023 3
    endloop
  endfacet
  facet normal 0.609026 -0.79315 0
    outer loop
      vertex 21.0249 33.3926 3
      vertex 20.9073 33.3023 0
      vertex 21.0249 33.3926 0
    endloop
  endfacet
  facet normal -0.130175 -0.991491 0
    outer loop
      vertex 22.1482 33.6935 0
      vertex 22.2952 33.6742 3
      vertex 22.1482 33.6935 3
    endloop
  endfacet
  facet normal -0.130175 -0.991491 -0
    outer loop
      vertex 22.2952 33.6742 3
      vertex 22.1482 33.6935 0
      vertex 22.2952 33.6742 0
    endloop
  endfacet
  facet normal 0.843689 0.536832 0
    outer loop
      vertex 20.6074 31.0249 3
      vertex 20.5278 31.15 0
      vertex 20.5278 31.15 3
    endloop
  endfacet
  facet normal 0.843689 0.536832 0
    outer loop
      vertex 20.5278 31.15 0
      vertex 20.6074 31.0249 3
      vertex 20.6074 31.0249 0
    endloop
  endfacet
  facet normal -0.675419 0.737434 0
    outer loop
      vertex 23.2021 30.7979 0
      vertex 23.0927 30.6977 3
      vertex 23.2021 30.7979 3
    endloop
  endfacet
  facet normal -0.675419 0.737434 0
    outer loop
      vertex 23.0927 30.6977 3
      vertex 23.2021 30.7979 0
      vertex 23.0927 30.6977 0
    endloop
  endfacet
  facet normal -0.216141 0.976362 0
    outer loop
      vertex 14.5176 -24.9319 0
      vertex 14.3473 -24.9696 3
      vertex 14.5176 -24.9319 3
    endloop
  endfacet
  facet normal -0.216141 0.976362 0
    outer loop
      vertex 14.3473 -24.9696 3
      vertex 14.5176 -24.9319 0
      vertex 14.3473 -24.9696 0
    endloop
  endfacet
  facet normal -0.991427 -0.130662 0
    outer loop
      vertex 15.9924 -20.8257 0
      vertex 15.9696 -20.6527 3
      vertex 15.9696 -20.6527 0
    endloop
  endfacet
  facet normal -0.991427 -0.130662 0
    outer loop
      vertex 15.9696 -20.6527 3
      vertex 15.9924 -20.8257 0
      vertex 15.9924 -20.8257 3
    endloop
  endfacet
  facet normal 0.300885 -0.953661 0
    outer loop
      vertex -14.684 -19.1206 0
      vertex -14.5176 -19.0681 3
      vertex -14.684 -19.1206 3
    endloop
  endfacet
  facet normal 0.300885 -0.953661 0
    outer loop
      vertex -14.5176 -19.0681 3
      vertex -14.684 -19.1206 0
      vertex -14.5176 -19.0681 0
    endloop
  endfacet
  facet normal -0.461371 -0.887207 0
    outer loop
      vertex 14.8452 -19.1874 0
      vertex 15 -19.2679 3
      vertex 14.8452 -19.1874 3
    endloop
  endfacet
  facet normal -0.461371 -0.887207 -0
    outer loop
      vertex 15 -19.2679 3
      vertex 14.8452 -19.1874 0
      vertex 15 -19.2679 0
    endloop
  endfacet
  facet normal 0.887207 -0.461371 0
    outer loop
      vertex -15.8126 -20.1548 3
      vertex -15.7321 -20 0
      vertex -15.7321 -20 3
    endloop
  endfacet
  facet normal 0.887207 -0.461371 0
    outer loop
      vertex -15.7321 -20 0
      vertex -15.8126 -20.1548 3
      vertex -15.8126 -20.1548 0
    endloop
  endfacet
  facet normal 0.216141 -0.976362 0
    outer loop
      vertex -14.5176 -19.0681 0
      vertex -14.3473 -19.0304 3
      vertex -14.5176 -19.0681 3
    endloop
  endfacet
  facet normal 0.216141 -0.976362 0
    outer loop
      vertex -14.3473 -19.0304 3
      vertex -14.5176 -19.0681 0
      vertex -14.3473 -19.0304 0
    endloop
  endfacet
  facet normal 0.976362 -0.216141 0
    outer loop
      vertex -15.9696 -20.6527 3
      vertex -15.9319 -20.4824 0
      vertex -15.9319 -20.4824 3
    endloop
  endfacet
  facet normal 0.976362 -0.216141 0
    outer loop
      vertex -15.9319 -20.4824 0
      vertex -15.9696 -20.6527 3
      vertex -15.9696 -20.6527 0
    endloop
  endfacet
  facet normal 0 1 -0
    outer loop
      vertex 14 -25 0
      vertex -14 -25 3
      vertex 14 -25 3
    endloop
  endfacet
  facet normal 0 1 0
    outer loop
      vertex -14 -25 3
      vertex 14 -25 0
      vertex -14 -25 0
    endloop
  endfacet
  facet normal 0.999051 0.0435616 0
    outer loop
      vertex -15.9924 -23.1743 3
      vertex -16 -23 0
      vertex -16 -23 3
    endloop
  endfacet
  facet normal 0.999051 0.0435616 0
    outer loop
      vertex -16 -23 0
      vertex -15.9924 -23.1743 3
      vertex -15.9924 -23.1743 0
    endloop
  endfacet
  facet normal 0 -1 0
    outer loop
      vertex -14 -19 0
      vertex 14 -19 3
      vertex -14 -19 3
    endloop
  endfacet
  facet normal 0 -1 -0
    outer loop
      vertex 14 -19 3
      vertex -14 -19 0
      vertex 14 -19 0
    endloop
  endfacet
  facet normal 0.382824 0.923821 -0
    outer loop
      vertex -14.684 -24.8794 0
      vertex -14.8452 -24.8126 3
      vertex -14.684 -24.8794 3
    endloop
  endfacet
  facet normal 0.382824 0.923821 0
    outer loop
      vertex -14.8452 -24.8126 3
      vertex -14.684 -24.8794 0
      vertex -14.8452 -24.8126 0
    endloop
  endfacet
  facet normal 0.608768 -0.793348 0
    outer loop
      vertex -15.2856 -19.4679 0
      vertex -15.1472 -19.3617 3
      vertex -15.2856 -19.4679 3
    endloop
  endfacet
  facet normal 0.608768 -0.793348 0
    outer loop
      vertex -15.1472 -19.3617 3
      vertex -15.2856 -19.4679 0
      vertex -15.1472 -19.3617 0
    endloop
  endfacet
  facet normal 0.382824 -0.923821 0
    outer loop
      vertex -14.8452 -19.1874 0
      vertex -14.684 -19.1206 3
      vertex -14.8452 -19.1874 3
    endloop
  endfacet
  facet normal 0.382824 -0.923821 0
    outer loop
      vertex -14.684 -19.1206 3
      vertex -14.8452 -19.1874 0
      vertex -14.684 -19.1206 0
    endloop
  endfacet
  facet normal -0.130662 0.991427 0
    outer loop
      vertex 14.3473 -24.9696 0
      vertex 14.1743 -24.9924 3
      vertex 14.3473 -24.9696 3
    endloop
  endfacet
  facet normal -0.130662 0.991427 0
    outer loop
      vertex 14.1743 -24.9924 3
      vertex 14.3473 -24.9696 0
      vertex 14.1743 -24.9924 0
    endloop
  endfacet
  facet normal 0.130662 -0.991427 0
    outer loop
      vertex -14.3473 -19.0304 0
      vertex -14.1743 -19.0076 3
      vertex -14.3473 -19.0304 3
    endloop
  endfacet
  facet normal 0.130662 -0.991427 0
    outer loop
      vertex -14.1743 -19.0076 3
      vertex -14.3473 -19.0304 0
      vertex -14.1743 -19.0076 0
    endloop
  endfacet
  facet normal 0.991427 0.130662 0
    outer loop
      vertex -15.9696 -23.3473 3
      vertex -15.9924 -23.1743 0
      vertex -15.9924 -23.1743 3
    endloop
  endfacet
  facet normal 0.991427 0.130662 0
    outer loop
      vertex -15.9924 -23.1743 0
      vertex -15.9696 -23.3473 3
      vertex -15.9696 -23.3473 0
    endloop
  endfacet
  facet normal -0.0435616 0.999051 0
    outer loop
      vertex 14.1743 -24.9924 0
      vertex 14 -25 3
      vertex 14.1743 -24.9924 3
    endloop
  endfacet
  facet normal -0.0435616 0.999051 0
    outer loop
      vertex 14 -25 3
      vertex 14.1743 -24.9924 0
      vertex 14 -25 0
    endloop
  endfacet
  facet normal 0.0435616 -0.999051 0
    outer loop
      vertex -14.1743 -19.0076 0
      vertex -14 -19 3
      vertex -14.1743 -19.0076 3
    endloop
  endfacet
  facet normal 0.0435616 -0.999051 0
    outer loop
      vertex -14 -19 3
      vertex -14.1743 -19.0076 0
      vertex -14 -19 0
    endloop
  endfacet
  facet normal -0.976362 -0.216141 0
    outer loop
      vertex 15.9696 -20.6527 0
      vertex 15.9319 -20.4824 3
      vertex 15.9319 -20.4824 0
    endloop
  endfacet
  facet normal -0.976362 -0.216141 0
    outer loop
      vertex 15.9319 -20.4824 3
      vertex 15.9696 -20.6527 0
      vertex 15.9696 -20.6527 3
    endloop
  endfacet
  facet normal 0.130662 0.991427 -0
    outer loop
      vertex -14.1743 -24.9924 0
      vertex -14.3473 -24.9696 3
      vertex -14.1743 -24.9924 3
    endloop
  endfacet
  facet normal 0.130662 0.991427 0
    outer loop
      vertex -14.3473 -24.9696 3
      vertex -14.1743 -24.9924 0
      vertex -14.3473 -24.9696 0
    endloop
  endfacet
  facet normal -0.887207 0.461371 0
    outer loop
      vertex 15.7321 -24 0
      vertex 15.8126 -23.8452 3
      vertex 15.8126 -23.8452 0
    endloop
  endfacet
  facet normal -0.887207 0.461371 0
    outer loop
      vertex 15.8126 -23.8452 3
      vertex 15.7321 -24 0
      vertex 15.7321 -24 3
    endloop
  endfacet
  facet normal -0.300885 0.953661 0
    outer loop
      vertex 14.684 -24.8794 0
      vertex 14.5176 -24.9319 3
      vertex 14.684 -24.8794 3
    endloop
  endfacet
  facet normal -0.300885 0.953661 0
    outer loop
      vertex 14.5176 -24.9319 3
      vertex 14.684 -24.8794 0
      vertex 14.5176 -24.9319 0
    endloop
  endfacet
  facet normal -0.0435616 -0.999051 0
    outer loop
      vertex 14 -19 0
      vertex 14.1743 -19.0076 3
      vertex 14 -19 3
    endloop
  endfacet
  facet normal -0.0435616 -0.999051 -0
    outer loop
      vertex 14.1743 -19.0076 3
      vertex 14 -19 0
      vertex 14.1743 -19.0076 0
    endloop
  endfacet
  facet normal -0.537394 -0.843331 0
    outer loop
      vertex 15 -19.2679 0
      vertex 15.1472 -19.3617 3
      vertex 15 -19.2679 3
    endloop
  endfacet
  facet normal -0.537394 -0.843331 -0
    outer loop
      vertex 15.1472 -19.3617 3
      vertex 15 -19.2679 0
      vertex 15.1472 -19.3617 0
    endloop
  endfacet
  facet normal 0.216141 0.976362 -0
    outer loop
      vertex -14.3473 -24.9696 0
      vertex -14.5176 -24.9319 3
      vertex -14.3473 -24.9696 3
    endloop
  endfacet
  facet normal 0.216141 0.976362 0
    outer loop
      vertex -14.5176 -24.9319 3
      vertex -14.3473 -24.9696 0
      vertex -14.5176 -24.9319 0
    endloop
  endfacet
  facet normal 0.0435616 0.999051 -0
    outer loop
      vertex -14 -25 0
      vertex -14.1743 -24.9924 3
      vertex -14 -25 3
    endloop
  endfacet
  facet normal 0.0435616 0.999051 0
    outer loop
      vertex -14.1743 -24.9924 3
      vertex -14 -25 0
      vertex -14.1743 -24.9924 0
    endloop
  endfacet
  facet normal -0.843331 -0.537394 0
    outer loop
      vertex 15.7321 -20 0
      vertex 15.6383 -19.8528 3
      vertex 15.6383 -19.8528 0
    endloop
  endfacet
  facet normal -0.843331 -0.537394 0
    outer loop
      vertex 15.6383 -19.8528 3
      vertex 15.7321 -20 0
      vertex 15.7321 -20 3
    endloop
  endfacet
  facet normal 0.843331 0.537394 0
    outer loop
      vertex -15.6383 -24.1472 3
      vertex -15.7321 -24 0
      vertex -15.7321 -24 3
    endloop
  endfacet
  facet normal 0.843331 0.537394 0
    outer loop
      vertex -15.7321 -24 0
      vertex -15.6383 -24.1472 3
      vertex -15.6383 -24.1472 0
    endloop
  endfacet
  facet normal -0.300885 -0.953661 0
    outer loop
      vertex 14.5176 -19.0681 0
      vertex 14.684 -19.1206 3
      vertex 14.5176 -19.0681 3
    endloop
  endfacet
  facet normal -0.300885 -0.953661 -0
    outer loop
      vertex 14.684 -19.1206 3
      vertex 14.5176 -19.0681 0
      vertex 14.684 -19.1206 0
    endloop
  endfacet
  facet normal -0.675777 0.737107 0
    outer loop
      vertex 15.4142 -24.4142 0
      vertex 15.2856 -24.5321 3
      vertex 15.4142 -24.4142 3
    endloop
  endfacet
  facet normal -0.675777 0.737107 0
    outer loop
      vertex 15.2856 -24.5321 3
      vertex 15.4142 -24.4142 0
      vertex 15.2856 -24.5321 0
    endloop
  endfacet
  facet normal -0.216141 -0.976362 0
    outer loop
      vertex 14.3473 -19.0304 0
      vertex 14.5176 -19.0681 3
      vertex 14.3473 -19.0304 3
    endloop
  endfacet
  facet normal -0.216141 -0.976362 -0
    outer loop
      vertex 14.5176 -19.0681 3
      vertex 14.3473 -19.0304 0
      vertex 14.5176 -19.0681 0
    endloop
  endfacet
  facet normal 0.887207 0.461371 0
    outer loop
      vertex -15.7321 -24 3
      vertex -15.8126 -23.8452 0
      vertex -15.8126 -23.8452 3
    endloop
  endfacet
  facet normal 0.887207 0.461371 0
    outer loop
      vertex -15.8126 -23.8452 0
      vertex -15.7321 -24 3
      vertex -15.7321 -24 0
    endloop
  endfacet
  facet normal -0.608768 -0.793348 0
    outer loop
      vertex 15.1472 -19.3617 0
      vertex 15.2856 -19.4679 3
      vertex 15.1472 -19.3617 3
    endloop
  endfacet
  facet normal -0.608768 -0.793348 -0
    outer loop
      vertex 15.2856 -19.4679 3
      vertex 15.1472 -19.3617 0
      vertex 15.2856 -19.4679 0
    endloop
  endfacet
  facet normal -0.793348 0.608768 0
    outer loop
      vertex 15.5321 -24.2856 0
      vertex 15.6383 -24.1472 3
      vertex 15.6383 -24.1472 0
    endloop
  endfacet
  facet normal -0.793348 0.608768 0
    outer loop
      vertex 15.6383 -24.1472 3
      vertex 15.5321 -24.2856 0
      vertex 15.5321 -24.2856 3
    endloop
  endfacet
  facet normal 0.991427 -0.130662 0
    outer loop
      vertex -15.9924 -20.8257 3
      vertex -15.9696 -20.6527 0
      vertex -15.9696 -20.6527 3
    endloop
  endfacet
  facet normal 0.991427 -0.130662 0
    outer loop
      vertex -15.9696 -20.6527 0
      vertex -15.9924 -20.8257 3
      vertex -15.9924 -20.8257 0
    endloop
  endfacet
  facet normal -0.793348 -0.608768 0
    outer loop
      vertex 15.6383 -19.8528 0
      vertex 15.5321 -19.7144 3
      vertex 15.5321 -19.7144 0
    endloop
  endfacet
  facet normal -0.793348 -0.608768 0
    outer loop
      vertex 15.5321 -19.7144 3
      vertex 15.6383 -19.8528 0
      vertex 15.6383 -19.8528 3
    endloop
  endfacet
  facet normal 0.923821 0.382824 0
    outer loop
      vertex -15.8126 -23.8452 3
      vertex -15.8794 -23.684 0
      vertex -15.8794 -23.684 3
    endloop
  endfacet
  facet normal 0.923821 0.382824 0
    outer loop
      vertex -15.8794 -23.684 0
      vertex -15.8126 -23.8452 3
      vertex -15.8126 -23.8452 0
    endloop
  endfacet
  facet normal -0.999051 -0.0435616 0
    outer loop
      vertex 16 -21 0
      vertex 15.9924 -20.8257 3
      vertex 15.9924 -20.8257 0
    endloop
  endfacet
  facet normal -0.999051 -0.0435616 0
    outer loop
      vertex 15.9924 -20.8257 3
      vertex 16 -21 0
      vertex 16 -21 3
    endloop
  endfacet
  facet normal 0.923821 -0.382824 0
    outer loop
      vertex -15.8794 -20.316 3
      vertex -15.8126 -20.1548 0
      vertex -15.8126 -20.1548 3
    endloop
  endfacet
  facet normal 0.923821 -0.382824 0
    outer loop
      vertex -15.8126 -20.1548 0
      vertex -15.8794 -20.316 3
      vertex -15.8794 -20.316 0
    endloop
  endfacet
  facet normal 0.976362 0.216141 0
    outer loop
      vertex -15.9319 -23.5176 3
      vertex -15.9696 -23.3473 0
      vertex -15.9696 -23.3473 3
    endloop
  endfacet
  facet normal 0.976362 0.216141 0
    outer loop
      vertex -15.9696 -23.3473 0
      vertex -15.9319 -23.5176 3
      vertex -15.9319 -23.5176 0
    endloop
  endfacet
  facet normal -0.999051 0.0435616 0
    outer loop
      vertex 15.9924 -23.1743 0
      vertex 16 -23 3
      vertex 16 -23 0
    endloop
  endfacet
  facet normal -0.999051 0.0435616 0
    outer loop
      vertex 16 -23 3
      vertex 15.9924 -23.1743 0
      vertex 15.9924 -23.1743 3
    endloop
  endfacet
  facet normal 0.675777 0.737107 -0
    outer loop
      vertex -15.2856 -24.5321 0
      vertex -15.4142 -24.4142 3
      vertex -15.2856 -24.5321 3
    endloop
  endfacet
  facet normal 0.675777 0.737107 0
    outer loop
      vertex -15.4142 -24.4142 3
      vertex -15.2856 -24.5321 0
      vertex -15.4142 -24.4142 0
    endloop
  endfacet
  facet normal -0.130662 -0.991427 0
    outer loop
      vertex 14.1743 -19.0076 0
      vertex 14.3473 -19.0304 3
      vertex 14.1743 -19.0076 3
    endloop
  endfacet
  facet normal -0.130662 -0.991427 -0
    outer loop
      vertex 14.3473 -19.0304 3
      vertex 14.1743 -19.0076 0
      vertex 14.3473 -19.0304 0
    endloop
  endfacet
  facet normal 0.999051 -0.0435616 0
    outer loop
      vertex -16 -21 3
      vertex -15.9924 -20.8257 0
      vertex -15.9924 -20.8257 3
    endloop
  endfacet
  facet normal 0.999051 -0.0435616 0
    outer loop
      vertex -15.9924 -20.8257 0
      vertex -16 -21 3
      vertex -16 -21 0
    endloop
  endfacet
  facet normal 0.461371 -0.887207 0
    outer loop
      vertex -15 -19.2679 0
      vertex -14.8452 -19.1874 3
      vertex -15 -19.2679 3
    endloop
  endfacet
  facet normal 0.461371 -0.887207 0
    outer loop
      vertex -14.8452 -19.1874 3
      vertex -15 -19.2679 0
      vertex -14.8452 -19.1874 0
    endloop
  endfacet
  facet normal -0.843331 0.537394 0
    outer loop
      vertex 15.6383 -24.1472 0
      vertex 15.7321 -24 3
      vertex 15.7321 -24 0
    endloop
  endfacet
  facet normal -0.843331 0.537394 0
    outer loop
      vertex 15.7321 -24 3
      vertex 15.6383 -24.1472 0
      vertex 15.6383 -24.1472 3
    endloop
  endfacet
  facet normal -0.382824 -0.923821 0
    outer loop
      vertex 14.684 -19.1206 0
      vertex 14.8452 -19.1874 3
      vertex 14.684 -19.1206 3
    endloop
  endfacet
  facet normal -0.382824 -0.923821 -0
    outer loop
      vertex 14.8452 -19.1874 3
      vertex 14.684 -19.1206 0
      vertex 14.8452 -19.1874 0
    endloop
  endfacet
  facet normal -0.976362 0.216141 0
    outer loop
      vertex 15.9319 -23.5176 0
      vertex 15.9696 -23.3473 3
      vertex 15.9696 -23.3473 0
    endloop
  endfacet
  facet normal -0.976362 0.216141 0
    outer loop
      vertex 15.9696 -23.3473 3
      vertex 15.9319 -23.5176 0
      vertex 15.9319 -23.5176 3
    endloop
  endfacet
  facet normal -1 0 0
    outer loop
      vertex 16 -23 0
      vertex 16 -21 3
      vertex 16 -21 0
    endloop
  endfacet
  facet normal -1 -0 0
    outer loop
      vertex 16 -21 3
      vertex 16 -23 0
      vertex 16 -23 3
    endloop
  endfacet
  facet normal 0.461371 0.887207 -0
    outer loop
      vertex -14.8452 -24.8126 0
      vertex -15 -24.7321 3
      vertex -14.8452 -24.8126 3
    endloop
  endfacet
  facet normal 0.461371 0.887207 0
    outer loop
      vertex -15 -24.7321 3
      vertex -14.8452 -24.8126 0
      vertex -15 -24.7321 0
    endloop
  endfacet
  facet normal -0.675777 -0.737107 0
    outer loop
      vertex 15.2856 -19.4679 0
      vertex 15.4142 -19.5858 3
      vertex 15.2856 -19.4679 3
    endloop
  endfacet
  facet normal -0.675777 -0.737107 -0
    outer loop
      vertex 15.4142 -19.5858 3
      vertex 15.2856 -19.4679 0
      vertex 15.4142 -19.5858 0
    endloop
  endfacet
  facet normal -0.608768 0.793348 0
    outer loop
      vertex 15.2856 -24.5321 0
      vertex 15.1472 -24.6383 3
      vertex 15.2856 -24.5321 3
    endloop
  endfacet
  facet normal -0.608768 0.793348 0
    outer loop
      vertex 15.1472 -24.6383 3
      vertex 15.2856 -24.5321 0
      vertex 15.1472 -24.6383 0
    endloop
  endfacet
  facet normal 0.675777 -0.737107 0
    outer loop
      vertex -15.4142 -19.5858 0
      vertex -15.2856 -19.4679 3
      vertex -15.4142 -19.5858 3
    endloop
  endfacet
  facet normal 0.675777 -0.737107 0
    outer loop
      vertex -15.2856 -19.4679 3
      vertex -15.4142 -19.5858 0
      vertex -15.2856 -19.4679 0
    endloop
  endfacet
  facet normal 0.537394 -0.843331 0
    outer loop
      vertex -15.1472 -19.3617 0
      vertex -15 -19.2679 3
      vertex -15.1472 -19.3617 3
    endloop
  endfacet
  facet normal 0.537394 -0.843331 0
    outer loop
      vertex -15 -19.2679 3
      vertex -15.1472 -19.3617 0
      vertex -15 -19.2679 0
    endloop
  endfacet
  facet normal -0.991427 0.130662 0
    outer loop
      vertex 15.9696 -23.3473 0
      vertex 15.9924 -23.1743 3
      vertex 15.9924 -23.1743 0
    endloop
  endfacet
  facet normal -0.991427 0.130662 0
    outer loop
      vertex 15.9924 -23.1743 3
      vertex 15.9696 -23.3473 0
      vertex 15.9696 -23.3473 3
    endloop
  endfacet
  facet normal 0.953661 -0.300885 0
    outer loop
      vertex -15.9319 -20.4824 3
      vertex -15.8794 -20.316 0
      vertex -15.8794 -20.316 3
    endloop
  endfacet
  facet normal 0.953661 -0.300885 0
    outer loop
      vertex -15.8794 -20.316 0
      vertex -15.9319 -20.4824 3
      vertex -15.9319 -20.4824 0
    endloop
  endfacet
  facet normal -0.737107 -0.675777 0
    outer loop
      vertex 15.5321 -19.7144 0
      vertex 15.4142 -19.5858 3
      vertex 15.4142 -19.5858 0
    endloop
  endfacet
  facet normal -0.737107 -0.675777 0
    outer loop
      vertex 15.4142 -19.5858 3
      vertex 15.5321 -19.7144 0
      vertex 15.5321 -19.7144 3
    endloop
  endfacet
  facet normal 0.737107 0.675777 0
    outer loop
      vertex -15.4142 -24.4142 3
      vertex -15.5321 -24.2856 0
      vertex -15.5321 -24.2856 3
    endloop
  endfacet
  facet normal 0.737107 0.675777 0
    outer loop
      vertex -15.5321 -24.2856 0
      vertex -15.4142 -24.4142 3
      vertex -15.4142 -24.4142 0
    endloop
  endfacet
  facet normal 0.300885 0.953661 -0
    outer loop
      vertex -14.5176 -24.9319 0
      vertex -14.684 -24.8794 3
      vertex -14.5176 -24.9319 3
    endloop
  endfacet
  facet normal 0.300885 0.953661 0
    outer loop
      vertex -14.684 -24.8794 3
      vertex -14.5176 -24.9319 0
      vertex -14.684 -24.8794 0
    endloop
  endfacet
  facet normal 1 -0 0
    outer loop
      vertex -16 -23 3
      vertex -16 -21 0
      vertex -16 -21 3
    endloop
  endfacet
  facet normal 1 0 0
    outer loop
      vertex -16 -21 0
      vertex -16 -23 3
      vertex -16 -23 0
    endloop
  endfacet
  facet normal 0.737107 -0.675777 0
    outer loop
      vertex -15.5321 -19.7144 3
      vertex -15.4142 -19.5858 0
      vertex -15.4142 -19.5858 3
    endloop
  endfacet
  facet normal 0.737107 -0.675777 0
    outer loop
      vertex -15.4142 -19.5858 0
      vertex -15.5321 -19.7144 3
      vertex -15.5321 -19.7144 0
    endloop
  endfacet
  facet normal -0.953661 -0.300885 0
    outer loop
      vertex 15.9319 -20.4824 0
      vertex 15.8794 -20.316 3
      vertex 15.8794 -20.316 0
    endloop
  endfacet
  facet normal -0.953661 -0.300885 0
    outer loop
      vertex 15.8794 -20.316 3
      vertex 15.9319 -20.4824 0
      vertex 15.9319 -20.4824 3
    endloop
  endfacet
  facet normal 0.953661 0.300885 0
    outer loop
      vertex -15.8794 -23.684 3
      vertex -15.9319 -23.5176 0
      vertex -15.9319 -23.5176 3
    endloop
  endfacet
  facet normal 0.953661 0.300885 0
    outer loop
      vertex -15.9319 -23.5176 0
      vertex -15.8794 -23.684 3
      vertex -15.8794 -23.684 0
    endloop
  endfacet
  facet normal 0.793348 0.608768 0
    outer loop
      vertex -15.5321 -24.2856 3
      vertex -15.6383 -24.1472 0
      vertex -15.6383 -24.1472 3
    endloop
  endfacet
  facet normal 0.793348 0.608768 0
    outer loop
      vertex -15.6383 -24.1472 0
      vertex -15.5321 -24.2856 3
      vertex -15.5321 -24.2856 0
    endloop
  endfacet
  facet normal 0.843331 -0.537394 0
    outer loop
      vertex -15.7321 -20 3
      vertex -15.6383 -19.8528 0
      vertex -15.6383 -19.8528 3
    endloop
  endfacet
  facet normal 0.843331 -0.537394 0
    outer loop
      vertex -15.6383 -19.8528 0
      vertex -15.7321 -20 3
      vertex -15.7321 -20 0
    endloop
  endfacet
  facet normal -0.537394 0.843331 0
    outer loop
      vertex 15.1472 -24.6383 0
      vertex 15 -24.7321 3
      vertex 15.1472 -24.6383 3
    endloop
  endfacet
  facet normal -0.537394 0.843331 0
    outer loop
      vertex 15 -24.7321 3
      vertex 15.1472 -24.6383 0
      vertex 15 -24.7321 0
    endloop
  endfacet
  facet normal 0.537394 0.843331 -0
    outer loop
      vertex -15 -24.7321 0
      vertex -15.1472 -24.6383 3
      vertex -15 -24.7321 3
    endloop
  endfacet
  facet normal 0.537394 0.843331 0
    outer loop
      vertex -15.1472 -24.6383 3
      vertex -15 -24.7321 0
      vertex -15.1472 -24.6383 0
    endloop
  endfacet
  facet normal 0.608768 0.793348 -0
    outer loop
      vertex -15.1472 -24.6383 0
      vertex -15.2856 -24.5321 3
      vertex -15.1472 -24.6383 3
    endloop
  endfacet
  facet normal 0.608768 0.793348 0
    outer loop
      vertex -15.2856 -24.5321 3
      vertex -15.1472 -24.6383 0
      vertex -15.2856 -24.5321 0
    endloop
  endfacet
  facet normal -0.953661 0.300885 0
    outer loop
      vertex 15.8794 -23.684 0
      vertex 15.9319 -23.5176 3
      vertex 15.9319 -23.5176 0
    endloop
  endfacet
  facet normal -0.953661 0.300885 0
    outer loop
      vertex 15.9319 -23.5176 3
      vertex 15.8794 -23.684 0
      vertex 15.8794 -23.684 3
    endloop
  endfacet
  facet normal -0.923821 -0.382824 0
    outer loop
      vertex 15.8794 -20.316 0
      vertex 15.8126 -20.1548 3
      vertex 15.8126 -20.1548 0
    endloop
  endfacet
  facet normal -0.923821 -0.382824 0
    outer loop
      vertex 15.8126 -20.1548 3
      vertex 15.8794 -20.316 0
      vertex 15.8794 -20.316 3
    endloop
  endfacet
  facet normal -0.887207 -0.461371 0
    outer loop
      vertex 15.8126 -20.1548 0
      vertex 15.7321 -20 3
      vertex 15.7321 -20 0
    endloop
  endfacet
  facet normal -0.887207 -0.461371 0
    outer loop
      vertex 15.7321 -20 3
      vertex 15.8126 -20.1548 0
      vertex 15.8126 -20.1548 3
    endloop
  endfacet
  facet normal -0.382824 0.923821 0
    outer loop
      vertex 14.8452 -24.8126 0
      vertex 14.684 -24.8794 3
      vertex 14.8452 -24.8126 3
    endloop
  endfacet
  facet normal -0.382824 0.923821 0
    outer loop
      vertex 14.684 -24.8794 3
      vertex 14.8452 -24.8126 0
      vertex 14.684 -24.8794 0
    endloop
  endfacet
  facet normal -0.737107 0.675777 0
    outer loop
      vertex 15.4142 -24.4142 0
      vertex 15.5321 -24.2856 3
      vertex 15.5321 -24.2856 0
    endloop
  endfacet
  facet normal -0.737107 0.675777 0
    outer loop
      vertex 15.5321 -24.2856 3
      vertex 15.4142 -24.4142 0
      vertex 15.4142 -24.4142 3
    endloop
  endfacet
  facet normal -0.923821 0.382824 0
    outer loop
      vertex 15.8126 -23.8452 0
      vertex 15.8794 -23.684 3
      vertex 15.8794 -23.684 0
    endloop
  endfacet
  facet normal -0.923821 0.382824 0
    outer loop
      vertex 15.8794 -23.684 3
      vertex 15.8126 -23.8452 0
      vertex 15.8126 -23.8452 3
    endloop
  endfacet
  facet normal 0.793348 -0.608768 0
    outer loop
      vertex -15.6383 -19.8528 3
      vertex -15.5321 -19.7144 0
      vertex -15.5321 -19.7144 3
    endloop
  endfacet
  facet normal 0.793348 -0.608768 0
    outer loop
      vertex -15.5321 -19.7144 0
      vertex -15.6383 -19.8528 3
      vertex -15.6383 -19.8528 0
    endloop
  endfacet
  facet normal -0.461371 0.887207 0
    outer loop
      vertex 15 -24.7321 0
      vertex 14.8452 -24.8126 3
      vertex 15 -24.7321 3
    endloop
  endfacet
  facet normal -0.461371 0.887207 0
    outer loop
      vertex 14.8452 -24.8126 3
      vertex 15 -24.7321 0
      vertex 14.8452 -24.8126 0
    endloop
  endfacet
  facet normal -0.216524 0.976277 0
    outer loop
      vertex 14.5176 -2.93185 0
      vertex 14.3473 -2.96962 3
      vertex 14.5176 -2.93185 3
    endloop
  endfacet
  facet normal -0.216524 0.976277 0
    outer loop
      vertex 14.3473 -2.96962 3
      vertex 14.5176 -2.93185 0
      vertex 14.3473 -2.96962 0
    endloop
  endfacet
  facet normal -0.991424 -0.130684 0
    outer loop
      vertex 15.9924 1.17432 0
      vertex 15.9696 1.34729 3
      vertex 15.9696 1.34729 0
    endloop
  endfacet
  facet normal -0.991424 -0.130684 0
    outer loop
      vertex 15.9696 1.34729 3
      vertex 15.9924 1.17432 0
      vertex 15.9924 1.17432 3
    endloop
  endfacet
  facet normal 0.300728 -0.95371 0
    outer loop
      vertex -14.684 2.87938 0
      vertex -14.5176 2.93185 3
      vertex -14.684 2.87938 3
    endloop
  endfacet
  facet normal 0.300728 -0.95371 0
    outer loop
      vertex -14.5176 2.93185 3
      vertex -14.684 2.87938 0
      vertex -14.5176 2.93185 0
    endloop
  endfacet
  facet normal -0.461641 -0.887067 0
    outer loop
      vertex 14.8452 2.81262 0
      vertex 15 2.73206 3
      vertex 14.8452 2.81262 3
    endloop
  endfacet
  facet normal -0.461641 -0.887067 -0
    outer loop
      vertex 15 2.73206 3
      vertex 14.8452 2.81262 0
      vertex 15 2.73206 0
    endloop
  endfacet
  facet normal 0.887171 -0.461441 0
    outer loop
      vertex -15.8126 1.84523 3
      vertex -15.7321 2 0
      vertex -15.7321 2 3
    endloop
  endfacet
  facet normal 0.887171 -0.461441 0
    outer loop
      vertex -15.7321 2 0
      vertex -15.8126 1.84523 3
      vertex -15.8126 1.84523 0
    endloop
  endfacet
  facet normal 0.216524 -0.976277 0
    outer loop
      vertex -14.5176 2.93185 0
      vertex -14.3473 2.96962 3
      vertex -14.5176 2.93185 3
    endloop
  endfacet
  facet normal 0.216524 -0.976277 0
    outer loop
      vertex -14.3473 2.96962 3
      vertex -14.5176 2.93185 0
      vertex -14.3473 2.96962 0
    endloop
  endfacet
  facet normal 0.976375 -0.216081 0
    outer loop
      vertex -15.9696 1.34729 3
      vertex -15.9319 1.51764 0
      vertex -15.9319 1.51764 3
    endloop
  endfacet
  facet normal 0.976375 -0.216081 0
    outer loop
      vertex -15.9319 1.51764 0
      vertex -15.9696 1.34729 3
      vertex -15.9696 1.34729 0
    endloop
  endfacet
  facet normal 0 1 -0
    outer loop
      vertex 14 -3 0
      vertex -14 -3 3
      vertex 14 -3 3
    endloop
  endfacet
  facet normal 0 1 0
    outer loop
      vertex -14 -3 3
      vertex 14 -3 0
      vertex -14 -3 0
    endloop
  endfacet
  facet normal 0.999051 0.0435566 0
    outer loop
      vertex -15.9924 -1.17432 3
      vertex -16 -1 0
      vertex -16 -1 3
    endloop
  endfacet
  facet normal 0.999051 0.0435566 0
    outer loop
      vertex -16 -1 0
      vertex -15.9924 -1.17432 3
      vertex -15.9924 -1.17432 0
    endloop
  endfacet
  facet normal 0 -1 0
    outer loop
      vertex -14 3 0
      vertex 14 3 3
      vertex -14 3 3
    endloop
  endfacet
  facet normal 0 -1 -0
    outer loop
      vertex 14 3 3
      vertex -14 3 0
      vertex 14 3 0
    endloop
  endfacet
  facet normal 0.382629 0.923902 -0
    outer loop
      vertex -14.684 -2.87938 0
      vertex -14.8452 -2.81262 3
      vertex -14.684 -2.87938 3
    endloop
  endfacet
  facet normal 0.382629 0.923902 0
    outer loop
      vertex -14.8452 -2.81262 3
      vertex -14.684 -2.87938 0
      vertex -14.8452 -2.81262 0
    endloop
  endfacet
  facet normal 0.608841 -0.793293 0
    outer loop
      vertex -15.2856 2.53209 0
      vertex -15.1472 2.63831 3
      vertex -15.2856 2.53209 3
    endloop
  endfacet
  facet normal 0.608841 -0.793293 0
    outer loop
      vertex -15.1472 2.63831 3
      vertex -15.2856 2.53209 0
      vertex -15.1472 2.63831 0
    endloop
  endfacet
  facet normal 0.382629 -0.923902 0
    outer loop
      vertex -14.8452 2.81262 0
      vertex -14.684 2.87938 3
      vertex -14.8452 2.81262 3
    endloop
  endfacet
  facet normal 0.382629 -0.923902 0
    outer loop
      vertex -14.684 2.87938 3
      vertex -14.8452 2.81262 0
      vertex -14.684 2.87938 0
    endloop
  endfacet
  facet normal -0.130493 0.991449 0
    outer loop
      vertex 14.3473 -2.96962 0
      vertex 14.1743 -2.99239 3
      vertex 14.3473 -2.96962 3
    endloop
  endfacet
  facet normal -0.130493 0.991449 0
    outer loop
      vertex 14.1743 -2.99239 3
      vertex 14.3473 -2.96962 0
      vertex 14.1743 -2.99239 0
    endloop
  endfacet
  facet normal 0.130493 -0.991449 0
    outer loop
      vertex -14.3473 2.96962 0
      vertex -14.1743 2.99239 3
      vertex -14.3473 2.96962 3
    endloop
  endfacet
  facet normal 0.130493 -0.991449 0
    outer loop
      vertex -14.1743 2.99239 3
      vertex -14.3473 2.96962 0
      vertex -14.1743 2.99239 0
    endloop
  endfacet
  facet normal 0.991424 0.130684 0
    outer loop
      vertex -15.9696 -1.34729 3
      vertex -15.9924 -1.17432 0
      vertex -15.9924 -1.17432 3
    endloop
  endfacet
  facet normal 0.991424 0.130684 0
    outer loop
      vertex -15.9924 -1.17432 0
      vertex -15.9696 -1.34729 3
      vertex -15.9696 -1.34729 0
    endloop
  endfacet
  facet normal -0.0436188 0.999048 0
    outer loop
      vertex 14.1743 -2.99239 0
      vertex 14 -3 3
      vertex 14.1743 -2.99239 3
    endloop
  endfacet
  facet normal -0.0436188 0.999048 0
    outer loop
      vertex 14 -3 3
      vertex 14.1743 -2.99239 0
      vertex 14 -3 0
    endloop
  endfacet
  facet normal 0.0436188 -0.999048 0
    outer loop
      vertex -14.1743 2.99239 0
      vertex -14 3 3
      vertex -14.1743 2.99239 3
    endloop
  endfacet
  facet normal 0.0436188 -0.999048 0
    outer loop
      vertex -14 3 3
      vertex -14.1743 2.99239 0
      vertex -14 3 0
    endloop
  endfacet
  facet normal -0.976375 -0.216081 0
    outer loop
      vertex 15.9696 1.34729 0
      vertex 15.9319 1.51764 3
      vertex 15.9319 1.51764 0
    endloop
  endfacet
  facet normal -0.976375 -0.216081 0
    outer loop
      vertex 15.9319 1.51764 3
      vertex 15.9696 1.34729 0
      vertex 15.9696 1.34729 3
    endloop
  endfacet
  facet normal 0.130493 0.991449 -0
    outer loop
      vertex -14.1743 -2.99239 0
      vertex -14.3473 -2.96962 3
      vertex -14.1743 -2.99239 3
    endloop
  endfacet
  facet normal 0.130493 0.991449 0
    outer loop
      vertex -14.3473 -2.96962 3
      vertex -14.1743 -2.99239 0
      vertex -14.3473 -2.96962 0
    endloop
  endfacet
  facet normal -0.887171 0.461441 0
    outer loop
      vertex 15.7321 -2 0
      vertex 15.8126 -1.84523 3
      vertex 15.8126 -1.84523 0
    endloop
  endfacet
  facet normal -0.887171 0.461441 0
    outer loop
      vertex 15.8126 -1.84523 3
      vertex 15.7321 -2 0
      vertex 15.7321 -2 3
    endloop
  endfacet
  facet normal -0.300728 0.95371 0
    outer loop
      vertex 14.684 -2.87938 0
      vertex 14.5176 -2.93185 3
      vertex 14.684 -2.87938 3
    endloop
  endfacet
  facet normal -0.300728 0.95371 0
    outer loop
      vertex 14.5176 -2.93185 3
      vertex 14.684 -2.87938 0
      vertex 14.5176 -2.93185 0
    endloop
  endfacet
  facet normal -0.0436188 -0.999048 0
    outer loop
      vertex 14 3 0
      vertex 14.1743 2.99239 3
      vertex 14 3 3
    endloop
  endfacet
  facet normal -0.0436188 -0.999048 -0
    outer loop
      vertex 14.1743 2.99239 3
      vertex 14 3 0
      vertex 14.1743 2.99239 0
    endloop
  endfacet
  facet normal -0.537191 -0.843461 0
    outer loop
      vertex 15 2.73206 0
      vertex 15.1472 2.63831 3
      vertex 15 2.73206 3
    endloop
  endfacet
  facet normal -0.537191 -0.843461 -0
    outer loop
      vertex 15.1472 2.63831 3
      vertex 15 2.73206 0
      vertex 15.1472 2.63831 0
    endloop
  endfacet
  facet normal 0.216524 0.976277 -0
    outer loop
      vertex -14.3473 -2.96962 0
      vertex -14.5176 -2.93185 3
      vertex -14.3473 -2.96962 3
    endloop
  endfacet
  facet normal 0.216524 0.976277 0
    outer loop
      vertex -14.5176 -2.93185 3
      vertex -14.3473 -2.96962 0
      vertex -14.5176 -2.93185 0
    endloop
  endfacet
  facet normal 0.0436188 0.999048 -0
    outer loop
      vertex -14 -3 0
      vertex -14.1743 -2.99239 3
      vertex -14 -3 3
    endloop
  endfacet
  facet normal 0.0436188 0.999048 0
    outer loop
      vertex -14.1743 -2.99239 3
      vertex -14 -3 0
      vertex -14.1743 -2.99239 0
    endloop
  endfacet
  facet normal -0.843265 -0.537498 0
    outer loop
      vertex 15.7321 2 0
      vertex 15.6383 2.14716 3
      vertex 15.6383 2.14716 0
    endloop
  endfacet
  facet normal -0.843265 -0.537498 0
    outer loop
      vertex 15.6383 2.14716 3
      vertex 15.7321 2 0
      vertex 15.7321 2 3
    endloop
  endfacet
  facet normal 0.843265 0.537498 0
    outer loop
      vertex -15.6383 -2.14716 3
      vertex -15.7321 -2 0
      vertex -15.7321 -2 3
    endloop
  endfacet
  facet normal 0.843265 0.537498 0
    outer loop
      vertex -15.7321 -2 0
      vertex -15.6383 -2.14716 3
      vertex -15.6383 -2.14716 0
    endloop
  endfacet
  facet normal -0.300728 -0.95371 0
    outer loop
      vertex 14.5176 2.93185 0
      vertex 14.684 2.87938 3
      vertex 14.5176 2.93185 3
    endloop
  endfacet
  facet normal -0.300728 -0.95371 -0
    outer loop
      vertex 14.684 2.87938 3
      vertex 14.5176 2.93185 0
      vertex 14.684 2.87938 0
    endloop
  endfacet
  facet normal -0.675683 0.737192 0
    outer loop
      vertex 15.4142 -2.41422 0
      vertex 15.2856 -2.53209 3
      vertex 15.4142 -2.41422 3
    endloop
  endfacet
  facet normal -0.675683 0.737192 0
    outer loop
      vertex 15.2856 -2.53209 3
      vertex 15.4142 -2.41422 0
      vertex 15.2856 -2.53209 0
    endloop
  endfacet
  facet normal -0.216524 -0.976277 0
    outer loop
      vertex 14.3473 2.96962 0
      vertex 14.5176 2.93185 3
      vertex 14.3473 2.96962 3
    endloop
  endfacet
  facet normal -0.216524 -0.976277 -0
    outer loop
      vertex 14.5176 2.93185 3
      vertex 14.3473 2.96962 0
      vertex 14.5176 2.93185 0
    endloop
  endfacet
  facet normal 0.887171 0.461441 0
    outer loop
      vertex -15.7321 -2 3
      vertex -15.8126 -1.84523 0
      vertex -15.8126 -1.84523 3
    endloop
  endfacet
  facet normal 0.887171 0.461441 0
    outer loop
      vertex -15.8126 -1.84523 0
      vertex -15.7321 -2 3
      vertex -15.7321 -2 0
    endloop
  endfacet
  facet normal -0.608841 -0.793293 0
    outer loop
      vertex 15.1472 2.63831 0
      vertex 15.2856 2.53209 3
      vertex 15.1472 2.63831 3
    endloop
  endfacet
  facet normal -0.608841 -0.793293 -0
    outer loop
      vertex 15.2856 2.53209 3
      vertex 15.1472 2.63831 0
      vertex 15.2856 2.53209 0
    endloop
  endfacet
  facet normal -0.793369 0.608741 0
    outer loop
      vertex 15.5321 -2.28557 0
      vertex 15.6383 -2.14716 3
      vertex 15.6383 -2.14716 0
    endloop
  endfacet
  facet normal -0.793369 0.608741 0
    outer loop
      vertex 15.6383 -2.14716 3
      vertex 15.5321 -2.28557 0
      vertex 15.5321 -2.28557 3
    endloop
  endfacet
  facet normal 0.991424 -0.130684 0
    outer loop
      vertex -15.9924 1.17432 3
      vertex -15.9696 1.34729 0
      vertex -15.9696 1.34729 3
    endloop
  endfacet
  facet normal 0.991424 -0.130684 0
    outer loop
      vertex -15.9696 1.34729 0
      vertex -15.9924 1.17432 3
      vertex -15.9924 1.17432 0
    endloop
  endfacet
  facet normal -0.793369 -0.608741 0
    outer loop
      vertex 15.6383 2.14716 0
      vertex 15.5321 2.28557 3
      vertex 15.5321 2.28557 0
    endloop
  endfacet
  facet normal -0.793369 -0.608741 0
    outer loop
      vertex 15.5321 2.28557 3
      vertex 15.6383 2.14716 0
      vertex 15.6383 2.14716 3
    endloop
  endfacet
  facet normal 0.923813 0.382844 0
    outer loop
      vertex -15.8126 -1.84523 3
      vertex -15.8794 -1.68404 0
      vertex -15.8794 -1.68404 3
    endloop
  endfacet
  facet normal 0.923813 0.382844 0
    outer loop
      vertex -15.8794 -1.68404 0
      vertex -15.8126 -1.84523 3
      vertex -15.8126 -1.84523 0
    endloop
  endfacet
  facet normal -0.999051 -0.0435566 0
    outer loop
      vertex 16 1 0
      vertex 15.9924 1.17432 3
      vertex 15.9924 1.17432 0
    endloop
  endfacet
  facet normal -0.999051 -0.0435566 0
    outer loop
      vertex 15.9924 1.17432 3
      vertex 16 1 0
      vertex 16 1 3
    endloop
  endfacet
  facet normal 0.923813 -0.382844 0
    outer loop
      vertex -15.8794 1.68404 3
      vertex -15.8126 1.84523 0
      vertex -15.8126 1.84523 3
    endloop
  endfacet
  facet normal 0.923813 -0.382844 0
    outer loop
      vertex -15.8126 1.84523 0
      vertex -15.8794 1.68404 3
      vertex -15.8794 1.68404 0
    endloop
  endfacet
  facet normal 0.976375 0.216081 0
    outer loop
      vertex -15.9319 -1.51764 3
      vertex -15.9696 -1.34729 0
      vertex -15.9696 -1.34729 3
    endloop
  endfacet
  facet normal 0.976375 0.216081 0
    outer loop
      vertex -15.9696 -1.34729 0
      vertex -15.9319 -1.51764 3
      vertex -15.9319 -1.51764 0
    endloop
  endfacet
  facet normal -0.999051 0.0435566 0
    outer loop
      vertex 15.9924 -1.17432 0
      vertex 16 -1 3
      vertex 16 -1 0
    endloop
  endfacet
  facet normal -0.999051 0.0435566 0
    outer loop
      vertex 16 -1 3
      vertex 15.9924 -1.17432 0
      vertex 15.9924 -1.17432 3
    endloop
  endfacet
  facet normal 0.675683 0.737192 -0
    outer loop
      vertex -15.2856 -2.53209 0
      vertex -15.4142 -2.41422 3
      vertex -15.2856 -2.53209 3
    endloop
  endfacet
  facet normal 0.675683 0.737192 0
    outer loop
      vertex -15.4142 -2.41422 3
      vertex -15.2856 -2.53209 0
      vertex -15.4142 -2.41422 0
    endloop
  endfacet
  facet normal -0.130493 -0.991449 0
    outer loop
      vertex 14.1743 2.99239 0
      vertex 14.3473 2.96962 3
      vertex 14.1743 2.99239 3
    endloop
  endfacet
  facet normal -0.130493 -0.991449 -0
    outer loop
      vertex 14.3473 2.96962 3
      vertex 14.1743 2.99239 0
      vertex 14.3473 2.96962 0
    endloop
  endfacet
  facet normal 0.999051 -0.0435566 0
    outer loop
      vertex -16 1 3
      vertex -15.9924 1.17432 0
      vertex -15.9924 1.17432 3
    endloop
  endfacet
  facet normal 0.999051 -0.0435566 0
    outer loop
      vertex -15.9924 1.17432 0
      vertex -16 1 3
      vertex -16 1 0
    endloop
  endfacet
  facet normal 0.461641 -0.887067 0
    outer loop
      vertex -15 2.73206 0
      vertex -14.8452 2.81262 3
      vertex -15 2.73206 3
    endloop
  endfacet
  facet normal 0.461641 -0.887067 0
    outer loop
      vertex -14.8452 2.81262 3
      vertex -15 2.73206 0
      vertex -14.8452 2.81262 0
    endloop
  endfacet
  facet normal -0.843265 0.537498 0
    outer loop
      vertex 15.6383 -2.14716 0
      vertex 15.7321 -2 3
      vertex 15.7321 -2 0
    endloop
  endfacet
  facet normal -0.843265 0.537498 0
    outer loop
      vertex 15.7321 -2 3
      vertex 15.6383 -2.14716 0
      vertex 15.6383 -2.14716 3
    endloop
  endfacet
  facet normal -0.382629 -0.923902 0
    outer loop
      vertex 14.684 2.87938 0
      vertex 14.8452 2.81262 3
      vertex 14.684 2.87938 3
    endloop
  endfacet
  facet normal -0.382629 -0.923902 -0
    outer loop
      vertex 14.8452 2.81262 3
      vertex 14.684 2.87938 0
      vertex 14.8452 2.81262 0
    endloop
  endfacet
  facet normal -0.976375 0.216081 0
    outer loop
      vertex 15.9319 -1.51764 0
      vertex 15.9696 -1.34729 3
      vertex 15.9696 -1.34729 0
    endloop
  endfacet
  facet normal -0.976375 0.216081 0
    outer loop
      vertex 15.9696 -1.34729 3
      vertex 15.9319 -1.51764 0
      vertex 15.9319 -1.51764 3
    endloop
  endfacet
  facet normal -1 0 0
    outer loop
      vertex 16 -1 0
      vertex 16 1 3
      vertex 16 1 0
    endloop
  endfacet
  facet normal -1 -0 0
    outer loop
      vertex 16 1 3
      vertex 16 -1 0
      vertex 16 -1 3
    endloop
  endfacet
  facet normal 0.461641 0.887067 -0
    outer loop
      vertex -14.8452 -2.81262 0
      vertex -15 -2.73206 3
      vertex -14.8452 -2.81262 3
    endloop
  endfacet
  facet normal 0.461641 0.887067 0
    outer loop
      vertex -15 -2.73206 3
      vertex -14.8452 -2.81262 0
      vertex -15 -2.73206 0
    endloop
  endfacet
  facet normal -0.675683 -0.737192 0
    outer loop
      vertex 15.2856 2.53209 0
      vertex 15.4142 2.41422 3
      vertex 15.2856 2.53209 3
    endloop
  endfacet
  facet normal -0.675683 -0.737192 -0
    outer loop
      vertex 15.4142 2.41422 3
      vertex 15.2856 2.53209 0
      vertex 15.4142 2.41422 0
    endloop
  endfacet
  facet normal -0.608841 0.793293 0
    outer loop
      vertex 15.2856 -2.53209 0
      vertex 15.1472 -2.63831 3
      vertex 15.2856 -2.53209 3
    endloop
  endfacet
  facet normal -0.608841 0.793293 0
    outer loop
      vertex 15.1472 -2.63831 3
      vertex 15.2856 -2.53209 0
      vertex 15.1472 -2.63831 0
    endloop
  endfacet
  facet normal 0.675683 -0.737192 0
    outer loop
      vertex -15.4142 2.41422 0
      vertex -15.2856 2.53209 3
      vertex -15.4142 2.41422 3
    endloop
  endfacet
  facet normal 0.675683 -0.737192 0
    outer loop
      vertex -15.2856 2.53209 3
      vertex -15.4142 2.41422 0
      vertex -15.2856 2.53209 0
    endloop
  endfacet
  facet normal 0.537191 -0.843461 0
    outer loop
      vertex -15.1472 2.63831 0
      vertex -15 2.73206 3
      vertex -15.1472 2.63831 3
    endloop
  endfacet
  facet normal 0.537191 -0.843461 0
    outer loop
      vertex -15 2.73206 3
      vertex -15.1472 2.63831 0
      vertex -15 2.73206 0
    endloop
  endfacet
  facet normal -0.991424 0.130684 0
    outer loop
      vertex 15.9696 -1.34729 0
      vertex 15.9924 -1.17432 3
      vertex 15.9924 -1.17432 0
    endloop
  endfacet
  facet normal -0.991424 0.130684 0
    outer loop
      vertex 15.9924 -1.17432 3
      vertex 15.9696 -1.34729 0
      vertex 15.9696 -1.34729 3
    endloop
  endfacet
  facet normal 0.953661 -0.300885 0
    outer loop
      vertex -15.9319 1.51764 3
      vertex -15.8794 1.68404 0
      vertex -15.8794 1.68404 3
    endloop
  endfacet
  facet normal 0.953661 -0.300885 0
    outer loop
      vertex -15.8794 1.68404 0
      vertex -15.9319 1.51764 3
      vertex -15.9319 1.51764 0
    endloop
  endfacet
  facet normal -0.737237 -0.675634 0
    outer loop
      vertex 15.5321 2.28557 0
      vertex 15.4142 2.41422 3
      vertex 15.4142 2.41422 0
    endloop
  endfacet
  facet normal -0.737237 -0.675634 0
    outer loop
      vertex 15.4142 2.41422 3
      vertex 15.5321 2.28557 0
      vertex 15.5321 2.28557 3
    endloop
  endfacet
  facet normal 0.737237 0.675634 0
    outer loop
      vertex -15.4142 -2.41422 3
      vertex -15.5321 -2.28557 0
      vertex -15.5321 -2.28557 3
    endloop
  endfacet
  facet normal 0.737237 0.675634 0
    outer loop
      vertex -15.5321 -2.28557 0
      vertex -15.4142 -2.41422 3
      vertex -15.4142 -2.41422 0
    endloop
  endfacet
  facet normal 0.300728 0.95371 -0
    outer loop
      vertex -14.5176 -2.93185 0
      vertex -14.684 -2.87938 3
      vertex -14.5176 -2.93185 3
    endloop
  endfacet
  facet normal 0.300728 0.95371 0
    outer loop
      vertex -14.684 -2.87938 3
      vertex -14.5176 -2.93185 0
      vertex -14.684 -2.87938 0
    endloop
  endfacet
  facet normal 1 -0 0
    outer loop
      vertex -16 -1 3
      vertex -16 1 0
      vertex -16 1 3
    endloop
  endfacet
  facet normal 1 0 0
    outer loop
      vertex -16 1 0
      vertex -16 -1 3
      vertex -16 -1 0
    endloop
  endfacet
  facet normal 0.737237 -0.675634 0
    outer loop
      vertex -15.5321 2.28557 3
      vertex -15.4142 2.41422 0
      vertex -15.4142 2.41422 3
    endloop
  endfacet
  facet normal 0.737237 -0.675634 0
    outer loop
      vertex -15.4142 2.41422 0
      vertex -15.5321 2.28557 3
      vertex -15.5321 2.28557 0
    endloop
  endfacet
  facet normal -0.953661 -0.300885 0
    outer loop
      vertex 15.9319 1.51764 0
      vertex 15.8794 1.68404 3
      vertex 15.8794 1.68404 0
    endloop
  endfacet
  facet normal -0.953661 -0.300885 0
    outer loop
      vertex 15.8794 1.68404 3
      vertex 15.9319 1.51764 0
      vertex 15.9319 1.51764 3
    endloop
  endfacet
  facet normal 0.953661 0.300885 0
    outer loop
      vertex -15.8794 -1.68404 3
      vertex -15.9319 -1.51764 0
      vertex -15.9319 -1.51764 3
    endloop
  endfacet
  facet normal 0.953661 0.300885 0
    outer loop
      vertex -15.9319 -1.51764 0
      vertex -15.8794 -1.68404 3
      vertex -15.8794 -1.68404 0
    endloop
  endfacet
  facet normal 0.793369 0.608741 0
    outer loop
      vertex -15.5321 -2.28557 3
      vertex -15.6383 -2.14716 0
      vertex -15.6383 -2.14716 3
    endloop
  endfacet
  facet normal 0.793369 0.608741 0
    outer loop
      vertex -15.6383 -2.14716 0
      vertex -15.5321 -2.28557 3
      vertex -15.5321 -2.28557 0
    endloop
  endfacet
  facet normal 0.843265 -0.537498 0
    outer loop
      vertex -15.7321 2 3
      vertex -15.6383 2.14716 0
      vertex -15.6383 2.14716 3
    endloop
  endfacet
  facet normal 0.843265 -0.537498 0
    outer loop
      vertex -15.6383 2.14716 0
      vertex -15.7321 2 3
      vertex -15.7321 2 0
    endloop
  endfacet
  facet normal -0.537191 0.843461 0
    outer loop
      vertex 15.1472 -2.63831 0
      vertex 15 -2.73206 3
      vertex 15.1472 -2.63831 3
    endloop
  endfacet
  facet normal -0.537191 0.843461 0
    outer loop
      vertex 15 -2.73206 3
      vertex 15.1472 -2.63831 0
      vertex 15 -2.73206 0
    endloop
  endfacet
  facet normal 0.537191 0.843461 -0
    outer loop
      vertex -15 -2.73206 0
      vertex -15.1472 -2.63831 3
      vertex -15 -2.73206 3
    endloop
  endfacet
  facet normal 0.537191 0.843461 0
    outer loop
      vertex -15.1472 -2.63831 3
      vertex -15 -2.73206 0
      vertex -15.1472 -2.63831 0
    endloop
  endfacet
  facet normal 0.608841 0.793293 -0
    outer loop
      vertex -15.1472 -2.63831 0
      vertex -15.2856 -2.53209 3
      vertex -15.1472 -2.63831 3
    endloop
  endfacet
  facet normal 0.608841 0.793293 0
    outer loop
      vertex -15.2856 -2.53209 3
      vertex -15.1472 -2.63831 0
      vertex -15.2856 -2.53209 0
    endloop
  endfacet
  facet normal -0.953661 0.300885 0
    outer loop
      vertex 15.8794 -1.68404 0
      vertex 15.9319 -1.51764 3
      vertex 15.9319 -1.51764 0
    endloop
  endfacet
  facet normal -0.953661 0.300885 0
    outer loop
      vertex 15.9319 -1.51764 3
      vertex 15.8794 -1.68404 0
      vertex 15.8794 -1.68404 3
    endloop
  endfacet
  facet normal -0.923813 -0.382844 0
    outer loop
      vertex 15.8794 1.68404 0
      vertex 15.8126 1.84523 3
      vertex 15.8126 1.84523 0
    endloop
  endfacet
  facet normal -0.923813 -0.382844 0
    outer loop
      vertex 15.8126 1.84523 3
      vertex 15.8794 1.68404 0
      vertex 15.8794 1.68404 3
    endloop
  endfacet
  facet normal -0.887171 -0.461441 0
    outer loop
      vertex 15.8126 1.84523 0
      vertex 15.7321 2 3
      vertex 15.7321 2 0
    endloop
  endfacet
  facet normal -0.887171 -0.461441 0
    outer loop
      vertex 15.7321 2 3
      vertex 15.8126 1.84523 0
      vertex 15.8126 1.84523 3
    endloop
  endfacet
  facet normal -0.382629 0.923902 0
    outer loop
      vertex 14.8452 -2.81262 0
      vertex 14.684 -2.87938 3
      vertex 14.8452 -2.81262 3
    endloop
  endfacet
  facet normal -0.382629 0.923902 0
    outer loop
      vertex 14.684 -2.87938 3
      vertex 14.8452 -2.81262 0
      vertex 14.684 -2.87938 0
    endloop
  endfacet
  facet normal -0.737237 0.675634 0
    outer loop
      vertex 15.4142 -2.41422 0
      vertex 15.5321 -2.28557 3
      vertex 15.5321 -2.28557 0
    endloop
  endfacet
  facet normal -0.737237 0.675634 0
    outer loop
      vertex 15.5321 -2.28557 3
      vertex 15.4142 -2.41422 0
      vertex 15.4142 -2.41422 3
    endloop
  endfacet
  facet normal -0.923813 0.382844 0
    outer loop
      vertex 15.8126 -1.84523 0
      vertex 15.8794 -1.68404 3
      vertex 15.8794 -1.68404 0
    endloop
  endfacet
  facet normal -0.923813 0.382844 0
    outer loop
      vertex 15.8794 -1.68404 3
      vertex 15.8126 -1.84523 0
      vertex 15.8126 -1.84523 3
    endloop
  endfacet
  facet normal 0.793369 -0.608741 0
    outer loop
      vertex -15.6383 2.14716 3
      vertex -15.5321 2.28557 0
      vertex -15.5321 2.28557 3
    endloop
  endfacet
  facet normal 0.793369 -0.608741 0
    outer loop
      vertex -15.5321 2.28557 0
      vertex -15.6383 2.14716 3
      vertex -15.6383 2.14716 0
    endloop
  endfacet
  facet normal -0.461641 0.887067 0
    outer loop
      vertex 15 -2.73206 0
      vertex 14.8452 -2.81262 3
      vertex 15 -2.73206 3
    endloop
  endfacet
  facet normal -0.461641 0.887067 0
    outer loop
      vertex 14.8452 -2.81262 3
      vertex 15 -2.73206 0
      vertex 14.8452 -2.81262 0
    endloop
  endfacet
  facet normal -0.216141 0.976362 0
    outer loop
      vertex 14.5176 19.0681 0
      vertex 14.3473 19.0304 3
      vertex 14.5176 19.0681 3
    endloop
  endfacet
  facet normal -0.216141 0.976362 0
    outer loop
      vertex 14.3473 19.0304 3
      vertex 14.5176 19.0681 0
      vertex 14.3473 19.0304 0
    endloop
  endfacet
  facet normal -0.991427 -0.130662 0
    outer loop
      vertex 15.9924 23.1743 0
      vertex 15.9696 23.3473 3
      vertex 15.9696 23.3473 0
    endloop
  endfacet
  facet normal -0.991427 -0.130662 0
    outer loop
      vertex 15.9696 23.3473 3
      vertex 15.9924 23.1743 0
      vertex 15.9924 23.1743 3
    endloop
  endfacet
  facet normal 0.300885 -0.953661 0
    outer loop
      vertex -14.684 24.8794 0
      vertex -14.5176 24.9319 3
      vertex -14.684 24.8794 3
    endloop
  endfacet
  facet normal 0.300885 -0.953661 0
    outer loop
      vertex -14.5176 24.9319 3
      vertex -14.684 24.8794 0
      vertex -14.5176 24.9319 0
    endloop
  endfacet
  facet normal -0.461371 -0.887207 0
    outer loop
      vertex 14.8452 24.8126 0
      vertex 15 24.7321 3
      vertex 14.8452 24.8126 3
    endloop
  endfacet
  facet normal -0.461371 -0.887207 -0
    outer loop
      vertex 15 24.7321 3
      vertex 14.8452 24.8126 0
      vertex 15 24.7321 0
    endloop
  endfacet
  facet normal 0.887207 -0.461371 0
    outer loop
      vertex -15.8126 23.8452 3
      vertex -15.7321 24 0
      vertex -15.7321 24 3
    endloop
  endfacet
  facet normal 0.887207 -0.461371 0
    outer loop
      vertex -15.7321 24 0
      vertex -15.8126 23.8452 3
      vertex -15.8126 23.8452 0
    endloop
  endfacet
  facet normal 0.216141 -0.976362 0
    outer loop
      vertex -14.5176 24.9319 0
      vertex -14.3473 24.9696 3
      vertex -14.5176 24.9319 3
    endloop
  endfacet
  facet normal 0.216141 -0.976362 0
    outer loop
      vertex -14.3473 24.9696 3
      vertex -14.5176 24.9319 0
      vertex -14.3473 24.9696 0
    endloop
  endfacet
  facet normal 0.976362 -0.216141 0
    outer loop
      vertex -15.9696 23.3473 3
      vertex -15.9319 23.5176 0
      vertex -15.9319 23.5176 3
    endloop
  endfacet
  facet normal 0.976362 -0.216141 0
    outer loop
      vertex -15.9319 23.5176 0
      vertex -15.9696 23.3473 3
      vertex -15.9696 23.3473 0
    endloop
  endfacet
  facet normal 0 1 -0
    outer loop
      vertex 14 19 0
      vertex -14 19 3
      vertex 14 19 3
    endloop
  endfacet
  facet normal 0 1 0
    outer loop
      vertex -14 19 3
      vertex 14 19 0
      vertex -14 19 0
    endloop
  endfacet
  facet normal 0.999051 0.0435616 0
    outer loop
      vertex -15.9924 20.8257 3
      vertex -16 21 0
      vertex -16 21 3
    endloop
  endfacet
  facet normal 0.999051 0.0435616 0
    outer loop
      vertex -16 21 0
      vertex -15.9924 20.8257 3
      vertex -15.9924 20.8257 0
    endloop
  endfacet
  facet normal 0 -1 0
    outer loop
      vertex -14 25 0
      vertex 14 25 3
      vertex -14 25 3
    endloop
  endfacet
  facet normal 0 -1 -0
    outer loop
      vertex 14 25 3
      vertex -14 25 0
      vertex 14 25 0
    endloop
  endfacet
  facet normal 0.382824 0.923821 -0
    outer loop
      vertex -14.684 19.1206 0
      vertex -14.8452 19.1874 3
      vertex -14.684 19.1206 3
    endloop
  endfacet
  facet normal 0.382824 0.923821 0
    outer loop
      vertex -14.8452 19.1874 3
      vertex -14.684 19.1206 0
      vertex -14.8452 19.1874 0
    endloop
  endfacet
  facet normal 0.608768 -0.793348 0
    outer loop
      vertex -15.2856 24.5321 0
      vertex -15.1472 24.6383 3
      vertex -15.2856 24.5321 3
    endloop
  endfacet
  facet normal 0.608768 -0.793348 0
    outer loop
      vertex -15.1472 24.6383 3
      vertex -15.2856 24.5321 0
      vertex -15.1472 24.6383 0
    endloop
  endfacet
  facet normal 0.382824 -0.923821 0
    outer loop
      vertex -14.8452 24.8126 0
      vertex -14.684 24.8794 3
      vertex -14.8452 24.8126 3
    endloop
  endfacet
  facet normal 0.382824 -0.923821 0
    outer loop
      vertex -14.684 24.8794 3
      vertex -14.8452 24.8126 0
      vertex -14.684 24.8794 0
    endloop
  endfacet
  facet normal -0.130662 0.991427 0
    outer loop
      vertex 14.3473 19.0304 0
      vertex 14.1743 19.0076 3
      vertex 14.3473 19.0304 3
    endloop
  endfacet
  facet normal -0.130662 0.991427 0
    outer loop
      vertex 14.1743 19.0076 3
      vertex 14.3473 19.0304 0
      vertex 14.1743 19.0076 0
    endloop
  endfacet
  facet normal 0.130662 -0.991427 0
    outer loop
      vertex -14.3473 24.9696 0
      vertex -14.1743 24.9924 3
      vertex -14.3473 24.9696 3
    endloop
  endfacet
  facet normal 0.130662 -0.991427 0
    outer loop
      vertex -14.1743 24.9924 3
      vertex -14.3473 24.9696 0
      vertex -14.1743 24.9924 0
    endloop
  endfacet
  facet normal 0.991427 0.130662 0
    outer loop
      vertex -15.9696 20.6527 3
      vertex -15.9924 20.8257 0
      vertex -15.9924 20.8257 3
    endloop
  endfacet
  facet normal 0.991427 0.130662 0
    outer loop
      vertex -15.9924 20.8257 0
      vertex -15.9696 20.6527 3
      vertex -15.9696 20.6527 0
    endloop
  endfacet
  facet normal -0.0435616 0.999051 0
    outer loop
      vertex 14.1743 19.0076 0
      vertex 14 19 3
      vertex 14.1743 19.0076 3
    endloop
  endfacet
  facet normal -0.0435616 0.999051 0
    outer loop
      vertex 14 19 3
      vertex 14.1743 19.0076 0
      vertex 14 19 0
    endloop
  endfacet
  facet normal 0.0435616 -0.999051 0
    outer loop
      vertex -14.1743 24.9924 0
      vertex -14 25 3
      vertex -14.1743 24.9924 3
    endloop
  endfacet
  facet normal 0.0435616 -0.999051 0
    outer loop
      vertex -14 25 3
      vertex -14.1743 24.9924 0
      vertex -14 25 0
    endloop
  endfacet
  facet normal -0.976362 -0.216141 0
    outer loop
      vertex 15.9696 23.3473 0
      vertex 15.9319 23.5176 3
      vertex 15.9319 23.5176 0
    endloop
  endfacet
  facet normal -0.976362 -0.216141 0
    outer loop
      vertex 15.9319 23.5176 3
      vertex 15.9696 23.3473 0
      vertex 15.9696 23.3473 3
    endloop
  endfacet
  facet normal 0.130662 0.991427 -0
    outer loop
      vertex -14.1743 19.0076 0
      vertex -14.3473 19.0304 3
      vertex -14.1743 19.0076 3
    endloop
  endfacet
  facet normal 0.130662 0.991427 0
    outer loop
      vertex -14.3473 19.0304 3
      vertex -14.1743 19.0076 0
      vertex -14.3473 19.0304 0
    endloop
  endfacet
  facet normal -0.887207 0.461371 0
    outer loop
      vertex 15.7321 20 0
      vertex 15.8126 20.1548 3
      vertex 15.8126 20.1548 0
    endloop
  endfacet
  facet normal -0.887207 0.461371 0
    outer loop
      vertex 15.8126 20.1548 3
      vertex 15.7321 20 0
      vertex 15.7321 20 3
    endloop
  endfacet
  facet normal -0.300885 0.953661 0
    outer loop
      vertex 14.684 19.1206 0
      vertex 14.5176 19.0681 3
      vertex 14.684 19.1206 3
    endloop
  endfacet
  facet normal -0.300885 0.953661 0
    outer loop
      vertex 14.5176 19.0681 3
      vertex 14.684 19.1206 0
      vertex 14.5176 19.0681 0
    endloop
  endfacet
  facet normal -0.0435616 -0.999051 0
    outer loop
      vertex 14 25 0
      vertex 14.1743 24.9924 3
      vertex 14 25 3
    endloop
  endfacet
  facet normal -0.0435616 -0.999051 -0
    outer loop
      vertex 14.1743 24.9924 3
      vertex 14 25 0
      vertex 14.1743 24.9924 0
    endloop
  endfacet
  facet normal -0.537394 -0.843331 0
    outer loop
      vertex 15 24.7321 0
      vertex 15.1472 24.6383 3
      vertex 15 24.7321 3
    endloop
  endfacet
  facet normal -0.537394 -0.843331 -0
    outer loop
      vertex 15.1472 24.6383 3
      vertex 15 24.7321 0
      vertex 15.1472 24.6383 0
    endloop
  endfacet
  facet normal 0.216141 0.976362 -0
    outer loop
      vertex -14.3473 19.0304 0
      vertex -14.5176 19.0681 3
      vertex -14.3473 19.0304 3
    endloop
  endfacet
  facet normal 0.216141 0.976362 0
    outer loop
      vertex -14.5176 19.0681 3
      vertex -14.3473 19.0304 0
      vertex -14.5176 19.0681 0
    endloop
  endfacet
  facet normal 0.0435616 0.999051 -0
    outer loop
      vertex -14 19 0
      vertex -14.1743 19.0076 3
      vertex -14 19 3
    endloop
  endfacet
  facet normal 0.0435616 0.999051 0
    outer loop
      vertex -14.1743 19.0076 3
      vertex -14 19 0
      vertex -14.1743 19.0076 0
    endloop
  endfacet
  facet normal -0.843331 -0.537394 0
    outer loop
      vertex 15.7321 24 0
      vertex 15.6383 24.1472 3
      vertex 15.6383 24.1472 0
    endloop
  endfacet
  facet normal -0.843331 -0.537394 0
    outer loop
      vertex 15.6383 24.1472 3
      vertex 15.7321 24 0
      vertex 15.7321 24 3
    endloop
  endfacet
  facet normal 0.843331 0.537394 0
    outer loop
      vertex -15.6383 19.8528 3
      vertex -15.7321 20 0
      vertex -15.7321 20 3
    endloop
  endfacet
  facet normal 0.843331 0.537394 0
    outer loop
      vertex -15.7321 20 0
      vertex -15.6383 19.8528 3
      vertex -15.6383 19.8528 0
    endloop
  endfacet
  facet normal -0.300885 -0.953661 0
    outer loop
      vertex 14.5176 24.9319 0
      vertex 14.684 24.8794 3
      vertex 14.5176 24.9319 3
    endloop
  endfacet
  facet normal -0.300885 -0.953661 -0
    outer loop
      vertex 14.684 24.8794 3
      vertex 14.5176 24.9319 0
      vertex 14.684 24.8794 0
    endloop
  endfacet
  facet normal -0.675777 0.737107 0
    outer loop
      vertex 15.4142 19.5858 0
      vertex 15.2856 19.4679 3
      vertex 15.4142 19.5858 3
    endloop
  endfacet
  facet normal -0.675777 0.737107 0
    outer loop
      vertex 15.2856 19.4679 3
      vertex 15.4142 19.5858 0
      vertex 15.2856 19.4679 0
    endloop
  endfacet
  facet normal -0.216141 -0.976362 0
    outer loop
      vertex 14.3473 24.9696 0
      vertex 14.5176 24.9319 3
      vertex 14.3473 24.9696 3
    endloop
  endfacet
  facet normal -0.216141 -0.976362 -0
    outer loop
      vertex 14.5176 24.9319 3
      vertex 14.3473 24.9696 0
      vertex 14.5176 24.9319 0
    endloop
  endfacet
  facet normal 0.887207 0.461371 0
    outer loop
      vertex -15.7321 20 3
      vertex -15.8126 20.1548 0
      vertex -15.8126 20.1548 3
    endloop
  endfacet
  facet normal 0.887207 0.461371 0
    outer loop
      vertex -15.8126 20.1548 0
      vertex -15.7321 20 3
      vertex -15.7321 20 0
    endloop
  endfacet
  facet normal -0.608768 -0.793348 0
    outer loop
      vertex 15.1472 24.6383 0
      vertex 15.2856 24.5321 3
      vertex 15.1472 24.6383 3
    endloop
  endfacet
  facet normal -0.608768 -0.793348 -0
    outer loop
      vertex 15.2856 24.5321 3
      vertex 15.1472 24.6383 0
      vertex 15.2856 24.5321 0
    endloop
  endfacet
  facet normal -0.793348 0.608768 0
    outer loop
      vertex 15.5321 19.7144 0
      vertex 15.6383 19.8528 3
      vertex 15.6383 19.8528 0
    endloop
  endfacet
  facet normal -0.793348 0.608768 0
    outer loop
      vertex 15.6383 19.8528 3
      vertex 15.5321 19.7144 0
      vertex 15.5321 19.7144 3
    endloop
  endfacet
  facet normal 0.991427 -0.130662 0
    outer loop
      vertex -15.9924 23.1743 3
      vertex -15.9696 23.3473 0
      vertex -15.9696 23.3473 3
    endloop
  endfacet
  facet normal 0.991427 -0.130662 0
    outer loop
      vertex -15.9696 23.3473 0
      vertex -15.9924 23.1743 3
      vertex -15.9924 23.1743 0
    endloop
  endfacet
  facet normal -0.793348 -0.608768 0
    outer loop
      vertex 15.6383 24.1472 0
      vertex 15.5321 24.2856 3
      vertex 15.5321 24.2856 0
    endloop
  endfacet
  facet normal -0.793348 -0.608768 0
    outer loop
      vertex 15.5321 24.2856 3
      vertex 15.6383 24.1472 0
      vertex 15.6383 24.1472 3
    endloop
  endfacet
  facet normal -0.953661 0.300885 0
    outer loop
      vertex 15.8794 20.316 0
      vertex 15.9319 20.4824 3
      vertex 15.9319 20.4824 0
    endloop
  endfacet
  facet normal -0.953661 0.300885 0
    outer loop
      vertex 15.9319 20.4824 3
      vertex 15.8794 20.316 0
      vertex 15.8794 20.316 3
    endloop
  endfacet
  facet normal 0.923821 0.382824 0
    outer loop
      vertex -15.8126 20.1548 3
      vertex -15.8794 20.316 0
      vertex -15.8794 20.316 3
    endloop
  endfacet
  facet normal 0.923821 0.382824 0
    outer loop
      vertex -15.8794 20.316 0
      vertex -15.8126 20.1548 3
      vertex -15.8126 20.1548 0
    endloop
  endfacet
  facet normal -0.999051 -0.0435616 0
    outer loop
      vertex 16 23 0
      vertex 15.9924 23.1743 3
      vertex 15.9924 23.1743 0
    endloop
  endfacet
  facet normal -0.999051 -0.0435616 0
    outer loop
      vertex 15.9924 23.1743 3
      vertex 16 23 0
      vertex 16 23 3
    endloop
  endfacet
  facet normal 0.923821 -0.382824 0
    outer loop
      vertex -15.8794 23.684 3
      vertex -15.8126 23.8452 0
      vertex -15.8126 23.8452 3
    endloop
  endfacet
  facet normal 0.923821 -0.382824 0
    outer loop
      vertex -15.8126 23.8452 0
      vertex -15.8794 23.684 3
      vertex -15.8794 23.684 0
    endloop
  endfacet
  facet normal 0.976362 0.216141 0
    outer loop
      vertex -15.9319 20.4824 3
      vertex -15.9696 20.6527 0
      vertex -15.9696 20.6527 3
    endloop
  endfacet
  facet normal 0.976362 0.216141 0
    outer loop
      vertex -15.9696 20.6527 0
      vertex -15.9319 20.4824 3
      vertex -15.9319 20.4824 0
    endloop
  endfacet
  facet normal -0.999051 0.0435616 0
    outer loop
      vertex 15.9924 20.8257 0
      vertex 16 21 3
      vertex 16 21 0
    endloop
  endfacet
  facet normal -0.999051 0.0435616 0
    outer loop
      vertex 16 21 3
      vertex 15.9924 20.8257 0
      vertex 15.9924 20.8257 3
    endloop
  endfacet
  facet normal 0.675777 0.737107 -0
    outer loop
      vertex -15.2856 19.4679 0
      vertex -15.4142 19.5858 3
      vertex -15.2856 19.4679 3
    endloop
  endfacet
  facet normal 0.675777 0.737107 0
    outer loop
      vertex -15.4142 19.5858 3
      vertex -15.2856 19.4679 0
      vertex -15.4142 19.5858 0
    endloop
  endfacet
  facet normal -0.130662 -0.991427 0
    outer loop
      vertex 14.1743 24.9924 0
      vertex 14.3473 24.9696 3
      vertex 14.1743 24.9924 3
    endloop
  endfacet
  facet normal -0.130662 -0.991427 -0
    outer loop
      vertex 14.3473 24.9696 3
      vertex 14.1743 24.9924 0
      vertex 14.3473 24.9696 0
    endloop
  endfacet
  facet normal 0.999051 -0.0435616 0
    outer loop
      vertex -16 23 3
      vertex -15.9924 23.1743 0
      vertex -15.9924 23.1743 3
    endloop
  endfacet
  facet normal 0.999051 -0.0435616 0
    outer loop
      vertex -15.9924 23.1743 0
      vertex -16 23 3
      vertex -16 23 0
    endloop
  endfacet
  facet normal 0.461371 -0.887207 0
    outer loop
      vertex -15 24.7321 0
      vertex -14.8452 24.8126 3
      vertex -15 24.7321 3
    endloop
  endfacet
  facet normal 0.461371 -0.887207 0
    outer loop
      vertex -14.8452 24.8126 3
      vertex -15 24.7321 0
      vertex -14.8452 24.8126 0
    endloop
  endfacet
  facet normal -0.843331 0.537394 0
    outer loop
      vertex 15.6383 19.8528 0
      vertex 15.7321 20 3
      vertex 15.7321 20 0
    endloop
  endfacet
  facet normal -0.843331 0.537394 0
    outer loop
      vertex 15.7321 20 3
      vertex 15.6383 19.8528 0
      vertex 15.6383 19.8528 3
    endloop
  endfacet
  facet normal -0.382824 -0.923821 0
    outer loop
      vertex 14.684 24.8794 0
      vertex 14.8452 24.8126 3
      vertex 14.684 24.8794 3
    endloop
  endfacet
  facet normal -0.382824 -0.923821 -0
    outer loop
      vertex 14.8452 24.8126 3
      vertex 14.684 24.8794 0
      vertex 14.8452 24.8126 0
    endloop
  endfacet
  facet normal -0.976362 0.216141 0
    outer loop
      vertex 15.9319 20.4824 0
      vertex 15.9696 20.6527 3
      vertex 15.9696 20.6527 0
    endloop
  endfacet
  facet normal -0.976362 0.216141 0
    outer loop
      vertex 15.9696 20.6527 3
      vertex 15.9319 20.4824 0
      vertex 15.9319 20.4824 3
    endloop
  endfacet
  facet normal -1 0 0
    outer loop
      vertex 16 21 0
      vertex 16 23 3
      vertex 16 23 0
    endloop
  endfacet
  facet normal -1 -0 0
    outer loop
      vertex 16 23 3
      vertex 16 21 0
      vertex 16 21 3
    endloop
  endfacet
  facet normal 0.461371 0.887207 -0
    outer loop
      vertex -14.8452 19.1874 0
      vertex -15 19.2679 3
      vertex -14.8452 19.1874 3
    endloop
  endfacet
  facet normal 0.461371 0.887207 0
    outer loop
      vertex -15 19.2679 3
      vertex -14.8452 19.1874 0
      vertex -15 19.2679 0
    endloop
  endfacet
  facet normal -0.675777 -0.737107 0
    outer loop
      vertex 15.2856 24.5321 0
      vertex 15.4142 24.4142 3
      vertex 15.2856 24.5321 3
    endloop
  endfacet
  facet normal -0.675777 -0.737107 -0
    outer loop
      vertex 15.4142 24.4142 3
      vertex 15.2856 24.5321 0
      vertex 15.4142 24.4142 0
    endloop
  endfacet
  facet normal -0.608768 0.793348 0
    outer loop
      vertex 15.2856 19.4679 0
      vertex 15.1472 19.3617 3
      vertex 15.2856 19.4679 3
    endloop
  endfacet
  facet normal -0.608768 0.793348 0
    outer loop
      vertex 15.1472 19.3617 3
      vertex 15.2856 19.4679 0
      vertex 15.1472 19.3617 0
    endloop
  endfacet
  facet normal 0.675777 -0.737107 0
    outer loop
      vertex -15.4142 24.4142 0
      vertex -15.2856 24.5321 3
      vertex -15.4142 24.4142 3
    endloop
  endfacet
  facet normal 0.675777 -0.737107 0
    outer loop
      vertex -15.2856 24.5321 3
      vertex -15.4142 24.4142 0
      vertex -15.2856 24.5321 0
    endloop
  endfacet
  facet normal 0.537394 -0.843331 0
    outer loop
      vertex -15.1472 24.6383 0
      vertex -15 24.7321 3
      vertex -15.1472 24.6383 3
    endloop
  endfacet
  facet normal 0.537394 -0.843331 0
    outer loop
      vertex -15 24.7321 3
      vertex -15.1472 24.6383 0
      vertex -15 24.7321 0
    endloop
  endfacet
  facet normal -0.991427 0.130662 0
    outer loop
      vertex 15.9696 20.6527 0
      vertex 15.9924 20.8257 3
      vertex 15.9924 20.8257 0
    endloop
  endfacet
  facet normal -0.991427 0.130662 0
    outer loop
      vertex 15.9924 20.8257 3
      vertex 15.9696 20.6527 0
      vertex 15.9696 20.6527 3
    endloop
  endfacet
  facet normal 0.953661 -0.300885 0
    outer loop
      vertex -15.9319 23.5176 3
      vertex -15.8794 23.684 0
      vertex -15.8794 23.684 3
    endloop
  endfacet
  facet normal 0.953661 -0.300885 0
    outer loop
      vertex -15.8794 23.684 0
      vertex -15.9319 23.5176 3
      vertex -15.9319 23.5176 0
    endloop
  endfacet
  facet normal -0.737107 -0.675777 0
    outer loop
      vertex 15.5321 24.2856 0
      vertex 15.4142 24.4142 3
      vertex 15.4142 24.4142 0
    endloop
  endfacet
  facet normal -0.737107 -0.675777 0
    outer loop
      vertex 15.4142 24.4142 3
      vertex 15.5321 24.2856 0
      vertex 15.5321 24.2856 3
    endloop
  endfacet
  facet normal 0.737107 0.675777 0
    outer loop
      vertex -15.4142 19.5858 3
      vertex -15.5321 19.7144 0
      vertex -15.5321 19.7144 3
    endloop
  endfacet
  facet normal 0.737107 0.675777 0
    outer loop
      vertex -15.5321 19.7144 0
      vertex -15.4142 19.5858 3
      vertex -15.4142 19.5858 0
    endloop
  endfacet
  facet normal 0.300885 0.953661 -0
    outer loop
      vertex -14.5176 19.0681 0
      vertex -14.684 19.1206 3
      vertex -14.5176 19.0681 3
    endloop
  endfacet
  facet normal 0.300885 0.953661 0
    outer loop
      vertex -14.684 19.1206 3
      vertex -14.5176 19.0681 0
      vertex -14.684 19.1206 0
    endloop
  endfacet
  facet normal 1 -0 0
    outer loop
      vertex -16 21 3
      vertex -16 23 0
      vertex -16 23 3
    endloop
  endfacet
  facet normal 1 0 0
    outer loop
      vertex -16 23 0
      vertex -16 21 3
      vertex -16 21 0
    endloop
  endfacet
  facet normal 0.737107 -0.675777 0
    outer loop
      vertex -15.5321 24.2856 3
      vertex -15.4142 24.4142 0
      vertex -15.4142 24.4142 3
    endloop
  endfacet
  facet normal 0.737107 -0.675777 0
    outer loop
      vertex -15.4142 24.4142 0
      vertex -15.5321 24.2856 3
      vertex -15.5321 24.2856 0
    endloop
  endfacet
  facet normal -0.953661 -0.300885 0
    outer loop
      vertex 15.9319 23.5176 0
      vertex 15.8794 23.684 3
      vertex 15.8794 23.684 0
    endloop
  endfacet
  facet normal -0.953661 -0.300885 0
    outer loop
      vertex 15.8794 23.684 3
      vertex 15.9319 23.5176 0
      vertex 15.9319 23.5176 3
    endloop
  endfacet
  facet normal 0.953661 0.300885 0
    outer loop
      vertex -15.8794 20.316 3
      vertex -15.9319 20.4824 0
      vertex -15.9319 20.4824 3
    endloop
  endfacet
  facet normal 0.953661 0.300885 0
    outer loop
      vertex -15.9319 20.4824 0
      vertex -15.8794 20.316 3
      vertex -15.8794 20.316 0
    endloop
  endfacet
  facet normal 0.793348 0.608768 0
    outer loop
      vertex -15.5321 19.7144 3
      vertex -15.6383 19.8528 0
      vertex -15.6383 19.8528 3
    endloop
  endfacet
  facet normal 0.793348 0.608768 0
    outer loop
      vertex -15.6383 19.8528 0
      vertex -15.5321 19.7144 3
      vertex -15.5321 19.7144 0
    endloop
  endfacet
  facet normal 0.843331 -0.537394 0
    outer loop
      vertex -15.7321 24 3
      vertex -15.6383 24.1472 0
      vertex -15.6383 24.1472 3
    endloop
  endfacet
  facet normal 0.843331 -0.537394 0
    outer loop
      vertex -15.6383 24.1472 0
      vertex -15.7321 24 3
      vertex -15.7321 24 0
    endloop
  endfacet
  facet normal -0.537394 0.843331 0
    outer loop
      vertex 15.1472 19.3617 0
      vertex 15 19.2679 3
      vertex 15.1472 19.3617 3
    endloop
  endfacet
  facet normal -0.537394 0.843331 0
    outer loop
      vertex 15 19.2679 3
      vertex 15.1472 19.3617 0
      vertex 15 19.2679 0
    endloop
  endfacet
  facet normal 0.537394 0.843331 -0
    outer loop
      vertex -15 19.2679 0
      vertex -15.1472 19.3617 3
      vertex -15 19.2679 3
    endloop
  endfacet
  facet normal 0.537394 0.843331 0
    outer loop
      vertex -15.1472 19.3617 3
      vertex -15 19.2679 0
      vertex -15.1472 19.3617 0
    endloop
  endfacet
  facet normal 0.608768 0.793348 -0
    outer loop
      vertex -15.1472 19.3617 0
      vertex -15.2856 19.4679 3
      vertex -15.1472 19.3617 3
    endloop
  endfacet
  facet normal 0.608768 0.793348 0
    outer loop
      vertex -15.2856 19.4679 3
      vertex -15.1472 19.3617 0
      vertex -15.2856 19.4679 0
    endloop
  endfacet
  facet normal -0.923821 -0.382824 0
    outer loop
      vertex 15.8794 23.684 0
      vertex 15.8126 23.8452 3
      vertex 15.8126 23.8452 0
    endloop
  endfacet
  facet normal -0.923821 -0.382824 0
    outer loop
      vertex 15.8126 23.8452 3
      vertex 15.8794 23.684 0
      vertex 15.8794 23.684 3
    endloop
  endfacet
  facet normal -0.887207 -0.461371 0
    outer loop
      vertex 15.8126 23.8452 0
      vertex 15.7321 24 3
      vertex 15.7321 24 0
    endloop
  endfacet
  facet normal -0.887207 -0.461371 0
    outer loop
      vertex 15.7321 24 3
      vertex 15.8126 23.8452 0
      vertex 15.8126 23.8452 3
    endloop
  endfacet
  facet normal -0.382824 0.923821 0
    outer loop
      vertex 14.8452 19.1874 0
      vertex 14.684 19.1206 3
      vertex 14.8452 19.1874 3
    endloop
  endfacet
  facet normal -0.382824 0.923821 0
    outer loop
      vertex 14.684 19.1206 3
      vertex 14.8452 19.1874 0
      vertex 14.684 19.1206 0
    endloop
  endfacet
  facet normal -0.737107 0.675777 0
    outer loop
      vertex 15.4142 19.5858 0
      vertex 15.5321 19.7144 3
      vertex 15.5321 19.7144 0
    endloop
  endfacet
  facet normal -0.737107 0.675777 0
    outer loop
      vertex 15.5321 19.7144 3
      vertex 15.4142 19.5858 0
      vertex 15.4142 19.5858 3
    endloop
  endfacet
  facet normal -0.923821 0.382824 0
    outer loop
      vertex 15.8126 20.1548 0
      vertex 15.8794 20.316 3
      vertex 15.8794 20.316 0
    endloop
  endfacet
  facet normal -0.923821 0.382824 0
    outer loop
      vertex 15.8794 20.316 3
      vertex 15.8126 20.1548 0
      vertex 15.8126 20.1548 3
    endloop
  endfacet
  facet normal 0.793348 -0.608768 0
    outer loop
      vertex -15.6383 24.1472 3
      vertex -15.5321 24.2856 0
      vertex -15.5321 24.2856 3
    endloop
  endfacet
  facet normal 0.793348 -0.608768 0
    outer loop
      vertex -15.5321 24.2856 0
      vertex -15.6383 24.1472 3
      vertex -15.6383 24.1472 0
    endloop
  endfacet
  facet normal -0.461371 0.887207 0
    outer loop
      vertex 15 19.2679 0
      vertex 14.8452 19.1874 3
      vertex 15 19.2679 3
    endloop
  endfacet
  facet normal -0.461371 0.887207 0
    outer loop
      vertex 14.8452 19.1874 3
      vertex 15 19.2679 0
      vertex 14.8452 19.1874 0
    endloop
  endfacet
  facet normal 0.0439346 0.999034 -0
    outer loop
      vertex -20.7 -12 0
      vertex -20.8046 -11.9954 3
      vertex -20.7 -12 3
    endloop
  endfacet
  facet normal 0.0439346 0.999034 0
    outer loop
      vertex -20.8046 -11.9954 3
      vertex -20.7 -12 0
      vertex -20.8046 -11.9954 0
    endloop
  endfacet
  facet normal -0.0439346 0.999034 0
    outer loop
      vertex -19.1954 -11.9954 0
      vertex -19.3 -12 3
      vertex -19.1954 -11.9954 3
    endloop
  endfacet
  facet normal -0.0439346 0.999034 0
    outer loop
      vertex -19.3 -12 3
      vertex -19.1954 -11.9954 0
      vertex -19.3 -12 0
    endloop
  endfacet
  facet normal -1 0 0
    outer loop
      vertex -18.1 -10.8 0
      vertex -18.1 10.8 3
      vertex -18.1 10.8 0
    endloop
  endfacet
  facet normal -1 -0 0
    outer loop
      vertex -18.1 10.8 3
      vertex -18.1 -10.8 0
      vertex -18.1 -10.8 3
    endloop
  endfacet
  facet normal 0.991526 0.129911 0
    outer loop
      vertex -21.8818 -11.0084 3
      vertex -21.8954 -10.9046 0
      vertex -21.8954 -10.9046 3
    endloop
  endfacet
  facet normal 0.991526 0.129911 0
    outer loop
      vertex -21.8954 -10.9046 0
      vertex -21.8818 -11.0084 3
      vertex -21.8818 -11.0084 0
    endloop
  endfacet
  facet normal -0.129911 -0.991526 0
    outer loop
      vertex -19.1954 11.9954 0
      vertex -19.0916 11.9818 3
      vertex -19.1954 11.9954 3
    endloop
  endfacet
  facet normal -0.129911 -0.991526 -0
    outer loop
      vertex -19.0916 11.9818 3
      vertex -19.1954 11.9954 0
      vertex -19.0916 11.9818 0
    endloop
  endfacet
  facet normal -0.924063 -0.382239 0
    outer loop
      vertex -18.1724 11.2104 0
      vertex -18.2124 11.3071 3
      vertex -18.2124 11.3071 0
    endloop
  endfacet
  facet normal -0.924063 -0.382239 0
    outer loop
      vertex -18.2124 11.3071 3
      vertex -18.1724 11.2104 0
      vertex -18.1724 11.2104 3
    endloop
  endfacet
  facet normal -0.843622 0.536937 0
    outer loop
      vertex -18.317 -11.4883 0
      vertex -18.2608 -11.4 3
      vertex -18.2608 -11.4 0
    endloop
  endfacet
  facet normal -0.843622 0.536937 0
    outer loop
      vertex -18.2608 -11.4 3
      vertex -18.317 -11.4883 0
      vertex -18.317 -11.4883 3
    endloop
  endfacet
  facet normal 0.216829 0.97621 -0
    outer loop
      vertex -20.9084 -11.9818 0
      vertex -21.0106 -11.9591 3
      vertex -20.9084 -11.9818 3
    endloop
  endfacet
  facet normal 0.216829 0.97621 0
    outer loop
      vertex -21.0106 -11.9591 3
      vertex -20.9084 -11.9818 0
      vertex -21.0106 -11.9591 0
    endloop
  endfacet
  facet normal -0.462044 -0.886857 0
    outer loop
      vertex -18.7929 11.8876 0
      vertex -18.7 11.8392 3
      vertex -18.7929 11.8876 3
    endloop
  endfacet
  facet normal -0.462044 -0.886857 -0
    outer loop
      vertex -18.7 11.8392 3
      vertex -18.7929 11.8876 0
      vertex -18.7 11.8392 0
    endloop
  endfacet
  facet normal 0.843622 0.536937 0
    outer loop
      vertex -21.683 -11.4883 3
      vertex -21.7392 -11.4 0
      vertex -21.7392 -11.4 3
    endloop
  endfacet
  facet normal 0.843622 0.536937 0
    outer loop
      vertex -21.7392 -11.4 0
      vertex -21.683 -11.4883 3
      vertex -21.683 -11.4883 0
    endloop
  endfacet
  facet normal -0.462044 0.886857 0
    outer loop
      vertex -18.7 -11.8392 0
      vertex -18.7929 -11.8876 3
      vertex -18.7 -11.8392 3
    endloop
  endfacet
  facet normal -0.462044 0.886857 0
    outer loop
      vertex -18.7929 -11.8876 3
      vertex -18.7 -11.8392 0
      vertex -18.7929 -11.8876 0
    endloop
  endfacet
  facet normal 0.129911 0.991526 -0
    outer loop
      vertex -20.8046 -11.9954 0
      vertex -20.9084 -11.9818 3
      vertex -20.8046 -11.9954 3
    endloop
  endfacet
  facet normal 0.129911 0.991526 0
    outer loop
      vertex -20.9084 -11.9818 3
      vertex -20.8046 -11.9954 0
      vertex -20.9084 -11.9818 0
    endloop
  endfacet
  facet normal 0.536937 0.843622 -0
    outer loop
      vertex -21.3 -11.8392 0
      vertex -21.3883 -11.783 3
      vertex -21.3 -11.8392 3
    endloop
  endfacet
  facet normal 0.536937 0.843622 0
    outer loop
      vertex -21.3883 -11.783 3
      vertex -21.3 -11.8392 0
      vertex -21.3883 -11.783 0
    endloop
  endfacet
  facet normal -0.886857 -0.462044 0
    outer loop
      vertex -18.2124 11.3071 0
      vertex -18.2608 11.4 3
      vertex -18.2608 11.4 0
    endloop
  endfacet
  facet normal -0.886857 -0.462044 0
    outer loop
      vertex -18.2608 11.4 3
      vertex -18.2124 11.3071 0
      vertex -18.2124 11.3071 3
    endloop
  endfacet
  facet normal -0.129911 0.991526 0
    outer loop
      vertex -19.0916 -11.9818 0
      vertex -19.1954 -11.9954 3
      vertex -19.0916 -11.9818 3
    endloop
  endfacet
  facet normal -0.129911 0.991526 0
    outer loop
      vertex -19.1954 -11.9954 3
      vertex -19.0916 -11.9818 0
      vertex -19.1954 -11.9954 0
    endloop
  endfacet
  facet normal 0.999034 -0.0439346 0
    outer loop
      vertex -21.9 10.8 3
      vertex -21.8954 10.9046 0
      vertex -21.8954 10.9046 3
    endloop
  endfacet
  facet normal 0.999034 -0.0439346 0
    outer loop
      vertex -21.8954 10.9046 0
      vertex -21.9 10.8 3
      vertex -21.9 10.8 0
    endloop
  endfacet
  facet normal 0.0439346 -0.999034 0
    outer loop
      vertex -20.8046 11.9954 0
      vertex -20.7 12 3
      vertex -20.8046 11.9954 3
    endloop
  endfacet
  facet normal 0.0439346 -0.999034 0
    outer loop
      vertex -20.7 12 3
      vertex -20.8046 11.9954 0
      vertex -20.7 12 0
    endloop
  endfacet
  facet normal -0.216829 -0.97621 0
    outer loop
      vertex -19.0916 11.9818 0
      vertex -18.9894 11.9591 3
      vertex -19.0916 11.9818 3
    endloop
  endfacet
  facet normal -0.216829 -0.97621 -0
    outer loop
      vertex -18.9894 11.9591 3
      vertex -19.0916 11.9818 0
      vertex -18.9894 11.9591 0
    endloop
  endfacet
  facet normal -0.843622 -0.536937 0
    outer loop
      vertex -18.2608 11.4 0
      vertex -18.317 11.4883 3
      vertex -18.317 11.4883 0
    endloop
  endfacet
  facet normal -0.843622 -0.536937 0
    outer loop
      vertex -18.317 11.4883 3
      vertex -18.2608 11.4 0
      vertex -18.2608 11.4 3
    endloop
  endfacet
  facet normal -0.97621 0.216829 0
    outer loop
      vertex -18.1409 -11.1106 0
      vertex -18.1182 -11.0084 3
      vertex -18.1182 -11.0084 0
    endloop
  endfacet
  facet normal -0.97621 0.216829 0
    outer loop
      vertex -18.1182 -11.0084 3
      vertex -18.1409 -11.1106 0
      vertex -18.1409 -11.1106 3
    endloop
  endfacet
  facet normal 0.129911 -0.991526 0
    outer loop
      vertex -20.9084 11.9818 0
      vertex -20.8046 11.9954 3
      vertex -20.9084 11.9818 3
    endloop
  endfacet
  facet normal 0.129911 -0.991526 0
    outer loop
      vertex -20.8046 11.9954 3
      vertex -20.9084 11.9818 0
      vertex -20.8046 11.9954 0
    endloop
  endfacet
  facet normal 0 -1 0
    outer loop
      vertex -20.7 12 0
      vertex -19.3 12 3
      vertex -20.7 12 3
    endloop
  endfacet
  facet normal 0 -1 -0
    outer loop
      vertex -19.3 12 3
      vertex -20.7 12 0
      vertex -19.3 12 0
    endloop
  endfacet
  facet normal -0.953626 -0.300994 0
    outer loop
      vertex -18.1409 11.1106 0
      vertex -18.1724 11.2104 3
      vertex -18.1724 11.2104 0
    endloop
  endfacet
  facet normal -0.953626 -0.300994 0
    outer loop
      vertex -18.1724 11.2104 3
      vertex -18.1409 11.1106 0
      vertex -18.1409 11.1106 3
    endloop
  endfacet
  facet normal -0.792837 -0.609434 0
    outer loop
      vertex -18.317 11.4883 0
      vertex -18.3808 11.5713 3
      vertex -18.3808 11.5713 0
    endloop
  endfacet
  facet normal -0.792837 -0.609434 0
    outer loop
      vertex -18.3808 11.5713 3
      vertex -18.317 11.4883 0
      vertex -18.317 11.4883 3
    endloop
  endfacet
  facet normal -0.999034 -0.0439346 0
    outer loop
      vertex -18.1 10.8 0
      vertex -18.1046 10.9046 3
      vertex -18.1046 10.9046 0
    endloop
  endfacet
  facet normal -0.999034 -0.0439346 0
    outer loop
      vertex -18.1046 10.9046 3
      vertex -18.1 10.8 0
      vertex -18.1 10.8 3
    endloop
  endfacet
  facet normal 1 -0 0
    outer loop
      vertex -21.9 -10.8 3
      vertex -21.9 10.8 0
      vertex -21.9 10.8 3
    endloop
  endfacet
  facet normal 1 0 0
    outer loop
      vertex -21.9 10.8 0
      vertex -21.9 -10.8 3
      vertex -21.9 -10.8 0
    endloop
  endfacet
  facet normal 0.792837 -0.609434 0
    outer loop
      vertex -21.683 11.4883 3
      vertex -21.6192 11.5713 0
      vertex -21.6192 11.5713 3
    endloop
  endfacet
  facet normal 0.792837 -0.609434 0
    outer loop
      vertex -21.6192 11.5713 0
      vertex -21.683 11.4883 3
      vertex -21.683 11.4883 0
    endloop
  endfacet
  facet normal 0.609434 -0.792837 0
    outer loop
      vertex -21.4713 11.7192 0
      vertex -21.3883 11.783 3
      vertex -21.4713 11.7192 3
    endloop
  endfacet
  facet normal 0.609434 -0.792837 0
    outer loop
      vertex -21.3883 11.783 3
      vertex -21.4713 11.7192 0
      vertex -21.3883 11.783 0
    endloop
  endfacet
  facet normal -0.991526 -0.129911 0
    outer loop
      vertex -18.1046 10.9046 0
      vertex -18.1182 11.0084 3
      vertex -18.1182 11.0084 0
    endloop
  endfacet
  facet normal -0.991526 -0.129911 0
    outer loop
      vertex -18.1182 11.0084 3
      vertex -18.1046 10.9046 0
      vertex -18.1046 10.9046 3
    endloop
  endfacet
  facet normal -0.382239 -0.924063 0
    outer loop
      vertex -18.8896 11.9276 0
      vertex -18.7929 11.8876 3
      vertex -18.8896 11.9276 3
    endloop
  endfacet
  facet normal -0.382239 -0.924063 -0
    outer loop
      vertex -18.7929 11.8876 3
      vertex -18.8896 11.9276 0
      vertex -18.7929 11.8876 0
    endloop
  endfacet
  facet normal 0 1 -0
    outer loop
      vertex -19.3 -12 0
      vertex -20.7 -12 3
      vertex -19.3 -12 3
    endloop
  endfacet
  facet normal 0 1 0
    outer loop
      vertex -20.7 -12 3
      vertex -19.3 -12 0
      vertex -20.7 -12 0
    endloop
  endfacet
  facet normal -0.536937 -0.843622 0
    outer loop
      vertex -18.7 11.8392 0
      vertex -18.6117 11.783 3
      vertex -18.7 11.8392 3
    endloop
  endfacet
  facet normal -0.536937 -0.843622 -0
    outer loop
      vertex -18.6117 11.783 3
      vertex -18.7 11.8392 0
      vertex -18.6117 11.783 0
    endloop
  endfacet
  facet normal -0.953626 0.300994 0
    outer loop
      vertex -18.1724 -11.2104 0
      vertex -18.1409 -11.1106 3
      vertex -18.1409 -11.1106 0
    endloop
  endfacet
  facet normal -0.953626 0.300994 0
    outer loop
      vertex -18.1409 -11.1106 3
      vertex -18.1724 -11.2104 0
      vertex -18.1724 -11.2104 3
    endloop
  endfacet
  facet normal 0.382239 -0.924063 0
    outer loop
      vertex -21.2071 11.8876 0
      vertex -21.1104 11.9276 3
      vertex -21.2071 11.8876 3
    endloop
  endfacet
  facet normal 0.382239 -0.924063 0
    outer loop
      vertex -21.1104 11.9276 3
      vertex -21.2071 11.8876 0
      vertex -21.1104 11.9276 0
    endloop
  endfacet
  facet normal 0.737471 -0.675378 0
    outer loop
      vertex -21.6192 11.5713 3
      vertex -21.5485 11.6485 0
      vertex -21.5485 11.6485 3
    endloop
  endfacet
  facet normal 0.737471 -0.675378 0
    outer loop
      vertex -21.5485 11.6485 0
      vertex -21.6192 11.5713 3
      vertex -21.6192 11.5713 0
    endloop
  endfacet
  facet normal 0.216829 -0.97621 0
    outer loop
      vertex -21.0106 11.9591 0
      vertex -20.9084 11.9818 3
      vertex -21.0106 11.9591 3
    endloop
  endfacet
  facet normal 0.216829 -0.97621 0
    outer loop
      vertex -20.9084 11.9818 3
      vertex -21.0106 11.9591 0
      vertex -20.9084 11.9818 0
    endloop
  endfacet
  facet normal 0.924063 -0.382239 0
    outer loop
      vertex -21.8276 11.2104 3
      vertex -21.7876 11.3071 0
      vertex -21.7876 11.3071 3
    endloop
  endfacet
  facet normal 0.924063 -0.382239 0
    outer loop
      vertex -21.7876 11.3071 0
      vertex -21.8276 11.2104 3
      vertex -21.8276 11.2104 0
    endloop
  endfacet
  facet normal 0.999034 0.0439346 0
    outer loop
      vertex -21.8954 -10.9046 3
      vertex -21.9 -10.8 0
      vertex -21.9 -10.8 3
    endloop
  endfacet
  facet normal 0.999034 0.0439346 0
    outer loop
      vertex -21.9 -10.8 0
      vertex -21.8954 -10.9046 3
      vertex -21.8954 -10.9046 0
    endloop
  endfacet
  facet normal 0.953626 0.300994 0
    outer loop
      vertex -21.8276 -11.2104 3
      vertex -21.8591 -11.1106 0
      vertex -21.8591 -11.1106 3
    endloop
  endfacet
  facet normal 0.953626 0.300994 0
    outer loop
      vertex -21.8591 -11.1106 0
      vertex -21.8276 -11.2104 3
      vertex -21.8276 -11.2104 0
    endloop
  endfacet
  facet normal 0.953626 -0.300994 0
    outer loop
      vertex -21.8591 11.1106 3
      vertex -21.8276 11.2104 0
      vertex -21.8276 11.2104 3
    endloop
  endfacet
  facet normal 0.953626 -0.300994 0
    outer loop
      vertex -21.8276 11.2104 0
      vertex -21.8591 11.1106 3
      vertex -21.8591 11.1106 0
    endloop
  endfacet
  facet normal -0.382239 0.924063 0
    outer loop
      vertex -18.7929 -11.8876 0
      vertex -18.8896 -11.9276 3
      vertex -18.7929 -11.8876 3
    endloop
  endfacet
  facet normal -0.382239 0.924063 0
    outer loop
      vertex -18.8896 -11.9276 3
      vertex -18.7929 -11.8876 0
      vertex -18.8896 -11.9276 0
    endloop
  endfacet
  facet normal -0.300994 -0.953626 0
    outer loop
      vertex -18.9894 11.9591 0
      vertex -18.8896 11.9276 3
      vertex -18.9894 11.9591 3
    endloop
  endfacet
  facet normal -0.300994 -0.953626 -0
    outer loop
      vertex -18.8896 11.9276 3
      vertex -18.9894 11.9591 0
      vertex -18.8896 11.9276 0
    endloop
  endfacet
  facet normal 0.462044 -0.886857 0
    outer loop
      vertex -21.3 11.8392 0
      vertex -21.2071 11.8876 3
      vertex -21.3 11.8392 3
    endloop
  endfacet
  facet normal 0.462044 -0.886857 0
    outer loop
      vertex -21.2071 11.8876 3
      vertex -21.3 11.8392 0
      vertex -21.2071 11.8876 0
    endloop
  endfacet
  facet normal 0.382239 0.924063 -0
    outer loop
      vertex -21.1104 -11.9276 0
      vertex -21.2071 -11.8876 3
      vertex -21.1104 -11.9276 3
    endloop
  endfacet
  facet normal 0.382239 0.924063 0
    outer loop
      vertex -21.2071 -11.8876 3
      vertex -21.1104 -11.9276 0
      vertex -21.2071 -11.8876 0
    endloop
  endfacet
  facet normal 0.97621 -0.216829 0
    outer loop
      vertex -21.8818 11.0084 3
      vertex -21.8591 11.1106 0
      vertex -21.8591 11.1106 3
    endloop
  endfacet
  facet normal 0.97621 -0.216829 0
    outer loop
      vertex -21.8591 11.1106 0
      vertex -21.8818 11.0084 3
      vertex -21.8818 11.0084 0
    endloop
  endfacet
  facet normal -0.675378 -0.737471 0
    outer loop
      vertex -18.5287 11.7192 0
      vertex -18.4515 11.6485 3
      vertex -18.5287 11.7192 3
    endloop
  endfacet
  facet normal -0.675378 -0.737471 -0
    outer loop
      vertex -18.4515 11.6485 3
      vertex -18.5287 11.7192 0
      vertex -18.4515 11.6485 0
    endloop
  endfacet
  facet normal 0.886857 -0.462044 0
    outer loop
      vertex -21.7876 11.3071 3
      vertex -21.7392 11.4 0
      vertex -21.7392 11.4 3
    endloop
  endfacet
  facet normal 0.886857 -0.462044 0
    outer loop
      vertex -21.7392 11.4 0
      vertex -21.7876 11.3071 3
      vertex -21.7876 11.3071 0
    endloop
  endfacet
  facet normal -0.0439346 -0.999034 0
    outer loop
      vertex -19.3 12 0
      vertex -19.1954 11.9954 3
      vertex -19.3 12 3
    endloop
  endfacet
  facet normal -0.0439346 -0.999034 -0
    outer loop
      vertex -19.1954 11.9954 3
      vertex -19.3 12 0
      vertex -19.1954 11.9954 0
    endloop
  endfacet
  facet normal 0.675378 0.737471 -0
    outer loop
      vertex -21.4713 -11.7192 0
      vertex -21.5485 -11.6485 3
      vertex -21.4713 -11.7192 3
    endloop
  endfacet
  facet normal 0.675378 0.737471 0
    outer loop
      vertex -21.5485 -11.6485 3
      vertex -21.4713 -11.7192 0
      vertex -21.5485 -11.6485 0
    endloop
  endfacet
  facet normal 0.924063 0.382239 0
    outer loop
      vertex -21.7876 -11.3071 3
      vertex -21.8276 -11.2104 0
      vertex -21.8276 -11.2104 3
    endloop
  endfacet
  facet normal 0.924063 0.382239 0
    outer loop
      vertex -21.8276 -11.2104 0
      vertex -21.7876 -11.3071 3
      vertex -21.7876 -11.3071 0
    endloop
  endfacet
  facet normal 0.300994 -0.953626 0
    outer loop
      vertex -21.1104 11.9276 0
      vertex -21.0106 11.9591 3
      vertex -21.1104 11.9276 3
    endloop
  endfacet
  facet normal 0.300994 -0.953626 0
    outer loop
      vertex -21.0106 11.9591 3
      vertex -21.1104 11.9276 0
      vertex -21.0106 11.9591 0
    endloop
  endfacet
  facet normal -0.216829 0.97621 0
    outer loop
      vertex -18.9894 -11.9591 0
      vertex -19.0916 -11.9818 3
      vertex -18.9894 -11.9591 3
    endloop
  endfacet
  facet normal -0.216829 0.97621 0
    outer loop
      vertex -19.0916 -11.9818 3
      vertex -18.9894 -11.9591 0
      vertex -19.0916 -11.9818 0
    endloop
  endfacet
  facet normal 0.991526 -0.129911 0
    outer loop
      vertex -21.8954 10.9046 3
      vertex -21.8818 11.0084 0
      vertex -21.8818 11.0084 3
    endloop
  endfacet
  facet normal 0.991526 -0.129911 0
    outer loop
      vertex -21.8818 11.0084 0
      vertex -21.8954 10.9046 3
      vertex -21.8954 10.9046 0
    endloop
  endfacet
  facet normal -0.609434 0.792837 0
    outer loop
      vertex -18.5287 -11.7192 0
      vertex -18.6117 -11.783 3
      vertex -18.5287 -11.7192 3
    endloop
  endfacet
  facet normal -0.609434 0.792837 0
    outer loop
      vertex -18.6117 -11.783 3
      vertex -18.5287 -11.7192 0
      vertex -18.6117 -11.783 0
    endloop
  endfacet
  facet normal 0.97621 0.216829 0
    outer loop
      vertex -21.8591 -11.1106 3
      vertex -21.8818 -11.0084 0
      vertex -21.8818 -11.0084 3
    endloop
  endfacet
  facet normal 0.97621 0.216829 0
    outer loop
      vertex -21.8818 -11.0084 0
      vertex -21.8591 -11.1106 3
      vertex -21.8591 -11.1106 0
    endloop
  endfacet
  facet normal -0.886857 0.462044 0
    outer loop
      vertex -18.2608 -11.4 0
      vertex -18.2124 -11.3071 3
      vertex -18.2124 -11.3071 0
    endloop
  endfacet
  facet normal -0.886857 0.462044 0
    outer loop
      vertex -18.2124 -11.3071 3
      vertex -18.2608 -11.4 0
      vertex -18.2608 -11.4 3
    endloop
  endfacet
  facet normal -0.999034 0.0439346 0
    outer loop
      vertex -18.1046 -10.9046 0
      vertex -18.1 -10.8 3
      vertex -18.1 -10.8 0
    endloop
  endfacet
  facet normal -0.999034 0.0439346 0
    outer loop
      vertex -18.1 -10.8 3
      vertex -18.1046 -10.9046 0
      vertex -18.1046 -10.9046 3
    endloop
  endfacet
  facet normal 0.792837 0.609434 0
    outer loop
      vertex -21.6192 -11.5713 3
      vertex -21.683 -11.4883 0
      vertex -21.683 -11.4883 3
    endloop
  endfacet
  facet normal 0.792837 0.609434 0
    outer loop
      vertex -21.683 -11.4883 0
      vertex -21.6192 -11.5713 3
      vertex -21.6192 -11.5713 0
    endloop
  endfacet
  facet normal 0.300994 0.953626 -0
    outer loop
      vertex -21.0106 -11.9591 0
      vertex -21.1104 -11.9276 3
      vertex -21.0106 -11.9591 3
    endloop
  endfacet
  facet normal 0.300994 0.953626 0
    outer loop
      vertex -21.1104 -11.9276 3
      vertex -21.0106 -11.9591 0
      vertex -21.1104 -11.9276 0
    endloop
  endfacet
  facet normal -0.792837 0.609434 0
    outer loop
      vertex -18.3808 -11.5713 0
      vertex -18.317 -11.4883 3
      vertex -18.317 -11.4883 0
    endloop
  endfacet
  facet normal -0.792837 0.609434 0
    outer loop
      vertex -18.317 -11.4883 3
      vertex -18.3808 -11.5713 0
      vertex -18.3808 -11.5713 3
    endloop
  endfacet
  facet normal -0.991526 0.129911 0
    outer loop
      vertex -18.1182 -11.0084 0
      vertex -18.1046 -10.9046 3
      vertex -18.1046 -10.9046 0
    endloop
  endfacet
  facet normal -0.991526 0.129911 0
    outer loop
      vertex -18.1046 -10.9046 3
      vertex -18.1182 -11.0084 0
      vertex -18.1182 -11.0084 3
    endloop
  endfacet
  facet normal 0.737471 0.675378 0
    outer loop
      vertex -21.5485 -11.6485 3
      vertex -21.6192 -11.5713 0
      vertex -21.6192 -11.5713 3
    endloop
  endfacet
  facet normal 0.737471 0.675378 0
    outer loop
      vertex -21.6192 -11.5713 0
      vertex -21.5485 -11.6485 3
      vertex -21.5485 -11.6485 0
    endloop
  endfacet
  facet normal 0.609434 0.792837 -0
    outer loop
      vertex -21.3883 -11.783 0
      vertex -21.4713 -11.7192 3
      vertex -21.3883 -11.783 3
    endloop
  endfacet
  facet normal 0.609434 0.792837 0
    outer loop
      vertex -21.4713 -11.7192 3
      vertex -21.3883 -11.783 0
      vertex -21.4713 -11.7192 0
    endloop
  endfacet
  facet normal 0.536937 -0.843622 0
    outer loop
      vertex -21.3883 11.783 0
      vertex -21.3 11.8392 3
      vertex -21.3883 11.783 3
    endloop
  endfacet
  facet normal 0.536937 -0.843622 0
    outer loop
      vertex -21.3 11.8392 3
      vertex -21.3883 11.783 0
      vertex -21.3 11.8392 0
    endloop
  endfacet
  facet normal 0.886857 0.462044 0
    outer loop
      vertex -21.7392 -11.4 3
      vertex -21.7876 -11.3071 0
      vertex -21.7876 -11.3071 3
    endloop
  endfacet
  facet normal 0.886857 0.462044 0
    outer loop
      vertex -21.7876 -11.3071 0
      vertex -21.7392 -11.4 3
      vertex -21.7392 -11.4 0
    endloop
  endfacet
  facet normal -0.97621 -0.216829 0
    outer loop
      vertex -18.1182 11.0084 0
      vertex -18.1409 11.1106 3
      vertex -18.1409 11.1106 0
    endloop
  endfacet
  facet normal -0.97621 -0.216829 0
    outer loop
      vertex -18.1409 11.1106 3
      vertex -18.1182 11.0084 0
      vertex -18.1182 11.0084 3
    endloop
  endfacet
  facet normal -0.609434 -0.792837 0
    outer loop
      vertex -18.6117 11.783 0
      vertex -18.5287 11.7192 3
      vertex -18.6117 11.783 3
    endloop
  endfacet
  facet normal -0.609434 -0.792837 -0
    outer loop
      vertex -18.5287 11.7192 3
      vertex -18.6117 11.783 0
      vertex -18.5287 11.7192 0
    endloop
  endfacet
  facet normal 0.462044 0.886857 -0
    outer loop
      vertex -21.2071 -11.8876 0
      vertex -21.3 -11.8392 3
      vertex -21.2071 -11.8876 3
    endloop
  endfacet
  facet normal 0.462044 0.886857 0
    outer loop
      vertex -21.3 -11.8392 3
      vertex -21.2071 -11.8876 0
      vertex -21.3 -11.8392 0
    endloop
  endfacet
  facet normal -0.675378 0.737471 0
    outer loop
      vertex -18.4515 -11.6485 0
      vertex -18.5287 -11.7192 3
      vertex -18.4515 -11.6485 3
    endloop
  endfacet
  facet normal -0.675378 0.737471 0
    outer loop
      vertex -18.5287 -11.7192 3
      vertex -18.4515 -11.6485 0
      vertex -18.5287 -11.7192 0
    endloop
  endfacet
  facet normal 0.843622 -0.536937 0
    outer loop
      vertex -21.7392 11.4 3
      vertex -21.683 11.4883 0
      vertex -21.683 11.4883 3
    endloop
  endfacet
  facet normal 0.843622 -0.536937 0
    outer loop
      vertex -21.683 11.4883 0
      vertex -21.7392 11.4 3
      vertex -21.7392 11.4 0
    endloop
  endfacet
  facet normal -0.300994 0.953626 0
    outer loop
      vertex -18.8896 -11.9276 0
      vertex -18.9894 -11.9591 3
      vertex -18.8896 -11.9276 3
    endloop
  endfacet
  facet normal -0.300994 0.953626 0
    outer loop
      vertex -18.9894 -11.9591 3
      vertex -18.8896 -11.9276 0
      vertex -18.9894 -11.9591 0
    endloop
  endfacet
  facet normal 0.675378 -0.737471 0
    outer loop
      vertex -21.5485 11.6485 0
      vertex -21.4713 11.7192 3
      vertex -21.5485 11.6485 3
    endloop
  endfacet
  facet normal 0.675378 -0.737471 0
    outer loop
      vertex -21.4713 11.7192 3
      vertex -21.5485 11.6485 0
      vertex -21.4713 11.7192 0
    endloop
  endfacet
  facet normal -0.737471 0.675378 0
    outer loop
      vertex -18.4515 -11.6485 0
      vertex -18.3808 -11.5713 3
      vertex -18.3808 -11.5713 0
    endloop
  endfacet
  facet normal -0.737471 0.675378 0
    outer loop
      vertex -18.3808 -11.5713 3
      vertex -18.4515 -11.6485 0
      vertex -18.4515 -11.6485 3
    endloop
  endfacet
  facet normal -0.924063 0.382239 0
    outer loop
      vertex -18.2124 -11.3071 0
      vertex -18.1724 -11.2104 3
      vertex -18.1724 -11.2104 0
    endloop
  endfacet
  facet normal -0.924063 0.382239 0
    outer loop
      vertex -18.1724 -11.2104 3
      vertex -18.2124 -11.3071 0
      vertex -18.2124 -11.3071 3
    endloop
  endfacet
  facet normal -0.737471 -0.675378 0
    outer loop
      vertex -18.3808 11.5713 0
      vertex -18.4515 11.6485 3
      vertex -18.4515 11.6485 0
    endloop
  endfacet
  facet normal -0.737471 -0.675378 0
    outer loop
      vertex -18.4515 11.6485 3
      vertex -18.3808 11.5713 0
      vertex -18.3808 11.5713 3
    endloop
  endfacet
  facet normal -0.536937 0.843622 0
    outer loop
      vertex -18.6117 -11.783 0
      vertex -18.7 -11.8392 3
      vertex -18.6117 -11.783 3
    endloop
  endfacet
  facet normal -0.536937 0.843622 0
    outer loop
      vertex -18.7 -11.8392 3
      vertex -18.6117 -11.783 0
      vertex -18.7 -11.8392 0
    endloop
  endfacet
  facet normal 0.0439346 0.999034 -0
    outer loop
      vertex 19.3 -12 0
      vertex 19.1954 -11.9954 3
      vertex 19.3 -12 3
    endloop
  endfacet
  facet normal 0.0439346 0.999034 0
    outer loop
      vertex 19.1954 -11.9954 3
      vertex 19.3 -12 0
      vertex 19.1954 -11.9954 0
    endloop
  endfacet
  facet normal -0.0439346 0.999034 0
    outer loop
      vertex 20.8046 -11.9954 0
      vertex 20.7 -12 3
      vertex 20.8046 -11.9954 3
    endloop
  endfacet
  facet normal -0.0439346 0.999034 0
    outer loop
      vertex 20.7 -12 3
      vertex 20.8046 -11.9954 0
      vertex 20.7 -12 0
    endloop
  endfacet
  facet normal -1 0 0
    outer loop
      vertex 21.9 -10.8 0
      vertex 21.9 10.8 3
      vertex 21.9 10.8 0
    endloop
  endfacet
  facet normal -1 -0 0
    outer loop
      vertex 21.9 10.8 3
      vertex 21.9 -10.8 0
      vertex 21.9 -10.8 3
    endloop
  endfacet
  facet normal 0.991526 0.129911 0
    outer loop
      vertex 18.1182 -11.0084 3
      vertex 18.1046 -10.9046 0
      vertex 18.1046 -10.9046 3
    endloop
  endfacet
  facet normal 0.991526 0.129911 0
    outer loop
      vertex 18.1046 -10.9046 0
      vertex 18.1182 -11.0084 3
      vertex 18.1182 -11.0084 0
    endloop
  endfacet
  facet normal -0.129911 -0.991526 0
    outer loop
      vertex 20.8046 11.9954 0
      vertex 20.9084 11.9818 3
      vertex 20.8046 11.9954 3
    endloop
  endfacet
  facet normal -0.129911 -0.991526 -0
    outer loop
      vertex 20.9084 11.9818 3
      vertex 20.8046 11.9954 0
      vertex 20.9084 11.9818 0
    endloop
  endfacet
  facet normal -0.924063 -0.382239 0
    outer loop
      vertex 21.8276 11.2104 0
      vertex 21.7876 11.3071 3
      vertex 21.7876 11.3071 0
    endloop
  endfacet
  facet normal -0.924063 -0.382239 0
    outer loop
      vertex 21.7876 11.3071 3
      vertex 21.8276 11.2104 0
      vertex 21.8276 11.2104 3
    endloop
  endfacet
  facet normal -0.843622 0.536937 0
    outer loop
      vertex 21.683 -11.4883 0
      vertex 21.7392 -11.4 3
      vertex 21.7392 -11.4 0
    endloop
  endfacet
  facet normal -0.843622 0.536937 0
    outer loop
      vertex 21.7392 -11.4 3
      vertex 21.683 -11.4883 0
      vertex 21.683 -11.4883 3
    endloop
  endfacet
  facet normal 0.216829 0.97621 -0
    outer loop
      vertex 19.0916 -11.9818 0
      vertex 18.9894 -11.9591 3
      vertex 19.0916 -11.9818 3
    endloop
  endfacet
  facet normal 0.216829 0.97621 0
    outer loop
      vertex 18.9894 -11.9591 3
      vertex 19.0916 -11.9818 0
      vertex 18.9894 -11.9591 0
    endloop
  endfacet
  facet normal -0.462044 -0.886857 0
    outer loop
      vertex 21.2071 11.8876 0
      vertex 21.3 11.8392 3
      vertex 21.2071 11.8876 3
    endloop
  endfacet
  facet normal -0.462044 -0.886857 -0
    outer loop
      vertex 21.3 11.8392 3
      vertex 21.2071 11.8876 0
      vertex 21.3 11.8392 0
    endloop
  endfacet
  facet normal 0.843622 0.536937 0
    outer loop
      vertex 18.317 -11.4883 3
      vertex 18.2608 -11.4 0
      vertex 18.2608 -11.4 3
    endloop
  endfacet
  facet normal 0.843622 0.536937 0
    outer loop
      vertex 18.2608 -11.4 0
      vertex 18.317 -11.4883 3
      vertex 18.317 -11.4883 0
    endloop
  endfacet
  facet normal -0.462044 0.886857 0
    outer loop
      vertex 21.3 -11.8392 0
      vertex 21.2071 -11.8876 3
      vertex 21.3 -11.8392 3
    endloop
  endfacet
  facet normal -0.462044 0.886857 0
    outer loop
      vertex 21.2071 -11.8876 3
      vertex 21.3 -11.8392 0
      vertex 21.2071 -11.8876 0
    endloop
  endfacet
  facet normal 0.129911 0.991526 -0
    outer loop
      vertex 19.1954 -11.9954 0
      vertex 19.0916 -11.9818 3
      vertex 19.1954 -11.9954 3
    endloop
  endfacet
  facet normal 0.129911 0.991526 0
    outer loop
      vertex 19.0916 -11.9818 3
      vertex 19.1954 -11.9954 0
      vertex 19.0916 -11.9818 0
    endloop
  endfacet
  facet normal 0.536937 0.843622 -0
    outer loop
      vertex 18.7 -11.8392 0
      vertex 18.6117 -11.783 3
      vertex 18.7 -11.8392 3
    endloop
  endfacet
  facet normal 0.536937 0.843622 0
    outer loop
      vertex 18.6117 -11.783 3
      vertex 18.7 -11.8392 0
      vertex 18.6117 -11.783 0
    endloop
  endfacet
  facet normal -0.886857 -0.462044 0
    outer loop
      vertex 21.7876 11.3071 0
      vertex 21.7392 11.4 3
      vertex 21.7392 11.4 0
    endloop
  endfacet
  facet normal -0.886857 -0.462044 0
    outer loop
      vertex 21.7392 11.4 3
      vertex 21.7876 11.3071 0
      vertex 21.7876 11.3071 3
    endloop
  endfacet
  facet normal -0.129911 0.991526 0
    outer loop
      vertex 20.9084 -11.9818 0
      vertex 20.8046 -11.9954 3
      vertex 20.9084 -11.9818 3
    endloop
  endfacet
  facet normal -0.129911 0.991526 0
    outer loop
      vertex 20.8046 -11.9954 3
      vertex 20.9084 -11.9818 0
      vertex 20.8046 -11.9954 0
    endloop
  endfacet
  facet normal 0.999034 -0.0439346 0
    outer loop
      vertex 18.1 10.8 3
      vertex 18.1046 10.9046 0
      vertex 18.1046 10.9046 3
    endloop
  endfacet
  facet normal 0.999034 -0.0439346 0
    outer loop
      vertex 18.1046 10.9046 0
      vertex 18.1 10.8 3
      vertex 18.1 10.8 0
    endloop
  endfacet
  facet normal 0.0439346 -0.999034 0
    outer loop
      vertex 19.1954 11.9954 0
      vertex 19.3 12 3
      vertex 19.1954 11.9954 3
    endloop
  endfacet
  facet normal 0.0439346 -0.999034 0
    outer loop
      vertex 19.3 12 3
      vertex 19.1954 11.9954 0
      vertex 19.3 12 0
    endloop
  endfacet
  facet normal -0.216829 -0.97621 0
    outer loop
      vertex 20.9084 11.9818 0
      vertex 21.0106 11.9591 3
      vertex 20.9084 11.9818 3
    endloop
  endfacet
  facet normal -0.216829 -0.97621 -0
    outer loop
      vertex 21.0106 11.9591 3
      vertex 20.9084 11.9818 0
      vertex 21.0106 11.9591 0
    endloop
  endfacet
  facet normal -0.843622 -0.536937 0
    outer loop
      vertex 21.7392 11.4 0
      vertex 21.683 11.4883 3
      vertex 21.683 11.4883 0
    endloop
  endfacet
  facet normal -0.843622 -0.536937 0
    outer loop
      vertex 21.683 11.4883 3
      vertex 21.7392 11.4 0
      vertex 21.7392 11.4 3
    endloop
  endfacet
  facet normal -0.97621 0.216829 0
    outer loop
      vertex 21.8591 -11.1106 0
      vertex 21.8818 -11.0084 3
      vertex 21.8818 -11.0084 0
    endloop
  endfacet
  facet normal -0.97621 0.216829 0
    outer loop
      vertex 21.8818 -11.0084 3
      vertex 21.8591 -11.1106 0
      vertex 21.8591 -11.1106 3
    endloop
  endfacet
  facet normal 0.129911 -0.991526 0
    outer loop
      vertex 19.0916 11.9818 0
      vertex 19.1954 11.9954 3
      vertex 19.0916 11.9818 3
    endloop
  endfacet
  facet normal 0.129911 -0.991526 0
    outer loop
      vertex 19.1954 11.9954 3
      vertex 19.0916 11.9818 0
      vertex 19.1954 11.9954 0
    endloop
  endfacet
  facet normal 0 -1 0
    outer loop
      vertex 19.3 12 0
      vertex 20.7 12 3
      vertex 19.3 12 3
    endloop
  endfacet
  facet normal 0 -1 -0
    outer loop
      vertex 20.7 12 3
      vertex 19.3 12 0
      vertex 20.7 12 0
    endloop
  endfacet
  facet normal -0.953626 -0.300994 0
    outer loop
      vertex 21.8591 11.1106 0
      vertex 21.8276 11.2104 3
      vertex 21.8276 11.2104 0
    endloop
  endfacet
  facet normal -0.953626 -0.300994 0
    outer loop
      vertex 21.8276 11.2104 3
      vertex 21.8591 11.1106 0
      vertex 21.8591 11.1106 3
    endloop
  endfacet
  facet normal 0.792837 0.609434 0
    outer loop
      vertex 18.3808 -11.5713 3
      vertex 18.317 -11.4883 0
      vertex 18.317 -11.4883 3
    endloop
  endfacet
  facet normal 0.792837 0.609434 0
    outer loop
      vertex 18.317 -11.4883 0
      vertex 18.3808 -11.5713 3
      vertex 18.3808 -11.5713 0
    endloop
  endfacet
  facet normal -0.792837 -0.609434 0
    outer loop
      vertex 21.683 11.4883 0
      vertex 21.6192 11.5713 3
      vertex 21.6192 11.5713 0
    endloop
  endfacet
  facet normal -0.792837 -0.609434 0
    outer loop
      vertex 21.6192 11.5713 3
      vertex 21.683 11.4883 0
      vertex 21.683 11.4883 3
    endloop
  endfacet
  facet normal -0.999034 -0.0439346 0
    outer loop
      vertex 21.9 10.8 0
      vertex 21.8954 10.9046 3
      vertex 21.8954 10.9046 0
    endloop
  endfacet
  facet normal -0.999034 -0.0439346 0
    outer loop
      vertex 21.8954 10.9046 3
      vertex 21.9 10.8 0
      vertex 21.9 10.8 3
    endloop
  endfacet
  facet normal 1 -0 0
    outer loop
      vertex 18.1 -10.8 3
      vertex 18.1 10.8 0
      vertex 18.1 10.8 3
    endloop
  endfacet
  facet normal 1 0 0
    outer loop
      vertex 18.1 10.8 0
      vertex 18.1 -10.8 3
      vertex 18.1 -10.8 0
    endloop
  endfacet
  facet normal 0.792837 -0.609434 0
    outer loop
      vertex 18.317 11.4883 3
      vertex 18.3808 11.5713 0
      vertex 18.3808 11.5713 3
    endloop
  endfacet
  facet normal 0.792837 -0.609434 0
    outer loop
      vertex 18.3808 11.5713 0
      vertex 18.317 11.4883 3
      vertex 18.317 11.4883 0
    endloop
  endfacet
  facet normal 0.609434 -0.792837 0
    outer loop
      vertex 18.5287 11.7192 0
      vertex 18.6117 11.783 3
      vertex 18.5287 11.7192 3
    endloop
  endfacet
  facet normal 0.609434 -0.792837 0
    outer loop
      vertex 18.6117 11.783 3
      vertex 18.5287 11.7192 0
      vertex 18.6117 11.783 0
    endloop
  endfacet
  facet normal -0.991526 -0.129911 0
    outer loop
      vertex 21.8954 10.9046 0
      vertex 21.8818 11.0084 3
      vertex 21.8818 11.0084 0
    endloop
  endfacet
  facet normal -0.991526 -0.129911 0
    outer loop
      vertex 21.8818 11.0084 3
      vertex 21.8954 10.9046 0
      vertex 21.8954 10.9046 3
    endloop
  endfacet
  facet normal -0.382239 -0.924063 0
    outer loop
      vertex 21.1104 11.9276 0
      vertex 21.2071 11.8876 3
      vertex 21.1104 11.9276 3
    endloop
  endfacet
  facet normal -0.382239 -0.924063 -0
    outer loop
      vertex 21.2071 11.8876 3
      vertex 21.1104 11.9276 0
      vertex 21.2071 11.8876 0
    endloop
  endfacet
  facet normal 0 1 -0
    outer loop
      vertex 20.7 -12 0
      vertex 19.3 -12 3
      vertex 20.7 -12 3
    endloop
  endfacet
  facet normal 0 1 0
    outer loop
      vertex 19.3 -12 3
      vertex 20.7 -12 0
      vertex 19.3 -12 0
    endloop
  endfacet
  facet normal -0.536937 -0.843622 0
    outer loop
      vertex 21.3 11.8392 0
      vertex 21.3883 11.783 3
      vertex 21.3 11.8392 3
    endloop
  endfacet
  facet normal -0.536937 -0.843622 -0
    outer loop
      vertex 21.3883 11.783 3
      vertex 21.3 11.8392 0
      vertex 21.3883 11.783 0
    endloop
  endfacet
  facet normal -0.953626 0.300994 0
    outer loop
      vertex 21.8276 -11.2104 0
      vertex 21.8591 -11.1106 3
      vertex 21.8591 -11.1106 0
    endloop
  endfacet
  facet normal -0.953626 0.300994 0
    outer loop
      vertex 21.8591 -11.1106 3
      vertex 21.8276 -11.2104 0
      vertex 21.8276 -11.2104 3
    endloop
  endfacet
  facet normal 0.382239 -0.924063 0
    outer loop
      vertex 18.7929 11.8876 0
      vertex 18.8896 11.9276 3
      vertex 18.7929 11.8876 3
    endloop
  endfacet
  facet normal 0.382239 -0.924063 0
    outer loop
      vertex 18.8896 11.9276 3
      vertex 18.7929 11.8876 0
      vertex 18.8896 11.9276 0
    endloop
  endfacet
  facet normal 0.737471 -0.675378 0
    outer loop
      vertex 18.3808 11.5713 3
      vertex 18.4515 11.6485 0
      vertex 18.4515 11.6485 3
    endloop
  endfacet
  facet normal 0.737471 -0.675378 0
    outer loop
      vertex 18.4515 11.6485 0
      vertex 18.3808 11.5713 3
      vertex 18.3808 11.5713 0
    endloop
  endfacet
  facet normal 0.216829 -0.97621 0
    outer loop
      vertex 18.9894 11.9591 0
      vertex 19.0916 11.9818 3
      vertex 18.9894 11.9591 3
    endloop
  endfacet
  facet normal 0.216829 -0.97621 0
    outer loop
      vertex 19.0916 11.9818 3
      vertex 18.9894 11.9591 0
      vertex 19.0916 11.9818 0
    endloop
  endfacet
  facet normal 0.924063 -0.382239 0
    outer loop
      vertex 18.1724 11.2104 3
      vertex 18.2124 11.3071 0
      vertex 18.2124 11.3071 3
    endloop
  endfacet
  facet normal 0.924063 -0.382239 0
    outer loop
      vertex 18.2124 11.3071 0
      vertex 18.1724 11.2104 3
      vertex 18.1724 11.2104 0
    endloop
  endfacet
  facet normal 0.999034 0.0439346 0
    outer loop
      vertex 18.1046 -10.9046 3
      vertex 18.1 -10.8 0
      vertex 18.1 -10.8 3
    endloop
  endfacet
  facet normal 0.999034 0.0439346 0
    outer loop
      vertex 18.1 -10.8 0
      vertex 18.1046 -10.9046 3
      vertex 18.1046 -10.9046 0
    endloop
  endfacet
  facet normal 0.953626 0.300994 0
    outer loop
      vertex 18.1724 -11.2104 3
      vertex 18.1409 -11.1106 0
      vertex 18.1409 -11.1106 3
    endloop
  endfacet
  facet normal 0.953626 0.300994 0
    outer loop
      vertex 18.1409 -11.1106 0
      vertex 18.1724 -11.2104 3
      vertex 18.1724 -11.2104 0
    endloop
  endfacet
  facet normal 0.953626 -0.300994 0
    outer loop
      vertex 18.1409 11.1106 3
      vertex 18.1724 11.2104 0
      vertex 18.1724 11.2104 3
    endloop
  endfacet
  facet normal 0.953626 -0.300994 0
    outer loop
      vertex 18.1724 11.2104 0
      vertex 18.1409 11.1106 3
      vertex 18.1409 11.1106 0
    endloop
  endfacet
  facet normal -0.382239 0.924063 0
    outer loop
      vertex 21.2071 -11.8876 0
      vertex 21.1104 -11.9276 3
      vertex 21.2071 -11.8876 3
    endloop
  endfacet
  facet normal -0.382239 0.924063 0
    outer loop
      vertex 21.1104 -11.9276 3
      vertex 21.2071 -11.8876 0
      vertex 21.1104 -11.9276 0
    endloop
  endfacet
  facet normal -0.300994 -0.953626 0
    outer loop
      vertex 21.0106 11.9591 0
      vertex 21.1104 11.9276 3
      vertex 21.0106 11.9591 3
    endloop
  endfacet
  facet normal -0.300994 -0.953626 -0
    outer loop
      vertex 21.1104 11.9276 3
      vertex 21.0106 11.9591 0
      vertex 21.1104 11.9276 0
    endloop
  endfacet
  facet normal 0.382239 0.924063 -0
    outer loop
      vertex 18.8896 -11.9276 0
      vertex 18.7929 -11.8876 3
      vertex 18.8896 -11.9276 3
    endloop
  endfacet
  facet normal 0.382239 0.924063 0
    outer loop
      vertex 18.7929 -11.8876 3
      vertex 18.8896 -11.9276 0
      vertex 18.7929 -11.8876 0
    endloop
  endfacet
  facet normal 0.97621 -0.216829 0
    outer loop
      vertex 18.1182 11.0084 3
      vertex 18.1409 11.1106 0
      vertex 18.1409 11.1106 3
    endloop
  endfacet
  facet normal 0.97621 -0.216829 0
    outer loop
      vertex 18.1409 11.1106 0
      vertex 18.1182 11.0084 3
      vertex 18.1182 11.0084 0
    endloop
  endfacet
  facet normal 0.886857 0.462044 0
    outer loop
      vertex 18.2608 -11.4 3
      vertex 18.2124 -11.3071 0
      vertex 18.2124 -11.3071 3
    endloop
  endfacet
  facet normal 0.886857 0.462044 0
    outer loop
      vertex 18.2124 -11.3071 0
      vertex 18.2608 -11.4 3
      vertex 18.2608 -11.4 0
    endloop
  endfacet
  facet normal -0.675378 -0.737471 0
    outer loop
      vertex 21.4713 11.7192 0
      vertex 21.5485 11.6485 3
      vertex 21.4713 11.7192 3
    endloop
  endfacet
  facet normal -0.675378 -0.737471 -0
    outer loop
      vertex 21.5485 11.6485 3
      vertex 21.4713 11.7192 0
      vertex 21.5485 11.6485 0
    endloop
  endfacet
  facet normal 0.886857 -0.462044 0
    outer loop
      vertex 18.2124 11.3071 3
      vertex 18.2608 11.4 0
      vertex 18.2608 11.4 3
    endloop
  endfacet
  facet normal 0.886857 -0.462044 0
    outer loop
      vertex 18.2608 11.4 0
      vertex 18.2124 11.3071 3
      vertex 18.2124 11.3071 0
    endloop
  endfacet
  facet normal -0.0439346 -0.999034 0
    outer loop
      vertex 20.7 12 0
      vertex 20.8046 11.9954 3
      vertex 20.7 12 3
    endloop
  endfacet
  facet normal -0.0439346 -0.999034 -0
    outer loop
      vertex 20.8046 11.9954 3
      vertex 20.7 12 0
      vertex 20.8046 11.9954 0
    endloop
  endfacet
  facet normal 0.675378 0.737471 -0
    outer loop
      vertex 18.5287 -11.7192 0
      vertex 18.4515 -11.6485 3
      vertex 18.5287 -11.7192 3
    endloop
  endfacet
  facet normal 0.675378 0.737471 0
    outer loop
      vertex 18.4515 -11.6485 3
      vertex 18.5287 -11.7192 0
      vertex 18.4515 -11.6485 0
    endloop
  endfacet
  facet normal 0.924063 0.382239 0
    outer loop
      vertex 18.2124 -11.3071 3
      vertex 18.1724 -11.2104 0
      vertex 18.1724 -11.2104 3
    endloop
  endfacet
  facet normal 0.924063 0.382239 0
    outer loop
      vertex 18.1724 -11.2104 0
      vertex 18.2124 -11.3071 3
      vertex 18.2124 -11.3071 0
    endloop
  endfacet
  facet normal 0.300994 -0.953626 0
    outer loop
      vertex 18.8896 11.9276 0
      vertex 18.9894 11.9591 3
      vertex 18.8896 11.9276 3
    endloop
  endfacet
  facet normal 0.300994 -0.953626 0
    outer loop
      vertex 18.9894 11.9591 3
      vertex 18.8896 11.9276 0
      vertex 18.9894 11.9591 0
    endloop
  endfacet
  facet normal -0.216829 0.97621 0
    outer loop
      vertex 21.0106 -11.9591 0
      vertex 20.9084 -11.9818 3
      vertex 21.0106 -11.9591 3
    endloop
  endfacet
  facet normal -0.216829 0.97621 0
    outer loop
      vertex 20.9084 -11.9818 3
      vertex 21.0106 -11.9591 0
      vertex 20.9084 -11.9818 0
    endloop
  endfacet
  facet normal 0.991526 -0.129911 0
    outer loop
      vertex 18.1046 10.9046 3
      vertex 18.1182 11.0084 0
      vertex 18.1182 11.0084 3
    endloop
  endfacet
  facet normal 0.991526 -0.129911 0
    outer loop
      vertex 18.1182 11.0084 0
      vertex 18.1046 10.9046 3
      vertex 18.1046 10.9046 0
    endloop
  endfacet
  facet normal -0.609434 0.792837 0
    outer loop
      vertex 21.4713 -11.7192 0
      vertex 21.3883 -11.783 3
      vertex 21.4713 -11.7192 3
    endloop
  endfacet
  facet normal -0.609434 0.792837 0
    outer loop
      vertex 21.3883 -11.783 3
      vertex 21.4713 -11.7192 0
      vertex 21.3883 -11.783 0
    endloop
  endfacet
  facet normal 0.97621 0.216829 0
    outer loop
      vertex 18.1409 -11.1106 3
      vertex 18.1182 -11.0084 0
      vertex 18.1182 -11.0084 3
    endloop
  endfacet
  facet normal 0.97621 0.216829 0
    outer loop
      vertex 18.1182 -11.0084 0
      vertex 18.1409 -11.1106 3
      vertex 18.1409 -11.1106 0
    endloop
  endfacet
  facet normal -0.886857 0.462044 0
    outer loop
      vertex 21.7392 -11.4 0
      vertex 21.7876 -11.3071 3
      vertex 21.7876 -11.3071 0
    endloop
  endfacet
  facet normal -0.886857 0.462044 0
    outer loop
      vertex 21.7876 -11.3071 3
      vertex 21.7392 -11.4 0
      vertex 21.7392 -11.4 3
    endloop
  endfacet
  facet normal -0.999034 0.0439346 0
    outer loop
      vertex 21.8954 -10.9046 0
      vertex 21.9 -10.8 3
      vertex 21.9 -10.8 0
    endloop
  endfacet
  facet normal -0.999034 0.0439346 0
    outer loop
      vertex 21.9 -10.8 3
      vertex 21.8954 -10.9046 0
      vertex 21.8954 -10.9046 3
    endloop
  endfacet
  facet normal 0.300994 0.953626 -0
    outer loop
      vertex 18.9894 -11.9591 0
      vertex 18.8896 -11.9276 3
      vertex 18.9894 -11.9591 3
    endloop
  endfacet
  facet normal 0.300994 0.953626 0
    outer loop
      vertex 18.8896 -11.9276 3
      vertex 18.9894 -11.9591 0
      vertex 18.8896 -11.9276 0
    endloop
  endfacet
  facet normal -0.792837 0.609434 0
    outer loop
      vertex 21.6192 -11.5713 0
      vertex 21.683 -11.4883 3
      vertex 21.683 -11.4883 0
    endloop
  endfacet
  facet normal -0.792837 0.609434 0
    outer loop
      vertex 21.683 -11.4883 3
      vertex 21.6192 -11.5713 0
      vertex 21.6192 -11.5713 3
    endloop
  endfacet
  facet normal -0.991526 0.129911 0
    outer loop
      vertex 21.8818 -11.0084 0
      vertex 21.8954 -10.9046 3
      vertex 21.8954 -10.9046 0
    endloop
  endfacet
  facet normal -0.991526 0.129911 0
    outer loop
      vertex 21.8954 -10.9046 3
      vertex 21.8818 -11.0084 0
      vertex 21.8818 -11.0084 3
    endloop
  endfacet
  facet normal 0.737471 0.675378 0
    outer loop
      vertex 18.4515 -11.6485 3
      vertex 18.3808 -11.5713 0
      vertex 18.3808 -11.5713 3
    endloop
  endfacet
  facet normal 0.737471 0.675378 0
    outer loop
      vertex 18.3808 -11.5713 0
      vertex 18.4515 -11.6485 3
      vertex 18.4515 -11.6485 0
    endloop
  endfacet
  facet normal 0.609434 0.792837 -0
    outer loop
      vertex 18.6117 -11.783 0
      vertex 18.5287 -11.7192 3
      vertex 18.6117 -11.783 3
    endloop
  endfacet
  facet normal 0.609434 0.792837 0
    outer loop
      vertex 18.5287 -11.7192 3
      vertex 18.6117 -11.783 0
      vertex 18.5287 -11.7192 0
    endloop
  endfacet
  facet normal 0.536937 -0.843622 0
    outer loop
      vertex 18.6117 11.783 0
      vertex 18.7 11.8392 3
      vertex 18.6117 11.783 3
    endloop
  endfacet
  facet normal 0.536937 -0.843622 0
    outer loop
      vertex 18.7 11.8392 3
      vertex 18.6117 11.783 0
      vertex 18.7 11.8392 0
    endloop
  endfacet
  facet normal -0.97621 -0.216829 0
    outer loop
      vertex 21.8818 11.0084 0
      vertex 21.8591 11.1106 3
      vertex 21.8591 11.1106 0
    endloop
  endfacet
  facet normal -0.97621 -0.216829 0
    outer loop
      vertex 21.8591 11.1106 3
      vertex 21.8818 11.0084 0
      vertex 21.8818 11.0084 3
    endloop
  endfacet
  facet normal -0.609434 -0.792837 0
    outer loop
      vertex 21.3883 11.783 0
      vertex 21.4713 11.7192 3
      vertex 21.3883 11.783 3
    endloop
  endfacet
  facet normal -0.609434 -0.792837 -0
    outer loop
      vertex 21.4713 11.7192 3
      vertex 21.3883 11.783 0
      vertex 21.4713 11.7192 0
    endloop
  endfacet
  facet normal 0.462044 0.886857 -0
    outer loop
      vertex 18.7929 -11.8876 0
      vertex 18.7 -11.8392 3
      vertex 18.7929 -11.8876 3
    endloop
  endfacet
  facet normal 0.462044 0.886857 0
    outer loop
      vertex 18.7 -11.8392 3
      vertex 18.7929 -11.8876 0
      vertex 18.7 -11.8392 0
    endloop
  endfacet
  facet normal -0.675378 0.737471 0
    outer loop
      vertex 21.5485 -11.6485 0
      vertex 21.4713 -11.7192 3
      vertex 21.5485 -11.6485 3
    endloop
  endfacet
  facet normal -0.675378 0.737471 0
    outer loop
      vertex 21.4713 -11.7192 3
      vertex 21.5485 -11.6485 0
      vertex 21.4713 -11.7192 0
    endloop
  endfacet
  facet normal 0.843622 -0.536937 0
    outer loop
      vertex 18.2608 11.4 3
      vertex 18.317 11.4883 0
      vertex 18.317 11.4883 3
    endloop
  endfacet
  facet normal 0.843622 -0.536937 0
    outer loop
      vertex 18.317 11.4883 0
      vertex 18.2608 11.4 3
      vertex 18.2608 11.4 0
    endloop
  endfacet
  facet normal -0.300994 0.953626 0
    outer loop
      vertex 21.1104 -11.9276 0
      vertex 21.0106 -11.9591 3
      vertex 21.1104 -11.9276 3
    endloop
  endfacet
  facet normal -0.300994 0.953626 0
    outer loop
      vertex 21.0106 -11.9591 3
      vertex 21.1104 -11.9276 0
      vertex 21.0106 -11.9591 0
    endloop
  endfacet
  facet normal 0.675378 -0.737471 0
    outer loop
      vertex 18.4515 11.6485 0
      vertex 18.5287 11.7192 3
      vertex 18.4515 11.6485 3
    endloop
  endfacet
  facet normal 0.675378 -0.737471 0
    outer loop
      vertex 18.5287 11.7192 3
      vertex 18.4515 11.6485 0
      vertex 18.5287 11.7192 0
    endloop
  endfacet
  facet normal 0.462044 -0.886857 0
    outer loop
      vertex 18.7 11.8392 0
      vertex 18.7929 11.8876 3
      vertex 18.7 11.8392 3
    endloop
  endfacet
  facet normal 0.462044 -0.886857 0
    outer loop
      vertex 18.7929 11.8876 3
      vertex 18.7 11.8392 0
      vertex 18.7929 11.8876 0
    endloop
  endfacet
  facet normal -0.737471 0.675378 0
    outer loop
      vertex 21.5485 -11.6485 0
      vertex 21.6192 -11.5713 3
      vertex 21.6192 -11.5713 0
    endloop
  endfacet
  facet normal -0.737471 0.675378 0
    outer loop
      vertex 21.6192 -11.5713 3
      vertex 21.5485 -11.6485 0
      vertex 21.5485 -11.6485 3
    endloop
  endfacet
  facet normal -0.924063 0.382239 0
    outer loop
      vertex 21.7876 -11.3071 0
      vertex 21.8276 -11.2104 3
      vertex 21.8276 -11.2104 0
    endloop
  endfacet
  facet normal -0.924063 0.382239 0
    outer loop
      vertex 21.8276 -11.2104 3
      vertex 21.7876 -11.3071 0
      vertex 21.7876 -11.3071 3
    endloop
  endfacet
  facet normal -0.737471 -0.675378 0
    outer loop
      vertex 21.6192 11.5713 0
      vertex 21.5485 11.6485 3
      vertex 21.5485 11.6485 0
    endloop
  endfacet
  facet normal -0.737471 -0.675378 0
    outer loop
      vertex 21.5485 11.6485 3
      vertex 21.6192 11.5713 0
      vertex 21.6192 11.5713 3
    endloop
  endfacet
  facet normal -0.536937 0.843622 0
    outer loop
      vertex 21.3883 -11.783 0
      vertex 21.3 -11.8392 3
      vertex 21.3883 -11.783 3
    endloop
  endfacet
  facet normal -0.536937 0.843622 0
    outer loop
      vertex 21.3 -11.8392 3
      vertex 21.3883 -11.783 0
      vertex 21.3 -11.8392 0
    endloop
  endfacet
endsolid OpenSCAD_Model
