solid OpenSCAD_Model
  facet normal 0.216354 -0.976315 0
    outer loop
      vertex 19.6946 -20.9392 0
      vertex 20.0353 -20.8637 4
      vertex 19.6946 -20.9392 4
    endloop
  endfacet
  facet normal 0.216354 -0.976315 0
    outer loop
      vertex 20.0353 -20.8637 4
      vertex 19.6946 -20.9392 0
      vertex 20.0353 -20.8637 0
    endloop
  endfacet
  facet normal 0.130662 0.991427 -0
    outer loop
      vertex 19.6946 20.9392 0
      vertex 19.3486 20.9848 4
      vertex 19.6946 20.9392 4
    endloop
  endfacet
  facet normal 0.130662 0.991427 0
    outer loop
      vertex 19.3486 20.9848 4
      vertex 19.6946 20.9392 0
      vertex 19.3486 20.9848 0
    endloop
  endfacet
  facet normal 0.300624 -0.953743 0
    outer loop
      vertex 20.0353 -20.8637 0
      vertex 20.3681 -20.7588 4
      vertex 20.0353 -20.8637 4
    endloop
  endfacet
  facet normal 0.300624 -0.953743 0
    outer loop
      vertex 20.3681 -20.7588 4
      vertex 20.0353 -20.8637 0
      vertex 20.3681 -20.7588 0
    endloop
  endfacet
  facet normal -0.953743 -0.300624 0
    outer loop
      vertex -22.7588 -18.3681 0
      vertex -22.8637 -18.0353 4
      vertex -22.8637 -18.0353 0
    endloop
  endfacet
  facet normal -0.953743 -0.300624 0
    outer loop
      vertex -22.8637 -18.0353 4
      vertex -22.7588 -18.3681 0
      vertex -22.7588 -18.3681 4
    endloop
  endfacet
  facet normal -0.737107 0.675777 0
    outer loop
      vertex -22.0642 19.5712 0
      vertex -21.8284 19.8284 4
      vertex -21.8284 19.8284 0
    endloop
  endfacet
  facet normal -0.737107 0.675777 0
    outer loop
      vertex -21.8284 19.8284 4
      vertex -22.0642 19.5712 0
      vertex -22.0642 19.5712 4
    endloop
  endfacet
  facet normal 0.130662 -0.991427 0
    outer loop
      vertex 19.3486 -20.9848 0
      vertex 19.6946 -20.9392 4
      vertex 19.3486 -20.9848 4
    endloop
  endfacet
  facet normal 0.130662 -0.991427 0
    outer loop
      vertex 19.6946 -20.9392 4
      vertex 19.3486 -20.9848 0
      vertex 19.6946 -20.9392 0
    endloop
  endfacet
  facet normal 0.0435616 -0.999051 0
    outer loop
      vertex 19 -21 0
      vertex 19.3486 -20.9848 4
      vertex 19 -21 4
    endloop
  endfacet
  facet normal 0.0435616 -0.999051 0
    outer loop
      vertex 19.3486 -20.9848 4
      vertex 19 -21 0
      vertex 19.3486 -20.9848 0
    endloop
  endfacet
  facet normal 1 -0 0
    outer loop
      vertex 23 -17 4
      vertex 23 17 0
      vertex 23 17 4
    endloop
  endfacet
  facet normal 1 0 0
    outer loop
      vertex 23 17 0
      vertex 23 -17 4
      vertex 23 -17 0
    endloop
  endfacet
  facet normal 0 -1 0
    outer loop
      vertex -19 -21 0
      vertex 19 -21 4
      vertex -19 -21 4
    endloop
  endfacet
  facet normal 0 -1 -0
    outer loop
      vertex 19 -21 4
      vertex -19 -21 0
      vertex 19 -21 0
    endloop
  endfacet
  facet normal -0.991427 -0.130662 0
    outer loop
      vertex -22.9392 -17.6946 0
      vertex -22.9848 -17.3486 4
      vertex -22.9848 -17.3486 0
    endloop
  endfacet
  facet normal -0.991427 -0.130662 0
    outer loop
      vertex -22.9848 -17.3486 4
      vertex -22.9392 -17.6946 0
      vertex -22.9392 -17.6946 4
    endloop
  endfacet
  facet normal -0.843378 0.53732 0
    outer loop
      vertex -22.4641 19 0
      vertex -22.2766 19.2943 4
      vertex -22.2766 19.2943 0
    endloop
  endfacet
  facet normal -0.843378 0.53732 0
    outer loop
      vertex -22.2766 19.2943 4
      vertex -22.4641 19 0
      vertex -22.4641 19 4
    endloop
  endfacet
  facet normal -0.382824 -0.923821 0
    outer loop
      vertex -20.6905 -20.6252 0
      vertex -20.3681 -20.7588 4
      vertex -20.6905 -20.6252 4
    endloop
  endfacet
  facet normal -0.382824 -0.923821 -0
    outer loop
      vertex -20.3681 -20.7588 4
      vertex -20.6905 -20.6252 0
      vertex -20.3681 -20.7588 0
    endloop
  endfacet
  facet normal -1 0 0
    outer loop
      vertex -23 -17 0
      vertex -23 17 4
      vertex -23 17 0
    endloop
  endfacet
  facet normal -1 -0 0
    outer loop
      vertex -23 17 4
      vertex -23 -17 0
      vertex -23 -17 4
    endloop
  endfacet
  facet normal -0.923821 -0.382824 0
    outer loop
      vertex -22.6252 -18.6905 0
      vertex -22.7588 -18.3681 4
      vertex -22.7588 -18.3681 0
    endloop
  endfacet
  facet normal -0.923821 -0.382824 0
    outer loop
      vertex -22.7588 -18.3681 4
      vertex -22.6252 -18.6905 0
      vertex -22.6252 -18.6905 4
    endloop
  endfacet
  facet normal 0 1 -0
    outer loop
      vertex 19 21 0
      vertex -19 21 4
      vertex 19 21 4
    endloop
  endfacet
  facet normal 0 1 0
    outer loop
      vertex -19 21 4
      vertex 19 21 0
      vertex -19 21 0
    endloop
  endfacet
  facet normal 0.382824 -0.923821 0
    outer loop
      vertex 20.3681 -20.7588 0
      vertex 20.6905 -20.6252 4
      vertex 20.3681 -20.7588 4
    endloop
  endfacet
  facet normal 0.382824 -0.923821 0
    outer loop
      vertex 20.6905 -20.6252 4
      vertex 20.3681 -20.7588 0
      vertex 20.6905 -20.6252 0
    endloop
  endfacet
  facet normal 0.216354 0.976315 -0
    outer loop
      vertex 20.0353 20.8637 0
      vertex 19.6946 20.9392 4
      vertex 20.0353 20.8637 4
    endloop
  endfacet
  facet normal 0.216354 0.976315 0
    outer loop
      vertex 19.6946 20.9392 4
      vertex 20.0353 20.8637 0
      vertex 19.6946 20.9392 0
    endloop
  endfacet
  facet normal -0.976315 0.216354 0
    outer loop
      vertex -22.9392 17.6946 0
      vertex -22.8637 18.0353 4
      vertex -22.8637 18.0353 0
    endloop
  endfacet
  facet normal -0.976315 0.216354 0
    outer loop
      vertex -22.8637 18.0353 4
      vertex -22.9392 17.6946 0
      vertex -22.9392 17.6946 4
    endloop
  endfacet
  facet normal 0.887029 -0.461714 0
    outer loop
      vertex 22.4641 -19 4
      vertex 22.6252 -18.6905 0
      vertex 22.6252 -18.6905 4
    endloop
  endfacet
  facet normal 0.887029 -0.461714 0
    outer loop
      vertex 22.6252 -18.6905 0
      vertex 22.4641 -19 4
      vertex 22.4641 -19 0
    endloop
  endfacet
  facet normal 0.999051 -0.0435616 0
    outer loop
      vertex 22.9848 -17.3486 4
      vertex 23 -17 0
      vertex 23 -17 4
    endloop
  endfacet
  facet normal 0.999051 -0.0435616 0
    outer loop
      vertex 23 -17 0
      vertex 22.9848 -17.3486 4
      vertex 22.9848 -17.3486 0
    endloop
  endfacet
  facet normal 0.793454 -0.60863 0
    outer loop
      vertex 22.0642 -19.5712 4
      vertex 22.2766 -19.2943 0
      vertex 22.2766 -19.2943 4
    endloop
  endfacet
  facet normal 0.793454 -0.60863 0
    outer loop
      vertex 22.2766 -19.2943 0
      vertex 22.0642 -19.5712 4
      vertex 22.0642 -19.5712 0
    endloop
  endfacet
  facet normal -0.0435616 0.999051 0
    outer loop
      vertex -19 21 0
      vertex -19.3486 20.9848 4
      vertex -19 21 4
    endloop
  endfacet
  facet normal -0.0435616 0.999051 0
    outer loop
      vertex -19.3486 20.9848 4
      vertex -19 21 0
      vertex -19.3486 20.9848 0
    endloop
  endfacet
  facet normal -0.130662 0.991427 0
    outer loop
      vertex -19.3486 20.9848 0
      vertex -19.6946 20.9392 4
      vertex -19.3486 20.9848 4
    endloop
  endfacet
  facet normal -0.130662 0.991427 0
    outer loop
      vertex -19.6946 20.9392 4
      vertex -19.3486 20.9848 0
      vertex -19.6946 20.9392 0
    endloop
  endfacet
  facet normal 0.461714 -0.887029 0
    outer loop
      vertex 20.6905 -20.6252 0
      vertex 21 -20.4641 4
      vertex 20.6905 -20.6252 4
    endloop
  endfacet
  facet normal 0.461714 -0.887029 0
    outer loop
      vertex 21 -20.4641 4
      vertex 20.6905 -20.6252 0
      vertex 21 -20.4641 0
    endloop
  endfacet
  facet normal -0.382824 0.923821 0
    outer loop
      vertex -20.3681 20.7588 0
      vertex -20.6905 20.6252 4
      vertex -20.3681 20.7588 4
    endloop
  endfacet
  facet normal -0.382824 0.923821 0
    outer loop
      vertex -20.6905 20.6252 4
      vertex -20.3681 20.7588 0
      vertex -20.6905 20.6252 0
    endloop
  endfacet
  facet normal 0.923821 0.382824 0
    outer loop
      vertex 22.7588 18.3681 4
      vertex 22.6252 18.6905 0
      vertex 22.6252 18.6905 4
    endloop
  endfacet
  facet normal 0.923821 0.382824 0
    outer loop
      vertex 22.6252 18.6905 0
      vertex 22.7588 18.3681 4
      vertex 22.7588 18.3681 0
    endloop
  endfacet
  facet normal -0.60863 0.793454 0
    outer loop
      vertex -21.2943 20.2766 0
      vertex -21.5712 20.0642 4
      vertex -21.2943 20.2766 4
    endloop
  endfacet
  facet normal -0.60863 0.793454 0
    outer loop
      vertex -21.5712 20.0642 4
      vertex -21.2943 20.2766 0
      vertex -21.5712 20.0642 0
    endloop
  endfacet
  facet normal -0.675777 -0.737107 0
    outer loop
      vertex -21.8284 -19.8284 0
      vertex -21.5712 -20.0642 4
      vertex -21.8284 -19.8284 4
    endloop
  endfacet
  facet normal -0.675777 -0.737107 -0
    outer loop
      vertex -21.5712 -20.0642 4
      vertex -21.8284 -19.8284 0
      vertex -21.5712 -20.0642 0
    endloop
  endfacet
  facet normal -0.999051 0.0435616 0
    outer loop
      vertex -23 17 0
      vertex -22.9848 17.3486 4
      vertex -22.9848 17.3486 0
    endloop
  endfacet
  facet normal -0.999051 0.0435616 0
    outer loop
      vertex -22.9848 17.3486 4
      vertex -23 17 0
      vertex -23 17 4
    endloop
  endfacet
  facet normal 0.60863 0.793454 -0
    outer loop
      vertex 21.5712 20.0642 0
      vertex 21.2943 20.2766 4
      vertex 21.5712 20.0642 4
    endloop
  endfacet
  facet normal 0.60863 0.793454 0
    outer loop
      vertex 21.2943 20.2766 4
      vertex 21.5712 20.0642 0
      vertex 21.2943 20.2766 0
    endloop
  endfacet
  facet normal -0.887029 0.461714 0
    outer loop
      vertex -22.6252 18.6905 0
      vertex -22.4641 19 4
      vertex -22.4641 19 0
    endloop
  endfacet
  facet normal -0.887029 0.461714 0
    outer loop
      vertex -22.4641 19 4
      vertex -22.6252 18.6905 0
      vertex -22.6252 18.6905 4
    endloop
  endfacet
  facet normal -0.60863 -0.793454 0
    outer loop
      vertex -21.5712 -20.0642 0
      vertex -21.2943 -20.2766 4
      vertex -21.5712 -20.0642 4
    endloop
  endfacet
  facet normal -0.60863 -0.793454 -0
    outer loop
      vertex -21.2943 -20.2766 4
      vertex -21.5712 -20.0642 0
      vertex -21.2943 -20.2766 0
    endloop
  endfacet
  facet normal -0.216354 0.976315 0
    outer loop
      vertex -19.6946 20.9392 0
      vertex -20.0353 20.8637 4
      vertex -19.6946 20.9392 4
    endloop
  endfacet
  facet normal -0.216354 0.976315 0
    outer loop
      vertex -20.0353 20.8637 4
      vertex -19.6946 20.9392 0
      vertex -20.0353 20.8637 0
    endloop
  endfacet
  facet normal -0.991427 0.130662 0
    outer loop
      vertex -22.9848 17.3486 0
      vertex -22.9392 17.6946 4
      vertex -22.9392 17.6946 0
    endloop
  endfacet
  facet normal -0.991427 0.130662 0
    outer loop
      vertex -22.9392 17.6946 4
      vertex -22.9848 17.3486 0
      vertex -22.9848 17.3486 4
    endloop
  endfacet
  facet normal 0.976315 0.216354 0
    outer loop
      vertex 22.9392 17.6946 4
      vertex 22.8637 18.0353 0
      vertex 22.8637 18.0353 4
    endloop
  endfacet
  facet normal 0.976315 0.216354 0
    outer loop
      vertex 22.8637 18.0353 0
      vertex 22.9392 17.6946 4
      vertex 22.9392 17.6946 0
    endloop
  endfacet
  facet normal -0.923821 0.382824 0
    outer loop
      vertex -22.7588 18.3681 0
      vertex -22.6252 18.6905 4
      vertex -22.6252 18.6905 0
    endloop
  endfacet
  facet normal -0.923821 0.382824 0
    outer loop
      vertex -22.6252 18.6905 4
      vertex -22.7588 18.3681 0
      vertex -22.7588 18.3681 4
    endloop
  endfacet
  facet normal -0.843378 -0.53732 0
    outer loop
      vertex -22.2766 -19.2943 0
      vertex -22.4641 -19 4
      vertex -22.4641 -19 0
    endloop
  endfacet
  facet normal -0.843378 -0.53732 0
    outer loop
      vertex -22.4641 -19 4
      vertex -22.2766 -19.2943 0
      vertex -22.2766 -19.2943 4
    endloop
  endfacet
  facet normal 0.923821 -0.382824 0
    outer loop
      vertex 22.6252 -18.6905 4
      vertex 22.7588 -18.3681 0
      vertex 22.7588 -18.3681 4
    endloop
  endfacet
  facet normal 0.923821 -0.382824 0
    outer loop
      vertex 22.7588 -18.3681 0
      vertex 22.6252 -18.6905 4
      vertex 22.6252 -18.6905 0
    endloop
  endfacet
  facet normal -0.461714 0.887029 0
    outer loop
      vertex -20.6905 20.6252 0
      vertex -21 20.4641 4
      vertex -20.6905 20.6252 4
    endloop
  endfacet
  facet normal -0.461714 0.887029 0
    outer loop
      vertex -21 20.4641 4
      vertex -20.6905 20.6252 0
      vertex -21 20.4641 0
    endloop
  endfacet
  facet normal -0.737107 -0.675777 0
    outer loop
      vertex -21.8284 -19.8284 0
      vertex -22.0642 -19.5712 4
      vertex -22.0642 -19.5712 0
    endloop
  endfacet
  facet normal -0.737107 -0.675777 0
    outer loop
      vertex -22.0642 -19.5712 4
      vertex -21.8284 -19.8284 0
      vertex -21.8284 -19.8284 4
    endloop
  endfacet
  facet normal 0.999051 0.0435616 0
    outer loop
      vertex 23 17 4
      vertex 22.9848 17.3486 0
      vertex 22.9848 17.3486 4
    endloop
  endfacet
  facet normal 0.999051 0.0435616 0
    outer loop
      vertex 22.9848 17.3486 0
      vertex 23 17 4
      vertex 23 17 0
    endloop
  endfacet
  facet normal 0.953743 0.300624 0
    outer loop
      vertex 22.8637 18.0353 4
      vertex 22.7588 18.3681 0
      vertex 22.7588 18.3681 4
    endloop
  endfacet
  facet normal 0.953743 0.300624 0
    outer loop
      vertex 22.7588 18.3681 0
      vertex 22.8637 18.0353 4
      vertex 22.8637 18.0353 0
    endloop
  endfacet
  facet normal 0.60863 -0.793454 0
    outer loop
      vertex 21.2943 -20.2766 0
      vertex 21.5712 -20.0642 4
      vertex 21.2943 -20.2766 4
    endloop
  endfacet
  facet normal 0.60863 -0.793454 0
    outer loop
      vertex 21.5712 -20.0642 4
      vertex 21.2943 -20.2766 0
      vertex 21.5712 -20.0642 0
    endloop
  endfacet
  facet normal 0 0 -1
    outer loop
      vertex -16.9 1.7 0
      vertex -18 1.7 0
      vertex -16.9 9.79999 0
    endloop
  endfacet
  facet normal 0 0 -1
    outer loop
      vertex 13.1 1.7 0
      vertex 10 1.7 0
      vertex 13.1 9.79999 0
    endloop
  endfacet
  facet normal 0 0 -1
    outer loop
      vertex 19 -21 0
      vertex 23 -17 0
      vertex 22.9848 -17.3486 0
    endloop
  endfacet
  facet normal 0 0 -1
    outer loop
      vertex 23 -17 0
      vertex 19.7 0 0
      vertex 23 17 0
    endloop
  endfacet
  facet normal 0 0 -1
    outer loop
      vertex 19 -21 0
      vertex 22.9848 -17.3486 0
      vertex 22.9392 -17.6946 0
    endloop
  endfacet
  facet normal 0 0 -1
    outer loop
      vertex 19.6935 0.148165 0
      vertex 23 17 0
      vertex 19.7 0 0
    endloop
  endfacet
  facet normal 0 0 -1
    outer loop
      vertex 19 -21 0
      vertex 22.9392 -17.6946 0
      vertex 22.8637 -18.0353 0
    endloop
  endfacet
  facet normal 0 0 -1
    outer loop
      vertex 19.6742 0.295201 0
      vertex 23 17 0
      vertex 19.6935 0.148165 0
    endloop
  endfacet
  facet normal 0 0 -1
    outer loop
      vertex 19 -21 0
      vertex 22.8637 -18.0353 0
      vertex 22.7588 -18.3681 0
    endloop
  endfacet
  facet normal 0 0 -1
    outer loop
      vertex 19.6421 0.439992 0
      vertex 23 17 0
      vertex 19.6742 0.295201 0
    endloop
  endfacet
  facet normal 0 0 -1
    outer loop
      vertex 19 -21 0
      vertex 22.7588 -18.3681 0
      vertex 22.6252 -18.6905 0
    endloop
  endfacet
  facet normal 0 0 -1
    outer loop
      vertex 19.5975 0.581433 0
      vertex 23 17 0
      vertex 19.6421 0.439992 0
    endloop
  endfacet
  facet normal 0 0 -1
    outer loop
      vertex 19 -21 0
      vertex 22.6252 -18.6905 0
      vertex 22.4641 -19 0
    endloop
  endfacet
  facet normal 0 0 -1
    outer loop
      vertex 19.5407 0.718451 0
      vertex 23 17 0
      vertex 19.5975 0.581433 0
    endloop
  endfacet
  facet normal 0 0 -1
    outer loop
      vertex 19 -21 0
      vertex 22.4641 -19 0
      vertex 22.2766 -19.2943 0
    endloop
  endfacet
  facet normal 0 0 -1
    outer loop
      vertex 19.4722 0.849999 0
      vertex 23 17 0
      vertex 19.5407 0.718451 0
    endloop
  endfacet
  facet normal 0 0 -1
    outer loop
      vertex 19 -21 0
      vertex 22.2766 -19.2943 0
      vertex 22.0642 -19.5712 0
    endloop
  endfacet
  facet normal 0 0 -1
    outer loop
      vertex 19.3926 0.97508 0
      vertex 23 17 0
      vertex 19.4722 0.849999 0
    endloop
  endfacet
  facet normal 0 0 -1
    outer loop
      vertex 19 -21 0
      vertex 22.0642 -19.5712 0
      vertex 21.8284 -19.8284 0
    endloop
  endfacet
  facet normal 0 0 -1
    outer loop
      vertex 19.3023 1.09274 0
      vertex 23 17 0
      vertex 19.3926 0.97508 0
    endloop
  endfacet
  facet normal 0 0 -1
    outer loop
      vertex 19 -21 0
      vertex 21.8284 -19.8284 0
      vertex 21.5712 -20.0642 0
    endloop
  endfacet
  facet normal 0 0 -1
    outer loop
      vertex 16.9 9.79999 0
      vertex 23 17 0
      vertex 19.3023 1.09274 0
    endloop
  endfacet
  facet normal 0 0 -1
    outer loop
      vertex 19 -21 0
      vertex 21.5712 -20.0642 0
      vertex 21.2943 -20.2766 0
    endloop
  endfacet
  facet normal 0 0 -1
    outer loop
      vertex 16.8954 9.90457 0
      vertex 23 17 0
      vertex 16.9 9.79999 0
    endloop
  endfacet
  facet normal 0 0 -1
    outer loop
      vertex 19 -21 0
      vertex 21.2943 -20.2766 0
      vertex 21 -20.4641 0
    endloop
  endfacet
  facet normal 0 0 -1
    outer loop
      vertex 16.8818 10.0084 0
      vertex 23 17 0
      vertex 16.8954 9.90457 0
    endloop
  endfacet
  facet normal 0 0 -1
    outer loop
      vertex 19 -21 0
      vertex 21 -20.4641 0
      vertex 20.6905 -20.6252 0
    endloop
  endfacet
  facet normal 0 0 -1
    outer loop
      vertex 16.8591 10.1106 0
      vertex 23 17 0
      vertex 16.8818 10.0084 0
    endloop
  endfacet
  facet normal 0 0 -1
    outer loop
      vertex 19 -21 0
      vertex 20.6905 -20.6252 0
      vertex 20.3681 -20.7588 0
    endloop
  endfacet
  facet normal 0 0 -1
    outer loop
      vertex 16.7876 10.3071 0
      vertex 23 17 0
      vertex 16.8276 10.2104 0
    endloop
  endfacet
  facet normal 0 0 -1
    outer loop
      vertex 19 -21 0
      vertex 20.3681 -20.7588 0
      vertex 20.0353 -20.8637 0
    endloop
  endfacet
  facet normal 0 0 -1
    outer loop
      vertex 16.7392 10.4 0
      vertex 23 17 0
      vertex 16.7876 10.3071 0
    endloop
  endfacet
  facet normal 0 0 -1
    outer loop
      vertex 16.683 10.4883 0
      vertex 23 17 0
      vertex 16.7392 10.4 0
    endloop
  endfacet
  facet normal 0 0 -1
    outer loop
      vertex 19 -21 0
      vertex 20.0353 -20.8637 0
      vertex 19.6946 -20.9392 0
    endloop
  endfacet
  facet normal 0 0 -1
    outer loop
      vertex 23 -17 0
      vertex 19.6935 -0.148165 0
      vertex 19.7 0 0
    endloop
  endfacet
  facet normal 0 0 -1
    outer loop
      vertex 23 -17 0
      vertex 19.6742 -0.295201 0
      vertex 19.6935 -0.148165 0
    endloop
  endfacet
  facet normal 0 0 -1
    outer loop
      vertex 23 -17 0
      vertex 19.6421 -0.439992 0
      vertex 19.6742 -0.295201 0
    endloop
  endfacet
  facet normal 0 0 -1
    outer loop
      vertex 23 -17 0
      vertex 19.5975 -0.581433 0
      vertex 19.6421 -0.439992 0
    endloop
  endfacet
  facet normal 0 0 -1
    outer loop
      vertex 23 -17 0
      vertex 19.5407 -0.718451 0
      vertex 19.5975 -0.581433 0
    endloop
  endfacet
  facet normal 0 0 -1
    outer loop
      vertex 23 -17 0
      vertex 19.4722 -0.849999 0
      vertex 19.5407 -0.718451 0
    endloop
  endfacet
  facet normal 0 0 -1
    outer loop
      vertex 23 -17 0
      vertex 16.8954 -9.90457 0
      vertex 16.9 -9.79999 0
    endloop
  endfacet
  facet normal 0 0 -1
    outer loop
      vertex 19 -21 0
      vertex 19.6946 -20.9392 0
      vertex 19.3486 -20.9848 0
    endloop
  endfacet
  facet normal 0 0 -1
    outer loop
      vertex 23 -17 0
      vertex 16.9 -9.79999 0
      vertex 19.3023 -1.09274 0
    endloop
  endfacet
  facet normal 0 0 -1
    outer loop
      vertex 23 -17 0
      vertex 19.3926 -0.97508 0
      vertex 19.4722 -0.849999 0
    endloop
  endfacet
  facet normal 0 0 -1
    outer loop
      vertex 23 -17 0
      vertex 19.3023 -1.09274 0
      vertex 19.3926 -0.97508 0
    endloop
  endfacet
  facet normal -0 0 -1
    outer loop
      vertex 23 -17 0
      vertex 19 -21 0
      vertex 16.1104 -10.9276 0
    endloop
  endfacet
  facet normal 0 0 -1
    outer loop
      vertex 19.3023 -1.09274 0
      vertex 16.9 -9.79999 0
      vertex 19.2021 -1.20208 0
    endloop
  endfacet
  facet normal 0 0 -1
    outer loop
      vertex 19.2021 -1.20208 0
      vertex 16.9 -9.79999 0
      vertex 19.0927 -1.30227 0
    endloop
  endfacet
  facet normal 0 0 -1
    outer loop
      vertex 18.9751 -1.39256 0
      vertex 16.9 -9.79999 0
      vertex 18.85 -1.47224 0
    endloop
  endfacet
  facet normal 0 0 -1
    outer loop
      vertex 18.85 -1.47224 0
      vertex 16.9 -9.79999 0
      vertex 18.7185 -1.54072 0
    endloop
  endfacet
  facet normal 0 0 -1
    outer loop
      vertex 18.7185 -1.54072 0
      vertex 16.9 -9.79999 0
      vertex 18.5814 -1.59748 0
    endloop
  endfacet
  facet normal 0 0 -1
    outer loop
      vertex 18.5814 -1.59748 0
      vertex 16.9 -9.79999 0
      vertex 18.44 -1.64207 0
    endloop
  endfacet
  facet normal 0 0 -1
    outer loop
      vertex 18.44 -1.64207 0
      vertex 16.9 -9.79999 0
      vertex 18.2952 -1.67417 0
    endloop
  endfacet
  facet normal 0 0 -1
    outer loop
      vertex 18.2952 -1.67417 0
      vertex 16.9 -9.79999 0
      vertex 18.1482 -1.69353 0
    endloop
  endfacet
  facet normal 0 0 -1
    outer loop
      vertex 18.1482 -1.69353 0
      vertex 16.9 -9.79999 0
      vertex 18 -1.7 0
    endloop
  endfacet
  facet normal 0 0 -1
    outer loop
      vertex 19.0927 -1.30227 0
      vertex 16.9 -9.79999 0
      vertex 18.9751 -1.39256 0
    endloop
  endfacet
  facet normal 0 0 -1
    outer loop
      vertex 23 -17 0
      vertex 16.8818 -10.0084 0
      vertex 16.8954 -9.90457 0
    endloop
  endfacet
  facet normal 0 0 -1
    outer loop
      vertex 23 -17 0
      vertex 16.8591 -10.1106 0
      vertex 16.8818 -10.0084 0
    endloop
  endfacet
  facet normal 0 0 -1
    outer loop
      vertex 23 -17 0
      vertex 16.8276 -10.2104 0
      vertex 16.8591 -10.1106 0
    endloop
  endfacet
  facet normal 0 0 -1
    outer loop
      vertex 23 -17 0
      vertex 16.7876 -10.3071 0
      vertex 16.8276 -10.2104 0
    endloop
  endfacet
  facet normal 0 0 -1
    outer loop
      vertex 23 -17 0
      vertex 16.7392 -10.4 0
      vertex 16.7876 -10.3071 0
    endloop
  endfacet
  facet normal 0 0 -1
    outer loop
      vertex 23 -17 0
      vertex 16.683 -10.4883 0
      vertex 16.7392 -10.4 0
    endloop
  endfacet
  facet normal 0 0 -1
    outer loop
      vertex 23 -17 0
      vertex 16.6192 -10.5713 0
      vertex 16.683 -10.4883 0
    endloop
  endfacet
  facet normal 0 0 -1
    outer loop
      vertex 23 -17 0
      vertex 16.5485 -10.6485 0
      vertex 16.6192 -10.5713 0
    endloop
  endfacet
  facet normal 0 0 -1
    outer loop
      vertex 23 -17 0
      vertex 16.4713 -10.7192 0
      vertex 16.5485 -10.6485 0
    endloop
  endfacet
  facet normal 0 0 -1
    outer loop
      vertex 23 -17 0
      vertex 16.3883 -10.783 0
      vertex 16.4713 -10.7192 0
    endloop
  endfacet
  facet normal 0 0 -1
    outer loop
      vertex 23 -17 0
      vertex 16.3 -10.8392 0
      vertex 16.3883 -10.783 0
    endloop
  endfacet
  facet normal 0 0 -1
    outer loop
      vertex 23 -17 0
      vertex 16.2071 -10.8876 0
      vertex 16.3 -10.8392 0
    endloop
  endfacet
  facet normal 0 0 -1
    outer loop
      vertex 23 -17 0
      vertex 16.1104 -10.9276 0
      vertex 16.2071 -10.8876 0
    endloop
  endfacet
  facet normal 0 0 -1
    outer loop
      vertex 19 -21 0
      vertex 16.0106 -10.9591 0
      vertex 16.1104 -10.9276 0
    endloop
  endfacet
  facet normal 0 0 -1
    outer loop
      vertex 19 -21 0
      vertex 15.9084 -10.9818 0
      vertex 16.0106 -10.9591 0
    endloop
  endfacet
  facet normal 0 0 -1
    outer loop
      vertex 19 -21 0
      vertex 15.8046 -10.9954 0
      vertex 15.9084 -10.9818 0
    endloop
  endfacet
  facet normal 0 0 -1
    outer loop
      vertex 19 -21 0
      vertex 15.7 -11 0
      vertex 15.8046 -10.9954 0
    endloop
  endfacet
  facet normal 0 0 -1
    outer loop
      vertex 19 -21 0
      vertex 14.3 -11 0
      vertex 15.7 -11 0
    endloop
  endfacet
  facet normal 0 0 -1
    outer loop
      vertex 19 -21 0
      vertex 14.1954 -10.9954 0
      vertex 14.3 -11 0
    endloop
  endfacet
  facet normal 0 0 -1
    outer loop
      vertex 19 -21 0
      vertex 14.0916 -10.9818 0
      vertex 14.1954 -10.9954 0
    endloop
  endfacet
  facet normal 0 0 -1
    outer loop
      vertex 19 -21 0
      vertex 13.9894 -10.9591 0
      vertex 14.0916 -10.9818 0
    endloop
  endfacet
  facet normal 0 0 -1
    outer loop
      vertex 19 -21 0
      vertex 13.8896 -10.9276 0
      vertex 13.9894 -10.9591 0
    endloop
  endfacet
  facet normal 0 0 -1
    outer loop
      vertex 19 -21 0
      vertex 13.7929 -10.8876 0
      vertex 13.8896 -10.9276 0
    endloop
  endfacet
  facet normal 0 0 -1
    outer loop
      vertex 19 -21 0
      vertex 13.7 -10.8392 0
      vertex 13.7929 -10.8876 0
    endloop
  endfacet
  facet normal 0 0 -1
    outer loop
      vertex 19 -21 0
      vertex 13.6117 -10.783 0
      vertex 13.7 -10.8392 0
    endloop
  endfacet
  facet normal 0 0 -1
    outer loop
      vertex 19 -21 0
      vertex 13.5287 -10.7192 0
      vertex 13.6117 -10.783 0
    endloop
  endfacet
  facet normal 0 0 -1
    outer loop
      vertex 19 -21 0
      vertex 13.4515 -10.6485 0
      vertex 13.5287 -10.7192 0
    endloop
  endfacet
  facet normal 0 0 -1
    outer loop
      vertex -13.4515 -10.6485 0
      vertex 13.4515 -10.6485 0
      vertex 19 -21 0
    endloop
  endfacet
  facet normal 0 0 -1
    outer loop
      vertex 13.4515 -10.6485 0
      vertex -13.4515 -10.6485 0
      vertex 13.3808 -10.5713 0
    endloop
  endfacet
  facet normal 0 -0 -1
    outer loop
      vertex -13.3808 -10.5713 0
      vertex 13.3808 -10.5713 0
      vertex -13.4515 -10.6485 0
    endloop
  endfacet
  facet normal 0 0 -1
    outer loop
      vertex 13.1 -9.79999 0
      vertex 10 -1.7 0
      vertex 13.1 -1.7 0
    endloop
  endfacet
  facet normal 0 0 -1
    outer loop
      vertex 8.90726 -1.30227 0
      vertex 13.1 -9.79999 0
      vertex 13.1046 -9.90457 0
    endloop
  endfacet
  facet normal 0 0 -1
    outer loop
      vertex -13.1046 -9.90457 0
      vertex 13.1046 -9.90457 0
      vertex 13.1182 -10.0084 0
    endloop
  endfacet
  facet normal 0 0 -1
    outer loop
      vertex -13.1182 -10.0084 0
      vertex 13.1182 -10.0084 0
      vertex 13.1409 -10.1106 0
    endloop
  endfacet
  facet normal 0 0 -1
    outer loop
      vertex -13.1409 -10.1106 0
      vertex 13.1409 -10.1106 0
      vertex 13.1724 -10.2104 0
    endloop
  endfacet
  facet normal 0 0 -1
    outer loop
      vertex 13.1 -9.79999 0
      vertex 9.85183 -1.69353 0
      vertex 10 -1.7 0
    endloop
  endfacet
  facet normal 0 0 -1
    outer loop
      vertex 13.1 -9.79999 0
      vertex 9.7048 -1.67417 0
      vertex 9.85183 -1.69353 0
    endloop
  endfacet
  facet normal 0 0 -1
    outer loop
      vertex 13.1 -9.79999 0
      vertex 9.56001 -1.64207 0
      vertex 9.7048 -1.67417 0
    endloop
  endfacet
  facet normal 0 0 -1
    outer loop
      vertex -13.1724 -10.2104 0
      vertex 13.1724 -10.2104 0
      vertex 13.2124 -10.3071 0
    endloop
  endfacet
  facet normal 0 0 -1
    outer loop
      vertex 13.1 -9.79999 0
      vertex 9.41857 -1.59748 0
      vertex 9.56001 -1.64207 0
    endloop
  endfacet
  facet normal 0 0 -1
    outer loop
      vertex 13.1 -9.79999 0
      vertex 9.28155 -1.54072 0
      vertex 9.41857 -1.59748 0
    endloop
  endfacet
  facet normal 0 0 -1
    outer loop
      vertex 13.1 -9.79999 0
      vertex 9.15 -1.47224 0
      vertex 9.28155 -1.54072 0
    endloop
  endfacet
  facet normal 0 0 -1
    outer loop
      vertex 13.1 -9.79999 0
      vertex 9.02492 -1.39256 0
      vertex 9.15 -1.47224 0
    endloop
  endfacet
  facet normal 0 0 -1
    outer loop
      vertex 13.1 -9.79999 0
      vertex 8.90726 -1.30227 0
      vertex 9.02492 -1.39256 0
    endloop
  endfacet
  facet normal 0 0 -1
    outer loop
      vertex 13.1046 -9.90457 0
      vertex 8.79792 -1.20208 0
      vertex 8.90726 -1.30227 0
    endloop
  endfacet
  facet normal 0 0 -1
    outer loop
      vertex 13.1046 -9.90457 0
      vertex -8.79792 -1.20208 0
      vertex 8.79792 -1.20208 0
    endloop
  endfacet
  facet normal 0 0 -1
    outer loop
      vertex 8.79792 -1.20208 0
      vertex -8.79792 -1.20208 0
      vertex 8.69772 -1.09274 0
    endloop
  endfacet
  facet normal 0 -0 -1
    outer loop
      vertex -8.69772 -1.09274 0
      vertex 8.69772 -1.09274 0
      vertex -8.79792 -1.20208 0
    endloop
  endfacet
  facet normal 0 0 -1
    outer loop
      vertex 8.69772 -1.09274 0
      vertex -8.69772 -1.09274 0
      vertex 8.60744 -0.97508 0
    endloop
  endfacet
  facet normal 0 0 -1
    outer loop
      vertex 8.30647 -0.148165 0
      vertex -8.3 0 0
      vertex 8.3 0 0
    endloop
  endfacet
  facet normal 0 0 -1
    outer loop
      vertex -8.30647 -0.148165 0
      vertex 8.30647 -0.148165 0
      vertex 8.32583 -0.295201 0
    endloop
  endfacet
  facet normal 0 0 -1
    outer loop
      vertex -8.32583 -0.295201 0
      vertex 8.32583 -0.295201 0
      vertex 8.35793 -0.439992 0
    endloop
  endfacet
  facet normal 0 0 -1
    outer loop
      vertex -8.35793 -0.439992 0
      vertex 8.35793 -0.439992 0
      vertex 8.40252 -0.581433 0
    endloop
  endfacet
  facet normal 0 0 -1
    outer loop
      vertex -8.40252 -0.581433 0
      vertex 8.40252 -0.581433 0
      vertex 8.45928 -0.718451 0
    endloop
  endfacet
  facet normal 0 -0 -1
    outer loop
      vertex -8.60744 -0.97508 0
      vertex 8.60744 -0.97508 0
      vertex -8.69772 -1.09274 0
    endloop
  endfacet
  facet normal 0 0 -1
    outer loop
      vertex -13.2124 -10.3071 0
      vertex 13.2124 -10.3071 0
      vertex 13.2608 -10.4 0
    endloop
  endfacet
  facet normal 0 0 -1
    outer loop
      vertex 13.3808 -10.5713 0
      vertex -13.3808 -10.5713 0
      vertex 13.317 -10.4883 0
    endloop
  endfacet
  facet normal 0 0 -1
    outer loop
      vertex 8.30647 -0.148165 0
      vertex -8.30647 -0.148165 0
      vertex -8.3 0 0
    endloop
  endfacet
  facet normal 0 0 -1
    outer loop
      vertex 8.32583 -0.295201 0
      vertex -8.32583 -0.295201 0
      vertex -8.30647 -0.148165 0
    endloop
  endfacet
  facet normal 0 0 -1
    outer loop
      vertex 8.35793 -0.439992 0
      vertex -8.35793 -0.439992 0
      vertex -8.32583 -0.295201 0
    endloop
  endfacet
  facet normal 0 0 -1
    outer loop
      vertex 8.40252 -0.581433 0
      vertex -8.40252 -0.581433 0
      vertex -8.35793 -0.439992 0
    endloop
  endfacet
  facet normal 0 0 -1
    outer loop
      vertex 8.45928 -0.718451 0
      vertex -8.45928 -0.718451 0
      vertex -8.40252 -0.581433 0
    endloop
  endfacet
  facet normal -0 0 -1
    outer loop
      vertex 8.45928 -0.718451 0
      vertex -8.52776 -0.849999 0
      vertex -8.45928 -0.718451 0
    endloop
  endfacet
  facet normal 0 0 -1
    outer loop
      vertex 8.52776 -0.849999 0
      vertex -8.52776 -0.849999 0
      vertex 8.45928 -0.718451 0
    endloop
  endfacet
  facet normal 0 -0 -1
    outer loop
      vertex -8.52776 -0.849999 0
      vertex 8.52776 -0.849999 0
      vertex -8.60744 -0.97508 0
    endloop
  endfacet
  facet normal 0 0 -1
    outer loop
      vertex 8.60744 -0.97508 0
      vertex -8.60744 -0.97508 0
      vertex 8.52776 -0.849999 0
    endloop
  endfacet
  facet normal 0 0 -1
    outer loop
      vertex 13.1182 -10.0084 0
      vertex -13.1182 -10.0084 0
      vertex -13.1046 -9.90457 0
    endloop
  endfacet
  facet normal 0 0 -1
    outer loop
      vertex 13.1046 -9.90457 0
      vertex -13.1046 -9.90457 0
      vertex -8.79792 -1.20208 0
    endloop
  endfacet
  facet normal 0 0 -1
    outer loop
      vertex -8.79792 -1.20208 0
      vertex -13.1046 -9.90457 0
      vertex -8.90726 -1.30227 0
    endloop
  endfacet
  facet normal 0 -0 -1
    outer loop
      vertex -13.1 -9.79999 0
      vertex -8.90726 -1.30227 0
      vertex -13.1046 -9.90457 0
    endloop
  endfacet
  facet normal 0 0 -1
    outer loop
      vertex -8.90726 -1.30227 0
      vertex -13.1 -9.79999 0
      vertex -9.02492 -1.39256 0
    endloop
  endfacet
  facet normal 0 0 -1
    outer loop
      vertex -9.02492 -1.39256 0
      vertex -13.1 -9.79999 0
      vertex -9.15 -1.47224 0
    endloop
  endfacet
  facet normal 0 0 -1
    outer loop
      vertex -9.28155 -1.54072 0
      vertex -13.1 -9.79999 0
      vertex -9.41857 -1.59748 0
    endloop
  endfacet
  facet normal 0 0 -1
    outer loop
      vertex -9.41857 -1.59748 0
      vertex -13.1 -9.79999 0
      vertex -9.56001 -1.64207 0
    endloop
  endfacet
  facet normal 0 0 -1
    outer loop
      vertex -9.56001 -1.64207 0
      vertex -13.1 -9.79999 0
      vertex -9.7048 -1.67417 0
    endloop
  endfacet
  facet normal 0 0 -1
    outer loop
      vertex -9.7048 -1.67417 0
      vertex -13.1 -9.79999 0
      vertex -9.85183 -1.69353 0
    endloop
  endfacet
  facet normal 0 0 -1
    outer loop
      vertex -9.85183 -1.69353 0
      vertex -13.1 -9.79999 0
      vertex -10 -1.7 0
    endloop
  endfacet
  facet normal 0 0 -1
    outer loop
      vertex -9.15 -1.47224 0
      vertex -13.1 -9.79999 0
      vertex -9.28155 -1.54072 0
    endloop
  endfacet
  facet normal 0 0 -1
    outer loop
      vertex 13.1409 -10.1106 0
      vertex -13.1409 -10.1106 0
      vertex -13.1182 -10.0084 0
    endloop
  endfacet
  facet normal 0 0 -1
    outer loop
      vertex 13.1724 -10.2104 0
      vertex -13.1724 -10.2104 0
      vertex -13.1409 -10.1106 0
    endloop
  endfacet
  facet normal 0 0 -1
    outer loop
      vertex 13.2124 -10.3071 0
      vertex -13.2124 -10.3071 0
      vertex -13.1724 -10.2104 0
    endloop
  endfacet
  facet normal 0 0 -1
    outer loop
      vertex 13.2608 -10.4 0
      vertex -13.2608 -10.4 0
      vertex -13.2124 -10.3071 0
    endloop
  endfacet
  facet normal -0 0 -1
    outer loop
      vertex 13.2608 -10.4 0
      vertex -13.317 -10.4883 0
      vertex -13.2608 -10.4 0
    endloop
  endfacet
  facet normal 0 0 -1
    outer loop
      vertex 13.317 -10.4883 0
      vertex -13.317 -10.4883 0
      vertex 13.2608 -10.4 0
    endloop
  endfacet
  facet normal 0 -0 -1
    outer loop
      vertex -13.317 -10.4883 0
      vertex 13.317 -10.4883 0
      vertex -13.3808 -10.5713 0
    endloop
  endfacet
  facet normal 0 0 -1
    outer loop
      vertex -19 -21 0
      vertex -13.4515 -10.6485 0
      vertex 19 -21 0
    endloop
  endfacet
  facet normal 0 0 -1
    outer loop
      vertex -13.4515 -10.6485 0
      vertex -19 -21 0
      vertex -13.5287 -10.7192 0
    endloop
  endfacet
  facet normal 0 0 -1
    outer loop
      vertex -13.5287 -10.7192 0
      vertex -19 -21 0
      vertex -13.6117 -10.783 0
    endloop
  endfacet
  facet normal 0 0 -1
    outer loop
      vertex -13.6117 -10.783 0
      vertex -19 -21 0
      vertex -13.7 -10.8392 0
    endloop
  endfacet
  facet normal 0 0 -1
    outer loop
      vertex -13.7 -10.8392 0
      vertex -19 -21 0
      vertex -13.7929 -10.8876 0
    endloop
  endfacet
  facet normal 0 0 -1
    outer loop
      vertex -13.7929 -10.8876 0
      vertex -19 -21 0
      vertex -13.8896 -10.9276 0
    endloop
  endfacet
  facet normal 0 0 -1
    outer loop
      vertex -13.8896 -10.9276 0
      vertex -19 -21 0
      vertex -13.9894 -10.9591 0
    endloop
  endfacet
  facet normal 0 0 -1
    outer loop
      vertex -13.9894 -10.9591 0
      vertex -19 -21 0
      vertex -14.0916 -10.9818 0
    endloop
  endfacet
  facet normal 0 0 -1
    outer loop
      vertex -14.0916 -10.9818 0
      vertex -19 -21 0
      vertex -14.1954 -10.9954 0
    endloop
  endfacet
  facet normal 0 0 -1
    outer loop
      vertex -14.1954 -10.9954 0
      vertex -19 -21 0
      vertex -14.3 -11 0
    endloop
  endfacet
  facet normal -0 0 -1
    outer loop
      vertex -14.3 -11 0
      vertex -19 -21 0
      vertex -15.7 -11 0
    endloop
  endfacet
  facet normal -0 0 -1
    outer loop
      vertex -15.7 -11 0
      vertex -19 -21 0
      vertex -15.8046 -10.9954 0
    endloop
  endfacet
  facet normal -0 0 -1
    outer loop
      vertex -15.8046 -10.9954 0
      vertex -19 -21 0
      vertex -15.9084 -10.9818 0
    endloop
  endfacet
  facet normal 0 0 -1
    outer loop
      vertex -16.9 -9.79999 0
      vertex -18 -1.7 0
      vertex -16.9 -1.7 0
    endloop
  endfacet
  facet normal 0 0 -1
    outer loop
      vertex -23 -17 0
      vertex -16.9 -9.79999 0
      vertex -16.8954 -9.90457 0
    endloop
  endfacet
  facet normal 0 0 -1
    outer loop
      vertex -23 -17 0
      vertex -16.8954 -9.90457 0
      vertex -16.8818 -10.0084 0
    endloop
  endfacet
  facet normal 0 0 -1
    outer loop
      vertex -16.9 -9.79999 0
      vertex -18.1482 -1.69353 0
      vertex -18 -1.7 0
    endloop
  endfacet
  facet normal 0 0 -1
    outer loop
      vertex -16.9 -9.79999 0
      vertex -18.2952 -1.67417 0
      vertex -18.1482 -1.69353 0
    endloop
  endfacet
  facet normal 0 0 -1
    outer loop
      vertex -16.9 -9.79999 0
      vertex -18.44 -1.64207 0
      vertex -18.2952 -1.67417 0
    endloop
  endfacet
  facet normal 0 0 -1
    outer loop
      vertex -16.9 -9.79999 0
      vertex -18.5814 -1.59748 0
      vertex -18.44 -1.64207 0
    endloop
  endfacet
  facet normal 0 0 -1
    outer loop
      vertex -16.9 -9.79999 0
      vertex -18.7185 -1.54072 0
      vertex -18.5814 -1.59748 0
    endloop
  endfacet
  facet normal 0 0 -1
    outer loop
      vertex -16.9 -9.79999 0
      vertex -18.85 -1.47224 0
      vertex -18.7185 -1.54072 0
    endloop
  endfacet
  facet normal 0 0 -1
    outer loop
      vertex -23 -17 0
      vertex -16.8818 -10.0084 0
      vertex -16.8591 -10.1106 0
    endloop
  endfacet
  facet normal 0 0 -1
    outer loop
      vertex -16.9 -9.79999 0
      vertex -18.9751 -1.39256 0
      vertex -18.85 -1.47224 0
    endloop
  endfacet
  facet normal -0 0 -1
    outer loop
      vertex -15.9084 -10.9818 0
      vertex -19 -21 0
      vertex -16.0106 -10.9591 0
    endloop
  endfacet
  facet normal 0 0 -1
    outer loop
      vertex -19 -21 0
      vertex -16.1104 -10.9276 0
      vertex -16.0106 -10.9591 0
    endloop
  endfacet
  facet normal 0 0 -1
    outer loop
      vertex -23 -17 0
      vertex -16.1104 -10.9276 0
      vertex -19 -21 0
    endloop
  endfacet
  facet normal -0 0 -1
    outer loop
      vertex -16.1104 -10.9276 0
      vertex -23 -17 0
      vertex -16.2071 -10.8876 0
    endloop
  endfacet
  facet normal -0 0 -1
    outer loop
      vertex -16.2071 -10.8876 0
      vertex -23 -17 0
      vertex -16.3 -10.8392 0
    endloop
  endfacet
  facet normal -0 0 -1
    outer loop
      vertex -16.3 -10.8392 0
      vertex -23 -17 0
      vertex -16.3883 -10.783 0
    endloop
  endfacet
  facet normal -0 0 -1
    outer loop
      vertex -16.3883 -10.783 0
      vertex -23 -17 0
      vertex -16.4713 -10.7192 0
    endloop
  endfacet
  facet normal -0 0 -1
    outer loop
      vertex -16.4713 -10.7192 0
      vertex -23 -17 0
      vertex -16.5485 -10.6485 0
    endloop
  endfacet
  facet normal -0 0 -1
    outer loop
      vertex -16.5485 -10.6485 0
      vertex -23 -17 0
      vertex -16.6192 -10.5713 0
    endloop
  endfacet
  facet normal -0 0 -1
    outer loop
      vertex -16.6192 -10.5713 0
      vertex -23 -17 0
      vertex -16.683 -10.4883 0
    endloop
  endfacet
  facet normal -0 0 -1
    outer loop
      vertex -16.683 -10.4883 0
      vertex -23 -17 0
      vertex -16.7392 -10.4 0
    endloop
  endfacet
  facet normal -0 0 -1
    outer loop
      vertex -16.7392 -10.4 0
      vertex -23 -17 0
      vertex -16.7876 -10.3071 0
    endloop
  endfacet
  facet normal -0 0 -1
    outer loop
      vertex -16.7876 -10.3071 0
      vertex -23 -17 0
      vertex -16.8276 -10.2104 0
    endloop
  endfacet
  facet normal -0 0 -1
    outer loop
      vertex -16.8276 -10.2104 0
      vertex -23 -17 0
      vertex -16.8591 -10.1106 0
    endloop
  endfacet
  facet normal -0 0 -1
    outer loop
      vertex -16.9 -9.79999 0
      vertex -23 -17 0
      vertex -19.2021 -1.20208 0
    endloop
  endfacet
  facet normal 0 0 -1
    outer loop
      vertex -16.9 -9.79999 0
      vertex -19.0927 -1.30227 0
      vertex -18.9751 -1.39256 0
    endloop
  endfacet
  facet normal 0 0 -1
    outer loop
      vertex -16.9 -9.79999 0
      vertex -19.2021 -1.20208 0
      vertex -19.0927 -1.30227 0
    endloop
  endfacet
  facet normal 0 0 -1
    outer loop
      vertex -23 -17 0
      vertex -19 -21 0
      vertex -19.3486 -20.9848 0
    endloop
  endfacet
  facet normal -0 0 -1
    outer loop
      vertex -19.2021 -1.20208 0
      vertex -23 -17 0
      vertex -19.3023 -1.09274 0
    endloop
  endfacet
  facet normal -0 0 -1
    outer loop
      vertex -19.3023 -1.09274 0
      vertex -23 -17 0
      vertex -19.3926 -0.97508 0
    endloop
  endfacet
  facet normal -0 0 -1
    outer loop
      vertex -19.3926 -0.97508 0
      vertex -23 -17 0
      vertex -19.4722 -0.849999 0
    endloop
  endfacet
  facet normal -0 0 -1
    outer loop
      vertex -19.4722 -0.849999 0
      vertex -23 -17 0
      vertex -19.5407 -0.718451 0
    endloop
  endfacet
  facet normal -0 0 -1
    outer loop
      vertex -19.5407 -0.718451 0
      vertex -23 -17 0
      vertex -19.5975 -0.581433 0
    endloop
  endfacet
  facet normal -0 0 -1
    outer loop
      vertex -19.5975 -0.581433 0
      vertex -23 -17 0
      vertex -19.6421 -0.439992 0
    endloop
  endfacet
  facet normal -0 0 -1
    outer loop
      vertex -19.6421 -0.439992 0
      vertex -23 -17 0
      vertex -19.6742 -0.295201 0
    endloop
  endfacet
  facet normal 0 0 -1
    outer loop
      vertex -23 -17 0
      vertex -19.3486 -20.9848 0
      vertex -19.6946 -20.9392 0
    endloop
  endfacet
  facet normal -0 0 -1
    outer loop
      vertex -19.6742 -0.295201 0
      vertex -23 -17 0
      vertex -19.6935 -0.148165 0
    endloop
  endfacet
  facet normal 0 0 -1
    outer loop
      vertex -23 -17 0
      vertex -19.6946 -20.9392 0
      vertex -20.0353 -20.8637 0
    endloop
  endfacet
  facet normal 0 0 -1
    outer loop
      vertex 16.6192 10.5713 0
      vertex 23 17 0
      vertex 16.683 10.4883 0
    endloop
  endfacet
  facet normal 0 0 -1
    outer loop
      vertex 16.5485 10.6485 0
      vertex 23 17 0
      vertex 16.6192 10.5713 0
    endloop
  endfacet
  facet normal 0 0 -1
    outer loop
      vertex 16.4713 10.7192 0
      vertex 23 17 0
      vertex 16.5485 10.6485 0
    endloop
  endfacet
  facet normal 0 0 -1
    outer loop
      vertex 16.3 10.8392 0
      vertex 23 17 0
      vertex 16.3883 10.783 0
    endloop
  endfacet
  facet normal 0 0 -1
    outer loop
      vertex 16.2071 10.8876 0
      vertex 23 17 0
      vertex 16.3 10.8392 0
    endloop
  endfacet
  facet normal 0 0 -1
    outer loop
      vertex 16.1104 10.9276 0
      vertex 23 17 0
      vertex 16.2071 10.8876 0
    endloop
  endfacet
  facet normal 0 -0 -1
    outer loop
      vertex 19 21 0
      vertex 23 17 0
      vertex 16.1104 10.9276 0
    endloop
  endfacet
  facet normal 0 0 -1
    outer loop
      vertex 16.3883 10.783 0
      vertex 23 17 0
      vertex 16.4713 10.7192 0
    endloop
  endfacet
  facet normal 0 0 -1
    outer loop
      vertex 22.9848 17.3486 0
      vertex 19 21 0
      vertex 22.9392 17.6946 0
    endloop
  endfacet
  facet normal 0 0 -1
    outer loop
      vertex 16.8276 10.2104 0
      vertex 23 17 0
      vertex 16.8591 10.1106 0
    endloop
  endfacet
  facet normal 0 0 -1
    outer loop
      vertex 16.9 9.79999 0
      vertex 19.3023 1.09274 0
      vertex 19.2021 1.20208 0
    endloop
  endfacet
  facet normal 0 0 -1
    outer loop
      vertex 16.9 9.79999 0
      vertex 19.2021 1.20208 0
      vertex 19.0927 1.30227 0
    endloop
  endfacet
  facet normal 0 0 -1
    outer loop
      vertex 22.8637 18.0353 0
      vertex 19 21 0
      vertex 22.7588 18.3681 0
    endloop
  endfacet
  facet normal 0 0 -1
    outer loop
      vertex 16.9 9.79999 0
      vertex 19.0927 1.30227 0
      vertex 18.9751 1.39256 0
    endloop
  endfacet
  facet normal 0 0 -1
    outer loop
      vertex 16.9 9.79999 0
      vertex 18.9751 1.39256 0
      vertex 18.85 1.47224 0
    endloop
  endfacet
  facet normal 0 0 -1
    outer loop
      vertex 16.9 9.79999 0
      vertex 18.85 1.47224 0
      vertex 18.7185 1.54072 0
    endloop
  endfacet
  facet normal 0 0 -1
    outer loop
      vertex 16.9 9.79999 0
      vertex 18.7185 1.54072 0
      vertex 18.5814 1.59748 0
    endloop
  endfacet
  facet normal 0 0 -1
    outer loop
      vertex 16.9 9.79999 0
      vertex 18.5814 1.59748 0
      vertex 18.44 1.64207 0
    endloop
  endfacet
  facet normal 0 0 -1
    outer loop
      vertex 16.9 9.79999 0
      vertex 18.44 1.64207 0
      vertex 18.2952 1.67417 0
    endloop
  endfacet
  facet normal 0 0 -1
    outer loop
      vertex 16.9 9.79999 0
      vertex 18.2952 1.67417 0
      vertex 18.1482 1.69353 0
    endloop
  endfacet
  facet normal 0 0 -1
    outer loop
      vertex 16.9 9.79999 0
      vertex 18.1482 1.69353 0
      vertex 18 1.7 0
    endloop
  endfacet
  facet normal 0 0 -1
    outer loop
      vertex 16.9 9.79999 0
      vertex 18 1.7 0
      vertex 16.9 1.7 0
    endloop
  endfacet
  facet normal 0 0 -1
    outer loop
      vertex 23 17 0
      vertex 19 21 0
      vertex 22.9848 17.3486 0
    endloop
  endfacet
  facet normal 0 0 -1
    outer loop
      vertex 22.7588 18.3681 0
      vertex 19 21 0
      vertex 22.6252 18.6905 0
    endloop
  endfacet
  facet normal 0 0 -1
    outer loop
      vertex 22.6252 18.6905 0
      vertex 19 21 0
      vertex 22.4641 19 0
    endloop
  endfacet
  facet normal 0 0 -1
    outer loop
      vertex 22.4641 19 0
      vertex 19 21 0
      vertex 22.2766 19.2943 0
    endloop
  endfacet
  facet normal 0 0 -1
    outer loop
      vertex 22.2766 19.2943 0
      vertex 19 21 0
      vertex 22.0642 19.5712 0
    endloop
  endfacet
  facet normal 0 0 -1
    outer loop
      vertex 22.0642 19.5712 0
      vertex 19 21 0
      vertex 21.8284 19.8284 0
    endloop
  endfacet
  facet normal 0 0 -1
    outer loop
      vertex 21.8284 19.8284 0
      vertex 19 21 0
      vertex 21.5712 20.0642 0
    endloop
  endfacet
  facet normal 0 0 -1
    outer loop
      vertex 21.5712 20.0642 0
      vertex 19 21 0
      vertex 21.2943 20.2766 0
    endloop
  endfacet
  facet normal 0 0 -1
    outer loop
      vertex 21 20.4641 0
      vertex 19 21 0
      vertex 20.6905 20.6252 0
    endloop
  endfacet
  facet normal 0 0 -1
    outer loop
      vertex 20.6905 20.6252 0
      vertex 19 21 0
      vertex 20.3681 20.7588 0
    endloop
  endfacet
  facet normal 0 0 -1
    outer loop
      vertex 20.3681 20.7588 0
      vertex 19 21 0
      vertex 20.0353 20.8637 0
    endloop
  endfacet
  facet normal 0 0 -1
    outer loop
      vertex 20.0353 20.8637 0
      vertex 19 21 0
      vertex 19.6946 20.9392 0
    endloop
  endfacet
  facet normal 0 0 -1
    outer loop
      vertex 19.6946 20.9392 0
      vertex 19 21 0
      vertex 19.3486 20.9848 0
    endloop
  endfacet
  facet normal 0 0 -1
    outer loop
      vertex 21.2943 20.2766 0
      vertex 19 21 0
      vertex 21 20.4641 0
    endloop
  endfacet
  facet normal 0 0 -1
    outer loop
      vertex 22.9392 17.6946 0
      vertex 19 21 0
      vertex 22.8637 18.0353 0
    endloop
  endfacet
  facet normal 0 0 -1
    outer loop
      vertex 16.0106 10.9591 0
      vertex 19 21 0
      vertex 16.1104 10.9276 0
    endloop
  endfacet
  facet normal 0 0 -1
    outer loop
      vertex 15.9084 10.9818 0
      vertex 19 21 0
      vertex 16.0106 10.9591 0
    endloop
  endfacet
  facet normal 0 0 -1
    outer loop
      vertex 15.8046 10.9954 0
      vertex 19 21 0
      vertex 15.9084 10.9818 0
    endloop
  endfacet
  facet normal 0 0 -1
    outer loop
      vertex 15.7 11 0
      vertex 19 21 0
      vertex 15.8046 10.9954 0
    endloop
  endfacet
  facet normal 0 0 -1
    outer loop
      vertex 14.3 11 0
      vertex 19 21 0
      vertex 15.7 11 0
    endloop
  endfacet
  facet normal 0 0 -1
    outer loop
      vertex 14.1954 10.9954 0
      vertex 19 21 0
      vertex 14.3 11 0
    endloop
  endfacet
  facet normal 0 0 -1
    outer loop
      vertex 14.0916 10.9818 0
      vertex 19 21 0
      vertex 14.1954 10.9954 0
    endloop
  endfacet
  facet normal 0 0 -1
    outer loop
      vertex 13.9894 10.9591 0
      vertex 19 21 0
      vertex 14.0916 10.9818 0
    endloop
  endfacet
  facet normal 0 0 -1
    outer loop
      vertex 13.8896 10.9276 0
      vertex 19 21 0
      vertex 13.9894 10.9591 0
    endloop
  endfacet
  facet normal 0 0 -1
    outer loop
      vertex 13.7929 10.8876 0
      vertex 19 21 0
      vertex 13.8896 10.9276 0
    endloop
  endfacet
  facet normal 0 0 -1
    outer loop
      vertex 13.7 10.8392 0
      vertex 19 21 0
      vertex 13.7929 10.8876 0
    endloop
  endfacet
  facet normal 0 0 -1
    outer loop
      vertex 13.6117 10.783 0
      vertex 19 21 0
      vertex 13.7 10.8392 0
    endloop
  endfacet
  facet normal 0 0 -1
    outer loop
      vertex 13.5287 10.7192 0
      vertex 19 21 0
      vertex 13.6117 10.783 0
    endloop
  endfacet
  facet normal 0 0 -1
    outer loop
      vertex 13.4515 10.6485 0
      vertex 19 21 0
      vertex 13.5287 10.7192 0
    endloop
  endfacet
  facet normal 0 0 -1
    outer loop
      vertex -13.4515 10.6485 0
      vertex 13.4515 10.6485 0
      vertex 13.3808 10.5713 0
    endloop
  endfacet
  facet normal 0 0 -1
    outer loop
      vertex -13.3808 10.5713 0
      vertex 13.3808 10.5713 0
      vertex 13.317 10.4883 0
    endloop
  endfacet
  facet normal 0 0 -1
    outer loop
      vertex -13.317 10.4883 0
      vertex 13.317 10.4883 0
      vertex 13.2608 10.4 0
    endloop
  endfacet
  facet normal 0 0 -1
    outer loop
      vertex 9.85183 1.69353 0
      vertex 13.1 9.79999 0
      vertex 10 1.7 0
    endloop
  endfacet
  facet normal 0 0 -1
    outer loop
      vertex 9.7048 1.67417 0
      vertex 13.1 9.79999 0
      vertex 9.85183 1.69353 0
    endloop
  endfacet
  facet normal 0 0 -1
    outer loop
      vertex 9.56001 1.64207 0
      vertex 13.1 9.79999 0
      vertex 9.7048 1.67417 0
    endloop
  endfacet
  facet normal 0 0 -1
    outer loop
      vertex 9.41857 1.59748 0
      vertex 13.1 9.79999 0
      vertex 9.56001 1.64207 0
    endloop
  endfacet
  facet normal 0 0 -1
    outer loop
      vertex 9.28155 1.54072 0
      vertex 13.1 9.79999 0
      vertex 9.41857 1.59748 0
    endloop
  endfacet
  facet normal 0 0 -1
    outer loop
      vertex 9.15 1.47224 0
      vertex 13.1 9.79999 0
      vertex 9.28155 1.54072 0
    endloop
  endfacet
  facet normal 0 0 -1
    outer loop
      vertex 9.02492 1.39256 0
      vertex 13.1 9.79999 0
      vertex 9.15 1.47224 0
    endloop
  endfacet
  facet normal 0 0 -1
    outer loop
      vertex 8.90726 1.30227 0
      vertex 13.1 9.79999 0
      vertex 9.02492 1.39256 0
    endloop
  endfacet
  facet normal -0 0 -1
    outer loop
      vertex 13.1 9.79999 0
      vertex 8.90726 1.30227 0
      vertex 13.1046 9.90457 0
    endloop
  endfacet
  facet normal 0 0 -1
    outer loop
      vertex 8.79792 1.20208 0
      vertex 13.1046 9.90457 0
      vertex 8.90726 1.30227 0
    endloop
  endfacet
  facet normal 0 0 -1
    outer loop
      vertex -8.79792 1.20208 0
      vertex 13.1046 9.90457 0
      vertex 8.79792 1.20208 0
    endloop
  endfacet
  facet normal 0 0 -1
    outer loop
      vertex -13.1046 9.90457 0
      vertex 13.1046 9.90457 0
      vertex -8.79792 1.20208 0
    endloop
  endfacet
  facet normal 0 0 -1
    outer loop
      vertex 13.1046 9.90457 0
      vertex -13.1046 9.90457 0
      vertex 13.1182 10.0084 0
    endloop
  endfacet
  facet normal 0 0 -1
    outer loop
      vertex -13.1182 10.0084 0
      vertex 13.1182 10.0084 0
      vertex -13.1046 9.90457 0
    endloop
  endfacet
  facet normal 0 0 -1
    outer loop
      vertex -8.79792 1.20208 0
      vertex 8.79792 1.20208 0
      vertex 8.69772 1.09274 0
    endloop
  endfacet
  facet normal 0 0 -1
    outer loop
      vertex -8.69772 1.09274 0
      vertex 8.69772 1.09274 0
      vertex 8.60744 0.97508 0
    endloop
  endfacet
  facet normal 0 0 -1
    outer loop
      vertex -8.60744 0.97508 0
      vertex 8.60744 0.97508 0
      vertex 8.52776 0.849999 0
    endloop
  endfacet
  facet normal 0 0 -1
    outer loop
      vertex -8.52776 0.849999 0
      vertex 8.52776 0.849999 0
      vertex 8.45928 0.718451 0
    endloop
  endfacet
  facet normal 0 0 -1
    outer loop
      vertex -8.3 0 0
      vertex 8.30647 0.148165 0
      vertex 8.3 0 0
    endloop
  endfacet
  facet normal 0 0 -1
    outer loop
      vertex -8.30647 0.148165 0
      vertex 8.30647 0.148165 0
      vertex -8.3 0 0
    endloop
  endfacet
  facet normal 0 0 -1
    outer loop
      vertex 8.30647 0.148165 0
      vertex -8.30647 0.148165 0
      vertex 8.32583 0.295201 0
    endloop
  endfacet
  facet normal 0 0 -1
    outer loop
      vertex -8.32583 0.295201 0
      vertex 8.32583 0.295201 0
      vertex -8.30647 0.148165 0
    endloop
  endfacet
  facet normal 0 0 -1
    outer loop
      vertex 8.32583 0.295201 0
      vertex -8.32583 0.295201 0
      vertex 8.35793 0.439992 0
    endloop
  endfacet
  facet normal 0 0 -1
    outer loop
      vertex -8.35793 0.439992 0
      vertex 8.35793 0.439992 0
      vertex -8.32583 0.295201 0
    endloop
  endfacet
  facet normal 0 0 -1
    outer loop
      vertex 8.35793 0.439992 0
      vertex -8.35793 0.439992 0
      vertex 8.40252 0.581433 0
    endloop
  endfacet
  facet normal 0 0 -1
    outer loop
      vertex -8.40252 0.581433 0
      vertex 8.40252 0.581433 0
      vertex -8.35793 0.439992 0
    endloop
  endfacet
  facet normal 0 0 -1
    outer loop
      vertex 8.40252 0.581433 0
      vertex -8.40252 0.581433 0
      vertex 8.45928 0.718451 0
    endloop
  endfacet
  facet normal 0 0 -1
    outer loop
      vertex -8.45928 0.718451 0
      vertex 8.45928 0.718451 0
      vertex -8.40252 0.581433 0
    endloop
  endfacet
  facet normal 0 0 -1
    outer loop
      vertex -8.52776 0.849999 0
      vertex 8.45928 0.718451 0
      vertex -8.45928 0.718451 0
    endloop
  endfacet
  facet normal 0 0 -1
    outer loop
      vertex 8.52776 0.849999 0
      vertex -8.52776 0.849999 0
      vertex -8.60744 0.97508 0
    endloop
  endfacet
  facet normal 0 0 -1
    outer loop
      vertex 8.60744 0.97508 0
      vertex -8.60744 0.97508 0
      vertex -8.69772 1.09274 0
    endloop
  endfacet
  facet normal 0 0 -1
    outer loop
      vertex 8.69772 1.09274 0
      vertex -8.69772 1.09274 0
      vertex -8.79792 1.20208 0
    endloop
  endfacet
  facet normal 0 0 -1
    outer loop
      vertex 13.1182 10.0084 0
      vertex -13.1182 10.0084 0
      vertex 13.1409 10.1106 0
    endloop
  endfacet
  facet normal 0 0 -1
    outer loop
      vertex -13.1409 10.1106 0
      vertex 13.1409 10.1106 0
      vertex -13.1182 10.0084 0
    endloop
  endfacet
  facet normal 0 0 -1
    outer loop
      vertex 13.1409 10.1106 0
      vertex -13.1409 10.1106 0
      vertex 13.1724 10.2104 0
    endloop
  endfacet
  facet normal 0 0 -1
    outer loop
      vertex -13.1046 9.90457 0
      vertex -8.79792 1.20208 0
      vertex -8.90726 1.30227 0
    endloop
  endfacet
  facet normal 0 0 -1
    outer loop
      vertex -13.1 9.79999 0
      vertex -8.90726 1.30227 0
      vertex -9.02492 1.39256 0
    endloop
  endfacet
  facet normal 0 0 -1
    outer loop
      vertex -13.1 9.79999 0
      vertex -9.02492 1.39256 0
      vertex -9.15 1.47224 0
    endloop
  endfacet
  facet normal 0 0 -1
    outer loop
      vertex -13.1 9.79999 0
      vertex -9.15 1.47224 0
      vertex -9.28155 1.54072 0
    endloop
  endfacet
  facet normal 0 0 -1
    outer loop
      vertex -13.1 9.79999 0
      vertex -9.28155 1.54072 0
      vertex -9.41857 1.59748 0
    endloop
  endfacet
  facet normal 0 0 -1
    outer loop
      vertex -13.1 9.79999 0
      vertex -9.41857 1.59748 0
      vertex -9.56001 1.64207 0
    endloop
  endfacet
  facet normal 0 0 -1
    outer loop
      vertex -13.1 9.79999 0
      vertex -9.56001 1.64207 0
      vertex -9.7048 1.67417 0
    endloop
  endfacet
  facet normal 0 0 -1
    outer loop
      vertex -13.1 9.79999 0
      vertex -9.7048 1.67417 0
      vertex -9.85183 1.69353 0
    endloop
  endfacet
  facet normal 0 0 -1
    outer loop
      vertex -13.1 9.79999 0
      vertex -9.85183 1.69353 0
      vertex -10 1.7 0
    endloop
  endfacet
  facet normal 0 0 -1
    outer loop
      vertex -13.1 9.79999 0
      vertex -10 1.7 0
      vertex -13.1 1.7 0
    endloop
  endfacet
  facet normal 0 0 -1
    outer loop
      vertex -8.90726 1.30227 0
      vertex -13.1 9.79999 0
      vertex -13.1046 9.90457 0
    endloop
  endfacet
  facet normal 0 0 -1
    outer loop
      vertex -13.1724 10.2104 0
      vertex 13.1724 10.2104 0
      vertex -13.1409 10.1106 0
    endloop
  endfacet
  facet normal 0 0 -1
    outer loop
      vertex 13.1724 10.2104 0
      vertex -13.1724 10.2104 0
      vertex 13.2124 10.3071 0
    endloop
  endfacet
  facet normal 0 0 -1
    outer loop
      vertex -13.2124 10.3071 0
      vertex 13.2124 10.3071 0
      vertex -13.1724 10.2104 0
    endloop
  endfacet
  facet normal 0 0 -1
    outer loop
      vertex 13.2124 10.3071 0
      vertex -13.2124 10.3071 0
      vertex 13.2608 10.4 0
    endloop
  endfacet
  facet normal 0 0 -1
    outer loop
      vertex -13.2608 10.4 0
      vertex 13.2608 10.4 0
      vertex -13.2124 10.3071 0
    endloop
  endfacet
  facet normal 0 0 -1
    outer loop
      vertex -13.317 10.4883 0
      vertex 13.2608 10.4 0
      vertex -13.2608 10.4 0
    endloop
  endfacet
  facet normal 0 0 -1
    outer loop
      vertex 13.317 10.4883 0
      vertex -13.317 10.4883 0
      vertex -13.3808 10.5713 0
    endloop
  endfacet
  facet normal 0 0 -1
    outer loop
      vertex 13.3808 10.5713 0
      vertex -13.3808 10.5713 0
      vertex -13.4515 10.6485 0
    endloop
  endfacet
  facet normal 0 0 -1
    outer loop
      vertex 13.4515 10.6485 0
      vertex -13.4515 10.6485 0
      vertex 19 21 0
    endloop
  endfacet
  facet normal 0 0 -1
    outer loop
      vertex -19 21 0
      vertex -13.4515 10.6485 0
      vertex -13.5287 10.7192 0
    endloop
  endfacet
  facet normal 0 0 -1
    outer loop
      vertex -19 21 0
      vertex -13.5287 10.7192 0
      vertex -13.6117 10.783 0
    endloop
  endfacet
  facet normal 0 0 -1
    outer loop
      vertex -19 21 0
      vertex -13.6117 10.783 0
      vertex -13.7 10.8392 0
    endloop
  endfacet
  facet normal 0 0 -1
    outer loop
      vertex -19 21 0
      vertex -13.7 10.8392 0
      vertex -13.7929 10.8876 0
    endloop
  endfacet
  facet normal 0 0 -1
    outer loop
      vertex -19 21 0
      vertex -13.7929 10.8876 0
      vertex -13.8896 10.9276 0
    endloop
  endfacet
  facet normal 0 0 -1
    outer loop
      vertex -19 21 0
      vertex -13.8896 10.9276 0
      vertex -13.9894 10.9591 0
    endloop
  endfacet
  facet normal 0 0 -1
    outer loop
      vertex -19 21 0
      vertex -13.9894 10.9591 0
      vertex -14.0916 10.9818 0
    endloop
  endfacet
  facet normal 0 0 -1
    outer loop
      vertex -19 21 0
      vertex -14.0916 10.9818 0
      vertex -14.1954 10.9954 0
    endloop
  endfacet
  facet normal 0 0 -1
    outer loop
      vertex -19 21 0
      vertex -14.1954 10.9954 0
      vertex -14.3 11 0
    endloop
  endfacet
  facet normal 0 0 -1
    outer loop
      vertex -19 21 0
      vertex -14.3 11 0
      vertex -15.7 11 0
    endloop
  endfacet
  facet normal 0 0 -1
    outer loop
      vertex -19 21 0
      vertex -15.7 11 0
      vertex -15.8046 10.9954 0
    endloop
  endfacet
  facet normal 0 0 -1
    outer loop
      vertex -19 21 0
      vertex -15.8046 10.9954 0
      vertex -15.9084 10.9818 0
    endloop
  endfacet
  facet normal 0 0 -1
    outer loop
      vertex -19 21 0
      vertex -15.9084 10.9818 0
      vertex -16.0106 10.9591 0
    endloop
  endfacet
  facet normal 0 0 -1
    outer loop
      vertex -18.1482 1.69353 0
      vertex -16.9 9.79999 0
      vertex -18 1.7 0
    endloop
  endfacet
  facet normal 0 0 -1
    outer loop
      vertex -18.2952 1.67417 0
      vertex -16.9 9.79999 0
      vertex -18.1482 1.69353 0
    endloop
  endfacet
  facet normal 0 0 -1
    outer loop
      vertex -18.44 1.64207 0
      vertex -16.9 9.79999 0
      vertex -18.2952 1.67417 0
    endloop
  endfacet
  facet normal 0 0 -1
    outer loop
      vertex -18.5814 1.59748 0
      vertex -16.9 9.79999 0
      vertex -18.44 1.64207 0
    endloop
  endfacet
  facet normal 0 0 -1
    outer loop
      vertex -18.7185 1.54072 0
      vertex -16.9 9.79999 0
      vertex -18.5814 1.59748 0
    endloop
  endfacet
  facet normal 0 0 -1
    outer loop
      vertex -18.85 1.47224 0
      vertex -16.9 9.79999 0
      vertex -18.7185 1.54072 0
    endloop
  endfacet
  facet normal 0 0 -1
    outer loop
      vertex -18.9751 1.39256 0
      vertex -16.9 9.79999 0
      vertex -18.85 1.47224 0
    endloop
  endfacet
  facet normal 0 0 -1
    outer loop
      vertex -19.0927 1.30227 0
      vertex -16.9 9.79999 0
      vertex -18.9751 1.39256 0
    endloop
  endfacet
  facet normal 0 0 -1
    outer loop
      vertex -19.2021 1.20208 0
      vertex -16.9 9.79999 0
      vertex -19.0927 1.30227 0
    endloop
  endfacet
  facet normal 0 0 -1
    outer loop
      vertex -23 17 0
      vertex -16.9 9.79999 0
      vertex -19.2021 1.20208 0
    endloop
  endfacet
  facet normal 0 0 -1
    outer loop
      vertex -13.4515 10.6485 0
      vertex -19 21 0
      vertex 19 21 0
    endloop
  endfacet
  facet normal 0 0 -1
    outer loop
      vertex -16.1104 10.9276 0
      vertex -19 21 0
      vertex -16.0106 10.9591 0
    endloop
  endfacet
  facet normal 0 0 -1
    outer loop
      vertex -23 17 0
      vertex -16.1104 10.9276 0
      vertex -16.2071 10.8876 0
    endloop
  endfacet
  facet normal 0 0 -1
    outer loop
      vertex -23 17 0
      vertex -16.2071 10.8876 0
      vertex -16.3 10.8392 0
    endloop
  endfacet
  facet normal 0 0 -1
    outer loop
      vertex -23 17 0
      vertex -16.3 10.8392 0
      vertex -16.3883 10.783 0
    endloop
  endfacet
  facet normal 0 0 -1
    outer loop
      vertex -23 17 0
      vertex -16.3883 10.783 0
      vertex -16.4713 10.7192 0
    endloop
  endfacet
  facet normal 0 0 -1
    outer loop
      vertex -23 17 0
      vertex -16.4713 10.7192 0
      vertex -16.5485 10.6485 0
    endloop
  endfacet
  facet normal 0 0 -1
    outer loop
      vertex -23 17 0
      vertex -16.5485 10.6485 0
      vertex -16.6192 10.5713 0
    endloop
  endfacet
  facet normal 0 0 -1
    outer loop
      vertex -23 17 0
      vertex -16.6192 10.5713 0
      vertex -16.683 10.4883 0
    endloop
  endfacet
  facet normal 0 0 -1
    outer loop
      vertex -23 17 0
      vertex -16.683 10.4883 0
      vertex -16.7392 10.4 0
    endloop
  endfacet
  facet normal 0 0 -1
    outer loop
      vertex -23 17 0
      vertex -16.7392 10.4 0
      vertex -16.7876 10.3071 0
    endloop
  endfacet
  facet normal 0 0 -1
    outer loop
      vertex -23 17 0
      vertex -16.7876 10.3071 0
      vertex -16.8276 10.2104 0
    endloop
  endfacet
  facet normal 0 0 -1
    outer loop
      vertex -23 17 0
      vertex -16.8276 10.2104 0
      vertex -16.8591 10.1106 0
    endloop
  endfacet
  facet normal 0 0 -1
    outer loop
      vertex -16.9 9.79999 0
      vertex -23 17 0
      vertex -16.8954 9.90457 0
    endloop
  endfacet
  facet normal 0 0 -1
    outer loop
      vertex -16.8954 9.90457 0
      vertex -23 17 0
      vertex -16.8818 10.0084 0
    endloop
  endfacet
  facet normal 0 0 -1
    outer loop
      vertex -16.8818 10.0084 0
      vertex -23 17 0
      vertex -16.8591 10.1106 0
    endloop
  endfacet
  facet normal 0 0 -1
    outer loop
      vertex -23 17 0
      vertex -19.2021 1.20208 0
      vertex -19.3023 1.09274 0
    endloop
  endfacet
  facet normal 0 0 -1
    outer loop
      vertex -16.1104 10.9276 0
      vertex -23 17 0
      vertex -19 21 0
    endloop
  endfacet
  facet normal 0 0 -1
    outer loop
      vertex -23 17 0
      vertex -19.3023 1.09274 0
      vertex -19.3926 0.97508 0
    endloop
  endfacet
  facet normal 0 0 -1
    outer loop
      vertex -23 17 0
      vertex -19.3926 0.97508 0
      vertex -19.4722 0.849999 0
    endloop
  endfacet
  facet normal 0 0 -1
    outer loop
      vertex -23 17 0
      vertex -19.4722 0.849999 0
      vertex -19.5407 0.718451 0
    endloop
  endfacet
  facet normal 0 0 -1
    outer loop
      vertex -23 17 0
      vertex -19.5407 0.718451 0
      vertex -19.5975 0.581433 0
    endloop
  endfacet
  facet normal 0 0 -1
    outer loop
      vertex -23 17 0
      vertex -19.5975 0.581433 0
      vertex -19.6421 0.439992 0
    endloop
  endfacet
  facet normal 0 0 -1
    outer loop
      vertex -23 17 0
      vertex -19.6421 0.439992 0
      vertex -19.6742 0.295201 0
    endloop
  endfacet
  facet normal 0 0 -1
    outer loop
      vertex -23 17 0
      vertex -19.6742 0.295201 0
      vertex -19.6935 0.148165 0
    endloop
  endfacet
  facet normal 0 0 -1
    outer loop
      vertex -19 21 0
      vertex -23 17 0
      vertex -19.3486 20.9848 0
    endloop
  endfacet
  facet normal 0 0 -1
    outer loop
      vertex -23 17 0
      vertex -19.6935 0.148165 0
      vertex -19.7 0 0
    endloop
  endfacet
  facet normal -0 0 -1
    outer loop
      vertex -19.6935 -0.148165 0
      vertex -23 -17 0
      vertex -19.7 0 0
    endloop
  endfacet
  facet normal 0 0 -1
    outer loop
      vertex -23 17 0
      vertex -19.7 0 0
      vertex -23 -17 0
    endloop
  endfacet
  facet normal 0 0 -1
    outer loop
      vertex -23 -17 0
      vertex -20.0353 -20.8637 0
      vertex -20.3681 -20.7588 0
    endloop
  endfacet
  facet normal 0 0 -1
    outer loop
      vertex -19.3486 20.9848 0
      vertex -23 17 0
      vertex -19.6946 20.9392 0
    endloop
  endfacet
  facet normal 0 0 -1
    outer loop
      vertex -23 -17 0
      vertex -20.3681 -20.7588 0
      vertex -20.6905 -20.6252 0
    endloop
  endfacet
  facet normal 0 0 -1
    outer loop
      vertex -19.6946 20.9392 0
      vertex -23 17 0
      vertex -20.0353 20.8637 0
    endloop
  endfacet
  facet normal 0 0 -1
    outer loop
      vertex -23 -17 0
      vertex -20.6905 -20.6252 0
      vertex -21 -20.4641 0
    endloop
  endfacet
  facet normal 0 0 -1
    outer loop
      vertex -20.0353 20.8637 0
      vertex -23 17 0
      vertex -20.3681 20.7588 0
    endloop
  endfacet
  facet normal 0 0 -1
    outer loop
      vertex -23 -17 0
      vertex -21 -20.4641 0
      vertex -21.2943 -20.2766 0
    endloop
  endfacet
  facet normal 0 0 -1
    outer loop
      vertex -20.3681 20.7588 0
      vertex -23 17 0
      vertex -20.6905 20.6252 0
    endloop
  endfacet
  facet normal 0 0 -1
    outer loop
      vertex -23 -17 0
      vertex -21.2943 -20.2766 0
      vertex -21.5712 -20.0642 0
    endloop
  endfacet
  facet normal 0 0 -1
    outer loop
      vertex -20.6905 20.6252 0
      vertex -23 17 0
      vertex -21 20.4641 0
    endloop
  endfacet
  facet normal 0 0 -1
    outer loop
      vertex -23 -17 0
      vertex -21.5712 -20.0642 0
      vertex -21.8284 -19.8284 0
    endloop
  endfacet
  facet normal 0 0 -1
    outer loop
      vertex -21 20.4641 0
      vertex -23 17 0
      vertex -21.2943 20.2766 0
    endloop
  endfacet
  facet normal 0 0 -1
    outer loop
      vertex -23 -17 0
      vertex -21.8284 -19.8284 0
      vertex -22.0642 -19.5712 0
    endloop
  endfacet
  facet normal 0 0 -1
    outer loop
      vertex -21.2943 20.2766 0
      vertex -23 17 0
      vertex -21.5712 20.0642 0
    endloop
  endfacet
  facet normal 0 0 -1
    outer loop
      vertex -23 -17 0
      vertex -22.0642 -19.5712 0
      vertex -22.2766 -19.2943 0
    endloop
  endfacet
  facet normal 0 0 -1
    outer loop
      vertex -21.5712 20.0642 0
      vertex -23 17 0
      vertex -21.8284 19.8284 0
    endloop
  endfacet
  facet normal 0 0 -1
    outer loop
      vertex -23 -17 0
      vertex -22.2766 -19.2943 0
      vertex -22.4641 -19 0
    endloop
  endfacet
  facet normal 0 0 -1
    outer loop
      vertex -21.8284 19.8284 0
      vertex -23 17 0
      vertex -22.0642 19.5712 0
    endloop
  endfacet
  facet normal 0 0 -1
    outer loop
      vertex -23 -17 0
      vertex -22.4641 -19 0
      vertex -22.6252 -18.6905 0
    endloop
  endfacet
  facet normal 0 0 -1
    outer loop
      vertex -22.0642 19.5712 0
      vertex -23 17 0
      vertex -22.2766 19.2943 0
    endloop
  endfacet
  facet normal 0 0 -1
    outer loop
      vertex -23 -17 0
      vertex -22.6252 -18.6905 0
      vertex -22.7588 -18.3681 0
    endloop
  endfacet
  facet normal 0 0 -1
    outer loop
      vertex -22.2766 19.2943 0
      vertex -23 17 0
      vertex -22.4641 19 0
    endloop
  endfacet
  facet normal 0 0 -1
    outer loop
      vertex -23 -17 0
      vertex -22.7588 -18.3681 0
      vertex -22.8637 -18.0353 0
    endloop
  endfacet
  facet normal 0 0 -1
    outer loop
      vertex -22.4641 19 0
      vertex -23 17 0
      vertex -22.6252 18.6905 0
    endloop
  endfacet
  facet normal 0 0 -1
    outer loop
      vertex -23 -17 0
      vertex -22.8637 -18.0353 0
      vertex -22.9392 -17.6946 0
    endloop
  endfacet
  facet normal 0 0 -1
    outer loop
      vertex -22.6252 18.6905 0
      vertex -23 17 0
      vertex -22.7588 18.3681 0
    endloop
  endfacet
  facet normal 0 0 -1
    outer loop
      vertex -23 -17 0
      vertex -22.9392 -17.6946 0
      vertex -22.9848 -17.3486 0
    endloop
  endfacet
  facet normal 0 0 -1
    outer loop
      vertex -22.7588 18.3681 0
      vertex -23 17 0
      vertex -22.8637 18.0353 0
    endloop
  endfacet
  facet normal 0 0 -1
    outer loop
      vertex -22.8637 18.0353 0
      vertex -23 17 0
      vertex -22.9392 17.6946 0
    endloop
  endfacet
  facet normal 0 0 -1
    outer loop
      vertex -22.9392 17.6946 0
      vertex -23 17 0
      vertex -22.9848 17.3486 0
    endloop
  endfacet
  facet normal -0 0 -1
    outer loop
      vertex 18 -1.7 0
      vertex 16.9 -9.79999 0
      vertex 16.9 -1.7 0
    endloop
  endfacet
  facet normal -0 0 -1
    outer loop
      vertex -10 -1.7 0
      vertex -13.1 -9.79999 0
      vertex -13.1 -1.7 0
    endloop
  endfacet
  facet normal -0.793454 -0.60863 0
    outer loop
      vertex -22.0642 -19.5712 0
      vertex -22.2766 -19.2943 4
      vertex -22.2766 -19.2943 0
    endloop
  endfacet
  facet normal -0.793454 -0.60863 0
    outer loop
      vertex -22.2766 -19.2943 4
      vertex -22.0642 -19.5712 0
      vertex -22.0642 -19.5712 4
    endloop
  endfacet
  facet normal 0.461714 0.887029 -0
    outer loop
      vertex 21 20.4641 0
      vertex 20.6905 20.6252 4
      vertex 21 20.4641 4
    endloop
  endfacet
  facet normal 0.461714 0.887029 0
    outer loop
      vertex 20.6905 20.6252 4
      vertex 21 20.4641 0
      vertex 20.6905 20.6252 0
    endloop
  endfacet
  facet normal 0.53732 -0.843378 0
    outer loop
      vertex 21 -20.4641 0
      vertex 21.2943 -20.2766 4
      vertex 21 -20.4641 4
    endloop
  endfacet
  facet normal 0.53732 -0.843378 0
    outer loop
      vertex 21.2943 -20.2766 4
      vertex 21 -20.4641 0
      vertex 21.2943 -20.2766 0
    endloop
  endfacet
  facet normal -0.953743 0.300624 0
    outer loop
      vertex -22.8637 18.0353 0
      vertex -22.7588 18.3681 4
      vertex -22.7588 18.3681 0
    endloop
  endfacet
  facet normal -0.953743 0.300624 0
    outer loop
      vertex -22.7588 18.3681 4
      vertex -22.8637 18.0353 0
      vertex -22.8637 18.0353 4
    endloop
  endfacet
  facet normal -0.300624 0.953743 0
    outer loop
      vertex -20.0353 20.8637 0
      vertex -20.3681 20.7588 4
      vertex -20.0353 20.8637 4
    endloop
  endfacet
  facet normal -0.300624 0.953743 0
    outer loop
      vertex -20.3681 20.7588 4
      vertex -20.0353 20.8637 0
      vertex -20.3681 20.7588 0
    endloop
  endfacet
  facet normal 0.737107 0.675777 0
    outer loop
      vertex 22.0642 19.5712 4
      vertex 21.8284 19.8284 0
      vertex 21.8284 19.8284 4
    endloop
  endfacet
  facet normal 0.737107 0.675777 0
    outer loop
      vertex 21.8284 19.8284 0
      vertex 22.0642 19.5712 4
      vertex 22.0642 19.5712 0
    endloop
  endfacet
  facet normal 0.0435616 0.999051 -0
    outer loop
      vertex 19.3486 20.9848 0
      vertex 19 21 4
      vertex 19.3486 20.9848 4
    endloop
  endfacet
  facet normal 0.0435616 0.999051 0
    outer loop
      vertex 19 21 4
      vertex 19.3486 20.9848 0
      vertex 19 21 0
    endloop
  endfacet
  facet normal -0.999051 -0.0435616 0
    outer loop
      vertex -22.9848 -17.3486 0
      vertex -23 -17 4
      vertex -23 -17 0
    endloop
  endfacet
  facet normal -0.999051 -0.0435616 0
    outer loop
      vertex -23 -17 4
      vertex -22.9848 -17.3486 0
      vertex -22.9848 -17.3486 4
    endloop
  endfacet
  facet normal -0.53732 0.843378 0
    outer loop
      vertex -21 20.4641 0
      vertex -21.2943 20.2766 4
      vertex -21 20.4641 4
    endloop
  endfacet
  facet normal -0.53732 0.843378 0
    outer loop
      vertex -21.2943 20.2766 4
      vertex -21 20.4641 0
      vertex -21.2943 20.2766 0
    endloop
  endfacet
  facet normal 0.843378 -0.53732 0
    outer loop
      vertex 22.2766 -19.2943 4
      vertex 22.4641 -19 0
      vertex 22.4641 -19 4
    endloop
  endfacet
  facet normal 0.843378 -0.53732 0
    outer loop
      vertex 22.4641 -19 0
      vertex 22.2766 -19.2943 4
      vertex 22.2766 -19.2943 0
    endloop
  endfacet
  facet normal 0.991427 0.130662 0
    outer loop
      vertex 22.9848 17.3486 4
      vertex 22.9392 17.6946 0
      vertex 22.9392 17.6946 4
    endloop
  endfacet
  facet normal 0.991427 0.130662 0
    outer loop
      vertex 22.9392 17.6946 0
      vertex 22.9848 17.3486 4
      vertex 22.9848 17.3486 0
    endloop
  endfacet
  facet normal 0.976315 -0.216354 0
    outer loop
      vertex 22.8637 -18.0353 4
      vertex 22.9392 -17.6946 0
      vertex 22.9392 -17.6946 4
    endloop
  endfacet
  facet normal 0.976315 -0.216354 0
    outer loop
      vertex 22.9392 -17.6946 0
      vertex 22.8637 -18.0353 4
      vertex 22.8637 -18.0353 0
    endloop
  endfacet
  facet normal -0.793454 0.60863 0
    outer loop
      vertex -22.2766 19.2943 0
      vertex -22.0642 19.5712 4
      vertex -22.0642 19.5712 0
    endloop
  endfacet
  facet normal -0.793454 0.60863 0
    outer loop
      vertex -22.0642 19.5712 4
      vertex -22.2766 19.2943 0
      vertex -22.2766 19.2943 4
    endloop
  endfacet
  facet normal -0.130662 -0.991427 0
    outer loop
      vertex -19.6946 -20.9392 0
      vertex -19.3486 -20.9848 4
      vertex -19.6946 -20.9392 4
    endloop
  endfacet
  facet normal -0.130662 -0.991427 -0
    outer loop
      vertex -19.3486 -20.9848 4
      vertex -19.6946 -20.9392 0
      vertex -19.3486 -20.9848 0
    endloop
  endfacet
  facet normal -0.976315 -0.216354 0
    outer loop
      vertex -22.8637 -18.0353 0
      vertex -22.9392 -17.6946 4
      vertex -22.9392 -17.6946 0
    endloop
  endfacet
  facet normal -0.976315 -0.216354 0
    outer loop
      vertex -22.9392 -17.6946 4
      vertex -22.8637 -18.0353 0
      vertex -22.8637 -18.0353 4
    endloop
  endfacet
  facet normal 0.737107 -0.675777 0
    outer loop
      vertex 21.8284 -19.8284 4
      vertex 22.0642 -19.5712 0
      vertex 22.0642 -19.5712 4
    endloop
  endfacet
  facet normal 0.737107 -0.675777 0
    outer loop
      vertex 22.0642 -19.5712 0
      vertex 21.8284 -19.8284 4
      vertex 21.8284 -19.8284 0
    endloop
  endfacet
  facet normal 0.300624 0.953743 -0
    outer loop
      vertex 20.3681 20.7588 0
      vertex 20.0353 20.8637 4
      vertex 20.3681 20.7588 4
    endloop
  endfacet
  facet normal 0.300624 0.953743 0
    outer loop
      vertex 20.0353 20.8637 4
      vertex 20.3681 20.7588 0
      vertex 20.0353 20.8637 0
    endloop
  endfacet
  facet normal 0.887029 0.461714 0
    outer loop
      vertex 22.6252 18.6905 4
      vertex 22.4641 19 0
      vertex 22.4641 19 4
    endloop
  endfacet
  facet normal 0.887029 0.461714 0
    outer loop
      vertex 22.4641 19 0
      vertex 22.6252 18.6905 4
      vertex 22.6252 18.6905 0
    endloop
  endfacet
  facet normal -0.0435616 -0.999051 0
    outer loop
      vertex -19.3486 -20.9848 0
      vertex -19 -21 4
      vertex -19.3486 -20.9848 4
    endloop
  endfacet
  facet normal -0.0435616 -0.999051 -0
    outer loop
      vertex -19 -21 4
      vertex -19.3486 -20.9848 0
      vertex -19 -21 0
    endloop
  endfacet
  facet normal 0.675777 -0.737107 0
    outer loop
      vertex 21.5712 -20.0642 0
      vertex 21.8284 -19.8284 4
      vertex 21.5712 -20.0642 4
    endloop
  endfacet
  facet normal 0.675777 -0.737107 0
    outer loop
      vertex 21.8284 -19.8284 4
      vertex 21.5712 -20.0642 0
      vertex 21.8284 -19.8284 0
    endloop
  endfacet
  facet normal 0.991427 -0.130662 0
    outer loop
      vertex 22.9392 -17.6946 4
      vertex 22.9848 -17.3486 0
      vertex 22.9848 -17.3486 4
    endloop
  endfacet
  facet normal 0.991427 -0.130662 0
    outer loop
      vertex 22.9848 -17.3486 0
      vertex 22.9392 -17.6946 4
      vertex 22.9392 -17.6946 0
    endloop
  endfacet
  facet normal -0.675777 0.737107 0
    outer loop
      vertex -21.5712 20.0642 0
      vertex -21.8284 19.8284 4
      vertex -21.5712 20.0642 4
    endloop
  endfacet
  facet normal -0.675777 0.737107 0
    outer loop
      vertex -21.8284 19.8284 4
      vertex -21.5712 20.0642 0
      vertex -21.8284 19.8284 0
    endloop
  endfacet
  facet normal 0.793454 0.60863 0
    outer loop
      vertex 22.2766 19.2943 4
      vertex 22.0642 19.5712 0
      vertex 22.0642 19.5712 4
    endloop
  endfacet
  facet normal 0.793454 0.60863 0
    outer loop
      vertex 22.0642 19.5712 0
      vertex 22.2766 19.2943 4
      vertex 22.2766 19.2943 0
    endloop
  endfacet
  facet normal 0.675777 0.737107 -0
    outer loop
      vertex 21.8284 19.8284 0
      vertex 21.5712 20.0642 4
      vertex 21.8284 19.8284 4
    endloop
  endfacet
  facet normal 0.675777 0.737107 0
    outer loop
      vertex 21.5712 20.0642 4
      vertex 21.8284 19.8284 0
      vertex 21.5712 20.0642 0
    endloop
  endfacet
  facet normal -0.461714 -0.887029 0
    outer loop
      vertex -21 -20.4641 0
      vertex -20.6905 -20.6252 4
      vertex -21 -20.4641 4
    endloop
  endfacet
  facet normal -0.461714 -0.887029 -0
    outer loop
      vertex -20.6905 -20.6252 4
      vertex -21 -20.4641 0
      vertex -20.6905 -20.6252 0
    endloop
  endfacet
  facet normal 0.53732 0.843378 -0
    outer loop
      vertex 21.2943 20.2766 0
      vertex 21 20.4641 4
      vertex 21.2943 20.2766 4
    endloop
  endfacet
  facet normal 0.53732 0.843378 0
    outer loop
      vertex 21 20.4641 4
      vertex 21.2943 20.2766 0
      vertex 21 20.4641 0
    endloop
  endfacet
  facet normal 0.382824 0.923821 -0
    outer loop
      vertex 20.6905 20.6252 0
      vertex 20.3681 20.7588 4
      vertex 20.6905 20.6252 4
    endloop
  endfacet
  facet normal 0.382824 0.923821 0
    outer loop
      vertex 20.3681 20.7588 4
      vertex 20.6905 20.6252 0
      vertex 20.3681 20.7588 0
    endloop
  endfacet
  facet normal 0.843378 0.53732 0
    outer loop
      vertex 22.4641 19 4
      vertex 22.2766 19.2943 0
      vertex 22.2766 19.2943 4
    endloop
  endfacet
  facet normal 0.843378 0.53732 0
    outer loop
      vertex 22.2766 19.2943 0
      vertex 22.4641 19 4
      vertex 22.4641 19 0
    endloop
  endfacet
  facet normal 0.953743 -0.300624 0
    outer loop
      vertex 22.7588 -18.3681 4
      vertex 22.8637 -18.0353 0
      vertex 22.8637 -18.0353 4
    endloop
  endfacet
  facet normal 0.953743 -0.300624 0
    outer loop
      vertex 22.8637 -18.0353 0
      vertex 22.7588 -18.3681 4
      vertex 22.7588 -18.3681 0
    endloop
  endfacet
  facet normal -0.887029 -0.461714 0
    outer loop
      vertex -22.4641 -19 0
      vertex -22.6252 -18.6905 4
      vertex -22.6252 -18.6905 0
    endloop
  endfacet
  facet normal -0.887029 -0.461714 0
    outer loop
      vertex -22.6252 -18.6905 4
      vertex -22.4641 -19 0
      vertex -22.4641 -19 4
    endloop
  endfacet
  facet normal -0.300624 -0.953743 0
    outer loop
      vertex -20.3681 -20.7588 0
      vertex -20.0353 -20.8637 4
      vertex -20.3681 -20.7588 4
    endloop
  endfacet
  facet normal -0.300624 -0.953743 -0
    outer loop
      vertex -20.0353 -20.8637 4
      vertex -20.3681 -20.7588 0
      vertex -20.0353 -20.8637 0
    endloop
  endfacet
  facet normal -0.216354 -0.976315 0
    outer loop
      vertex -20.0353 -20.8637 0
      vertex -19.6946 -20.9392 4
      vertex -20.0353 -20.8637 4
    endloop
  endfacet
  facet normal -0.216354 -0.976315 -0
    outer loop
      vertex -19.6946 -20.9392 4
      vertex -20.0353 -20.8637 0
      vertex -19.6946 -20.9392 0
    endloop
  endfacet
  facet normal -0.53732 -0.843378 0
    outer loop
      vertex -21.2943 -20.2766 0
      vertex -21 -20.4641 4
      vertex -21.2943 -20.2766 4
    endloop
  endfacet
  facet normal -0.53732 -0.843378 -0
    outer loop
      vertex -21 -20.4641 4
      vertex -21.2943 -20.2766 0
      vertex -21 -20.4641 0
    endloop
  endfacet
  facet normal 0 0 1
    outer loop
      vertex -18.55 -1.60739 4
      vertex -18.5814 -1.59748 4
      vertex -18.55 -8.35 4
    endloop
  endfacet
  facet normal 0 0 1
    outer loop
      vertex -16.9 -8.35 4
      vertex -18.55 -8.35 4
      vertex -16.9 -9.79999 4
    endloop
  endfacet
  facet normal 0 0 1
    outer loop
      vertex -10 1.7 4
      vertex -13.1 9.79999 4
      vertex -13.1 1.7 4
    endloop
  endfacet
  facet normal 0 0 1
    outer loop
      vertex 13.1 -1.7 4
      vertex 10 -1.7 4
      vertex 13.1 -9.79999 4
    endloop
  endfacet
  facet normal 0 0 1
    outer loop
      vertex 19 21 4
      vertex 23 17 4
      vertex 22.9848 17.3486 4
    endloop
  endfacet
  facet normal 0 0 1
    outer loop
      vertex 23 17 4
      vertex 19.7 0 4
      vertex 23 -17 4
    endloop
  endfacet
  facet normal 0 0 1
    outer loop
      vertex 19 21 4
      vertex 22.9848 17.3486 4
      vertex 22.9392 17.6946 4
    endloop
  endfacet
  facet normal -0 0 1
    outer loop
      vertex 19.6935 -0.148165 4
      vertex 23 -17 4
      vertex 19.7 0 4
    endloop
  endfacet
  facet normal 0 0 1
    outer loop
      vertex 19 21 4
      vertex 22.9392 17.6946 4
      vertex 22.8637 18.0353 4
    endloop
  endfacet
  facet normal -0 0 1
    outer loop
      vertex 19.6742 -0.295201 4
      vertex 23 -17 4
      vertex 19.6935 -0.148165 4
    endloop
  endfacet
  facet normal 0 0 1
    outer loop
      vertex 19 21 4
      vertex 22.8637 18.0353 4
      vertex 22.7588 18.3681 4
    endloop
  endfacet
  facet normal -0 0 1
    outer loop
      vertex 19.6421 -0.439992 4
      vertex 23 -17 4
      vertex 19.6742 -0.295201 4
    endloop
  endfacet
  facet normal 0 0 1
    outer loop
      vertex 19 21 4
      vertex 22.7588 18.3681 4
      vertex 22.6252 18.6905 4
    endloop
  endfacet
  facet normal -0 0 1
    outer loop
      vertex 19.5975 -0.581433 4
      vertex 23 -17 4
      vertex 19.6421 -0.439992 4
    endloop
  endfacet
  facet normal 0 0 1
    outer loop
      vertex 19 21 4
      vertex 22.6252 18.6905 4
      vertex 22.4641 19 4
    endloop
  endfacet
  facet normal -0 0 1
    outer loop
      vertex 18.55 -8.35 4
      vertex 23 -17 4
      vertex 19.5975 -0.581433 4
    endloop
  endfacet
  facet normal 0 0 1
    outer loop
      vertex 19 21 4
      vertex 22.4641 19 4
      vertex 22.2766 19.2943 4
    endloop
  endfacet
  facet normal -0 0 1
    outer loop
      vertex 16.7876 -10.3071 4
      vertex 23 -17 4
      vertex 18.55 -8.35 4
    endloop
  endfacet
  facet normal 0 0 1
    outer loop
      vertex 19 21 4
      vertex 22.2766 19.2943 4
      vertex 22.0642 19.5712 4
    endloop
  endfacet
  facet normal -0 0 1
    outer loop
      vertex 16.7392 -10.4 4
      vertex 23 -17 4
      vertex 16.7876 -10.3071 4
    endloop
  endfacet
  facet normal 0 0 1
    outer loop
      vertex 19 21 4
      vertex 22.0642 19.5712 4
      vertex 21.8284 19.8284 4
    endloop
  endfacet
  facet normal -0 0 1
    outer loop
      vertex 16.683 -10.4883 4
      vertex 23 -17 4
      vertex 16.7392 -10.4 4
    endloop
  endfacet
  facet normal 0 0 1
    outer loop
      vertex 19 21 4
      vertex 21.8284 19.8284 4
      vertex 21.5712 20.0642 4
    endloop
  endfacet
  facet normal -0 0 1
    outer loop
      vertex 16.5485 -10.6485 4
      vertex 23 -17 4
      vertex 16.6192 -10.5713 4
    endloop
  endfacet
  facet normal 0 0 1
    outer loop
      vertex 19 21 4
      vertex 21.5712 20.0642 4
      vertex 21.2943 20.2766 4
    endloop
  endfacet
  facet normal -0 0 1
    outer loop
      vertex 16.4713 -10.7192 4
      vertex 23 -17 4
      vertex 16.5485 -10.6485 4
    endloop
  endfacet
  facet normal 0 0 1
    outer loop
      vertex 19 21 4
      vertex 21.2943 20.2766 4
      vertex 21 20.4641 4
    endloop
  endfacet
  facet normal -0 0 1
    outer loop
      vertex 16.3883 -10.783 4
      vertex 23 -17 4
      vertex 16.4713 -10.7192 4
    endloop
  endfacet
  facet normal 0 0 1
    outer loop
      vertex 19 21 4
      vertex 21 20.4641 4
      vertex 20.6905 20.6252 4
    endloop
  endfacet
  facet normal -0 0 1
    outer loop
      vertex 16.2071 -10.8876 4
      vertex 23 -17 4
      vertex 16.3 -10.8392 4
    endloop
  endfacet
  facet normal 0 0 1
    outer loop
      vertex 19 21 4
      vertex 20.6905 20.6252 4
      vertex 20.3681 20.7588 4
    endloop
  endfacet
  facet normal -0 0 1
    outer loop
      vertex 16.1104 -10.9276 4
      vertex 23 -17 4
      vertex 16.2071 -10.8876 4
    endloop
  endfacet
  facet normal 0 0 1
    outer loop
      vertex 19 21 4
      vertex 20.3681 20.7588 4
      vertex 20.0353 20.8637 4
    endloop
  endfacet
  facet normal 0 -0 1
    outer loop
      vertex 19 -21 4
      vertex 23 -17 4
      vertex 16.1104 -10.9276 4
    endloop
  endfacet
  facet normal 0 0 1
    outer loop
      vertex 23 -17 4
      vertex 19 -21 4
      vertex 22.9848 -17.3486 4
    endloop
  endfacet
  facet normal 0 0 1
    outer loop
      vertex 19 21 4
      vertex 20.0353 20.8637 4
      vertex 19.6946 20.9392 4
    endloop
  endfacet
  facet normal 0 0 1
    outer loop
      vertex 23 17 4
      vertex 19.6935 0.148165 4
      vertex 19.7 0 4
    endloop
  endfacet
  facet normal 0 0 1
    outer loop
      vertex 23 17 4
      vertex 19.6742 0.295201 4
      vertex 19.6935 0.148165 4
    endloop
  endfacet
  facet normal 0 0 1
    outer loop
      vertex 23 17 4
      vertex 19.6421 0.439992 4
      vertex 19.6742 0.295201 4
    endloop
  endfacet
  facet normal 0 0 1
    outer loop
      vertex 23 17 4
      vertex 18.55 8.35 4
      vertex 19.5975 0.581433 4
    endloop
  endfacet
  facet normal 0 0 1
    outer loop
      vertex 23 17 4
      vertex 19.5975 0.581433 4
      vertex 19.6421 0.439992 4
    endloop
  endfacet
  facet normal 0 0 1
    outer loop
      vertex 19.5975 0.581433 4
      vertex 18.55 8.35 4
      vertex 19.5407 0.718451 4
    endloop
  endfacet
  facet normal 0 0 1
    outer loop
      vertex 19.5407 0.718451 4
      vertex 18.55 8.35 4
      vertex 19.4722 0.849999 4
    endloop
  endfacet
  facet normal 0 0 1
    outer loop
      vertex 19 21 4
      vertex 19.6946 20.9392 4
      vertex 19.3486 20.9848 4
    endloop
  endfacet
  facet normal 0 0 1
    outer loop
      vertex 19.4722 0.849999 4
      vertex 18.55 8.35 4
      vertex 19.3926 0.97508 4
    endloop
  endfacet
  facet normal 0 0 1
    outer loop
      vertex 19.3926 0.97508 4
      vertex 18.55 8.35 4
      vertex 19.3023 1.09274 4
    endloop
  endfacet
  facet normal 0 0 1
    outer loop
      vertex 19.3023 1.09274 4
      vertex 18.55 8.35 4
      vertex 19.2021 1.20208 4
    endloop
  endfacet
  facet normal 0 0 1
    outer loop
      vertex 23 17 4
      vertex 19 21 4
      vertex 16.1104 10.9276 4
    endloop
  endfacet
  facet normal 0 0 1
    outer loop
      vertex 19.2021 1.20208 4
      vertex 18.55 8.35 4
      vertex 19.0927 1.30227 4
    endloop
  endfacet
  facet normal 0 0 1
    outer loop
      vertex 19.0927 1.30227 4
      vertex 18.55 8.35 4
      vertex 18.9751 1.39256 4
    endloop
  endfacet
  facet normal 0 0 1
    outer loop
      vertex 18.9751 1.39256 4
      vertex 18.55 8.35 4
      vertex 18.85 1.47224 4
    endloop
  endfacet
  facet normal 0 0 1
    outer loop
      vertex 18.85 1.47224 4
      vertex 18.55 8.35 4
      vertex 18.7185 1.54072 4
    endloop
  endfacet
  facet normal 0 0 1
    outer loop
      vertex 18.7185 1.54072 4
      vertex 18.55 8.35 4
      vertex 18.5814 1.59748 4
    endloop
  endfacet
  facet normal 0 0 1
    outer loop
      vertex 23 17 4
      vertex 16.7392 10.4 4
      vertex 16.7876 10.3071 4
    endloop
  endfacet
  facet normal 0 0 1
    outer loop
      vertex 18.55 8.35 4
      vertex 16.8954 9.90457 4
      vertex 16.9 9.79999 4
    endloop
  endfacet
  facet normal 0 0 1
    outer loop
      vertex 18.55 8.35 4
      vertex 16.8818 10.0084 4
      vertex 16.8954 9.90457 4
    endloop
  endfacet
  facet normal 0 0 1
    outer loop
      vertex 18.55 8.35 4
      vertex 16.8591 10.1106 4
      vertex 16.8818 10.0084 4
    endloop
  endfacet
  facet normal 0 0 1
    outer loop
      vertex 18.55 8.35 4
      vertex 16.8276 10.2104 4
      vertex 16.8591 10.1106 4
    endloop
  endfacet
  facet normal 0 0 1
    outer loop
      vertex 18.55 8.35 4
      vertex 16.7876 10.3071 4
      vertex 16.8276 10.2104 4
    endloop
  endfacet
  facet normal 0 0 1
    outer loop
      vertex 23 17 4
      vertex 16.7876 10.3071 4
      vertex 18.55 8.35 4
    endloop
  endfacet
  facet normal 0 0 1
    outer loop
      vertex 23 17 4
      vertex 16.683 10.4883 4
      vertex 16.7392 10.4 4
    endloop
  endfacet
  facet normal 0 0 1
    outer loop
      vertex 23 17 4
      vertex 16.6192 10.5713 4
      vertex 16.683 10.4883 4
    endloop
  endfacet
  facet normal 0 0 1
    outer loop
      vertex 23 17 4
      vertex 16.5485 10.6485 4
      vertex 16.6192 10.5713 4
    endloop
  endfacet
  facet normal 0 0 1
    outer loop
      vertex 23 17 4
      vertex 16.4713 10.7192 4
      vertex 16.5485 10.6485 4
    endloop
  endfacet
  facet normal 0 0 1
    outer loop
      vertex 23 17 4
      vertex 16.3883 10.783 4
      vertex 16.4713 10.7192 4
    endloop
  endfacet
  facet normal 0 0 1
    outer loop
      vertex 23 17 4
      vertex 16.3 10.8392 4
      vertex 16.3883 10.783 4
    endloop
  endfacet
  facet normal 0 0 1
    outer loop
      vertex 23 17 4
      vertex 16.2071 10.8876 4
      vertex 16.3 10.8392 4
    endloop
  endfacet
  facet normal 0 0 1
    outer loop
      vertex 23 17 4
      vertex 16.1104 10.9276 4
      vertex 16.2071 10.8876 4
    endloop
  endfacet
  facet normal 0 0 1
    outer loop
      vertex 19 21 4
      vertex 16.0106 10.9591 4
      vertex 16.1104 10.9276 4
    endloop
  endfacet
  facet normal 0 0 1
    outer loop
      vertex 19 21 4
      vertex 15.9084 10.9818 4
      vertex 16.0106 10.9591 4
    endloop
  endfacet
  facet normal 0 0 1
    outer loop
      vertex 19 21 4
      vertex 15.8046 10.9954 4
      vertex 15.9084 10.9818 4
    endloop
  endfacet
  facet normal 0 0 1
    outer loop
      vertex 19 21 4
      vertex 15.7 11 4
      vertex 15.8046 10.9954 4
    endloop
  endfacet
  facet normal 0 0 1
    outer loop
      vertex 19 21 4
      vertex 14.3 11 4
      vertex 15.7 11 4
    endloop
  endfacet
  facet normal 0 0 1
    outer loop
      vertex 19 21 4
      vertex 14.1954 10.9954 4
      vertex 14.3 11 4
    endloop
  endfacet
  facet normal 0 0 1
    outer loop
      vertex 19 21 4
      vertex 14.0916 10.9818 4
      vertex 14.1954 10.9954 4
    endloop
  endfacet
  facet normal 0 0 1
    outer loop
      vertex 19 21 4
      vertex 13.9894 10.9591 4
      vertex 14.0916 10.9818 4
    endloop
  endfacet
  facet normal 0 0 1
    outer loop
      vertex 19 21 4
      vertex 13.8896 10.9276 4
      vertex 13.9894 10.9591 4
    endloop
  endfacet
  facet normal 0 0 1
    outer loop
      vertex 19 21 4
      vertex 13.7929 10.8876 4
      vertex 13.8896 10.9276 4
    endloop
  endfacet
  facet normal 0 0 1
    outer loop
      vertex 19 21 4
      vertex 13.7 10.8392 4
      vertex 13.7929 10.8876 4
    endloop
  endfacet
  facet normal 0 0 1
    outer loop
      vertex 19 21 4
      vertex 13.6117 10.783 4
      vertex 13.7 10.8392 4
    endloop
  endfacet
  facet normal 0 0 1
    outer loop
      vertex 19 21 4
      vertex 13.5287 10.7192 4
      vertex 13.6117 10.783 4
    endloop
  endfacet
  facet normal 0 0 1
    outer loop
      vertex 19 21 4
      vertex 13.4515 10.6485 4
      vertex 13.5287 10.7192 4
    endloop
  endfacet
  facet normal 0 0 1
    outer loop
      vertex -13.4515 10.6485 4
      vertex 13.4515 10.6485 4
      vertex 19 21 4
    endloop
  endfacet
  facet normal 0 0 1
    outer loop
      vertex 13.4515 10.6485 4
      vertex -13.4515 10.6485 4
      vertex 13.3808 10.5713 4
    endloop
  endfacet
  facet normal 0 -0 1
    outer loop
      vertex -13.3808 10.5713 4
      vertex 13.3808 10.5713 4
      vertex -13.4515 10.6485 4
    endloop
  endfacet
  facet normal 0 0 1
    outer loop
      vertex 13.1 9.79999 4
      vertex 10 1.7 4
      vertex 13.1 1.7 4
    endloop
  endfacet
  facet normal 0 0 1
    outer loop
      vertex 8.90726 1.30227 4
      vertex 13.1 9.79999 4
      vertex 13.1046 9.90457 4
    endloop
  endfacet
  facet normal 0 0 1
    outer loop
      vertex -13.1046 9.90457 4
      vertex 13.1046 9.90457 4
      vertex 13.1182 10.0084 4
    endloop
  endfacet
  facet normal 0 0 1
    outer loop
      vertex -13.1182 10.0084 4
      vertex 13.1182 10.0084 4
      vertex 13.1409 10.1106 4
    endloop
  endfacet
  facet normal 0 0 1
    outer loop
      vertex -13.1409 10.1106 4
      vertex 13.1409 10.1106 4
      vertex 13.1724 10.2104 4
    endloop
  endfacet
  facet normal 0 0 1
    outer loop
      vertex 13.1 9.79999 4
      vertex 9.85183 1.69353 4
      vertex 10 1.7 4
    endloop
  endfacet
  facet normal 0 0 1
    outer loop
      vertex 13.1 9.79999 4
      vertex 9.7048 1.67417 4
      vertex 9.85183 1.69353 4
    endloop
  endfacet
  facet normal 0 0 1
    outer loop
      vertex 13.1 9.79999 4
      vertex 9.56001 1.64207 4
      vertex 9.7048 1.67417 4
    endloop
  endfacet
  facet normal 0 0 1
    outer loop
      vertex -13.1724 10.2104 4
      vertex 13.1724 10.2104 4
      vertex 13.2124 10.3071 4
    endloop
  endfacet
  facet normal 0 0 1
    outer loop
      vertex 13.1 9.79999 4
      vertex 9.41857 1.59748 4
      vertex 9.56001 1.64207 4
    endloop
  endfacet
  facet normal 0 0 1
    outer loop
      vertex 13.1 9.79999 4
      vertex 9.28155 1.54072 4
      vertex 9.41857 1.59748 4
    endloop
  endfacet
  facet normal 0 0 1
    outer loop
      vertex 13.1 9.79999 4
      vertex 9.15 1.47224 4
      vertex 9.28155 1.54072 4
    endloop
  endfacet
  facet normal 0 0 1
    outer loop
      vertex 13.1 9.79999 4
      vertex 9.02492 1.39256 4
      vertex 9.15 1.47224 4
    endloop
  endfacet
  facet normal 0 0 1
    outer loop
      vertex 13.1 9.79999 4
      vertex 8.90726 1.30227 4
      vertex 9.02492 1.39256 4
    endloop
  endfacet
  facet normal 0 0 1
    outer loop
      vertex 13.1046 9.90457 4
      vertex 8.79792 1.20208 4
      vertex 8.90726 1.30227 4
    endloop
  endfacet
  facet normal 0 0 1
    outer loop
      vertex 13.1046 9.90457 4
      vertex -8.79792 1.20208 4
      vertex 8.79792 1.20208 4
    endloop
  endfacet
  facet normal 0 0 1
    outer loop
      vertex 8.79792 1.20208 4
      vertex -8.79792 1.20208 4
      vertex 8.69772 1.09274 4
    endloop
  endfacet
  facet normal 0 -0 1
    outer loop
      vertex -8.69772 1.09274 4
      vertex 8.69772 1.09274 4
      vertex -8.79792 1.20208 4
    endloop
  endfacet
  facet normal 0 0 1
    outer loop
      vertex 8.69772 1.09274 4
      vertex -8.69772 1.09274 4
      vertex 8.60744 0.97508 4
    endloop
  endfacet
  facet normal 0 0 1
    outer loop
      vertex 8.30647 0.148165 4
      vertex -8.3 0 4
      vertex 8.3 0 4
    endloop
  endfacet
  facet normal 0 0 1
    outer loop
      vertex -8.30647 0.148165 4
      vertex 8.30647 0.148165 4
      vertex 8.32583 0.295201 4
    endloop
  endfacet
  facet normal 0 0 1
    outer loop
      vertex -8.32583 0.295201 4
      vertex 8.32583 0.295201 4
      vertex 8.35793 0.439992 4
    endloop
  endfacet
  facet normal 0 0 1
    outer loop
      vertex -8.35793 0.439992 4
      vertex 8.35793 0.439992 4
      vertex 8.40252 0.581433 4
    endloop
  endfacet
  facet normal 0 0 1
    outer loop
      vertex -8.40252 0.581433 4
      vertex 8.40252 0.581433 4
      vertex 8.45928 0.718451 4
    endloop
  endfacet
  facet normal 0 -0 1
    outer loop
      vertex -8.60744 0.97508 4
      vertex 8.60744 0.97508 4
      vertex -8.69772 1.09274 4
    endloop
  endfacet
  facet normal 0 0 1
    outer loop
      vertex -13.2124 10.3071 4
      vertex 13.2124 10.3071 4
      vertex 13.2608 10.4 4
    endloop
  endfacet
  facet normal 0 0 1
    outer loop
      vertex 13.3808 10.5713 4
      vertex -13.3808 10.5713 4
      vertex 13.317 10.4883 4
    endloop
  endfacet
  facet normal 0 0 1
    outer loop
      vertex 8.30647 0.148165 4
      vertex -8.30647 0.148165 4
      vertex -8.3 0 4
    endloop
  endfacet
  facet normal 0 0 1
    outer loop
      vertex 8.32583 0.295201 4
      vertex -8.32583 0.295201 4
      vertex -8.30647 0.148165 4
    endloop
  endfacet
  facet normal 0 0 1
    outer loop
      vertex 8.35793 0.439992 4
      vertex -8.35793 0.439992 4
      vertex -8.32583 0.295201 4
    endloop
  endfacet
  facet normal 0 0 1
    outer loop
      vertex 8.40252 0.581433 4
      vertex -8.40252 0.581433 4
      vertex -8.35793 0.439992 4
    endloop
  endfacet
  facet normal 0 0 1
    outer loop
      vertex 8.45928 0.718451 4
      vertex -8.45928 0.718451 4
      vertex -8.40252 0.581433 4
    endloop
  endfacet
  facet normal 0 0 1
    outer loop
      vertex 8.45928 0.718451 4
      vertex -8.52776 0.849999 4
      vertex -8.45928 0.718451 4
    endloop
  endfacet
  facet normal 0 0 1
    outer loop
      vertex 8.52776 0.849999 4
      vertex -8.52776 0.849999 4
      vertex 8.45928 0.718451 4
    endloop
  endfacet
  facet normal 0 -0 1
    outer loop
      vertex -8.52776 0.849999 4
      vertex 8.52776 0.849999 4
      vertex -8.60744 0.97508 4
    endloop
  endfacet
  facet normal 0 0 1
    outer loop
      vertex 8.60744 0.97508 4
      vertex -8.60744 0.97508 4
      vertex 8.52776 0.849999 4
    endloop
  endfacet
  facet normal 0 0 1
    outer loop
      vertex 13.1182 10.0084 4
      vertex -13.1182 10.0084 4
      vertex -13.1046 9.90457 4
    endloop
  endfacet
  facet normal 0 0 1
    outer loop
      vertex 13.1046 9.90457 4
      vertex -13.1046 9.90457 4
      vertex -8.79792 1.20208 4
    endloop
  endfacet
  facet normal 0 0 1
    outer loop
      vertex -8.79792 1.20208 4
      vertex -13.1046 9.90457 4
      vertex -8.90726 1.30227 4
    endloop
  endfacet
  facet normal -0 -0 1
    outer loop
      vertex -13.1 9.79999 4
      vertex -8.90726 1.30227 4
      vertex -13.1046 9.90457 4
    endloop
  endfacet
  facet normal 0 0 1
    outer loop
      vertex -8.90726 1.30227 4
      vertex -13.1 9.79999 4
      vertex -9.02492 1.39256 4
    endloop
  endfacet
  facet normal 0 0 1
    outer loop
      vertex -9.02492 1.39256 4
      vertex -13.1 9.79999 4
      vertex -9.15 1.47224 4
    endloop
  endfacet
  facet normal 0 0 1
    outer loop
      vertex -9.28155 1.54072 4
      vertex -13.1 9.79999 4
      vertex -9.41857 1.59748 4
    endloop
  endfacet
  facet normal 0 0 1
    outer loop
      vertex -9.41857 1.59748 4
      vertex -13.1 9.79999 4
      vertex -9.56001 1.64207 4
    endloop
  endfacet
  facet normal 0 0 1
    outer loop
      vertex -9.56001 1.64207 4
      vertex -13.1 9.79999 4
      vertex -9.7048 1.67417 4
    endloop
  endfacet
  facet normal 0 0 1
    outer loop
      vertex -9.7048 1.67417 4
      vertex -13.1 9.79999 4
      vertex -9.85183 1.69353 4
    endloop
  endfacet
  facet normal 0 0 1
    outer loop
      vertex -9.85183 1.69353 4
      vertex -13.1 9.79999 4
      vertex -10 1.7 4
    endloop
  endfacet
  facet normal 0 0 1
    outer loop
      vertex -9.15 1.47224 4
      vertex -13.1 9.79999 4
      vertex -9.28155 1.54072 4
    endloop
  endfacet
  facet normal 0 0 1
    outer loop
      vertex 13.1409 10.1106 4
      vertex -13.1409 10.1106 4
      vertex -13.1182 10.0084 4
    endloop
  endfacet
  facet normal 0 0 1
    outer loop
      vertex 13.1724 10.2104 4
      vertex -13.1724 10.2104 4
      vertex -13.1409 10.1106 4
    endloop
  endfacet
  facet normal 0 0 1
    outer loop
      vertex 13.2124 10.3071 4
      vertex -13.2124 10.3071 4
      vertex -13.1724 10.2104 4
    endloop
  endfacet
  facet normal 0 0 1
    outer loop
      vertex 13.2608 10.4 4
      vertex -13.2608 10.4 4
      vertex -13.2124 10.3071 4
    endloop
  endfacet
  facet normal 0 0 1
    outer loop
      vertex 13.2608 10.4 4
      vertex -13.317 10.4883 4
      vertex -13.2608 10.4 4
    endloop
  endfacet
  facet normal 0 0 1
    outer loop
      vertex 13.317 10.4883 4
      vertex -13.317 10.4883 4
      vertex 13.2608 10.4 4
    endloop
  endfacet
  facet normal 0 -0 1
    outer loop
      vertex -13.317 10.4883 4
      vertex 13.317 10.4883 4
      vertex -13.3808 10.5713 4
    endloop
  endfacet
  facet normal -0 0 1
    outer loop
      vertex -19 21 4
      vertex -13.4515 10.6485 4
      vertex 19 21 4
    endloop
  endfacet
  facet normal 0 0 1
    outer loop
      vertex -13.4515 10.6485 4
      vertex -19 21 4
      vertex -13.5287 10.7192 4
    endloop
  endfacet
  facet normal 0 0 1
    outer loop
      vertex -13.5287 10.7192 4
      vertex -19 21 4
      vertex -13.6117 10.783 4
    endloop
  endfacet
  facet normal 0 0 1
    outer loop
      vertex -13.6117 10.783 4
      vertex -19 21 4
      vertex -13.7 10.8392 4
    endloop
  endfacet
  facet normal 0 0 1
    outer loop
      vertex -13.7 10.8392 4
      vertex -19 21 4
      vertex -13.7929 10.8876 4
    endloop
  endfacet
  facet normal 0 0 1
    outer loop
      vertex -13.7929 10.8876 4
      vertex -19 21 4
      vertex -13.8896 10.9276 4
    endloop
  endfacet
  facet normal 0 0 1
    outer loop
      vertex -13.8896 10.9276 4
      vertex -19 21 4
      vertex -13.9894 10.9591 4
    endloop
  endfacet
  facet normal 0 0 1
    outer loop
      vertex -13.9894 10.9591 4
      vertex -19 21 4
      vertex -14.0916 10.9818 4
    endloop
  endfacet
  facet normal 0 0 1
    outer loop
      vertex -14.0916 10.9818 4
      vertex -19 21 4
      vertex -14.1954 10.9954 4
    endloop
  endfacet
  facet normal 0 0 1
    outer loop
      vertex -14.1954 10.9954 4
      vertex -19 21 4
      vertex -14.3 11 4
    endloop
  endfacet
  facet normal 0 0 1
    outer loop
      vertex -14.3 11 4
      vertex -19 21 4
      vertex -15.7 11 4
    endloop
  endfacet
  facet normal 0 0 1
    outer loop
      vertex -15.7 11 4
      vertex -19 21 4
      vertex -15.8046 10.9954 4
    endloop
  endfacet
  facet normal 0 0 1
    outer loop
      vertex -15.8046 10.9954 4
      vertex -19 21 4
      vertex -15.9084 10.9818 4
    endloop
  endfacet
  facet normal 0 0 1
    outer loop
      vertex -16.9 9.79999 4
      vertex -18.55 8.35 4
      vertex -16.9 8.35 4
    endloop
  endfacet
  facet normal 0 0 1
    outer loop
      vertex -16.8954 9.90457 4
      vertex -18.55 8.35 4
      vertex -16.9 9.79999 4
    endloop
  endfacet
  facet normal 0 0 1
    outer loop
      vertex -16.8818 10.0084 4
      vertex -18.55 8.35 4
      vertex -16.8954 9.90457 4
    endloop
  endfacet
  facet normal 0 0 1
    outer loop
      vertex -16.8591 10.1106 4
      vertex -18.55 8.35 4
      vertex -16.8818 10.0084 4
    endloop
  endfacet
  facet normal 0 0 1
    outer loop
      vertex -16.8276 10.2104 4
      vertex -18.55 8.35 4
      vertex -16.8591 10.1106 4
    endloop
  endfacet
  facet normal 0 0 1
    outer loop
      vertex -16.7876 10.3071 4
      vertex -18.55 8.35 4
      vertex -16.8276 10.2104 4
    endloop
  endfacet
  facet normal 0 0 1
    outer loop
      vertex -23 17 4
      vertex -16.7876 10.3071 4
      vertex -16.7392 10.4 4
    endloop
  endfacet
  facet normal 0 0 1
    outer loop
      vertex -23 17 4
      vertex -16.7392 10.4 4
      vertex -16.683 10.4883 4
    endloop
  endfacet
  facet normal 0 0 1
    outer loop
      vertex -23 17 4
      vertex -16.683 10.4883 4
      vertex -16.6192 10.5713 4
    endloop
  endfacet
  facet normal 0 0 1
    outer loop
      vertex -18.55 8.35 4
      vertex -18.5814 1.59748 4
      vertex -18.55 1.60739 4
    endloop
  endfacet
  facet normal 0 0 1
    outer loop
      vertex -18.55 8.35 4
      vertex -18.7185 1.54072 4
      vertex -18.5814 1.59748 4
    endloop
  endfacet
  facet normal 0 0 1
    outer loop
      vertex -18.55 8.35 4
      vertex -18.85 1.47224 4
      vertex -18.7185 1.54072 4
    endloop
  endfacet
  facet normal 0 0 1
    outer loop
      vertex -18.55 8.35 4
      vertex -18.9751 1.39256 4
      vertex -18.85 1.47224 4
    endloop
  endfacet
  facet normal 0 0 1
    outer loop
      vertex -15.9084 10.9818 4
      vertex -19 21 4
      vertex -16.0106 10.9591 4
    endloop
  endfacet
  facet normal 0 0 1
    outer loop
      vertex -19 21 4
      vertex -16.1104 10.9276 4
      vertex -16.0106 10.9591 4
    endloop
  endfacet
  facet normal -0 0 1
    outer loop
      vertex -23 17 4
      vertex -16.1104 10.9276 4
      vertex -19 21 4
    endloop
  endfacet
  facet normal 0 0 1
    outer loop
      vertex -16.1104 10.9276 4
      vertex -23 17 4
      vertex -16.2071 10.8876 4
    endloop
  endfacet
  facet normal 0 0 1
    outer loop
      vertex -16.2071 10.8876 4
      vertex -23 17 4
      vertex -16.3 10.8392 4
    endloop
  endfacet
  facet normal 0 0 1
    outer loop
      vertex -16.3 10.8392 4
      vertex -23 17 4
      vertex -16.3883 10.783 4
    endloop
  endfacet
  facet normal 0 0 1
    outer loop
      vertex -16.3883 10.783 4
      vertex -23 17 4
      vertex -16.4713 10.7192 4
    endloop
  endfacet
  facet normal 0 0 1
    outer loop
      vertex -16.4713 10.7192 4
      vertex -23 17 4
      vertex -16.5485 10.6485 4
    endloop
  endfacet
  facet normal 0 0 1
    outer loop
      vertex -16.5485 10.6485 4
      vertex -23 17 4
      vertex -16.6192 10.5713 4
    endloop
  endfacet
  facet normal 0 0 1
    outer loop
      vertex -16.7876 10.3071 4
      vertex -23 17 4
      vertex -18.55 8.35 4
    endloop
  endfacet
  facet normal 0 -0 1
    outer loop
      vertex -19.5407 0.718451 4
      vertex -18.55 8.35 4
      vertex -23 17 4
    endloop
  endfacet
  facet normal 0 0 1
    outer loop
      vertex -18.55 8.35 4
      vertex -19.0927 1.30227 4
      vertex -18.9751 1.39256 4
    endloop
  endfacet
  facet normal 0 0 1
    outer loop
      vertex -18.55 8.35 4
      vertex -19.2021 1.20208 4
      vertex -19.0927 1.30227 4
    endloop
  endfacet
  facet normal 0 0 1
    outer loop
      vertex -23 17 4
      vertex -19 21 4
      vertex -19.3486 20.9848 4
    endloop
  endfacet
  facet normal 0 0 1
    outer loop
      vertex -18.55 8.35 4
      vertex -19.3023 1.09274 4
      vertex -19.2021 1.20208 4
    endloop
  endfacet
  facet normal 0 0 1
    outer loop
      vertex -18.55 8.35 4
      vertex -19.3926 0.97508 4
      vertex -19.3023 1.09274 4
    endloop
  endfacet
  facet normal 0 0 1
    outer loop
      vertex -18.55 8.35 4
      vertex -19.4722 0.849999 4
      vertex -19.3926 0.97508 4
    endloop
  endfacet
  facet normal 0 0 1
    outer loop
      vertex -18.55 8.35 4
      vertex -19.5407 0.718451 4
      vertex -19.4722 0.849999 4
    endloop
  endfacet
  facet normal 0 0 1
    outer loop
      vertex -19.5407 0.718451 4
      vertex -23 17 4
      vertex -19.5975 0.581433 4
    endloop
  endfacet
  facet normal 0 0 1
    outer loop
      vertex -19.5975 0.581433 4
      vertex -23 17 4
      vertex -19.6421 0.439992 4
    endloop
  endfacet
  facet normal 0 0 1
    outer loop
      vertex -19.6421 0.439992 4
      vertex -23 17 4
      vertex -19.6742 0.295201 4
    endloop
  endfacet
  facet normal 0 0 1
    outer loop
      vertex -23 17 4
      vertex -19.3486 20.9848 4
      vertex -19.6946 20.9392 4
    endloop
  endfacet
  facet normal 0 0 1
    outer loop
      vertex -19.6742 0.295201 4
      vertex -23 17 4
      vertex -19.6935 0.148165 4
    endloop
  endfacet
  facet normal 0 0 1
    outer loop
      vertex -23 17 4
      vertex -19.6946 20.9392 4
      vertex -20.0353 20.8637 4
    endloop
  endfacet
  facet normal 0 0 1
    outer loop
      vertex 22.9848 -17.3486 4
      vertex 19 -21 4
      vertex 22.9392 -17.6946 4
    endloop
  endfacet
  facet normal 0 0 1
    outer loop
      vertex 22.8637 -18.0353 4
      vertex 19 -21 4
      vertex 22.7588 -18.3681 4
    endloop
  endfacet
  facet normal 0 0 1
    outer loop
      vertex 22.7588 -18.3681 4
      vertex 19 -21 4
      vertex 22.6252 -18.6905 4
    endloop
  endfacet
  facet normal 0 0 1
    outer loop
      vertex 22.6252 -18.6905 4
      vertex 19 -21 4
      vertex 22.4641 -19 4
    endloop
  endfacet
  facet normal -0 0 1
    outer loop
      vertex 16.3 -10.8392 4
      vertex 23 -17 4
      vertex 16.3883 -10.783 4
    endloop
  endfacet
  facet normal 0 0 1
    outer loop
      vertex 18.55 -8.35 4
      vertex 19.5975 -0.581433 4
      vertex 19.5407 -0.718451 4
    endloop
  endfacet
  facet normal 0 0 1
    outer loop
      vertex 18.55 -8.35 4
      vertex 19.5407 -0.718451 4
      vertex 19.4722 -0.849999 4
    endloop
  endfacet
  facet normal 0 0 1
    outer loop
      vertex 18.55 -8.35 4
      vertex 19.4722 -0.849999 4
      vertex 19.3926 -0.97508 4
    endloop
  endfacet
  facet normal 0 0 1
    outer loop
      vertex 22.4641 -19 4
      vertex 19 -21 4
      vertex 22.2766 -19.2943 4
    endloop
  endfacet
  facet normal 0 0 1
    outer loop
      vertex 18.55 -8.35 4
      vertex 19.3926 -0.97508 4
      vertex 19.3023 -1.09274 4
    endloop
  endfacet
  facet normal 0 0 1
    outer loop
      vertex 18.55 -8.35 4
      vertex 19.3023 -1.09274 4
      vertex 19.2021 -1.20208 4
    endloop
  endfacet
  facet normal 0 0 1
    outer loop
      vertex 18.55 -8.35 4
      vertex 19.2021 -1.20208 4
      vertex 19.0927 -1.30227 4
    endloop
  endfacet
  facet normal 0 0 1
    outer loop
      vertex 22.2766 -19.2943 4
      vertex 19 -21 4
      vertex 22.0642 -19.5712 4
    endloop
  endfacet
  facet normal 0 0 1
    outer loop
      vertex 18.55 -8.35 4
      vertex 19.0927 -1.30227 4
      vertex 18.9751 -1.39256 4
    endloop
  endfacet
  facet normal 0 0 1
    outer loop
      vertex 18.55 -8.35 4
      vertex 18.9751 -1.39256 4
      vertex 18.85 -1.47224 4
    endloop
  endfacet
  facet normal 0 0 1
    outer loop
      vertex 18.55 -8.35 4
      vertex 18.85 -1.47224 4
      vertex 18.7185 -1.54072 4
    endloop
  endfacet
  facet normal 0 0 1
    outer loop
      vertex 18.55 -8.35 4
      vertex 18.7185 -1.54072 4
      vertex 18.5814 -1.59748 4
    endloop
  endfacet
  facet normal 0 0 1
    outer loop
      vertex 18.55 -8.35 4
      vertex 18.5814 -1.59748 4
      vertex 18.55 -1.60739 4
    endloop
  endfacet
  facet normal 0 0 1
    outer loop
      vertex 22.0642 -19.5712 4
      vertex 19 -21 4
      vertex 21.8284 -19.8284 4
    endloop
  endfacet
  facet normal 0 0 1
    outer loop
      vertex 16.9 -9.79999 4
      vertex 18.55 -8.35 4
      vertex 16.9 -8.35 4
    endloop
  endfacet
  facet normal 0 0 1
    outer loop
      vertex 16.8954 -9.90457 4
      vertex 18.55 -8.35 4
      vertex 16.9 -9.79999 4
    endloop
  endfacet
  facet normal 0 0 1
    outer loop
      vertex 16.8818 -10.0084 4
      vertex 18.55 -8.35 4
      vertex 16.8954 -9.90457 4
    endloop
  endfacet
  facet normal 0 0 1
    outer loop
      vertex 16.8591 -10.1106 4
      vertex 18.55 -8.35 4
      vertex 16.8818 -10.0084 4
    endloop
  endfacet
  facet normal 0 0 1
    outer loop
      vertex 16.8276 -10.2104 4
      vertex 18.55 -8.35 4
      vertex 16.8591 -10.1106 4
    endloop
  endfacet
  facet normal 0 0 1
    outer loop
      vertex 16.7876 -10.3071 4
      vertex 18.55 -8.35 4
      vertex 16.8276 -10.2104 4
    endloop
  endfacet
  facet normal -0 0 1
    outer loop
      vertex 16.6192 -10.5713 4
      vertex 23 -17 4
      vertex 16.683 -10.4883 4
    endloop
  endfacet
  facet normal 0 0 1
    outer loop
      vertex 21.8284 -19.8284 4
      vertex 19 -21 4
      vertex 21.5712 -20.0642 4
    endloop
  endfacet
  facet normal 0 0 1
    outer loop
      vertex 21.5712 -20.0642 4
      vertex 19 -21 4
      vertex 21.2943 -20.2766 4
    endloop
  endfacet
  facet normal 0 0 1
    outer loop
      vertex 21 -20.4641 4
      vertex 19 -21 4
      vertex 20.6905 -20.6252 4
    endloop
  endfacet
  facet normal 0 0 1
    outer loop
      vertex 20.6905 -20.6252 4
      vertex 19 -21 4
      vertex 20.3681 -20.7588 4
    endloop
  endfacet
  facet normal 0 0 1
    outer loop
      vertex 20.3681 -20.7588 4
      vertex 19 -21 4
      vertex 20.0353 -20.8637 4
    endloop
  endfacet
  facet normal 0 0 1
    outer loop
      vertex 20.0353 -20.8637 4
      vertex 19 -21 4
      vertex 19.6946 -20.9392 4
    endloop
  endfacet
  facet normal 0 0 1
    outer loop
      vertex 19.6946 -20.9392 4
      vertex 19 -21 4
      vertex 19.3486 -20.9848 4
    endloop
  endfacet
  facet normal 0 0 1
    outer loop
      vertex 21.2943 -20.2766 4
      vertex 19 -21 4
      vertex 21 -20.4641 4
    endloop
  endfacet
  facet normal 0 0 1
    outer loop
      vertex 22.9392 -17.6946 4
      vertex 19 -21 4
      vertex 22.8637 -18.0353 4
    endloop
  endfacet
  facet normal -0 0 1
    outer loop
      vertex 16.0106 -10.9591 4
      vertex 19 -21 4
      vertex 16.1104 -10.9276 4
    endloop
  endfacet
  facet normal -0 0 1
    outer loop
      vertex 15.9084 -10.9818 4
      vertex 19 -21 4
      vertex 16.0106 -10.9591 4
    endloop
  endfacet
  facet normal -0 0 1
    outer loop
      vertex 15.8046 -10.9954 4
      vertex 19 -21 4
      vertex 15.9084 -10.9818 4
    endloop
  endfacet
  facet normal -0 0 1
    outer loop
      vertex 15.7 -11 4
      vertex 19 -21 4
      vertex 15.8046 -10.9954 4
    endloop
  endfacet
  facet normal -0 0 1
    outer loop
      vertex 14.3 -11 4
      vertex 19 -21 4
      vertex 15.7 -11 4
    endloop
  endfacet
  facet normal 0 0 1
    outer loop
      vertex 14.1954 -10.9954 4
      vertex 19 -21 4
      vertex 14.3 -11 4
    endloop
  endfacet
  facet normal 0 0 1
    outer loop
      vertex 14.0916 -10.9818 4
      vertex 19 -21 4
      vertex 14.1954 -10.9954 4
    endloop
  endfacet
  facet normal 0 0 1
    outer loop
      vertex 13.9894 -10.9591 4
      vertex 19 -21 4
      vertex 14.0916 -10.9818 4
    endloop
  endfacet
  facet normal 0 0 1
    outer loop
      vertex 13.8896 -10.9276 4
      vertex 19 -21 4
      vertex 13.9894 -10.9591 4
    endloop
  endfacet
  facet normal 0 0 1
    outer loop
      vertex 13.7929 -10.8876 4
      vertex 19 -21 4
      vertex 13.8896 -10.9276 4
    endloop
  endfacet
  facet normal 0 0 1
    outer loop
      vertex 13.7 -10.8392 4
      vertex 19 -21 4
      vertex 13.7929 -10.8876 4
    endloop
  endfacet
  facet normal 0 0 1
    outer loop
      vertex 13.6117 -10.783 4
      vertex 19 -21 4
      vertex 13.7 -10.8392 4
    endloop
  endfacet
  facet normal 0 0 1
    outer loop
      vertex 13.5287 -10.7192 4
      vertex 19 -21 4
      vertex 13.6117 -10.783 4
    endloop
  endfacet
  facet normal 0 0 1
    outer loop
      vertex 13.4515 -10.6485 4
      vertex 19 -21 4
      vertex 13.5287 -10.7192 4
    endloop
  endfacet
  facet normal 0 0 1
    outer loop
      vertex -13.4515 -10.6485 4
      vertex 13.4515 -10.6485 4
      vertex 13.3808 -10.5713 4
    endloop
  endfacet
  facet normal 0 0 1
    outer loop
      vertex -13.3808 -10.5713 4
      vertex 13.3808 -10.5713 4
      vertex 13.317 -10.4883 4
    endloop
  endfacet
  facet normal 0 0 1
    outer loop
      vertex -13.317 -10.4883 4
      vertex 13.317 -10.4883 4
      vertex 13.2608 -10.4 4
    endloop
  endfacet
  facet normal 0 0 1
    outer loop
      vertex 9.85183 -1.69353 4
      vertex 13.1 -9.79999 4
      vertex 10 -1.7 4
    endloop
  endfacet
  facet normal 0 0 1
    outer loop
      vertex 9.7048 -1.67417 4
      vertex 13.1 -9.79999 4
      vertex 9.85183 -1.69353 4
    endloop
  endfacet
  facet normal 0 0 1
    outer loop
      vertex 9.56001 -1.64207 4
      vertex 13.1 -9.79999 4
      vertex 9.7048 -1.67417 4
    endloop
  endfacet
  facet normal 0 0 1
    outer loop
      vertex 9.41857 -1.59748 4
      vertex 13.1 -9.79999 4
      vertex 9.56001 -1.64207 4
    endloop
  endfacet
  facet normal 0 0 1
    outer loop
      vertex 9.28155 -1.54072 4
      vertex 13.1 -9.79999 4
      vertex 9.41857 -1.59748 4
    endloop
  endfacet
  facet normal 0 0 1
    outer loop
      vertex 9.15 -1.47224 4
      vertex 13.1 -9.79999 4
      vertex 9.28155 -1.54072 4
    endloop
  endfacet
  facet normal 0 0 1
    outer loop
      vertex 9.02492 -1.39256 4
      vertex 13.1 -9.79999 4
      vertex 9.15 -1.47224 4
    endloop
  endfacet
  facet normal 0 0 1
    outer loop
      vertex 8.90726 -1.30227 4
      vertex 13.1 -9.79999 4
      vertex 9.02492 -1.39256 4
    endloop
  endfacet
  facet normal 0 0 1
    outer loop
      vertex 13.1 -9.79999 4
      vertex 8.90726 -1.30227 4
      vertex 13.1046 -9.90457 4
    endloop
  endfacet
  facet normal 0 0 1
    outer loop
      vertex 8.79792 -1.20208 4
      vertex 13.1046 -9.90457 4
      vertex 8.90726 -1.30227 4
    endloop
  endfacet
  facet normal -0 0 1
    outer loop
      vertex -8.79792 -1.20208 4
      vertex 13.1046 -9.90457 4
      vertex 8.79792 -1.20208 4
    endloop
  endfacet
  facet normal 0 0 1
    outer loop
      vertex -13.1046 -9.90457 4
      vertex 13.1046 -9.90457 4
      vertex -8.79792 -1.20208 4
    endloop
  endfacet
  facet normal 0 0 1
    outer loop
      vertex 13.1046 -9.90457 4
      vertex -13.1046 -9.90457 4
      vertex 13.1182 -10.0084 4
    endloop
  endfacet
  facet normal 0 0 1
    outer loop
      vertex -13.1182 -10.0084 4
      vertex 13.1182 -10.0084 4
      vertex -13.1046 -9.90457 4
    endloop
  endfacet
  facet normal 0 0 1
    outer loop
      vertex -8.79792 -1.20208 4
      vertex 8.79792 -1.20208 4
      vertex 8.69772 -1.09274 4
    endloop
  endfacet
  facet normal 0 0 1
    outer loop
      vertex -8.69772 -1.09274 4
      vertex 8.69772 -1.09274 4
      vertex 8.60744 -0.97508 4
    endloop
  endfacet
  facet normal 0 0 1
    outer loop
      vertex -8.60744 -0.97508 4
      vertex 8.60744 -0.97508 4
      vertex 8.52776 -0.849999 4
    endloop
  endfacet
  facet normal 0 0 1
    outer loop
      vertex -8.52776 -0.849999 4
      vertex 8.52776 -0.849999 4
      vertex 8.45928 -0.718451 4
    endloop
  endfacet
  facet normal -0 0 1
    outer loop
      vertex -8.3 0 4
      vertex 8.30647 -0.148165 4
      vertex 8.3 0 4
    endloop
  endfacet
  facet normal 0 0 1
    outer loop
      vertex -8.30647 -0.148165 4
      vertex 8.30647 -0.148165 4
      vertex -8.3 0 4
    endloop
  endfacet
  facet normal 0 0 1
    outer loop
      vertex 8.30647 -0.148165 4
      vertex -8.30647 -0.148165 4
      vertex 8.32583 -0.295201 4
    endloop
  endfacet
  facet normal 0 0 1
    outer loop
      vertex -8.32583 -0.295201 4
      vertex 8.32583 -0.295201 4
      vertex -8.30647 -0.148165 4
    endloop
  endfacet
  facet normal 0 0 1
    outer loop
      vertex 8.32583 -0.295201 4
      vertex -8.32583 -0.295201 4
      vertex 8.35793 -0.439992 4
    endloop
  endfacet
  facet normal 0 0 1
    outer loop
      vertex -8.35793 -0.439992 4
      vertex 8.35793 -0.439992 4
      vertex -8.32583 -0.295201 4
    endloop
  endfacet
  facet normal 0 0 1
    outer loop
      vertex 8.35793 -0.439992 4
      vertex -8.35793 -0.439992 4
      vertex 8.40252 -0.581433 4
    endloop
  endfacet
  facet normal 0 0 1
    outer loop
      vertex -8.40252 -0.581433 4
      vertex 8.40252 -0.581433 4
      vertex -8.35793 -0.439992 4
    endloop
  endfacet
  facet normal 0 0 1
    outer loop
      vertex 8.40252 -0.581433 4
      vertex -8.40252 -0.581433 4
      vertex 8.45928 -0.718451 4
    endloop
  endfacet
  facet normal 0 0 1
    outer loop
      vertex -8.45928 -0.718451 4
      vertex 8.45928 -0.718451 4
      vertex -8.40252 -0.581433 4
    endloop
  endfacet
  facet normal 0 0 1
    outer loop
      vertex -8.52776 -0.849999 4
      vertex 8.45928 -0.718451 4
      vertex -8.45928 -0.718451 4
    endloop
  endfacet
  facet normal 0 0 1
    outer loop
      vertex 8.52776 -0.849999 4
      vertex -8.52776 -0.849999 4
      vertex -8.60744 -0.97508 4
    endloop
  endfacet
  facet normal 0 0 1
    outer loop
      vertex 8.60744 -0.97508 4
      vertex -8.60744 -0.97508 4
      vertex -8.69772 -1.09274 4
    endloop
  endfacet
  facet normal 0 0 1
    outer loop
      vertex 8.69772 -1.09274 4
      vertex -8.69772 -1.09274 4
      vertex -8.79792 -1.20208 4
    endloop
  endfacet
  facet normal 0 0 1
    outer loop
      vertex 13.1182 -10.0084 4
      vertex -13.1182 -10.0084 4
      vertex 13.1409 -10.1106 4
    endloop
  endfacet
  facet normal 0 0 1
    outer loop
      vertex -13.1409 -10.1106 4
      vertex 13.1409 -10.1106 4
      vertex -13.1182 -10.0084 4
    endloop
  endfacet
  facet normal 0 0 1
    outer loop
      vertex 13.1409 -10.1106 4
      vertex -13.1409 -10.1106 4
      vertex 13.1724 -10.2104 4
    endloop
  endfacet
  facet normal 0 0 1
    outer loop
      vertex -13.1046 -9.90457 4
      vertex -8.79792 -1.20208 4
      vertex -8.90726 -1.30227 4
    endloop
  endfacet
  facet normal 0 0 1
    outer loop
      vertex -13.1 -9.79999 4
      vertex -8.90726 -1.30227 4
      vertex -9.02492 -1.39256 4
    endloop
  endfacet
  facet normal 0 0 1
    outer loop
      vertex -13.1 -9.79999 4
      vertex -9.02492 -1.39256 4
      vertex -9.15 -1.47224 4
    endloop
  endfacet
  facet normal 0 0 1
    outer loop
      vertex -13.1 -9.79999 4
      vertex -9.15 -1.47224 4
      vertex -9.28155 -1.54072 4
    endloop
  endfacet
  facet normal 0 0 1
    outer loop
      vertex -13.1 -9.79999 4
      vertex -9.28155 -1.54072 4
      vertex -9.41857 -1.59748 4
    endloop
  endfacet
  facet normal 0 0 1
    outer loop
      vertex -13.1 -9.79999 4
      vertex -9.41857 -1.59748 4
      vertex -9.56001 -1.64207 4
    endloop
  endfacet
  facet normal 0 0 1
    outer loop
      vertex -13.1 -9.79999 4
      vertex -9.56001 -1.64207 4
      vertex -9.7048 -1.67417 4
    endloop
  endfacet
  facet normal 0 0 1
    outer loop
      vertex -13.1 -9.79999 4
      vertex -9.7048 -1.67417 4
      vertex -9.85183 -1.69353 4
    endloop
  endfacet
  facet normal 0 0 1
    outer loop
      vertex -13.1 -9.79999 4
      vertex -9.85183 -1.69353 4
      vertex -10 -1.7 4
    endloop
  endfacet
  facet normal 0 0 1
    outer loop
      vertex -13.1 -9.79999 4
      vertex -10 -1.7 4
      vertex -13.1 -1.7 4
    endloop
  endfacet
  facet normal 0 0 1
    outer loop
      vertex -8.90726 -1.30227 4
      vertex -13.1 -9.79999 4
      vertex -13.1046 -9.90457 4
    endloop
  endfacet
  facet normal 0 0 1
    outer loop
      vertex -13.1724 -10.2104 4
      vertex 13.1724 -10.2104 4
      vertex -13.1409 -10.1106 4
    endloop
  endfacet
  facet normal 0 0 1
    outer loop
      vertex 13.1724 -10.2104 4
      vertex -13.1724 -10.2104 4
      vertex 13.2124 -10.3071 4
    endloop
  endfacet
  facet normal 0 0 1
    outer loop
      vertex -13.2124 -10.3071 4
      vertex 13.2124 -10.3071 4
      vertex -13.1724 -10.2104 4
    endloop
  endfacet
  facet normal 0 0 1
    outer loop
      vertex 13.2124 -10.3071 4
      vertex -13.2124 -10.3071 4
      vertex 13.2608 -10.4 4
    endloop
  endfacet
  facet normal 0 0 1
    outer loop
      vertex -13.2608 -10.4 4
      vertex 13.2608 -10.4 4
      vertex -13.2124 -10.3071 4
    endloop
  endfacet
  facet normal 0 0 1
    outer loop
      vertex -13.317 -10.4883 4
      vertex 13.2608 -10.4 4
      vertex -13.2608 -10.4 4
    endloop
  endfacet
  facet normal 0 0 1
    outer loop
      vertex 13.317 -10.4883 4
      vertex -13.317 -10.4883 4
      vertex -13.3808 -10.5713 4
    endloop
  endfacet
  facet normal 0 0 1
    outer loop
      vertex 13.3808 -10.5713 4
      vertex -13.3808 -10.5713 4
      vertex -13.4515 -10.6485 4
    endloop
  endfacet
  facet normal 0 0 1
    outer loop
      vertex 13.4515 -10.6485 4
      vertex -13.4515 -10.6485 4
      vertex 19 -21 4
    endloop
  endfacet
  facet normal 0 0 1
    outer loop
      vertex -19 -21 4
      vertex -13.4515 -10.6485 4
      vertex -13.5287 -10.7192 4
    endloop
  endfacet
  facet normal 0 0 1
    outer loop
      vertex -19 -21 4
      vertex -13.5287 -10.7192 4
      vertex -13.6117 -10.783 4
    endloop
  endfacet
  facet normal 0 0 1
    outer loop
      vertex -19 -21 4
      vertex -13.6117 -10.783 4
      vertex -13.7 -10.8392 4
    endloop
  endfacet
  facet normal 0 0 1
    outer loop
      vertex -19 -21 4
      vertex -13.7 -10.8392 4
      vertex -13.7929 -10.8876 4
    endloop
  endfacet
  facet normal 0 0 1
    outer loop
      vertex -19 -21 4
      vertex -13.7929 -10.8876 4
      vertex -13.8896 -10.9276 4
    endloop
  endfacet
  facet normal 0 0 1
    outer loop
      vertex -19 -21 4
      vertex -13.8896 -10.9276 4
      vertex -13.9894 -10.9591 4
    endloop
  endfacet
  facet normal 0 0 1
    outer loop
      vertex -19 -21 4
      vertex -13.9894 -10.9591 4
      vertex -14.0916 -10.9818 4
    endloop
  endfacet
  facet normal 0 0 1
    outer loop
      vertex -19 -21 4
      vertex -14.0916 -10.9818 4
      vertex -14.1954 -10.9954 4
    endloop
  endfacet
  facet normal 0 0 1
    outer loop
      vertex -19 -21 4
      vertex -14.1954 -10.9954 4
      vertex -14.3 -11 4
    endloop
  endfacet
  facet normal 0 0 1
    outer loop
      vertex -19 -21 4
      vertex -14.3 -11 4
      vertex -15.7 -11 4
    endloop
  endfacet
  facet normal 0 0 1
    outer loop
      vertex -19 -21 4
      vertex -15.7 -11 4
      vertex -15.8046 -10.9954 4
    endloop
  endfacet
  facet normal 0 0 1
    outer loop
      vertex -19 -21 4
      vertex -15.8046 -10.9954 4
      vertex -15.9084 -10.9818 4
    endloop
  endfacet
  facet normal 0 0 1
    outer loop
      vertex -19 -21 4
      vertex -15.9084 -10.9818 4
      vertex -16.0106 -10.9591 4
    endloop
  endfacet
  facet normal 0 0 1
    outer loop
      vertex -18.55 -8.35 4
      vertex -16.8954 -9.90457 4
      vertex -16.9 -9.79999 4
    endloop
  endfacet
  facet normal 0 0 1
    outer loop
      vertex -18.55 -8.35 4
      vertex -16.8818 -10.0084 4
      vertex -16.8954 -9.90457 4
    endloop
  endfacet
  facet normal 0 0 1
    outer loop
      vertex -18.55 -8.35 4
      vertex -16.8591 -10.1106 4
      vertex -16.8818 -10.0084 4
    endloop
  endfacet
  facet normal 0 0 1
    outer loop
      vertex -18.55 -8.35 4
      vertex -16.8276 -10.2104 4
      vertex -16.8591 -10.1106 4
    endloop
  endfacet
  facet normal 0 0 1
    outer loop
      vertex -18.55 -8.35 4
      vertex -16.7876 -10.3071 4
      vertex -16.8276 -10.2104 4
    endloop
  endfacet
  facet normal 0 0 1
    outer loop
      vertex -23 -17 4
      vertex -16.7876 -10.3071 4
      vertex -18.55 -8.35 4
    endloop
  endfacet
  facet normal 0 0 1
    outer loop
      vertex -16.7876 -10.3071 4
      vertex -23 -17 4
      vertex -16.7392 -10.4 4
    endloop
  endfacet
  facet normal 0 0 1
    outer loop
      vertex -16.7392 -10.4 4
      vertex -23 -17 4
      vertex -16.683 -10.4883 4
    endloop
  endfacet
  facet normal 0 0 1
    outer loop
      vertex -18.7185 -1.54072 4
      vertex -18.55 -8.35 4
      vertex -18.5814 -1.59748 4
    endloop
  endfacet
  facet normal 0 0 1
    outer loop
      vertex -18.85 -1.47224 4
      vertex -18.55 -8.35 4
      vertex -18.7185 -1.54072 4
    endloop
  endfacet
  facet normal 0 0 1
    outer loop
      vertex -18.9751 -1.39256 4
      vertex -18.55 -8.35 4
      vertex -18.85 -1.47224 4
    endloop
  endfacet
  facet normal 0 0 1
    outer loop
      vertex -13.4515 -10.6485 4
      vertex -19 -21 4
      vertex 19 -21 4
    endloop
  endfacet
  facet normal 0 0 1
    outer loop
      vertex -16.1104 -10.9276 4
      vertex -19 -21 4
      vertex -16.0106 -10.9591 4
    endloop
  endfacet
  facet normal 0 0 1
    outer loop
      vertex -23 -17 4
      vertex -16.1104 -10.9276 4
      vertex -16.2071 -10.8876 4
    endloop
  endfacet
  facet normal 0 0 1
    outer loop
      vertex -23 -17 4
      vertex -16.2071 -10.8876 4
      vertex -16.3 -10.8392 4
    endloop
  endfacet
  facet normal 0 0 1
    outer loop
      vertex -23 -17 4
      vertex -16.3 -10.8392 4
      vertex -16.3883 -10.783 4
    endloop
  endfacet
  facet normal 0 0 1
    outer loop
      vertex -23 -17 4
      vertex -16.3883 -10.783 4
      vertex -16.4713 -10.7192 4
    endloop
  endfacet
  facet normal 0 0 1
    outer loop
      vertex -23 -17 4
      vertex -16.4713 -10.7192 4
      vertex -16.5485 -10.6485 4
    endloop
  endfacet
  facet normal 0 0 1
    outer loop
      vertex -23 -17 4
      vertex -16.5485 -10.6485 4
      vertex -16.6192 -10.5713 4
    endloop
  endfacet
  facet normal 0 0 1
    outer loop
      vertex -16.683 -10.4883 4
      vertex -23 -17 4
      vertex -16.6192 -10.5713 4
    endloop
  endfacet
  facet normal 0 0 1
    outer loop
      vertex -19.0927 -1.30227 4
      vertex -18.55 -8.35 4
      vertex -18.9751 -1.39256 4
    endloop
  endfacet
  facet normal 0 0 1
    outer loop
      vertex -19.2021 -1.20208 4
      vertex -18.55 -8.35 4
      vertex -19.0927 -1.30227 4
    endloop
  endfacet
  facet normal 0 0 1
    outer loop
      vertex -19.3023 -1.09274 4
      vertex -18.55 -8.35 4
      vertex -19.2021 -1.20208 4
    endloop
  endfacet
  facet normal 0 0 1
    outer loop
      vertex -19.3926 -0.97508 4
      vertex -18.55 -8.35 4
      vertex -19.3023 -1.09274 4
    endloop
  endfacet
  facet normal 0 0 1
    outer loop
      vertex -16.1104 -10.9276 4
      vertex -23 -17 4
      vertex -19 -21 4
    endloop
  endfacet
  facet normal 0 0 1
    outer loop
      vertex -19.4722 -0.849999 4
      vertex -18.55 -8.35 4
      vertex -19.3926 -0.97508 4
    endloop
  endfacet
  facet normal 0 0 1
    outer loop
      vertex -19.5407 -0.718451 4
      vertex -18.55 -8.35 4
      vertex -19.4722 -0.849999 4
    endloop
  endfacet
  facet normal 0 0 1
    outer loop
      vertex -18.55 -8.35 4
      vertex -19.5407 -0.718451 4
      vertex -23 -17 4
    endloop
  endfacet
  facet normal 0 0 1
    outer loop
      vertex -23 -17 4
      vertex -19.5407 -0.718451 4
      vertex -19.5975 -0.581433 4
    endloop
  endfacet
  facet normal 0 0 1
    outer loop
      vertex -23 -17 4
      vertex -19.5975 -0.581433 4
      vertex -19.6421 -0.439992 4
    endloop
  endfacet
  facet normal 0 0 1
    outer loop
      vertex -23 -17 4
      vertex -19.6421 -0.439992 4
      vertex -19.6742 -0.295201 4
    endloop
  endfacet
  facet normal 0 0 1
    outer loop
      vertex -23 -17 4
      vertex -19.6742 -0.295201 4
      vertex -19.6935 -0.148165 4
    endloop
  endfacet
  facet normal 0 0 1
    outer loop
      vertex -19 -21 4
      vertex -23 -17 4
      vertex -19.3486 -20.9848 4
    endloop
  endfacet
  facet normal 0 0 1
    outer loop
      vertex -23 -17 4
      vertex -19.6935 -0.148165 4
      vertex -19.7 0 4
    endloop
  endfacet
  facet normal 0 0 1
    outer loop
      vertex -19.6935 0.148165 4
      vertex -23 17 4
      vertex -19.7 0 4
    endloop
  endfacet
  facet normal 0 0 1
    outer loop
      vertex -23 -17 4
      vertex -19.7 0 4
      vertex -23 17 4
    endloop
  endfacet
  facet normal 0 0 1
    outer loop
      vertex -23 17 4
      vertex -20.0353 20.8637 4
      vertex -20.3681 20.7588 4
    endloop
  endfacet
  facet normal 0 0 1
    outer loop
      vertex -19.3486 -20.9848 4
      vertex -23 -17 4
      vertex -19.6946 -20.9392 4
    endloop
  endfacet
  facet normal 0 0 1
    outer loop
      vertex -23 17 4
      vertex -20.3681 20.7588 4
      vertex -20.6905 20.6252 4
    endloop
  endfacet
  facet normal 0 0 1
    outer loop
      vertex -19.6946 -20.9392 4
      vertex -23 -17 4
      vertex -20.0353 -20.8637 4
    endloop
  endfacet
  facet normal 0 0 1
    outer loop
      vertex -23 17 4
      vertex -20.6905 20.6252 4
      vertex -21 20.4641 4
    endloop
  endfacet
  facet normal 0 0 1
    outer loop
      vertex -20.0353 -20.8637 4
      vertex -23 -17 4
      vertex -20.3681 -20.7588 4
    endloop
  endfacet
  facet normal 0 0 1
    outer loop
      vertex -23 17 4
      vertex -21 20.4641 4
      vertex -21.2943 20.2766 4
    endloop
  endfacet
  facet normal 0 0 1
    outer loop
      vertex -20.3681 -20.7588 4
      vertex -23 -17 4
      vertex -20.6905 -20.6252 4
    endloop
  endfacet
  facet normal 0 0 1
    outer loop
      vertex -23 17 4
      vertex -21.2943 20.2766 4
      vertex -21.5712 20.0642 4
    endloop
  endfacet
  facet normal 0 0 1
    outer loop
      vertex -20.6905 -20.6252 4
      vertex -23 -17 4
      vertex -21 -20.4641 4
    endloop
  endfacet
  facet normal 0 0 1
    outer loop
      vertex -23 17 4
      vertex -21.5712 20.0642 4
      vertex -21.8284 19.8284 4
    endloop
  endfacet
  facet normal 0 0 1
    outer loop
      vertex -21 -20.4641 4
      vertex -23 -17 4
      vertex -21.2943 -20.2766 4
    endloop
  endfacet
  facet normal 0 0 1
    outer loop
      vertex -23 17 4
      vertex -21.8284 19.8284 4
      vertex -22.0642 19.5712 4
    endloop
  endfacet
  facet normal 0 0 1
    outer loop
      vertex -21.2943 -20.2766 4
      vertex -23 -17 4
      vertex -21.5712 -20.0642 4
    endloop
  endfacet
  facet normal 0 0 1
    outer loop
      vertex -23 17 4
      vertex -22.0642 19.5712 4
      vertex -22.2766 19.2943 4
    endloop
  endfacet
  facet normal 0 0 1
    outer loop
      vertex -21.5712 -20.0642 4
      vertex -23 -17 4
      vertex -21.8284 -19.8284 4
    endloop
  endfacet
  facet normal 0 0 1
    outer loop
      vertex -23 17 4
      vertex -22.2766 19.2943 4
      vertex -22.4641 19 4
    endloop
  endfacet
  facet normal 0 0 1
    outer loop
      vertex -21.8284 -19.8284 4
      vertex -23 -17 4
      vertex -22.0642 -19.5712 4
    endloop
  endfacet
  facet normal 0 0 1
    outer loop
      vertex -23 17 4
      vertex -22.4641 19 4
      vertex -22.6252 18.6905 4
    endloop
  endfacet
  facet normal 0 0 1
    outer loop
      vertex -22.0642 -19.5712 4
      vertex -23 -17 4
      vertex -22.2766 -19.2943 4
    endloop
  endfacet
  facet normal 0 0 1
    outer loop
      vertex -23 17 4
      vertex -22.6252 18.6905 4
      vertex -22.7588 18.3681 4
    endloop
  endfacet
  facet normal 0 0 1
    outer loop
      vertex -22.2766 -19.2943 4
      vertex -23 -17 4
      vertex -22.4641 -19 4
    endloop
  endfacet
  facet normal 0 0 1
    outer loop
      vertex -23 17 4
      vertex -22.7588 18.3681 4
      vertex -22.8637 18.0353 4
    endloop
  endfacet
  facet normal 0 0 1
    outer loop
      vertex -22.4641 -19 4
      vertex -23 -17 4
      vertex -22.6252 -18.6905 4
    endloop
  endfacet
  facet normal 0 0 1
    outer loop
      vertex -23 17 4
      vertex -22.8637 18.0353 4
      vertex -22.9392 17.6946 4
    endloop
  endfacet
  facet normal 0 0 1
    outer loop
      vertex -22.6252 -18.6905 4
      vertex -23 -17 4
      vertex -22.7588 -18.3681 4
    endloop
  endfacet
  facet normal 0 0 1
    outer loop
      vertex -23 17 4
      vertex -22.9392 17.6946 4
      vertex -22.9848 17.3486 4
    endloop
  endfacet
  facet normal 0 0 1
    outer loop
      vertex -22.7588 -18.3681 4
      vertex -23 -17 4
      vertex -22.8637 -18.0353 4
    endloop
  endfacet
  facet normal 0 0 1
    outer loop
      vertex -22.8637 -18.0353 4
      vertex -23 -17 4
      vertex -22.9392 -17.6946 4
    endloop
  endfacet
  facet normal 0 0 1
    outer loop
      vertex -22.9392 -17.6946 4
      vertex -23 -17 4
      vertex -22.9848 -17.3486 4
    endloop
  endfacet
  facet normal 0 0 1
    outer loop
      vertex 18.5814 1.59748 4
      vertex 18.55 8.35 4
      vertex 18.55 1.60739 4
    endloop
  endfacet
  facet normal 0 0 1
    outer loop
      vertex 18.55 8.35 4
      vertex 16.9 9.79999 4
      vertex 16.9 8.35 4
    endloop
  endfacet
  facet normal 1 -0 0
    outer loop
      vertex -16.55 -8.35 22
      vertex -16.55 8.35 4.2
      vertex -16.55 8.35 22
    endloop
  endfacet
  facet normal 1 0 0
    outer loop
      vertex -16.55 8.35 4.2
      vertex -16.55 -8.35 22
      vertex -16.55 -8.35 4.2
    endloop
  endfacet
  facet normal -0 0 1
    outer loop
      vertex -18.55 8.35 22
      vertex -16.55 -8.35 22
      vertex -16.55 8.35 22
    endloop
  endfacet
  facet normal 0 0 1
    outer loop
      vertex -16.55 -8.35 22
      vertex -18.55 8.35 22
      vertex -18.55 -8.35 22
    endloop
  endfacet
  facet normal -1 0 0
    outer loop
      vertex -18.55 -1.60739 4
      vertex -18.55 -8.35 4
      vertex -18.55 -1.60739 4.2
    endloop
  endfacet
  facet normal -1 0 0
    outer loop
      vertex -18.55 1.60739 4.2
      vertex -18.55 8.35 4
      vertex -18.55 1.60739 4
    endloop
  endfacet
  facet normal -1 0 0
    outer loop
      vertex -18.55 8.35 4
      vertex -18.55 1.60739 4.2
      vertex -18.55 8.35 22
    endloop
  endfacet
  facet normal -1 0 0
    outer loop
      vertex -18.55 -1.60739 4.2
      vertex -18.55 8.35 22
      vertex -18.55 1.60739 4.2
    endloop
  endfacet
  facet normal -1 0 0
    outer loop
      vertex -18.55 -8.35 22
      vertex -18.55 -1.60739 4.2
      vertex -18.55 -8.35 4
    endloop
  endfacet
  facet normal -1 0 0
    outer loop
      vertex -18.55 -1.60739 4.2
      vertex -18.55 -8.35 22
      vertex -18.55 8.35 22
    endloop
  endfacet
  facet normal 0 1 0
    outer loop
      vertex -16.9 8.35 4.2
      vertex -16.55 8.35 22
      vertex -16.55 8.35 4.2
    endloop
  endfacet
  facet normal 0 1 0
    outer loop
      vertex -16.55 8.35 22
      vertex -16.9 8.35 4.2
      vertex -18.55 8.35 22
    endloop
  endfacet
  facet normal 0 1 0
    outer loop
      vertex -18.55 8.35 4
      vertex -16.9 8.35 4.2
      vertex -16.9 8.35 4
    endloop
  endfacet
  facet normal 0 1 0
    outer loop
      vertex -16.9 8.35 4.2
      vertex -18.55 8.35 4
      vertex -18.55 8.35 22
    endloop
  endfacet
  facet normal 0 -1 0
    outer loop
      vertex -18.55 -8.35 22
      vertex -16.9 -8.35 4.2
      vertex -16.55 -8.35 22
    endloop
  endfacet
  facet normal 0 -1 0
    outer loop
      vertex -18.55 -8.35 4
      vertex -16.9 -8.35 4.2
      vertex -18.55 -8.35 22
    endloop
  endfacet
  facet normal 0 -1 -0
    outer loop
      vertex -16.9 -8.35 4.2
      vertex -18.55 -8.35 4
      vertex -16.9 -8.35 4
    endloop
  endfacet
  facet normal 0 -1 -0
    outer loop
      vertex -16.55 -8.35 22
      vertex -16.9 -8.35 4.2
      vertex -16.55 -8.35 4.2
    endloop
  endfacet
  facet normal 1 0 0
    outer loop
      vertex 18.55 8.35 22
      vertex 18.55 1.60739 4.2
      vertex 18.55 8.35 4
    endloop
  endfacet
  facet normal 1 0 0
    outer loop
      vertex 18.55 8.35 22
      vertex 18.55 -1.60739 4.2
      vertex 18.55 1.60739 4.2
    endloop
  endfacet
  facet normal 1 -0 0
    outer loop
      vertex 18.55 -8.35 22
      vertex 18.55 -1.60739 4.2
      vertex 18.55 8.35 22
    endloop
  endfacet
  facet normal 1 0 0
    outer loop
      vertex 18.55 -8.35 4
      vertex 18.55 -1.60739 4.2
      vertex 18.55 -8.35 22
    endloop
  endfacet
  facet normal 1 0 0
    outer loop
      vertex 18.55 -1.60739 4.2
      vertex 18.55 -8.35 4
      vertex 18.55 -1.60739 4
    endloop
  endfacet
  facet normal 1 0 0
    outer loop
      vertex 18.55 8.35 4
      vertex 18.55 1.60739 4.2
      vertex 18.55 1.60739 4
    endloop
  endfacet
  facet normal -0 0 1
    outer loop
      vertex 16.55 8.35 22
      vertex 18.55 -8.35 22
      vertex 18.55 8.35 22
    endloop
  endfacet
  facet normal 0 0 1
    outer loop
      vertex 18.55 -8.35 22
      vertex 16.55 8.35 22
      vertex 16.55 -8.35 22
    endloop
  endfacet
  facet normal -1 0 0
    outer loop
      vertex 16.55 -8.35 4.2
      vertex 16.55 8.35 22
      vertex 16.55 8.35 4.2
    endloop
  endfacet
  facet normal -1 -0 0
    outer loop
      vertex 16.55 8.35 22
      vertex 16.55 -8.35 4.2
      vertex 16.55 -8.35 22
    endloop
  endfacet
  facet normal 0 1 0
    outer loop
      vertex 18.55 8.35 22
      vertex 16.9 8.35 4.2
      vertex 16.55 8.35 22
    endloop
  endfacet
  facet normal 0 1 -0
    outer loop
      vertex 18.55 8.35 4
      vertex 16.9 8.35 4.2
      vertex 18.55 8.35 22
    endloop
  endfacet
  facet normal 0 1 0
    outer loop
      vertex 16.9 8.35 4.2
      vertex 18.55 8.35 4
      vertex 16.9 8.35 4
    endloop
  endfacet
  facet normal 0 1 0
    outer loop
      vertex 16.55 8.35 22
      vertex 16.9 8.35 4.2
      vertex 16.55 8.35 4.2
    endloop
  endfacet
  facet normal 0 -1 0
    outer loop
      vertex 16.9 -8.35 4.2
      vertex 16.55 -8.35 22
      vertex 16.55 -8.35 4.2
    endloop
  endfacet
  facet normal 0 -1 0
    outer loop
      vertex 16.55 -8.35 22
      vertex 16.9 -8.35 4.2
      vertex 18.55 -8.35 22
    endloop
  endfacet
  facet normal 0 -1 0
    outer loop
      vertex 18.55 -8.35 4
      vertex 16.9 -8.35 4.2
      vertex 16.9 -8.35 4
    endloop
  endfacet
  facet normal 0 -1 0
    outer loop
      vertex 16.9 -8.35 4.2
      vertex 18.55 -8.35 4
      vertex 18.55 -8.35 22
    endloop
  endfacet
  facet normal 0.991495 0.130144 0
    outer loop
      vertex -19.6742 -0.295201 4
      vertex -19.6935 -0.148165 0
      vertex -19.6935 -0.148165 4
    endloop
  endfacet
  facet normal 0.991495 0.130144 0
    outer loop
      vertex -19.6935 -0.148165 0
      vertex -19.6742 -0.295201 4
      vertex -19.6742 -0.295201 0
    endloop
  endfacet
  facet normal 0.923772 0.382944 0
    outer loop
      vertex -19.5407 -0.718451 4
      vertex -19.5975 -0.581433 0
      vertex -19.5975 -0.581433 4
    endloop
  endfacet
  facet normal 0.923772 0.382944 0
    outer loop
      vertex -19.5975 -0.581433 0
      vertex -19.5407 -0.718451 4
      vertex -19.5407 -0.718451 0
    endloop
  endfacet
  facet normal 0.999039 0.0438279 0
    outer loop
      vertex -19.6935 -0.148165 4
      vertex -19.7 0 0
      vertex -19.7 0 4
    endloop
  endfacet
  facet normal 0.999039 0.0438279 0
    outer loop
      vertex -19.7 0 0
      vertex -19.6935 -0.148165 4
      vertex -19.6935 -0.148165 0
    endloop
  endfacet
  facet normal 0 -1 0
    outer loop
      vertex -18 1.7 0
      vertex -16.9 1.7 4.2
      vertex -18 1.7 4.2
    endloop
  endfacet
  facet normal 0 -1 -0
    outer loop
      vertex -16.9 1.7 4.2
      vertex -18 1.7 0
      vertex -16.9 1.7 0
    endloop
  endfacet
  facet normal 0 -1 0
    outer loop
      vertex -13.1 1.7 0
      vertex -10 1.7 4
      vertex -13.1 1.7 4
    endloop
  endfacet
  facet normal 0 -1 -0
    outer loop
      vertex -10 1.7 4
      vertex -13.1 1.7 0
      vertex -10 1.7 0
    endloop
  endfacet
  facet normal -0.216445 -0.976295 0
    outer loop
      vertex -9.7048 1.67417 0
      vertex -9.56001 1.64207 4
      vertex -9.7048 1.67417 4
    endloop
  endfacet
  facet normal -0.216445 -0.976295 -0
    outer loop
      vertex -9.56001 1.64207 4
      vertex -9.7048 1.67417 0
      vertex -9.56001 1.64207 0
    endloop
  endfacet
  facet normal -0.130547 -0.991442 0
    outer loop
      vertex -9.85183 1.69353 0
      vertex -9.7048 1.67417 4
      vertex -9.85183 1.69353 4
    endloop
  endfacet
  facet normal -0.130547 -0.991442 -0
    outer loop
      vertex -9.7048 1.67417 4
      vertex -9.85183 1.69353 0
      vertex -9.7048 1.67417 0
    endloop
  endfacet
  facet normal -0.0436245 -0.999048 0
    outer loop
      vertex -10 1.7 0
      vertex -9.85183 1.69353 4
      vertex -10 1.7 4
    endloop
  endfacet
  facet normal -0.0436245 -0.999048 -0
    outer loop
      vertex -9.85183 1.69353 4
      vertex -10 1.7 0
      vertex -9.85183 1.69353 0
    endloop
  endfacet
  facet normal -0.608788 -0.793333 0
    outer loop
      vertex -9.02492 1.39256 0
      vertex -8.90726 1.30227 4
      vertex -9.02492 1.39256 4
    endloop
  endfacet
  facet normal -0.608788 -0.793333 -0
    outer loop
      vertex -8.90726 1.30227 4
      vertex -9.02492 1.39256 0
      vertex -8.90726 1.30227 0
    endloop
  endfacet
  facet normal 0.843652 -0.53689 0
    outer loop
      vertex -19.4722 0.849999 4
      vertex -19.3926 0.97508 0
      vertex -19.3926 0.97508 4
    endloop
  endfacet
  facet normal 0.843652 -0.53689 0
    outer loop
      vertex -19.3926 0.97508 0
      vertex -19.4722 0.849999 4
      vertex -19.4722 0.849999 0
    endloop
  endfacet
  facet normal 0.923772 -0.382944 0
    outer loop
      vertex -19.5975 0.581433 4
      vertex -19.5407 0.718451 0
      vertex -19.5407 0.718451 4
    endloop
  endfacet
  facet normal 0.923772 -0.382944 0
    outer loop
      vertex -19.5407 0.718451 0
      vertex -19.5975 0.581433 4
      vertex -19.5975 0.581433 0
    endloop
  endfacet
  facet normal 0.216431 -0.976298 0
    outer loop
      vertex -18.44 1.64207 0
      vertex -18.2952 1.67417 4.2
      vertex -18.44 1.64207 4.2
    endloop
  endfacet
  facet normal 0.216431 -0.976298 0
    outer loop
      vertex -18.2952 1.67417 4.2
      vertex -18.44 1.64207 0
      vertex -18.2952 1.67417 0
    endloop
  endfacet
  facet normal 0.886954 0.461857 0
    outer loop
      vertex -19.4722 -0.849999 4
      vertex -19.5407 -0.718451 0
      vertex -19.5407 -0.718451 4
    endloop
  endfacet
  facet normal 0.886954 0.461857 0
    outer loop
      vertex -19.5407 -0.718451 0
      vertex -19.4722 -0.849999 4
      vertex -19.4722 -0.849999 0
    endloop
  endfacet
  facet normal 0.382518 -0.923948 0
    outer loop
      vertex -18.7185 1.54072 0
      vertex -18.5814 1.59748 4
      vertex -18.7185 1.54072 4
    endloop
  endfacet
  facet normal 0.382518 -0.923948 0
    outer loop
      vertex -18.5814 1.59748 4
      vertex -18.7185 1.54072 0
      vertex -18.5814 1.59748 0
    endloop
  endfacet
  facet normal -0.991443 0.130542 0
    outer loop
      vertex -8.32583 -0.295201 0
      vertex -8.30647 -0.148165 4
      vertex -8.30647 -0.148165 0
    endloop
  endfacet
  facet normal -0.991443 0.130542 0
    outer loop
      vertex -8.30647 -0.148165 4
      vertex -8.32583 -0.295201 0
      vertex -8.32583 -0.295201 4
    endloop
  endfacet
  facet normal 0.130573 0.991439 -0
    outer loop
      vertex -18.1482 -1.69353 0
      vertex -18.2952 -1.67417 4.2
      vertex -18.1482 -1.69353 4.2
    endloop
  endfacet
  facet normal 0.130573 0.991439 0
    outer loop
      vertex -18.2952 -1.67417 4.2
      vertex -18.1482 -1.69353 0
      vertex -18.2952 -1.67417 0
    endloop
  endfacet
  facet normal -0.953729 -0.300668 0
    outer loop
      vertex -8.35793 0.439992 0
      vertex -8.40252 0.581433 4
      vertex -8.40252 0.581433 0
    endloop
  endfacet
  facet normal -0.953729 -0.300668 0
    outer loop
      vertex -8.40252 0.581433 4
      vertex -8.35793 0.439992 0
      vertex -8.35793 0.439992 4
    endloop
  endfacet
  facet normal 0.0436157 0.999048 -0
    outer loop
      vertex -18 -1.7 0
      vertex -18.1482 -1.69353 4.2
      vertex -18 -1.7 4.2
    endloop
  endfacet
  facet normal 0.0436157 0.999048 0
    outer loop
      vertex -18.1482 -1.69353 4.2
      vertex -18 -1.7 0
      vertex -18.1482 -1.69353 0
    endloop
  endfacet
  facet normal -0.976295 -0.216444 0
    outer loop
      vertex -8.32583 0.295201 0
      vertex -8.35793 0.439992 4
      vertex -8.35793 0.439992 0
    endloop
  endfacet
  facet normal -0.976295 -0.216444 0
    outer loop
      vertex -8.35793 0.439992 4
      vertex -8.32583 0.295201 0
      vertex -8.32583 0.295201 4
    endloop
  endfacet
  facet normal -0.737249 -0.675621 0
    outer loop
      vertex -8.69772 1.09274 0
      vertex -8.79792 1.20208 4
      vertex -8.79792 1.20208 0
    endloop
  endfacet
  facet normal -0.737249 -0.675621 0
    outer loop
      vertex -8.79792 1.20208 4
      vertex -8.69772 1.09274 0
      vertex -8.69772 1.09274 4
    endloop
  endfacet
  facet normal 0.7933 -0.608831 0
    outer loop
      vertex -19.3926 0.97508 4
      vertex -19.3023 1.09274 0
      vertex -19.3023 1.09274 4
    endloop
  endfacet
  facet normal 0.7933 -0.608831 0
    outer loop
      vertex -19.3023 1.09274 0
      vertex -19.3926 0.97508 4
      vertex -19.3926 0.97508 0
    endloop
  endfacet
  facet normal -0.737249 0.675621 0
    outer loop
      vertex -8.79792 -1.20208 0
      vertex -8.69772 -1.09274 4
      vertex -8.69772 -1.09274 0
    endloop
  endfacet
  facet normal -0.737249 0.675621 0
    outer loop
      vertex -8.69772 -1.09274 4
      vertex -8.79792 -1.20208 0
      vertex -8.79792 -1.20208 4
    endloop
  endfacet
  facet normal -0.537277 0.843406 0
    outer loop
      vertex -9.02492 -1.39256 0
      vertex -9.15 -1.47224 4
      vertex -9.02492 -1.39256 4
    endloop
  endfacet
  facet normal -0.537277 0.843406 0
    outer loop
      vertex -9.15 -1.47224 4
      vertex -9.02492 -1.39256 0
      vertex -9.15 -1.47224 0
    endloop
  endfacet
  facet normal 0 0 -1
    outer loop
      vertex -18 -1.7 4.2
      vertex -16.9 1.7 4.2
      vertex -16.9 -1.7 4.2
    endloop
  endfacet
  facet normal 0 0 -1
    outer loop
      vertex -18 -1.7 4.2
      vertex -18 1.7 4.2
      vertex -16.9 1.7 4.2
    endloop
  endfacet
  facet normal 0 0 -1
    outer loop
      vertex -18.1482 -1.69353 4.2
      vertex -18 1.7 4.2
      vertex -18 -1.7 4.2
    endloop
  endfacet
  facet normal 0 0 -1
    outer loop
      vertex -18.1482 -1.69353 4.2
      vertex -18.1482 1.69353 4.2
      vertex -18 1.7 4.2
    endloop
  endfacet
  facet normal 0 0 -1
    outer loop
      vertex -18.2952 -1.67417 4.2
      vertex -18.1482 1.69353 4.2
      vertex -18.1482 -1.69353 4.2
    endloop
  endfacet
  facet normal 0 0 -1
    outer loop
      vertex -18.2952 -1.67417 4.2
      vertex -18.2952 1.67417 4.2
      vertex -18.1482 1.69353 4.2
    endloop
  endfacet
  facet normal 0 0 -1
    outer loop
      vertex -18.44 -1.64207 4.2
      vertex -18.2952 1.67417 4.2
      vertex -18.2952 -1.67417 4.2
    endloop
  endfacet
  facet normal 0 0 -1
    outer loop
      vertex -18.44 -1.64207 4.2
      vertex -18.44 1.64207 4.2
      vertex -18.2952 1.67417 4.2
    endloop
  endfacet
  facet normal 0 0 -1
    outer loop
      vertex -18.55 -1.60739 4.2
      vertex -18.44 1.64207 4.2
      vertex -18.44 -1.64207 4.2
    endloop
  endfacet
  facet normal 0 0 -1
    outer loop
      vertex -18.44 1.64207 4.2
      vertex -18.55 -1.60739 4.2
      vertex -18.55 1.60739 4.2
    endloop
  endfacet
  facet normal 0 0 -1
    outer loop
      vertex -16.9 -1.7 4.2
      vertex -16.55 -8.35 4.2
      vertex -16.9 -8.35 4.2
    endloop
  endfacet
  facet normal 0 0 -1
    outer loop
      vertex -16.55 -8.35 4.2
      vertex -16.9 -1.7 4.2
      vertex -16.55 8.35 4.2
    endloop
  endfacet
  facet normal 0 0 -1
    outer loop
      vertex -16.9 1.7 4.2
      vertex -16.55 8.35 4.2
      vertex -16.9 -1.7 4.2
    endloop
  endfacet
  facet normal -0 0 -1
    outer loop
      vertex -16.55 8.35 4.2
      vertex -16.9 1.7 4.2
      vertex -16.9 8.35 4.2
    endloop
  endfacet
  facet normal -0.976295 0.216444 0
    outer loop
      vertex -8.35793 -0.439992 0
      vertex -8.32583 -0.295201 4
      vertex -8.32583 -0.295201 0
    endloop
  endfacet
  facet normal -0.976295 0.216444 0
    outer loop
      vertex -8.32583 -0.295201 4
      vertex -8.35793 -0.439992 0
      vertex -8.35793 -0.439992 4
    endloop
  endfacet
  facet normal 0.976295 -0.216444 0
    outer loop
      vertex -19.6742 0.295201 4
      vertex -19.6421 0.439992 0
      vertex -19.6421 0.439992 4
    endloop
  endfacet
  facet normal 0.976295 -0.216444 0
    outer loop
      vertex -19.6421 0.439992 0
      vertex -19.6742 0.295201 4
      vertex -19.6742 0.295201 0
    endloop
  endfacet
  facet normal -0.216445 0.976295 0
    outer loop
      vertex -9.56001 -1.64207 0
      vertex -9.7048 -1.67417 4
      vertex -9.56001 -1.64207 4
    endloop
  endfacet
  facet normal -0.216445 0.976295 0
    outer loop
      vertex -9.7048 -1.67417 4
      vertex -9.56001 -1.64207 0
      vertex -9.7048 -1.67417 0
    endloop
  endfacet
  facet normal -0.537277 -0.843406 0
    outer loop
      vertex -9.15 1.47224 0
      vertex -9.02492 1.39256 4
      vertex -9.15 1.47224 4
    endloop
  endfacet
  facet normal -0.537277 -0.843406 -0
    outer loop
      vertex -9.02492 1.39256 4
      vertex -9.15 1.47224 0
      vertex -9.02492 1.39256 0
    endloop
  endfacet
  facet normal 0 1 -0
    outer loop
      vertex -16.9 -1.7 0
      vertex -18 -1.7 4.2
      vertex -16.9 -1.7 4.2
    endloop
  endfacet
  facet normal 0 1 0
    outer loop
      vertex -18 -1.7 4.2
      vertex -16.9 -1.7 0
      vertex -18 -1.7 0
    endloop
  endfacet
  facet normal 0 1 -0
    outer loop
      vertex -10 -1.7 0
      vertex -13.1 -1.7 4
      vertex -10 -1.7 4
    endloop
  endfacet
  facet normal 0 1 0
    outer loop
      vertex -13.1 -1.7 4
      vertex -10 -1.7 0
      vertex -13.1 -1.7 0
    endloop
  endfacet
  facet normal 0.130573 -0.991439 0
    outer loop
      vertex -18.2952 1.67417 0
      vertex -18.1482 1.69353 4.2
      vertex -18.2952 1.67417 4.2
    endloop
  endfacet
  facet normal 0.130573 -0.991439 0
    outer loop
      vertex -18.1482 1.69353 4.2
      vertex -18.2952 1.67417 0
      vertex -18.1482 1.69353 0
    endloop
  endfacet
  facet normal -0.130547 0.991442 0
    outer loop
      vertex -9.7048 -1.67417 0
      vertex -9.85183 -1.69353 4
      vertex -9.7048 -1.67417 4
    endloop
  endfacet
  facet normal -0.130547 0.991442 0
    outer loop
      vertex -9.85183 -1.69353 4
      vertex -9.7048 -1.67417 0
      vertex -9.85183 -1.69353 0
    endloop
  endfacet
  facet normal -0.953729 0.300668 0
    outer loop
      vertex -8.40252 -0.581433 0
      vertex -8.35793 -0.439992 4
      vertex -8.35793 -0.439992 0
    endloop
  endfacet
  facet normal -0.953729 0.300668 0
    outer loop
      vertex -8.35793 -0.439992 4
      vertex -8.40252 -0.581433 0
      vertex -8.40252 -0.581433 4
    endloop
  endfacet
  facet normal 0.737249 -0.675621 0
    outer loop
      vertex -19.3023 1.09274 4
      vertex -19.2021 1.20208 0
      vertex -19.2021 1.20208 4
    endloop
  endfacet
  facet normal 0.737249 -0.675621 0
    outer loop
      vertex -19.2021 1.20208 0
      vertex -19.3023 1.09274 4
      vertex -19.3023 1.09274 0
    endloop
  endfacet
  facet normal 0.300971 -0.953633 0
    outer loop
      vertex -18.5814 1.59748 4
      vertex -18.5814 1.59748 0
      vertex -18.55 1.60739 4
    endloop
  endfacet
  facet normal 0.300683 -0.953724 0
    outer loop
      vertex -18.55 1.60739 4
      vertex -18.44 1.64207 4.2
      vertex -18.55 1.60739 4.2
    endloop
  endfacet
  facet normal 0.300747 -0.953704 1.93574e-06
    outer loop
      vertex -18.44 1.64207 0
      vertex -18.55 1.60739 4
      vertex -18.5814 1.59748 0
    endloop
  endfacet
  facet normal 0.300683 -0.953724 0
    outer loop
      vertex -18.55 1.60739 4
      vertex -18.44 1.64207 0
      vertex -18.44 1.64207 4.2
    endloop
  endfacet
  facet normal -0.923867 -0.382714 0
    outer loop
      vertex -8.40252 0.581433 0
      vertex -8.45928 0.718451 4
      vertex -8.45928 0.718451 0
    endloop
  endfacet
  facet normal -0.923867 -0.382714 0
    outer loop
      vertex -8.45928 0.718451 4
      vertex -8.40252 0.581433 0
      vertex -8.40252 0.581433 4
    endloop
  endfacet
  facet normal 0.976295 0.216444 0
    outer loop
      vertex -19.6421 -0.439992 4
      vertex -19.6742 -0.295201 0
      vertex -19.6742 -0.295201 4
    endloop
  endfacet
  facet normal 0.976295 0.216444 0
    outer loop
      vertex -19.6742 -0.295201 0
      vertex -19.6421 -0.439992 4
      vertex -19.6421 -0.439992 0
    endloop
  endfacet
  facet normal 0.537216 -0.843445 0
    outer loop
      vertex -18.9751 1.39256 0
      vertex -18.85 1.47224 4
      vertex -18.9751 1.39256 4
    endloop
  endfacet
  facet normal 0.537216 -0.843445 0
    outer loop
      vertex -18.85 1.47224 4
      vertex -18.9751 1.39256 0
      vertex -18.85 1.47224 0
    endloop
  endfacet
  facet normal 0.461884 -0.886941 0
    outer loop
      vertex -18.85 1.47224 0
      vertex -18.7185 1.54072 4
      vertex -18.85 1.47224 4
    endloop
  endfacet
  facet normal 0.461884 -0.886941 0
    outer loop
      vertex -18.7185 1.54072 4
      vertex -18.85 1.47224 0
      vertex -18.7185 1.54072 0
    endloop
  endfacet
  facet normal 0.886954 -0.461857 0
    outer loop
      vertex -19.5407 0.718451 4
      vertex -19.4722 0.849999 0
      vertex -19.4722 0.849999 4
    endloop
  endfacet
  facet normal 0.886954 -0.461857 0
    outer loop
      vertex -19.4722 0.849999 0
      vertex -19.5407 0.718451 4
      vertex -19.5407 0.718451 0
    endloop
  endfacet
  facet normal -0.461745 -0.887012 0
    outer loop
      vertex -9.28155 1.54072 0
      vertex -9.15 1.47224 4
      vertex -9.28155 1.54072 4
    endloop
  endfacet
  facet normal -0.461745 -0.887012 -0
    outer loop
      vertex -9.15 1.47224 4
      vertex -9.28155 1.54072 0
      vertex -9.15 1.47224 0
    endloop
  endfacet
  facet normal -0.88701 0.461751 0
    outer loop
      vertex -8.52776 -0.849999 0
      vertex -8.45928 -0.718451 4
      vertex -8.45928 -0.718451 0
    endloop
  endfacet
  facet normal -0.88701 0.461751 0
    outer loop
      vertex -8.45928 -0.718451 4
      vertex -8.52776 -0.849999 0
      vertex -8.52776 -0.849999 4
    endloop
  endfacet
  facet normal 0.95371 -0.300729 0
    outer loop
      vertex -19.6421 0.439992 4
      vertex -19.5975 0.581433 0
      vertex -19.5975 0.581433 4
    endloop
  endfacet
  facet normal 0.95371 -0.300729 0
    outer loop
      vertex -19.5975 0.581433 0
      vertex -19.6421 0.439992 4
      vertex -19.6421 0.439992 0
    endloop
  endfacet
  facet normal 0.382518 0.923948 -0
    outer loop
      vertex -18.5814 -1.59748 0
      vertex -18.7185 -1.54072 4
      vertex -18.5814 -1.59748 4
    endloop
  endfacet
  facet normal 0.382518 0.923948 0
    outer loop
      vertex -18.7185 -1.54072 4
      vertex -18.5814 -1.59748 0
      vertex -18.7185 -1.54072 0
    endloop
  endfacet
  facet normal -0.999048 -0.043626 0
    outer loop
      vertex -8.3 0 0
      vertex -8.30647 0.148165 4
      vertex -8.30647 0.148165 0
    endloop
  endfacet
  facet normal -0.999048 -0.043626 0
    outer loop
      vertex -8.30647 0.148165 4
      vertex -8.3 0 0
      vertex -8.3 0 4
    endloop
  endfacet
  facet normal 0.608984 -0.793183 0
    outer loop
      vertex -19.0927 1.30227 0
      vertex -18.9751 1.39256 4
      vertex -19.0927 1.30227 4
    endloop
  endfacet
  facet normal 0.608984 -0.793183 0
    outer loop
      vertex -18.9751 1.39256 4
      vertex -19.0927 1.30227 0
      vertex -18.9751 1.39256 0
    endloop
  endfacet
  facet normal -0.999048 0.043626 0
    outer loop
      vertex -8.30647 -0.148165 0
      vertex -8.3 0 4
      vertex -8.3 0 0
    endloop
  endfacet
  facet normal -0.999048 0.043626 0
    outer loop
      vertex -8.3 0 4
      vertex -8.30647 -0.148165 0
      vertex -8.30647 -0.148165 4
    endloop
  endfacet
  facet normal 0.461884 0.886941 -0
    outer loop
      vertex -18.7185 -1.54072 0
      vertex -18.85 -1.47224 4
      vertex -18.7185 -1.54072 4
    endloop
  endfacet
  facet normal 0.461884 0.886941 0
    outer loop
      vertex -18.85 -1.47224 4
      vertex -18.7185 -1.54072 0
      vertex -18.85 -1.47224 0
    endloop
  endfacet
  facet normal -0.923867 0.382714 0
    outer loop
      vertex -8.45928 -0.718451 0
      vertex -8.40252 -0.581433 4
      vertex -8.40252 -0.581433 0
    endloop
  endfacet
  facet normal -0.923867 0.382714 0
    outer loop
      vertex -8.40252 -0.581433 4
      vertex -8.45928 -0.718451 0
      vertex -8.45928 -0.718451 4
    endloop
  endfacet
  facet normal -0.843408 0.537274 0
    outer loop
      vertex -8.60744 -0.97508 0
      vertex -8.52776 -0.849999 4
      vertex -8.52776 -0.849999 0
    endloop
  endfacet
  facet normal -0.843408 0.537274 0
    outer loop
      vertex -8.52776 -0.849999 4
      vertex -8.60744 -0.97508 0
      vertex -8.60744 -0.97508 4
    endloop
  endfacet
  facet normal -0.793365 0.608746 0
    outer loop
      vertex -8.69772 -1.09274 0
      vertex -8.60744 -0.97508 4
      vertex -8.60744 -0.97508 0
    endloop
  endfacet
  facet normal -0.793365 0.608746 0
    outer loop
      vertex -8.60744 -0.97508 4
      vertex -8.69772 -1.09274 0
      vertex -8.69772 -1.09274 4
    endloop
  endfacet
  facet normal -0.991443 -0.130542 0
    outer loop
      vertex -8.30647 0.148165 0
      vertex -8.32583 0.295201 4
      vertex -8.32583 0.295201 0
    endloop
  endfacet
  facet normal -0.991443 -0.130542 0
    outer loop
      vertex -8.32583 0.295201 4
      vertex -8.30647 0.148165 0
      vertex -8.30647 0.148165 4
    endloop
  endfacet
  facet normal 0.675383 0.737467 -0
    outer loop
      vertex -19.0927 -1.30227 0
      vertex -19.2021 -1.20208 4
      vertex -19.0927 -1.30227 4
    endloop
  endfacet
  facet normal 0.675383 0.737467 0
    outer loop
      vertex -19.2021 -1.20208 4
      vertex -19.0927 -1.30227 0
      vertex -19.2021 -1.20208 0
    endloop
  endfacet
  facet normal 0.675383 -0.737467 0
    outer loop
      vertex -19.2021 1.20208 0
      vertex -19.0927 1.30227 4
      vertex -19.2021 1.20208 4
    endloop
  endfacet
  facet normal 0.675383 -0.737467 0
    outer loop
      vertex -19.0927 1.30227 4
      vertex -19.2021 1.20208 0
      vertex -19.0927 1.30227 0
    endloop
  endfacet
  facet normal 0.95371 0.300729 0
    outer loop
      vertex -19.5975 -0.581433 4
      vertex -19.6421 -0.439992 0
      vertex -19.6421 -0.439992 4
    endloop
  endfacet
  facet normal 0.95371 0.300729 0
    outer loop
      vertex -19.6421 -0.439992 0
      vertex -19.5975 -0.581433 4
      vertex -19.5975 -0.581433 0
    endloop
  endfacet
  facet normal 0.300683 0.953724 0
    outer loop
      vertex -18.44 -1.64207 4.2
      vertex -18.55 -1.60739 4
      vertex -18.55 -1.60739 4.2
    endloop
  endfacet
  facet normal 0.300683 0.953724 -0
    outer loop
      vertex -18.44 -1.64207 0
      vertex -18.55 -1.60739 4
      vertex -18.44 -1.64207 4.2
    endloop
  endfacet
  facet normal 0.300747 0.953704 1.93574e-06
    outer loop
      vertex -18.5814 -1.59748 0
      vertex -18.55 -1.60739 4
      vertex -18.44 -1.64207 0
    endloop
  endfacet
  facet normal 0.300971 0.953633 0
    outer loop
      vertex -18.55 -1.60739 4
      vertex -18.5814 -1.59748 0
      vertex -18.5814 -1.59748 4
    endloop
  endfacet
  facet normal 0.0436157 -0.999048 0
    outer loop
      vertex -18.1482 1.69353 0
      vertex -18 1.7 4.2
      vertex -18.1482 1.69353 4.2
    endloop
  endfacet
  facet normal 0.0436157 -0.999048 0
    outer loop
      vertex -18 1.7 4.2
      vertex -18.1482 1.69353 0
      vertex -18 1.7 0
    endloop
  endfacet
  facet normal -0.843408 -0.537274 0
    outer loop
      vertex -8.52776 0.849999 0
      vertex -8.60744 0.97508 4
      vertex -8.60744 0.97508 0
    endloop
  endfacet
  facet normal -0.843408 -0.537274 0
    outer loop
      vertex -8.60744 0.97508 4
      vertex -8.52776 0.849999 0
      vertex -8.52776 0.849999 4
    endloop
  endfacet
  facet normal -0.675584 -0.737283 0
    outer loop
      vertex -8.90726 1.30227 0
      vertex -8.79792 1.20208 4
      vertex -8.90726 1.30227 4
    endloop
  endfacet
  facet normal -0.675584 -0.737283 -0
    outer loop
      vertex -8.79792 1.20208 4
      vertex -8.90726 1.30227 0
      vertex -8.79792 1.20208 0
    endloop
  endfacet
  facet normal -0.88701 -0.461751 0
    outer loop
      vertex -8.45928 0.718451 0
      vertex -8.52776 0.849999 4
      vertex -8.52776 0.849999 0
    endloop
  endfacet
  facet normal -0.88701 -0.461751 0
    outer loop
      vertex -8.52776 0.849999 4
      vertex -8.45928 0.718451 0
      vertex -8.45928 0.718451 4
    endloop
  endfacet
  facet normal 0.991495 -0.130144 0
    outer loop
      vertex -19.6935 0.148165 4
      vertex -19.6742 0.295201 0
      vertex -19.6742 0.295201 4
    endloop
  endfacet
  facet normal 0.991495 -0.130144 0
    outer loop
      vertex -19.6742 0.295201 0
      vertex -19.6935 0.148165 4
      vertex -19.6935 0.148165 0
    endloop
  endfacet
  facet normal 0.999039 -0.0438279 0
    outer loop
      vertex -19.7 0 4
      vertex -19.6935 0.148165 0
      vertex -19.6935 0.148165 4
    endloop
  endfacet
  facet normal 0.999039 -0.0438279 0
    outer loop
      vertex -19.6935 0.148165 0
      vertex -19.7 0 4
      vertex -19.7 0 0
    endloop
  endfacet
  facet normal -0.793365 -0.608746 0
    outer loop
      vertex -8.60744 0.97508 0
      vertex -8.69772 1.09274 4
      vertex -8.69772 1.09274 0
    endloop
  endfacet
  facet normal -0.793365 -0.608746 0
    outer loop
      vertex -8.69772 1.09274 4
      vertex -8.60744 0.97508 0
      vertex -8.60744 0.97508 4
    endloop
  endfacet
  facet normal -0.608788 0.793333 0
    outer loop
      vertex -8.90726 -1.30227 0
      vertex -9.02492 -1.39256 4
      vertex -8.90726 -1.30227 4
    endloop
  endfacet
  facet normal -0.608788 0.793333 0
    outer loop
      vertex -9.02492 -1.39256 4
      vertex -8.90726 -1.30227 0
      vertex -9.02492 -1.39256 0
    endloop
  endfacet
  facet normal -0.382709 0.923869 0
    outer loop
      vertex -9.28155 -1.54072 0
      vertex -9.41857 -1.59748 4
      vertex -9.28155 -1.54072 4
    endloop
  endfacet
  facet normal -0.382709 0.923869 0
    outer loop
      vertex -9.41857 -1.59748 4
      vertex -9.28155 -1.54072 0
      vertex -9.41857 -1.59748 0
    endloop
  endfacet
  facet normal -0.461745 0.887012 0
    outer loop
      vertex -9.15 -1.47224 0
      vertex -9.28155 -1.54072 4
      vertex -9.15 -1.47224 4
    endloop
  endfacet
  facet normal -0.461745 0.887012 0
    outer loop
      vertex -9.28155 -1.54072 4
      vertex -9.15 -1.47224 0
      vertex -9.28155 -1.54072 0
    endloop
  endfacet
  facet normal -0.30067 0.953728 0
    outer loop
      vertex -9.41857 -1.59748 0
      vertex -9.56001 -1.64207 4
      vertex -9.41857 -1.59748 4
    endloop
  endfacet
  facet normal -0.30067 0.953728 0
    outer loop
      vertex -9.56001 -1.64207 4
      vertex -9.41857 -1.59748 0
      vertex -9.56001 -1.64207 0
    endloop
  endfacet
  facet normal 0.537216 0.843445 -0
    outer loop
      vertex -18.85 -1.47224 0
      vertex -18.9751 -1.39256 4
      vertex -18.85 -1.47224 4
    endloop
  endfacet
  facet normal 0.537216 0.843445 0
    outer loop
      vertex -18.9751 -1.39256 4
      vertex -18.85 -1.47224 0
      vertex -18.9751 -1.39256 0
    endloop
  endfacet
  facet normal -0.0436245 0.999048 0
    outer loop
      vertex -9.85183 -1.69353 0
      vertex -10 -1.7 4
      vertex -9.85183 -1.69353 4
    endloop
  endfacet
  facet normal -0.0436245 0.999048 0
    outer loop
      vertex -10 -1.7 4
      vertex -9.85183 -1.69353 0
      vertex -10 -1.7 0
    endloop
  endfacet
  facet normal 0.608984 0.793183 -0
    outer loop
      vertex -18.9751 -1.39256 0
      vertex -19.0927 -1.30227 4
      vertex -18.9751 -1.39256 4
    endloop
  endfacet
  facet normal 0.608984 0.793183 0
    outer loop
      vertex -19.0927 -1.30227 4
      vertex -18.9751 -1.39256 0
      vertex -19.0927 -1.30227 0
    endloop
  endfacet
  facet normal -0.382709 -0.923869 0
    outer loop
      vertex -9.41857 1.59748 0
      vertex -9.28155 1.54072 4
      vertex -9.41857 1.59748 4
    endloop
  endfacet
  facet normal -0.382709 -0.923869 -0
    outer loop
      vertex -9.28155 1.54072 4
      vertex -9.41857 1.59748 0
      vertex -9.28155 1.54072 0
    endloop
  endfacet
  facet normal 0.843652 0.53689 0
    outer loop
      vertex -19.3926 -0.97508 4
      vertex -19.4722 -0.849999 0
      vertex -19.4722 -0.849999 4
    endloop
  endfacet
  facet normal 0.843652 0.53689 0
    outer loop
      vertex -19.4722 -0.849999 0
      vertex -19.3926 -0.97508 4
      vertex -19.3926 -0.97508 0
    endloop
  endfacet
  facet normal -0.675584 0.737283 0
    outer loop
      vertex -8.79792 -1.20208 0
      vertex -8.90726 -1.30227 4
      vertex -8.79792 -1.20208 4
    endloop
  endfacet
  facet normal -0.675584 0.737283 0
    outer loop
      vertex -8.90726 -1.30227 4
      vertex -8.79792 -1.20208 0
      vertex -8.90726 -1.30227 0
    endloop
  endfacet
  facet normal 0.216431 0.976298 -0
    outer loop
      vertex -18.2952 -1.67417 0
      vertex -18.44 -1.64207 4.2
      vertex -18.2952 -1.67417 4.2
    endloop
  endfacet
  facet normal 0.216431 0.976298 0
    outer loop
      vertex -18.44 -1.64207 4.2
      vertex -18.2952 -1.67417 0
      vertex -18.44 -1.64207 0
    endloop
  endfacet
  facet normal 0.737249 0.675621 0
    outer loop
      vertex -19.2021 -1.20208 4
      vertex -19.3023 -1.09274 0
      vertex -19.3023 -1.09274 4
    endloop
  endfacet
  facet normal 0.737249 0.675621 0
    outer loop
      vertex -19.3023 -1.09274 0
      vertex -19.2021 -1.20208 4
      vertex -19.2021 -1.20208 0
    endloop
  endfacet
  facet normal -0.30067 -0.953728 0
    outer loop
      vertex -9.56001 1.64207 0
      vertex -9.41857 1.59748 4
      vertex -9.56001 1.64207 4
    endloop
  endfacet
  facet normal -0.30067 -0.953728 -0
    outer loop
      vertex -9.41857 1.59748 4
      vertex -9.56001 1.64207 0
      vertex -9.41857 1.59748 0
    endloop
  endfacet
  facet normal 0.7933 0.608831 0
    outer loop
      vertex -19.3023 -1.09274 4
      vertex -19.3926 -0.97508 0
      vertex -19.3926 -0.97508 4
    endloop
  endfacet
  facet normal 0.7933 0.608831 0
    outer loop
      vertex -19.3926 -0.97508 0
      vertex -19.3023 -1.09274 4
      vertex -19.3023 -1.09274 0
    endloop
  endfacet
  facet normal 0.991443 0.130542 0
    outer loop
      vertex 8.32583 -0.295201 4
      vertex 8.30647 -0.148165 0
      vertex 8.30647 -0.148165 4
    endloop
  endfacet
  facet normal 0.991443 0.130542 0
    outer loop
      vertex 8.30647 -0.148165 0
      vertex 8.32583 -0.295201 4
      vertex 8.32583 -0.295201 0
    endloop
  endfacet
  facet normal 0.999048 0.043626 0
    outer loop
      vertex 8.30647 -0.148165 4
      vertex 8.3 0 0
      vertex 8.3 0 4
    endloop
  endfacet
  facet normal 0.999048 0.043626 0
    outer loop
      vertex 8.3 0 0
      vertex 8.30647 -0.148165 4
      vertex 8.30647 -0.148165 0
    endloop
  endfacet
  facet normal 0 -1 0
    outer loop
      vertex 16.9 1.7 0
      vertex 18 1.7 4.2
      vertex 16.9 1.7 4.2
    endloop
  endfacet
  facet normal 0 -1 -0
    outer loop
      vertex 18 1.7 4.2
      vertex 16.9 1.7 0
      vertex 18 1.7 0
    endloop
  endfacet
  facet normal 0 -1 0
    outer loop
      vertex 10 1.7 0
      vertex 13.1 1.7 4
      vertex 10 1.7 4
    endloop
  endfacet
  facet normal 0 -1 -0
    outer loop
      vertex 13.1 1.7 4
      vertex 10 1.7 0
      vertex 13.1 1.7 0
    endloop
  endfacet
  facet normal 0.0436245 0.999048 -0
    outer loop
      vertex 10 -1.7 0
      vertex 9.85183 -1.69353 4
      vertex 10 -1.7 4
    endloop
  endfacet
  facet normal 0.0436245 0.999048 0
    outer loop
      vertex 9.85183 -1.69353 4
      vertex 10 -1.7 0
      vertex 9.85183 -1.69353 0
    endloop
  endfacet
  facet normal -0.130573 -0.991439 0
    outer loop
      vertex 18.1482 1.69353 0
      vertex 18.2952 1.67417 4.2
      vertex 18.1482 1.69353 4.2
    endloop
  endfacet
  facet normal -0.130573 -0.991439 -0
    outer loop
      vertex 18.2952 1.67417 4.2
      vertex 18.1482 1.69353 0
      vertex 18.2952 1.67417 0
    endloop
  endfacet
  facet normal 0.461745 -0.887012 0
    outer loop
      vertex 9.15 1.47224 0
      vertex 9.28155 1.54072 4
      vertex 9.15 1.47224 4
    endloop
  endfacet
  facet normal 0.461745 -0.887012 0
    outer loop
      vertex 9.28155 1.54072 4
      vertex 9.15 1.47224 0
      vertex 9.28155 1.54072 0
    endloop
  endfacet
  facet normal -0.999039 0.0438279 0
    outer loop
      vertex 19.6935 -0.148165 0
      vertex 19.7 0 4
      vertex 19.7 0 0
    endloop
  endfacet
  facet normal -0.999039 0.0438279 0
    outer loop
      vertex 19.7 0 4
      vertex 19.6935 -0.148165 0
      vertex 19.6935 -0.148165 4
    endloop
  endfacet
  facet normal 0.991443 -0.130542 0
    outer loop
      vertex 8.30647 0.148165 4
      vertex 8.32583 0.295201 0
      vertex 8.32583 0.295201 4
    endloop
  endfacet
  facet normal 0.991443 -0.130542 0
    outer loop
      vertex 8.32583 0.295201 0
      vertex 8.30647 0.148165 4
      vertex 8.30647 0.148165 0
    endloop
  endfacet
  facet normal -0.7933 0.608831 0
    outer loop
      vertex 19.3023 -1.09274 0
      vertex 19.3926 -0.97508 4
      vertex 19.3926 -0.97508 0
    endloop
  endfacet
  facet normal -0.7933 0.608831 0
    outer loop
      vertex 19.3926 -0.97508 4
      vertex 19.3023 -1.09274 0
      vertex 19.3023 -1.09274 4
    endloop
  endfacet
  facet normal -0.0436157 0.999048 0
    outer loop
      vertex 18.1482 -1.69353 0
      vertex 18 -1.7 4.2
      vertex 18.1482 -1.69353 4.2
    endloop
  endfacet
  facet normal -0.0436157 0.999048 0
    outer loop
      vertex 18 -1.7 4.2
      vertex 18.1482 -1.69353 0
      vertex 18 -1.7 0
    endloop
  endfacet
  facet normal -0.0436157 -0.999048 0
    outer loop
      vertex 18 1.7 0
      vertex 18.1482 1.69353 4.2
      vertex 18 1.7 4.2
    endloop
  endfacet
  facet normal -0.0436157 -0.999048 -0
    outer loop
      vertex 18.1482 1.69353 4.2
      vertex 18 1.7 0
      vertex 18.1482 1.69353 0
    endloop
  endfacet
  facet normal -0.216431 0.976298 0
    outer loop
      vertex 18.44 -1.64207 0
      vertex 18.2952 -1.67417 4.2
      vertex 18.44 -1.64207 4.2
    endloop
  endfacet
  facet normal -0.216431 0.976298 0
    outer loop
      vertex 18.2952 -1.67417 4.2
      vertex 18.44 -1.64207 0
      vertex 18.2952 -1.67417 0
    endloop
  endfacet
  facet normal -0.991495 -0.130144 0
    outer loop
      vertex 19.6935 0.148165 0
      vertex 19.6742 0.295201 4
      vertex 19.6742 0.295201 0
    endloop
  endfacet
  facet normal -0.991495 -0.130144 0
    outer loop
      vertex 19.6742 0.295201 4
      vertex 19.6935 0.148165 0
      vertex 19.6935 0.148165 4
    endloop
  endfacet
  facet normal -0.999039 -0.0438279 0
    outer loop
      vertex 19.7 0 0
      vertex 19.6935 0.148165 4
      vertex 19.6935 0.148165 0
    endloop
  endfacet
  facet normal -0.999039 -0.0438279 0
    outer loop
      vertex 19.6935 0.148165 4
      vertex 19.7 0 0
      vertex 19.7 0 4
    endloop
  endfacet
  facet normal 0.216445 -0.976295 0
    outer loop
      vertex 9.56001 1.64207 0
      vertex 9.7048 1.67417 4
      vertex 9.56001 1.64207 4
    endloop
  endfacet
  facet normal 0.216445 -0.976295 0
    outer loop
      vertex 9.7048 1.67417 4
      vertex 9.56001 1.64207 0
      vertex 9.7048 1.67417 0
    endloop
  endfacet
  facet normal 0.793365 -0.608746 0
    outer loop
      vertex 8.60744 0.97508 4
      vertex 8.69772 1.09274 0
      vertex 8.69772 1.09274 4
    endloop
  endfacet
  facet normal 0.793365 -0.608746 0
    outer loop
      vertex 8.69772 1.09274 0
      vertex 8.60744 0.97508 4
      vertex 8.60744 0.97508 0
    endloop
  endfacet
  facet normal 0.737249 -0.675621 0
    outer loop
      vertex 8.69772 1.09274 4
      vertex 8.79792 1.20208 0
      vertex 8.79792 1.20208 4
    endloop
  endfacet
  facet normal 0.737249 -0.675621 0
    outer loop
      vertex 8.79792 1.20208 0
      vertex 8.69772 1.09274 4
      vertex 8.69772 1.09274 0
    endloop
  endfacet
  facet normal 0.976295 -0.216444 0
    outer loop
      vertex 8.32583 0.295201 4
      vertex 8.35793 0.439992 0
      vertex 8.35793 0.439992 4
    endloop
  endfacet
  facet normal 0.976295 -0.216444 0
    outer loop
      vertex 8.35793 0.439992 0
      vertex 8.32583 0.295201 4
      vertex 8.32583 0.295201 0
    endloop
  endfacet
  facet normal -0.608984 0.793183 0
    outer loop
      vertex 19.0927 -1.30227 0
      vertex 18.9751 -1.39256 4
      vertex 19.0927 -1.30227 4
    endloop
  endfacet
  facet normal -0.608984 0.793183 0
    outer loop
      vertex 18.9751 -1.39256 4
      vertex 19.0927 -1.30227 0
      vertex 18.9751 -1.39256 0
    endloop
  endfacet
  facet normal 0.130547 0.991442 -0
    outer loop
      vertex 9.85183 -1.69353 0
      vertex 9.7048 -1.67417 4
      vertex 9.85183 -1.69353 4
    endloop
  endfacet
  facet normal 0.130547 0.991442 0
    outer loop
      vertex 9.7048 -1.67417 4
      vertex 9.85183 -1.69353 0
      vertex 9.7048 -1.67417 0
    endloop
  endfacet
  facet normal -0.95371 0.300729 0
    outer loop
      vertex 19.5975 -0.581433 0
      vertex 19.6421 -0.439992 4
      vertex 19.6421 -0.439992 0
    endloop
  endfacet
  facet normal -0.95371 0.300729 0
    outer loop
      vertex 19.6421 -0.439992 4
      vertex 19.5975 -0.581433 0
      vertex 19.5975 -0.581433 4
    endloop
  endfacet
  facet normal -0.130573 0.991439 0
    outer loop
      vertex 18.2952 -1.67417 0
      vertex 18.1482 -1.69353 4.2
      vertex 18.2952 -1.67417 4.2
    endloop
  endfacet
  facet normal -0.130573 0.991439 0
    outer loop
      vertex 18.1482 -1.69353 4.2
      vertex 18.2952 -1.67417 0
      vertex 18.1482 -1.69353 0
    endloop
  endfacet
  facet normal 0.737249 0.675621 0
    outer loop
      vertex 8.79792 -1.20208 4
      vertex 8.69772 -1.09274 0
      vertex 8.69772 -1.09274 4
    endloop
  endfacet
  facet normal 0.737249 0.675621 0
    outer loop
      vertex 8.69772 -1.09274 0
      vertex 8.79792 -1.20208 4
      vertex 8.79792 -1.20208 0
    endloop
  endfacet
  facet normal -0.382518 -0.923948 0
    outer loop
      vertex 18.5814 1.59748 0
      vertex 18.7185 1.54072 4
      vertex 18.5814 1.59748 4
    endloop
  endfacet
  facet normal -0.382518 -0.923948 -0
    outer loop
      vertex 18.7185 1.54072 4
      vertex 18.5814 1.59748 0
      vertex 18.7185 1.54072 0
    endloop
  endfacet
  facet normal 0.843408 -0.537274 0
    outer loop
      vertex 8.52776 0.849999 4
      vertex 8.60744 0.97508 0
      vertex 8.60744 0.97508 4
    endloop
  endfacet
  facet normal 0.843408 -0.537274 0
    outer loop
      vertex 8.60744 0.97508 0
      vertex 8.52776 0.849999 4
      vertex 8.52776 0.849999 0
    endloop
  endfacet
  facet normal -0.300971 0.953633 0
    outer loop
      vertex 18.5814 -1.59748 4
      vertex 18.5814 -1.59748 0
      vertex 18.55 -1.60739 4
    endloop
  endfacet
  facet normal -0.300683 0.953724 0
    outer loop
      vertex 18.55 -1.60739 4
      vertex 18.44 -1.64207 4.2
      vertex 18.55 -1.60739 4.2
    endloop
  endfacet
  facet normal -0.300747 0.953704 1.93574e-06
    outer loop
      vertex 18.44 -1.64207 0
      vertex 18.55 -1.60739 4
      vertex 18.5814 -1.59748 0
    endloop
  endfacet
  facet normal -0.300683 0.953724 0
    outer loop
      vertex 18.55 -1.60739 4
      vertex 18.44 -1.64207 0
      vertex 18.44 -1.64207 4.2
    endloop
  endfacet
  facet normal -0.675383 0.737467 0
    outer loop
      vertex 19.2021 -1.20208 0
      vertex 19.0927 -1.30227 4
      vertex 19.2021 -1.20208 4
    endloop
  endfacet
  facet normal -0.675383 0.737467 0
    outer loop
      vertex 19.0927 -1.30227 4
      vertex 19.2021 -1.20208 0
      vertex 19.0927 -1.30227 0
    endloop
  endfacet
  facet normal 0.608788 -0.793333 0
    outer loop
      vertex 8.90726 1.30227 0
      vertex 9.02492 1.39256 4
      vertex 8.90726 1.30227 4
    endloop
  endfacet
  facet normal 0.608788 -0.793333 0
    outer loop
      vertex 9.02492 1.39256 4
      vertex 8.90726 1.30227 0
      vertex 9.02492 1.39256 0
    endloop
  endfacet
  facet normal -0.95371 -0.300729 0
    outer loop
      vertex 19.6421 0.439992 0
      vertex 19.5975 0.581433 4
      vertex 19.5975 0.581433 0
    endloop
  endfacet
  facet normal -0.95371 -0.300729 0
    outer loop
      vertex 19.5975 0.581433 4
      vertex 19.6421 0.439992 0
      vertex 19.6421 0.439992 4
    endloop
  endfacet
  facet normal 0.30067 -0.953728 0
    outer loop
      vertex 9.41857 1.59748 0
      vertex 9.56001 1.64207 4
      vertex 9.41857 1.59748 4
    endloop
  endfacet
  facet normal 0.30067 -0.953728 0
    outer loop
      vertex 9.56001 1.64207 4
      vertex 9.41857 1.59748 0
      vertex 9.56001 1.64207 0
    endloop
  endfacet
  facet normal 0.999048 -0.043626 0
    outer loop
      vertex 8.3 0 4
      vertex 8.30647 0.148165 0
      vertex 8.30647 0.148165 4
    endloop
  endfacet
  facet normal 0.999048 -0.043626 0
    outer loop
      vertex 8.30647 0.148165 0
      vertex 8.3 0 4
      vertex 8.3 0 0
    endloop
  endfacet
  facet normal 0.976295 0.216444 0
    outer loop
      vertex 8.35793 -0.439992 4
      vertex 8.32583 -0.295201 0
      vertex 8.32583 -0.295201 4
    endloop
  endfacet
  facet normal 0.976295 0.216444 0
    outer loop
      vertex 8.32583 -0.295201 0
      vertex 8.35793 -0.439992 4
      vertex 8.35793 -0.439992 0
    endloop
  endfacet
  facet normal -0.923772 -0.382944 0
    outer loop
      vertex 19.5975 0.581433 0
      vertex 19.5407 0.718451 4
      vertex 19.5407 0.718451 0
    endloop
  endfacet
  facet normal -0.923772 -0.382944 0
    outer loop
      vertex 19.5407 0.718451 4
      vertex 19.5975 0.581433 0
      vertex 19.5975 0.581433 4
    endloop
  endfacet
  facet normal 0.953729 -0.300668 0
    outer loop
      vertex 8.35793 0.439992 4
      vertex 8.40252 0.581433 0
      vertex 8.40252 0.581433 4
    endloop
  endfacet
  facet normal 0.953729 -0.300668 0
    outer loop
      vertex 8.40252 0.581433 0
      vertex 8.35793 0.439992 4
      vertex 8.35793 0.439992 0
    endloop
  endfacet
  facet normal 0 1 -0
    outer loop
      vertex 18 -1.7 0
      vertex 16.9 -1.7 4.2
      vertex 18 -1.7 4.2
    endloop
  endfacet
  facet normal 0 1 0
    outer loop
      vertex 16.9 -1.7 4.2
      vertex 18 -1.7 0
      vertex 16.9 -1.7 0
    endloop
  endfacet
  facet normal 0 1 -0
    outer loop
      vertex 13.1 -1.7 0
      vertex 10 -1.7 4
      vertex 13.1 -1.7 4
    endloop
  endfacet
  facet normal 0 1 0
    outer loop
      vertex 10 -1.7 4
      vertex 13.1 -1.7 0
      vertex 10 -1.7 0
    endloop
  endfacet
  facet normal 0.537277 0.843406 -0
    outer loop
      vertex 9.15 -1.47224 0
      vertex 9.02492 -1.39256 4
      vertex 9.15 -1.47224 4
    endloop
  endfacet
  facet normal 0.537277 0.843406 0
    outer loop
      vertex 9.02492 -1.39256 4
      vertex 9.15 -1.47224 0
      vertex 9.02492 -1.39256 0
    endloop
  endfacet
  facet normal 0.608788 0.793333 -0
    outer loop
      vertex 9.02492 -1.39256 0
      vertex 8.90726 -1.30227 4
      vertex 9.02492 -1.39256 4
    endloop
  endfacet
  facet normal 0.608788 0.793333 0
    outer loop
      vertex 8.90726 -1.30227 4
      vertex 9.02492 -1.39256 0
      vertex 8.90726 -1.30227 0
    endloop
  endfacet
  facet normal 0.382709 -0.923869 0
    outer loop
      vertex 9.28155 1.54072 0
      vertex 9.41857 1.59748 4
      vertex 9.28155 1.54072 4
    endloop
  endfacet
  facet normal 0.382709 -0.923869 0
    outer loop
      vertex 9.41857 1.59748 4
      vertex 9.28155 1.54072 0
      vertex 9.41857 1.59748 0
    endloop
  endfacet
  facet normal -0.300683 -0.953724 0
    outer loop
      vertex 18.44 1.64207 4.2
      vertex 18.55 1.60739 4
      vertex 18.55 1.60739 4.2
    endloop
  endfacet
  facet normal -0.300683 -0.953724 0
    outer loop
      vertex 18.44 1.64207 0
      vertex 18.55 1.60739 4
      vertex 18.44 1.64207 4.2
    endloop
  endfacet
  facet normal -0.300747 -0.953704 1.93574e-06
    outer loop
      vertex 18.5814 1.59748 0
      vertex 18.55 1.60739 4
      vertex 18.44 1.64207 0
    endloop
  endfacet
  facet normal -0.300971 -0.953633 0
    outer loop
      vertex 18.55 1.60739 4
      vertex 18.5814 1.59748 0
      vertex 18.5814 1.59748 4
    endloop
  endfacet
  facet normal -0.7933 -0.608831 0
    outer loop
      vertex 19.3926 0.97508 0
      vertex 19.3023 1.09274 4
      vertex 19.3023 1.09274 0
    endloop
  endfacet
  facet normal -0.7933 -0.608831 0
    outer loop
      vertex 19.3023 1.09274 4
      vertex 19.3926 0.97508 0
      vertex 19.3926 0.97508 4
    endloop
  endfacet
  facet normal 0.537277 -0.843406 0
    outer loop
      vertex 9.02492 1.39256 0
      vertex 9.15 1.47224 4
      vertex 9.02492 1.39256 4
    endloop
  endfacet
  facet normal 0.537277 -0.843406 0
    outer loop
      vertex 9.15 1.47224 4
      vertex 9.02492 1.39256 0
      vertex 9.15 1.47224 0
    endloop
  endfacet
  facet normal 0.130547 -0.991442 0
    outer loop
      vertex 9.7048 1.67417 0
      vertex 9.85183 1.69353 4
      vertex 9.7048 1.67417 4
    endloop
  endfacet
  facet normal 0.130547 -0.991442 0
    outer loop
      vertex 9.85183 1.69353 4
      vertex 9.7048 1.67417 0
      vertex 9.85183 1.69353 0
    endloop
  endfacet
  facet normal -0.976295 -0.216444 0
    outer loop
      vertex 19.6742 0.295201 0
      vertex 19.6421 0.439992 4
      vertex 19.6421 0.439992 0
    endloop
  endfacet
  facet normal -0.976295 -0.216444 0
    outer loop
      vertex 19.6421 0.439992 4
      vertex 19.6742 0.295201 0
      vertex 19.6742 0.295201 4
    endloop
  endfacet
  facet normal 0.88701 -0.461751 0
    outer loop
      vertex 8.45928 0.718451 4
      vertex 8.52776 0.849999 0
      vertex 8.52776 0.849999 4
    endloop
  endfacet
  facet normal 0.88701 -0.461751 0
    outer loop
      vertex 8.52776 0.849999 0
      vertex 8.45928 0.718451 4
      vertex 8.45928 0.718451 0
    endloop
  endfacet
  facet normal 0.923867 -0.382714 0
    outer loop
      vertex 8.40252 0.581433 4
      vertex 8.45928 0.718451 0
      vertex 8.45928 0.718451 4
    endloop
  endfacet
  facet normal 0.923867 -0.382714 0
    outer loop
      vertex 8.45928 0.718451 0
      vertex 8.40252 0.581433 4
      vertex 8.40252 0.581433 0
    endloop
  endfacet
  facet normal 0.675584 0.737283 -0
    outer loop
      vertex 8.90726 -1.30227 0
      vertex 8.79792 -1.20208 4
      vertex 8.90726 -1.30227 4
    endloop
  endfacet
  facet normal 0.675584 0.737283 0
    outer loop
      vertex 8.79792 -1.20208 4
      vertex 8.90726 -1.30227 0
      vertex 8.79792 -1.20208 0
    endloop
  endfacet
  facet normal 0.0436245 -0.999048 0
    outer loop
      vertex 9.85183 1.69353 0
      vertex 10 1.7 4
      vertex 9.85183 1.69353 4
    endloop
  endfacet
  facet normal 0.0436245 -0.999048 0
    outer loop
      vertex 10 1.7 4
      vertex 9.85183 1.69353 0
      vertex 10 1.7 0
    endloop
  endfacet
  facet normal -0.461884 -0.886941 0
    outer loop
      vertex 18.7185 1.54072 0
      vertex 18.85 1.47224 4
      vertex 18.7185 1.54072 4
    endloop
  endfacet
  facet normal -0.461884 -0.886941 -0
    outer loop
      vertex 18.85 1.47224 4
      vertex 18.7185 1.54072 0
      vertex 18.85 1.47224 0
    endloop
  endfacet
  facet normal -0.886954 0.461857 0
    outer loop
      vertex 19.4722 -0.849999 0
      vertex 19.5407 -0.718451 4
      vertex 19.5407 -0.718451 0
    endloop
  endfacet
  facet normal -0.886954 0.461857 0
    outer loop
      vertex 19.5407 -0.718451 4
      vertex 19.4722 -0.849999 0
      vertex 19.4722 -0.849999 4
    endloop
  endfacet
  facet normal -0.537216 -0.843445 0
    outer loop
      vertex 18.85 1.47224 0
      vertex 18.9751 1.39256 4
      vertex 18.85 1.47224 4
    endloop
  endfacet
  facet normal -0.537216 -0.843445 -0
    outer loop
      vertex 18.9751 1.39256 4
      vertex 18.85 1.47224 0
      vertex 18.9751 1.39256 0
    endloop
  endfacet
  facet normal 0.675584 -0.737283 0
    outer loop
      vertex 8.79792 1.20208 0
      vertex 8.90726 1.30227 4
      vertex 8.79792 1.20208 4
    endloop
  endfacet
  facet normal 0.675584 -0.737283 0
    outer loop
      vertex 8.90726 1.30227 4
      vertex 8.79792 1.20208 0
      vertex 8.90726 1.30227 0
    endloop
  endfacet
  facet normal 0.923867 0.382714 0
    outer loop
      vertex 8.45928 -0.718451 4
      vertex 8.40252 -0.581433 0
      vertex 8.40252 -0.581433 4
    endloop
  endfacet
  facet normal 0.923867 0.382714 0
    outer loop
      vertex 8.40252 -0.581433 0
      vertex 8.45928 -0.718451 4
      vertex 8.45928 -0.718451 0
    endloop
  endfacet
  facet normal -0.976295 0.216444 0
    outer loop
      vertex 19.6421 -0.439992 0
      vertex 19.6742 -0.295201 4
      vertex 19.6742 -0.295201 0
    endloop
  endfacet
  facet normal -0.976295 0.216444 0
    outer loop
      vertex 19.6742 -0.295201 4
      vertex 19.6421 -0.439992 0
      vertex 19.6421 -0.439992 4
    endloop
  endfacet
  facet normal -0.991495 0.130144 0
    outer loop
      vertex 19.6742 -0.295201 0
      vertex 19.6935 -0.148165 4
      vertex 19.6935 -0.148165 0
    endloop
  endfacet
  facet normal -0.991495 0.130144 0
    outer loop
      vertex 19.6935 -0.148165 4
      vertex 19.6742 -0.295201 0
      vertex 19.6742 -0.295201 4
    endloop
  endfacet
  facet normal -0.537216 0.843445 0
    outer loop
      vertex 18.9751 -1.39256 0
      vertex 18.85 -1.47224 4
      vertex 18.9751 -1.39256 4
    endloop
  endfacet
  facet normal -0.537216 0.843445 0
    outer loop
      vertex 18.85 -1.47224 4
      vertex 18.9751 -1.39256 0
      vertex 18.85 -1.47224 0
    endloop
  endfacet
  facet normal -0.675383 -0.737467 0
    outer loop
      vertex 19.0927 1.30227 0
      vertex 19.2021 1.20208 4
      vertex 19.0927 1.30227 4
    endloop
  endfacet
  facet normal -0.675383 -0.737467 -0
    outer loop
      vertex 19.2021 1.20208 4
      vertex 19.0927 1.30227 0
      vertex 19.2021 1.20208 0
    endloop
  endfacet
  facet normal -0.608984 -0.793183 0
    outer loop
      vertex 18.9751 1.39256 0
      vertex 19.0927 1.30227 4
      vertex 18.9751 1.39256 4
    endloop
  endfacet
  facet normal -0.608984 -0.793183 -0
    outer loop
      vertex 19.0927 1.30227 4
      vertex 18.9751 1.39256 0
      vertex 19.0927 1.30227 0
    endloop
  endfacet
  facet normal 0.88701 0.461751 0
    outer loop
      vertex 8.52776 -0.849999 4
      vertex 8.45928 -0.718451 0
      vertex 8.45928 -0.718451 4
    endloop
  endfacet
  facet normal 0.88701 0.461751 0
    outer loop
      vertex 8.45928 -0.718451 0
      vertex 8.52776 -0.849999 4
      vertex 8.52776 -0.849999 0
    endloop
  endfacet
  facet normal 0.953729 0.300668 0
    outer loop
      vertex 8.40252 -0.581433 4
      vertex 8.35793 -0.439992 0
      vertex 8.35793 -0.439992 4
    endloop
  endfacet
  facet normal 0.953729 0.300668 0
    outer loop
      vertex 8.35793 -0.439992 0
      vertex 8.40252 -0.581433 4
      vertex 8.40252 -0.581433 0
    endloop
  endfacet
  facet normal -0.216431 -0.976298 0
    outer loop
      vertex 18.2952 1.67417 0
      vertex 18.44 1.64207 4.2
      vertex 18.2952 1.67417 4.2
    endloop
  endfacet
  facet normal -0.216431 -0.976298 -0
    outer loop
      vertex 18.44 1.64207 4.2
      vertex 18.2952 1.67417 0
      vertex 18.44 1.64207 0
    endloop
  endfacet
  facet normal 0.793365 0.608746 0
    outer loop
      vertex 8.69772 -1.09274 4
      vertex 8.60744 -0.97508 0
      vertex 8.60744 -0.97508 4
    endloop
  endfacet
  facet normal 0.793365 0.608746 0
    outer loop
      vertex 8.60744 -0.97508 0
      vertex 8.69772 -1.09274 4
      vertex 8.69772 -1.09274 0
    endloop
  endfacet
  facet normal 0.461745 0.887012 -0
    outer loop
      vertex 9.28155 -1.54072 0
      vertex 9.15 -1.47224 4
      vertex 9.28155 -1.54072 4
    endloop
  endfacet
  facet normal 0.461745 0.887012 0
    outer loop
      vertex 9.15 -1.47224 4
      vertex 9.28155 -1.54072 0
      vertex 9.15 -1.47224 0
    endloop
  endfacet
  facet normal 0 0 -1
    outer loop
      vertex 16.55 -8.35 4.2
      vertex 16.9 -1.7 4.2
      vertex 16.9 -8.35 4.2
    endloop
  endfacet
  facet normal -0 0 -1
    outer loop
      vertex 16.9 -1.7 4.2
      vertex 16.55 -8.35 4.2
      vertex 16.9 1.7 4.2
    endloop
  endfacet
  facet normal 0 0 -1
    outer loop
      vertex 16.55 8.35 4.2
      vertex 16.9 1.7 4.2
      vertex 16.55 -8.35 4.2
    endloop
  endfacet
  facet normal 0 0 -1
    outer loop
      vertex 16.9 1.7 4.2
      vertex 16.55 8.35 4.2
      vertex 16.9 8.35 4.2
    endloop
  endfacet
  facet normal 0 0 -1
    outer loop
      vertex 18.44 -1.64207 4.2
      vertex 18.55 1.60739 4.2
      vertex 18.55 -1.60739 4.2
    endloop
  endfacet
  facet normal 0 0 -1
    outer loop
      vertex 18.44 -1.64207 4.2
      vertex 18.44 1.64207 4.2
      vertex 18.55 1.60739 4.2
    endloop
  endfacet
  facet normal 0 0 -1
    outer loop
      vertex 18.2952 -1.67417 4.2
      vertex 18.44 1.64207 4.2
      vertex 18.44 -1.64207 4.2
    endloop
  endfacet
  facet normal 0 0 -1
    outer loop
      vertex 18.2952 -1.67417 4.2
      vertex 18.2952 1.67417 4.2
      vertex 18.44 1.64207 4.2
    endloop
  endfacet
  facet normal 0 0 -1
    outer loop
      vertex 18.1482 -1.69353 4.2
      vertex 18.2952 1.67417 4.2
      vertex 18.2952 -1.67417 4.2
    endloop
  endfacet
  facet normal 0 0 -1
    outer loop
      vertex 18.1482 -1.69353 4.2
      vertex 18.1482 1.69353 4.2
      vertex 18.2952 1.67417 4.2
    endloop
  endfacet
  facet normal 0 0 -1
    outer loop
      vertex 18 -1.7 4.2
      vertex 18.1482 1.69353 4.2
      vertex 18.1482 -1.69353 4.2
    endloop
  endfacet
  facet normal 0 0 -1
    outer loop
      vertex 18 -1.7 4.2
      vertex 18 1.7 4.2
      vertex 18.1482 1.69353 4.2
    endloop
  endfacet
  facet normal 0 0 -1
    outer loop
      vertex 16.9 -1.7 4.2
      vertex 18 1.7 4.2
      vertex 18 -1.7 4.2
    endloop
  endfacet
  facet normal -0 0 -1
    outer loop
      vertex 18 1.7 4.2
      vertex 16.9 -1.7 4.2
      vertex 16.9 1.7 4.2
    endloop
  endfacet
  facet normal -0.843652 -0.53689 0
    outer loop
      vertex 19.4722 0.849999 0
      vertex 19.3926 0.97508 4
      vertex 19.3926 0.97508 0
    endloop
  endfacet
  facet normal -0.843652 -0.53689 0
    outer loop
      vertex 19.3926 0.97508 4
      vertex 19.4722 0.849999 0
      vertex 19.4722 0.849999 4
    endloop
  endfacet
  facet normal -0.886954 -0.461857 0
    outer loop
      vertex 19.5407 0.718451 0
      vertex 19.4722 0.849999 4
      vertex 19.4722 0.849999 0
    endloop
  endfacet
  facet normal -0.886954 -0.461857 0
    outer loop
      vertex 19.4722 0.849999 4
      vertex 19.5407 0.718451 0
      vertex 19.5407 0.718451 4
    endloop
  endfacet
  facet normal -0.382518 0.923948 0
    outer loop
      vertex 18.7185 -1.54072 0
      vertex 18.5814 -1.59748 4
      vertex 18.7185 -1.54072 4
    endloop
  endfacet
  facet normal -0.382518 0.923948 0
    outer loop
      vertex 18.5814 -1.59748 4
      vertex 18.7185 -1.54072 0
      vertex 18.5814 -1.59748 0
    endloop
  endfacet
  facet normal -0.843652 0.53689 0
    outer loop
      vertex 19.3926 -0.97508 0
      vertex 19.4722 -0.849999 4
      vertex 19.4722 -0.849999 0
    endloop
  endfacet
  facet normal -0.843652 0.53689 0
    outer loop
      vertex 19.4722 -0.849999 4
      vertex 19.3926 -0.97508 0
      vertex 19.3926 -0.97508 4
    endloop
  endfacet
  facet normal 0.382709 0.923869 -0
    outer loop
      vertex 9.41857 -1.59748 0
      vertex 9.28155 -1.54072 4
      vertex 9.41857 -1.59748 4
    endloop
  endfacet
  facet normal 0.382709 0.923869 0
    outer loop
      vertex 9.28155 -1.54072 4
      vertex 9.41857 -1.59748 0
      vertex 9.28155 -1.54072 0
    endloop
  endfacet
  facet normal -0.923772 0.382944 0
    outer loop
      vertex 19.5407 -0.718451 0
      vertex 19.5975 -0.581433 4
      vertex 19.5975 -0.581433 0
    endloop
  endfacet
  facet normal -0.923772 0.382944 0
    outer loop
      vertex 19.5975 -0.581433 4
      vertex 19.5407 -0.718451 0
      vertex 19.5407 -0.718451 4
    endloop
  endfacet
  facet normal -0.737249 -0.675621 0
    outer loop
      vertex 19.3023 1.09274 0
      vertex 19.2021 1.20208 4
      vertex 19.2021 1.20208 0
    endloop
  endfacet
  facet normal -0.737249 -0.675621 0
    outer loop
      vertex 19.2021 1.20208 4
      vertex 19.3023 1.09274 0
      vertex 19.3023 1.09274 4
    endloop
  endfacet
  facet normal -0.461884 0.886941 0
    outer loop
      vertex 18.85 -1.47224 0
      vertex 18.7185 -1.54072 4
      vertex 18.85 -1.47224 4
    endloop
  endfacet
  facet normal -0.461884 0.886941 0
    outer loop
      vertex 18.7185 -1.54072 4
      vertex 18.85 -1.47224 0
      vertex 18.7185 -1.54072 0
    endloop
  endfacet
  facet normal -0.737249 0.675621 0
    outer loop
      vertex 19.2021 -1.20208 0
      vertex 19.3023 -1.09274 4
      vertex 19.3023 -1.09274 0
    endloop
  endfacet
  facet normal -0.737249 0.675621 0
    outer loop
      vertex 19.3023 -1.09274 4
      vertex 19.2021 -1.20208 0
      vertex 19.2021 -1.20208 4
    endloop
  endfacet
  facet normal 0.30067 0.953728 -0
    outer loop
      vertex 9.56001 -1.64207 0
      vertex 9.41857 -1.59748 4
      vertex 9.56001 -1.64207 4
    endloop
  endfacet
  facet normal 0.30067 0.953728 0
    outer loop
      vertex 9.41857 -1.59748 4
      vertex 9.56001 -1.64207 0
      vertex 9.41857 -1.59748 0
    endloop
  endfacet
  facet normal 0.843408 0.537274 0
    outer loop
      vertex 8.60744 -0.97508 4
      vertex 8.52776 -0.849999 0
      vertex 8.52776 -0.849999 4
    endloop
  endfacet
  facet normal 0.843408 0.537274 0
    outer loop
      vertex 8.52776 -0.849999 0
      vertex 8.60744 -0.97508 4
      vertex 8.60744 -0.97508 0
    endloop
  endfacet
  facet normal 0.216445 0.976295 -0
    outer loop
      vertex 9.7048 -1.67417 0
      vertex 9.56001 -1.64207 4
      vertex 9.7048 -1.67417 4
    endloop
  endfacet
  facet normal 0.216445 0.976295 0
    outer loop
      vertex 9.56001 -1.64207 4
      vertex 9.7048 -1.67417 0
      vertex 9.56001 -1.64207 0
    endloop
  endfacet
  facet normal -0.97621 -0.216829 0
    outer loop
      vertex -13.1182 10.0084 0
      vertex -13.1409 10.1106 4
      vertex -13.1409 10.1106 0
    endloop
  endfacet
  facet normal -0.97621 -0.216829 0
    outer loop
      vertex -13.1409 10.1106 4
      vertex -13.1182 10.0084 0
      vertex -13.1182 10.0084 4
    endloop
  endfacet
  facet normal -0.0439346 0.999034 0
    outer loop
      vertex -14.1954 -10.9954 0
      vertex -14.3 -11 4
      vertex -14.1954 -10.9954 4
    endloop
  endfacet
  facet normal -0.0439346 0.999034 0
    outer loop
      vertex -14.3 -11 4
      vertex -14.1954 -10.9954 0
      vertex -14.3 -11 0
    endloop
  endfacet
  facet normal 0.675378 0.737471 -0
    outer loop
      vertex -16.4713 -10.7192 0
      vertex -16.5485 -10.6485 4
      vertex -16.4713 -10.7192 4
    endloop
  endfacet
  facet normal 0.675378 0.737471 0
    outer loop
      vertex -16.5485 -10.6485 4
      vertex -16.4713 -10.7192 0
      vertex -16.5485 -10.6485 0
    endloop
  endfacet
  facet normal -0.97621 0.216829 0
    outer loop
      vertex -13.1409 -10.1106 0
      vertex -13.1182 -10.0084 4
      vertex -13.1182 -10.0084 0
    endloop
  endfacet
  facet normal -0.97621 0.216829 0
    outer loop
      vertex -13.1182 -10.0084 4
      vertex -13.1409 -10.1106 0
      vertex -13.1409 -10.1106 4
    endloop
  endfacet
  facet normal -0.886857 -0.462044 0
    outer loop
      vertex -13.2124 10.3071 0
      vertex -13.2608 10.4 4
      vertex -13.2608 10.4 0
    endloop
  endfacet
  facet normal -0.886857 -0.462044 0
    outer loop
      vertex -13.2608 10.4 4
      vertex -13.2124 10.3071 0
      vertex -13.2124 10.3071 4
    endloop
  endfacet
  facet normal 0.991531 -0.129874 0
    outer loop
      vertex -16.8954 9.90457 4
      vertex -16.8818 10.0084 0
      vertex -16.8818 10.0084 4
    endloop
  endfacet
  facet normal 0.991531 -0.129874 0
    outer loop
      vertex -16.8818 10.0084 0
      vertex -16.8954 9.90457 4
      vertex -16.8954 9.90457 0
    endloop
  endfacet
  facet normal -0.382239 0.924063 0
    outer loop
      vertex -13.7929 -10.8876 0
      vertex -13.8896 -10.9276 4
      vertex -13.7929 -10.8876 4
    endloop
  endfacet
  facet normal -0.382239 0.924063 0
    outer loop
      vertex -13.8896 -10.9276 4
      vertex -13.7929 -10.8876 0
      vertex -13.8896 -10.9276 0
    endloop
  endfacet
  facet normal 0.886857 -0.462044 0
    outer loop
      vertex -16.7876 10.3071 4
      vertex -16.7392 10.4 0
      vertex -16.7392 10.4 4
    endloop
  endfacet
  facet normal 0.886857 -0.462044 0
    outer loop
      vertex -16.7392 10.4 0
      vertex -16.7876 10.3071 4
      vertex -16.7876 10.3071 0
    endloop
  endfacet
  facet normal 0.462044 -0.886857 0
    outer loop
      vertex -16.3 10.8392 0
      vertex -16.2071 10.8876 4
      vertex -16.3 10.8392 4
    endloop
  endfacet
  facet normal 0.462044 -0.886857 0
    outer loop
      vertex -16.2071 10.8876 4
      vertex -16.3 10.8392 0
      vertex -16.2071 10.8876 0
    endloop
  endfacet
  facet normal -0.609434 0.792837 0
    outer loop
      vertex -13.5287 -10.7192 0
      vertex -13.6117 -10.783 4
      vertex -13.5287 -10.7192 4
    endloop
  endfacet
  facet normal -0.609434 0.792837 0
    outer loop
      vertex -13.6117 -10.783 4
      vertex -13.5287 -10.7192 0
      vertex -13.6117 -10.783 0
    endloop
  endfacet
  facet normal 0.792837 0.609434 0
    outer loop
      vertex -16.6192 -10.5713 4
      vertex -16.683 -10.4883 0
      vertex -16.683 -10.4883 4
    endloop
  endfacet
  facet normal 0.792837 0.609434 0
    outer loop
      vertex -16.683 -10.4883 0
      vertex -16.6192 -10.5713 4
      vertex -16.6192 -10.5713 0
    endloop
  endfacet
  facet normal -0.0439346 -0.999034 0
    outer loop
      vertex -14.3 11 0
      vertex -14.1954 10.9954 4
      vertex -14.3 11 4
    endloop
  endfacet
  facet normal -0.0439346 -0.999034 -0
    outer loop
      vertex -14.1954 10.9954 4
      vertex -14.3 11 0
      vertex -14.1954 10.9954 0
    endloop
  endfacet
  facet normal -0.953626 0.300994 0
    outer loop
      vertex -13.1724 -10.2104 0
      vertex -13.1409 -10.1106 4
      vertex -13.1409 -10.1106 0
    endloop
  endfacet
  facet normal -0.953626 0.300994 0
    outer loop
      vertex -13.1409 -10.1106 4
      vertex -13.1724 -10.2104 0
      vertex -13.1724 -10.2104 4
    endloop
  endfacet
  facet normal -0.462044 -0.886857 0
    outer loop
      vertex -13.7929 10.8876 0
      vertex -13.7 10.8392 4
      vertex -13.7929 10.8876 4
    endloop
  endfacet
  facet normal -0.462044 -0.886857 -0
    outer loop
      vertex -13.7 10.8392 4
      vertex -13.7929 10.8876 0
      vertex -13.7 10.8392 0
    endloop
  endfacet
  facet normal 0.999034 -0.043943 0
    outer loop
      vertex -16.9 9.79999 4
      vertex -16.8954 9.90457 0
      vertex -16.8954 9.90457 4
    endloop
  endfacet
  facet normal 0.999034 -0.043943 0
    outer loop
      vertex -16.8954 9.90457 0
      vertex -16.9 9.79999 4
      vertex -16.9 9.79999 0
    endloop
  endfacet
  facet normal 0.462044 0.886857 -0
    outer loop
      vertex -16.2071 -10.8876 0
      vertex -16.3 -10.8392 4
      vertex -16.2071 -10.8876 4
    endloop
  endfacet
  facet normal 0.462044 0.886857 0
    outer loop
      vertex -16.3 -10.8392 4
      vertex -16.2071 -10.8876 0
      vertex -16.3 -10.8392 0
    endloop
  endfacet
  facet normal -0.609434 -0.792837 0
    outer loop
      vertex -13.6117 10.783 0
      vertex -13.5287 10.7192 4
      vertex -13.6117 10.783 4
    endloop
  endfacet
  facet normal -0.609434 -0.792837 -0
    outer loop
      vertex -13.5287 10.7192 4
      vertex -13.6117 10.783 0
      vertex -13.5287 10.7192 0
    endloop
  endfacet
  facet normal 0.0439346 0.999034 -0
    outer loop
      vertex -15.7 -11 0
      vertex -15.8046 -10.9954 4
      vertex -15.7 -11 4
    endloop
  endfacet
  facet normal 0.0439346 0.999034 0
    outer loop
      vertex -15.8046 -10.9954 4
      vertex -15.7 -11 0
      vertex -15.8046 -10.9954 0
    endloop
  endfacet
  facet normal 0.953626 0.300994 0
    outer loop
      vertex -16.8276 -10.2104 4
      vertex -16.8591 -10.1106 0
      vertex -16.8591 -10.1106 4
    endloop
  endfacet
  facet normal 0.953626 0.300994 0
    outer loop
      vertex -16.8591 -10.1106 0
      vertex -16.8276 -10.2104 4
      vertex -16.8276 -10.2104 0
    endloop
  endfacet
  facet normal 0.609434 -0.792837 0
    outer loop
      vertex -16.4713 10.7192 0
      vertex -16.3883 10.783 4
      vertex -16.4713 10.7192 4
    endloop
  endfacet
  facet normal 0.609434 -0.792837 0
    outer loop
      vertex -16.3883 10.783 4
      vertex -16.4713 10.7192 0
      vertex -16.3883 10.783 0
    endloop
  endfacet
  facet normal 0.999034 0.043943 0
    outer loop
      vertex -16.8954 -9.90457 4
      vertex -16.9 -9.79999 0
      vertex -16.9 -9.79999 4
    endloop
  endfacet
  facet normal 0.999034 0.043943 0
    outer loop
      vertex -16.9 -9.79999 0
      vertex -16.8954 -9.90457 4
      vertex -16.8954 -9.90457 0
    endloop
  endfacet
  facet normal 0.300994 -0.953626 0
    outer loop
      vertex -16.1104 10.9276 0
      vertex -16.0106 10.9591 4
      vertex -16.1104 10.9276 4
    endloop
  endfacet
  facet normal 0.300994 -0.953626 0
    outer loop
      vertex -16.0106 10.9591 4
      vertex -16.1104 10.9276 0
      vertex -16.0106 10.9591 0
    endloop
  endfacet
  facet normal 0.924063 -0.382239 0
    outer loop
      vertex -16.8276 10.2104 4
      vertex -16.7876 10.3071 0
      vertex -16.7876 10.3071 4
    endloop
  endfacet
  facet normal 0.924063 -0.382239 0
    outer loop
      vertex -16.7876 10.3071 0
      vertex -16.8276 10.2104 4
      vertex -16.8276 10.2104 0
    endloop
  endfacet
  facet normal -0.675378 0.737471 0
    outer loop
      vertex -13.4515 -10.6485 0
      vertex -13.5287 -10.7192 4
      vertex -13.4515 -10.6485 4
    endloop
  endfacet
  facet normal -0.675378 0.737471 0
    outer loop
      vertex -13.5287 -10.7192 4
      vertex -13.4515 -10.6485 0
      vertex -13.5287 -10.7192 0
    endloop
  endfacet
  facet normal 0 -1 0
    outer loop
      vertex -15.7 11 0
      vertex -14.3 11 4
      vertex -15.7 11 4
    endloop
  endfacet
  facet normal 0 -1 -0
    outer loop
      vertex -14.3 11 4
      vertex -15.7 11 0
      vertex -14.3 11 0
    endloop
  endfacet
  facet normal 0.843622 0.536937 0
    outer loop
      vertex -16.683 -10.4883 4
      vertex -16.7392 -10.4 0
      vertex -16.7392 -10.4 4
    endloop
  endfacet
  facet normal 0.843622 0.536937 0
    outer loop
      vertex -16.7392 -10.4 0
      vertex -16.683 -10.4883 4
      vertex -16.683 -10.4883 0
    endloop
  endfacet
  facet normal 0.129911 -0.991526 0
    outer loop
      vertex -15.9084 10.9818 0
      vertex -15.8046 10.9954 4
      vertex -15.9084 10.9818 4
    endloop
  endfacet
  facet normal 0.129911 -0.991526 0
    outer loop
      vertex -15.8046 10.9954 4
      vertex -15.9084 10.9818 0
      vertex -15.8046 10.9954 0
    endloop
  endfacet
  facet normal -1 0 0
    outer loop
      vertex -13.1 1.7 0
      vertex -13.1 9.79999 4
      vertex -13.1 9.79999 0
    endloop
  endfacet
  facet normal -1 -0 0
    outer loop
      vertex -13.1 9.79999 4
      vertex -13.1 1.7 0
      vertex -13.1 1.7 4
    endloop
  endfacet
  facet normal -1 0 0
    outer loop
      vertex -13.1 -9.79999 0
      vertex -13.1 -1.7 4
      vertex -13.1 -1.7 0
    endloop
  endfacet
  facet normal -1 -0 0
    outer loop
      vertex -13.1 -1.7 4
      vertex -13.1 -9.79999 0
      vertex -13.1 -9.79999 4
    endloop
  endfacet
  facet normal 0.953626 -0.300994 0
    outer loop
      vertex -16.8591 10.1106 4
      vertex -16.8276 10.2104 0
      vertex -16.8276 10.2104 4
    endloop
  endfacet
  facet normal 0.953626 -0.300994 0
    outer loop
      vertex -16.8276 10.2104 0
      vertex -16.8591 10.1106 4
      vertex -16.8591 10.1106 0
    endloop
  endfacet
  facet normal 0.737471 0.675378 0
    outer loop
      vertex -16.5485 -10.6485 4
      vertex -16.6192 -10.5713 0
      vertex -16.6192 -10.5713 4
    endloop
  endfacet
  facet normal 0.737471 0.675378 0
    outer loop
      vertex -16.6192 -10.5713 0
      vertex -16.5485 -10.6485 4
      vertex -16.5485 -10.6485 0
    endloop
  endfacet
  facet normal 0.216829 -0.97621 0
    outer loop
      vertex -16.0106 10.9591 0
      vertex -15.9084 10.9818 4
      vertex -16.0106 10.9591 4
    endloop
  endfacet
  facet normal 0.216829 -0.97621 0
    outer loop
      vertex -15.9084 10.9818 4
      vertex -16.0106 10.9591 0
      vertex -15.9084 10.9818 0
    endloop
  endfacet
  facet normal 0.792837 -0.609434 0
    outer loop
      vertex -16.683 10.4883 4
      vertex -16.6192 10.5713 0
      vertex -16.6192 10.5713 4
    endloop
  endfacet
  facet normal 0.792837 -0.609434 0
    outer loop
      vertex -16.6192 10.5713 0
      vertex -16.683 10.4883 4
      vertex -16.683 10.4883 0
    endloop
  endfacet
  facet normal -0.991531 0.129874 0
    outer loop
      vertex -13.1182 -10.0084 0
      vertex -13.1046 -9.90457 4
      vertex -13.1046 -9.90457 0
    endloop
  endfacet
  facet normal -0.991531 0.129874 0
    outer loop
      vertex -13.1046 -9.90457 4
      vertex -13.1182 -10.0084 0
      vertex -13.1182 -10.0084 4
    endloop
  endfacet
  facet normal 0.129911 0.991526 -0
    outer loop
      vertex -15.8046 -10.9954 0
      vertex -15.9084 -10.9818 4
      vertex -15.8046 -10.9954 4
    endloop
  endfacet
  facet normal 0.129911 0.991526 0
    outer loop
      vertex -15.9084 -10.9818 4
      vertex -15.8046 -10.9954 0
      vertex -15.9084 -10.9818 0
    endloop
  endfacet
  facet normal -0.999034 -0.043943 0
    outer loop
      vertex -13.1 9.79999 0
      vertex -13.1046 9.90457 4
      vertex -13.1046 9.90457 0
    endloop
  endfacet
  facet normal -0.999034 -0.043943 0
    outer loop
      vertex -13.1046 9.90457 4
      vertex -13.1 9.79999 0
      vertex -13.1 9.79999 4
    endloop
  endfacet
  facet normal 0.216829 0.97621 -0
    outer loop
      vertex -15.9084 -10.9818 0
      vertex -16.0106 -10.9591 4
      vertex -15.9084 -10.9818 4
    endloop
  endfacet
  facet normal 0.216829 0.97621 0
    outer loop
      vertex -16.0106 -10.9591 4
      vertex -15.9084 -10.9818 0
      vertex -16.0106 -10.9591 0
    endloop
  endfacet
  facet normal 0.382239 0.924063 -0
    outer loop
      vertex -16.1104 -10.9276 0
      vertex -16.2071 -10.8876 4
      vertex -16.1104 -10.9276 4
    endloop
  endfacet
  facet normal 0.382239 0.924063 0
    outer loop
      vertex -16.2071 -10.8876 4
      vertex -16.1104 -10.9276 0
      vertex -16.2071 -10.8876 0
    endloop
  endfacet
  facet normal 0.536937 -0.843622 0
    outer loop
      vertex -16.3883 10.783 0
      vertex -16.3 10.8392 4
      vertex -16.3883 10.783 4
    endloop
  endfacet
  facet normal 0.536937 -0.843622 0
    outer loop
      vertex -16.3 10.8392 4
      vertex -16.3883 10.783 0
      vertex -16.3 10.8392 0
    endloop
  endfacet
  facet normal 0 1 -0
    outer loop
      vertex -14.3 -11 0
      vertex -15.7 -11 4
      vertex -14.3 -11 4
    endloop
  endfacet
  facet normal 0 1 0
    outer loop
      vertex -15.7 -11 4
      vertex -14.3 -11 0
      vertex -15.7 -11 0
    endloop
  endfacet
  facet normal -0.792837 0.609434 0
    outer loop
      vertex -13.3808 -10.5713 0
      vertex -13.317 -10.4883 4
      vertex -13.317 -10.4883 0
    endloop
  endfacet
  facet normal -0.792837 0.609434 0
    outer loop
      vertex -13.317 -10.4883 4
      vertex -13.3808 -10.5713 0
      vertex -13.3808 -10.5713 4
    endloop
  endfacet
  facet normal 0.991531 0.129874 0
    outer loop
      vertex -16.8818 -10.0084 4
      vertex -16.8954 -9.90457 0
      vertex -16.8954 -9.90457 4
    endloop
  endfacet
  facet normal 0.991531 0.129874 0
    outer loop
      vertex -16.8954 -9.90457 0
      vertex -16.8818 -10.0084 4
      vertex -16.8818 -10.0084 0
    endloop
  endfacet
  facet normal 0.0439346 -0.999034 0
    outer loop
      vertex -15.8046 10.9954 0
      vertex -15.7 11 4
      vertex -15.8046 10.9954 4
    endloop
  endfacet
  facet normal 0.0439346 -0.999034 0
    outer loop
      vertex -15.7 11 4
      vertex -15.8046 10.9954 0
      vertex -15.7 11 0
    endloop
  endfacet
  facet normal 0.924063 0.382239 0
    outer loop
      vertex -16.7876 -10.3071 4
      vertex -16.8276 -10.2104 0
      vertex -16.8276 -10.2104 4
    endloop
  endfacet
  facet normal 0.924063 0.382239 0
    outer loop
      vertex -16.8276 -10.2104 0
      vertex -16.7876 -10.3071 4
      vertex -16.7876 -10.3071 0
    endloop
  endfacet
  facet normal 1 0 0
    outer loop
      vertex -16.9 -8.35 4
      vertex -16.9 -1.7 4.2
      vertex -16.9 -8.35 4.2
    endloop
  endfacet
  facet normal 1 0 0
    outer loop
      vertex -16.9 -1.7 4.2
      vertex -16.9 -8.35 4
      vertex -16.9 -1.7 0
    endloop
  endfacet
  facet normal 1 0 0
    outer loop
      vertex -16.9 -9.79999 0
      vertex -16.9 -8.35 4
      vertex -16.9 -9.79999 4
    endloop
  endfacet
  facet normal 1 0 0
    outer loop
      vertex -16.9 -8.35 4
      vertex -16.9 -9.79999 0
      vertex -16.9 -1.7 0
    endloop
  endfacet
  facet normal 1 0 0
    outer loop
      vertex -16.9 8.35 4.2
      vertex -16.9 1.7 4.2
      vertex -16.9 8.35 4
    endloop
  endfacet
  facet normal 1 -0 0
    outer loop
      vertex -16.9 8.35 4
      vertex -16.9 9.79999 0
      vertex -16.9 9.79999 4
    endloop
  endfacet
  facet normal 1 0 0
    outer loop
      vertex -16.9 1.7 0
      vertex -16.9 8.35 4
      vertex -16.9 1.7 4.2
    endloop
  endfacet
  facet normal 1 0 0
    outer loop
      vertex -16.9 8.35 4
      vertex -16.9 1.7 0
      vertex -16.9 9.79999 0
    endloop
  endfacet
  facet normal -0.999034 0.043943 0
    outer loop
      vertex -13.1046 -9.90457 0
      vertex -13.1 -9.79999 4
      vertex -13.1 -9.79999 0
    endloop
  endfacet
  facet normal -0.999034 0.043943 0
    outer loop
      vertex -13.1 -9.79999 4
      vertex -13.1046 -9.90457 0
      vertex -13.1046 -9.90457 4
    endloop
  endfacet
  facet normal -0.953626 -0.300994 0
    outer loop
      vertex -13.1409 10.1106 0
      vertex -13.1724 10.2104 4
      vertex -13.1724 10.2104 0
    endloop
  endfacet
  facet normal -0.953626 -0.300994 0
    outer loop
      vertex -13.1724 10.2104 4
      vertex -13.1409 10.1106 0
      vertex -13.1409 10.1106 4
    endloop
  endfacet
  facet normal -0.216829 0.97621 0
    outer loop
      vertex -13.9894 -10.9591 0
      vertex -14.0916 -10.9818 4
      vertex -13.9894 -10.9591 4
    endloop
  endfacet
  facet normal -0.216829 0.97621 0
    outer loop
      vertex -14.0916 -10.9818 4
      vertex -13.9894 -10.9591 0
      vertex -14.0916 -10.9818 0
    endloop
  endfacet
  facet normal -0.129911 -0.991526 0
    outer loop
      vertex -14.1954 10.9954 0
      vertex -14.0916 10.9818 4
      vertex -14.1954 10.9954 4
    endloop
  endfacet
  facet normal -0.129911 -0.991526 -0
    outer loop
      vertex -14.0916 10.9818 4
      vertex -14.1954 10.9954 0
      vertex -14.0916 10.9818 0
    endloop
  endfacet
  facet normal -0.382239 -0.924063 0
    outer loop
      vertex -13.8896 10.9276 0
      vertex -13.7929 10.8876 4
      vertex -13.8896 10.9276 4
    endloop
  endfacet
  facet normal -0.382239 -0.924063 -0
    outer loop
      vertex -13.7929 10.8876 4
      vertex -13.8896 10.9276 0
      vertex -13.7929 10.8876 0
    endloop
  endfacet
  facet normal -0.924063 -0.382239 0
    outer loop
      vertex -13.1724 10.2104 0
      vertex -13.2124 10.3071 4
      vertex -13.2124 10.3071 0
    endloop
  endfacet
  facet normal -0.924063 -0.382239 0
    outer loop
      vertex -13.2124 10.3071 4
      vertex -13.1724 10.2104 0
      vertex -13.1724 10.2104 4
    endloop
  endfacet
  facet normal -0.536937 -0.843622 0
    outer loop
      vertex -13.7 10.8392 0
      vertex -13.6117 10.783 4
      vertex -13.7 10.8392 4
    endloop
  endfacet
  facet normal -0.536937 -0.843622 -0
    outer loop
      vertex -13.6117 10.783 4
      vertex -13.7 10.8392 0
      vertex -13.6117 10.783 0
    endloop
  endfacet
  facet normal -0.129911 0.991526 0
    outer loop
      vertex -14.0916 -10.9818 0
      vertex -14.1954 -10.9954 4
      vertex -14.0916 -10.9818 4
    endloop
  endfacet
  facet normal -0.129911 0.991526 0
    outer loop
      vertex -14.1954 -10.9954 4
      vertex -14.0916 -10.9818 0
      vertex -14.1954 -10.9954 0
    endloop
  endfacet
  facet normal -0.843622 -0.536937 0
    outer loop
      vertex -13.2608 10.4 0
      vertex -13.317 10.4883 4
      vertex -13.317 10.4883 0
    endloop
  endfacet
  facet normal -0.843622 -0.536937 0
    outer loop
      vertex -13.317 10.4883 4
      vertex -13.2608 10.4 0
      vertex -13.2608 10.4 4
    endloop
  endfacet
  facet normal -0.991531 -0.129874 0
    outer loop
      vertex -13.1046 9.90457 0
      vertex -13.1182 10.0084 4
      vertex -13.1182 10.0084 0
    endloop
  endfacet
  facet normal -0.991531 -0.129874 0
    outer loop
      vertex -13.1182 10.0084 4
      vertex -13.1046 9.90457 0
      vertex -13.1046 9.90457 4
    endloop
  endfacet
  facet normal 0.97621 0.216829 0
    outer loop
      vertex -16.8591 -10.1106 4
      vertex -16.8818 -10.0084 0
      vertex -16.8818 -10.0084 4
    endloop
  endfacet
  facet normal 0.97621 0.216829 0
    outer loop
      vertex -16.8818 -10.0084 0
      vertex -16.8591 -10.1106 4
      vertex -16.8591 -10.1106 0
    endloop
  endfacet
  facet normal -0.300994 0.953626 0
    outer loop
      vertex -13.8896 -10.9276 0
      vertex -13.9894 -10.9591 4
      vertex -13.8896 -10.9276 4
    endloop
  endfacet
  facet normal -0.300994 0.953626 0
    outer loop
      vertex -13.9894 -10.9591 4
      vertex -13.8896 -10.9276 0
      vertex -13.9894 -10.9591 0
    endloop
  endfacet
  facet normal -0.300994 -0.953626 0
    outer loop
      vertex -13.9894 10.9591 0
      vertex -13.8896 10.9276 4
      vertex -13.9894 10.9591 4
    endloop
  endfacet
  facet normal -0.300994 -0.953626 -0
    outer loop
      vertex -13.8896 10.9276 4
      vertex -13.9894 10.9591 0
      vertex -13.8896 10.9276 0
    endloop
  endfacet
  facet normal -0.462044 0.886857 0
    outer loop
      vertex -13.7 -10.8392 0
      vertex -13.7929 -10.8876 4
      vertex -13.7 -10.8392 4
    endloop
  endfacet
  facet normal -0.462044 0.886857 0
    outer loop
      vertex -13.7929 -10.8876 4
      vertex -13.7 -10.8392 0
      vertex -13.7929 -10.8876 0
    endloop
  endfacet
  facet normal 0.300994 0.953626 -0
    outer loop
      vertex -16.0106 -10.9591 0
      vertex -16.1104 -10.9276 4
      vertex -16.0106 -10.9591 4
    endloop
  endfacet
  facet normal 0.300994 0.953626 0
    outer loop
      vertex -16.1104 -10.9276 4
      vertex -16.0106 -10.9591 0
      vertex -16.1104 -10.9276 0
    endloop
  endfacet
  facet normal 0.97621 -0.216829 0
    outer loop
      vertex -16.8818 10.0084 4
      vertex -16.8591 10.1106 0
      vertex -16.8591 10.1106 4
    endloop
  endfacet
  facet normal 0.97621 -0.216829 0
    outer loop
      vertex -16.8591 10.1106 0
      vertex -16.8818 10.0084 4
      vertex -16.8818 10.0084 0
    endloop
  endfacet
  facet normal 0.609434 0.792837 -0
    outer loop
      vertex -16.3883 -10.783 0
      vertex -16.4713 -10.7192 4
      vertex -16.3883 -10.783 4
    endloop
  endfacet
  facet normal 0.609434 0.792837 0
    outer loop
      vertex -16.4713 -10.7192 4
      vertex -16.3883 -10.783 0
      vertex -16.4713 -10.7192 0
    endloop
  endfacet
  facet normal -0.675378 -0.737471 0
    outer loop
      vertex -13.5287 10.7192 0
      vertex -13.4515 10.6485 4
      vertex -13.5287 10.7192 4
    endloop
  endfacet
  facet normal -0.675378 -0.737471 -0
    outer loop
      vertex -13.4515 10.6485 4
      vertex -13.5287 10.7192 0
      vertex -13.4515 10.6485 0
    endloop
  endfacet
  facet normal 0.675378 -0.737471 0
    outer loop
      vertex -16.5485 10.6485 0
      vertex -16.4713 10.7192 4
      vertex -16.5485 10.6485 4
    endloop
  endfacet
  facet normal 0.675378 -0.737471 0
    outer loop
      vertex -16.4713 10.7192 4
      vertex -16.5485 10.6485 0
      vertex -16.4713 10.7192 0
    endloop
  endfacet
  facet normal -0.924063 0.382239 0
    outer loop
      vertex -13.2124 -10.3071 0
      vertex -13.1724 -10.2104 4
      vertex -13.1724 -10.2104 0
    endloop
  endfacet
  facet normal -0.924063 0.382239 0
    outer loop
      vertex -13.1724 -10.2104 4
      vertex -13.2124 -10.3071 0
      vertex -13.2124 -10.3071 4
    endloop
  endfacet
  facet normal 0.843622 -0.536937 0
    outer loop
      vertex -16.7392 10.4 4
      vertex -16.683 10.4883 0
      vertex -16.683 10.4883 4
    endloop
  endfacet
  facet normal 0.843622 -0.536937 0
    outer loop
      vertex -16.683 10.4883 0
      vertex -16.7392 10.4 4
      vertex -16.7392 10.4 0
    endloop
  endfacet
  facet normal -0.886857 0.462044 0
    outer loop
      vertex -13.2608 -10.4 0
      vertex -13.2124 -10.3071 4
      vertex -13.2124 -10.3071 0
    endloop
  endfacet
  facet normal -0.886857 0.462044 0
    outer loop
      vertex -13.2124 -10.3071 4
      vertex -13.2608 -10.4 0
      vertex -13.2608 -10.4 4
    endloop
  endfacet
  facet normal 0.382239 -0.924063 0
    outer loop
      vertex -16.2071 10.8876 0
      vertex -16.1104 10.9276 4
      vertex -16.2071 10.8876 4
    endloop
  endfacet
  facet normal 0.382239 -0.924063 0
    outer loop
      vertex -16.1104 10.9276 4
      vertex -16.2071 10.8876 0
      vertex -16.1104 10.9276 0
    endloop
  endfacet
  facet normal -0.737471 -0.675378 0
    outer loop
      vertex -13.3808 10.5713 0
      vertex -13.4515 10.6485 4
      vertex -13.4515 10.6485 0
    endloop
  endfacet
  facet normal -0.737471 -0.675378 0
    outer loop
      vertex -13.4515 10.6485 4
      vertex -13.3808 10.5713 0
      vertex -13.3808 10.5713 4
    endloop
  endfacet
  facet normal 0.737471 -0.675378 0
    outer loop
      vertex -16.6192 10.5713 4
      vertex -16.5485 10.6485 0
      vertex -16.5485 10.6485 4
    endloop
  endfacet
  facet normal 0.737471 -0.675378 0
    outer loop
      vertex -16.5485 10.6485 0
      vertex -16.6192 10.5713 4
      vertex -16.6192 10.5713 0
    endloop
  endfacet
  facet normal -0.216829 -0.97621 0
    outer loop
      vertex -14.0916 10.9818 0
      vertex -13.9894 10.9591 4
      vertex -14.0916 10.9818 4
    endloop
  endfacet
  facet normal -0.216829 -0.97621 -0
    outer loop
      vertex -13.9894 10.9591 4
      vertex -14.0916 10.9818 0
      vertex -13.9894 10.9591 0
    endloop
  endfacet
  facet normal 0.536937 0.843622 -0
    outer loop
      vertex -16.3 -10.8392 0
      vertex -16.3883 -10.783 4
      vertex -16.3 -10.8392 4
    endloop
  endfacet
  facet normal 0.536937 0.843622 0
    outer loop
      vertex -16.3883 -10.783 4
      vertex -16.3 -10.8392 0
      vertex -16.3883 -10.783 0
    endloop
  endfacet
  facet normal -0.792837 -0.609434 0
    outer loop
      vertex -13.317 10.4883 0
      vertex -13.3808 10.5713 4
      vertex -13.3808 10.5713 0
    endloop
  endfacet
  facet normal -0.792837 -0.609434 0
    outer loop
      vertex -13.3808 10.5713 4
      vertex -13.317 10.4883 0
      vertex -13.317 10.4883 4
    endloop
  endfacet
  facet normal -0.737471 0.675378 0
    outer loop
      vertex -13.4515 -10.6485 0
      vertex -13.3808 -10.5713 4
      vertex -13.3808 -10.5713 0
    endloop
  endfacet
  facet normal -0.737471 0.675378 0
    outer loop
      vertex -13.3808 -10.5713 4
      vertex -13.4515 -10.6485 0
      vertex -13.4515 -10.6485 4
    endloop
  endfacet
  facet normal 0.886857 0.462044 0
    outer loop
      vertex -16.7392 -10.4 4
      vertex -16.7876 -10.3071 0
      vertex -16.7876 -10.3071 4
    endloop
  endfacet
  facet normal 0.886857 0.462044 0
    outer loop
      vertex -16.7876 -10.3071 0
      vertex -16.7392 -10.4 4
      vertex -16.7392 -10.4 0
    endloop
  endfacet
  facet normal -0.536937 0.843622 0
    outer loop
      vertex -13.6117 -10.783 0
      vertex -13.7 -10.8392 4
      vertex -13.6117 -10.783 4
    endloop
  endfacet
  facet normal -0.536937 0.843622 0
    outer loop
      vertex -13.7 -10.8392 4
      vertex -13.6117 -10.783 0
      vertex -13.7 -10.8392 0
    endloop
  endfacet
  facet normal -0.843622 0.536937 0
    outer loop
      vertex -13.317 -10.4883 0
      vertex -13.2608 -10.4 4
      vertex -13.2608 -10.4 0
    endloop
  endfacet
  facet normal -0.843622 0.536937 0
    outer loop
      vertex -13.2608 -10.4 4
      vertex -13.317 -10.4883 0
      vertex -13.317 -10.4883 4
    endloop
  endfacet
  facet normal 0.0439346 0.999034 -0
    outer loop
      vertex 14.3 -11 0
      vertex 14.1954 -10.9954 4
      vertex 14.3 -11 4
    endloop
  endfacet
  facet normal 0.0439346 0.999034 0
    outer loop
      vertex 14.1954 -10.9954 4
      vertex 14.3 -11 0
      vertex 14.1954 -10.9954 0
    endloop
  endfacet
  facet normal -0.0439346 0.999034 0
    outer loop
      vertex 15.8046 -10.9954 0
      vertex 15.7 -11 4
      vertex 15.8046 -10.9954 4
    endloop
  endfacet
  facet normal -0.0439346 0.999034 0
    outer loop
      vertex 15.7 -11 4
      vertex 15.8046 -10.9954 0
      vertex 15.7 -11 0
    endloop
  endfacet
  facet normal 0.886857 -0.462044 0
    outer loop
      vertex 13.2124 10.3071 4
      vertex 13.2608 10.4 0
      vertex 13.2608 10.4 4
    endloop
  endfacet
  facet normal 0.886857 -0.462044 0
    outer loop
      vertex 13.2608 10.4 0
      vertex 13.2124 10.3071 4
      vertex 13.2124 10.3071 0
    endloop
  endfacet
  facet normal -0.843622 -0.536937 0
    outer loop
      vertex 16.7392 10.4 0
      vertex 16.683 10.4883 4
      vertex 16.683 10.4883 0
    endloop
  endfacet
  facet normal -0.843622 -0.536937 0
    outer loop
      vertex 16.683 10.4883 4
      vertex 16.7392 10.4 0
      vertex 16.7392 10.4 4
    endloop
  endfacet
  facet normal -0.129911 -0.991526 0
    outer loop
      vertex 15.8046 10.9954 0
      vertex 15.9084 10.9818 4
      vertex 15.8046 10.9954 4
    endloop
  endfacet
  facet normal -0.129911 -0.991526 -0
    outer loop
      vertex 15.9084 10.9818 4
      vertex 15.8046 10.9954 0
      vertex 15.9084 10.9818 0
    endloop
  endfacet
  facet normal -0.991531 -0.129874 0
    outer loop
      vertex 16.8954 9.90457 0
      vertex 16.8818 10.0084 4
      vertex 16.8818 10.0084 0
    endloop
  endfacet
  facet normal -0.991531 -0.129874 0
    outer loop
      vertex 16.8818 10.0084 4
      vertex 16.8954 9.90457 0
      vertex 16.8954 9.90457 4
    endloop
  endfacet
  facet normal 0.97621 -0.216829 0
    outer loop
      vertex 13.1182 10.0084 4
      vertex 13.1409 10.1106 0
      vertex 13.1409 10.1106 4
    endloop
  endfacet
  facet normal 0.97621 -0.216829 0
    outer loop
      vertex 13.1409 10.1106 0
      vertex 13.1182 10.0084 4
      vertex 13.1182 10.0084 0
    endloop
  endfacet
  facet normal 0.216829 0.97621 -0
    outer loop
      vertex 14.0916 -10.9818 0
      vertex 13.9894 -10.9591 4
      vertex 14.0916 -10.9818 4
    endloop
  endfacet
  facet normal 0.216829 0.97621 0
    outer loop
      vertex 13.9894 -10.9591 4
      vertex 14.0916 -10.9818 0
      vertex 13.9894 -10.9591 0
    endloop
  endfacet
  facet normal -0.609434 0.792837 0
    outer loop
      vertex 16.4713 -10.7192 0
      vertex 16.3883 -10.783 4
      vertex 16.4713 -10.7192 4
    endloop
  endfacet
  facet normal -0.609434 0.792837 0
    outer loop
      vertex 16.3883 -10.783 4
      vertex 16.4713 -10.7192 0
      vertex 16.3883 -10.783 0
    endloop
  endfacet
  facet normal -0.737471 -0.675378 0
    outer loop
      vertex 16.6192 10.5713 0
      vertex 16.5485 10.6485 4
      vertex 16.5485 10.6485 0
    endloop
  endfacet
  facet normal -0.737471 -0.675378 0
    outer loop
      vertex 16.5485 10.6485 4
      vertex 16.6192 10.5713 0
      vertex 16.6192 10.5713 4
    endloop
  endfacet
  facet normal -0.953626 0.300994 0
    outer loop
      vertex 16.8276 -10.2104 0
      vertex 16.8591 -10.1106 4
      vertex 16.8591 -10.1106 0
    endloop
  endfacet
  facet normal -0.953626 0.300994 0
    outer loop
      vertex 16.8591 -10.1106 4
      vertex 16.8276 -10.2104 0
      vertex 16.8276 -10.2104 4
    endloop
  endfacet
  facet normal 0.129911 0.991526 -0
    outer loop
      vertex 14.1954 -10.9954 0
      vertex 14.0916 -10.9818 4
      vertex 14.1954 -10.9954 4
    endloop
  endfacet
  facet normal 0.129911 0.991526 0
    outer loop
      vertex 14.0916 -10.9818 4
      vertex 14.1954 -10.9954 0
      vertex 14.0916 -10.9818 0
    endloop
  endfacet
  facet normal 0.216829 -0.97621 0
    outer loop
      vertex 13.9894 10.9591 0
      vertex 14.0916 10.9818 4
      vertex 13.9894 10.9591 4
    endloop
  endfacet
  facet normal 0.216829 -0.97621 0
    outer loop
      vertex 14.0916 10.9818 4
      vertex 13.9894 10.9591 0
      vertex 14.0916 10.9818 0
    endloop
  endfacet
  facet normal -0.924063 0.382239 0
    outer loop
      vertex 16.7876 -10.3071 0
      vertex 16.8276 -10.2104 4
      vertex 16.8276 -10.2104 0
    endloop
  endfacet
  facet normal -0.924063 0.382239 0
    outer loop
      vertex 16.8276 -10.2104 4
      vertex 16.7876 -10.3071 0
      vertex 16.7876 -10.3071 4
    endloop
  endfacet
  facet normal 0.675378 0.737471 -0
    outer loop
      vertex 13.5287 -10.7192 0
      vertex 13.4515 -10.6485 4
      vertex 13.5287 -10.7192 4
    endloop
  endfacet
  facet normal 0.675378 0.737471 0
    outer loop
      vertex 13.4515 -10.6485 4
      vertex 13.5287 -10.7192 0
      vertex 13.4515 -10.6485 0
    endloop
  endfacet
  facet normal 0.999034 -0.043943 0
    outer loop
      vertex 13.1 9.79999 4
      vertex 13.1046 9.90457 0
      vertex 13.1046 9.90457 4
    endloop
  endfacet
  facet normal 0.999034 -0.043943 0
    outer loop
      vertex 13.1046 9.90457 0
      vertex 13.1 9.79999 4
      vertex 13.1 9.79999 0
    endloop
  endfacet
  facet normal 0.0439346 -0.999034 0
    outer loop
      vertex 14.1954 10.9954 0
      vertex 14.3 11 4
      vertex 14.1954 10.9954 4
    endloop
  endfacet
  facet normal 0.0439346 -0.999034 0
    outer loop
      vertex 14.3 11 4
      vertex 14.1954 10.9954 0
      vertex 14.3 11 0
    endloop
  endfacet
  facet normal -0.462044 0.886857 0
    outer loop
      vertex 16.3 -10.8392 0
      vertex 16.2071 -10.8876 4
      vertex 16.3 -10.8392 4
    endloop
  endfacet
  facet normal -0.462044 0.886857 0
    outer loop
      vertex 16.2071 -10.8876 4
      vertex 16.3 -10.8392 0
      vertex 16.2071 -10.8876 0
    endloop
  endfacet
  facet normal 0.737471 0.675378 0
    outer loop
      vertex 13.4515 -10.6485 4
      vertex 13.3808 -10.5713 0
      vertex 13.3808 -10.5713 4
    endloop
  endfacet
  facet normal 0.737471 0.675378 0
    outer loop
      vertex 13.3808 -10.5713 0
      vertex 13.4515 -10.6485 4
      vertex 13.4515 -10.6485 0
    endloop
  endfacet
  facet normal 0.536937 -0.843622 0
    outer loop
      vertex 13.6117 10.783 0
      vertex 13.7 10.8392 4
      vertex 13.6117 10.783 4
    endloop
  endfacet
  facet normal 0.536937 -0.843622 0
    outer loop
      vertex 13.7 10.8392 4
      vertex 13.6117 10.783 0
      vertex 13.7 10.8392 0
    endloop
  endfacet
  facet normal 0.843622 0.536937 0
    outer loop
      vertex 13.317 -10.4883 4
      vertex 13.2608 -10.4 0
      vertex 13.2608 -10.4 4
    endloop
  endfacet
  facet normal 0.843622 0.536937 0
    outer loop
      vertex 13.2608 -10.4 0
      vertex 13.317 -10.4883 4
      vertex 13.317 -10.4883 0
    endloop
  endfacet
  facet normal 0.129911 -0.991526 0
    outer loop
      vertex 14.0916 10.9818 0
      vertex 14.1954 10.9954 4
      vertex 14.0916 10.9818 4
    endloop
  endfacet
  facet normal 0.129911 -0.991526 0
    outer loop
      vertex 14.1954 10.9954 4
      vertex 14.0916 10.9818 0
      vertex 14.1954 10.9954 0
    endloop
  endfacet
  facet normal -0.382239 -0.924063 0
    outer loop
      vertex 16.1104 10.9276 0
      vertex 16.2071 10.8876 4
      vertex 16.1104 10.9276 4
    endloop
  endfacet
  facet normal -0.382239 -0.924063 -0
    outer loop
      vertex 16.2071 10.8876 4
      vertex 16.1104 10.9276 0
      vertex 16.2071 10.8876 0
    endloop
  endfacet
  facet normal -0.991531 0.129874 0
    outer loop
      vertex 16.8818 -10.0084 0
      vertex 16.8954 -9.90457 4
      vertex 16.8954 -9.90457 0
    endloop
  endfacet
  facet normal -0.991531 0.129874 0
    outer loop
      vertex 16.8954 -9.90457 4
      vertex 16.8818 -10.0084 0
      vertex 16.8818 -10.0084 4
    endloop
  endfacet
  facet normal 0 -1 0
    outer loop
      vertex 14.3 11 0
      vertex 15.7 11 4
      vertex 14.3 11 4
    endloop
  endfacet
  facet normal 0 -1 -0
    outer loop
      vertex 15.7 11 4
      vertex 14.3 11 0
      vertex 15.7 11 0
    endloop
  endfacet
  facet normal -0.300994 -0.953626 0
    outer loop
      vertex 16.0106 10.9591 0
      vertex 16.1104 10.9276 4
      vertex 16.0106 10.9591 4
    endloop
  endfacet
  facet normal -0.300994 -0.953626 -0
    outer loop
      vertex 16.1104 10.9276 4
      vertex 16.0106 10.9591 0
      vertex 16.1104 10.9276 0
    endloop
  endfacet
  facet normal 1 -0 0
    outer loop
      vertex 13.1 1.7 4
      vertex 13.1 9.79999 0
      vertex 13.1 9.79999 4
    endloop
  endfacet
  facet normal 1 0 0
    outer loop
      vertex 13.1 9.79999 0
      vertex 13.1 1.7 4
      vertex 13.1 1.7 0
    endloop
  endfacet
  facet normal 1 -0 0
    outer loop
      vertex 13.1 -9.79999 4
      vertex 13.1 -1.7 0
      vertex 13.1 -1.7 4
    endloop
  endfacet
  facet normal 1 0 0
    outer loop
      vertex 13.1 -1.7 0
      vertex 13.1 -9.79999 4
      vertex 13.1 -9.79999 0
    endloop
  endfacet
  facet normal -0.953626 -0.300994 0
    outer loop
      vertex 16.8591 10.1106 0
      vertex 16.8276 10.2104 4
      vertex 16.8276 10.2104 0
    endloop
  endfacet
  facet normal -0.953626 -0.300994 0
    outer loop
      vertex 16.8276 10.2104 4
      vertex 16.8591 10.1106 0
      vertex 16.8591 10.1106 4
    endloop
  endfacet
  facet normal 0.609434 -0.792837 0
    outer loop
      vertex 13.5287 10.7192 0
      vertex 13.6117 10.783 4
      vertex 13.5287 10.7192 4
    endloop
  endfacet
  facet normal 0.609434 -0.792837 0
    outer loop
      vertex 13.6117 10.783 4
      vertex 13.5287 10.7192 0
      vertex 13.6117 10.783 0
    endloop
  endfacet
  facet normal -0.924063 -0.382239 0
    outer loop
      vertex 16.8276 10.2104 0
      vertex 16.7876 10.3071 4
      vertex 16.7876 10.3071 0
    endloop
  endfacet
  facet normal -0.924063 -0.382239 0
    outer loop
      vertex 16.7876 10.3071 4
      vertex 16.8276 10.2104 0
      vertex 16.8276 10.2104 4
    endloop
  endfacet
  facet normal -0.97621 0.216829 0
    outer loop
      vertex 16.8591 -10.1106 0
      vertex 16.8818 -10.0084 4
      vertex 16.8818 -10.0084 0
    endloop
  endfacet
  facet normal -0.97621 0.216829 0
    outer loop
      vertex 16.8818 -10.0084 4
      vertex 16.8591 -10.1106 0
      vertex 16.8591 -10.1106 4
    endloop
  endfacet
  facet normal 0.792837 -0.609434 0
    outer loop
      vertex 13.317 10.4883 4
      vertex 13.3808 10.5713 0
      vertex 13.3808 10.5713 4
    endloop
  endfacet
  facet normal 0.792837 -0.609434 0
    outer loop
      vertex 13.3808 10.5713 0
      vertex 13.317 10.4883 4
      vertex 13.317 10.4883 0
    endloop
  endfacet
  facet normal 0 1 -0
    outer loop
      vertex 15.7 -11 0
      vertex 14.3 -11 4
      vertex 15.7 -11 4
    endloop
  endfacet
  facet normal 0 1 0
    outer loop
      vertex 14.3 -11 4
      vertex 15.7 -11 0
      vertex 14.3 -11 0
    endloop
  endfacet
  facet normal -0.737471 0.675378 0
    outer loop
      vertex 16.5485 -10.6485 0
      vertex 16.6192 -10.5713 4
      vertex 16.6192 -10.5713 0
    endloop
  endfacet
  facet normal -0.737471 0.675378 0
    outer loop
      vertex 16.6192 -10.5713 4
      vertex 16.5485 -10.6485 0
      vertex 16.5485 -10.6485 4
    endloop
  endfacet
  facet normal -0.675378 0.737471 0
    outer loop
      vertex 16.5485 -10.6485 0
      vertex 16.4713 -10.7192 4
      vertex 16.5485 -10.6485 4
    endloop
  endfacet
  facet normal -0.675378 0.737471 0
    outer loop
      vertex 16.4713 -10.7192 4
      vertex 16.5485 -10.6485 0
      vertex 16.4713 -10.7192 0
    endloop
  endfacet
  facet normal 0.991531 -0.129874 0
    outer loop
      vertex 13.1046 9.90457 4
      vertex 13.1182 10.0084 0
      vertex 13.1182 10.0084 4
    endloop
  endfacet
  facet normal 0.991531 -0.129874 0
    outer loop
      vertex 13.1182 10.0084 0
      vertex 13.1046 9.90457 4
      vertex 13.1046 9.90457 0
    endloop
  endfacet
  facet normal 0.462044 -0.886857 0
    outer loop
      vertex 13.7 10.8392 0
      vertex 13.7929 10.8876 4
      vertex 13.7 10.8392 4
    endloop
  endfacet
  facet normal 0.462044 -0.886857 0
    outer loop
      vertex 13.7929 10.8876 4
      vertex 13.7 10.8392 0
      vertex 13.7929 10.8876 0
    endloop
  endfacet
  facet normal 0.953626 -0.300994 0
    outer loop
      vertex 13.1409 10.1106 4
      vertex 13.1724 10.2104 0
      vertex 13.1724 10.2104 4
    endloop
  endfacet
  facet normal 0.953626 -0.300994 0
    outer loop
      vertex 13.1724 10.2104 0
      vertex 13.1409 10.1106 4
      vertex 13.1409 10.1106 0
    endloop
  endfacet
  facet normal -0.129911 0.991526 0
    outer loop
      vertex 15.9084 -10.9818 0
      vertex 15.8046 -10.9954 4
      vertex 15.9084 -10.9818 4
    endloop
  endfacet
  facet normal -0.129911 0.991526 0
    outer loop
      vertex 15.8046 -10.9954 4
      vertex 15.9084 -10.9818 0
      vertex 15.8046 -10.9954 0
    endloop
  endfacet
  facet normal -0.609434 -0.792837 0
    outer loop
      vertex 16.3883 10.783 0
      vertex 16.4713 10.7192 4
      vertex 16.3883 10.783 4
    endloop
  endfacet
  facet normal -0.609434 -0.792837 -0
    outer loop
      vertex 16.4713 10.7192 4
      vertex 16.3883 10.783 0
      vertex 16.4713 10.7192 0
    endloop
  endfacet
  facet normal -0.886857 0.462044 0
    outer loop
      vertex 16.7392 -10.4 0
      vertex 16.7876 -10.3071 4
      vertex 16.7876 -10.3071 0
    endloop
  endfacet
  facet normal -0.886857 0.462044 0
    outer loop
      vertex 16.7876 -10.3071 4
      vertex 16.7392 -10.4 0
      vertex 16.7392 -10.4 4
    endloop
  endfacet
  facet normal -0.886857 -0.462044 0
    outer loop
      vertex 16.7876 10.3071 0
      vertex 16.7392 10.4 4
      vertex 16.7392 10.4 0
    endloop
  endfacet
  facet normal -0.886857 -0.462044 0
    outer loop
      vertex 16.7392 10.4 4
      vertex 16.7876 10.3071 0
      vertex 16.7876 10.3071 4
    endloop
  endfacet
  facet normal -0.97621 -0.216829 0
    outer loop
      vertex 16.8818 10.0084 0
      vertex 16.8591 10.1106 4
      vertex 16.8591 10.1106 0
    endloop
  endfacet
  facet normal -0.97621 -0.216829 0
    outer loop
      vertex 16.8591 10.1106 4
      vertex 16.8818 10.0084 0
      vertex 16.8818 10.0084 4
    endloop
  endfacet
  facet normal -0.999034 0.043943 0
    outer loop
      vertex 16.8954 -9.90457 0
      vertex 16.9 -9.79999 4
      vertex 16.9 -9.79999 0
    endloop
  endfacet
  facet normal -0.999034 0.043943 0
    outer loop
      vertex 16.9 -9.79999 4
      vertex 16.8954 -9.90457 0
      vertex 16.8954 -9.90457 4
    endloop
  endfacet
  facet normal 0.999034 0.043943 0
    outer loop
      vertex 13.1046 -9.90457 4
      vertex 13.1 -9.79999 0
      vertex 13.1 -9.79999 4
    endloop
  endfacet
  facet normal 0.999034 0.043943 0
    outer loop
      vertex 13.1 -9.79999 0
      vertex 13.1046 -9.90457 4
      vertex 13.1046 -9.90457 0
    endloop
  endfacet
  facet normal 0.953626 0.300994 0
    outer loop
      vertex 13.1724 -10.2104 4
      vertex 13.1409 -10.1106 0
      vertex 13.1409 -10.1106 4
    endloop
  endfacet
  facet normal 0.953626 0.300994 0
    outer loop
      vertex 13.1409 -10.1106 0
      vertex 13.1724 -10.2104 4
      vertex 13.1724 -10.2104 0
    endloop
  endfacet
  facet normal 0.382239 0.924063 -0
    outer loop
      vertex 13.8896 -10.9276 0
      vertex 13.7929 -10.8876 4
      vertex 13.8896 -10.9276 4
    endloop
  endfacet
  facet normal 0.382239 0.924063 0
    outer loop
      vertex 13.7929 -10.8876 4
      vertex 13.8896 -10.9276 0
      vertex 13.7929 -10.8876 0
    endloop
  endfacet
  facet normal 0.792837 0.609434 0
    outer loop
      vertex 13.3808 -10.5713 4
      vertex 13.317 -10.4883 0
      vertex 13.317 -10.4883 4
    endloop
  endfacet
  facet normal 0.792837 0.609434 0
    outer loop
      vertex 13.317 -10.4883 0
      vertex 13.3808 -10.5713 4
      vertex 13.3808 -10.5713 0
    endloop
  endfacet
  facet normal -0.536937 -0.843622 0
    outer loop
      vertex 16.3 10.8392 0
      vertex 16.3883 10.783 4
      vertex 16.3 10.8392 4
    endloop
  endfacet
  facet normal -0.536937 -0.843622 -0
    outer loop
      vertex 16.3883 10.783 4
      vertex 16.3 10.8392 0
      vertex 16.3883 10.783 0
    endloop
  endfacet
  facet normal 0.97621 0.216829 0
    outer loop
      vertex 13.1409 -10.1106 4
      vertex 13.1182 -10.0084 0
      vertex 13.1182 -10.0084 4
    endloop
  endfacet
  facet normal 0.97621 0.216829 0
    outer loop
      vertex 13.1182 -10.0084 0
      vertex 13.1409 -10.1106 4
      vertex 13.1409 -10.1106 0
    endloop
  endfacet
  facet normal 0.675378 -0.737471 0
    outer loop
      vertex 13.4515 10.6485 0
      vertex 13.5287 10.7192 4
      vertex 13.4515 10.6485 4
    endloop
  endfacet
  facet normal 0.675378 -0.737471 0
    outer loop
      vertex 13.5287 10.7192 4
      vertex 13.4515 10.6485 0
      vertex 13.5287 10.7192 0
    endloop
  endfacet
  facet normal -0.216829 0.97621 0
    outer loop
      vertex 16.0106 -10.9591 0
      vertex 15.9084 -10.9818 4
      vertex 16.0106 -10.9591 4
    endloop
  endfacet
  facet normal -0.216829 0.97621 0
    outer loop
      vertex 15.9084 -10.9818 4
      vertex 16.0106 -10.9591 0
      vertex 15.9084 -10.9818 0
    endloop
  endfacet
  facet normal 0.924063 -0.382239 0
    outer loop
      vertex 13.1724 10.2104 4
      vertex 13.2124 10.3071 0
      vertex 13.2124 10.3071 4
    endloop
  endfacet
  facet normal 0.924063 -0.382239 0
    outer loop
      vertex 13.2124 10.3071 0
      vertex 13.1724 10.2104 4
      vertex 13.1724 10.2104 0
    endloop
  endfacet
  facet normal 0.843622 -0.536937 0
    outer loop
      vertex 13.2608 10.4 4
      vertex 13.317 10.4883 0
      vertex 13.317 10.4883 4
    endloop
  endfacet
  facet normal 0.843622 -0.536937 0
    outer loop
      vertex 13.317 10.4883 0
      vertex 13.2608 10.4 4
      vertex 13.2608 10.4 0
    endloop
  endfacet
  facet normal -0.0439346 -0.999034 0
    outer loop
      vertex 15.7 11 0
      vertex 15.8046 10.9954 4
      vertex 15.7 11 4
    endloop
  endfacet
  facet normal -0.0439346 -0.999034 -0
    outer loop
      vertex 15.8046 10.9954 4
      vertex 15.7 11 0
      vertex 15.8046 10.9954 0
    endloop
  endfacet
  facet normal 0.924063 0.382239 0
    outer loop
      vertex 13.2124 -10.3071 4
      vertex 13.1724 -10.2104 0
      vertex 13.1724 -10.2104 4
    endloop
  endfacet
  facet normal 0.924063 0.382239 0
    outer loop
      vertex 13.1724 -10.2104 0
      vertex 13.2124 -10.3071 4
      vertex 13.2124 -10.3071 0
    endloop
  endfacet
  facet normal 0.462044 0.886857 -0
    outer loop
      vertex 13.7929 -10.8876 0
      vertex 13.7 -10.8392 4
      vertex 13.7929 -10.8876 4
    endloop
  endfacet
  facet normal 0.462044 0.886857 0
    outer loop
      vertex 13.7 -10.8392 4
      vertex 13.7929 -10.8876 0
      vertex 13.7 -10.8392 0
    endloop
  endfacet
  facet normal -0.462044 -0.886857 0
    outer loop
      vertex 16.2071 10.8876 0
      vertex 16.3 10.8392 4
      vertex 16.2071 10.8876 4
    endloop
  endfacet
  facet normal -0.462044 -0.886857 -0
    outer loop
      vertex 16.3 10.8392 4
      vertex 16.2071 10.8876 0
      vertex 16.3 10.8392 0
    endloop
  endfacet
  facet normal 0.991531 0.129874 0
    outer loop
      vertex 13.1182 -10.0084 4
      vertex 13.1046 -9.90457 0
      vertex 13.1046 -9.90457 4
    endloop
  endfacet
  facet normal 0.991531 0.129874 0
    outer loop
      vertex 13.1046 -9.90457 0
      vertex 13.1182 -10.0084 4
      vertex 13.1182 -10.0084 0
    endloop
  endfacet
  facet normal -0.999034 -0.043943 0
    outer loop
      vertex 16.9 9.79999 0
      vertex 16.8954 9.90457 4
      vertex 16.8954 9.90457 0
    endloop
  endfacet
  facet normal -0.999034 -0.043943 0
    outer loop
      vertex 16.8954 9.90457 4
      vertex 16.9 9.79999 0
      vertex 16.9 9.79999 4
    endloop
  endfacet
  facet normal 0.300994 0.953626 -0
    outer loop
      vertex 13.9894 -10.9591 0
      vertex 13.8896 -10.9276 4
      vertex 13.9894 -10.9591 4
    endloop
  endfacet
  facet normal 0.300994 0.953626 0
    outer loop
      vertex 13.8896 -10.9276 4
      vertex 13.9894 -10.9591 0
      vertex 13.8896 -10.9276 0
    endloop
  endfacet
  facet normal -0.675378 -0.737471 0
    outer loop
      vertex 16.4713 10.7192 0
      vertex 16.5485 10.6485 4
      vertex 16.4713 10.7192 4
    endloop
  endfacet
  facet normal -0.675378 -0.737471 -0
    outer loop
      vertex 16.5485 10.6485 4
      vertex 16.4713 10.7192 0
      vertex 16.5485 10.6485 0
    endloop
  endfacet
  facet normal 0.609434 0.792837 -0
    outer loop
      vertex 13.6117 -10.783 0
      vertex 13.5287 -10.7192 4
      vertex 13.6117 -10.783 4
    endloop
  endfacet
  facet normal 0.609434 0.792837 0
    outer loop
      vertex 13.5287 -10.7192 4
      vertex 13.6117 -10.783 0
      vertex 13.5287 -10.7192 0
    endloop
  endfacet
  facet normal -1 0 0
    outer loop
      vertex 16.9 -1.7 0
      vertex 16.9 -8.35 4
      vertex 16.9 -1.7 4.2
    endloop
  endfacet
  facet normal -1 0 0
    outer loop
      vertex 16.9 -9.79999 0
      vertex 16.9 -8.35 4
      vertex 16.9 -1.7 0
    endloop
  endfacet
  facet normal -1 -0 0
    outer loop
      vertex 16.9 -8.35 4
      vertex 16.9 -9.79999 0
      vertex 16.9 -9.79999 4
    endloop
  endfacet
  facet normal -1 -0 0
    outer loop
      vertex 16.9 -1.7 4.2
      vertex 16.9 -8.35 4
      vertex 16.9 -8.35 4.2
    endloop
  endfacet
  facet normal -1 0 0
    outer loop
      vertex 16.9 9.79999 0
      vertex 16.9 8.35 4
      vertex 16.9 9.79999 4
    endloop
  endfacet
  facet normal -1 0 0
    outer loop
      vertex 16.9 1.7 0
      vertex 16.9 8.35 4
      vertex 16.9 9.79999 0
    endloop
  endfacet
  facet normal -1 0 0
    outer loop
      vertex 16.9 1.7 4.2
      vertex 16.9 8.35 4
      vertex 16.9 1.7 0
    endloop
  endfacet
  facet normal -1 0 0
    outer loop
      vertex 16.9 8.35 4
      vertex 16.9 1.7 4.2
      vertex 16.9 8.35 4.2
    endloop
  endfacet
  facet normal 0.300994 -0.953626 0
    outer loop
      vertex 13.8896 10.9276 0
      vertex 13.9894 10.9591 4
      vertex 13.8896 10.9276 4
    endloop
  endfacet
  facet normal 0.300994 -0.953626 0
    outer loop
      vertex 13.9894 10.9591 4
      vertex 13.8896 10.9276 0
      vertex 13.9894 10.9591 0
    endloop
  endfacet
  facet normal -0.300994 0.953626 0
    outer loop
      vertex 16.1104 -10.9276 0
      vertex 16.0106 -10.9591 4
      vertex 16.1104 -10.9276 4
    endloop
  endfacet
  facet normal -0.300994 0.953626 0
    outer loop
      vertex 16.0106 -10.9591 4
      vertex 16.1104 -10.9276 0
      vertex 16.0106 -10.9591 0
    endloop
  endfacet
  facet normal -0.216829 -0.97621 0
    outer loop
      vertex 15.9084 10.9818 0
      vertex 16.0106 10.9591 4
      vertex 15.9084 10.9818 4
    endloop
  endfacet
  facet normal -0.216829 -0.97621 -0
    outer loop
      vertex 16.0106 10.9591 4
      vertex 15.9084 10.9818 0
      vertex 16.0106 10.9591 0
    endloop
  endfacet
  facet normal -0.792837 0.609434 0
    outer loop
      vertex 16.6192 -10.5713 0
      vertex 16.683 -10.4883 4
      vertex 16.683 -10.4883 0
    endloop
  endfacet
  facet normal -0.792837 0.609434 0
    outer loop
      vertex 16.683 -10.4883 4
      vertex 16.6192 -10.5713 0
      vertex 16.6192 -10.5713 4
    endloop
  endfacet
  facet normal -0.792837 -0.609434 0
    outer loop
      vertex 16.683 10.4883 0
      vertex 16.6192 10.5713 4
      vertex 16.6192 10.5713 0
    endloop
  endfacet
  facet normal -0.792837 -0.609434 0
    outer loop
      vertex 16.6192 10.5713 4
      vertex 16.683 10.4883 0
      vertex 16.683 10.4883 4
    endloop
  endfacet
  facet normal 0.536937 0.843622 -0
    outer loop
      vertex 13.7 -10.8392 0
      vertex 13.6117 -10.783 4
      vertex 13.7 -10.8392 4
    endloop
  endfacet
  facet normal 0.536937 0.843622 0
    outer loop
      vertex 13.6117 -10.783 4
      vertex 13.7 -10.8392 0
      vertex 13.6117 -10.783 0
    endloop
  endfacet
  facet normal 0.886857 0.462044 0
    outer loop
      vertex 13.2608 -10.4 4
      vertex 13.2124 -10.3071 0
      vertex 13.2124 -10.3071 4
    endloop
  endfacet
  facet normal 0.886857 0.462044 0
    outer loop
      vertex 13.2124 -10.3071 0
      vertex 13.2608 -10.4 4
      vertex 13.2608 -10.4 0
    endloop
  endfacet
  facet normal 0.737471 -0.675378 0
    outer loop
      vertex 13.3808 10.5713 4
      vertex 13.4515 10.6485 0
      vertex 13.4515 10.6485 4
    endloop
  endfacet
  facet normal 0.737471 -0.675378 0
    outer loop
      vertex 13.4515 10.6485 0
      vertex 13.3808 10.5713 4
      vertex 13.3808 10.5713 0
    endloop
  endfacet
  facet normal -0.382239 0.924063 0
    outer loop
      vertex 16.2071 -10.8876 0
      vertex 16.1104 -10.9276 4
      vertex 16.2071 -10.8876 4
    endloop
  endfacet
  facet normal -0.382239 0.924063 0
    outer loop
      vertex 16.1104 -10.9276 4
      vertex 16.2071 -10.8876 0
      vertex 16.1104 -10.9276 0
    endloop
  endfacet
  facet normal 0.382239 -0.924063 0
    outer loop
      vertex 13.7929 10.8876 0
      vertex 13.8896 10.9276 4
      vertex 13.7929 10.8876 4
    endloop
  endfacet
  facet normal 0.382239 -0.924063 0
    outer loop
      vertex 13.8896 10.9276 4
      vertex 13.7929 10.8876 0
      vertex 13.8896 10.9276 0
    endloop
  endfacet
  facet normal -0.536937 0.843622 0
    outer loop
      vertex 16.3883 -10.783 0
      vertex 16.3 -10.8392 4
      vertex 16.3883 -10.783 4
    endloop
  endfacet
  facet normal -0.536937 0.843622 0
    outer loop
      vertex 16.3 -10.8392 4
      vertex 16.3883 -10.783 0
      vertex 16.3 -10.8392 0
    endloop
  endfacet
  facet normal -0.843622 0.536937 0
    outer loop
      vertex 16.683 -10.4883 0
      vertex 16.7392 -10.4 4
      vertex 16.7392 -10.4 0
    endloop
  endfacet
  facet normal -0.843622 0.536937 0
    outer loop
      vertex 16.7392 -10.4 4
      vertex 16.683 -10.4883 0
      vertex 16.683 -10.4883 4
    endloop
  endfacet
endsolid OpenSCAD_Model
