solid OpenSCAD_Model
  facet normal 0.843378 0.53732 0
    outer loop
      vertex 16.4641 16 4
      vertex 16.2766 16.2943 0
      vertex 16.2766 16.2943 4
    endloop
  endfacet
  facet normal 0.843378 0.53732 0
    outer loop
      vertex 16.2766 16.2943 0
      vertex 16.4641 16 4
      vertex 16.4641 16 0
    endloop
  endfacet
  facet normal -0.923821 -0.382824 0
    outer loop
      vertex -16.6252 -15.6905 0
      vertex -16.7588 -15.3681 4
      vertex -16.7588 -15.3681 0
    endloop
  endfacet
  facet normal -0.923821 -0.382824 0
    outer loop
      vertex -16.7588 -15.3681 4
      vertex -16.6252 -15.6905 0
      vertex -16.6252 -15.6905 4
    endloop
  endfacet
  facet normal 0.300624 -0.953743 0
    outer loop
      vertex 14.0353 -17.8637 0
      vertex 14.3681 -17.7588 4
      vertex 14.0353 -17.8637 4
    endloop
  endfacet
  facet normal 0.300624 -0.953743 0
    outer loop
      vertex 14.3681 -17.7588 4
      vertex 14.0353 -17.8637 0
      vertex 14.3681 -17.7588 0
    endloop
  endfacet
  facet normal 0.0435616 -0.999051 0
    outer loop
      vertex 13 -18 0
      vertex 13.3486 -17.9848 4
      vertex 13 -18 4
    endloop
  endfacet
  facet normal 0.0435616 -0.999051 0
    outer loop
      vertex 13.3486 -17.9848 4
      vertex 13 -18 0
      vertex 13.3486 -17.9848 0
    endloop
  endfacet
  facet normal -0.991427 -0.130662 0
    outer loop
      vertex -16.9392 -14.6946 0
      vertex -16.9848 -14.3486 4
      vertex -16.9848 -14.3486 0
    endloop
  endfacet
  facet normal -0.991427 -0.130662 0
    outer loop
      vertex -16.9848 -14.3486 4
      vertex -16.9392 -14.6946 0
      vertex -16.9392 -14.6946 4
    endloop
  endfacet
  facet normal -1 0 0
    outer loop
      vertex -17 -14 0
      vertex -17 14 4
      vertex -17 14 0
    endloop
  endfacet
  facet normal -1 -0 0
    outer loop
      vertex -17 14 4
      vertex -17 -14 0
      vertex -17 -14 4
    endloop
  endfacet
  facet normal 0 -1 0
    outer loop
      vertex -13 -18 0
      vertex 13 -18 4
      vertex -13 -18 4
    endloop
  endfacet
  facet normal 0 -1 -0
    outer loop
      vertex 13 -18 4
      vertex -13 -18 0
      vertex 13 -18 0
    endloop
  endfacet
  facet normal 0.793454 -0.60863 0
    outer loop
      vertex 16.0642 -16.5712 4
      vertex 16.2766 -16.2943 0
      vertex 16.2766 -16.2943 4
    endloop
  endfacet
  facet normal 0.793454 -0.60863 0
    outer loop
      vertex 16.2766 -16.2943 0
      vertex 16.0642 -16.5712 4
      vertex 16.0642 -16.5712 0
    endloop
  endfacet
  facet normal 0.976315 -0.216354 0
    outer loop
      vertex 16.8637 -15.0353 4
      vertex 16.9392 -14.6946 0
      vertex 16.9392 -14.6946 4
    endloop
  endfacet
  facet normal 0.976315 -0.216354 0
    outer loop
      vertex 16.9392 -14.6946 0
      vertex 16.8637 -15.0353 4
      vertex 16.8637 -15.0353 0
    endloop
  endfacet
  facet normal -0.793454 -0.60863 0
    outer loop
      vertex -16.0642 -16.5712 0
      vertex -16.2766 -16.2943 4
      vertex -16.2766 -16.2943 0
    endloop
  endfacet
  facet normal -0.793454 -0.60863 0
    outer loop
      vertex -16.2766 -16.2943 4
      vertex -16.0642 -16.5712 0
      vertex -16.0642 -16.5712 4
    endloop
  endfacet
  facet normal 0.675777 -0.737107 0
    outer loop
      vertex 15.5712 -17.0642 0
      vertex 15.8284 -16.8284 4
      vertex 15.5712 -17.0642 4
    endloop
  endfacet
  facet normal 0.675777 -0.737107 0
    outer loop
      vertex 15.8284 -16.8284 4
      vertex 15.5712 -17.0642 0
      vertex 15.8284 -16.8284 0
    endloop
  endfacet
  facet normal 0.0435616 0.999051 -0
    outer loop
      vertex 13.3486 17.9848 0
      vertex 13 18 4
      vertex 13.3486 17.9848 4
    endloop
  endfacet
  facet normal 0.0435616 0.999051 0
    outer loop
      vertex 13 18 4
      vertex 13.3486 17.9848 0
      vertex 13 18 0
    endloop
  endfacet
  facet normal 0.999051 0.0435616 0
    outer loop
      vertex 17 14 4
      vertex 16.9848 14.3486 0
      vertex 16.9848 14.3486 4
    endloop
  endfacet
  facet normal 0.999051 0.0435616 0
    outer loop
      vertex 16.9848 14.3486 0
      vertex 17 14 4
      vertex 17 14 0
    endloop
  endfacet
  facet normal 0.382824 -0.923821 0
    outer loop
      vertex 14.3681 -17.7588 0
      vertex 14.6905 -17.6252 4
      vertex 14.3681 -17.7588 4
    endloop
  endfacet
  facet normal 0.382824 -0.923821 0
    outer loop
      vertex 14.6905 -17.6252 4
      vertex 14.3681 -17.7588 0
      vertex 14.6905 -17.6252 0
    endloop
  endfacet
  facet normal 0 1 -0
    outer loop
      vertex 13 18 0
      vertex -13 18 4
      vertex 13 18 4
    endloop
  endfacet
  facet normal 0 1 0
    outer loop
      vertex -13 18 4
      vertex 13 18 0
      vertex -13 18 0
    endloop
  endfacet
  facet normal 0.60863 -0.793454 0
    outer loop
      vertex 15.2943 -17.2766 0
      vertex 15.5712 -17.0642 4
      vertex 15.2943 -17.2766 4
    endloop
  endfacet
  facet normal 0.60863 -0.793454 0
    outer loop
      vertex 15.5712 -17.0642 4
      vertex 15.2943 -17.2766 0
      vertex 15.5712 -17.0642 0
    endloop
  endfacet
  facet normal -0.382824 0.923821 0
    outer loop
      vertex -14.3681 17.7588 0
      vertex -14.6905 17.6252 4
      vertex -14.3681 17.7588 4
    endloop
  endfacet
  facet normal -0.382824 0.923821 0
    outer loop
      vertex -14.6905 17.6252 4
      vertex -14.3681 17.7588 0
      vertex -14.6905 17.6252 0
    endloop
  endfacet
  facet normal 0.991427 0.130662 0
    outer loop
      vertex 16.9848 14.3486 4
      vertex 16.9392 14.6946 0
      vertex 16.9392 14.6946 4
    endloop
  endfacet
  facet normal 0.991427 0.130662 0
    outer loop
      vertex 16.9392 14.6946 0
      vertex 16.9848 14.3486 4
      vertex 16.9848 14.3486 0
    endloop
  endfacet
  facet normal 0.53732 -0.843378 0
    outer loop
      vertex 15 -17.4641 0
      vertex 15.2943 -17.2766 4
      vertex 15 -17.4641 4
    endloop
  endfacet
  facet normal 0.53732 -0.843378 0
    outer loop
      vertex 15.2943 -17.2766 4
      vertex 15 -17.4641 0
      vertex 15.2943 -17.2766 0
    endloop
  endfacet
  facet normal -0.737107 -0.675777 0
    outer loop
      vertex -15.8284 -16.8284 0
      vertex -16.0642 -16.5712 4
      vertex -16.0642 -16.5712 0
    endloop
  endfacet
  facet normal -0.737107 -0.675777 0
    outer loop
      vertex -16.0642 -16.5712 4
      vertex -15.8284 -16.8284 0
      vertex -15.8284 -16.8284 4
    endloop
  endfacet
  facet normal -0.976315 0.216354 0
    outer loop
      vertex -16.9392 14.6946 0
      vertex -16.8637 15.0353 4
      vertex -16.8637 15.0353 0
    endloop
  endfacet
  facet normal -0.976315 0.216354 0
    outer loop
      vertex -16.8637 15.0353 4
      vertex -16.9392 14.6946 0
      vertex -16.9392 14.6946 4
    endloop
  endfacet
  facet normal -0.976315 -0.216354 0
    outer loop
      vertex -16.8637 -15.0353 0
      vertex -16.9392 -14.6946 4
      vertex -16.9392 -14.6946 0
    endloop
  endfacet
  facet normal -0.976315 -0.216354 0
    outer loop
      vertex -16.9392 -14.6946 4
      vertex -16.8637 -15.0353 0
      vertex -16.8637 -15.0353 4
    endloop
  endfacet
  facet normal 0.737107 -0.675777 0
    outer loop
      vertex 15.8284 -16.8284 4
      vertex 16.0642 -16.5712 0
      vertex 16.0642 -16.5712 4
    endloop
  endfacet
  facet normal 0.737107 -0.675777 0
    outer loop
      vertex 16.0642 -16.5712 0
      vertex 15.8284 -16.8284 4
      vertex 15.8284 -16.8284 0
    endloop
  endfacet
  facet normal -0.0435616 0.999051 0
    outer loop
      vertex -13 18 0
      vertex -13.3486 17.9848 4
      vertex -13 18 4
    endloop
  endfacet
  facet normal -0.0435616 0.999051 0
    outer loop
      vertex -13.3486 17.9848 4
      vertex -13 18 0
      vertex -13.3486 17.9848 0
    endloop
  endfacet
  facet normal 0.737107 0.675777 0
    outer loop
      vertex 16.0642 16.5712 4
      vertex 15.8284 16.8284 0
      vertex 15.8284 16.8284 4
    endloop
  endfacet
  facet normal 0.737107 0.675777 0
    outer loop
      vertex 15.8284 16.8284 0
      vertex 16.0642 16.5712 4
      vertex 16.0642 16.5712 0
    endloop
  endfacet
  facet normal 0.130662 -0.991427 0
    outer loop
      vertex 13.3486 -17.9848 0
      vertex 13.6946 -17.9392 4
      vertex 13.3486 -17.9848 4
    endloop
  endfacet
  facet normal 0.130662 -0.991427 0
    outer loop
      vertex 13.6946 -17.9392 4
      vertex 13.3486 -17.9848 0
      vertex 13.6946 -17.9392 0
    endloop
  endfacet
  facet normal 0.216354 -0.976315 0
    outer loop
      vertex 13.6946 -17.9392 0
      vertex 14.0353 -17.8637 4
      vertex 13.6946 -17.9392 4
    endloop
  endfacet
  facet normal 0.216354 -0.976315 0
    outer loop
      vertex 14.0353 -17.8637 4
      vertex 13.6946 -17.9392 0
      vertex 14.0353 -17.8637 0
    endloop
  endfacet
  facet normal 0.216354 0.976315 -0
    outer loop
      vertex 14.0353 17.8637 0
      vertex 13.6946 17.9392 4
      vertex 14.0353 17.8637 4
    endloop
  endfacet
  facet normal 0.216354 0.976315 0
    outer loop
      vertex 13.6946 17.9392 4
      vertex 14.0353 17.8637 0
      vertex 13.6946 17.9392 0
    endloop
  endfacet
  facet normal 0.60863 0.793454 -0
    outer loop
      vertex 15.5712 17.0642 0
      vertex 15.2943 17.2766 4
      vertex 15.5712 17.0642 4
    endloop
  endfacet
  facet normal 0.60863 0.793454 0
    outer loop
      vertex 15.2943 17.2766 4
      vertex 15.5712 17.0642 0
      vertex 15.2943 17.2766 0
    endloop
  endfacet
  facet normal 1 -0 0
    outer loop
      vertex 17 -14 4
      vertex 17 14 0
      vertex 17 14 4
    endloop
  endfacet
  facet normal 1 0 0
    outer loop
      vertex 17 14 0
      vertex 17 -14 4
      vertex 17 -14 0
    endloop
  endfacet
  facet normal -0.130662 0.991427 0
    outer loop
      vertex -13.3486 17.9848 0
      vertex -13.6946 17.9392 4
      vertex -13.3486 17.9848 4
    endloop
  endfacet
  facet normal -0.130662 0.991427 0
    outer loop
      vertex -13.6946 17.9392 4
      vertex -13.3486 17.9848 0
      vertex -13.6946 17.9392 0
    endloop
  endfacet
  facet normal -0.843378 0.53732 0
    outer loop
      vertex -16.4641 16 0
      vertex -16.2766 16.2943 4
      vertex -16.2766 16.2943 0
    endloop
  endfacet
  facet normal -0.843378 0.53732 0
    outer loop
      vertex -16.2766 16.2943 4
      vertex -16.4641 16 0
      vertex -16.4641 16 4
    endloop
  endfacet
  facet normal -0.461714 -0.887029 0
    outer loop
      vertex -15 -17.4641 0
      vertex -14.6905 -17.6252 4
      vertex -15 -17.4641 4
    endloop
  endfacet
  facet normal -0.461714 -0.887029 -0
    outer loop
      vertex -14.6905 -17.6252 4
      vertex -15 -17.4641 0
      vertex -14.6905 -17.6252 0
    endloop
  endfacet
  facet normal 0.999051 -0.0435616 0
    outer loop
      vertex 16.9848 -14.3486 4
      vertex 17 -14 0
      vertex 17 -14 4
    endloop
  endfacet
  facet normal 0.999051 -0.0435616 0
    outer loop
      vertex 17 -14 0
      vertex 16.9848 -14.3486 4
      vertex 16.9848 -14.3486 0
    endloop
  endfacet
  facet normal 0.461714 0.887029 -0
    outer loop
      vertex 15 17.4641 0
      vertex 14.6905 17.6252 4
      vertex 15 17.4641 4
    endloop
  endfacet
  facet normal 0.461714 0.887029 0
    outer loop
      vertex 14.6905 17.6252 4
      vertex 15 17.4641 0
      vertex 14.6905 17.6252 0
    endloop
  endfacet
  facet normal 0.675777 0.737107 -0
    outer loop
      vertex 15.8284 16.8284 0
      vertex 15.5712 17.0642 4
      vertex 15.8284 16.8284 4
    endloop
  endfacet
  facet normal 0.675777 0.737107 0
    outer loop
      vertex 15.5712 17.0642 4
      vertex 15.8284 16.8284 0
      vertex 15.5712 17.0642 0
    endloop
  endfacet
  facet normal -0.999051 0.0435616 0
    outer loop
      vertex -17 14 0
      vertex -16.9848 14.3486 4
      vertex -16.9848 14.3486 0
    endloop
  endfacet
  facet normal -0.999051 0.0435616 0
    outer loop
      vertex -16.9848 14.3486 4
      vertex -17 14 0
      vertex -17 14 4
    endloop
  endfacet
  facet normal 0.953743 0.300624 0
    outer loop
      vertex 16.8637 15.0353 4
      vertex 16.7588 15.3681 0
      vertex 16.7588 15.3681 4
    endloop
  endfacet
  facet normal 0.953743 0.300624 0
    outer loop
      vertex 16.7588 15.3681 0
      vertex 16.8637 15.0353 4
      vertex 16.8637 15.0353 0
    endloop
  endfacet
  facet normal -0.300624 -0.953743 0
    outer loop
      vertex -14.3681 -17.7588 0
      vertex -14.0353 -17.8637 4
      vertex -14.3681 -17.7588 4
    endloop
  endfacet
  facet normal -0.300624 -0.953743 -0
    outer loop
      vertex -14.0353 -17.8637 4
      vertex -14.3681 -17.7588 0
      vertex -14.0353 -17.8637 0
    endloop
  endfacet
  facet normal -0.216354 0.976315 0
    outer loop
      vertex -13.6946 17.9392 0
      vertex -14.0353 17.8637 4
      vertex -13.6946 17.9392 4
    endloop
  endfacet
  facet normal -0.216354 0.976315 0
    outer loop
      vertex -14.0353 17.8637 4
      vertex -13.6946 17.9392 0
      vertex -14.0353 17.8637 0
    endloop
  endfacet
  facet normal -0.53732 -0.843378 0
    outer loop
      vertex -15.2943 -17.2766 0
      vertex -15 -17.4641 4
      vertex -15.2943 -17.2766 4
    endloop
  endfacet
  facet normal -0.53732 -0.843378 -0
    outer loop
      vertex -15 -17.4641 4
      vertex -15.2943 -17.2766 0
      vertex -15 -17.4641 0
    endloop
  endfacet
  facet normal -0.60863 -0.793454 0
    outer loop
      vertex -15.5712 -17.0642 0
      vertex -15.2943 -17.2766 4
      vertex -15.5712 -17.0642 4
    endloop
  endfacet
  facet normal -0.60863 -0.793454 -0
    outer loop
      vertex -15.2943 -17.2766 4
      vertex -15.5712 -17.0642 0
      vertex -15.2943 -17.2766 0
    endloop
  endfacet
  facet normal 0.130662 0.991427 -0
    outer loop
      vertex 13.6946 17.9392 0
      vertex 13.3486 17.9848 4
      vertex 13.6946 17.9392 4
    endloop
  endfacet
  facet normal 0.130662 0.991427 0
    outer loop
      vertex 13.3486 17.9848 4
      vertex 13.6946 17.9392 0
      vertex 13.3486 17.9848 0
    endloop
  endfacet
  facet normal -0.737107 0.675777 0
    outer loop
      vertex -16.0642 16.5712 0
      vertex -15.8284 16.8284 4
      vertex -15.8284 16.8284 0
    endloop
  endfacet
  facet normal -0.737107 0.675777 0
    outer loop
      vertex -15.8284 16.8284 4
      vertex -16.0642 16.5712 0
      vertex -16.0642 16.5712 4
    endloop
  endfacet
  facet normal -0.953743 0.300624 0
    outer loop
      vertex -16.8637 15.0353 0
      vertex -16.7588 15.3681 4
      vertex -16.7588 15.3681 0
    endloop
  endfacet
  facet normal -0.953743 0.300624 0
    outer loop
      vertex -16.7588 15.3681 4
      vertex -16.8637 15.0353 0
      vertex -16.8637 15.0353 4
    endloop
  endfacet
  facet normal -0.887029 -0.461714 0
    outer loop
      vertex -16.4641 -16 0
      vertex -16.6252 -15.6905 4
      vertex -16.6252 -15.6905 0
    endloop
  endfacet
  facet normal -0.887029 -0.461714 0
    outer loop
      vertex -16.6252 -15.6905 4
      vertex -16.4641 -16 0
      vertex -16.4641 -16 4
    endloop
  endfacet
  facet normal 0.923821 0.382824 0
    outer loop
      vertex 16.7588 15.3681 4
      vertex 16.6252 15.6905 0
      vertex 16.6252 15.6905 4
    endloop
  endfacet
  facet normal 0.923821 0.382824 0
    outer loop
      vertex 16.6252 15.6905 0
      vertex 16.7588 15.3681 4
      vertex 16.7588 15.3681 0
    endloop
  endfacet
  facet normal -0.887029 0.461714 0
    outer loop
      vertex -16.6252 15.6905 0
      vertex -16.4641 16 4
      vertex -16.4641 16 0
    endloop
  endfacet
  facet normal -0.887029 0.461714 0
    outer loop
      vertex -16.4641 16 4
      vertex -16.6252 15.6905 0
      vertex -16.6252 15.6905 4
    endloop
  endfacet
  facet normal 0.300624 0.953743 -0
    outer loop
      vertex 14.3681 17.7588 0
      vertex 14.0353 17.8637 4
      vertex 14.3681 17.7588 4
    endloop
  endfacet
  facet normal 0.300624 0.953743 0
    outer loop
      vertex 14.0353 17.8637 4
      vertex 14.3681 17.7588 0
      vertex 14.0353 17.8637 0
    endloop
  endfacet
  facet normal 0.923821 -0.382824 0
    outer loop
      vertex 16.6252 -15.6905 4
      vertex 16.7588 -15.3681 0
      vertex 16.7588 -15.3681 4
    endloop
  endfacet
  facet normal 0.923821 -0.382824 0
    outer loop
      vertex 16.7588 -15.3681 0
      vertex 16.6252 -15.6905 4
      vertex 16.6252 -15.6905 0
    endloop
  endfacet
  facet normal -0.843378 -0.53732 0
    outer loop
      vertex -16.2766 -16.2943 0
      vertex -16.4641 -16 4
      vertex -16.4641 -16 0
    endloop
  endfacet
  facet normal -0.843378 -0.53732 0
    outer loop
      vertex -16.4641 -16 4
      vertex -16.2766 -16.2943 0
      vertex -16.2766 -16.2943 4
    endloop
  endfacet
  facet normal 0.53732 0.843378 -0
    outer loop
      vertex 15.2943 17.2766 0
      vertex 15 17.4641 4
      vertex 15.2943 17.2766 4
    endloop
  endfacet
  facet normal 0.53732 0.843378 0
    outer loop
      vertex 15 17.4641 4
      vertex 15.2943 17.2766 0
      vertex 15 17.4641 0
    endloop
  endfacet
  facet normal -0.999051 -0.0435616 0
    outer loop
      vertex -16.9848 -14.3486 0
      vertex -17 -14 4
      vertex -17 -14 0
    endloop
  endfacet
  facet normal -0.999051 -0.0435616 0
    outer loop
      vertex -17 -14 4
      vertex -16.9848 -14.3486 0
      vertex -16.9848 -14.3486 4
    endloop
  endfacet
  facet normal -0.300624 0.953743 0
    outer loop
      vertex -14.0353 17.8637 0
      vertex -14.3681 17.7588 4
      vertex -14.0353 17.8637 4
    endloop
  endfacet
  facet normal -0.300624 0.953743 0
    outer loop
      vertex -14.3681 17.7588 4
      vertex -14.0353 17.8637 0
      vertex -14.3681 17.7588 0
    endloop
  endfacet
  facet normal -0.923821 0.382824 0
    outer loop
      vertex -16.7588 15.3681 0
      vertex -16.6252 15.6905 4
      vertex -16.6252 15.6905 0
    endloop
  endfacet
  facet normal -0.923821 0.382824 0
    outer loop
      vertex -16.6252 15.6905 4
      vertex -16.7588 15.3681 0
      vertex -16.7588 15.3681 4
    endloop
  endfacet
  facet normal -0.130662 -0.991427 0
    outer loop
      vertex -13.6946 -17.9392 0
      vertex -13.3486 -17.9848 4
      vertex -13.6946 -17.9392 4
    endloop
  endfacet
  facet normal -0.130662 -0.991427 -0
    outer loop
      vertex -13.3486 -17.9848 4
      vertex -13.6946 -17.9392 0
      vertex -13.3486 -17.9848 0
    endloop
  endfacet
  facet normal 0.382824 0.923821 -0
    outer loop
      vertex 14.6905 17.6252 0
      vertex 14.3681 17.7588 4
      vertex 14.6905 17.6252 4
    endloop
  endfacet
  facet normal 0.382824 0.923821 0
    outer loop
      vertex 14.3681 17.7588 4
      vertex 14.6905 17.6252 0
      vertex 14.3681 17.7588 0
    endloop
  endfacet
  facet normal -0.953743 -0.300624 0
    outer loop
      vertex -16.7588 -15.3681 0
      vertex -16.8637 -15.0353 4
      vertex -16.8637 -15.0353 0
    endloop
  endfacet
  facet normal -0.953743 -0.300624 0
    outer loop
      vertex -16.8637 -15.0353 4
      vertex -16.7588 -15.3681 0
      vertex -16.7588 -15.3681 4
    endloop
  endfacet
  facet normal -0.382824 -0.923821 0
    outer loop
      vertex -14.6905 -17.6252 0
      vertex -14.3681 -17.7588 4
      vertex -14.6905 -17.6252 4
    endloop
  endfacet
  facet normal -0.382824 -0.923821 -0
    outer loop
      vertex -14.3681 -17.7588 4
      vertex -14.6905 -17.6252 0
      vertex -14.3681 -17.7588 0
    endloop
  endfacet
  facet normal 0.976315 0.216354 0
    outer loop
      vertex 16.9392 14.6946 4
      vertex 16.8637 15.0353 0
      vertex 16.8637 15.0353 4
    endloop
  endfacet
  facet normal 0.976315 0.216354 0
    outer loop
      vertex 16.8637 15.0353 0
      vertex 16.9392 14.6946 4
      vertex 16.9392 14.6946 0
    endloop
  endfacet
  facet normal -0.675777 -0.737107 0
    outer loop
      vertex -15.8284 -16.8284 0
      vertex -15.5712 -17.0642 4
      vertex -15.8284 -16.8284 4
    endloop
  endfacet
  facet normal -0.675777 -0.737107 -0
    outer loop
      vertex -15.5712 -17.0642 4
      vertex -15.8284 -16.8284 0
      vertex -15.5712 -17.0642 0
    endloop
  endfacet
  facet normal 0.793454 0.60863 0
    outer loop
      vertex 16.2766 16.2943 4
      vertex 16.0642 16.5712 0
      vertex 16.0642 16.5712 4
    endloop
  endfacet
  facet normal 0.793454 0.60863 0
    outer loop
      vertex 16.0642 16.5712 0
      vertex 16.2766 16.2943 4
      vertex 16.2766 16.2943 0
    endloop
  endfacet
  facet normal 0.887029 0.461714 0
    outer loop
      vertex 16.6252 15.6905 4
      vertex 16.4641 16 0
      vertex 16.4641 16 4
    endloop
  endfacet
  facet normal 0.887029 0.461714 0
    outer loop
      vertex 16.4641 16 0
      vertex 16.6252 15.6905 4
      vertex 16.6252 15.6905 0
    endloop
  endfacet
  facet normal -0.53732 0.843378 0
    outer loop
      vertex -15 17.4641 0
      vertex -15.2943 17.2766 4
      vertex -15 17.4641 4
    endloop
  endfacet
  facet normal -0.53732 0.843378 0
    outer loop
      vertex -15.2943 17.2766 4
      vertex -15 17.4641 0
      vertex -15.2943 17.2766 0
    endloop
  endfacet
  facet normal -0.793454 0.60863 0
    outer loop
      vertex -16.2766 16.2943 0
      vertex -16.0642 16.5712 4
      vertex -16.0642 16.5712 0
    endloop
  endfacet
  facet normal -0.793454 0.60863 0
    outer loop
      vertex -16.0642 16.5712 4
      vertex -16.2766 16.2943 0
      vertex -16.2766 16.2943 4
    endloop
  endfacet
  facet normal -0.991427 0.130662 0
    outer loop
      vertex -16.9848 14.3486 0
      vertex -16.9392 14.6946 4
      vertex -16.9392 14.6946 0
    endloop
  endfacet
  facet normal -0.991427 0.130662 0
    outer loop
      vertex -16.9392 14.6946 4
      vertex -16.9848 14.3486 0
      vertex -16.9848 14.3486 4
    endloop
  endfacet
  facet normal -0.0435616 -0.999051 0
    outer loop
      vertex -13.3486 -17.9848 0
      vertex -13 -18 4
      vertex -13.3486 -17.9848 4
    endloop
  endfacet
  facet normal -0.0435616 -0.999051 -0
    outer loop
      vertex -13 -18 4
      vertex -13.3486 -17.9848 0
      vertex -13 -18 0
    endloop
  endfacet
  facet normal -0.60863 0.793454 0
    outer loop
      vertex -15.2943 17.2766 0
      vertex -15.5712 17.0642 4
      vertex -15.2943 17.2766 4
    endloop
  endfacet
  facet normal -0.60863 0.793454 0
    outer loop
      vertex -15.5712 17.0642 4
      vertex -15.2943 17.2766 0
      vertex -15.5712 17.0642 0
    endloop
  endfacet
  facet normal 0.991427 -0.130662 0
    outer loop
      vertex 16.9392 -14.6946 4
      vertex 16.9848 -14.3486 0
      vertex 16.9848 -14.3486 4
    endloop
  endfacet
  facet normal 0.991427 -0.130662 0
    outer loop
      vertex 16.9848 -14.3486 0
      vertex 16.9392 -14.6946 4
      vertex 16.9392 -14.6946 0
    endloop
  endfacet
  facet normal -0.216354 -0.976315 0
    outer loop
      vertex -14.0353 -17.8637 0
      vertex -13.6946 -17.9392 4
      vertex -14.0353 -17.8637 4
    endloop
  endfacet
  facet normal -0.216354 -0.976315 -0
    outer loop
      vertex -13.6946 -17.9392 4
      vertex -14.0353 -17.8637 0
      vertex -13.6946 -17.9392 0
    endloop
  endfacet
  facet normal -0.675777 0.737107 0
    outer loop
      vertex -15.5712 17.0642 0
      vertex -15.8284 16.8284 4
      vertex -15.5712 17.0642 4
    endloop
  endfacet
  facet normal -0.675777 0.737107 0
    outer loop
      vertex -15.8284 16.8284 4
      vertex -15.5712 17.0642 0
      vertex -15.8284 16.8284 0
    endloop
  endfacet
  facet normal -0.461714 0.887029 0
    outer loop
      vertex -14.6905 17.6252 0
      vertex -15 17.4641 4
      vertex -14.6905 17.6252 4
    endloop
  endfacet
  facet normal -0.461714 0.887029 0
    outer loop
      vertex -15 17.4641 4
      vertex -14.6905 17.6252 0
      vertex -15 17.4641 0
    endloop
  endfacet
  facet normal 0.953743 -0.300624 0
    outer loop
      vertex 16.7588 -15.3681 4
      vertex 16.8637 -15.0353 0
      vertex 16.8637 -15.0353 4
    endloop
  endfacet
  facet normal 0.953743 -0.300624 0
    outer loop
      vertex 16.8637 -15.0353 0
      vertex 16.7588 -15.3681 4
      vertex 16.7588 -15.3681 0
    endloop
  endfacet
  facet normal 0.461714 -0.887029 0
    outer loop
      vertex 14.6905 -17.6252 0
      vertex 15 -17.4641 4
      vertex 14.6905 -17.6252 4
    endloop
  endfacet
  facet normal 0.461714 -0.887029 0
    outer loop
      vertex 15 -17.4641 4
      vertex 14.6905 -17.6252 0
      vertex 15 -17.4641 0
    endloop
  endfacet
  facet normal 0.843378 -0.53732 0
    outer loop
      vertex 16.2766 -16.2943 4
      vertex 16.4641 -16 0
      vertex 16.4641 -16 4
    endloop
  endfacet
  facet normal 0.843378 -0.53732 0
    outer loop
      vertex 16.4641 -16 0
      vertex 16.2766 -16.2943 4
      vertex 16.2766 -16.2943 0
    endloop
  endfacet
  facet normal 0 0 1
    outer loop
      vertex -11.7 -4 4
      vertex -12 -4 4
      vertex -11.7 -5 4
    endloop
  endfacet
  facet normal 0 0 1
    outer loop
      vertex 13 18 4
      vertex 17 14 4
      vertex 16.9848 14.3486 4
    endloop
  endfacet
  facet normal 0 0 1
    outer loop
      vertex 17 14 4
      vertex 12 4 4
      vertex 17 -14 4
    endloop
  endfacet
  facet normal 0 0 1
    outer loop
      vertex 13 18 4
      vertex 16.9848 14.3486 4
      vertex 16.9392 14.6946 4
    endloop
  endfacet
  facet normal -0 0 1
    outer loop
      vertex 12 -4 4
      vertex 17 -14 4
      vertex 12 4 4
    endloop
  endfacet
  facet normal 0 0 1
    outer loop
      vertex 13 18 4
      vertex 16.9392 14.6946 4
      vertex 16.8637 15.0353 4
    endloop
  endfacet
  facet normal -0 0 1
    outer loop
      vertex 11.6742 -5.2952 4
      vertex 17 -14 4
      vertex 12 -4 4
    endloop
  endfacet
  facet normal 0 0 1
    outer loop
      vertex 13 18 4
      vertex 16.8637 15.0353 4
      vertex 16.7588 15.3681 4
    endloop
  endfacet
  facet normal -0 0 1
    outer loop
      vertex 11.6421 -5.43999 4
      vertex 17 -14 4
      vertex 11.6742 -5.2952 4
    endloop
  endfacet
  facet normal 0 0 1
    outer loop
      vertex 13 18 4
      vertex 16.7588 15.3681 4
      vertex 16.6252 15.6905 4
    endloop
  endfacet
  facet normal -0 0 1
    outer loop
      vertex 11.5975 -5.58143 4
      vertex 17 -14 4
      vertex 11.6421 -5.43999 4
    endloop
  endfacet
  facet normal 0 0 1
    outer loop
      vertex 13 18 4
      vertex 16.6252 15.6905 4
      vertex 16.4641 16 4
    endloop
  endfacet
  facet normal -0 0 1
    outer loop
      vertex 11.5407 -5.71845 4
      vertex 17 -14 4
      vertex 11.5975 -5.58143 4
    endloop
  endfacet
  facet normal 0 0 1
    outer loop
      vertex 13 18 4
      vertex 16.4641 16 4
      vertex 16.2766 16.2943 4
    endloop
  endfacet
  facet normal -0 0 1
    outer loop
      vertex 11.4722 -5.85 4
      vertex 17 -14 4
      vertex 11.5407 -5.71845 4
    endloop
  endfacet
  facet normal 0 0 1
    outer loop
      vertex 13 18 4
      vertex 16.2766 16.2943 4
      vertex 16.0642 16.5712 4
    endloop
  endfacet
  facet normal -0 0 1
    outer loop
      vertex 11.3926 -5.97508 4
      vertex 17 -14 4
      vertex 11.4722 -5.85 4
    endloop
  endfacet
  facet normal 0 0 1
    outer loop
      vertex 13 18 4
      vertex 16.0642 16.5712 4
      vertex 15.8284 16.8284 4
    endloop
  endfacet
  facet normal -0 0 1
    outer loop
      vertex 11.3023 -6.09274 4
      vertex 17 -14 4
      vertex 11.3926 -5.97508 4
    endloop
  endfacet
  facet normal 0 0 1
    outer loop
      vertex 13 18 4
      vertex 15.8284 16.8284 4
      vertex 15.5712 17.0642 4
    endloop
  endfacet
  facet normal -0 0 1
    outer loop
      vertex 11.2021 -6.20208 4
      vertex 17 -14 4
      vertex 11.3023 -6.09274 4
    endloop
  endfacet
  facet normal 0 0 1
    outer loop
      vertex 13 18 4
      vertex 15.5712 17.0642 4
      vertex 15.2943 17.2766 4
    endloop
  endfacet
  facet normal -0 0 1
    outer loop
      vertex 11.0927 -6.30227 4
      vertex 17 -14 4
      vertex 11.2021 -6.20208 4
    endloop
  endfacet
  facet normal 0 0 1
    outer loop
      vertex 13 18 4
      vertex 15.2943 17.2766 4
      vertex 15 17.4641 4
    endloop
  endfacet
  facet normal -0 0 1
    outer loop
      vertex 10.9751 -6.39256 4
      vertex 17 -14 4
      vertex 11.0927 -6.30227 4
    endloop
  endfacet
  facet normal 0 0 1
    outer loop
      vertex 13 18 4
      vertex 15 17.4641 4
      vertex 14.6905 17.6252 4
    endloop
  endfacet
  facet normal -0 0 1
    outer loop
      vertex 10.85 -6.47224 4
      vertex 17 -14 4
      vertex 10.9751 -6.39256 4
    endloop
  endfacet
  facet normal 0 0 1
    outer loop
      vertex 13 18 4
      vertex 14.6905 17.6252 4
      vertex 14.3681 17.7588 4
    endloop
  endfacet
  facet normal -0 0 1
    outer loop
      vertex 10.7185 -6.54072 4
      vertex 17 -14 4
      vertex 10.85 -6.47224 4
    endloop
  endfacet
  facet normal 0 0 1
    outer loop
      vertex 13 18 4
      vertex 14.3681 17.7588 4
      vertex 14.0353 17.8637 4
    endloop
  endfacet
  facet normal -0 0 1
    outer loop
      vertex 10.5814 -6.59748 4
      vertex 17 -14 4
      vertex 10.7185 -6.54072 4
    endloop
  endfacet
  facet normal 0 0 1
    outer loop
      vertex 13 18 4
      vertex 14.0353 17.8637 4
      vertex 13.6946 17.9392 4
    endloop
  endfacet
  facet normal -0 0 1
    outer loop
      vertex 10.44 -6.64207 4
      vertex 17 -14 4
      vertex 10.5814 -6.59748 4
    endloop
  endfacet
  facet normal 0 0 1
    outer loop
      vertex 13 18 4
      vertex 13.6946 17.9392 4
      vertex 13.3486 17.9848 4
    endloop
  endfacet
  facet normal -0 0 1
    outer loop
      vertex 10.2952 -6.67417 4
      vertex 17 -14 4
      vertex 10.44 -6.64207 4
    endloop
  endfacet
  facet normal 0 0 1
    outer loop
      vertex 17 14 4
      vertex 13 18 4
      vertex 10.2952 6.67417 4
    endloop
  endfacet
  facet normal 0 -0 1
    outer loop
      vertex 13 -18 4
      vertex 17 -14 4
      vertex 10.2952 -6.67417 4
    endloop
  endfacet
  facet normal 0 0 1
    outer loop
      vertex 16.9848 -14.3486 4
      vertex 13 -18 4
      vertex 16.9392 -14.6946 4
    endloop
  endfacet
  facet normal 0 0 1
    outer loop
      vertex 17 14 4
      vertex 11.6742 5.2952 4
      vertex 12 4 4
    endloop
  endfacet
  facet normal 0 0 1
    outer loop
      vertex 12 4 4
      vertex 11.6935 5.14816 4
      vertex 11.7 5 4
    endloop
  endfacet
  facet normal 0 0 1
    outer loop
      vertex 12 4 4
      vertex 11.6742 5.2952 4
      vertex 11.6935 5.14816 4
    endloop
  endfacet
  facet normal 0 0 1
    outer loop
      vertex 17 14 4
      vertex 11.6421 5.43999 4
      vertex 11.6742 5.2952 4
    endloop
  endfacet
  facet normal 0 0 1
    outer loop
      vertex 17 14 4
      vertex 11.5975 5.58143 4
      vertex 11.6421 5.43999 4
    endloop
  endfacet
  facet normal 0 0 1
    outer loop
      vertex 17 14 4
      vertex 11.5407 5.71845 4
      vertex 11.5975 5.58143 4
    endloop
  endfacet
  facet normal 0 0 1
    outer loop
      vertex 17 14 4
      vertex 11.4722 5.85 4
      vertex 11.5407 5.71845 4
    endloop
  endfacet
  facet normal 0 0 1
    outer loop
      vertex 17 14 4
      vertex 11.3926 5.97508 4
      vertex 11.4722 5.85 4
    endloop
  endfacet
  facet normal 0 0 1
    outer loop
      vertex 17 14 4
      vertex 11.3023 6.09274 4
      vertex 11.3926 5.97508 4
    endloop
  endfacet
  facet normal 0 0 1
    outer loop
      vertex 17 14 4
      vertex 11.2021 6.20208 4
      vertex 11.3023 6.09274 4
    endloop
  endfacet
  facet normal 0 0 1
    outer loop
      vertex 17 14 4
      vertex 11.0927 6.30227 4
      vertex 11.2021 6.20208 4
    endloop
  endfacet
  facet normal 0 0 1
    outer loop
      vertex 17 14 4
      vertex 10.9751 6.39256 4
      vertex 11.0927 6.30227 4
    endloop
  endfacet
  facet normal 0 0 1
    outer loop
      vertex 17 14 4
      vertex 10.85 6.47224 4
      vertex 10.9751 6.39256 4
    endloop
  endfacet
  facet normal 0 0 1
    outer loop
      vertex 17 14 4
      vertex 10.7185 6.54072 4
      vertex 10.85 6.47224 4
    endloop
  endfacet
  facet normal 0 0 1
    outer loop
      vertex 17 14 4
      vertex 10.5814 6.59748 4
      vertex 10.7185 6.54072 4
    endloop
  endfacet
  facet normal 0 0 1
    outer loop
      vertex 17 14 4
      vertex 10.44 6.64207 4
      vertex 10.5814 6.59748 4
    endloop
  endfacet
  facet normal 0 0 1
    outer loop
      vertex 17 14 4
      vertex 10.2952 6.67417 4
      vertex 10.44 6.64207 4
    endloop
  endfacet
  facet normal 0 0 1
    outer loop
      vertex 13 18 4
      vertex 10.1482 6.69353 4
      vertex 10.2952 6.67417 4
    endloop
  endfacet
  facet normal 0 0 1
    outer loop
      vertex 13 18 4
      vertex 10 6.7 4
      vertex 10.1482 6.69353 4
    endloop
  endfacet
  facet normal 0 0 1
    outer loop
      vertex 13 18 4
      vertex 9.85183 6.69353 4
      vertex 10 6.7 4
    endloop
  endfacet
  facet normal 0 0 1
    outer loop
      vertex 13 18 4
      vertex 9.7048 6.67417 4
      vertex 9.85183 6.69353 4
    endloop
  endfacet
  facet normal -0 0 1
    outer loop
      vertex 1.88176 12.0084 4
      vertex 9.7048 6.67417 4
      vertex 13 18 4
    endloop
  endfacet
  facet normal 0 0 1
    outer loop
      vertex 9.7048 6.67417 4
      vertex 1.88176 12.0084 4
      vertex 9.56001 6.64207 4
    endloop
  endfacet
  facet normal -0 -0 1
    outer loop
      vertex 1.89543 11.9046 4
      vertex 9.56001 6.64207 4
      vertex 1.88176 12.0084 4
    endloop
  endfacet
  facet normal 0 0 1
    outer loop
      vertex 9.56001 6.64207 4
      vertex 1.89543 11.9046 4
      vertex 9.41857 6.59748 4
    endloop
  endfacet
  facet normal -0 -0 1
    outer loop
      vertex 1.89999 11.8 4
      vertex 9.41857 6.59748 4
      vertex 1.89543 11.9046 4
    endloop
  endfacet
  facet normal 0 0 1
    outer loop
      vertex 9.41857 6.59748 4
      vertex 1.89999 11.8 4
      vertex 9.28155 6.54072 4
    endloop
  endfacet
  facet normal 0 0 1
    outer loop
      vertex 9.28155 6.54072 4
      vertex 1.89999 11.8 4
      vertex 9.15 6.47224 4
    endloop
  endfacet
  facet normal 0 0 1
    outer loop
      vertex 9.15 6.47224 4
      vertex 1.89999 11.8 4
      vertex 9.02492 6.39256 4
    endloop
  endfacet
  facet normal 0 0 1
    outer loop
      vertex 8.90726 6.30227 4
      vertex 1.89999 11.8 4
      vertex 8.79792 6.20208 4
    endloop
  endfacet
  facet normal 0 0 1
    outer loop
      vertex 8.79792 6.20208 4
      vertex 1.89999 11.8 4
      vertex 8.69772 6.09274 4
    endloop
  endfacet
  facet normal 0 0 1
    outer loop
      vertex 8.69772 6.09274 4
      vertex 1.89999 11.8 4
      vertex 8.60744 5.97508 4
    endloop
  endfacet
  facet normal 0 0 1
    outer loop
      vertex 8.60744 5.97508 4
      vertex 1.89999 11.8 4
      vertex 8.52776 5.85 4
    endloop
  endfacet
  facet normal 0 0 1
    outer loop
      vertex 8.3 5 4
      vertex 1.89999 11.8 4
      vertex 8.3 -5 4
    endloop
  endfacet
  facet normal 0 0 1
    outer loop
      vertex 8.30647 5.14816 4
      vertex 1.89999 11.8 4
      vertex 8.3 5 4
    endloop
  endfacet
  facet normal 0 0 1
    outer loop
      vertex 8.32583 5.2952 4
      vertex 1.89999 11.8 4
      vertex 8.30647 5.14816 4
    endloop
  endfacet
  facet normal 0 0 1
    outer loop
      vertex 8.35793 5.43999 4
      vertex 1.89999 11.8 4
      vertex 8.32583 5.2952 4
    endloop
  endfacet
  facet normal 0 0 1
    outer loop
      vertex 8.40252 5.58143 4
      vertex 1.89999 11.8 4
      vertex 8.35793 5.43999 4
    endloop
  endfacet
  facet normal 0 0 1
    outer loop
      vertex 8.52776 5.85 4
      vertex 1.89999 11.8 4
      vertex 8.45928 5.71845 4
    endloop
  endfacet
  facet normal 0 0 1
    outer loop
      vertex 8.45928 5.71845 4
      vertex 1.89999 11.8 4
      vertex 8.40252 5.58143 4
    endloop
  endfacet
  facet normal 0 0 1
    outer loop
      vertex 9.02492 6.39256 4
      vertex 1.89999 11.8 4
      vertex 8.90726 6.30227 4
    endloop
  endfacet
  facet normal 0 0 1
    outer loop
      vertex 13 18 4
      vertex 1.8591 12.1106 4
      vertex 1.88176 12.0084 4
    endloop
  endfacet
  facet normal 0 0 1
    outer loop
      vertex 13 18 4
      vertex 1.82762 12.2104 4
      vertex 1.8591 12.1106 4
    endloop
  endfacet
  facet normal 0 0 1
    outer loop
      vertex 13 18 4
      vertex 1.78757 12.3071 4
      vertex 1.82762 12.2104 4
    endloop
  endfacet
  facet normal 0 0 1
    outer loop
      vertex 13 18 4
      vertex 1.73923 12.4 4
      vertex 1.78757 12.3071 4
    endloop
  endfacet
  facet normal 0 0 1
    outer loop
      vertex 13 18 4
      vertex 1.68298 12.4883 4
      vertex 1.73923 12.4 4
    endloop
  endfacet
  facet normal 0 0 1
    outer loop
      vertex 13 18 4
      vertex 1.61925 12.5713 4
      vertex 1.68298 12.4883 4
    endloop
  endfacet
  facet normal 0 0 1
    outer loop
      vertex 13 18 4
      vertex 1.54852 12.6485 4
      vertex 1.61925 12.5713 4
    endloop
  endfacet
  facet normal 0 0 1
    outer loop
      vertex 13 18 4
      vertex 1.47134 12.7192 4
      vertex 1.54852 12.6485 4
    endloop
  endfacet
  facet normal 0 0 1
    outer loop
      vertex 13 18 4
      vertex 1.38829 12.783 4
      vertex 1.47134 12.7192 4
    endloop
  endfacet
  facet normal 0 0 1
    outer loop
      vertex 13 18 4
      vertex 1.3 12.8392 4
      vertex 1.38829 12.783 4
    endloop
  endfacet
  facet normal 0 0 1
    outer loop
      vertex 13 18 4
      vertex 1.20714 12.8876 4
      vertex 1.3 12.8392 4
    endloop
  endfacet
  facet normal 0 0 1
    outer loop
      vertex 13 18 4
      vertex 1.11043 12.9276 4
      vertex 1.20714 12.8876 4
    endloop
  endfacet
  facet normal 0 0 1
    outer loop
      vertex 13 18 4
      vertex 1.01057 12.9591 4
      vertex 1.11043 12.9276 4
    endloop
  endfacet
  facet normal 0 0 1
    outer loop
      vertex 13 18 4
      vertex 0.908371 12.9818 4
      vertex 1.01057 12.9591 4
    endloop
  endfacet
  facet normal 0 0 1
    outer loop
      vertex 13 18 4
      vertex 0.804581 12.9954 4
      vertex 0.908371 12.9818 4
    endloop
  endfacet
  facet normal 0 0 1
    outer loop
      vertex 13 18 4
      vertex 0.699997 13 4
      vertex 0.804581 12.9954 4
    endloop
  endfacet
  facet normal 0 0 1
    outer loop
      vertex 13 18 4
      vertex -0.699997 13 4
      vertex 0.699997 13 4
    endloop
  endfacet
  facet normal -0 0 1
    outer loop
      vertex -13 18 4
      vertex -0.699997 13 4
      vertex 13 18 4
    endloop
  endfacet
  facet normal 0 0 1
    outer loop
      vertex -0.699997 13 4
      vertex -13 18 4
      vertex -0.804581 12.9954 4
    endloop
  endfacet
  facet normal 0 0 1
    outer loop
      vertex -0.804581 12.9954 4
      vertex -13 18 4
      vertex -0.908371 12.9818 4
    endloop
  endfacet
  facet normal 0 0 1
    outer loop
      vertex -0.908371 12.9818 4
      vertex -13 18 4
      vertex -1.01057 12.9591 4
    endloop
  endfacet
  facet normal 0 0 1
    outer loop
      vertex -1.89999 11.8 4
      vertex -8.3 5 4
      vertex -1.89999 -11.8 4
    endloop
  endfacet
  facet normal 0 0 1
    outer loop
      vertex -9.41857 6.59748 4
      vertex -1.89999 11.8 4
      vertex -1.89543 11.9046 4
    endloop
  endfacet
  facet normal 0 0 1
    outer loop
      vertex -9.56001 6.64207 4
      vertex -1.89543 11.9046 4
      vertex -1.88176 12.0084 4
    endloop
  endfacet
  facet normal 0 0 1
    outer loop
      vertex -13 18 4
      vertex -1.88176 12.0084 4
      vertex -1.8591 12.1106 4
    endloop
  endfacet
  facet normal 0 0 1
    outer loop
      vertex -13 18 4
      vertex -1.8591 12.1106 4
      vertex -1.82762 12.2104 4
    endloop
  endfacet
  facet normal 0 0 1
    outer loop
      vertex -13 18 4
      vertex -1.82762 12.2104 4
      vertex -1.78757 12.3071 4
    endloop
  endfacet
  facet normal 0 0 1
    outer loop
      vertex -13 18 4
      vertex -1.78757 12.3071 4
      vertex -1.73923 12.4 4
    endloop
  endfacet
  facet normal 0 0 1
    outer loop
      vertex -13 18 4
      vertex -1.73923 12.4 4
      vertex -1.68298 12.4883 4
    endloop
  endfacet
  facet normal 0 0 1
    outer loop
      vertex -13 18 4
      vertex -1.68298 12.4883 4
      vertex -1.61925 12.5713 4
    endloop
  endfacet
  facet normal 0 0 1
    outer loop
      vertex -1.89999 11.8 4
      vertex -8.30647 5.14816 4
      vertex -8.3 5 4
    endloop
  endfacet
  facet normal 0 0 1
    outer loop
      vertex -1.89999 11.8 4
      vertex -8.32583 5.2952 4
      vertex -8.30647 5.14816 4
    endloop
  endfacet
  facet normal 0 0 1
    outer loop
      vertex -13 18 4
      vertex -1.61925 12.5713 4
      vertex -1.54852 12.6485 4
    endloop
  endfacet
  facet normal 0 0 1
    outer loop
      vertex -1.89999 11.8 4
      vertex -8.35793 5.43999 4
      vertex -8.32583 5.2952 4
    endloop
  endfacet
  facet normal 0 0 1
    outer loop
      vertex -1.89999 11.8 4
      vertex -8.40252 5.58143 4
      vertex -8.35793 5.43999 4
    endloop
  endfacet
  facet normal 0 0 1
    outer loop
      vertex -1.89999 11.8 4
      vertex -8.45928 5.71845 4
      vertex -8.40252 5.58143 4
    endloop
  endfacet
  facet normal 0 0 1
    outer loop
      vertex -1.89999 11.8 4
      vertex -8.52776 5.85 4
      vertex -8.45928 5.71845 4
    endloop
  endfacet
  facet normal 0 0 1
    outer loop
      vertex -1.89999 11.8 4
      vertex -8.60744 5.97508 4
      vertex -8.52776 5.85 4
    endloop
  endfacet
  facet normal 0 0 1
    outer loop
      vertex -1.89999 11.8 4
      vertex -8.69772 6.09274 4
      vertex -8.60744 5.97508 4
    endloop
  endfacet
  facet normal 0 0 1
    outer loop
      vertex -1.89999 11.8 4
      vertex -8.79792 6.20208 4
      vertex -8.69772 6.09274 4
    endloop
  endfacet
  facet normal 0 0 1
    outer loop
      vertex -13 18 4
      vertex -1.54852 12.6485 4
      vertex -1.47134 12.7192 4
    endloop
  endfacet
  facet normal 0 0 1
    outer loop
      vertex -1.89999 11.8 4
      vertex -8.90726 6.30227 4
      vertex -8.79792 6.20208 4
    endloop
  endfacet
  facet normal 0 0 1
    outer loop
      vertex -1.89999 11.8 4
      vertex -9.02492 6.39256 4
      vertex -8.90726 6.30227 4
    endloop
  endfacet
  facet normal 0 0 1
    outer loop
      vertex -1.89999 11.8 4
      vertex -9.15 6.47224 4
      vertex -9.02492 6.39256 4
    endloop
  endfacet
  facet normal 0 0 1
    outer loop
      vertex -1.89999 11.8 4
      vertex -9.28155 6.54072 4
      vertex -9.15 6.47224 4
    endloop
  endfacet
  facet normal 0 0 1
    outer loop
      vertex -1.89999 11.8 4
      vertex -9.41857 6.59748 4
      vertex -9.28155 6.54072 4
    endloop
  endfacet
  facet normal 0 0 1
    outer loop
      vertex -1.89543 11.9046 4
      vertex -9.56001 6.64207 4
      vertex -9.41857 6.59748 4
    endloop
  endfacet
  facet normal 0 0 1
    outer loop
      vertex -13 18 4
      vertex -1.47134 12.7192 4
      vertex -1.38829 12.783 4
    endloop
  endfacet
  facet normal 0 0 1
    outer loop
      vertex -1.88176 12.0084 4
      vertex -9.7048 6.67417 4
      vertex -9.56001 6.64207 4
    endloop
  endfacet
  facet normal 0 0 1
    outer loop
      vertex -1.88176 12.0084 4
      vertex -13 18 4
      vertex -9.7048 6.67417 4
    endloop
  endfacet
  facet normal 0 0 1
    outer loop
      vertex -9.7048 6.67417 4
      vertex -13 18 4
      vertex -9.85183 6.69353 4
    endloop
  endfacet
  facet normal 0 0 1
    outer loop
      vertex -9.85183 6.69353 4
      vertex -13 18 4
      vertex -10 6.7 4
    endloop
  endfacet
  facet normal 0 0 1
    outer loop
      vertex -10 6.7 4
      vertex -13 18 4
      vertex -10.1482 6.69353 4
    endloop
  endfacet
  facet normal 0 0 1
    outer loop
      vertex -10.1482 6.69353 4
      vertex -13 18 4
      vertex -10.2952 6.67417 4
    endloop
  endfacet
  facet normal -0 0 1
    outer loop
      vertex -17 14 4
      vertex -10.2952 6.67417 4
      vertex -13 18 4
    endloop
  endfacet
  facet normal 0 0 1
    outer loop
      vertex -10.2952 6.67417 4
      vertex -17 14 4
      vertex -10.44 6.64207 4
    endloop
  endfacet
  facet normal 0 0 1
    outer loop
      vertex -10.44 6.64207 4
      vertex -17 14 4
      vertex -10.5814 6.59748 4
    endloop
  endfacet
  facet normal 0 0 1
    outer loop
      vertex -10.5814 6.59748 4
      vertex -17 14 4
      vertex -10.7185 6.54072 4
    endloop
  endfacet
  facet normal 0 0 1
    outer loop
      vertex -11.7 5 4
      vertex -12 4 4
      vertex -11.7 4 4
    endloop
  endfacet
  facet normal 0 0 1
    outer loop
      vertex -11.6935 5.14816 4
      vertex -12 4 4
      vertex -11.7 5 4
    endloop
  endfacet
  facet normal 0 0 1
    outer loop
      vertex -11.6742 5.2952 4
      vertex -12 4 4
      vertex -11.6935 5.14816 4
    endloop
  endfacet
  facet normal 0 0 1
    outer loop
      vertex -17 14 4
      vertex -11.6742 5.2952 4
      vertex -11.6421 5.43999 4
    endloop
  endfacet
  facet normal 0 0 1
    outer loop
      vertex -11.6742 5.2952 4
      vertex -17 14 4
      vertex -12 4 4
    endloop
  endfacet
  facet normal 0 0 1
    outer loop
      vertex -11.5975 5.58143 4
      vertex -17 14 4
      vertex -11.6421 5.43999 4
    endloop
  endfacet
  facet normal 0 0 1
    outer loop
      vertex -11.5407 5.71845 4
      vertex -17 14 4
      vertex -11.5975 5.58143 4
    endloop
  endfacet
  facet normal 0 0 1
    outer loop
      vertex -11.4722 5.85 4
      vertex -17 14 4
      vertex -11.5407 5.71845 4
    endloop
  endfacet
  facet normal 0 0 1
    outer loop
      vertex -11.3926 5.97508 4
      vertex -17 14 4
      vertex -11.4722 5.85 4
    endloop
  endfacet
  facet normal 0 0 1
    outer loop
      vertex -11.3023 6.09274 4
      vertex -17 14 4
      vertex -11.3926 5.97508 4
    endloop
  endfacet
  facet normal 0 0 1
    outer loop
      vertex -11.2021 6.20208 4
      vertex -17 14 4
      vertex -11.3023 6.09274 4
    endloop
  endfacet
  facet normal 0 0 1
    outer loop
      vertex -11.0927 6.30227 4
      vertex -17 14 4
      vertex -11.2021 6.20208 4
    endloop
  endfacet
  facet normal 0 0 1
    outer loop
      vertex -10.9751 6.39256 4
      vertex -17 14 4
      vertex -11.0927 6.30227 4
    endloop
  endfacet
  facet normal 0 0 1
    outer loop
      vertex -10.85 6.47224 4
      vertex -17 14 4
      vertex -10.9751 6.39256 4
    endloop
  endfacet
  facet normal 0 0 1
    outer loop
      vertex -10.7185 6.54072 4
      vertex -17 14 4
      vertex -10.85 6.47224 4
    endloop
  endfacet
  facet normal 0 0 1
    outer loop
      vertex -1.3 12.8392 4
      vertex -13 18 4
      vertex -1.38829 12.783 4
    endloop
  endfacet
  facet normal 0 0 1
    outer loop
      vertex -1.20714 12.8876 4
      vertex -13 18 4
      vertex -1.3 12.8392 4
    endloop
  endfacet
  facet normal 0 0 1
    outer loop
      vertex -1.11043 12.9276 4
      vertex -13 18 4
      vertex -1.20714 12.8876 4
    endloop
  endfacet
  facet normal 0 0 1
    outer loop
      vertex -1.01057 12.9591 4
      vertex -13 18 4
      vertex -1.11043 12.9276 4
    endloop
  endfacet
  facet normal 0 0 1
    outer loop
      vertex 16.9392 -14.6946 4
      vertex 13 -18 4
      vertex 16.8637 -15.0353 4
    endloop
  endfacet
  facet normal 0 0 1
    outer loop
      vertex 11.7 -5 4
      vertex 12 -4 4
      vertex 11.7 -4 4
    endloop
  endfacet
  facet normal 0 0 1
    outer loop
      vertex 11.6935 -5.14816 4
      vertex 12 -4 4
      vertex 11.7 -5 4
    endloop
  endfacet
  facet normal 0 0 1
    outer loop
      vertex 11.6742 -5.2952 4
      vertex 12 -4 4
      vertex 11.6935 -5.14816 4
    endloop
  endfacet
  facet normal 0 0 1
    outer loop
      vertex 16.8637 -15.0353 4
      vertex 13 -18 4
      vertex 16.7588 -15.3681 4
    endloop
  endfacet
  facet normal 0 0 1
    outer loop
      vertex 16.7588 -15.3681 4
      vertex 13 -18 4
      vertex 16.6252 -15.6905 4
    endloop
  endfacet
  facet normal 0 0 1
    outer loop
      vertex 16.6252 -15.6905 4
      vertex 13 -18 4
      vertex 16.4641 -16 4
    endloop
  endfacet
  facet normal 0 0 1
    outer loop
      vertex 16.4641 -16 4
      vertex 13 -18 4
      vertex 16.2766 -16.2943 4
    endloop
  endfacet
  facet normal 0 0 1
    outer loop
      vertex 16.0642 -16.5712 4
      vertex 13 -18 4
      vertex 15.8284 -16.8284 4
    endloop
  endfacet
  facet normal 0 0 1
    outer loop
      vertex 15.8284 -16.8284 4
      vertex 13 -18 4
      vertex 15.5712 -17.0642 4
    endloop
  endfacet
  facet normal 0 0 1
    outer loop
      vertex 15.5712 -17.0642 4
      vertex 13 -18 4
      vertex 15.2943 -17.2766 4
    endloop
  endfacet
  facet normal 0 0 1
    outer loop
      vertex 15.2943 -17.2766 4
      vertex 13 -18 4
      vertex 15 -17.4641 4
    endloop
  endfacet
  facet normal 0 0 1
    outer loop
      vertex 15 -17.4641 4
      vertex 13 -18 4
      vertex 14.6905 -17.6252 4
    endloop
  endfacet
  facet normal 0 0 1
    outer loop
      vertex 14.6905 -17.6252 4
      vertex 13 -18 4
      vertex 14.3681 -17.7588 4
    endloop
  endfacet
  facet normal 0 0 1
    outer loop
      vertex 14.3681 -17.7588 4
      vertex 13 -18 4
      vertex 14.0353 -17.8637 4
    endloop
  endfacet
  facet normal 0 0 1
    outer loop
      vertex 13.6946 -17.9392 4
      vertex 13 -18 4
      vertex 13.3486 -17.9848 4
    endloop
  endfacet
  facet normal 0 0 1
    outer loop
      vertex 14.0353 -17.8637 4
      vertex 13 -18 4
      vertex 13.6946 -17.9392 4
    endloop
  endfacet
  facet normal 0 0 1
    outer loop
      vertex 16.2766 -16.2943 4
      vertex 13 -18 4
      vertex 16.0642 -16.5712 4
    endloop
  endfacet
  facet normal 0 0 1
    outer loop
      vertex 17 -14 4
      vertex 13 -18 4
      vertex 16.9848 -14.3486 4
    endloop
  endfacet
  facet normal -0 0 1
    outer loop
      vertex 10.1482 -6.69353 4
      vertex 13 -18 4
      vertex 10.2952 -6.67417 4
    endloop
  endfacet
  facet normal -0 0 1
    outer loop
      vertex 10 -6.7 4
      vertex 13 -18 4
      vertex 10.1482 -6.69353 4
    endloop
  endfacet
  facet normal 0 0 1
    outer loop
      vertex 9.85183 -6.69353 4
      vertex 13 -18 4
      vertex 10 -6.7 4
    endloop
  endfacet
  facet normal 0 0 1
    outer loop
      vertex 9.7048 -6.67417 4
      vertex 13 -18 4
      vertex 9.85183 -6.69353 4
    endloop
  endfacet
  facet normal 0 0 1
    outer loop
      vertex 1.88176 -12.0084 4
      vertex 9.7048 -6.67417 4
      vertex 9.56001 -6.64207 4
    endloop
  endfacet
  facet normal 0 0 1
    outer loop
      vertex 1.89543 -11.9046 4
      vertex 9.56001 -6.64207 4
      vertex 9.41857 -6.59748 4
    endloop
  endfacet
  facet normal 0 0 1
    outer loop
      vertex 1.89999 -11.8 4
      vertex 9.41857 -6.59748 4
      vertex 9.28155 -6.54072 4
    endloop
  endfacet
  facet normal 0 0 1
    outer loop
      vertex 1.89999 -11.8 4
      vertex 9.28155 -6.54072 4
      vertex 9.15 -6.47224 4
    endloop
  endfacet
  facet normal 0 0 1
    outer loop
      vertex 1.89999 -11.8 4
      vertex 9.15 -6.47224 4
      vertex 9.02492 -6.39256 4
    endloop
  endfacet
  facet normal 0 0 1
    outer loop
      vertex 1.89999 -11.8 4
      vertex 9.02492 -6.39256 4
      vertex 8.90726 -6.30227 4
    endloop
  endfacet
  facet normal 0 0 1
    outer loop
      vertex 1.89999 -11.8 4
      vertex 8.90726 -6.30227 4
      vertex 8.79792 -6.20208 4
    endloop
  endfacet
  facet normal 0 0 1
    outer loop
      vertex 1.89999 -11.8 4
      vertex 8.79792 -6.20208 4
      vertex 8.69772 -6.09274 4
    endloop
  endfacet
  facet normal 0 0 1
    outer loop
      vertex 1.89999 -11.8 4
      vertex 8.69772 -6.09274 4
      vertex 8.60744 -5.97508 4
    endloop
  endfacet
  facet normal 0 0 1
    outer loop
      vertex 1.89999 -11.8 4
      vertex 8.60744 -5.97508 4
      vertex 8.52776 -5.85 4
    endloop
  endfacet
  facet normal 0 0 1
    outer loop
      vertex 1.89999 -11.8 4
      vertex 8.52776 -5.85 4
      vertex 8.45928 -5.71845 4
    endloop
  endfacet
  facet normal 0 0 1
    outer loop
      vertex 1.89999 -11.8 4
      vertex 8.45928 -5.71845 4
      vertex 8.40252 -5.58143 4
    endloop
  endfacet
  facet normal 0 0 1
    outer loop
      vertex 1.89999 -11.8 4
      vertex 8.3 -5 4
      vertex 1.89999 11.8 4
    endloop
  endfacet
  facet normal 0 0 1
    outer loop
      vertex 8.3 -5 4
      vertex 1.89999 -11.8 4
      vertex 8.30647 -5.14816 4
    endloop
  endfacet
  facet normal 0 0 1
    outer loop
      vertex 8.30647 -5.14816 4
      vertex 1.89999 -11.8 4
      vertex 8.32583 -5.2952 4
    endloop
  endfacet
  facet normal 0 0 1
    outer loop
      vertex 8.32583 -5.2952 4
      vertex 1.89999 -11.8 4
      vertex 8.35793 -5.43999 4
    endloop
  endfacet
  facet normal 0 0 1
    outer loop
      vertex 8.35793 -5.43999 4
      vertex 1.89999 -11.8 4
      vertex 8.40252 -5.58143 4
    endloop
  endfacet
  facet normal 0 0 1
    outer loop
      vertex 9.41857 -6.59748 4
      vertex 1.89999 -11.8 4
      vertex 1.89543 -11.9046 4
    endloop
  endfacet
  facet normal 0 0 1
    outer loop
      vertex 9.56001 -6.64207 4
      vertex 1.89543 -11.9046 4
      vertex 1.88176 -12.0084 4
    endloop
  endfacet
  facet normal 0 0 1
    outer loop
      vertex 9.7048 -6.67417 4
      vertex 1.88176 -12.0084 4
      vertex 13 -18 4
    endloop
  endfacet
  facet normal -0 0 1
    outer loop
      vertex 1.8591 -12.1106 4
      vertex 13 -18 4
      vertex 1.88176 -12.0084 4
    endloop
  endfacet
  facet normal -0 0 1
    outer loop
      vertex 1.82762 -12.2104 4
      vertex 13 -18 4
      vertex 1.8591 -12.1106 4
    endloop
  endfacet
  facet normal -0 0 1
    outer loop
      vertex 1.78757 -12.3071 4
      vertex 13 -18 4
      vertex 1.82762 -12.2104 4
    endloop
  endfacet
  facet normal -0 0 1
    outer loop
      vertex 1.73923 -12.4 4
      vertex 13 -18 4
      vertex 1.78757 -12.3071 4
    endloop
  endfacet
  facet normal -0 0 1
    outer loop
      vertex 1.68298 -12.4883 4
      vertex 13 -18 4
      vertex 1.73923 -12.4 4
    endloop
  endfacet
  facet normal -0 0 1
    outer loop
      vertex 1.61925 -12.5713 4
      vertex 13 -18 4
      vertex 1.68298 -12.4883 4
    endloop
  endfacet
  facet normal -0 0 1
    outer loop
      vertex 1.54852 -12.6485 4
      vertex 13 -18 4
      vertex 1.61925 -12.5713 4
    endloop
  endfacet
  facet normal -0 0 1
    outer loop
      vertex 1.47134 -12.7192 4
      vertex 13 -18 4
      vertex 1.54852 -12.6485 4
    endloop
  endfacet
  facet normal -0 0 1
    outer loop
      vertex 1.38829 -12.783 4
      vertex 13 -18 4
      vertex 1.47134 -12.7192 4
    endloop
  endfacet
  facet normal -0 0 1
    outer loop
      vertex 1.3 -12.8392 4
      vertex 13 -18 4
      vertex 1.38829 -12.783 4
    endloop
  endfacet
  facet normal -0 0 1
    outer loop
      vertex 1.20714 -12.8876 4
      vertex 13 -18 4
      vertex 1.3 -12.8392 4
    endloop
  endfacet
  facet normal -0 0 1
    outer loop
      vertex 1.11043 -12.9276 4
      vertex 13 -18 4
      vertex 1.20714 -12.8876 4
    endloop
  endfacet
  facet normal -0 0 1
    outer loop
      vertex 1.01057 -12.9591 4
      vertex 13 -18 4
      vertex 1.11043 -12.9276 4
    endloop
  endfacet
  facet normal -0 0 1
    outer loop
      vertex 0.908371 -12.9818 4
      vertex 13 -18 4
      vertex 1.01057 -12.9591 4
    endloop
  endfacet
  facet normal -0 0 1
    outer loop
      vertex 0.804581 -12.9954 4
      vertex 13 -18 4
      vertex 0.908371 -12.9818 4
    endloop
  endfacet
  facet normal -0 0 1
    outer loop
      vertex 0.699997 -13 4
      vertex 13 -18 4
      vertex 0.804581 -12.9954 4
    endloop
  endfacet
  facet normal -0 0 1
    outer loop
      vertex -0.699997 -13 4
      vertex 13 -18 4
      vertex 0.699997 -13 4
    endloop
  endfacet
  facet normal 0 0 1
    outer loop
      vertex -13 -18 4
      vertex -0.699997 -13 4
      vertex -0.804581 -12.9954 4
    endloop
  endfacet
  facet normal 0 0 1
    outer loop
      vertex -13 -18 4
      vertex -0.804581 -12.9954 4
      vertex -0.908371 -12.9818 4
    endloop
  endfacet
  facet normal 0 0 1
    outer loop
      vertex -13 -18 4
      vertex -0.908371 -12.9818 4
      vertex -1.01057 -12.9591 4
    endloop
  endfacet
  facet normal 0 0 1
    outer loop
      vertex -13 -18 4
      vertex -1.01057 -12.9591 4
      vertex -1.11043 -12.9276 4
    endloop
  endfacet
  facet normal -0 0 1
    outer loop
      vertex -8.3 -5 4
      vertex -1.89999 -11.8 4
      vertex -8.3 5 4
    endloop
  endfacet
  facet normal -0 0 1
    outer loop
      vertex -8.30647 -5.14816 4
      vertex -1.89999 -11.8 4
      vertex -8.3 -5 4
    endloop
  endfacet
  facet normal -0 0 1
    outer loop
      vertex -8.32583 -5.2952 4
      vertex -1.89999 -11.8 4
      vertex -8.30647 -5.14816 4
    endloop
  endfacet
  facet normal -0 0 1
    outer loop
      vertex -8.35793 -5.43999 4
      vertex -1.89999 -11.8 4
      vertex -8.32583 -5.2952 4
    endloop
  endfacet
  facet normal -0 0 1
    outer loop
      vertex -8.40252 -5.58143 4
      vertex -1.89999 -11.8 4
      vertex -8.35793 -5.43999 4
    endloop
  endfacet
  facet normal -0 0 1
    outer loop
      vertex -8.45928 -5.71845 4
      vertex -1.89999 -11.8 4
      vertex -8.40252 -5.58143 4
    endloop
  endfacet
  facet normal -0 0 1
    outer loop
      vertex -8.52776 -5.85 4
      vertex -1.89999 -11.8 4
      vertex -8.45928 -5.71845 4
    endloop
  endfacet
  facet normal -0 0 1
    outer loop
      vertex -8.60744 -5.97508 4
      vertex -1.89999 -11.8 4
      vertex -8.52776 -5.85 4
    endloop
  endfacet
  facet normal -0 0 1
    outer loop
      vertex -8.69772 -6.09274 4
      vertex -1.89999 -11.8 4
      vertex -8.60744 -5.97508 4
    endloop
  endfacet
  facet normal -0 0 1
    outer loop
      vertex -8.79792 -6.20208 4
      vertex -1.89999 -11.8 4
      vertex -8.69772 -6.09274 4
    endloop
  endfacet
  facet normal -0 0 1
    outer loop
      vertex -8.90726 -6.30227 4
      vertex -1.89999 -11.8 4
      vertex -8.79792 -6.20208 4
    endloop
  endfacet
  facet normal -0 0 1
    outer loop
      vertex -9.02492 -6.39256 4
      vertex -1.89999 -11.8 4
      vertex -8.90726 -6.30227 4
    endloop
  endfacet
  facet normal -0 0 1
    outer loop
      vertex -9.15 -6.47224 4
      vertex -1.89999 -11.8 4
      vertex -9.02492 -6.39256 4
    endloop
  endfacet
  facet normal -0 0 1
    outer loop
      vertex -9.28155 -6.54072 4
      vertex -1.89999 -11.8 4
      vertex -9.15 -6.47224 4
    endloop
  endfacet
  facet normal -0 0 1
    outer loop
      vertex -9.41857 -6.59748 4
      vertex -1.89999 -11.8 4
      vertex -9.28155 -6.54072 4
    endloop
  endfacet
  facet normal 0 0 1
    outer loop
      vertex -1.89999 -11.8 4
      vertex -9.41857 -6.59748 4
      vertex -1.89543 -11.9046 4
    endloop
  endfacet
  facet normal -0 0 1
    outer loop
      vertex -9.56001 -6.64207 4
      vertex -1.89543 -11.9046 4
      vertex -9.41857 -6.59748 4
    endloop
  endfacet
  facet normal 0 0 1
    outer loop
      vertex -1.89543 -11.9046 4
      vertex -9.56001 -6.64207 4
      vertex -1.88176 -12.0084 4
    endloop
  endfacet
  facet normal -0 0 1
    outer loop
      vertex -9.7048 -6.67417 4
      vertex -1.88176 -12.0084 4
      vertex -9.56001 -6.64207 4
    endloop
  endfacet
  facet normal 0 0 1
    outer loop
      vertex -13 -18 4
      vertex -1.88176 -12.0084 4
      vertex -9.7048 -6.67417 4
    endloop
  endfacet
  facet normal 0 0 1
    outer loop
      vertex -1.88176 -12.0084 4
      vertex -13 -18 4
      vertex -1.8591 -12.1106 4
    endloop
  endfacet
  facet normal 0 0 1
    outer loop
      vertex -1.8591 -12.1106 4
      vertex -13 -18 4
      vertex -1.82762 -12.2104 4
    endloop
  endfacet
  facet normal 0 0 1
    outer loop
      vertex -1.82762 -12.2104 4
      vertex -13 -18 4
      vertex -1.78757 -12.3071 4
    endloop
  endfacet
  facet normal 0 0 1
    outer loop
      vertex -1.78757 -12.3071 4
      vertex -13 -18 4
      vertex -1.73923 -12.4 4
    endloop
  endfacet
  facet normal 0 0 1
    outer loop
      vertex -1.73923 -12.4 4
      vertex -13 -18 4
      vertex -1.68298 -12.4883 4
    endloop
  endfacet
  facet normal 0 0 1
    outer loop
      vertex -1.68298 -12.4883 4
      vertex -13 -18 4
      vertex -1.61925 -12.5713 4
    endloop
  endfacet
  facet normal 0 0 1
    outer loop
      vertex -1.61925 -12.5713 4
      vertex -13 -18 4
      vertex -1.54852 -12.6485 4
    endloop
  endfacet
  facet normal 0 0 1
    outer loop
      vertex -1.54852 -12.6485 4
      vertex -13 -18 4
      vertex -1.47134 -12.7192 4
    endloop
  endfacet
  facet normal 0 0 1
    outer loop
      vertex -13 -18 4
      vertex -9.7048 -6.67417 4
      vertex -9.85183 -6.69353 4
    endloop
  endfacet
  facet normal 0 0 1
    outer loop
      vertex -13 -18 4
      vertex -9.85183 -6.69353 4
      vertex -10 -6.7 4
    endloop
  endfacet
  facet normal 0 0 1
    outer loop
      vertex -13 -18 4
      vertex -10 -6.7 4
      vertex -10.1482 -6.69353 4
    endloop
  endfacet
  facet normal 0 0 1
    outer loop
      vertex -13 -18 4
      vertex -10.1482 -6.69353 4
      vertex -10.2952 -6.67417 4
    endloop
  endfacet
  facet normal 0 0 1
    outer loop
      vertex -17 -14 4
      vertex -10.2952 -6.67417 4
      vertex -10.44 -6.64207 4
    endloop
  endfacet
  facet normal 0 0 1
    outer loop
      vertex -17 -14 4
      vertex -10.44 -6.64207 4
      vertex -10.5814 -6.59748 4
    endloop
  endfacet
  facet normal 0 0 1
    outer loop
      vertex -17 -14 4
      vertex -10.5814 -6.59748 4
      vertex -10.7185 -6.54072 4
    endloop
  endfacet
  facet normal 0 0 1
    outer loop
      vertex -17 -14 4
      vertex -10.7185 -6.54072 4
      vertex -10.85 -6.47224 4
    endloop
  endfacet
  facet normal 0 0 1
    outer loop
      vertex -17 -14 4
      vertex -10.85 -6.47224 4
      vertex -10.9751 -6.39256 4
    endloop
  endfacet
  facet normal 0 0 1
    outer loop
      vertex -12 -4 4
      vertex -11.6935 -5.14816 4
      vertex -11.7 -5 4
    endloop
  endfacet
  facet normal 0 0 1
    outer loop
      vertex -12 -4 4
      vertex -11.6742 -5.2952 4
      vertex -11.6935 -5.14816 4
    endloop
  endfacet
  facet normal 0 0 1
    outer loop
      vertex -17 -14 4
      vertex -11.6742 -5.2952 4
      vertex -12 -4 4
    endloop
  endfacet
  facet normal 0 0 1
    outer loop
      vertex -0.699997 -13 4
      vertex -13 -18 4
      vertex 13 -18 4
    endloop
  endfacet
  facet normal 0 0 1
    outer loop
      vertex -1.20714 -12.8876 4
      vertex -13 -18 4
      vertex -1.11043 -12.9276 4
    endloop
  endfacet
  facet normal 0 0 1
    outer loop
      vertex -1.3 -12.8392 4
      vertex -13 -18 4
      vertex -1.20714 -12.8876 4
    endloop
  endfacet
  facet normal 0 0 1
    outer loop
      vertex -1.38829 -12.783 4
      vertex -13 -18 4
      vertex -1.3 -12.8392 4
    endloop
  endfacet
  facet normal 0 0 1
    outer loop
      vertex -1.47134 -12.7192 4
      vertex -13 -18 4
      vertex -1.38829 -12.783 4
    endloop
  endfacet
  facet normal 0 0 1
    outer loop
      vertex -17 -14 4
      vertex -10.9751 -6.39256 4
      vertex -11.0927 -6.30227 4
    endloop
  endfacet
  facet normal 0 0 1
    outer loop
      vertex -17 -14 4
      vertex -11.0927 -6.30227 4
      vertex -11.2021 -6.20208 4
    endloop
  endfacet
  facet normal 0 0 1
    outer loop
      vertex -17 -14 4
      vertex -11.2021 -6.20208 4
      vertex -11.3023 -6.09274 4
    endloop
  endfacet
  facet normal 0 0 1
    outer loop
      vertex -17 -14 4
      vertex -11.3023 -6.09274 4
      vertex -11.3926 -5.97508 4
    endloop
  endfacet
  facet normal 0 0 1
    outer loop
      vertex -17 -14 4
      vertex -11.3926 -5.97508 4
      vertex -11.4722 -5.85 4
    endloop
  endfacet
  facet normal 0 0 1
    outer loop
      vertex -17 -14 4
      vertex -11.4722 -5.85 4
      vertex -11.5407 -5.71845 4
    endloop
  endfacet
  facet normal 0 0 1
    outer loop
      vertex -17 -14 4
      vertex -11.5407 -5.71845 4
      vertex -11.5975 -5.58143 4
    endloop
  endfacet
  facet normal 0 0 1
    outer loop
      vertex -17 -14 4
      vertex -11.5975 -5.58143 4
      vertex -11.6421 -5.43999 4
    endloop
  endfacet
  facet normal 0 0 1
    outer loop
      vertex -11.6742 -5.2952 4
      vertex -17 -14 4
      vertex -11.6421 -5.43999 4
    endloop
  endfacet
  facet normal 0 0 1
    outer loop
      vertex -12 4 4
      vertex -17 14 4
      vertex -12 -4 4
    endloop
  endfacet
  facet normal 0 0 1
    outer loop
      vertex -17 14 4
      vertex -13 18 4
      vertex -13.3486 17.9848 4
    endloop
  endfacet
  facet normal 0 0 1
    outer loop
      vertex -17 -14 4
      vertex -12 -4 4
      vertex -17 14 4
    endloop
  endfacet
  facet normal 0 0 1
    outer loop
      vertex -17 14 4
      vertex -13.3486 17.9848 4
      vertex -13.6946 17.9392 4
    endloop
  endfacet
  facet normal 0 0 1
    outer loop
      vertex -10.2952 -6.67417 4
      vertex -17 -14 4
      vertex -13 -18 4
    endloop
  endfacet
  facet normal 0 0 1
    outer loop
      vertex -17 14 4
      vertex -13.6946 17.9392 4
      vertex -14.0353 17.8637 4
    endloop
  endfacet
  facet normal 0 0 1
    outer loop
      vertex -13 -18 4
      vertex -17 -14 4
      vertex -13.3486 -17.9848 4
    endloop
  endfacet
  facet normal 0 0 1
    outer loop
      vertex -17 14 4
      vertex -14.0353 17.8637 4
      vertex -14.3681 17.7588 4
    endloop
  endfacet
  facet normal 0 0 1
    outer loop
      vertex -13.3486 -17.9848 4
      vertex -17 -14 4
      vertex -13.6946 -17.9392 4
    endloop
  endfacet
  facet normal 0 0 1
    outer loop
      vertex -17 14 4
      vertex -14.3681 17.7588 4
      vertex -14.6905 17.6252 4
    endloop
  endfacet
  facet normal 0 0 1
    outer loop
      vertex -13.6946 -17.9392 4
      vertex -17 -14 4
      vertex -14.0353 -17.8637 4
    endloop
  endfacet
  facet normal 0 0 1
    outer loop
      vertex -17 14 4
      vertex -14.6905 17.6252 4
      vertex -15 17.4641 4
    endloop
  endfacet
  facet normal 0 0 1
    outer loop
      vertex -14.0353 -17.8637 4
      vertex -17 -14 4
      vertex -14.3681 -17.7588 4
    endloop
  endfacet
  facet normal 0 0 1
    outer loop
      vertex -17 14 4
      vertex -15 17.4641 4
      vertex -15.2943 17.2766 4
    endloop
  endfacet
  facet normal 0 0 1
    outer loop
      vertex -14.3681 -17.7588 4
      vertex -17 -14 4
      vertex -14.6905 -17.6252 4
    endloop
  endfacet
  facet normal 0 0 1
    outer loop
      vertex -17 14 4
      vertex -15.2943 17.2766 4
      vertex -15.5712 17.0642 4
    endloop
  endfacet
  facet normal 0 0 1
    outer loop
      vertex -14.6905 -17.6252 4
      vertex -17 -14 4
      vertex -15 -17.4641 4
    endloop
  endfacet
  facet normal 0 0 1
    outer loop
      vertex -17 14 4
      vertex -15.5712 17.0642 4
      vertex -15.8284 16.8284 4
    endloop
  endfacet
  facet normal 0 0 1
    outer loop
      vertex -15 -17.4641 4
      vertex -17 -14 4
      vertex -15.2943 -17.2766 4
    endloop
  endfacet
  facet normal 0 0 1
    outer loop
      vertex -17 14 4
      vertex -15.8284 16.8284 4
      vertex -16.0642 16.5712 4
    endloop
  endfacet
  facet normal 0 0 1
    outer loop
      vertex -15.2943 -17.2766 4
      vertex -17 -14 4
      vertex -15.5712 -17.0642 4
    endloop
  endfacet
  facet normal 0 0 1
    outer loop
      vertex -17 14 4
      vertex -16.0642 16.5712 4
      vertex -16.2766 16.2943 4
    endloop
  endfacet
  facet normal 0 0 1
    outer loop
      vertex -15.5712 -17.0642 4
      vertex -17 -14 4
      vertex -15.8284 -16.8284 4
    endloop
  endfacet
  facet normal 0 0 1
    outer loop
      vertex -17 14 4
      vertex -16.2766 16.2943 4
      vertex -16.4641 16 4
    endloop
  endfacet
  facet normal 0 0 1
    outer loop
      vertex -15.8284 -16.8284 4
      vertex -17 -14 4
      vertex -16.0642 -16.5712 4
    endloop
  endfacet
  facet normal 0 0 1
    outer loop
      vertex -17 14 4
      vertex -16.4641 16 4
      vertex -16.6252 15.6905 4
    endloop
  endfacet
  facet normal 0 0 1
    outer loop
      vertex -16.0642 -16.5712 4
      vertex -17 -14 4
      vertex -16.2766 -16.2943 4
    endloop
  endfacet
  facet normal 0 0 1
    outer loop
      vertex -17 14 4
      vertex -16.6252 15.6905 4
      vertex -16.7588 15.3681 4
    endloop
  endfacet
  facet normal 0 0 1
    outer loop
      vertex -16.2766 -16.2943 4
      vertex -17 -14 4
      vertex -16.4641 -16 4
    endloop
  endfacet
  facet normal 0 0 1
    outer loop
      vertex -17 14 4
      vertex -16.7588 15.3681 4
      vertex -16.8637 15.0353 4
    endloop
  endfacet
  facet normal 0 0 1
    outer loop
      vertex -16.4641 -16 4
      vertex -17 -14 4
      vertex -16.6252 -15.6905 4
    endloop
  endfacet
  facet normal 0 0 1
    outer loop
      vertex -17 14 4
      vertex -16.8637 15.0353 4
      vertex -16.9392 14.6946 4
    endloop
  endfacet
  facet normal 0 0 1
    outer loop
      vertex -16.6252 -15.6905 4
      vertex -17 -14 4
      vertex -16.7588 -15.3681 4
    endloop
  endfacet
  facet normal 0 0 1
    outer loop
      vertex -17 14 4
      vertex -16.9392 14.6946 4
      vertex -16.9848 14.3486 4
    endloop
  endfacet
  facet normal 0 0 1
    outer loop
      vertex -16.7588 -15.3681 4
      vertex -17 -14 4
      vertex -16.8637 -15.0353 4
    endloop
  endfacet
  facet normal 0 0 1
    outer loop
      vertex -16.8637 -15.0353 4
      vertex -17 -14 4
      vertex -16.9392 -14.6946 4
    endloop
  endfacet
  facet normal 0 0 1
    outer loop
      vertex -16.9392 -14.6946 4
      vertex -17 -14 4
      vertex -16.9848 -14.3486 4
    endloop
  endfacet
  facet normal 0 0 1
    outer loop
      vertex 12 4 4
      vertex 11.7 5 4
      vertex 11.7 4 4
    endloop
  endfacet
  facet normal 0.887029 -0.461714 0
    outer loop
      vertex 16.4641 -16 4
      vertex 16.6252 -15.6905 0
      vertex 16.6252 -15.6905 4
    endloop
  endfacet
  facet normal 0.887029 -0.461714 0
    outer loop
      vertex 16.6252 -15.6905 0
      vertex 16.4641 -16 4
      vertex 16.4641 -16 0
    endloop
  endfacet
  facet normal 0 0 -1
    outer loop
      vertex 13 -18 0
      vertex 17 -14 0
      vertex 16.9848 -14.3486 0
    endloop
  endfacet
  facet normal 0 0 -1
    outer loop
      vertex 17 -14 0
      vertex 11.7 -5 0
      vertex 17 14 0
    endloop
  endfacet
  facet normal 0 0 -1
    outer loop
      vertex 13 -18 0
      vertex 16.9848 -14.3486 0
      vertex 16.9392 -14.6946 0
    endloop
  endfacet
  facet normal 0 0 -1
    outer loop
      vertex 11.7 5 0
      vertex 17 14 0
      vertex 11.7 -5 0
    endloop
  endfacet
  facet normal 0 0 -1
    outer loop
      vertex 13 -18 0
      vertex 16.9392 -14.6946 0
      vertex 16.8637 -15.0353 0
    endloop
  endfacet
  facet normal 0 0 -1
    outer loop
      vertex 11.6935 5.14816 0
      vertex 17 14 0
      vertex 11.7 5 0
    endloop
  endfacet
  facet normal 0 0 -1
    outer loop
      vertex 13 -18 0
      vertex 16.8637 -15.0353 0
      vertex 16.7588 -15.3681 0
    endloop
  endfacet
  facet normal 0 0 -1
    outer loop
      vertex 11.6742 5.2952 0
      vertex 17 14 0
      vertex 11.6935 5.14816 0
    endloop
  endfacet
  facet normal 0 0 -1
    outer loop
      vertex 13 -18 0
      vertex 16.7588 -15.3681 0
      vertex 16.6252 -15.6905 0
    endloop
  endfacet
  facet normal 0 0 -1
    outer loop
      vertex 11.6421 5.43999 0
      vertex 17 14 0
      vertex 11.6742 5.2952 0
    endloop
  endfacet
  facet normal 0 0 -1
    outer loop
      vertex 13 -18 0
      vertex 16.6252 -15.6905 0
      vertex 16.4641 -16 0
    endloop
  endfacet
  facet normal 0 0 -1
    outer loop
      vertex 11.5975 5.58143 0
      vertex 17 14 0
      vertex 11.6421 5.43999 0
    endloop
  endfacet
  facet normal 0 0 -1
    outer loop
      vertex 13 -18 0
      vertex 16.4641 -16 0
      vertex 16.2766 -16.2943 0
    endloop
  endfacet
  facet normal 0 0 -1
    outer loop
      vertex 11.5407 5.71845 0
      vertex 17 14 0
      vertex 11.5975 5.58143 0
    endloop
  endfacet
  facet normal 0 0 -1
    outer loop
      vertex 13 -18 0
      vertex 16.2766 -16.2943 0
      vertex 16.0642 -16.5712 0
    endloop
  endfacet
  facet normal 0 0 -1
    outer loop
      vertex 11.4722 5.85 0
      vertex 17 14 0
      vertex 11.5407 5.71845 0
    endloop
  endfacet
  facet normal 0 0 -1
    outer loop
      vertex 13 -18 0
      vertex 16.0642 -16.5712 0
      vertex 15.8284 -16.8284 0
    endloop
  endfacet
  facet normal 0 0 -1
    outer loop
      vertex 11.3926 5.97508 0
      vertex 17 14 0
      vertex 11.4722 5.85 0
    endloop
  endfacet
  facet normal 0 0 -1
    outer loop
      vertex 13 -18 0
      vertex 15.8284 -16.8284 0
      vertex 15.5712 -17.0642 0
    endloop
  endfacet
  facet normal 0 0 -1
    outer loop
      vertex 11.3023 6.09274 0
      vertex 17 14 0
      vertex 11.3926 5.97508 0
    endloop
  endfacet
  facet normal 0 0 -1
    outer loop
      vertex 13 -18 0
      vertex 15.5712 -17.0642 0
      vertex 15.2943 -17.2766 0
    endloop
  endfacet
  facet normal 0 0 -1
    outer loop
      vertex 11.2021 6.20208 0
      vertex 17 14 0
      vertex 11.3023 6.09274 0
    endloop
  endfacet
  facet normal 0 0 -1
    outer loop
      vertex 13 -18 0
      vertex 15.2943 -17.2766 0
      vertex 15 -17.4641 0
    endloop
  endfacet
  facet normal 0 0 -1
    outer loop
      vertex 11.0927 6.30227 0
      vertex 17 14 0
      vertex 11.2021 6.20208 0
    endloop
  endfacet
  facet normal 0 0 -1
    outer loop
      vertex 13 -18 0
      vertex 15 -17.4641 0
      vertex 14.6905 -17.6252 0
    endloop
  endfacet
  facet normal 0 0 -1
    outer loop
      vertex 10.9751 6.39256 0
      vertex 17 14 0
      vertex 11.0927 6.30227 0
    endloop
  endfacet
  facet normal 0 0 -1
    outer loop
      vertex 13 -18 0
      vertex 14.6905 -17.6252 0
      vertex 14.3681 -17.7588 0
    endloop
  endfacet
  facet normal 0 0 -1
    outer loop
      vertex 10.85 6.47224 0
      vertex 17 14 0
      vertex 10.9751 6.39256 0
    endloop
  endfacet
  facet normal 0 0 -1
    outer loop
      vertex 13 -18 0
      vertex 14.3681 -17.7588 0
      vertex 14.0353 -17.8637 0
    endloop
  endfacet
  facet normal 0 0 -1
    outer loop
      vertex 10.7185 6.54072 0
      vertex 17 14 0
      vertex 10.85 6.47224 0
    endloop
  endfacet
  facet normal 0 0 -1
    outer loop
      vertex 13 -18 0
      vertex 14.0353 -17.8637 0
      vertex 13.6946 -17.9392 0
    endloop
  endfacet
  facet normal 0 0 -1
    outer loop
      vertex 10.5814 6.59748 0
      vertex 17 14 0
      vertex 10.7185 6.54072 0
    endloop
  endfacet
  facet normal 0 0 -1
    outer loop
      vertex 13 -18 0
      vertex 13.6946 -17.9392 0
      vertex 13.3486 -17.9848 0
    endloop
  endfacet
  facet normal 0 0 -1
    outer loop
      vertex 10.44 6.64207 0
      vertex 17 14 0
      vertex 10.5814 6.59748 0
    endloop
  endfacet
  facet normal -0 0 -1
    outer loop
      vertex 17 -14 0
      vertex 13 -18 0
      vertex 10.2952 -6.67417 0
    endloop
  endfacet
  facet normal 0 0 -1
    outer loop
      vertex 10.2952 6.67417 0
      vertex 17 14 0
      vertex 10.44 6.64207 0
    endloop
  endfacet
  facet normal 0 -0 -1
    outer loop
      vertex 13 18 0
      vertex 17 14 0
      vertex 10.2952 6.67417 0
    endloop
  endfacet
  facet normal 0 0 -1
    outer loop
      vertex 17 -14 0
      vertex 11.6935 -5.14816 0
      vertex 11.7 -5 0
    endloop
  endfacet
  facet normal 0 0 -1
    outer loop
      vertex 17 -14 0
      vertex 11.6742 -5.2952 0
      vertex 11.6935 -5.14816 0
    endloop
  endfacet
  facet normal 0 0 -1
    outer loop
      vertex 17 -14 0
      vertex 11.6421 -5.43999 0
      vertex 11.6742 -5.2952 0
    endloop
  endfacet
  facet normal 0 0 -1
    outer loop
      vertex 17 -14 0
      vertex 11.5975 -5.58143 0
      vertex 11.6421 -5.43999 0
    endloop
  endfacet
  facet normal 0 0 -1
    outer loop
      vertex 17 -14 0
      vertex 11.5407 -5.71845 0
      vertex 11.5975 -5.58143 0
    endloop
  endfacet
  facet normal 0 0 -1
    outer loop
      vertex 17 -14 0
      vertex 11.4722 -5.85 0
      vertex 11.5407 -5.71845 0
    endloop
  endfacet
  facet normal 0 0 -1
    outer loop
      vertex 17 -14 0
      vertex 11.3926 -5.97508 0
      vertex 11.4722 -5.85 0
    endloop
  endfacet
  facet normal 0 0 -1
    outer loop
      vertex 17 -14 0
      vertex 11.3023 -6.09274 0
      vertex 11.3926 -5.97508 0
    endloop
  endfacet
  facet normal 0 0 -1
    outer loop
      vertex 17 -14 0
      vertex 11.2021 -6.20208 0
      vertex 11.3023 -6.09274 0
    endloop
  endfacet
  facet normal 0 0 -1
    outer loop
      vertex 17 -14 0
      vertex 11.0927 -6.30227 0
      vertex 11.2021 -6.20208 0
    endloop
  endfacet
  facet normal 0 0 -1
    outer loop
      vertex 17 -14 0
      vertex 10.9751 -6.39256 0
      vertex 11.0927 -6.30227 0
    endloop
  endfacet
  facet normal 0 0 -1
    outer loop
      vertex 17 -14 0
      vertex 10.85 -6.47224 0
      vertex 10.9751 -6.39256 0
    endloop
  endfacet
  facet normal 0 0 -1
    outer loop
      vertex 17 -14 0
      vertex 10.7185 -6.54072 0
      vertex 10.85 -6.47224 0
    endloop
  endfacet
  facet normal 0 0 -1
    outer loop
      vertex 17 -14 0
      vertex 10.5814 -6.59748 0
      vertex 10.7185 -6.54072 0
    endloop
  endfacet
  facet normal 0 0 -1
    outer loop
      vertex 17 -14 0
      vertex 10.44 -6.64207 0
      vertex 10.5814 -6.59748 0
    endloop
  endfacet
  facet normal 0 0 -1
    outer loop
      vertex 17 -14 0
      vertex 10.2952 -6.67417 0
      vertex 10.44 -6.64207 0
    endloop
  endfacet
  facet normal 0 0 -1
    outer loop
      vertex 13 -18 0
      vertex 10.1482 -6.69353 0
      vertex 10.2952 -6.67417 0
    endloop
  endfacet
  facet normal 0 0 -1
    outer loop
      vertex 13 -18 0
      vertex 10 -6.7 0
      vertex 10.1482 -6.69353 0
    endloop
  endfacet
  facet normal 0 0 -1
    outer loop
      vertex 13 -18 0
      vertex 9.85183 -6.69353 0
      vertex 10 -6.7 0
    endloop
  endfacet
  facet normal 0 0 -1
    outer loop
      vertex 13 -18 0
      vertex 9.7048 -6.67417 0
      vertex 9.85183 -6.69353 0
    endloop
  endfacet
  facet normal 0 0 -1
    outer loop
      vertex 1.88176 -12.0084 0
      vertex 9.7048 -6.67417 0
      vertex 13 -18 0
    endloop
  endfacet
  facet normal -0 0 -1
    outer loop
      vertex 9.7048 -6.67417 0
      vertex 1.88176 -12.0084 0
      vertex 9.56001 -6.64207 0
    endloop
  endfacet
  facet normal 0 -0 -1
    outer loop
      vertex 1.89543 -11.9046 0
      vertex 9.56001 -6.64207 0
      vertex 1.88176 -12.0084 0
    endloop
  endfacet
  facet normal -0 0 -1
    outer loop
      vertex 9.56001 -6.64207 0
      vertex 1.89543 -11.9046 0
      vertex 9.41857 -6.59748 0
    endloop
  endfacet
  facet normal 0 -0 -1
    outer loop
      vertex 1.89999 -11.8 0
      vertex 9.41857 -6.59748 0
      vertex 1.89543 -11.9046 0
    endloop
  endfacet
  facet normal -0 0 -1
    outer loop
      vertex 9.41857 -6.59748 0
      vertex 1.89999 -11.8 0
      vertex 9.28155 -6.54072 0
    endloop
  endfacet
  facet normal -0 0 -1
    outer loop
      vertex 9.28155 -6.54072 0
      vertex 1.89999 -11.8 0
      vertex 9.15 -6.47224 0
    endloop
  endfacet
  facet normal -0 0 -1
    outer loop
      vertex 9.15 -6.47224 0
      vertex 1.89999 -11.8 0
      vertex 9.02492 -6.39256 0
    endloop
  endfacet
  facet normal -0 0 -1
    outer loop
      vertex 8.90726 -6.30227 0
      vertex 1.89999 -11.8 0
      vertex 8.79792 -6.20208 0
    endloop
  endfacet
  facet normal -0 0 -1
    outer loop
      vertex 8.79792 -6.20208 0
      vertex 1.89999 -11.8 0
      vertex 8.69772 -6.09274 0
    endloop
  endfacet
  facet normal -0 0 -1
    outer loop
      vertex 8.69772 -6.09274 0
      vertex 1.89999 -11.8 0
      vertex 8.60744 -5.97508 0
    endloop
  endfacet
  facet normal -0 0 -1
    outer loop
      vertex 8.60744 -5.97508 0
      vertex 1.89999 -11.8 0
      vertex 8.52776 -5.85 0
    endloop
  endfacet
  facet normal -0 0 -1
    outer loop
      vertex 8.3 -5 0
      vertex 1.89999 -11.8 0
      vertex 8.3 5 0
    endloop
  endfacet
  facet normal -0 0 -1
    outer loop
      vertex 8.30647 -5.14816 0
      vertex 1.89999 -11.8 0
      vertex 8.3 -5 0
    endloop
  endfacet
  facet normal -0 0 -1
    outer loop
      vertex 8.32583 -5.2952 0
      vertex 1.89999 -11.8 0
      vertex 8.30647 -5.14816 0
    endloop
  endfacet
  facet normal -0 0 -1
    outer loop
      vertex 8.35793 -5.43999 0
      vertex 1.89999 -11.8 0
      vertex 8.32583 -5.2952 0
    endloop
  endfacet
  facet normal -0 0 -1
    outer loop
      vertex 8.40252 -5.58143 0
      vertex 1.89999 -11.8 0
      vertex 8.35793 -5.43999 0
    endloop
  endfacet
  facet normal -0 0 -1
    outer loop
      vertex 8.52776 -5.85 0
      vertex 1.89999 -11.8 0
      vertex 8.45928 -5.71845 0
    endloop
  endfacet
  facet normal -0 0 -1
    outer loop
      vertex 8.45928 -5.71845 0
      vertex 1.89999 -11.8 0
      vertex 8.40252 -5.58143 0
    endloop
  endfacet
  facet normal -0 0 -1
    outer loop
      vertex 9.02492 -6.39256 0
      vertex 1.89999 -11.8 0
      vertex 8.90726 -6.30227 0
    endloop
  endfacet
  facet normal 0 0 -1
    outer loop
      vertex 13 -18 0
      vertex 1.8591 -12.1106 0
      vertex 1.88176 -12.0084 0
    endloop
  endfacet
  facet normal 0 0 -1
    outer loop
      vertex 13 -18 0
      vertex 1.82762 -12.2104 0
      vertex 1.8591 -12.1106 0
    endloop
  endfacet
  facet normal 0 0 -1
    outer loop
      vertex 13 -18 0
      vertex 1.78757 -12.3071 0
      vertex 1.82762 -12.2104 0
    endloop
  endfacet
  facet normal 0 0 -1
    outer loop
      vertex 13 -18 0
      vertex 1.73923 -12.4 0
      vertex 1.78757 -12.3071 0
    endloop
  endfacet
  facet normal 0 0 -1
    outer loop
      vertex 13 -18 0
      vertex 1.68298 -12.4883 0
      vertex 1.73923 -12.4 0
    endloop
  endfacet
  facet normal 0 0 -1
    outer loop
      vertex 13 -18 0
      vertex 1.61925 -12.5713 0
      vertex 1.68298 -12.4883 0
    endloop
  endfacet
  facet normal 0 0 -1
    outer loop
      vertex 13 -18 0
      vertex 1.54852 -12.6485 0
      vertex 1.61925 -12.5713 0
    endloop
  endfacet
  facet normal 0 0 -1
    outer loop
      vertex 13 -18 0
      vertex 1.47134 -12.7192 0
      vertex 1.54852 -12.6485 0
    endloop
  endfacet
  facet normal 0 0 -1
    outer loop
      vertex 13 -18 0
      vertex 1.38829 -12.783 0
      vertex 1.47134 -12.7192 0
    endloop
  endfacet
  facet normal 0 0 -1
    outer loop
      vertex 13 -18 0
      vertex 1.3 -12.8392 0
      vertex 1.38829 -12.783 0
    endloop
  endfacet
  facet normal 0 0 -1
    outer loop
      vertex 13 -18 0
      vertex 1.20714 -12.8876 0
      vertex 1.3 -12.8392 0
    endloop
  endfacet
  facet normal 0 0 -1
    outer loop
      vertex 13 -18 0
      vertex 1.11043 -12.9276 0
      vertex 1.20714 -12.8876 0
    endloop
  endfacet
  facet normal 0 0 -1
    outer loop
      vertex 13 -18 0
      vertex 1.01057 -12.9591 0
      vertex 1.11043 -12.9276 0
    endloop
  endfacet
  facet normal 0 0 -1
    outer loop
      vertex 13 -18 0
      vertex 0.908371 -12.9818 0
      vertex 1.01057 -12.9591 0
    endloop
  endfacet
  facet normal 0 0 -1
    outer loop
      vertex 13 -18 0
      vertex 0.804581 -12.9954 0
      vertex 0.908371 -12.9818 0
    endloop
  endfacet
  facet normal 0 0 -1
    outer loop
      vertex 13 -18 0
      vertex 0.699997 -13 0
      vertex 0.804581 -12.9954 0
    endloop
  endfacet
  facet normal 0 0 -1
    outer loop
      vertex 13 -18 0
      vertex -0.699997 -13 0
      vertex 0.699997 -13 0
    endloop
  endfacet
  facet normal 0 0 -1
    outer loop
      vertex -13 -18 0
      vertex -0.699997 -13 0
      vertex 13 -18 0
    endloop
  endfacet
  facet normal -0 0 -1
    outer loop
      vertex -0.699997 -13 0
      vertex -13 -18 0
      vertex -0.804581 -12.9954 0
    endloop
  endfacet
  facet normal -0 0 -1
    outer loop
      vertex -0.804581 -12.9954 0
      vertex -13 -18 0
      vertex -0.908371 -12.9818 0
    endloop
  endfacet
  facet normal -0 0 -1
    outer loop
      vertex -0.908371 -12.9818 0
      vertex -13 -18 0
      vertex -1.01057 -12.9591 0
    endloop
  endfacet
  facet normal 0 0 -1
    outer loop
      vertex -1.89999 -11.8 0
      vertex -8.3 -5 0
      vertex -1.89999 11.8 0
    endloop
  endfacet
  facet normal 0 0 -1
    outer loop
      vertex -9.41857 -6.59748 0
      vertex -1.89999 -11.8 0
      vertex -1.89543 -11.9046 0
    endloop
  endfacet
  facet normal 0 0 -1
    outer loop
      vertex -9.56001 -6.64207 0
      vertex -1.89543 -11.9046 0
      vertex -1.88176 -12.0084 0
    endloop
  endfacet
  facet normal 0 0 -1
    outer loop
      vertex -13 -18 0
      vertex -1.88176 -12.0084 0
      vertex -1.8591 -12.1106 0
    endloop
  endfacet
  facet normal 0 0 -1
    outer loop
      vertex -13 -18 0
      vertex -1.8591 -12.1106 0
      vertex -1.82762 -12.2104 0
    endloop
  endfacet
  facet normal 0 0 -1
    outer loop
      vertex -13 -18 0
      vertex -1.82762 -12.2104 0
      vertex -1.78757 -12.3071 0
    endloop
  endfacet
  facet normal 0 0 -1
    outer loop
      vertex -13 -18 0
      vertex -1.78757 -12.3071 0
      vertex -1.73923 -12.4 0
    endloop
  endfacet
  facet normal 0 0 -1
    outer loop
      vertex -13 -18 0
      vertex -1.73923 -12.4 0
      vertex -1.68298 -12.4883 0
    endloop
  endfacet
  facet normal 0 0 -1
    outer loop
      vertex -13 -18 0
      vertex -1.68298 -12.4883 0
      vertex -1.61925 -12.5713 0
    endloop
  endfacet
  facet normal 0 0 -1
    outer loop
      vertex -1.89999 -11.8 0
      vertex -8.30647 -5.14816 0
      vertex -8.3 -5 0
    endloop
  endfacet
  facet normal 0 0 -1
    outer loop
      vertex -1.89999 -11.8 0
      vertex -8.32583 -5.2952 0
      vertex -8.30647 -5.14816 0
    endloop
  endfacet
  facet normal 0 0 -1
    outer loop
      vertex -13 -18 0
      vertex -1.61925 -12.5713 0
      vertex -1.54852 -12.6485 0
    endloop
  endfacet
  facet normal 0 0 -1
    outer loop
      vertex -1.89999 -11.8 0
      vertex -8.35793 -5.43999 0
      vertex -8.32583 -5.2952 0
    endloop
  endfacet
  facet normal 0 0 -1
    outer loop
      vertex -1.89999 -11.8 0
      vertex -8.40252 -5.58143 0
      vertex -8.35793 -5.43999 0
    endloop
  endfacet
  facet normal 0 0 -1
    outer loop
      vertex -1.89999 -11.8 0
      vertex -8.45928 -5.71845 0
      vertex -8.40252 -5.58143 0
    endloop
  endfacet
  facet normal 0 0 -1
    outer loop
      vertex -1.89999 -11.8 0
      vertex -8.52776 -5.85 0
      vertex -8.45928 -5.71845 0
    endloop
  endfacet
  facet normal 0 0 -1
    outer loop
      vertex -1.89999 -11.8 0
      vertex -8.60744 -5.97508 0
      vertex -8.52776 -5.85 0
    endloop
  endfacet
  facet normal 0 0 -1
    outer loop
      vertex -1.89999 -11.8 0
      vertex -8.69772 -6.09274 0
      vertex -8.60744 -5.97508 0
    endloop
  endfacet
  facet normal 0 0 -1
    outer loop
      vertex -1.89999 -11.8 0
      vertex -8.79792 -6.20208 0
      vertex -8.69772 -6.09274 0
    endloop
  endfacet
  facet normal 0 0 -1
    outer loop
      vertex -13 -18 0
      vertex -1.54852 -12.6485 0
      vertex -1.47134 -12.7192 0
    endloop
  endfacet
  facet normal 0 0 -1
    outer loop
      vertex -1.89999 -11.8 0
      vertex -8.90726 -6.30227 0
      vertex -8.79792 -6.20208 0
    endloop
  endfacet
  facet normal 0 0 -1
    outer loop
      vertex -1.89999 -11.8 0
      vertex -9.02492 -6.39256 0
      vertex -8.90726 -6.30227 0
    endloop
  endfacet
  facet normal 0 0 -1
    outer loop
      vertex -1.89999 -11.8 0
      vertex -9.15 -6.47224 0
      vertex -9.02492 -6.39256 0
    endloop
  endfacet
  facet normal 0 0 -1
    outer loop
      vertex -1.89999 -11.8 0
      vertex -9.28155 -6.54072 0
      vertex -9.15 -6.47224 0
    endloop
  endfacet
  facet normal 0 0 -1
    outer loop
      vertex -1.89999 -11.8 0
      vertex -9.41857 -6.59748 0
      vertex -9.28155 -6.54072 0
    endloop
  endfacet
  facet normal 0 0 -1
    outer loop
      vertex -1.89543 -11.9046 0
      vertex -9.56001 -6.64207 0
      vertex -9.41857 -6.59748 0
    endloop
  endfacet
  facet normal 0 0 -1
    outer loop
      vertex -13 -18 0
      vertex -1.47134 -12.7192 0
      vertex -1.38829 -12.783 0
    endloop
  endfacet
  facet normal 0 0 -1
    outer loop
      vertex -1.88176 -12.0084 0
      vertex -9.7048 -6.67417 0
      vertex -9.56001 -6.64207 0
    endloop
  endfacet
  facet normal -0 0 -1
    outer loop
      vertex -1.88176 -12.0084 0
      vertex -13 -18 0
      vertex -9.7048 -6.67417 0
    endloop
  endfacet
  facet normal 0 0 -1
    outer loop
      vertex -9.7048 -6.67417 0
      vertex -13 -18 0
      vertex -9.85183 -6.69353 0
    endloop
  endfacet
  facet normal 0 0 -1
    outer loop
      vertex -9.85183 -6.69353 0
      vertex -13 -18 0
      vertex -10 -6.7 0
    endloop
  endfacet
  facet normal -0 0 -1
    outer loop
      vertex -10 -6.7 0
      vertex -13 -18 0
      vertex -10.1482 -6.69353 0
    endloop
  endfacet
  facet normal -0 0 -1
    outer loop
      vertex -10.1482 -6.69353 0
      vertex -13 -18 0
      vertex -10.2952 -6.67417 0
    endloop
  endfacet
  facet normal 0 0 -1
    outer loop
      vertex -17 -14 0
      vertex -10.2952 -6.67417 0
      vertex -13 -18 0
    endloop
  endfacet
  facet normal -0 0 -1
    outer loop
      vertex -10.2952 -6.67417 0
      vertex -17 -14 0
      vertex -10.44 -6.64207 0
    endloop
  endfacet
  facet normal -0 0 -1
    outer loop
      vertex -10.44 -6.64207 0
      vertex -17 -14 0
      vertex -10.5814 -6.59748 0
    endloop
  endfacet
  facet normal -0 0 -1
    outer loop
      vertex -10.5814 -6.59748 0
      vertex -17 -14 0
      vertex -10.7185 -6.54072 0
    endloop
  endfacet
  facet normal -0 0 -1
    outer loop
      vertex -11.6935 -5.14816 0
      vertex -17 -14 0
      vertex -11.7 -5 0
    endloop
  endfacet
  facet normal -0 0 -1
    outer loop
      vertex -11.6742 -5.2952 0
      vertex -17 -14 0
      vertex -11.6935 -5.14816 0
    endloop
  endfacet
  facet normal -0 0 -1
    outer loop
      vertex -11.6421 -5.43999 0
      vertex -17 -14 0
      vertex -11.6742 -5.2952 0
    endloop
  endfacet
  facet normal -0 0 -1
    outer loop
      vertex -11.5975 -5.58143 0
      vertex -17 -14 0
      vertex -11.6421 -5.43999 0
    endloop
  endfacet
  facet normal -0 0 -1
    outer loop
      vertex -11.5407 -5.71845 0
      vertex -17 -14 0
      vertex -11.5975 -5.58143 0
    endloop
  endfacet
  facet normal -0 0 -1
    outer loop
      vertex -11.4722 -5.85 0
      vertex -17 -14 0
      vertex -11.5407 -5.71845 0
    endloop
  endfacet
  facet normal -0 0 -1
    outer loop
      vertex -11.3926 -5.97508 0
      vertex -17 -14 0
      vertex -11.4722 -5.85 0
    endloop
  endfacet
  facet normal -0 0 -1
    outer loop
      vertex -11.3023 -6.09274 0
      vertex -17 -14 0
      vertex -11.3926 -5.97508 0
    endloop
  endfacet
  facet normal -0 0 -1
    outer loop
      vertex -11.2021 -6.20208 0
      vertex -17 -14 0
      vertex -11.3023 -6.09274 0
    endloop
  endfacet
  facet normal -0 0 -1
    outer loop
      vertex -11.0927 -6.30227 0
      vertex -17 -14 0
      vertex -11.2021 -6.20208 0
    endloop
  endfacet
  facet normal -0 0 -1
    outer loop
      vertex -10.9751 -6.39256 0
      vertex -17 -14 0
      vertex -11.0927 -6.30227 0
    endloop
  endfacet
  facet normal -0 0 -1
    outer loop
      vertex -10.85 -6.47224 0
      vertex -17 -14 0
      vertex -10.9751 -6.39256 0
    endloop
  endfacet
  facet normal -0 0 -1
    outer loop
      vertex -10.7185 -6.54072 0
      vertex -17 -14 0
      vertex -10.85 -6.47224 0
    endloop
  endfacet
  facet normal -0 0 -1
    outer loop
      vertex -1.3 -12.8392 0
      vertex -13 -18 0
      vertex -1.38829 -12.783 0
    endloop
  endfacet
  facet normal -0 0 -1
    outer loop
      vertex -1.20714 -12.8876 0
      vertex -13 -18 0
      vertex -1.3 -12.8392 0
    endloop
  endfacet
  facet normal -0 0 -1
    outer loop
      vertex -1.11043 -12.9276 0
      vertex -13 -18 0
      vertex -1.20714 -12.8876 0
    endloop
  endfacet
  facet normal -0 0 -1
    outer loop
      vertex -1.01057 -12.9591 0
      vertex -13 -18 0
      vertex -1.11043 -12.9276 0
    endloop
  endfacet
  facet normal 0 0 -1
    outer loop
      vertex 16.9848 14.3486 0
      vertex 13 18 0
      vertex 16.9392 14.6946 0
    endloop
  endfacet
  facet normal 0 0 -1
    outer loop
      vertex 16.9392 14.6946 0
      vertex 13 18 0
      vertex 16.8637 15.0353 0
    endloop
  endfacet
  facet normal 0 0 -1
    outer loop
      vertex 16.8637 15.0353 0
      vertex 13 18 0
      vertex 16.7588 15.3681 0
    endloop
  endfacet
  facet normal 0 0 -1
    outer loop
      vertex 16.7588 15.3681 0
      vertex 13 18 0
      vertex 16.6252 15.6905 0
    endloop
  endfacet
  facet normal 0 0 -1
    outer loop
      vertex 16.6252 15.6905 0
      vertex 13 18 0
      vertex 16.4641 16 0
    endloop
  endfacet
  facet normal 0 0 -1
    outer loop
      vertex 16.4641 16 0
      vertex 13 18 0
      vertex 16.2766 16.2943 0
    endloop
  endfacet
  facet normal 0 0 -1
    outer loop
      vertex 16.0642 16.5712 0
      vertex 13 18 0
      vertex 15.8284 16.8284 0
    endloop
  endfacet
  facet normal 0 0 -1
    outer loop
      vertex 15.8284 16.8284 0
      vertex 13 18 0
      vertex 15.5712 17.0642 0
    endloop
  endfacet
  facet normal 0 0 -1
    outer loop
      vertex 15.5712 17.0642 0
      vertex 13 18 0
      vertex 15.2943 17.2766 0
    endloop
  endfacet
  facet normal 0 0 -1
    outer loop
      vertex 15.2943 17.2766 0
      vertex 13 18 0
      vertex 15 17.4641 0
    endloop
  endfacet
  facet normal 0 0 -1
    outer loop
      vertex 15 17.4641 0
      vertex 13 18 0
      vertex 14.6905 17.6252 0
    endloop
  endfacet
  facet normal 0 0 -1
    outer loop
      vertex 14.6905 17.6252 0
      vertex 13 18 0
      vertex 14.3681 17.7588 0
    endloop
  endfacet
  facet normal 0 0 -1
    outer loop
      vertex 14.3681 17.7588 0
      vertex 13 18 0
      vertex 14.0353 17.8637 0
    endloop
  endfacet
  facet normal 0 0 -1
    outer loop
      vertex 13.6946 17.9392 0
      vertex 13 18 0
      vertex 13.3486 17.9848 0
    endloop
  endfacet
  facet normal 0 0 -1
    outer loop
      vertex 14.0353 17.8637 0
      vertex 13 18 0
      vertex 13.6946 17.9392 0
    endloop
  endfacet
  facet normal 0 0 -1
    outer loop
      vertex 16.2766 16.2943 0
      vertex 13 18 0
      vertex 16.0642 16.5712 0
    endloop
  endfacet
  facet normal 0 0 -1
    outer loop
      vertex 17 14 0
      vertex 13 18 0
      vertex 16.9848 14.3486 0
    endloop
  endfacet
  facet normal 0 0 -1
    outer loop
      vertex 10.1482 6.69353 0
      vertex 13 18 0
      vertex 10.2952 6.67417 0
    endloop
  endfacet
  facet normal 0 0 -1
    outer loop
      vertex 10 6.7 0
      vertex 13 18 0
      vertex 10.1482 6.69353 0
    endloop
  endfacet
  facet normal 0 0 -1
    outer loop
      vertex 9.85183 6.69353 0
      vertex 13 18 0
      vertex 10 6.7 0
    endloop
  endfacet
  facet normal 0 0 -1
    outer loop
      vertex 9.7048 6.67417 0
      vertex 13 18 0
      vertex 9.85183 6.69353 0
    endloop
  endfacet
  facet normal 0 0 -1
    outer loop
      vertex 1.88176 12.0084 0
      vertex 9.7048 6.67417 0
      vertex 9.56001 6.64207 0
    endloop
  endfacet
  facet normal 0 0 -1
    outer loop
      vertex 1.89543 11.9046 0
      vertex 9.56001 6.64207 0
      vertex 9.41857 6.59748 0
    endloop
  endfacet
  facet normal 0 0 -1
    outer loop
      vertex 1.89999 11.8 0
      vertex 9.41857 6.59748 0
      vertex 9.28155 6.54072 0
    endloop
  endfacet
  facet normal 0 0 -1
    outer loop
      vertex 1.89999 11.8 0
      vertex 9.28155 6.54072 0
      vertex 9.15 6.47224 0
    endloop
  endfacet
  facet normal 0 0 -1
    outer loop
      vertex 1.89999 11.8 0
      vertex 9.15 6.47224 0
      vertex 9.02492 6.39256 0
    endloop
  endfacet
  facet normal 0 0 -1
    outer loop
      vertex 1.89999 11.8 0
      vertex 9.02492 6.39256 0
      vertex 8.90726 6.30227 0
    endloop
  endfacet
  facet normal 0 0 -1
    outer loop
      vertex 1.89999 11.8 0
      vertex 8.90726 6.30227 0
      vertex 8.79792 6.20208 0
    endloop
  endfacet
  facet normal 0 0 -1
    outer loop
      vertex 1.89999 11.8 0
      vertex 8.79792 6.20208 0
      vertex 8.69772 6.09274 0
    endloop
  endfacet
  facet normal 0 0 -1
    outer loop
      vertex 1.89999 11.8 0
      vertex 8.69772 6.09274 0
      vertex 8.60744 5.97508 0
    endloop
  endfacet
  facet normal 0 0 -1
    outer loop
      vertex 1.89999 11.8 0
      vertex 8.60744 5.97508 0
      vertex 8.52776 5.85 0
    endloop
  endfacet
  facet normal 0 0 -1
    outer loop
      vertex 1.89999 11.8 0
      vertex 8.52776 5.85 0
      vertex 8.45928 5.71845 0
    endloop
  endfacet
  facet normal 0 0 -1
    outer loop
      vertex 1.89999 11.8 0
      vertex 8.45928 5.71845 0
      vertex 8.40252 5.58143 0
    endloop
  endfacet
  facet normal 0 0 -1
    outer loop
      vertex 1.89999 11.8 0
      vertex 8.3 5 0
      vertex 1.89999 -11.8 0
    endloop
  endfacet
  facet normal 0 0 -1
    outer loop
      vertex 8.3 5 0
      vertex 1.89999 11.8 0
      vertex 8.30647 5.14816 0
    endloop
  endfacet
  facet normal 0 0 -1
    outer loop
      vertex 8.30647 5.14816 0
      vertex 1.89999 11.8 0
      vertex 8.32583 5.2952 0
    endloop
  endfacet
  facet normal 0 0 -1
    outer loop
      vertex 8.32583 5.2952 0
      vertex 1.89999 11.8 0
      vertex 8.35793 5.43999 0
    endloop
  endfacet
  facet normal 0 0 -1
    outer loop
      vertex 8.35793 5.43999 0
      vertex 1.89999 11.8 0
      vertex 8.40252 5.58143 0
    endloop
  endfacet
  facet normal 0 0 -1
    outer loop
      vertex 9.41857 6.59748 0
      vertex 1.89999 11.8 0
      vertex 1.89543 11.9046 0
    endloop
  endfacet
  facet normal 0 0 -1
    outer loop
      vertex 9.56001 6.64207 0
      vertex 1.89543 11.9046 0
      vertex 1.88176 12.0084 0
    endloop
  endfacet
  facet normal 0 0 -1
    outer loop
      vertex 9.7048 6.67417 0
      vertex 1.88176 12.0084 0
      vertex 13 18 0
    endloop
  endfacet
  facet normal 0 0 -1
    outer loop
      vertex 1.8591 12.1106 0
      vertex 13 18 0
      vertex 1.88176 12.0084 0
    endloop
  endfacet
  facet normal 0 0 -1
    outer loop
      vertex 1.82762 12.2104 0
      vertex 13 18 0
      vertex 1.8591 12.1106 0
    endloop
  endfacet
  facet normal 0 0 -1
    outer loop
      vertex 1.78757 12.3071 0
      vertex 13 18 0
      vertex 1.82762 12.2104 0
    endloop
  endfacet
  facet normal 0 0 -1
    outer loop
      vertex 1.73923 12.4 0
      vertex 13 18 0
      vertex 1.78757 12.3071 0
    endloop
  endfacet
  facet normal 0 0 -1
    outer loop
      vertex 1.68298 12.4883 0
      vertex 13 18 0
      vertex 1.73923 12.4 0
    endloop
  endfacet
  facet normal 0 0 -1
    outer loop
      vertex 1.61925 12.5713 0
      vertex 13 18 0
      vertex 1.68298 12.4883 0
    endloop
  endfacet
  facet normal 0 0 -1
    outer loop
      vertex 1.54852 12.6485 0
      vertex 13 18 0
      vertex 1.61925 12.5713 0
    endloop
  endfacet
  facet normal 0 0 -1
    outer loop
      vertex 1.47134 12.7192 0
      vertex 13 18 0
      vertex 1.54852 12.6485 0
    endloop
  endfacet
  facet normal 0 0 -1
    outer loop
      vertex 1.38829 12.783 0
      vertex 13 18 0
      vertex 1.47134 12.7192 0
    endloop
  endfacet
  facet normal 0 0 -1
    outer loop
      vertex 1.3 12.8392 0
      vertex 13 18 0
      vertex 1.38829 12.783 0
    endloop
  endfacet
  facet normal 0 0 -1
    outer loop
      vertex 1.20714 12.8876 0
      vertex 13 18 0
      vertex 1.3 12.8392 0
    endloop
  endfacet
  facet normal 0 0 -1
    outer loop
      vertex 1.11043 12.9276 0
      vertex 13 18 0
      vertex 1.20714 12.8876 0
    endloop
  endfacet
  facet normal 0 0 -1
    outer loop
      vertex 1.01057 12.9591 0
      vertex 13 18 0
      vertex 1.11043 12.9276 0
    endloop
  endfacet
  facet normal 0 0 -1
    outer loop
      vertex 0.908371 12.9818 0
      vertex 13 18 0
      vertex 1.01057 12.9591 0
    endloop
  endfacet
  facet normal 0 0 -1
    outer loop
      vertex 0.804581 12.9954 0
      vertex 13 18 0
      vertex 0.908371 12.9818 0
    endloop
  endfacet
  facet normal 0 0 -1
    outer loop
      vertex 0.699997 13 0
      vertex 13 18 0
      vertex 0.804581 12.9954 0
    endloop
  endfacet
  facet normal 0 0 -1
    outer loop
      vertex -0.699997 13 0
      vertex 13 18 0
      vertex 0.699997 13 0
    endloop
  endfacet
  facet normal 0 0 -1
    outer loop
      vertex -13 18 0
      vertex -0.699997 13 0
      vertex -0.804581 12.9954 0
    endloop
  endfacet
  facet normal 0 0 -1
    outer loop
      vertex -13 18 0
      vertex -0.804581 12.9954 0
      vertex -0.908371 12.9818 0
    endloop
  endfacet
  facet normal 0 0 -1
    outer loop
      vertex -13 18 0
      vertex -0.908371 12.9818 0
      vertex -1.01057 12.9591 0
    endloop
  endfacet
  facet normal 0 0 -1
    outer loop
      vertex -13 18 0
      vertex -1.01057 12.9591 0
      vertex -1.11043 12.9276 0
    endloop
  endfacet
  facet normal 0 0 -1
    outer loop
      vertex -8.3 5 0
      vertex -1.89999 11.8 0
      vertex -8.3 -5 0
    endloop
  endfacet
  facet normal 0 0 -1
    outer loop
      vertex -8.30647 5.14816 0
      vertex -1.89999 11.8 0
      vertex -8.3 5 0
    endloop
  endfacet
  facet normal 0 0 -1
    outer loop
      vertex -8.32583 5.2952 0
      vertex -1.89999 11.8 0
      vertex -8.30647 5.14816 0
    endloop
  endfacet
  facet normal 0 0 -1
    outer loop
      vertex -8.35793 5.43999 0
      vertex -1.89999 11.8 0
      vertex -8.32583 5.2952 0
    endloop
  endfacet
  facet normal 0 0 -1
    outer loop
      vertex -8.40252 5.58143 0
      vertex -1.89999 11.8 0
      vertex -8.35793 5.43999 0
    endloop
  endfacet
  facet normal 0 0 -1
    outer loop
      vertex -8.45928 5.71845 0
      vertex -1.89999 11.8 0
      vertex -8.40252 5.58143 0
    endloop
  endfacet
  facet normal 0 0 -1
    outer loop
      vertex -8.52776 5.85 0
      vertex -1.89999 11.8 0
      vertex -8.45928 5.71845 0
    endloop
  endfacet
  facet normal 0 0 -1
    outer loop
      vertex -8.60744 5.97508 0
      vertex -1.89999 11.8 0
      vertex -8.52776 5.85 0
    endloop
  endfacet
  facet normal 0 0 -1
    outer loop
      vertex -8.69772 6.09274 0
      vertex -1.89999 11.8 0
      vertex -8.60744 5.97508 0
    endloop
  endfacet
  facet normal 0 0 -1
    outer loop
      vertex -8.79792 6.20208 0
      vertex -1.89999 11.8 0
      vertex -8.69772 6.09274 0
    endloop
  endfacet
  facet normal 0 0 -1
    outer loop
      vertex -8.90726 6.30227 0
      vertex -1.89999 11.8 0
      vertex -8.79792 6.20208 0
    endloop
  endfacet
  facet normal 0 0 -1
    outer loop
      vertex -9.02492 6.39256 0
      vertex -1.89999 11.8 0
      vertex -8.90726 6.30227 0
    endloop
  endfacet
  facet normal 0 0 -1
    outer loop
      vertex -9.15 6.47224 0
      vertex -1.89999 11.8 0
      vertex -9.02492 6.39256 0
    endloop
  endfacet
  facet normal 0 0 -1
    outer loop
      vertex -9.28155 6.54072 0
      vertex -1.89999 11.8 0
      vertex -9.15 6.47224 0
    endloop
  endfacet
  facet normal 0 0 -1
    outer loop
      vertex -9.41857 6.59748 0
      vertex -1.89999 11.8 0
      vertex -9.28155 6.54072 0
    endloop
  endfacet
  facet normal -0 0 -1
    outer loop
      vertex -1.89999 11.8 0
      vertex -9.41857 6.59748 0
      vertex -1.89543 11.9046 0
    endloop
  endfacet
  facet normal 0 0 -1
    outer loop
      vertex -9.56001 6.64207 0
      vertex -1.89543 11.9046 0
      vertex -9.41857 6.59748 0
    endloop
  endfacet
  facet normal -0 0 -1
    outer loop
      vertex -1.89543 11.9046 0
      vertex -9.56001 6.64207 0
      vertex -1.88176 12.0084 0
    endloop
  endfacet
  facet normal 0 0 -1
    outer loop
      vertex -9.7048 6.67417 0
      vertex -1.88176 12.0084 0
      vertex -9.56001 6.64207 0
    endloop
  endfacet
  facet normal 0 0 -1
    outer loop
      vertex -13 18 0
      vertex -1.88176 12.0084 0
      vertex -9.7048 6.67417 0
    endloop
  endfacet
  facet normal 0 0 -1
    outer loop
      vertex -1.88176 12.0084 0
      vertex -13 18 0
      vertex -1.8591 12.1106 0
    endloop
  endfacet
  facet normal 0 0 -1
    outer loop
      vertex -1.8591 12.1106 0
      vertex -13 18 0
      vertex -1.82762 12.2104 0
    endloop
  endfacet
  facet normal 0 0 -1
    outer loop
      vertex -1.82762 12.2104 0
      vertex -13 18 0
      vertex -1.78757 12.3071 0
    endloop
  endfacet
  facet normal 0 0 -1
    outer loop
      vertex -1.78757 12.3071 0
      vertex -13 18 0
      vertex -1.73923 12.4 0
    endloop
  endfacet
  facet normal 0 0 -1
    outer loop
      vertex -1.73923 12.4 0
      vertex -13 18 0
      vertex -1.68298 12.4883 0
    endloop
  endfacet
  facet normal 0 0 -1
    outer loop
      vertex -1.68298 12.4883 0
      vertex -13 18 0
      vertex -1.61925 12.5713 0
    endloop
  endfacet
  facet normal 0 0 -1
    outer loop
      vertex -1.61925 12.5713 0
      vertex -13 18 0
      vertex -1.54852 12.6485 0
    endloop
  endfacet
  facet normal 0 0 -1
    outer loop
      vertex -1.54852 12.6485 0
      vertex -13 18 0
      vertex -1.47134 12.7192 0
    endloop
  endfacet
  facet normal 0 0 -1
    outer loop
      vertex -13 18 0
      vertex -9.7048 6.67417 0
      vertex -9.85183 6.69353 0
    endloop
  endfacet
  facet normal 0 0 -1
    outer loop
      vertex -13 18 0
      vertex -9.85183 6.69353 0
      vertex -10 6.7 0
    endloop
  endfacet
  facet normal 0 0 -1
    outer loop
      vertex -13 18 0
      vertex -10 6.7 0
      vertex -10.1482 6.69353 0
    endloop
  endfacet
  facet normal 0 0 -1
    outer loop
      vertex -13 18 0
      vertex -10.1482 6.69353 0
      vertex -10.2952 6.67417 0
    endloop
  endfacet
  facet normal 0 0 -1
    outer loop
      vertex -17 14 0
      vertex -10.2952 6.67417 0
      vertex -10.44 6.64207 0
    endloop
  endfacet
  facet normal 0 0 -1
    outer loop
      vertex -17 14 0
      vertex -10.44 6.64207 0
      vertex -10.5814 6.59748 0
    endloop
  endfacet
  facet normal 0 0 -1
    outer loop
      vertex -17 14 0
      vertex -10.5814 6.59748 0
      vertex -10.7185 6.54072 0
    endloop
  endfacet
  facet normal 0 0 -1
    outer loop
      vertex -17 14 0
      vertex -10.7185 6.54072 0
      vertex -10.85 6.47224 0
    endloop
  endfacet
  facet normal 0 0 -1
    outer loop
      vertex -17 14 0
      vertex -10.85 6.47224 0
      vertex -10.9751 6.39256 0
    endloop
  endfacet
  facet normal -0 0 -1
    outer loop
      vertex -11.7 -5 0
      vertex -17 -14 0
      vertex -11.7 5 0
    endloop
  endfacet
  facet normal 0 0 -1
    outer loop
      vertex -0.699997 13 0
      vertex -13 18 0
      vertex 13 18 0
    endloop
  endfacet
  facet normal 0 0 -1
    outer loop
      vertex -1.20714 12.8876 0
      vertex -13 18 0
      vertex -1.11043 12.9276 0
    endloop
  endfacet
  facet normal 0 0 -1
    outer loop
      vertex -1.3 12.8392 0
      vertex -13 18 0
      vertex -1.20714 12.8876 0
    endloop
  endfacet
  facet normal 0 0 -1
    outer loop
      vertex -1.38829 12.783 0
      vertex -13 18 0
      vertex -1.3 12.8392 0
    endloop
  endfacet
  facet normal 0 0 -1
    outer loop
      vertex -1.47134 12.7192 0
      vertex -13 18 0
      vertex -1.38829 12.783 0
    endloop
  endfacet
  facet normal 0 0 -1
    outer loop
      vertex -17 14 0
      vertex -10.9751 6.39256 0
      vertex -11.0927 6.30227 0
    endloop
  endfacet
  facet normal 0 0 -1
    outer loop
      vertex -17 14 0
      vertex -11.0927 6.30227 0
      vertex -11.2021 6.20208 0
    endloop
  endfacet
  facet normal 0 0 -1
    outer loop
      vertex -17 14 0
      vertex -11.2021 6.20208 0
      vertex -11.3023 6.09274 0
    endloop
  endfacet
  facet normal 0 0 -1
    outer loop
      vertex -17 14 0
      vertex -11.3023 6.09274 0
      vertex -11.3926 5.97508 0
    endloop
  endfacet
  facet normal 0 0 -1
    outer loop
      vertex -17 14 0
      vertex -11.3926 5.97508 0
      vertex -11.4722 5.85 0
    endloop
  endfacet
  facet normal 0 0 -1
    outer loop
      vertex -17 14 0
      vertex -11.4722 5.85 0
      vertex -11.5407 5.71845 0
    endloop
  endfacet
  facet normal 0 0 -1
    outer loop
      vertex -17 14 0
      vertex -11.5407 5.71845 0
      vertex -11.5975 5.58143 0
    endloop
  endfacet
  facet normal 0 0 -1
    outer loop
      vertex -17 14 0
      vertex -11.5975 5.58143 0
      vertex -11.6421 5.43999 0
    endloop
  endfacet
  facet normal 0 0 -1
    outer loop
      vertex -17 14 0
      vertex -11.6421 5.43999 0
      vertex -11.6742 5.2952 0
    endloop
  endfacet
  facet normal 0 0 -1
    outer loop
      vertex -17 14 0
      vertex -11.6742 5.2952 0
      vertex -11.6935 5.14816 0
    endloop
  endfacet
  facet normal 0 0 -1
    outer loop
      vertex -17 14 0
      vertex -11.7 5 0
      vertex -17 -14 0
    endloop
  endfacet
  facet normal 0 0 -1
    outer loop
      vertex -17 -14 0
      vertex -13 -18 0
      vertex -13.3486 -17.9848 0
    endloop
  endfacet
  facet normal 0 0 -1
    outer loop
      vertex -11.7 5 0
      vertex -17 14 0
      vertex -11.6935 5.14816 0
    endloop
  endfacet
  facet normal 0 0 -1
    outer loop
      vertex -17 -14 0
      vertex -13.3486 -17.9848 0
      vertex -13.6946 -17.9392 0
    endloop
  endfacet
  facet normal 0 0 -1
    outer loop
      vertex -10.2952 6.67417 0
      vertex -17 14 0
      vertex -13 18 0
    endloop
  endfacet
  facet normal 0 0 -1
    outer loop
      vertex -17 -14 0
      vertex -13.6946 -17.9392 0
      vertex -14.0353 -17.8637 0
    endloop
  endfacet
  facet normal 0 0 -1
    outer loop
      vertex -13 18 0
      vertex -17 14 0
      vertex -13.3486 17.9848 0
    endloop
  endfacet
  facet normal 0 0 -1
    outer loop
      vertex -17 -14 0
      vertex -14.0353 -17.8637 0
      vertex -14.3681 -17.7588 0
    endloop
  endfacet
  facet normal 0 0 -1
    outer loop
      vertex -13.3486 17.9848 0
      vertex -17 14 0
      vertex -13.6946 17.9392 0
    endloop
  endfacet
  facet normal 0 0 -1
    outer loop
      vertex -17 -14 0
      vertex -14.3681 -17.7588 0
      vertex -14.6905 -17.6252 0
    endloop
  endfacet
  facet normal 0 0 -1
    outer loop
      vertex -13.6946 17.9392 0
      vertex -17 14 0
      vertex -14.0353 17.8637 0
    endloop
  endfacet
  facet normal 0 0 -1
    outer loop
      vertex -17 -14 0
      vertex -14.6905 -17.6252 0
      vertex -15 -17.4641 0
    endloop
  endfacet
  facet normal 0 0 -1
    outer loop
      vertex -14.0353 17.8637 0
      vertex -17 14 0
      vertex -14.3681 17.7588 0
    endloop
  endfacet
  facet normal 0 0 -1
    outer loop
      vertex -17 -14 0
      vertex -15 -17.4641 0
      vertex -15.2943 -17.2766 0
    endloop
  endfacet
  facet normal 0 0 -1
    outer loop
      vertex -14.3681 17.7588 0
      vertex -17 14 0
      vertex -14.6905 17.6252 0
    endloop
  endfacet
  facet normal 0 0 -1
    outer loop
      vertex -17 -14 0
      vertex -15.2943 -17.2766 0
      vertex -15.5712 -17.0642 0
    endloop
  endfacet
  facet normal 0 0 -1
    outer loop
      vertex -14.6905 17.6252 0
      vertex -17 14 0
      vertex -15 17.4641 0
    endloop
  endfacet
  facet normal 0 0 -1
    outer loop
      vertex -17 -14 0
      vertex -15.5712 -17.0642 0
      vertex -15.8284 -16.8284 0
    endloop
  endfacet
  facet normal 0 0 -1
    outer loop
      vertex -15 17.4641 0
      vertex -17 14 0
      vertex -15.2943 17.2766 0
    endloop
  endfacet
  facet normal 0 0 -1
    outer loop
      vertex -17 -14 0
      vertex -15.8284 -16.8284 0
      vertex -16.0642 -16.5712 0
    endloop
  endfacet
  facet normal 0 0 -1
    outer loop
      vertex -15.2943 17.2766 0
      vertex -17 14 0
      vertex -15.5712 17.0642 0
    endloop
  endfacet
  facet normal 0 0 -1
    outer loop
      vertex -17 -14 0
      vertex -16.0642 -16.5712 0
      vertex -16.2766 -16.2943 0
    endloop
  endfacet
  facet normal 0 0 -1
    outer loop
      vertex -15.5712 17.0642 0
      vertex -17 14 0
      vertex -15.8284 16.8284 0
    endloop
  endfacet
  facet normal 0 0 -1
    outer loop
      vertex -17 -14 0
      vertex -16.2766 -16.2943 0
      vertex -16.4641 -16 0
    endloop
  endfacet
  facet normal 0 0 -1
    outer loop
      vertex -15.8284 16.8284 0
      vertex -17 14 0
      vertex -16.0642 16.5712 0
    endloop
  endfacet
  facet normal 0 0 -1
    outer loop
      vertex -17 -14 0
      vertex -16.4641 -16 0
      vertex -16.6252 -15.6905 0
    endloop
  endfacet
  facet normal 0 0 -1
    outer loop
      vertex -16.0642 16.5712 0
      vertex -17 14 0
      vertex -16.2766 16.2943 0
    endloop
  endfacet
  facet normal 0 0 -1
    outer loop
      vertex -17 -14 0
      vertex -16.6252 -15.6905 0
      vertex -16.7588 -15.3681 0
    endloop
  endfacet
  facet normal 0 0 -1
    outer loop
      vertex -16.2766 16.2943 0
      vertex -17 14 0
      vertex -16.4641 16 0
    endloop
  endfacet
  facet normal 0 0 -1
    outer loop
      vertex -17 -14 0
      vertex -16.7588 -15.3681 0
      vertex -16.8637 -15.0353 0
    endloop
  endfacet
  facet normal 0 0 -1
    outer loop
      vertex -16.4641 16 0
      vertex -17 14 0
      vertex -16.6252 15.6905 0
    endloop
  endfacet
  facet normal 0 0 -1
    outer loop
      vertex -17 -14 0
      vertex -16.8637 -15.0353 0
      vertex -16.9392 -14.6946 0
    endloop
  endfacet
  facet normal 0 0 -1
    outer loop
      vertex -16.6252 15.6905 0
      vertex -17 14 0
      vertex -16.7588 15.3681 0
    endloop
  endfacet
  facet normal 0 0 -1
    outer loop
      vertex -17 -14 0
      vertex -16.9392 -14.6946 0
      vertex -16.9848 -14.3486 0
    endloop
  endfacet
  facet normal 0 0 -1
    outer loop
      vertex -16.7588 15.3681 0
      vertex -17 14 0
      vertex -16.8637 15.0353 0
    endloop
  endfacet
  facet normal 0 0 -1
    outer loop
      vertex -16.8637 15.0353 0
      vertex -17 14 0
      vertex -16.9392 14.6946 0
    endloop
  endfacet
  facet normal 0 0 -1
    outer loop
      vertex -16.9392 14.6946 0
      vertex -17 14 0
      vertex -16.9848 14.3486 0
    endloop
  endfacet
  facet normal 1 -0 0
    outer loop
      vertex -10 -4 12
      vertex -10 4 4.2
      vertex -10 4 12
    endloop
  endfacet
  facet normal 1 0 0
    outer loop
      vertex -10 4 4.2
      vertex -10 -4 12
      vertex -10 -4 4.2
    endloop
  endfacet
  facet normal -0 0 1
    outer loop
      vertex -12 4 12
      vertex -10 -4 12
      vertex -10 4 12
    endloop
  endfacet
  facet normal 0 0 1
    outer loop
      vertex -10 -4 12
      vertex -12 4 12
      vertex -12 -4 12
    endloop
  endfacet
  facet normal -1 0 0
    outer loop
      vertex -12 -4 4
      vertex -12 4 12
      vertex -12 4 4
    endloop
  endfacet
  facet normal -1 -0 0
    outer loop
      vertex -12 4 12
      vertex -12 -4 4
      vertex -12 -4 12
    endloop
  endfacet
  facet normal 0 1 0
    outer loop
      vertex -11.7 4 4.2
      vertex -10 4 12
      vertex -10 4 4.2
    endloop
  endfacet
  facet normal 0 1 0
    outer loop
      vertex -10 4 12
      vertex -11.7 4 4.2
      vertex -12 4 12
    endloop
  endfacet
  facet normal 0 1 0
    outer loop
      vertex -12 4 4
      vertex -11.7 4 4.2
      vertex -11.7 4 4
    endloop
  endfacet
  facet normal 0 1 0
    outer loop
      vertex -11.7 4 4.2
      vertex -12 4 4
      vertex -12 4 12
    endloop
  endfacet
  facet normal 0 -1 0
    outer loop
      vertex -12 -4 12
      vertex -11.7 -4 4.2
      vertex -10 -4 12
    endloop
  endfacet
  facet normal 0 -1 0
    outer loop
      vertex -12 -4 4
      vertex -11.7 -4 4.2
      vertex -12 -4 12
    endloop
  endfacet
  facet normal 0 -1 -0
    outer loop
      vertex -11.7 -4 4.2
      vertex -12 -4 4
      vertex -11.7 -4 4
    endloop
  endfacet
  facet normal 0 -1 -0
    outer loop
      vertex -10 -4 12
      vertex -11.7 -4 4.2
      vertex -10 -4 4.2
    endloop
  endfacet
  facet normal 1 -0 0
    outer loop
      vertex 12 -4 12
      vertex 12 4 4
      vertex 12 4 12
    endloop
  endfacet
  facet normal 1 0 0
    outer loop
      vertex 12 4 4
      vertex 12 -4 12
      vertex 12 -4 4
    endloop
  endfacet
  facet normal -0 0 1
    outer loop
      vertex 10 4 12
      vertex 12 -4 12
      vertex 12 4 12
    endloop
  endfacet
  facet normal 0 0 1
    outer loop
      vertex 12 -4 12
      vertex 10 4 12
      vertex 10 -4 12
    endloop
  endfacet
  facet normal -1 0 0
    outer loop
      vertex 10 -4 4.2
      vertex 10 4 12
      vertex 10 4 4.2
    endloop
  endfacet
  facet normal -1 -0 0
    outer loop
      vertex 10 4 12
      vertex 10 -4 4.2
      vertex 10 -4 12
    endloop
  endfacet
  facet normal 0 1 0
    outer loop
      vertex 12 4 12
      vertex 11.7 4 4.2
      vertex 10 4 12
    endloop
  endfacet
  facet normal 0 1 -0
    outer loop
      vertex 12 4 4
      vertex 11.7 4 4.2
      vertex 12 4 12
    endloop
  endfacet
  facet normal 0 1 0
    outer loop
      vertex 11.7 4 4.2
      vertex 12 4 4
      vertex 11.7 4 4
    endloop
  endfacet
  facet normal 0 1 0
    outer loop
      vertex 10 4 12
      vertex 11.7 4 4.2
      vertex 10 4 4.2
    endloop
  endfacet
  facet normal 0 -1 0
    outer loop
      vertex 11.7 -4 4.2
      vertex 10 -4 12
      vertex 10 -4 4.2
    endloop
  endfacet
  facet normal 0 -1 0
    outer loop
      vertex 10 -4 12
      vertex 11.7 -4 4.2
      vertex 12 -4 12
    endloop
  endfacet
  facet normal 0 -1 0
    outer loop
      vertex 12 -4 4
      vertex 11.7 -4 4.2
      vertex 11.7 -4 4
    endloop
  endfacet
  facet normal 0 -1 0
    outer loop
      vertex 11.7 -4 4.2
      vertex 12 -4 4
      vertex 12 -4 12
    endloop
  endfacet
  facet normal -0.30067 -0.953728 0
    outer loop
      vertex -9.56001 6.64207 0
      vertex -9.41857 6.59748 4
      vertex -9.56001 6.64207 4
    endloop
  endfacet
  facet normal -0.30067 -0.953728 -0
    outer loop
      vertex -9.41857 6.59748 4
      vertex -9.56001 6.64207 0
      vertex -9.41857 6.59748 0
    endloop
  endfacet
  facet normal -0.130547 0.991442 0
    outer loop
      vertex -9.7048 -6.67417 0
      vertex -9.85183 -6.69353 4
      vertex -9.7048 -6.67417 4
    endloop
  endfacet
  facet normal -0.130547 0.991442 0
    outer loop
      vertex -9.85183 -6.69353 4
      vertex -9.7048 -6.67417 0
      vertex -9.85183 -6.69353 0
    endloop
  endfacet
  facet normal -0.991443 0.130538 0
    outer loop
      vertex -8.32583 -5.2952 0
      vertex -8.30647 -5.14816 4
      vertex -8.30647 -5.14816 0
    endloop
  endfacet
  facet normal -0.991443 0.130538 0
    outer loop
      vertex -8.30647 -5.14816 4
      vertex -8.32583 -5.2952 0
      vertex -8.32583 -5.2952 4
    endloop
  endfacet
  facet normal -0.0436245 0.999048 0
    outer loop
      vertex -9.85183 -6.69353 0
      vertex -10 -6.7 4
      vertex -9.85183 -6.69353 4
    endloop
  endfacet
  facet normal -0.0436245 0.999048 0
    outer loop
      vertex -10 -6.7 4
      vertex -9.85183 -6.69353 0
      vertex -10 -6.7 0
    endloop
  endfacet
  facet normal 1 0 0
    outer loop
      vertex -11.7 4 4.2
      vertex -11.7 -4 4.2
      vertex -11.7 4 4
    endloop
  endfacet
  facet normal 1 -0 0
    outer loop
      vertex -11.7 4 4
      vertex -11.7 5 0
      vertex -11.7 5 4
    endloop
  endfacet
  facet normal 1 0 0
    outer loop
      vertex -11.7 -4 4
      vertex -11.7 4 4
      vertex -11.7 -4 4.2
    endloop
  endfacet
  facet normal 1 0 0
    outer loop
      vertex -11.7 4 4
      vertex -11.7 -4 4
      vertex -11.7 5 0
    endloop
  endfacet
  facet normal 1 0 0
    outer loop
      vertex -11.7 -5 0
      vertex -11.7 -4 4
      vertex -11.7 -5 4
    endloop
  endfacet
  facet normal 1 0 0
    outer loop
      vertex -11.7 -4 4
      vertex -11.7 -5 0
      vertex -11.7 5 0
    endloop
  endfacet
  facet normal 0.991496 -0.130141 0
    outer loop
      vertex -11.6935 5.14816 4
      vertex -11.6742 5.2952 0
      vertex -11.6742 5.2952 4
    endloop
  endfacet
  facet normal 0.991496 -0.130141 0
    outer loop
      vertex -11.6742 5.2952 0
      vertex -11.6935 5.14816 4
      vertex -11.6935 5.14816 0
    endloop
  endfacet
  facet normal 0.0436157 -0.999048 0
    outer loop
      vertex -10.1482 6.69353 0
      vertex -10 6.7 4
      vertex -10.1482 6.69353 4
    endloop
  endfacet
  facet normal 0.0436157 -0.999048 0
    outer loop
      vertex -10 6.7 4
      vertex -10.1482 6.69353 0
      vertex -10 6.7 0
    endloop
  endfacet
  facet normal 0.537216 0.843445 -0
    outer loop
      vertex -10.85 -6.47224 0
      vertex -10.9751 -6.39256 4
      vertex -10.85 -6.47224 4
    endloop
  endfacet
  facet normal 0.537216 0.843445 0
    outer loop
      vertex -10.9751 -6.39256 4
      vertex -10.85 -6.47224 0
      vertex -10.9751 -6.39256 0
    endloop
  endfacet
  facet normal 0.976295 0.216445 0
    outer loop
      vertex -11.6421 -5.43999 4
      vertex -11.6742 -5.2952 0
      vertex -11.6742 -5.2952 4
    endloop
  endfacet
  facet normal 0.976295 0.216445 0
    outer loop
      vertex -11.6742 -5.2952 0
      vertex -11.6421 -5.43999 4
      vertex -11.6421 -5.43999 0
    endloop
  endfacet
  facet normal 0.999039 0.0438293 0
    outer loop
      vertex -11.6935 -5.14816 4
      vertex -11.7 -5 0
      vertex -11.7 -5 4
    endloop
  endfacet
  facet normal 0.999039 0.0438293 0
    outer loop
      vertex -11.7 -5 0
      vertex -11.6935 -5.14816 4
      vertex -11.6935 -5.14816 0
    endloop
  endfacet
  facet normal 0.130573 0.991439 -0
    outer loop
      vertex -10.1482 -6.69353 0
      vertex -10.2952 -6.67417 4
      vertex -10.1482 -6.69353 4
    endloop
  endfacet
  facet normal 0.130573 0.991439 0
    outer loop
      vertex -10.2952 -6.67417 4
      vertex -10.1482 -6.69353 0
      vertex -10.2952 -6.67417 0
    endloop
  endfacet
  facet normal 0.382518 -0.923948 0
    outer loop
      vertex -10.7185 6.54072 0
      vertex -10.5814 6.59748 4
      vertex -10.7185 6.54072 4
    endloop
  endfacet
  facet normal 0.382518 -0.923948 0
    outer loop
      vertex -10.5814 6.59748 4
      vertex -10.7185 6.54072 0
      vertex -10.5814 6.59748 0
    endloop
  endfacet
  facet normal 0.216431 0.976298 -0
    outer loop
      vertex -10.2952 -6.67417 0
      vertex -10.44 -6.64207 4
      vertex -10.2952 -6.67417 4
    endloop
  endfacet
  facet normal 0.216431 0.976298 0
    outer loop
      vertex -10.44 -6.64207 4
      vertex -10.2952 -6.67417 0
      vertex -10.44 -6.64207 0
    endloop
  endfacet
  facet normal 0.886957 0.461852 0
    outer loop
      vertex -11.4722 -5.85 4
      vertex -11.5407 -5.71845 0
      vertex -11.5407 -5.71845 4
    endloop
  endfacet
  facet normal 0.886957 0.461852 0
    outer loop
      vertex -11.5407 -5.71845 0
      vertex -11.4722 -5.85 4
      vertex -11.4722 -5.85 0
    endloop
  endfacet
  facet normal -0.999048 0.0436274 0
    outer loop
      vertex -8.30647 -5.14816 0
      vertex -8.3 -5 4
      vertex -8.3 -5 0
    endloop
  endfacet
  facet normal -0.999048 0.0436274 0
    outer loop
      vertex -8.3 -5 4
      vertex -8.30647 -5.14816 0
      vertex -8.30647 -5.14816 4
    endloop
  endfacet
  facet normal 0.923774 -0.382939 0
    outer loop
      vertex -11.5975 5.58143 4
      vertex -11.5407 5.71845 0
      vertex -11.5407 5.71845 4
    endloop
  endfacet
  facet normal 0.923774 -0.382939 0
    outer loop
      vertex -11.5407 5.71845 0
      vertex -11.5975 5.58143 4
      vertex -11.5975 5.58143 0
    endloop
  endfacet
  facet normal -0.923869 0.382709 0
    outer loop
      vertex -8.45928 -5.71845 0
      vertex -8.40252 -5.58143 4
      vertex -8.40252 -5.58143 0
    endloop
  endfacet
  facet normal -0.923869 0.382709 0
    outer loop
      vertex -8.40252 -5.58143 4
      vertex -8.45928 -5.71845 0
      vertex -8.45928 -5.71845 4
    endloop
  endfacet
  facet normal 0.675383 -0.737467 0
    outer loop
      vertex -11.2021 6.20208 0
      vertex -11.0927 6.30227 4
      vertex -11.2021 6.20208 4
    endloop
  endfacet
  facet normal 0.675383 -0.737467 0
    outer loop
      vertex -11.0927 6.30227 4
      vertex -11.2021 6.20208 0
      vertex -11.0927 6.30227 0
    endloop
  endfacet
  facet normal 0.130573 -0.991439 0
    outer loop
      vertex -10.2952 6.67417 0
      vertex -10.1482 6.69353 4
      vertex -10.2952 6.67417 4
    endloop
  endfacet
  facet normal 0.130573 -0.991439 0
    outer loop
      vertex -10.1482 6.69353 4
      vertex -10.2952 6.67417 0
      vertex -10.1482 6.69353 0
    endloop
  endfacet
  facet normal 0.84365 -0.536893 0
    outer loop
      vertex -11.4722 5.85 4
      vertex -11.3926 5.97508 0
      vertex -11.3926 5.97508 4
    endloop
  endfacet
  facet normal 0.84365 -0.536893 0
    outer loop
      vertex -11.3926 5.97508 0
      vertex -11.4722 5.85 4
      vertex -11.4722 5.85 0
    endloop
  endfacet
  facet normal 0.608984 0.793183 -0
    outer loop
      vertex -10.9751 -6.39256 0
      vertex -11.0927 -6.30227 4
      vertex -10.9751 -6.39256 4
    endloop
  endfacet
  facet normal 0.608984 0.793183 0
    outer loop
      vertex -11.0927 -6.30227 4
      vertex -10.9751 -6.39256 0
      vertex -11.0927 -6.30227 0
    endloop
  endfacet
  facet normal 0.84365 0.536893 0
    outer loop
      vertex -11.3926 -5.97508 4
      vertex -11.4722 -5.85 0
      vertex -11.4722 -5.85 4
    endloop
  endfacet
  facet normal 0.84365 0.536893 0
    outer loop
      vertex -11.4722 -5.85 0
      vertex -11.3926 -5.97508 4
      vertex -11.3926 -5.97508 0
    endloop
  endfacet
  facet normal 0.7933 -0.608831 0
    outer loop
      vertex -11.3926 5.97508 4
      vertex -11.3023 6.09274 0
      vertex -11.3023 6.09274 4
    endloop
  endfacet
  facet normal 0.7933 -0.608831 0
    outer loop
      vertex -11.3023 6.09274 0
      vertex -11.3926 5.97508 4
      vertex -11.3926 5.97508 0
    endloop
  endfacet
  facet normal -0.461745 0.887012 0
    outer loop
      vertex -9.15 -6.47224 0
      vertex -9.28155 -6.54072 4
      vertex -9.15 -6.47224 4
    endloop
  endfacet
  facet normal -0.461745 0.887012 0
    outer loop
      vertex -9.28155 -6.54072 4
      vertex -9.15 -6.47224 0
      vertex -9.28155 -6.54072 0
    endloop
  endfacet
  facet normal -0.675584 -0.737283 0
    outer loop
      vertex -8.90726 6.30227 0
      vertex -8.79792 6.20208 4
      vertex -8.90726 6.30227 4
    endloop
  endfacet
  facet normal -0.675584 -0.737283 -0
    outer loop
      vertex -8.79792 6.20208 4
      vertex -8.90726 6.30227 0
      vertex -8.79792 6.20208 0
    endloop
  endfacet
  facet normal 0.953709 0.300731 0
    outer loop
      vertex -11.5975 -5.58143 4
      vertex -11.6421 -5.43999 0
      vertex -11.6421 -5.43999 4
    endloop
  endfacet
  facet normal 0.953709 0.300731 0
    outer loop
      vertex -11.6421 -5.43999 0
      vertex -11.5975 -5.58143 4
      vertex -11.5975 -5.58143 0
    endloop
  endfacet
  facet normal -0.737249 0.675621 0
    outer loop
      vertex -8.79792 -6.20208 0
      vertex -8.69772 -6.09274 4
      vertex -8.69772 -6.09274 0
    endloop
  endfacet
  facet normal -0.737249 0.675621 0
    outer loop
      vertex -8.69772 -6.09274 4
      vertex -8.79792 -6.20208 0
      vertex -8.79792 -6.20208 4
    endloop
  endfacet
  facet normal -0.216445 0.976295 0
    outer loop
      vertex -9.56001 -6.64207 0
      vertex -9.7048 -6.67417 4
      vertex -9.56001 -6.64207 4
    endloop
  endfacet
  facet normal -0.216445 0.976295 0
    outer loop
      vertex -9.7048 -6.67417 4
      vertex -9.56001 -6.64207 0
      vertex -9.7048 -6.67417 0
    endloop
  endfacet
  facet normal -1 0 0
    outer loop
      vertex -8.3 -5 0
      vertex -8.3 5 4
      vertex -8.3 5 0
    endloop
  endfacet
  facet normal -1 -0 0
    outer loop
      vertex -8.3 5 4
      vertex -8.3 -5 0
      vertex -8.3 -5 4
    endloop
  endfacet
  facet normal 0.675383 0.737467 -0
    outer loop
      vertex -11.0927 -6.30227 0
      vertex -11.2021 -6.20208 4
      vertex -11.0927 -6.30227 4
    endloop
  endfacet
  facet normal 0.675383 0.737467 0
    outer loop
      vertex -11.2021 -6.20208 4
      vertex -11.0927 -6.30227 0
      vertex -11.2021 -6.20208 0
    endloop
  endfacet
  facet normal 0.300747 -0.953704 0
    outer loop
      vertex -10.5814 6.59748 0
      vertex -10.44 6.64207 4
      vertex -10.5814 6.59748 4
    endloop
  endfacet
  facet normal 0.300747 -0.953704 0
    outer loop
      vertex -10.44 6.64207 4
      vertex -10.5814 6.59748 0
      vertex -10.44 6.64207 0
    endloop
  endfacet
  facet normal 0.999039 -0.0438293 0
    outer loop
      vertex -11.7 5 4
      vertex -11.6935 5.14816 0
      vertex -11.6935 5.14816 4
    endloop
  endfacet
  facet normal 0.999039 -0.0438293 0
    outer loop
      vertex -11.6935 5.14816 0
      vertex -11.7 5 4
      vertex -11.7 5 0
    endloop
  endfacet
  facet normal -0.216445 -0.976295 0
    outer loop
      vertex -9.7048 6.67417 0
      vertex -9.56001 6.64207 4
      vertex -9.7048 6.67417 4
    endloop
  endfacet
  facet normal -0.216445 -0.976295 -0
    outer loop
      vertex -9.56001 6.64207 4
      vertex -9.7048 6.67417 0
      vertex -9.56001 6.64207 0
    endloop
  endfacet
  facet normal 0.923774 0.382939 0
    outer loop
      vertex -11.5407 -5.71845 4
      vertex -11.5975 -5.58143 0
      vertex -11.5975 -5.58143 4
    endloop
  endfacet
  facet normal 0.923774 0.382939 0
    outer loop
      vertex -11.5975 -5.58143 0
      vertex -11.5407 -5.71845 4
      vertex -11.5407 -5.71845 0
    endloop
  endfacet
  facet normal 0.953709 -0.300731 0
    outer loop
      vertex -11.6421 5.43999 4
      vertex -11.5975 5.58143 0
      vertex -11.5975 5.58143 4
    endloop
  endfacet
  facet normal 0.953709 -0.300731 0
    outer loop
      vertex -11.5975 5.58143 0
      vertex -11.6421 5.43999 4
      vertex -11.6421 5.43999 0
    endloop
  endfacet
  facet normal -0.953728 0.30067 0
    outer loop
      vertex -8.40252 -5.58143 0
      vertex -8.35793 -5.43999 4
      vertex -8.35793 -5.43999 0
    endloop
  endfacet
  facet normal -0.953728 0.30067 0
    outer loop
      vertex -8.35793 -5.43999 4
      vertex -8.40252 -5.58143 0
      vertex -8.40252 -5.58143 4
    endloop
  endfacet
  facet normal 0 0 -1
    outer loop
      vertex -11.7 -4 4.2
      vertex -10 4 4.2
      vertex -10 -4 4.2
    endloop
  endfacet
  facet normal -0 0 -1
    outer loop
      vertex -10 4 4.2
      vertex -11.7 -4 4.2
      vertex -11.7 4 4.2
    endloop
  endfacet
  facet normal 0.382518 0.923948 -0
    outer loop
      vertex -10.5814 -6.59748 0
      vertex -10.7185 -6.54072 4
      vertex -10.5814 -6.59748 4
    endloop
  endfacet
  facet normal 0.382518 0.923948 0
    outer loop
      vertex -10.7185 -6.54072 4
      vertex -10.5814 -6.59748 0
      vertex -10.7185 -6.54072 0
    endloop
  endfacet
  facet normal 0.737249 -0.675621 0
    outer loop
      vertex -11.3023 6.09274 4
      vertex -11.2021 6.20208 0
      vertex -11.2021 6.20208 4
    endloop
  endfacet
  facet normal 0.737249 -0.675621 0
    outer loop
      vertex -11.2021 6.20208 0
      vertex -11.3023 6.09274 4
      vertex -11.3023 6.09274 0
    endloop
  endfacet
  facet normal -0.999048 -0.0436274 0
    outer loop
      vertex -8.3 5 0
      vertex -8.30647 5.14816 4
      vertex -8.30647 5.14816 0
    endloop
  endfacet
  facet normal -0.999048 -0.0436274 0
    outer loop
      vertex -8.30647 5.14816 4
      vertex -8.3 5 0
      vertex -8.3 5 4
    endloop
  endfacet
  facet normal -0.953728 -0.30067 0
    outer loop
      vertex -8.35793 5.43999 0
      vertex -8.40252 5.58143 4
      vertex -8.40252 5.58143 0
    endloop
  endfacet
  facet normal -0.953728 -0.30067 0
    outer loop
      vertex -8.40252 5.58143 4
      vertex -8.35793 5.43999 0
      vertex -8.35793 5.43999 4
    endloop
  endfacet
  facet normal -0.608788 -0.793333 0
    outer loop
      vertex -9.02492 6.39256 0
      vertex -8.90726 6.30227 4
      vertex -9.02492 6.39256 4
    endloop
  endfacet
  facet normal -0.608788 -0.793333 -0
    outer loop
      vertex -8.90726 6.30227 4
      vertex -9.02492 6.39256 0
      vertex -8.90726 6.30227 0
    endloop
  endfacet
  facet normal 0.300747 0.953704 -0
    outer loop
      vertex -10.44 -6.64207 0
      vertex -10.5814 -6.59748 4
      vertex -10.44 -6.64207 4
    endloop
  endfacet
  facet normal 0.300747 0.953704 0
    outer loop
      vertex -10.5814 -6.59748 4
      vertex -10.44 -6.64207 0
      vertex -10.5814 -6.59748 0
    endloop
  endfacet
  facet normal -0.737249 -0.675621 0
    outer loop
      vertex -8.69772 6.09274 0
      vertex -8.79792 6.20208 4
      vertex -8.79792 6.20208 0
    endloop
  endfacet
  facet normal -0.737249 -0.675621 0
    outer loop
      vertex -8.79792 6.20208 4
      vertex -8.69772 6.09274 0
      vertex -8.69772 6.09274 4
    endloop
  endfacet
  facet normal -0.887012 -0.461745 0
    outer loop
      vertex -8.45928 5.71845 0
      vertex -8.52776 5.85 4
      vertex -8.52776 5.85 0
    endloop
  endfacet
  facet normal -0.887012 -0.461745 0
    outer loop
      vertex -8.52776 5.85 4
      vertex -8.45928 5.71845 0
      vertex -8.45928 5.71845 4
    endloop
  endfacet
  facet normal -0.0436245 -0.999048 0
    outer loop
      vertex -10 6.7 0
      vertex -9.85183 6.69353 4
      vertex -10 6.7 4
    endloop
  endfacet
  facet normal -0.0436245 -0.999048 -0
    outer loop
      vertex -9.85183 6.69353 4
      vertex -10 6.7 0
      vertex -9.85183 6.69353 0
    endloop
  endfacet
  facet normal 0.608984 -0.793183 0
    outer loop
      vertex -11.0927 6.30227 0
      vertex -10.9751 6.39256 4
      vertex -11.0927 6.30227 4
    endloop
  endfacet
  facet normal 0.608984 -0.793183 0
    outer loop
      vertex -10.9751 6.39256 4
      vertex -11.0927 6.30227 0
      vertex -10.9751 6.39256 0
    endloop
  endfacet
  facet normal 0.886957 -0.461852 0
    outer loop
      vertex -11.5407 5.71845 4
      vertex -11.4722 5.85 0
      vertex -11.4722 5.85 4
    endloop
  endfacet
  facet normal 0.886957 -0.461852 0
    outer loop
      vertex -11.4722 5.85 0
      vertex -11.5407 5.71845 4
      vertex -11.5407 5.71845 0
    endloop
  endfacet
  facet normal 0.216431 -0.976298 0
    outer loop
      vertex -10.44 6.64207 0
      vertex -10.2952 6.67417 4
      vertex -10.44 6.64207 4
    endloop
  endfacet
  facet normal 0.216431 -0.976298 0
    outer loop
      vertex -10.2952 6.67417 4
      vertex -10.44 6.64207 0
      vertex -10.2952 6.67417 0
    endloop
  endfacet
  facet normal 0.976295 -0.216445 0
    outer loop
      vertex -11.6742 5.2952 4
      vertex -11.6421 5.43999 0
      vertex -11.6421 5.43999 4
    endloop
  endfacet
  facet normal 0.976295 -0.216445 0
    outer loop
      vertex -11.6421 5.43999 0
      vertex -11.6742 5.2952 4
      vertex -11.6742 5.2952 0
    endloop
  endfacet
  facet normal -0.130547 -0.991442 0
    outer loop
      vertex -9.85183 6.69353 0
      vertex -9.7048 6.67417 4
      vertex -9.85183 6.69353 4
    endloop
  endfacet
  facet normal -0.130547 -0.991442 -0
    outer loop
      vertex -9.7048 6.67417 4
      vertex -9.85183 6.69353 0
      vertex -9.7048 6.67417 0
    endloop
  endfacet
  facet normal -0.382709 -0.923869 0
    outer loop
      vertex -9.41857 6.59748 0
      vertex -9.28155 6.54072 4
      vertex -9.41857 6.59748 4
    endloop
  endfacet
  facet normal -0.382709 -0.923869 -0
    outer loop
      vertex -9.28155 6.54072 4
      vertex -9.41857 6.59748 0
      vertex -9.28155 6.54072 0
    endloop
  endfacet
  facet normal 0.461884 -0.886941 0
    outer loop
      vertex -10.85 6.47224 0
      vertex -10.7185 6.54072 4
      vertex -10.85 6.47224 4
    endloop
  endfacet
  facet normal 0.461884 -0.886941 0
    outer loop
      vertex -10.7185 6.54072 4
      vertex -10.85 6.47224 0
      vertex -10.7185 6.54072 0
    endloop
  endfacet
  facet normal 0.991496 0.130141 0
    outer loop
      vertex -11.6742 -5.2952 4
      vertex -11.6935 -5.14816 0
      vertex -11.6935 -5.14816 4
    endloop
  endfacet
  facet normal 0.991496 0.130141 0
    outer loop
      vertex -11.6935 -5.14816 0
      vertex -11.6742 -5.2952 4
      vertex -11.6742 -5.2952 0
    endloop
  endfacet
  facet normal 0.737249 0.675621 0
    outer loop
      vertex -11.2021 -6.20208 4
      vertex -11.3023 -6.09274 0
      vertex -11.3023 -6.09274 4
    endloop
  endfacet
  facet normal 0.737249 0.675621 0
    outer loop
      vertex -11.3023 -6.09274 0
      vertex -11.2021 -6.20208 4
      vertex -11.2021 -6.20208 0
    endloop
  endfacet
  facet normal 0.461884 0.886941 -0
    outer loop
      vertex -10.7185 -6.54072 0
      vertex -10.85 -6.47224 4
      vertex -10.7185 -6.54072 4
    endloop
  endfacet
  facet normal 0.461884 0.886941 0
    outer loop
      vertex -10.85 -6.47224 4
      vertex -10.7185 -6.54072 0
      vertex -10.85 -6.47224 0
    endloop
  endfacet
  facet normal 0.537216 -0.843445 0
    outer loop
      vertex -10.9751 6.39256 0
      vertex -10.85 6.47224 4
      vertex -10.9751 6.39256 4
    endloop
  endfacet
  facet normal 0.537216 -0.843445 0
    outer loop
      vertex -10.85 6.47224 4
      vertex -10.9751 6.39256 0
      vertex -10.85 6.47224 0
    endloop
  endfacet
  facet normal 0.0436157 0.999048 -0
    outer loop
      vertex -10 -6.7 0
      vertex -10.1482 -6.69353 4
      vertex -10 -6.7 4
    endloop
  endfacet
  facet normal 0.0436157 0.999048 0
    outer loop
      vertex -10.1482 -6.69353 4
      vertex -10 -6.7 0
      vertex -10.1482 -6.69353 0
    endloop
  endfacet
  facet normal -0.382709 0.923869 0
    outer loop
      vertex -9.28155 -6.54072 0
      vertex -9.41857 -6.59748 4
      vertex -9.28155 -6.54072 4
    endloop
  endfacet
  facet normal -0.382709 0.923869 0
    outer loop
      vertex -9.41857 -6.59748 4
      vertex -9.28155 -6.54072 0
      vertex -9.41857 -6.59748 0
    endloop
  endfacet
  facet normal -0.923869 -0.382709 0
    outer loop
      vertex -8.40252 5.58143 0
      vertex -8.45928 5.71845 4
      vertex -8.45928 5.71845 0
    endloop
  endfacet
  facet normal -0.923869 -0.382709 0
    outer loop
      vertex -8.45928 5.71845 4
      vertex -8.40252 5.58143 0
      vertex -8.40252 5.58143 4
    endloop
  endfacet
  facet normal 0.7933 0.608831 0
    outer loop
      vertex -11.3023 -6.09274 4
      vertex -11.3926 -5.97508 0
      vertex -11.3926 -5.97508 4
    endloop
  endfacet
  facet normal 0.7933 0.608831 0
    outer loop
      vertex -11.3926 -5.97508 0
      vertex -11.3023 -6.09274 4
      vertex -11.3023 -6.09274 0
    endloop
  endfacet
  facet normal -0.461745 -0.887012 0
    outer loop
      vertex -9.28155 6.54072 0
      vertex -9.15 6.47224 4
      vertex -9.28155 6.54072 4
    endloop
  endfacet
  facet normal -0.461745 -0.887012 -0
    outer loop
      vertex -9.15 6.47224 4
      vertex -9.28155 6.54072 0
      vertex -9.15 6.47224 0
    endloop
  endfacet
  facet normal -0.843406 -0.537277 0
    outer loop
      vertex -8.52776 5.85 0
      vertex -8.60744 5.97508 4
      vertex -8.60744 5.97508 0
    endloop
  endfacet
  facet normal -0.843406 -0.537277 0
    outer loop
      vertex -8.60744 5.97508 4
      vertex -8.52776 5.85 0
      vertex -8.52776 5.85 4
    endloop
  endfacet
  facet normal -0.675584 0.737283 0
    outer loop
      vertex -8.79792 -6.20208 0
      vertex -8.90726 -6.30227 4
      vertex -8.79792 -6.20208 4
    endloop
  endfacet
  facet normal -0.675584 0.737283 0
    outer loop
      vertex -8.90726 -6.30227 4
      vertex -8.79792 -6.20208 0
      vertex -8.90726 -6.30227 0
    endloop
  endfacet
  facet normal -0.976295 -0.216445 0
    outer loop
      vertex -8.32583 5.2952 0
      vertex -8.35793 5.43999 4
      vertex -8.35793 5.43999 0
    endloop
  endfacet
  facet normal -0.976295 -0.216445 0
    outer loop
      vertex -8.35793 5.43999 4
      vertex -8.32583 5.2952 0
      vertex -8.32583 5.2952 4
    endloop
  endfacet
  facet normal -0.976295 0.216445 0
    outer loop
      vertex -8.35793 -5.43999 0
      vertex -8.32583 -5.2952 4
      vertex -8.32583 -5.2952 0
    endloop
  endfacet
  facet normal -0.976295 0.216445 0
    outer loop
      vertex -8.32583 -5.2952 4
      vertex -8.35793 -5.43999 0
      vertex -8.35793 -5.43999 4
    endloop
  endfacet
  facet normal -0.793365 0.608746 0
    outer loop
      vertex -8.69772 -6.09274 0
      vertex -8.60744 -5.97508 4
      vertex -8.60744 -5.97508 0
    endloop
  endfacet
  facet normal -0.793365 0.608746 0
    outer loop
      vertex -8.60744 -5.97508 4
      vertex -8.69772 -6.09274 0
      vertex -8.69772 -6.09274 4
    endloop
  endfacet
  facet normal -0.537277 -0.843406 0
    outer loop
      vertex -9.15 6.47224 0
      vertex -9.02492 6.39256 4
      vertex -9.15 6.47224 4
    endloop
  endfacet
  facet normal -0.537277 -0.843406 -0
    outer loop
      vertex -9.02492 6.39256 4
      vertex -9.15 6.47224 0
      vertex -9.02492 6.39256 0
    endloop
  endfacet
  facet normal -0.608788 0.793333 0
    outer loop
      vertex -8.90726 -6.30227 0
      vertex -9.02492 -6.39256 4
      vertex -8.90726 -6.30227 4
    endloop
  endfacet
  facet normal -0.608788 0.793333 0
    outer loop
      vertex -9.02492 -6.39256 4
      vertex -8.90726 -6.30227 0
      vertex -9.02492 -6.39256 0
    endloop
  endfacet
  facet normal -0.991443 -0.130538 0
    outer loop
      vertex -8.30647 5.14816 0
      vertex -8.32583 5.2952 4
      vertex -8.32583 5.2952 0
    endloop
  endfacet
  facet normal -0.991443 -0.130538 0
    outer loop
      vertex -8.32583 5.2952 4
      vertex -8.30647 5.14816 0
      vertex -8.30647 5.14816 4
    endloop
  endfacet
  facet normal -0.30067 0.953728 0
    outer loop
      vertex -9.41857 -6.59748 0
      vertex -9.56001 -6.64207 4
      vertex -9.41857 -6.59748 4
    endloop
  endfacet
  facet normal -0.30067 0.953728 0
    outer loop
      vertex -9.56001 -6.64207 4
      vertex -9.41857 -6.59748 0
      vertex -9.56001 -6.64207 0
    endloop
  endfacet
  facet normal -0.793365 -0.608746 0
    outer loop
      vertex -8.60744 5.97508 0
      vertex -8.69772 6.09274 4
      vertex -8.69772 6.09274 0
    endloop
  endfacet
  facet normal -0.793365 -0.608746 0
    outer loop
      vertex -8.69772 6.09274 4
      vertex -8.60744 5.97508 0
      vertex -8.60744 5.97508 4
    endloop
  endfacet
  facet normal -0.887012 0.461745 0
    outer loop
      vertex -8.52776 -5.85 0
      vertex -8.45928 -5.71845 4
      vertex -8.45928 -5.71845 0
    endloop
  endfacet
  facet normal -0.887012 0.461745 0
    outer loop
      vertex -8.45928 -5.71845 4
      vertex -8.52776 -5.85 0
      vertex -8.52776 -5.85 4
    endloop
  endfacet
  facet normal -0.843406 0.537277 0
    outer loop
      vertex -8.60744 -5.97508 0
      vertex -8.52776 -5.85 4
      vertex -8.52776 -5.85 0
    endloop
  endfacet
  facet normal -0.843406 0.537277 0
    outer loop
      vertex -8.52776 -5.85 4
      vertex -8.60744 -5.97508 0
      vertex -8.60744 -5.97508 4
    endloop
  endfacet
  facet normal -0.537277 0.843406 0
    outer loop
      vertex -9.02492 -6.39256 0
      vertex -9.15 -6.47224 4
      vertex -9.02492 -6.39256 4
    endloop
  endfacet
  facet normal -0.537277 0.843406 0
    outer loop
      vertex -9.15 -6.47224 4
      vertex -9.02492 -6.39256 0
      vertex -9.15 -6.47224 0
    endloop
  endfacet
  facet normal -0.300747 -0.953704 0
    outer loop
      vertex 10.44 6.64207 0
      vertex 10.5814 6.59748 4
      vertex 10.44 6.64207 4
    endloop
  endfacet
  facet normal -0.300747 -0.953704 -0
    outer loop
      vertex 10.5814 6.59748 4
      vertex 10.44 6.64207 0
      vertex 10.5814 6.59748 0
    endloop
  endfacet
  facet normal -0.130573 0.991439 0
    outer loop
      vertex 10.2952 -6.67417 0
      vertex 10.1482 -6.69353 4
      vertex 10.2952 -6.67417 4
    endloop
  endfacet
  facet normal -0.130573 0.991439 0
    outer loop
      vertex 10.1482 -6.69353 4
      vertex 10.2952 -6.67417 0
      vertex 10.1482 -6.69353 0
    endloop
  endfacet
  facet normal -0.991496 0.130141 0
    outer loop
      vertex 11.6742 -5.2952 0
      vertex 11.6935 -5.14816 4
      vertex 11.6935 -5.14816 0
    endloop
  endfacet
  facet normal -0.991496 0.130141 0
    outer loop
      vertex 11.6935 -5.14816 4
      vertex 11.6742 -5.2952 0
      vertex 11.6742 -5.2952 4
    endloop
  endfacet
  facet normal -0.0436157 0.999048 0
    outer loop
      vertex 10.1482 -6.69353 0
      vertex 10 -6.7 4
      vertex 10.1482 -6.69353 4
    endloop
  endfacet
  facet normal -0.0436157 0.999048 0
    outer loop
      vertex 10 -6.7 4
      vertex 10.1482 -6.69353 0
      vertex 10 -6.7 0
    endloop
  endfacet
  facet normal 1 -0 0
    outer loop
      vertex 8.3 -5 4
      vertex 8.3 5 0
      vertex 8.3 5 4
    endloop
  endfacet
  facet normal 1 0 0
    outer loop
      vertex 8.3 5 0
      vertex 8.3 -5 4
      vertex 8.3 -5 0
    endloop
  endfacet
  facet normal 0.991443 -0.130538 0
    outer loop
      vertex 8.30647 5.14816 4
      vertex 8.32583 5.2952 0
      vertex 8.32583 5.2952 4
    endloop
  endfacet
  facet normal 0.991443 -0.130538 0
    outer loop
      vertex 8.32583 5.2952 0
      vertex 8.30647 5.14816 4
      vertex 8.30647 5.14816 0
    endloop
  endfacet
  facet normal 0.0436245 -0.999048 0
    outer loop
      vertex 9.85183 6.69353 0
      vertex 10 6.7 4
      vertex 9.85183 6.69353 4
    endloop
  endfacet
  facet normal 0.0436245 -0.999048 0
    outer loop
      vertex 10 6.7 4
      vertex 9.85183 6.69353 0
      vertex 10 6.7 0
    endloop
  endfacet
  facet normal 0.537277 0.843406 -0
    outer loop
      vertex 9.15 -6.47224 0
      vertex 9.02492 -6.39256 4
      vertex 9.15 -6.47224 4
    endloop
  endfacet
  facet normal 0.537277 0.843406 0
    outer loop
      vertex 9.02492 -6.39256 4
      vertex 9.15 -6.47224 0
      vertex 9.02492 -6.39256 0
    endloop
  endfacet
  facet normal 0.976295 0.216445 0
    outer loop
      vertex 8.35793 -5.43999 4
      vertex 8.32583 -5.2952 0
      vertex 8.32583 -5.2952 4
    endloop
  endfacet
  facet normal 0.976295 0.216445 0
    outer loop
      vertex 8.32583 -5.2952 0
      vertex 8.35793 -5.43999 4
      vertex 8.35793 -5.43999 0
    endloop
  endfacet
  facet normal 0.999048 0.0436274 0
    outer loop
      vertex 8.30647 -5.14816 4
      vertex 8.3 -5 0
      vertex 8.3 -5 4
    endloop
  endfacet
  facet normal 0.999048 0.0436274 0
    outer loop
      vertex 8.3 -5 0
      vertex 8.30647 -5.14816 4
      vertex 8.30647 -5.14816 0
    endloop
  endfacet
  facet normal 0.130547 0.991442 -0
    outer loop
      vertex 9.85183 -6.69353 0
      vertex 9.7048 -6.67417 4
      vertex 9.85183 -6.69353 4
    endloop
  endfacet
  facet normal 0.130547 0.991442 0
    outer loop
      vertex 9.7048 -6.67417 4
      vertex 9.85183 -6.69353 0
      vertex 9.7048 -6.67417 0
    endloop
  endfacet
  facet normal 0.382709 -0.923869 0
    outer loop
      vertex 9.28155 6.54072 0
      vertex 9.41857 6.59748 4
      vertex 9.28155 6.54072 4
    endloop
  endfacet
  facet normal 0.382709 -0.923869 0
    outer loop
      vertex 9.41857 6.59748 4
      vertex 9.28155 6.54072 0
      vertex 9.41857 6.59748 0
    endloop
  endfacet
  facet normal 0.216445 0.976295 -0
    outer loop
      vertex 9.7048 -6.67417 0
      vertex 9.56001 -6.64207 4
      vertex 9.7048 -6.67417 4
    endloop
  endfacet
  facet normal 0.216445 0.976295 0
    outer loop
      vertex 9.56001 -6.64207 4
      vertex 9.7048 -6.67417 0
      vertex 9.56001 -6.64207 0
    endloop
  endfacet
  facet normal 0.887012 0.461745 0
    outer loop
      vertex 8.52776 -5.85 4
      vertex 8.45928 -5.71845 0
      vertex 8.45928 -5.71845 4
    endloop
  endfacet
  facet normal 0.887012 0.461745 0
    outer loop
      vertex 8.45928 -5.71845 0
      vertex 8.52776 -5.85 4
      vertex 8.52776 -5.85 0
    endloop
  endfacet
  facet normal -0.999039 0.0438293 0
    outer loop
      vertex 11.6935 -5.14816 0
      vertex 11.7 -5 4
      vertex 11.7 -5 0
    endloop
  endfacet
  facet normal -0.999039 0.0438293 0
    outer loop
      vertex 11.7 -5 4
      vertex 11.6935 -5.14816 0
      vertex 11.6935 -5.14816 4
    endloop
  endfacet
  facet normal 0.923869 -0.382709 0
    outer loop
      vertex 8.40252 5.58143 4
      vertex 8.45928 5.71845 0
      vertex 8.45928 5.71845 4
    endloop
  endfacet
  facet normal 0.923869 -0.382709 0
    outer loop
      vertex 8.45928 5.71845 0
      vertex 8.40252 5.58143 4
      vertex 8.40252 5.58143 0
    endloop
  endfacet
  facet normal -0.923774 0.382939 0
    outer loop
      vertex 11.5407 -5.71845 0
      vertex 11.5975 -5.58143 4
      vertex 11.5975 -5.58143 0
    endloop
  endfacet
  facet normal -0.923774 0.382939 0
    outer loop
      vertex 11.5975 -5.58143 4
      vertex 11.5407 -5.71845 0
      vertex 11.5407 -5.71845 4
    endloop
  endfacet
  facet normal 0.675584 -0.737283 0
    outer loop
      vertex 8.79792 6.20208 0
      vertex 8.90726 6.30227 4
      vertex 8.79792 6.20208 4
    endloop
  endfacet
  facet normal 0.675584 -0.737283 0
    outer loop
      vertex 8.90726 6.30227 4
      vertex 8.79792 6.20208 0
      vertex 8.90726 6.30227 0
    endloop
  endfacet
  facet normal 0.130547 -0.991442 0
    outer loop
      vertex 9.7048 6.67417 0
      vertex 9.85183 6.69353 4
      vertex 9.7048 6.67417 4
    endloop
  endfacet
  facet normal 0.130547 -0.991442 0
    outer loop
      vertex 9.85183 6.69353 4
      vertex 9.7048 6.67417 0
      vertex 9.85183 6.69353 0
    endloop
  endfacet
  facet normal 0.843406 -0.537277 0
    outer loop
      vertex 8.52776 5.85 4
      vertex 8.60744 5.97508 0
      vertex 8.60744 5.97508 4
    endloop
  endfacet
  facet normal 0.843406 -0.537277 0
    outer loop
      vertex 8.60744 5.97508 0
      vertex 8.52776 5.85 4
      vertex 8.52776 5.85 0
    endloop
  endfacet
  facet normal 0.608788 0.793333 -0
    outer loop
      vertex 9.02492 -6.39256 0
      vertex 8.90726 -6.30227 4
      vertex 9.02492 -6.39256 4
    endloop
  endfacet
  facet normal 0.608788 0.793333 0
    outer loop
      vertex 8.90726 -6.30227 4
      vertex 9.02492 -6.39256 0
      vertex 8.90726 -6.30227 0
    endloop
  endfacet
  facet normal 0.843406 0.537277 0
    outer loop
      vertex 8.60744 -5.97508 4
      vertex 8.52776 -5.85 0
      vertex 8.52776 -5.85 4
    endloop
  endfacet
  facet normal 0.843406 0.537277 0
    outer loop
      vertex 8.52776 -5.85 0
      vertex 8.60744 -5.97508 4
      vertex 8.60744 -5.97508 0
    endloop
  endfacet
  facet normal 0.793365 -0.608746 0
    outer loop
      vertex 8.60744 5.97508 4
      vertex 8.69772 6.09274 0
      vertex 8.69772 6.09274 4
    endloop
  endfacet
  facet normal 0.793365 -0.608746 0
    outer loop
      vertex 8.69772 6.09274 0
      vertex 8.60744 5.97508 4
      vertex 8.60744 5.97508 0
    endloop
  endfacet
  facet normal -0.461884 0.886941 0
    outer loop
      vertex 10.85 -6.47224 0
      vertex 10.7185 -6.54072 4
      vertex 10.85 -6.47224 4
    endloop
  endfacet
  facet normal -0.461884 0.886941 0
    outer loop
      vertex 10.7185 -6.54072 4
      vertex 10.85 -6.47224 0
      vertex 10.7185 -6.54072 0
    endloop
  endfacet
  facet normal -0.675383 -0.737467 0
    outer loop
      vertex 11.0927 6.30227 0
      vertex 11.2021 6.20208 4
      vertex 11.0927 6.30227 4
    endloop
  endfacet
  facet normal -0.675383 -0.737467 -0
    outer loop
      vertex 11.2021 6.20208 4
      vertex 11.0927 6.30227 0
      vertex 11.2021 6.20208 0
    endloop
  endfacet
  facet normal 0.953728 0.30067 0
    outer loop
      vertex 8.40252 -5.58143 4
      vertex 8.35793 -5.43999 0
      vertex 8.35793 -5.43999 4
    endloop
  endfacet
  facet normal 0.953728 0.30067 0
    outer loop
      vertex 8.35793 -5.43999 0
      vertex 8.40252 -5.58143 4
      vertex 8.40252 -5.58143 0
    endloop
  endfacet
  facet normal -0.737249 0.675621 0
    outer loop
      vertex 11.2021 -6.20208 0
      vertex 11.3023 -6.09274 4
      vertex 11.3023 -6.09274 0
    endloop
  endfacet
  facet normal -0.737249 0.675621 0
    outer loop
      vertex 11.3023 -6.09274 4
      vertex 11.2021 -6.20208 0
      vertex 11.2021 -6.20208 4
    endloop
  endfacet
  facet normal -0.216431 0.976298 0
    outer loop
      vertex 10.44 -6.64207 0
      vertex 10.2952 -6.67417 4
      vertex 10.44 -6.64207 4
    endloop
  endfacet
  facet normal -0.216431 0.976298 0
    outer loop
      vertex 10.2952 -6.67417 4
      vertex 10.44 -6.64207 0
      vertex 10.2952 -6.67417 0
    endloop
  endfacet
  facet normal -1 0 0
    outer loop
      vertex 11.7 5 0
      vertex 11.7 4 4
      vertex 11.7 5 4
    endloop
  endfacet
  facet normal -1 0 0
    outer loop
      vertex 11.7 4 4
      vertex 11.7 -4 4
      vertex 11.7 4 4.2
    endloop
  endfacet
  facet normal -1 0 0
    outer loop
      vertex 11.7 5 0
      vertex 11.7 -4 4
      vertex 11.7 4 4
    endloop
  endfacet
  facet normal -1 0 0
    outer loop
      vertex 11.7 -5 0
      vertex 11.7 -4 4
      vertex 11.7 5 0
    endloop
  endfacet
  facet normal -1 -0 0
    outer loop
      vertex 11.7 -4 4
      vertex 11.7 -5 0
      vertex 11.7 -5 4
    endloop
  endfacet
  facet normal -1 -0 0
    outer loop
      vertex 11.7 4 4.2
      vertex 11.7 -4 4
      vertex 11.7 -4 4.2
    endloop
  endfacet
  facet normal 0.675584 0.737283 -0
    outer loop
      vertex 8.90726 -6.30227 0
      vertex 8.79792 -6.20208 4
      vertex 8.90726 -6.30227 4
    endloop
  endfacet
  facet normal 0.675584 0.737283 0
    outer loop
      vertex 8.79792 -6.20208 4
      vertex 8.90726 -6.30227 0
      vertex 8.79792 -6.20208 0
    endloop
  endfacet
  facet normal 0.30067 -0.953728 0
    outer loop
      vertex 9.41857 6.59748 0
      vertex 9.56001 6.64207 4
      vertex 9.41857 6.59748 4
    endloop
  endfacet
  facet normal 0.30067 -0.953728 0
    outer loop
      vertex 9.56001 6.64207 4
      vertex 9.41857 6.59748 0
      vertex 9.56001 6.64207 0
    endloop
  endfacet
  facet normal 0.999048 -0.0436274 0
    outer loop
      vertex 8.3 5 4
      vertex 8.30647 5.14816 0
      vertex 8.30647 5.14816 4
    endloop
  endfacet
  facet normal 0.999048 -0.0436274 0
    outer loop
      vertex 8.30647 5.14816 0
      vertex 8.3 5 4
      vertex 8.3 5 0
    endloop
  endfacet
  facet normal -0.216431 -0.976298 0
    outer loop
      vertex 10.2952 6.67417 0
      vertex 10.44 6.64207 4
      vertex 10.2952 6.67417 4
    endloop
  endfacet
  facet normal -0.216431 -0.976298 -0
    outer loop
      vertex 10.44 6.64207 4
      vertex 10.2952 6.67417 0
      vertex 10.44 6.64207 0
    endloop
  endfacet
  facet normal 0.923869 0.382709 0
    outer loop
      vertex 8.45928 -5.71845 4
      vertex 8.40252 -5.58143 0
      vertex 8.40252 -5.58143 4
    endloop
  endfacet
  facet normal 0.923869 0.382709 0
    outer loop
      vertex 8.40252 -5.58143 0
      vertex 8.45928 -5.71845 4
      vertex 8.45928 -5.71845 0
    endloop
  endfacet
  facet normal 0.953728 -0.30067 0
    outer loop
      vertex 8.35793 5.43999 4
      vertex 8.40252 5.58143 0
      vertex 8.40252 5.58143 4
    endloop
  endfacet
  facet normal 0.953728 -0.30067 0
    outer loop
      vertex 8.40252 5.58143 0
      vertex 8.35793 5.43999 4
      vertex 8.35793 5.43999 0
    endloop
  endfacet
  facet normal -0.953709 0.300731 0
    outer loop
      vertex 11.5975 -5.58143 0
      vertex 11.6421 -5.43999 4
      vertex 11.6421 -5.43999 0
    endloop
  endfacet
  facet normal -0.953709 0.300731 0
    outer loop
      vertex 11.6421 -5.43999 4
      vertex 11.5975 -5.58143 0
      vertex 11.5975 -5.58143 4
    endloop
  endfacet
  facet normal 0 0 -1
    outer loop
      vertex 10 -4 4.2
      vertex 11.7 4 4.2
      vertex 11.7 -4 4.2
    endloop
  endfacet
  facet normal -0 0 -1
    outer loop
      vertex 11.7 4 4.2
      vertex 10 -4 4.2
      vertex 10 4 4.2
    endloop
  endfacet
  facet normal 0.382709 0.923869 -0
    outer loop
      vertex 9.41857 -6.59748 0
      vertex 9.28155 -6.54072 4
      vertex 9.41857 -6.59748 4
    endloop
  endfacet
  facet normal 0.382709 0.923869 0
    outer loop
      vertex 9.28155 -6.54072 4
      vertex 9.41857 -6.59748 0
      vertex 9.28155 -6.54072 0
    endloop
  endfacet
  facet normal 0.737249 -0.675621 0
    outer loop
      vertex 8.69772 6.09274 4
      vertex 8.79792 6.20208 0
      vertex 8.79792 6.20208 4
    endloop
  endfacet
  facet normal 0.737249 -0.675621 0
    outer loop
      vertex 8.79792 6.20208 0
      vertex 8.69772 6.09274 4
      vertex 8.69772 6.09274 0
    endloop
  endfacet
  facet normal -0.999039 -0.0438293 0
    outer loop
      vertex 11.7 5 0
      vertex 11.6935 5.14816 4
      vertex 11.6935 5.14816 0
    endloop
  endfacet
  facet normal -0.999039 -0.0438293 0
    outer loop
      vertex 11.6935 5.14816 4
      vertex 11.7 5 0
      vertex 11.7 5 4
    endloop
  endfacet
  facet normal -0.953709 -0.300731 0
    outer loop
      vertex 11.6421 5.43999 0
      vertex 11.5975 5.58143 4
      vertex 11.5975 5.58143 0
    endloop
  endfacet
  facet normal -0.953709 -0.300731 0
    outer loop
      vertex 11.5975 5.58143 4
      vertex 11.6421 5.43999 0
      vertex 11.6421 5.43999 4
    endloop
  endfacet
  facet normal -0.608984 -0.793183 0
    outer loop
      vertex 10.9751 6.39256 0
      vertex 11.0927 6.30227 4
      vertex 10.9751 6.39256 4
    endloop
  endfacet
  facet normal -0.608984 -0.793183 -0
    outer loop
      vertex 11.0927 6.30227 4
      vertex 10.9751 6.39256 0
      vertex 11.0927 6.30227 0
    endloop
  endfacet
  facet normal 0.30067 0.953728 -0
    outer loop
      vertex 9.56001 -6.64207 0
      vertex 9.41857 -6.59748 4
      vertex 9.56001 -6.64207 4
    endloop
  endfacet
  facet normal 0.30067 0.953728 0
    outer loop
      vertex 9.41857 -6.59748 4
      vertex 9.56001 -6.64207 0
      vertex 9.41857 -6.59748 0
    endloop
  endfacet
  facet normal -0.737249 -0.675621 0
    outer loop
      vertex 11.3023 6.09274 0
      vertex 11.2021 6.20208 4
      vertex 11.2021 6.20208 0
    endloop
  endfacet
  facet normal -0.737249 -0.675621 0
    outer loop
      vertex 11.2021 6.20208 4
      vertex 11.3023 6.09274 0
      vertex 11.3023 6.09274 4
    endloop
  endfacet
  facet normal -0.886957 -0.461852 0
    outer loop
      vertex 11.5407 5.71845 0
      vertex 11.4722 5.85 4
      vertex 11.4722 5.85 0
    endloop
  endfacet
  facet normal -0.886957 -0.461852 0
    outer loop
      vertex 11.4722 5.85 4
      vertex 11.5407 5.71845 0
      vertex 11.5407 5.71845 4
    endloop
  endfacet
  facet normal -0.0436157 -0.999048 0
    outer loop
      vertex 10 6.7 0
      vertex 10.1482 6.69353 4
      vertex 10 6.7 4
    endloop
  endfacet
  facet normal -0.0436157 -0.999048 -0
    outer loop
      vertex 10.1482 6.69353 4
      vertex 10 6.7 0
      vertex 10.1482 6.69353 0
    endloop
  endfacet
  facet normal 0.608788 -0.793333 0
    outer loop
      vertex 8.90726 6.30227 0
      vertex 9.02492 6.39256 4
      vertex 8.90726 6.30227 4
    endloop
  endfacet
  facet normal 0.608788 -0.793333 0
    outer loop
      vertex 9.02492 6.39256 4
      vertex 8.90726 6.30227 0
      vertex 9.02492 6.39256 0
    endloop
  endfacet
  facet normal 0.887012 -0.461745 0
    outer loop
      vertex 8.45928 5.71845 4
      vertex 8.52776 5.85 0
      vertex 8.52776 5.85 4
    endloop
  endfacet
  facet normal 0.887012 -0.461745 0
    outer loop
      vertex 8.52776 5.85 0
      vertex 8.45928 5.71845 4
      vertex 8.45928 5.71845 0
    endloop
  endfacet
  facet normal 0.216445 -0.976295 0
    outer loop
      vertex 9.56001 6.64207 0
      vertex 9.7048 6.67417 4
      vertex 9.56001 6.64207 4
    endloop
  endfacet
  facet normal 0.216445 -0.976295 0
    outer loop
      vertex 9.7048 6.67417 4
      vertex 9.56001 6.64207 0
      vertex 9.7048 6.67417 0
    endloop
  endfacet
  facet normal 0.976295 -0.216445 0
    outer loop
      vertex 8.32583 5.2952 4
      vertex 8.35793 5.43999 0
      vertex 8.35793 5.43999 4
    endloop
  endfacet
  facet normal 0.976295 -0.216445 0
    outer loop
      vertex 8.35793 5.43999 0
      vertex 8.32583 5.2952 4
      vertex 8.32583 5.2952 0
    endloop
  endfacet
  facet normal -0.130573 -0.991439 0
    outer loop
      vertex 10.1482 6.69353 0
      vertex 10.2952 6.67417 4
      vertex 10.1482 6.69353 4
    endloop
  endfacet
  facet normal -0.130573 -0.991439 -0
    outer loop
      vertex 10.2952 6.67417 4
      vertex 10.1482 6.69353 0
      vertex 10.2952 6.67417 0
    endloop
  endfacet
  facet normal -0.382518 -0.923948 0
    outer loop
      vertex 10.5814 6.59748 0
      vertex 10.7185 6.54072 4
      vertex 10.5814 6.59748 4
    endloop
  endfacet
  facet normal -0.382518 -0.923948 -0
    outer loop
      vertex 10.7185 6.54072 4
      vertex 10.5814 6.59748 0
      vertex 10.7185 6.54072 0
    endloop
  endfacet
  facet normal 0.461745 -0.887012 0
    outer loop
      vertex 9.15 6.47224 0
      vertex 9.28155 6.54072 4
      vertex 9.15 6.47224 4
    endloop
  endfacet
  facet normal 0.461745 -0.887012 0
    outer loop
      vertex 9.28155 6.54072 4
      vertex 9.15 6.47224 0
      vertex 9.28155 6.54072 0
    endloop
  endfacet
  facet normal 0.991443 0.130538 0
    outer loop
      vertex 8.32583 -5.2952 4
      vertex 8.30647 -5.14816 0
      vertex 8.30647 -5.14816 4
    endloop
  endfacet
  facet normal 0.991443 0.130538 0
    outer loop
      vertex 8.30647 -5.14816 0
      vertex 8.32583 -5.2952 4
      vertex 8.32583 -5.2952 0
    endloop
  endfacet
  facet normal 0.737249 0.675621 0
    outer loop
      vertex 8.79792 -6.20208 4
      vertex 8.69772 -6.09274 0
      vertex 8.69772 -6.09274 4
    endloop
  endfacet
  facet normal 0.737249 0.675621 0
    outer loop
      vertex 8.69772 -6.09274 0
      vertex 8.79792 -6.20208 4
      vertex 8.79792 -6.20208 0
    endloop
  endfacet
  facet normal 0.461745 0.887012 -0
    outer loop
      vertex 9.28155 -6.54072 0
      vertex 9.15 -6.47224 4
      vertex 9.28155 -6.54072 4
    endloop
  endfacet
  facet normal 0.461745 0.887012 0
    outer loop
      vertex 9.15 -6.47224 4
      vertex 9.28155 -6.54072 0
      vertex 9.15 -6.47224 0
    endloop
  endfacet
  facet normal 0.537277 -0.843406 0
    outer loop
      vertex 9.02492 6.39256 0
      vertex 9.15 6.47224 4
      vertex 9.02492 6.39256 4
    endloop
  endfacet
  facet normal 0.537277 -0.843406 0
    outer loop
      vertex 9.15 6.47224 4
      vertex 9.02492 6.39256 0
      vertex 9.15 6.47224 0
    endloop
  endfacet
  facet normal 0.0436245 0.999048 -0
    outer loop
      vertex 10 -6.7 0
      vertex 9.85183 -6.69353 4
      vertex 10 -6.7 4
    endloop
  endfacet
  facet normal 0.0436245 0.999048 0
    outer loop
      vertex 9.85183 -6.69353 4
      vertex 10 -6.7 0
      vertex 9.85183 -6.69353 0
    endloop
  endfacet
  facet normal -0.382518 0.923948 0
    outer loop
      vertex 10.7185 -6.54072 0
      vertex 10.5814 -6.59748 4
      vertex 10.7185 -6.54072 4
    endloop
  endfacet
  facet normal -0.382518 0.923948 0
    outer loop
      vertex 10.5814 -6.59748 4
      vertex 10.7185 -6.54072 0
      vertex 10.5814 -6.59748 0
    endloop
  endfacet
  facet normal -0.923774 -0.382939 0
    outer loop
      vertex 11.5975 5.58143 0
      vertex 11.5407 5.71845 4
      vertex 11.5407 5.71845 0
    endloop
  endfacet
  facet normal -0.923774 -0.382939 0
    outer loop
      vertex 11.5407 5.71845 4
      vertex 11.5975 5.58143 0
      vertex 11.5975 5.58143 4
    endloop
  endfacet
  facet normal 0.793365 0.608746 0
    outer loop
      vertex 8.69772 -6.09274 4
      vertex 8.60744 -5.97508 0
      vertex 8.60744 -5.97508 4
    endloop
  endfacet
  facet normal 0.793365 0.608746 0
    outer loop
      vertex 8.60744 -5.97508 0
      vertex 8.69772 -6.09274 4
      vertex 8.69772 -6.09274 0
    endloop
  endfacet
  facet normal -0.461884 -0.886941 0
    outer loop
      vertex 10.7185 6.54072 0
      vertex 10.85 6.47224 4
      vertex 10.7185 6.54072 4
    endloop
  endfacet
  facet normal -0.461884 -0.886941 -0
    outer loop
      vertex 10.85 6.47224 4
      vertex 10.7185 6.54072 0
      vertex 10.85 6.47224 0
    endloop
  endfacet
  facet normal -0.84365 -0.536893 0
    outer loop
      vertex 11.4722 5.85 0
      vertex 11.3926 5.97508 4
      vertex 11.3926 5.97508 0
    endloop
  endfacet
  facet normal -0.84365 -0.536893 0
    outer loop
      vertex 11.3926 5.97508 4
      vertex 11.4722 5.85 0
      vertex 11.4722 5.85 4
    endloop
  endfacet
  facet normal -0.675383 0.737467 0
    outer loop
      vertex 11.2021 -6.20208 0
      vertex 11.0927 -6.30227 4
      vertex 11.2021 -6.20208 4
    endloop
  endfacet
  facet normal -0.675383 0.737467 0
    outer loop
      vertex 11.0927 -6.30227 4
      vertex 11.2021 -6.20208 0
      vertex 11.0927 -6.30227 0
    endloop
  endfacet
  facet normal -0.976295 -0.216445 0
    outer loop
      vertex 11.6742 5.2952 0
      vertex 11.6421 5.43999 4
      vertex 11.6421 5.43999 0
    endloop
  endfacet
  facet normal -0.976295 -0.216445 0
    outer loop
      vertex 11.6421 5.43999 4
      vertex 11.6742 5.2952 0
      vertex 11.6742 5.2952 4
    endloop
  endfacet
  facet normal -0.976295 0.216445 0
    outer loop
      vertex 11.6421 -5.43999 0
      vertex 11.6742 -5.2952 4
      vertex 11.6742 -5.2952 0
    endloop
  endfacet
  facet normal -0.976295 0.216445 0
    outer loop
      vertex 11.6742 -5.2952 4
      vertex 11.6421 -5.43999 0
      vertex 11.6421 -5.43999 4
    endloop
  endfacet
  facet normal -0.7933 0.608831 0
    outer loop
      vertex 11.3023 -6.09274 0
      vertex 11.3926 -5.97508 4
      vertex 11.3926 -5.97508 0
    endloop
  endfacet
  facet normal -0.7933 0.608831 0
    outer loop
      vertex 11.3926 -5.97508 4
      vertex 11.3023 -6.09274 0
      vertex 11.3023 -6.09274 4
    endloop
  endfacet
  facet normal -0.537216 -0.843445 0
    outer loop
      vertex 10.85 6.47224 0
      vertex 10.9751 6.39256 4
      vertex 10.85 6.47224 4
    endloop
  endfacet
  facet normal -0.537216 -0.843445 -0
    outer loop
      vertex 10.9751 6.39256 4
      vertex 10.85 6.47224 0
      vertex 10.9751 6.39256 0
    endloop
  endfacet
  facet normal -0.608984 0.793183 0
    outer loop
      vertex 11.0927 -6.30227 0
      vertex 10.9751 -6.39256 4
      vertex 11.0927 -6.30227 4
    endloop
  endfacet
  facet normal -0.608984 0.793183 0
    outer loop
      vertex 10.9751 -6.39256 4
      vertex 11.0927 -6.30227 0
      vertex 10.9751 -6.39256 0
    endloop
  endfacet
  facet normal -0.991496 -0.130141 0
    outer loop
      vertex 11.6935 5.14816 0
      vertex 11.6742 5.2952 4
      vertex 11.6742 5.2952 0
    endloop
  endfacet
  facet normal -0.991496 -0.130141 0
    outer loop
      vertex 11.6742 5.2952 4
      vertex 11.6935 5.14816 0
      vertex 11.6935 5.14816 4
    endloop
  endfacet
  facet normal -0.300747 0.953704 0
    outer loop
      vertex 10.5814 -6.59748 0
      vertex 10.44 -6.64207 4
      vertex 10.5814 -6.59748 4
    endloop
  endfacet
  facet normal -0.300747 0.953704 0
    outer loop
      vertex 10.44 -6.64207 4
      vertex 10.5814 -6.59748 0
      vertex 10.44 -6.64207 0
    endloop
  endfacet
  facet normal -0.7933 -0.608831 0
    outer loop
      vertex 11.3926 5.97508 0
      vertex 11.3023 6.09274 4
      vertex 11.3023 6.09274 0
    endloop
  endfacet
  facet normal -0.7933 -0.608831 0
    outer loop
      vertex 11.3023 6.09274 4
      vertex 11.3926 5.97508 0
      vertex 11.3926 5.97508 4
    endloop
  endfacet
  facet normal -0.886957 0.461852 0
    outer loop
      vertex 11.4722 -5.85 0
      vertex 11.5407 -5.71845 4
      vertex 11.5407 -5.71845 0
    endloop
  endfacet
  facet normal -0.886957 0.461852 0
    outer loop
      vertex 11.5407 -5.71845 4
      vertex 11.4722 -5.85 0
      vertex 11.4722 -5.85 4
    endloop
  endfacet
  facet normal -0.84365 0.536893 0
    outer loop
      vertex 11.3926 -5.97508 0
      vertex 11.4722 -5.85 4
      vertex 11.4722 -5.85 0
    endloop
  endfacet
  facet normal -0.84365 0.536893 0
    outer loop
      vertex 11.4722 -5.85 4
      vertex 11.3926 -5.97508 0
      vertex 11.3926 -5.97508 4
    endloop
  endfacet
  facet normal -0.537216 0.843445 0
    outer loop
      vertex 10.9751 -6.39256 0
      vertex 10.85 -6.47224 4
      vertex 10.9751 -6.39256 4
    endloop
  endfacet
  facet normal -0.537216 0.843445 0
    outer loop
      vertex 10.85 -6.47224 4
      vertex 10.9751 -6.39256 0
      vertex 10.85 -6.47224 0
    endloop
  endfacet
  facet normal 0.0439413 0.999034 -0
    outer loop
      vertex -0.699997 -13 0
      vertex -0.804581 -12.9954 4
      vertex -0.699997 -13 4
    endloop
  endfacet
  facet normal 0.0439413 0.999034 0
    outer loop
      vertex -0.804581 -12.9954 4
      vertex -0.699997 -13 0
      vertex -0.804581 -12.9954 0
    endloop
  endfacet
  facet normal -0.0439413 0.999034 0
    outer loop
      vertex 0.804581 -12.9954 0
      vertex 0.699997 -13 4
      vertex 0.804581 -12.9954 4
    endloop
  endfacet
  facet normal -0.0439413 0.999034 0
    outer loop
      vertex 0.699997 -13 4
      vertex 0.804581 -12.9954 0
      vertex 0.699997 -13 0
    endloop
  endfacet
  facet normal -1 0 0
    outer loop
      vertex 1.89999 -11.8 0
      vertex 1.89999 11.8 4
      vertex 1.89999 11.8 0
    endloop
  endfacet
  facet normal -1 -0 0
    outer loop
      vertex 1.89999 11.8 4
      vertex 1.89999 -11.8 0
      vertex 1.89999 -11.8 4
    endloop
  endfacet
  facet normal 0.30083 -0.953678 0
    outer loop
      vertex -1.11043 12.9276 0
      vertex -1.01057 12.9591 4
      vertex -1.11043 12.9276 4
    endloop
  endfacet
  facet normal 0.30083 -0.953678 0
    outer loop
      vertex -1.01057 12.9591 4
      vertex -1.11043 12.9276 0
      vertex -1.01057 12.9591 0
    endloop
  endfacet
  facet normal -0.129923 -0.991524 0
    outer loop
      vertex 0.804581 12.9954 0
      vertex 0.908371 12.9818 4
      vertex 0.804581 12.9954 4
    endloop
  endfacet
  facet normal -0.129923 -0.991524 -0
    outer loop
      vertex 0.908371 12.9818 4
      vertex 0.804581 12.9954 0
      vertex 0.908371 12.9818 0
    endloop
  endfacet
  facet normal -0.216831 0.976209 0
    outer loop
      vertex 1.01057 -12.9591 0
      vertex 0.908371 -12.9818 4
      vertex 1.01057 -12.9591 4
    endloop
  endfacet
  facet normal -0.216831 0.976209 0
    outer loop
      vertex 0.908371 -12.9818 4
      vertex 1.01057 -12.9591 0
      vertex 0.908371 -12.9818 0
    endloop
  endfacet
  facet normal -0.923895 -0.382647 0
    outer loop
      vertex 1.82762 12.2104 0
      vertex 1.78757 12.3071 4
      vertex 1.78757 12.3071 0
    endloop
  endfacet
  facet normal -0.923895 -0.382647 0
    outer loop
      vertex 1.78757 12.3071 4
      vertex 1.82762 12.2104 0
      vertex 1.82762 12.2104 4
    endloop
  endfacet
  facet normal 0.216831 0.976209 -0
    outer loop
      vertex -0.908371 -12.9818 0
      vertex -1.01057 -12.9591 4
      vertex -0.908371 -12.9818 4
    endloop
  endfacet
  facet normal 0.216831 0.976209 0
    outer loop
      vertex -1.01057 -12.9591 4
      vertex -0.908371 -12.9818 0
      vertex -1.01057 -12.9591 0
    endloop
  endfacet
  facet normal 0.129923 0.991524 -0
    outer loop
      vertex -0.804581 -12.9954 0
      vertex -0.908371 -12.9818 4
      vertex -0.804581 -12.9954 4
    endloop
  endfacet
  facet normal 0.129923 0.991524 0
    outer loop
      vertex -0.908371 -12.9818 4
      vertex -0.804581 -12.9954 0
      vertex -0.908371 -12.9818 0
    endloop
  endfacet
  facet normal 0.675474 0.737384 -0
    outer loop
      vertex -1.47134 -12.7192 0
      vertex -1.54852 -12.6485 4
      vertex -1.47134 -12.7192 4
    endloop
  endfacet
  facet normal 0.675474 0.737384 0
    outer loop
      vertex -1.54852 -12.6485 4
      vertex -1.47134 -12.7192 0
      vertex -1.54852 -12.6485 0
    endloop
  endfacet
  facet normal 0.999051 -0.0435533 0
    outer loop
      vertex -1.89999 11.8 4
      vertex -1.89543 11.9046 0
      vertex -1.89543 11.9046 4
    endloop
  endfacet
  facet normal 0.999051 -0.0435533 0
    outer loop
      vertex -1.89543 11.9046 0
      vertex -1.89999 11.8 4
      vertex -1.89999 11.8 0
    endloop
  endfacet
  facet normal 0.0439413 -0.999034 0
    outer loop
      vertex -0.804581 12.9954 0
      vertex -0.699997 13 4
      vertex -0.804581 12.9954 4
    endloop
  endfacet
  facet normal 0.0439413 -0.999034 0
    outer loop
      vertex -0.699997 13 4
      vertex -0.804581 12.9954 0
      vertex -0.699997 13 0
    endloop
  endfacet
  facet normal -0.991439 -0.130568 0
    outer loop
      vertex 1.89543 11.9046 0
      vertex 1.88176 12.0084 4
      vertex 1.88176 12.0084 0
    endloop
  endfacet
  facet normal -0.991439 -0.130568 0
    outer loop
      vertex 1.88176 12.0084 4
      vertex 1.89543 11.9046 0
      vertex 1.89543 11.9046 4
    endloop
  endfacet
  facet normal 0.737329 0.675534 0
    outer loop
      vertex -1.54852 -12.6485 4
      vertex -1.61925 -12.5713 0
      vertex -1.61925 -12.5713 4
    endloop
  endfacet
  facet normal 0.737329 0.675534 0
    outer loop
      vertex -1.61925 -12.5713 0
      vertex -1.54852 -12.6485 4
      vertex -1.54852 -12.6485 0
    endloop
  endfacet
  facet normal 0.843406 0.537277 0
    outer loop
      vertex -1.68298 -12.4883 4
      vertex -1.73923 -12.4 0
      vertex -1.73923 -12.4 4
    endloop
  endfacet
  facet normal 0.843406 0.537277 0
    outer loop
      vertex -1.73923 -12.4 0
      vertex -1.68298 -12.4883 4
      vertex -1.68298 -12.4883 0
    endloop
  endfacet
  facet normal 0.129923 -0.991524 0
    outer loop
      vertex -0.908371 12.9818 0
      vertex -0.804581 12.9954 4
      vertex -0.908371 12.9818 4
    endloop
  endfacet
  facet normal 0.129923 -0.991524 0
    outer loop
      vertex -0.804581 12.9954 4
      vertex -0.908371 12.9818 0
      vertex -0.804581 12.9954 0
    endloop
  endfacet
  facet normal 0 -1 0
    outer loop
      vertex -0.699997 13 0
      vertex 0.699997 13 4
      vertex -0.699997 13 4
    endloop
  endfacet
  facet normal 0 -1 -0
    outer loop
      vertex 0.699997 13 4
      vertex -0.699997 13 0
      vertex 0.699997 13 0
    endloop
  endfacet
  facet normal -0.953681 -0.30082 0
    outer loop
      vertex 1.8591 12.1106 0
      vertex 1.82762 12.2104 4
      vertex 1.82762 12.2104 0
    endloop
  endfacet
  facet normal -0.953681 -0.30082 0
    outer loop
      vertex 1.82762 12.2104 4
      vertex 1.8591 12.1106 0
      vertex 1.8591 12.1106 4
    endloop
  endfacet
  facet normal -0.79316 -0.609013 0
    outer loop
      vertex 1.68298 12.4883 0
      vertex 1.61925 12.5713 4
      vertex 1.61925 12.5713 0
    endloop
  endfacet
  facet normal -0.79316 -0.609013 0
    outer loop
      vertex 1.61925 12.5713 4
      vertex 1.68298 12.4883 0
      vertex 1.68298 12.4883 4
    endloop
  endfacet
  facet normal -0.536981 -0.843595 0
    outer loop
      vertex 1.3 12.8392 0
      vertex 1.38829 12.783 4
      vertex 1.3 12.8392 4
    endloop
  endfacet
  facet normal -0.536981 -0.843595 -0
    outer loop
      vertex 1.38829 12.783 4
      vertex 1.3 12.8392 0
      vertex 1.38829 12.783 0
    endloop
  endfacet
  facet normal -0.999051 -0.0435533 0
    outer loop
      vertex 1.89999 11.8 0
      vertex 1.89543 11.9046 4
      vertex 1.89543 11.9046 0
    endloop
  endfacet
  facet normal -0.999051 -0.0435533 0
    outer loop
      vertex 1.89543 11.9046 4
      vertex 1.89999 11.8 0
      vertex 1.89999 11.8 4
    endloop
  endfacet
  facet normal 1 -0 0
    outer loop
      vertex -1.89999 -11.8 4
      vertex -1.89999 11.8 0
      vertex -1.89999 11.8 4
    endloop
  endfacet
  facet normal 1 0 0
    outer loop
      vertex -1.89999 11.8 0
      vertex -1.89999 -11.8 4
      vertex -1.89999 -11.8 0
    endloop
  endfacet
  facet normal 0.609203 -0.793014 0
    outer loop
      vertex -1.47134 12.7192 0
      vertex -1.38829 12.783 4
      vertex -1.47134 12.7192 4
    endloop
  endfacet
  facet normal 0.609203 -0.793014 0
    outer loop
      vertex -1.38829 12.783 4
      vertex -1.47134 12.7192 0
      vertex -1.38829 12.783 0
    endloop
  endfacet
  facet normal 0 1 -0
    outer loop
      vertex 0.699997 -13 0
      vertex -0.699997 -13 4
      vertex 0.699997 -13 4
    endloop
  endfacet
  facet normal 0 1 0
    outer loop
      vertex -0.699997 -13 4
      vertex 0.699997 -13 0
      vertex -0.699997 -13 0
    endloop
  endfacet
  facet normal -0.609203 -0.793014 0
    outer loop
      vertex 1.38829 12.783 0
      vertex 1.47134 12.7192 4
      vertex 1.38829 12.783 4
    endloop
  endfacet
  facet normal -0.609203 -0.793014 -0
    outer loop
      vertex 1.47134 12.7192 4
      vertex 1.38829 12.783 0
      vertex 1.47134 12.7192 0
    endloop
  endfacet
  facet normal 0.923895 -0.382647 0
    outer loop
      vertex -1.82762 12.2104 4
      vertex -1.78757 12.3071 0
      vertex -1.78757 12.3071 4
    endloop
  endfacet
  facet normal 0.923895 -0.382647 0
    outer loop
      vertex -1.78757 12.3071 0
      vertex -1.82762 12.2104 4
      vertex -1.82762 12.2104 0
    endloop
  endfacet
  facet normal -0.382206 0.924077 0
    outer loop
      vertex 1.20714 -12.8876 0
      vertex 1.11043 -12.9276 4
      vertex 1.20714 -12.8876 4
    endloop
  endfacet
  facet normal -0.382206 0.924077 0
    outer loop
      vertex 1.11043 -12.9276 4
      vertex 1.20714 -12.8876 0
      vertex 1.11043 -12.9276 0
    endloop
  endfacet
  facet normal 0.675474 -0.737384 0
    outer loop
      vertex -1.54852 12.6485 0
      vertex -1.47134 12.7192 4
      vertex -1.54852 12.6485 4
    endloop
  endfacet
  facet normal 0.675474 -0.737384 0
    outer loop
      vertex -1.47134 12.7192 4
      vertex -1.54852 12.6485 0
      vertex -1.47134 12.7192 0
    endloop
  endfacet
  facet normal 0.991439 -0.130568 0
    outer loop
      vertex -1.89543 11.9046 4
      vertex -1.88176 12.0084 0
      vertex -1.88176 12.0084 4
    endloop
  endfacet
  facet normal 0.991439 -0.130568 0
    outer loop
      vertex -1.88176 12.0084 0
      vertex -1.89543 11.9046 4
      vertex -1.89543 11.9046 0
    endloop
  endfacet
  facet normal -0.887092 0.461593 0
    outer loop
      vertex 1.73923 -12.4 0
      vertex 1.78757 -12.3071 4
      vertex 1.78757 -12.3071 0
    endloop
  endfacet
  facet normal -0.887092 0.461593 0
    outer loop
      vertex 1.78757 -12.3071 4
      vertex 1.73923 -12.4 0
      vertex 1.73923 -12.4 4
    endloop
  endfacet
  facet normal -0.953681 0.30082 0
    outer loop
      vertex 1.82762 -12.2104 0
      vertex 1.8591 -12.1106 4
      vertex 1.8591 -12.1106 0
    endloop
  endfacet
  facet normal -0.953681 0.30082 0
    outer loop
      vertex 1.8591 -12.1106 4
      vertex 1.82762 -12.2104 0
      vertex 1.82762 -12.2104 4
    endloop
  endfacet
  facet normal -0.4622 0.886775 0
    outer loop
      vertex 1.3 -12.8392 0
      vertex 1.20714 -12.8876 4
      vertex 1.3 -12.8392 4
    endloop
  endfacet
  facet normal -0.4622 0.886775 0
    outer loop
      vertex 1.20714 -12.8876 4
      vertex 1.3 -12.8392 0
      vertex 1.20714 -12.8876 0
    endloop
  endfacet
  facet normal 0.999051 0.0435533 0
    outer loop
      vertex -1.89543 -11.9046 4
      vertex -1.89999 -11.8 0
      vertex -1.89999 -11.8 4
    endloop
  endfacet
  facet normal 0.999051 0.0435533 0
    outer loop
      vertex -1.89999 -11.8 0
      vertex -1.89543 -11.9046 4
      vertex -1.89543 -11.9046 0
    endloop
  endfacet
  facet normal 0.953681 0.30082 0
    outer loop
      vertex -1.82762 -12.2104 4
      vertex -1.8591 -12.1106 0
      vertex -1.8591 -12.1106 4
    endloop
  endfacet
  facet normal 0.953681 0.30082 0
    outer loop
      vertex -1.8591 -12.1106 0
      vertex -1.82762 -12.2104 4
      vertex -1.82762 -12.2104 0
    endloop
  endfacet
  facet normal 0.953681 -0.30082 0
    outer loop
      vertex -1.8591 12.1106 4
      vertex -1.82762 12.2104 0
      vertex -1.82762 12.2104 4
    endloop
  endfacet
  facet normal 0.953681 -0.30082 0
    outer loop
      vertex -1.82762 12.2104 0
      vertex -1.8591 12.1106 4
      vertex -1.8591 12.1106 0
    endloop
  endfacet
  facet normal 0.923895 0.382647 0
    outer loop
      vertex -1.78757 -12.3071 4
      vertex -1.82762 -12.2104 0
      vertex -1.82762 -12.2104 4
    endloop
  endfacet
  facet normal 0.923895 0.382647 0
    outer loop
      vertex -1.82762 -12.2104 0
      vertex -1.78757 -12.3071 4
      vertex -1.78757 -12.3071 0
    endloop
  endfacet
  facet normal 0.97629 0.216465 0
    outer loop
      vertex -1.8591 -12.1106 4
      vertex -1.88176 -12.0084 0
      vertex -1.88176 -12.0084 4
    endloop
  endfacet
  facet normal 0.97629 0.216465 0
    outer loop
      vertex -1.88176 -12.0084 0
      vertex -1.8591 -12.1106 4
      vertex -1.8591 -12.1106 0
    endloop
  endfacet
  facet normal 0.382206 0.924077 -0
    outer loop
      vertex -1.11043 -12.9276 0
      vertex -1.20714 -12.8876 4
      vertex -1.11043 -12.9276 4
    endloop
  endfacet
  facet normal 0.382206 0.924077 0
    outer loop
      vertex -1.20714 -12.8876 4
      vertex -1.11043 -12.9276 0
      vertex -1.20714 -12.8876 0
    endloop
  endfacet
  facet normal 0.79316 0.609013 0
    outer loop
      vertex -1.61925 -12.5713 4
      vertex -1.68298 -12.4883 0
      vertex -1.68298 -12.4883 4
    endloop
  endfacet
  facet normal 0.79316 0.609013 0
    outer loop
      vertex -1.68298 -12.4883 0
      vertex -1.61925 -12.5713 4
      vertex -1.61925 -12.5713 0
    endloop
  endfacet
  facet normal 0.216831 -0.976209 0
    outer loop
      vertex -1.01057 12.9591 0
      vertex -0.908371 12.9818 4
      vertex -1.01057 12.9591 4
    endloop
  endfacet
  facet normal 0.216831 -0.976209 0
    outer loop
      vertex -0.908371 12.9818 4
      vertex -1.01057 12.9591 0
      vertex -0.908371 12.9818 0
    endloop
  endfacet
  facet normal 0.4622 0.886775 -0
    outer loop
      vertex -1.20714 -12.8876 0
      vertex -1.3 -12.8392 4
      vertex -1.20714 -12.8876 4
    endloop
  endfacet
  facet normal 0.4622 0.886775 0
    outer loop
      vertex -1.3 -12.8392 4
      vertex -1.20714 -12.8876 0
      vertex -1.3 -12.8392 0
    endloop
  endfacet
  facet normal -0.382206 -0.924077 0
    outer loop
      vertex 1.11043 12.9276 0
      vertex 1.20714 12.8876 4
      vertex 1.11043 12.9276 4
    endloop
  endfacet
  facet normal -0.382206 -0.924077 -0
    outer loop
      vertex 1.20714 12.8876 4
      vertex 1.11043 12.9276 0
      vertex 1.20714 12.8876 0
    endloop
  endfacet
  facet normal 0.79316 -0.609013 0
    outer loop
      vertex -1.68298 12.4883 4
      vertex -1.61925 12.5713 0
      vertex -1.61925 12.5713 4
    endloop
  endfacet
  facet normal 0.79316 -0.609013 0
    outer loop
      vertex -1.61925 12.5713 0
      vertex -1.68298 12.4883 4
      vertex -1.68298 12.4883 0
    endloop
  endfacet
  facet normal -0.843406 -0.537277 0
    outer loop
      vertex 1.73923 12.4 0
      vertex 1.68298 12.4883 4
      vertex 1.68298 12.4883 0
    endloop
  endfacet
  facet normal -0.843406 -0.537277 0
    outer loop
      vertex 1.68298 12.4883 4
      vertex 1.73923 12.4 0
      vertex 1.73923 12.4 4
    endloop
  endfacet
  facet normal 0.887092 -0.461593 0
    outer loop
      vertex -1.78757 12.3071 4
      vertex -1.73923 12.4 0
      vertex -1.73923 12.4 4
    endloop
  endfacet
  facet normal 0.887092 -0.461593 0
    outer loop
      vertex -1.73923 12.4 0
      vertex -1.78757 12.3071 4
      vertex -1.78757 12.3071 0
    endloop
  endfacet
  facet normal -0.923895 0.382647 0
    outer loop
      vertex 1.78757 -12.3071 0
      vertex 1.82762 -12.2104 4
      vertex 1.82762 -12.2104 0
    endloop
  endfacet
  facet normal -0.923895 0.382647 0
    outer loop
      vertex 1.82762 -12.2104 4
      vertex 1.78757 -12.3071 0
      vertex 1.78757 -12.3071 4
    endloop
  endfacet
  facet normal -0.30083 -0.953678 0
    outer loop
      vertex 1.01057 12.9591 0
      vertex 1.11043 12.9276 4
      vertex 1.01057 12.9591 4
    endloop
  endfacet
  facet normal -0.30083 -0.953678 -0
    outer loop
      vertex 1.11043 12.9276 4
      vertex 1.01057 12.9591 0
      vertex 1.11043 12.9276 0
    endloop
  endfacet
  facet normal -0.0439413 -0.999034 0
    outer loop
      vertex 0.699997 13 0
      vertex 0.804581 12.9954 4
      vertex 0.699997 13 4
    endloop
  endfacet
  facet normal -0.0439413 -0.999034 -0
    outer loop
      vertex 0.804581 12.9954 4
      vertex 0.699997 13 0
      vertex 0.804581 12.9954 0
    endloop
  endfacet
  facet normal -0.97629 -0.216465 0
    outer loop
      vertex 1.88176 12.0084 0
      vertex 1.8591 12.1106 4
      vertex 1.8591 12.1106 0
    endloop
  endfacet
  facet normal -0.97629 -0.216465 0
    outer loop
      vertex 1.8591 12.1106 4
      vertex 1.88176 12.0084 0
      vertex 1.88176 12.0084 4
    endloop
  endfacet
  facet normal 0.991439 0.130568 0
    outer loop
      vertex -1.88176 -12.0084 4
      vertex -1.89543 -11.9046 0
      vertex -1.89543 -11.9046 4
    endloop
  endfacet
  facet normal 0.991439 0.130568 0
    outer loop
      vertex -1.89543 -11.9046 0
      vertex -1.88176 -12.0084 4
      vertex -1.88176 -12.0084 0
    endloop
  endfacet
  facet normal 0.536981 -0.843595 0
    outer loop
      vertex -1.38829 12.783 0
      vertex -1.3 12.8392 4
      vertex -1.38829 12.783 4
    endloop
  endfacet
  facet normal 0.536981 -0.843595 0
    outer loop
      vertex -1.3 12.8392 4
      vertex -1.38829 12.783 0
      vertex -1.3 12.8392 0
    endloop
  endfacet
  facet normal 0.97629 -0.216465 0
    outer loop
      vertex -1.88176 12.0084 4
      vertex -1.8591 12.1106 0
      vertex -1.8591 12.1106 4
    endloop
  endfacet
  facet normal 0.97629 -0.216465 0
    outer loop
      vertex -1.8591 12.1106 0
      vertex -1.88176 12.0084 4
      vertex -1.88176 12.0084 0
    endloop
  endfacet
  facet normal 0.737329 -0.675534 0
    outer loop
      vertex -1.61925 12.5713 4
      vertex -1.54852 12.6485 0
      vertex -1.54852 12.6485 4
    endloop
  endfacet
  facet normal 0.737329 -0.675534 0
    outer loop
      vertex -1.54852 12.6485 0
      vertex -1.61925 12.5713 4
      vertex -1.61925 12.5713 0
    endloop
  endfacet
  facet normal -0.737329 -0.675534 0
    outer loop
      vertex 1.61925 12.5713 0
      vertex 1.54852 12.6485 4
      vertex 1.54852 12.6485 0
    endloop
  endfacet
  facet normal -0.737329 -0.675534 0
    outer loop
      vertex 1.54852 12.6485 4
      vertex 1.61925 12.5713 0
      vertex 1.61925 12.5713 4
    endloop
  endfacet
  facet normal 0.30083 0.953678 -0
    outer loop
      vertex -1.01057 -12.9591 0
      vertex -1.11043 -12.9276 4
      vertex -1.01057 -12.9591 4
    endloop
  endfacet
  facet normal 0.30083 0.953678 0
    outer loop
      vertex -1.11043 -12.9276 4
      vertex -1.01057 -12.9591 0
      vertex -1.11043 -12.9276 0
    endloop
  endfacet
  facet normal -0.843406 0.537277 0
    outer loop
      vertex 1.68298 -12.4883 0
      vertex 1.73923 -12.4 4
      vertex 1.73923 -12.4 0
    endloop
  endfacet
  facet normal -0.843406 0.537277 0
    outer loop
      vertex 1.73923 -12.4 4
      vertex 1.68298 -12.4883 0
      vertex 1.68298 -12.4883 4
    endloop
  endfacet
  facet normal 0.382206 -0.924077 0
    outer loop
      vertex -1.20714 12.8876 0
      vertex -1.11043 12.9276 4
      vertex -1.20714 12.8876 4
    endloop
  endfacet
  facet normal 0.382206 -0.924077 0
    outer loop
      vertex -1.11043 12.9276 4
      vertex -1.20714 12.8876 0
      vertex -1.11043 12.9276 0
    endloop
  endfacet
  facet normal 0.609203 0.793014 -0
    outer loop
      vertex -1.38829 -12.783 0
      vertex -1.47134 -12.7192 4
      vertex -1.38829 -12.783 4
    endloop
  endfacet
  facet normal 0.609203 0.793014 0
    outer loop
      vertex -1.47134 -12.7192 4
      vertex -1.38829 -12.783 0
      vertex -1.47134 -12.7192 0
    endloop
  endfacet
  facet normal -0.675474 0.737384 0
    outer loop
      vertex 1.54852 -12.6485 0
      vertex 1.47134 -12.7192 4
      vertex 1.54852 -12.6485 4
    endloop
  endfacet
  facet normal -0.675474 0.737384 0
    outer loop
      vertex 1.47134 -12.7192 4
      vertex 1.54852 -12.6485 0
      vertex 1.47134 -12.7192 0
    endloop
  endfacet
  facet normal -0.609203 0.793014 0
    outer loop
      vertex 1.47134 -12.7192 0
      vertex 1.38829 -12.783 4
      vertex 1.47134 -12.7192 4
    endloop
  endfacet
  facet normal -0.609203 0.793014 0
    outer loop
      vertex 1.38829 -12.783 4
      vertex 1.47134 -12.7192 0
      vertex 1.38829 -12.783 0
    endloop
  endfacet
  facet normal -0.129923 0.991524 0
    outer loop
      vertex 0.908371 -12.9818 0
      vertex 0.804581 -12.9954 4
      vertex 0.908371 -12.9818 4
    endloop
  endfacet
  facet normal -0.129923 0.991524 0
    outer loop
      vertex 0.804581 -12.9954 4
      vertex 0.908371 -12.9818 0
      vertex 0.804581 -12.9954 0
    endloop
  endfacet
  facet normal -0.675474 -0.737384 0
    outer loop
      vertex 1.47134 12.7192 0
      vertex 1.54852 12.6485 4
      vertex 1.47134 12.7192 4
    endloop
  endfacet
  facet normal -0.675474 -0.737384 -0
    outer loop
      vertex 1.54852 12.6485 4
      vertex 1.47134 12.7192 0
      vertex 1.54852 12.6485 0
    endloop
  endfacet
  facet normal -0.887092 -0.461593 0
    outer loop
      vertex 1.78757 12.3071 0
      vertex 1.73923 12.4 4
      vertex 1.73923 12.4 0
    endloop
  endfacet
  facet normal -0.887092 -0.461593 0
    outer loop
      vertex 1.73923 12.4 4
      vertex 1.78757 12.3071 0
      vertex 1.78757 12.3071 4
    endloop
  endfacet
  facet normal -0.737329 0.675534 0
    outer loop
      vertex 1.54852 -12.6485 0
      vertex 1.61925 -12.5713 4
      vertex 1.61925 -12.5713 0
    endloop
  endfacet
  facet normal -0.737329 0.675534 0
    outer loop
      vertex 1.61925 -12.5713 4
      vertex 1.54852 -12.6485 0
      vertex 1.54852 -12.6485 4
    endloop
  endfacet
  facet normal 0.843406 -0.537277 0
    outer loop
      vertex -1.73923 12.4 4
      vertex -1.68298 12.4883 0
      vertex -1.68298 12.4883 4
    endloop
  endfacet
  facet normal 0.843406 -0.537277 0
    outer loop
      vertex -1.68298 12.4883 0
      vertex -1.73923 12.4 4
      vertex -1.73923 12.4 0
    endloop
  endfacet
  facet normal -0.79316 0.609013 0
    outer loop
      vertex 1.61925 -12.5713 0
      vertex 1.68298 -12.4883 4
      vertex 1.68298 -12.4883 0
    endloop
  endfacet
  facet normal -0.79316 0.609013 0
    outer loop
      vertex 1.68298 -12.4883 4
      vertex 1.61925 -12.5713 0
      vertex 1.61925 -12.5713 4
    endloop
  endfacet
  facet normal -0.536981 0.843595 0
    outer loop
      vertex 1.38829 -12.783 0
      vertex 1.3 -12.8392 4
      vertex 1.38829 -12.783 4
    endloop
  endfacet
  facet normal -0.536981 0.843595 0
    outer loop
      vertex 1.3 -12.8392 4
      vertex 1.38829 -12.783 0
      vertex 1.3 -12.8392 0
    endloop
  endfacet
  facet normal -0.216831 -0.976209 0
    outer loop
      vertex 0.908371 12.9818 0
      vertex 1.01057 12.9591 4
      vertex 0.908371 12.9818 4
    endloop
  endfacet
  facet normal -0.216831 -0.976209 -0
    outer loop
      vertex 1.01057 12.9591 4
      vertex 0.908371 12.9818 0
      vertex 1.01057 12.9591 0
    endloop
  endfacet
  facet normal 0.536981 0.843595 -0
    outer loop
      vertex -1.3 -12.8392 0
      vertex -1.38829 -12.783 4
      vertex -1.3 -12.8392 4
    endloop
  endfacet
  facet normal 0.536981 0.843595 0
    outer loop
      vertex -1.38829 -12.783 4
      vertex -1.3 -12.8392 0
      vertex -1.38829 -12.783 0
    endloop
  endfacet
  facet normal 0.4622 -0.886775 0
    outer loop
      vertex -1.3 12.8392 0
      vertex -1.20714 12.8876 4
      vertex -1.3 12.8392 4
    endloop
  endfacet
  facet normal 0.4622 -0.886775 0
    outer loop
      vertex -1.20714 12.8876 4
      vertex -1.3 12.8392 0
      vertex -1.20714 12.8876 0
    endloop
  endfacet
  facet normal 0.887092 0.461593 0
    outer loop
      vertex -1.73923 -12.4 4
      vertex -1.78757 -12.3071 0
      vertex -1.78757 -12.3071 4
    endloop
  endfacet
  facet normal 0.887092 0.461593 0
    outer loop
      vertex -1.78757 -12.3071 0
      vertex -1.73923 -12.4 4
      vertex -1.73923 -12.4 0
    endloop
  endfacet
  facet normal -0.30083 0.953678 0
    outer loop
      vertex 1.11043 -12.9276 0
      vertex 1.01057 -12.9591 4
      vertex 1.11043 -12.9276 4
    endloop
  endfacet
  facet normal -0.30083 0.953678 0
    outer loop
      vertex 1.01057 -12.9591 4
      vertex 1.11043 -12.9276 0
      vertex 1.01057 -12.9591 0
    endloop
  endfacet
  facet normal -0.991439 0.130568 0
    outer loop
      vertex 1.88176 -12.0084 0
      vertex 1.89543 -11.9046 4
      vertex 1.89543 -11.9046 0
    endloop
  endfacet
  facet normal -0.991439 0.130568 0
    outer loop
      vertex 1.89543 -11.9046 4
      vertex 1.88176 -12.0084 0
      vertex 1.88176 -12.0084 4
    endloop
  endfacet
  facet normal -0.4622 -0.886775 0
    outer loop
      vertex 1.20714 12.8876 0
      vertex 1.3 12.8392 4
      vertex 1.20714 12.8876 4
    endloop
  endfacet
  facet normal -0.4622 -0.886775 -0
    outer loop
      vertex 1.3 12.8392 4
      vertex 1.20714 12.8876 0
      vertex 1.3 12.8392 0
    endloop
  endfacet
  facet normal -0.999051 0.0435533 0
    outer loop
      vertex 1.89543 -11.9046 0
      vertex 1.89999 -11.8 4
      vertex 1.89999 -11.8 0
    endloop
  endfacet
  facet normal -0.999051 0.0435533 0
    outer loop
      vertex 1.89999 -11.8 4
      vertex 1.89543 -11.9046 0
      vertex 1.89543 -11.9046 4
    endloop
  endfacet
  facet normal -0.97629 0.216465 0
    outer loop
      vertex 1.8591 -12.1106 0
      vertex 1.88176 -12.0084 4
      vertex 1.88176 -12.0084 0
    endloop
  endfacet
  facet normal -0.97629 0.216465 0
    outer loop
      vertex 1.88176 -12.0084 4
      vertex 1.8591 -12.1106 0
      vertex 1.8591 -12.1106 4
    endloop
  endfacet
endsolid OpenSCAD_Model
