solid OpenSCAD_Model
  facet normal 0.886996 -0.461777 0
    outer loop
      vertex -14.7688 0.591665 4
      vertex -14.7124 0.7 0.799999
      vertex -14.7124 0.7 4
    endloop
  endfacet
  facet normal 0.886996 -0.461777 0
    outer loop
      vertex -14.7124 0.7 0.799999
      vertex -14.7688 0.591665 4
      vertex -14.7688 0.591665 0.799999
    endloop
  endfacet
  facet normal -0.300689 -0.953722 0
    outer loop
      vertex -13.1377 1.3523 0.799999
      vertex -13.0212 1.31557 4
      vertex -13.1377 1.3523 4
    endloop
  endfacet
  facet normal -0.300689 -0.953722 -0
    outer loop
      vertex -13.0212 1.31557 4
      vertex -13.1377 1.3523 0.799999
      vertex -13.0212 1.31557 0.799999
    endloop
  endfacet
  facet normal -0.73733 0.675533 0
    outer loop
      vertex -12.51 -0.989949 0.799999
      vertex -12.4275 -0.899902 4
      vertex -12.4275 -0.899902 0.799999
    endloop
  endfacet
  facet normal -0.73733 0.675533 0
    outer loop
      vertex -12.4275 -0.899902 4
      vertex -12.51 -0.989949 0.799999
      vertex -12.51 -0.989949 4
    endloop
  endfacet
  facet normal -0.130501 0.991448 0
    outer loop
      vertex -13.2569 -1.37873 0.799999
      vertex -13.378 -1.39467 4
      vertex -13.2569 -1.37873 4
    endloop
  endfacet
  facet normal -0.130501 0.991448 0
    outer loop
      vertex -13.378 -1.39467 4
      vertex -13.2569 -1.37873 0.799999
      vertex -13.378 -1.39467 0.799999
    endloop
  endfacet
  facet normal -0.461894 0.886935 0
    outer loop
      vertex -12.8 -1.21243 0.799999
      vertex -12.9083 -1.26883 4
      vertex -12.8 -1.21243 4
    endloop
  endfacet
  facet normal -0.461894 0.886935 0
    outer loop
      vertex -12.9083 -1.26883 4
      vertex -12.8 -1.21243 0.799999
      vertex -12.9083 -1.26883 0.799999
    endloop
  endfacet
  facet normal 0.999058 0.0433953 0
    outer loop
      vertex -14.8947 -0.122018 4
      vertex -14.9 0 0.799999
      vertex -14.9 0 4
    endloop
  endfacet
  facet normal 0.999058 0.0433953 0
    outer loop
      vertex -14.9 0 0.799999
      vertex -14.8947 -0.122018 4
      vertex -14.8947 -0.122018 0.799999
    endloop
  endfacet
  facet normal 0.675774 0.737109 -0
    outer loop
      vertex -14.3999 -1.07246 0.799999
      vertex -14.4899 -0.989949 4
      vertex -14.3999 -1.07246 4
    endloop
  endfacet
  facet normal 0.675774 0.737109 0
    outer loop
      vertex -14.4899 -0.989949 4
      vertex -14.3999 -1.07246 0.799999
      vertex -14.4899 -0.989949 0.799999
    endloop
  endfacet
  facet normal 0.130501 0.991448 -0
    outer loop
      vertex -13.622 -1.39467 0.799999
      vertex -13.7431 -1.37873 4
      vertex -13.622 -1.39467 4
    endloop
  endfacet
  facet normal 0.130501 0.991448 0
    outer loop
      vertex -13.7431 -1.37873 4
      vertex -13.622 -1.39467 0.799999
      vertex -13.7431 -1.37873 0.799999
    endloop
  endfacet
  facet normal -0.216471 -0.976289 0
    outer loop
      vertex -13.2569 1.37873 0.799999
      vertex -13.1377 1.3523 4
      vertex -13.2569 1.37873 4
    endloop
  endfacet
  facet normal -0.216471 -0.976289 -0
    outer loop
      vertex -13.1377 1.3523 4
      vertex -13.2569 1.37873 0.799999
      vertex -13.1377 1.3523 0.799999
    endloop
  endfacet
  facet normal -0.608741 -0.793369 0
    outer loop
      vertex -12.697 1.14681 0.799999
      vertex -12.6001 1.07246 4
      vertex -12.697 1.14681 4
    endloop
  endfacet
  facet normal -0.608741 -0.793369 -0
    outer loop
      vertex -12.6001 1.07246 4
      vertex -12.697 1.14681 0.799999
      vertex -12.6001 1.07246 0.799999
    endloop
  endfacet
  facet normal 0.461894 0.886935 -0
    outer loop
      vertex -14.0917 -1.26883 0.799999
      vertex -14.2 -1.21243 4
      vertex -14.0917 -1.26883 4
    endloop
  endfacet
  facet normal 0.461894 0.886935 0
    outer loop
      vertex -14.2 -1.21243 4
      vertex -14.0917 -1.26883 0.799999
      vertex -14.2 -1.21243 0.799999
    endloop
  endfacet
  facet normal -0.73733 -0.675533 0
    outer loop
      vertex -12.4275 0.899902 0.799999
      vertex -12.51 0.989949 4
      vertex -12.51 0.989949 0.799999
    endloop
  endfacet
  facet normal -0.73733 -0.675533 0
    outer loop
      vertex -12.51 0.989949 4
      vertex -12.4275 0.899902 0.799999
      vertex -12.4275 0.899902 4
    endloop
  endfacet
  facet normal -0.953778 -0.300512 0
    outer loop
      vertex -12.1477 0.362347 0.799999
      vertex -12.1844 0.478827 4
      vertex -12.1844 0.478827 0.799999
    endloop
  endfacet
  facet normal -0.953778 -0.300512 0
    outer loop
      vertex -12.1844 0.478827 4
      vertex -12.1477 0.362347 0.799999
      vertex -12.1477 0.362347 4
    endloop
  endfacet
  facet normal -0.999058 0.0433953 0
    outer loop
      vertex -12.1053 -0.122018 0.799999
      vertex -12.1 0 4
      vertex -12.1 0 0.799999
    endloop
  endfacet
  facet normal -0.999058 0.0433953 0
    outer loop
      vertex -12.1 0 4
      vertex -12.1053 -0.122018 0.799999
      vertex -12.1053 -0.122018 4
    endloop
  endfacet
  facet normal -0.991383 -0.130996 0
    outer loop
      vertex -12.1053 0.122018 0.799999
      vertex -12.1213 0.243107 4
      vertex -12.1213 0.243107 0.799999
    endloop
  endfacet
  facet normal -0.991383 -0.130996 0
    outer loop
      vertex -12.1213 0.243107 4
      vertex -12.1053 0.122018 0.799999
      vertex -12.1053 0.122018 4
    endloop
  endfacet
  facet normal 0.300689 -0.953722 0
    outer loop
      vertex -13.9788 1.31557 0.799999
      vertex -13.8623 1.3523 4
      vertex -13.9788 1.31557 4
    endloop
  endfacet
  facet normal 0.300689 -0.953722 0
    outer loop
      vertex -13.8623 1.3523 4
      vertex -13.9788 1.31557 0.799999
      vertex -13.8623 1.3523 0.799999
    endloop
  endfacet
  facet normal -0.999058 -0.0433953 0
    outer loop
      vertex -12.1 0 0.799999
      vertex -12.1053 0.122018 4
      vertex -12.1053 0.122018 0.799999
    endloop
  endfacet
  facet normal -0.999058 -0.0433953 0
    outer loop
      vertex -12.1053 0.122018 4
      vertex -12.1 0 0.799999
      vertex -12.1 0 4
    endloop
  endfacet
  facet normal 0.216471 -0.976289 0
    outer loop
      vertex -13.8623 1.3523 0.799999
      vertex -13.7431 1.37873 4
      vertex -13.8623 1.3523 4
    endloop
  endfacet
  facet normal 0.216471 -0.976289 0
    outer loop
      vertex -13.7431 1.37873 4
      vertex -13.8623 1.3523 0.799999
      vertex -13.7431 1.37873 0.799999
    endloop
  endfacet
  facet normal -0.793555 -0.608499 0
    outer loop
      vertex -12.3532 0.803006 0.799999
      vertex -12.4275 0.899902 4
      vertex -12.4275 0.899902 0.799999
    endloop
  endfacet
  facet normal -0.793555 -0.608499 0
    outer loop
      vertex -12.4275 0.899902 4
      vertex -12.3532 0.803006 0.799999
      vertex -12.3532 0.803006 4
    endloop
  endfacet
  facet normal -0.843473 0.537171 0
    outer loop
      vertex -12.3532 -0.803006 0.799999
      vertex -12.2876 -0.7 4
      vertex -12.2876 -0.7 0.799999
    endloop
  endfacet
  facet normal -0.843473 0.537171 0
    outer loop
      vertex -12.2876 -0.7 4
      vertex -12.3532 -0.803006 0.799999
      vertex -12.3532 -0.803006 4
    endloop
  endfacet
  facet normal -0.976356 0.216167 0
    outer loop
      vertex -12.1477 -0.362347 0.799999
      vertex -12.1213 -0.243107 4
      vertex -12.1213 -0.243107 0.799999
    endloop
  endfacet
  facet normal -0.976356 0.216167 0
    outer loop
      vertex -12.1213 -0.243107 4
      vertex -12.1477 -0.362347 0.799999
      vertex -12.1477 -0.362347 4
    endloop
  endfacet
  facet normal 0.130501 -0.991448 0
    outer loop
      vertex -13.7431 1.37873 0.799999
      vertex -13.622 1.39467 4
      vertex -13.7431 1.37873 4
    endloop
  endfacet
  facet normal 0.130501 -0.991448 0
    outer loop
      vertex -13.622 1.39467 4
      vertex -13.7431 1.37873 0.799999
      vertex -13.622 1.39467 0.799999
    endloop
  endfacet
  facet normal -0.976356 -0.216167 0
    outer loop
      vertex -12.1213 0.243107 0.799999
      vertex -12.1477 0.362347 4
      vertex -12.1477 0.362347 0.799999
    endloop
  endfacet
  facet normal -0.976356 -0.216167 0
    outer loop
      vertex -12.1477 0.362347 4
      vertex -12.1213 0.243107 0.799999
      vertex -12.1213 0.243107 4
    endloop
  endfacet
  facet normal 0.953778 -0.300512 0
    outer loop
      vertex -14.8523 0.362347 4
      vertex -14.8156 0.478827 0.799999
      vertex -14.8156 0.478827 4
    endloop
  endfacet
  facet normal 0.953778 -0.300512 0
    outer loop
      vertex -14.8156 0.478827 0.799999
      vertex -14.8523 0.362347 4
      vertex -14.8523 0.362347 0.799999
    endloop
  endfacet
  facet normal 0.843473 0.537171 0
    outer loop
      vertex -14.6468 -0.803006 4
      vertex -14.7124 -0.7 0.799999
      vertex -14.7124 -0.7 4
    endloop
  endfacet
  facet normal 0.843473 0.537171 0
    outer loop
      vertex -14.7124 -0.7 0.799999
      vertex -14.6468 -0.803006 4
      vertex -14.6468 -0.803006 0.799999
    endloop
  endfacet
  facet normal 0.793555 -0.608499 0
    outer loop
      vertex -14.6468 0.803006 4
      vertex -14.5725 0.899902 0.799999
      vertex -14.5725 0.899902 4
    endloop
  endfacet
  facet normal 0.793555 -0.608499 0
    outer loop
      vertex -14.5725 0.899902 0.799999
      vertex -14.6468 0.803006 4
      vertex -14.6468 0.803006 0.799999
    endloop
  endfacet
  facet normal 0.736922 -0.675978 0
    outer loop
      vertex -14.5725 0.899902 4
      vertex -14.4899 0.989949 0.799999
      vertex -14.4899 0.989949 4
    endloop
  endfacet
  facet normal 0.736922 -0.675978 0
    outer loop
      vertex -14.4899 0.989949 0.799999
      vertex -14.5725 0.899902 4
      vertex -14.5725 0.899902 0.799999
    endloop
  endfacet
  facet normal -0.886996 -0.461777 0
    outer loop
      vertex -12.2312 0.591665 0.799999
      vertex -12.2876 0.7 4
      vertex -12.2876 0.7 0.799999
    endloop
  endfacet
  facet normal -0.886996 -0.461777 0
    outer loop
      vertex -12.2876 0.7 4
      vertex -12.2312 0.591665 0.799999
      vertex -12.2312 0.591665 4
    endloop
  endfacet
  facet normal -0.216471 0.976289 0
    outer loop
      vertex -13.1377 -1.3523 0.799999
      vertex -13.2569 -1.37873 4
      vertex -13.1377 -1.3523 4
    endloop
  endfacet
  facet normal -0.216471 0.976289 0
    outer loop
      vertex -13.2569 -1.37873 4
      vertex -13.1377 -1.3523 0.799999
      vertex -13.2569 -1.37873 0.799999
    endloop
  endfacet
  facet normal -0.608741 0.793369 0
    outer loop
      vertex -12.6001 -1.07246 0.799999
      vertex -12.697 -1.14681 4
      vertex -12.6001 -1.07246 4
    endloop
  endfacet
  facet normal -0.608741 0.793369 0
    outer loop
      vertex -12.697 -1.14681 4
      vertex -12.6001 -1.07246 0.799999
      vertex -12.697 -1.14681 0.799999
    endloop
  endfacet
  facet normal -0.991383 0.130996 0
    outer loop
      vertex -12.1213 -0.243107 0.799999
      vertex -12.1053 -0.122018 4
      vertex -12.1053 -0.122018 0.799999
    endloop
  endfacet
  facet normal -0.991383 0.130996 0
    outer loop
      vertex -12.1053 -0.122018 4
      vertex -12.1213 -0.243107 0.799999
      vertex -12.1213 -0.243107 4
    endloop
  endfacet
  facet normal -0.923703 0.383109 0
    outer loop
      vertex -12.2312 -0.591665 0.799999
      vertex -12.1844 -0.478827 4
      vertex -12.1844 -0.478827 0.799999
    endloop
  endfacet
  facet normal -0.923703 0.383109 0
    outer loop
      vertex -12.1844 -0.478827 4
      vertex -12.2312 -0.591665 0.799999
      vertex -12.2312 -0.591665 4
    endloop
  endfacet
  facet normal 0.843473 -0.537171 0
    outer loop
      vertex -14.7124 0.7 4
      vertex -14.6468 0.803006 0.799999
      vertex -14.6468 0.803006 4
    endloop
  endfacet
  facet normal 0.843473 -0.537171 0
    outer loop
      vertex -14.6468 0.803006 0.799999
      vertex -14.7124 0.7 4
      vertex -14.7124 0.7 0.799999
    endloop
  endfacet
  facet normal 0.886996 0.461777 0
    outer loop
      vertex -14.7124 -0.7 4
      vertex -14.7688 -0.591665 0.799999
      vertex -14.7688 -0.591665 4
    endloop
  endfacet
  facet normal 0.886996 0.461777 0
    outer loop
      vertex -14.7688 -0.591665 0.799999
      vertex -14.7124 -0.7 4
      vertex -14.7124 -0.7 0.799999
    endloop
  endfacet
  facet normal -0.923703 -0.383109 0
    outer loop
      vertex -12.1844 0.478827 0.799999
      vertex -12.2312 0.591665 4
      vertex -12.2312 0.591665 0.799999
    endloop
  endfacet
  facet normal -0.923703 -0.383109 0
    outer loop
      vertex -12.2312 0.591665 4
      vertex -12.1844 0.478827 0.799999
      vertex -12.1844 0.478827 4
    endloop
  endfacet
  facet normal -0.675366 -0.737483 0
    outer loop
      vertex -12.6001 1.07246 0.799999
      vertex -12.51 0.989949 4
      vertex -12.6001 1.07246 4
    endloop
  endfacet
  facet normal -0.675366 -0.737483 -0
    outer loop
      vertex -12.51 0.989949 4
      vertex -12.6001 1.07246 0.799999
      vertex -12.51 0.989949 0.799999
    endloop
  endfacet
  facet normal -0.953778 0.300512 0
    outer loop
      vertex -12.1844 -0.478827 0.799999
      vertex -12.1477 -0.362347 4
      vertex -12.1477 -0.362347 0.799999
    endloop
  endfacet
  facet normal -0.953778 0.300512 0
    outer loop
      vertex -12.1477 -0.362347 4
      vertex -12.1844 -0.478827 0.799999
      vertex -12.1844 -0.478827 4
    endloop
  endfacet
  facet normal 0.976356 -0.216167 0
    outer loop
      vertex -14.8787 0.243107 4
      vertex -14.8523 0.362347 0.799999
      vertex -14.8523 0.362347 4
    endloop
  endfacet
  facet normal 0.976356 -0.216167 0
    outer loop
      vertex -14.8523 0.362347 0.799999
      vertex -14.8787 0.243107 4
      vertex -14.8787 0.243107 0.799999
    endloop
  endfacet
  facet normal -0.300689 0.953722 0
    outer loop
      vertex -13.0212 -1.31557 0.799999
      vertex -13.1377 -1.3523 4
      vertex -13.0212 -1.31557 4
    endloop
  endfacet
  facet normal -0.300689 0.953722 0
    outer loop
      vertex -13.1377 -1.3523 4
      vertex -13.0212 -1.31557 0.799999
      vertex -13.1377 -1.3523 0.799999
    endloop
  endfacet
  facet normal -0.0436469 0.999047 0
    outer loop
      vertex -13.378 -1.39467 0.799999
      vertex -13.5 -1.4 4
      vertex -13.378 -1.39467 4
    endloop
  endfacet
  facet normal -0.0436469 0.999047 0
    outer loop
      vertex -13.5 -1.4 4
      vertex -13.378 -1.39467 0.799999
      vertex -13.5 -1.4 0.799999
    endloop
  endfacet
  facet normal -0.382511 -0.923951 0
    outer loop
      vertex -13.0212 1.31557 0.799999
      vertex -12.9083 1.26883 4
      vertex -13.0212 1.31557 4
    endloop
  endfacet
  facet normal -0.382511 -0.923951 -0
    outer loop
      vertex -12.9083 1.26883 4
      vertex -13.0212 1.31557 0.799999
      vertex -12.9083 1.26883 0.799999
    endloop
  endfacet
  facet normal -0.461894 -0.886935 0
    outer loop
      vertex -12.9083 1.26883 0.799999
      vertex -12.8 1.21243 4
      vertex -12.9083 1.26883 4
    endloop
  endfacet
  facet normal -0.461894 -0.886935 -0
    outer loop
      vertex -12.8 1.21243 4
      vertex -12.9083 1.26883 0.799999
      vertex -12.8 1.21243 0.799999
    endloop
  endfacet
  facet normal 0.382511 0.923951 -0
    outer loop
      vertex -13.9788 -1.31557 0.799999
      vertex -14.0917 -1.26883 4
      vertex -13.9788 -1.31557 4
    endloop
  endfacet
  facet normal 0.382511 0.923951 0
    outer loop
      vertex -14.0917 -1.26883 4
      vertex -13.9788 -1.31557 0.799999
      vertex -14.0917 -1.26883 0.799999
    endloop
  endfacet
  facet normal 0.923703 0.383109 0
    outer loop
      vertex -14.7688 -0.591665 4
      vertex -14.8156 -0.478827 0.799999
      vertex -14.8156 -0.478827 4
    endloop
  endfacet
  facet normal 0.923703 0.383109 0
    outer loop
      vertex -14.8156 -0.478827 0.799999
      vertex -14.7688 -0.591665 4
      vertex -14.7688 -0.591665 0.799999
    endloop
  endfacet
  facet normal 0.216471 0.976289 -0
    outer loop
      vertex -13.7431 -1.37873 0.799999
      vertex -13.8623 -1.3523 4
      vertex -13.7431 -1.37873 4
    endloop
  endfacet
  facet normal 0.216471 0.976289 0
    outer loop
      vertex -13.8623 -1.3523 4
      vertex -13.7431 -1.37873 0.799999
      vertex -13.8623 -1.3523 0.799999
    endloop
  endfacet
  facet normal 0.675774 -0.737109 0
    outer loop
      vertex -14.4899 0.989949 0.799999
      vertex -14.3999 1.07246 4
      vertex -14.4899 0.989949 4
    endloop
  endfacet
  facet normal 0.675774 -0.737109 0
    outer loop
      vertex -14.3999 1.07246 4
      vertex -14.4899 0.989949 0.799999
      vertex -14.3999 1.07246 0.799999
    endloop
  endfacet
  facet normal 0.53731 -0.843385 0
    outer loop
      vertex -14.303 1.14681 0.799999
      vertex -14.2 1.21243 4
      vertex -14.303 1.14681 4
    endloop
  endfacet
  facet normal 0.53731 -0.843385 0
    outer loop
      vertex -14.2 1.21243 4
      vertex -14.303 1.14681 0.799999
      vertex -14.2 1.21243 0.799999
    endloop
  endfacet
  facet normal 0.608741 0.793369 -0
    outer loop
      vertex -14.303 -1.14681 0.799999
      vertex -14.3999 -1.07246 4
      vertex -14.303 -1.14681 4
    endloop
  endfacet
  facet normal 0.608741 0.793369 0
    outer loop
      vertex -14.3999 -1.07246 4
      vertex -14.303 -1.14681 0.799999
      vertex -14.3999 -1.07246 0.799999
    endloop
  endfacet
  facet normal 0.300689 0.953722 -0
    outer loop
      vertex -13.8623 -1.3523 0.799999
      vertex -13.9788 -1.31557 4
      vertex -13.8623 -1.3523 4
    endloop
  endfacet
  facet normal 0.300689 0.953722 0
    outer loop
      vertex -13.9788 -1.31557 4
      vertex -13.8623 -1.3523 0.799999
      vertex -13.9788 -1.31557 0.799999
    endloop
  endfacet
  facet normal 0.793555 0.608499 0
    outer loop
      vertex -14.5725 -0.899902 4
      vertex -14.6468 -0.803006 0.799999
      vertex -14.6468 -0.803006 4
    endloop
  endfacet
  facet normal 0.793555 0.608499 0
    outer loop
      vertex -14.6468 -0.803006 0.799999
      vertex -14.5725 -0.899902 4
      vertex -14.5725 -0.899902 0.799999
    endloop
  endfacet
  facet normal 0.608741 -0.793369 0
    outer loop
      vertex -14.3999 1.07246 0.799999
      vertex -14.303 1.14681 4
      vertex -14.3999 1.07246 4
    endloop
  endfacet
  facet normal 0.608741 -0.793369 0
    outer loop
      vertex -14.303 1.14681 4
      vertex -14.3999 1.07246 0.799999
      vertex -14.303 1.14681 0.799999
    endloop
  endfacet
  facet normal 0.461894 -0.886935 0
    outer loop
      vertex -14.2 1.21243 0.799999
      vertex -14.0917 1.26883 4
      vertex -14.2 1.21243 4
    endloop
  endfacet
  facet normal 0.461894 -0.886935 0
    outer loop
      vertex -14.0917 1.26883 4
      vertex -14.2 1.21243 0.799999
      vertex -14.0917 1.26883 0.799999
    endloop
  endfacet
  facet normal 0 0 1
    outer loop
      vertex -12.1053 0.122018 0.799999
      vertex -12.1053 -0.122018 0.799999
      vertex -12.1 0 0.799999
    endloop
  endfacet
  facet normal 0 0 1
    outer loop
      vertex -12.1213 0.243107 0.799999
      vertex -12.1053 -0.122018 0.799999
      vertex -12.1053 0.122018 0.799999
    endloop
  endfacet
  facet normal 0 0 1
    outer loop
      vertex -12.1213 0.243107 0.799999
      vertex -12.1213 -0.243107 0.799999
      vertex -12.1053 -0.122018 0.799999
    endloop
  endfacet
  facet normal 0 0 1
    outer loop
      vertex -12.1477 0.362347 0.799999
      vertex -12.1213 -0.243107 0.799999
      vertex -12.1213 0.243107 0.799999
    endloop
  endfacet
  facet normal 0 0 1
    outer loop
      vertex -12.1477 0.362347 0.799999
      vertex -12.1477 -0.362347 0.799999
      vertex -12.1213 -0.243107 0.799999
    endloop
  endfacet
  facet normal 0 0 1
    outer loop
      vertex -12.1844 0.478827 0.799999
      vertex -12.1477 -0.362347 0.799999
      vertex -12.1477 0.362347 0.799999
    endloop
  endfacet
  facet normal 0 0 1
    outer loop
      vertex -12.1844 0.478827 0.799999
      vertex -12.1844 -0.478827 0.799999
      vertex -12.1477 -0.362347 0.799999
    endloop
  endfacet
  facet normal 0 0 1
    outer loop
      vertex -12.2312 0.591665 0.799999
      vertex -12.1844 -0.478827 0.799999
      vertex -12.1844 0.478827 0.799999
    endloop
  endfacet
  facet normal 0 0 1
    outer loop
      vertex -12.2312 0.591665 0.799999
      vertex -12.2312 -0.591665 0.799999
      vertex -12.1844 -0.478827 0.799999
    endloop
  endfacet
  facet normal 0 0 1
    outer loop
      vertex -12.2876 0.7 0.799999
      vertex -12.2312 -0.591665 0.799999
      vertex -12.2312 0.591665 0.799999
    endloop
  endfacet
  facet normal 0 0 1
    outer loop
      vertex -12.2876 0.7 0.799999
      vertex -12.2876 -0.7 0.799999
      vertex -12.2312 -0.591665 0.799999
    endloop
  endfacet
  facet normal 0 0 1
    outer loop
      vertex -12.3532 0.803006 0.799999
      vertex -12.2876 -0.7 0.799999
      vertex -12.2876 0.7 0.799999
    endloop
  endfacet
  facet normal 0 0 1
    outer loop
      vertex -12.3532 0.803006 0.799999
      vertex -12.3532 -0.803006 0.799999
      vertex -12.2876 -0.7 0.799999
    endloop
  endfacet
  facet normal 0 0 1
    outer loop
      vertex -12.4275 0.899902 0.799999
      vertex -12.3532 -0.803006 0.799999
      vertex -12.3532 0.803006 0.799999
    endloop
  endfacet
  facet normal 0 0 1
    outer loop
      vertex -12.4275 0.899902 0.799999
      vertex -12.4275 -0.899902 0.799999
      vertex -12.3532 -0.803006 0.799999
    endloop
  endfacet
  facet normal 0 0 1
    outer loop
      vertex -12.51 0.989949 0.799999
      vertex -12.4275 -0.899902 0.799999
      vertex -12.4275 0.899902 0.799999
    endloop
  endfacet
  facet normal 0 0 1
    outer loop
      vertex -12.51 0.989949 0.799999
      vertex -12.51 -0.989949 0.799999
      vertex -12.4275 -0.899902 0.799999
    endloop
  endfacet
  facet normal 0 0 1
    outer loop
      vertex -12.6001 1.07246 0.799999
      vertex -12.51 -0.989949 0.799999
      vertex -12.51 0.989949 0.799999
    endloop
  endfacet
  facet normal 0 0 1
    outer loop
      vertex -12.6001 1.07246 0.799999
      vertex -12.6001 -1.07246 0.799999
      vertex -12.51 -0.989949 0.799999
    endloop
  endfacet
  facet normal 0 0 1
    outer loop
      vertex -12.697 1.14681 0.799999
      vertex -12.6001 -1.07246 0.799999
      vertex -12.6001 1.07246 0.799999
    endloop
  endfacet
  facet normal 0 0 1
    outer loop
      vertex -12.697 1.14681 0.799999
      vertex -12.697 -1.14681 0.799999
      vertex -12.6001 -1.07246 0.799999
    endloop
  endfacet
  facet normal 0 0 1
    outer loop
      vertex -12.8 1.21243 0.799999
      vertex -12.697 -1.14681 0.799999
      vertex -12.697 1.14681 0.799999
    endloop
  endfacet
  facet normal 0 0 1
    outer loop
      vertex -12.8 1.21243 0.799999
      vertex -12.8 -1.21243 0.799999
      vertex -12.697 -1.14681 0.799999
    endloop
  endfacet
  facet normal 0 0 1
    outer loop
      vertex -12.9083 1.26883 0.799999
      vertex -12.8 -1.21243 0.799999
      vertex -12.8 1.21243 0.799999
    endloop
  endfacet
  facet normal 0 0 1
    outer loop
      vertex -12.9083 1.26883 0.799999
      vertex -12.9083 -1.26883 0.799999
      vertex -12.8 -1.21243 0.799999
    endloop
  endfacet
  facet normal 0 0 1
    outer loop
      vertex -13.0212 1.31557 0.799999
      vertex -12.9083 -1.26883 0.799999
      vertex -12.9083 1.26883 0.799999
    endloop
  endfacet
  facet normal 0 0 1
    outer loop
      vertex -13.0212 1.31557 0.799999
      vertex -13.0212 -1.31557 0.799999
      vertex -12.9083 -1.26883 0.799999
    endloop
  endfacet
  facet normal 0 0 1
    outer loop
      vertex -13.1377 1.3523 0.799999
      vertex -13.0212 -1.31557 0.799999
      vertex -13.0212 1.31557 0.799999
    endloop
  endfacet
  facet normal 0 0 1
    outer loop
      vertex -13.1377 1.3523 0.799999
      vertex -13.1377 -1.3523 0.799999
      vertex -13.0212 -1.31557 0.799999
    endloop
  endfacet
  facet normal 0 0 1
    outer loop
      vertex -13.2569 1.37873 0.799999
      vertex -13.1377 -1.3523 0.799999
      vertex -13.1377 1.3523 0.799999
    endloop
  endfacet
  facet normal 0 0 1
    outer loop
      vertex -13.2569 1.37873 0.799999
      vertex -13.2569 -1.37873 0.799999
      vertex -13.1377 -1.3523 0.799999
    endloop
  endfacet
  facet normal 0 0 1
    outer loop
      vertex -13.378 1.39467 0.799999
      vertex -13.2569 -1.37873 0.799999
      vertex -13.2569 1.37873 0.799999
    endloop
  endfacet
  facet normal 0 0 1
    outer loop
      vertex -13.378 1.39467 0.799999
      vertex -13.378 -1.39467 0.799999
      vertex -13.2569 -1.37873 0.799999
    endloop
  endfacet
  facet normal 0 0 1
    outer loop
      vertex -13.5 1.4 0.799999
      vertex -13.378 -1.39467 0.799999
      vertex -13.378 1.39467 0.799999
    endloop
  endfacet
  facet normal 0 0 1
    outer loop
      vertex -13.5 1.4 0.799999
      vertex -13.5 -1.4 0.799999
      vertex -13.378 -1.39467 0.799999
    endloop
  endfacet
  facet normal -0 0 1
    outer loop
      vertex -13.622 1.39467 0.799999
      vertex -13.5 -1.4 0.799999
      vertex -13.5 1.4 0.799999
    endloop
  endfacet
  facet normal 0 0 1
    outer loop
      vertex -13.622 1.39467 0.799999
      vertex -13.622 -1.39467 0.799999
      vertex -13.5 -1.4 0.799999
    endloop
  endfacet
  facet normal -0 0 1
    outer loop
      vertex -13.7431 1.37873 0.799999
      vertex -13.622 -1.39467 0.799999
      vertex -13.622 1.39467 0.799999
    endloop
  endfacet
  facet normal 0 0 1
    outer loop
      vertex -13.7431 1.37873 0.799999
      vertex -13.7431 -1.37873 0.799999
      vertex -13.622 -1.39467 0.799999
    endloop
  endfacet
  facet normal -0 0 1
    outer loop
      vertex -13.8623 1.3523 0.799999
      vertex -13.7431 -1.37873 0.799999
      vertex -13.7431 1.37873 0.799999
    endloop
  endfacet
  facet normal 0 0 1
    outer loop
      vertex -13.8623 1.3523 0.799999
      vertex -13.8623 -1.3523 0.799999
      vertex -13.7431 -1.37873 0.799999
    endloop
  endfacet
  facet normal -0 0 1
    outer loop
      vertex -13.9788 1.31557 0.799999
      vertex -13.8623 -1.3523 0.799999
      vertex -13.8623 1.3523 0.799999
    endloop
  endfacet
  facet normal 0 0 1
    outer loop
      vertex -13.9788 1.31557 0.799999
      vertex -13.9788 -1.31557 0.799999
      vertex -13.8623 -1.3523 0.799999
    endloop
  endfacet
  facet normal -0 0 1
    outer loop
      vertex -14.0917 1.26883 0.799999
      vertex -13.9788 -1.31557 0.799999
      vertex -13.9788 1.31557 0.799999
    endloop
  endfacet
  facet normal 0 0 1
    outer loop
      vertex -14.0917 1.26883 0.799999
      vertex -14.0917 -1.26883 0.799999
      vertex -13.9788 -1.31557 0.799999
    endloop
  endfacet
  facet normal -0 0 1
    outer loop
      vertex -14.2 1.21243 0.799999
      vertex -14.0917 -1.26883 0.799999
      vertex -14.0917 1.26883 0.799999
    endloop
  endfacet
  facet normal 0 0 1
    outer loop
      vertex -14.2 1.21243 0.799999
      vertex -14.2 -1.21243 0.799999
      vertex -14.0917 -1.26883 0.799999
    endloop
  endfacet
  facet normal -0 0 1
    outer loop
      vertex -14.303 1.14681 0.799999
      vertex -14.2 -1.21243 0.799999
      vertex -14.2 1.21243 0.799999
    endloop
  endfacet
  facet normal 0 0 1
    outer loop
      vertex -14.303 1.14681 0.799999
      vertex -14.303 -1.14681 0.799999
      vertex -14.2 -1.21243 0.799999
    endloop
  endfacet
  facet normal -0 0 1
    outer loop
      vertex -14.3999 1.07246 0.799999
      vertex -14.303 -1.14681 0.799999
      vertex -14.303 1.14681 0.799999
    endloop
  endfacet
  facet normal 0 0 1
    outer loop
      vertex -14.3999 1.07246 0.799999
      vertex -14.3999 -1.07246 0.799999
      vertex -14.303 -1.14681 0.799999
    endloop
  endfacet
  facet normal -0 0 1
    outer loop
      vertex -14.4899 0.989949 0.799999
      vertex -14.3999 -1.07246 0.799999
      vertex -14.3999 1.07246 0.799999
    endloop
  endfacet
  facet normal 0 0 1
    outer loop
      vertex -14.4899 0.989949 0.799999
      vertex -14.4899 -0.989949 0.799999
      vertex -14.3999 -1.07246 0.799999
    endloop
  endfacet
  facet normal -0 0 1
    outer loop
      vertex -14.5725 0.899902 0.799999
      vertex -14.4899 -0.989949 0.799999
      vertex -14.4899 0.989949 0.799999
    endloop
  endfacet
  facet normal 0 0 1
    outer loop
      vertex -14.5725 0.899902 0.799999
      vertex -14.5725 -0.899902 0.799999
      vertex -14.4899 -0.989949 0.799999
    endloop
  endfacet
  facet normal -0 0 1
    outer loop
      vertex -14.6468 0.803006 0.799999
      vertex -14.5725 -0.899902 0.799999
      vertex -14.5725 0.899902 0.799999
    endloop
  endfacet
  facet normal 0 0 1
    outer loop
      vertex -14.6468 0.803006 0.799999
      vertex -14.6468 -0.803006 0.799999
      vertex -14.5725 -0.899902 0.799999
    endloop
  endfacet
  facet normal -0 0 1
    outer loop
      vertex -14.7124 0.7 0.799999
      vertex -14.6468 -0.803006 0.799999
      vertex -14.6468 0.803006 0.799999
    endloop
  endfacet
  facet normal 0 0 1
    outer loop
      vertex -14.7124 0.7 0.799999
      vertex -14.7124 -0.7 0.799999
      vertex -14.6468 -0.803006 0.799999
    endloop
  endfacet
  facet normal -0 0 1
    outer loop
      vertex -14.7688 0.591665 0.799999
      vertex -14.7124 -0.7 0.799999
      vertex -14.7124 0.7 0.799999
    endloop
  endfacet
  facet normal 0 0 1
    outer loop
      vertex -14.7688 0.591665 0.799999
      vertex -14.7688 -0.591665 0.799999
      vertex -14.7124 -0.7 0.799999
    endloop
  endfacet
  facet normal -0 0 1
    outer loop
      vertex -14.8156 0.478827 0.799999
      vertex -14.7688 -0.591665 0.799999
      vertex -14.7688 0.591665 0.799999
    endloop
  endfacet
  facet normal 0 0 1
    outer loop
      vertex -14.8156 0.478827 0.799999
      vertex -14.8156 -0.478827 0.799999
      vertex -14.7688 -0.591665 0.799999
    endloop
  endfacet
  facet normal -0 0 1
    outer loop
      vertex -14.8523 0.362347 0.799999
      vertex -14.8156 -0.478827 0.799999
      vertex -14.8156 0.478827 0.799999
    endloop
  endfacet
  facet normal 0 0 1
    outer loop
      vertex -14.8523 0.362347 0.799999
      vertex -14.8523 -0.362347 0.799999
      vertex -14.8156 -0.478827 0.799999
    endloop
  endfacet
  facet normal -0 0 1
    outer loop
      vertex -14.8787 0.243107 0.799999
      vertex -14.8523 -0.362347 0.799999
      vertex -14.8523 0.362347 0.799999
    endloop
  endfacet
  facet normal 0 0 1
    outer loop
      vertex -14.8787 0.243107 0.799999
      vertex -14.8787 -0.243107 0.799999
      vertex -14.8523 -0.362347 0.799999
    endloop
  endfacet
  facet normal -0 0 1
    outer loop
      vertex -14.8947 0.122018 0.799999
      vertex -14.8787 -0.243107 0.799999
      vertex -14.8787 0.243107 0.799999
    endloop
  endfacet
  facet normal 0 0 1
    outer loop
      vertex -14.8947 0.122018 0.799999
      vertex -14.8947 -0.122018 0.799999
      vertex -14.8787 -0.243107 0.799999
    endloop
  endfacet
  facet normal 0 -0 1
    outer loop
      vertex -14.8947 -0.122018 0.799999
      vertex -14.8947 0.122018 0.799999
      vertex -14.9 0 0.799999
    endloop
  endfacet
  facet normal -0.382511 0.923951 0
    outer loop
      vertex -12.9083 -1.26883 0.799999
      vertex -13.0212 -1.31557 4
      vertex -12.9083 -1.26883 4
    endloop
  endfacet
  facet normal -0.382511 0.923951 0
    outer loop
      vertex -13.0212 -1.31557 4
      vertex -12.9083 -1.26883 0.799999
      vertex -13.0212 -1.31557 0.799999
    endloop
  endfacet
  facet normal -0.53731 -0.843385 0
    outer loop
      vertex -12.8 1.21243 0.799999
      vertex -12.697 1.14681 4
      vertex -12.8 1.21243 4
    endloop
  endfacet
  facet normal -0.53731 -0.843385 -0
    outer loop
      vertex -12.697 1.14681 4
      vertex -12.8 1.21243 0.799999
      vertex -12.697 1.14681 0.799999
    endloop
  endfacet
  facet normal 0.382511 -0.923951 0
    outer loop
      vertex -14.0917 1.26883 0.799999
      vertex -13.9788 1.31557 4
      vertex -14.0917 1.26883 4
    endloop
  endfacet
  facet normal 0.382511 -0.923951 0
    outer loop
      vertex -13.9788 1.31557 4
      vertex -14.0917 1.26883 0.799999
      vertex -13.9788 1.31557 0.799999
    endloop
  endfacet
  facet normal 0.999058 -0.0433953 0
    outer loop
      vertex -14.9 0 4
      vertex -14.8947 0.122018 0.799999
      vertex -14.8947 0.122018 4
    endloop
  endfacet
  facet normal 0.999058 -0.0433953 0
    outer loop
      vertex -14.8947 0.122018 0.799999
      vertex -14.9 0 4
      vertex -14.9 0 0.799999
    endloop
  endfacet
  facet normal -0.793555 0.608499 0
    outer loop
      vertex -12.4275 -0.899902 0.799999
      vertex -12.3532 -0.803006 4
      vertex -12.3532 -0.803006 0.799999
    endloop
  endfacet
  facet normal -0.793555 0.608499 0
    outer loop
      vertex -12.3532 -0.803006 4
      vertex -12.4275 -0.899902 0.799999
      vertex -12.4275 -0.899902 4
    endloop
  endfacet
  facet normal 0.991383 0.130996 0
    outer loop
      vertex -14.8787 -0.243107 4
      vertex -14.8947 -0.122018 0.799999
      vertex -14.8947 -0.122018 4
    endloop
  endfacet
  facet normal 0.991383 0.130996 0
    outer loop
      vertex -14.8947 -0.122018 0.799999
      vertex -14.8787 -0.243107 4
      vertex -14.8787 -0.243107 0.799999
    endloop
  endfacet
  facet normal -0.843473 -0.537171 0
    outer loop
      vertex -12.2876 0.7 0.799999
      vertex -12.3532 0.803006 4
      vertex -12.3532 0.803006 0.799999
    endloop
  endfacet
  facet normal -0.843473 -0.537171 0
    outer loop
      vertex -12.3532 0.803006 4
      vertex -12.2876 0.7 0.799999
      vertex -12.2876 0.7 4
    endloop
  endfacet
  facet normal 0.0436469 -0.999047 0
    outer loop
      vertex -13.622 1.39467 0.799999
      vertex -13.5 1.4 4
      vertex -13.622 1.39467 4
    endloop
  endfacet
  facet normal 0.0436469 -0.999047 0
    outer loop
      vertex -13.5 1.4 4
      vertex -13.622 1.39467 0.799999
      vertex -13.5 1.4 0.799999
    endloop
  endfacet
  facet normal -0.0436469 -0.999047 0
    outer loop
      vertex -13.5 1.4 0.799999
      vertex -13.378 1.39467 4
      vertex -13.5 1.4 4
    endloop
  endfacet
  facet normal -0.0436469 -0.999047 -0
    outer loop
      vertex -13.378 1.39467 4
      vertex -13.5 1.4 0.799999
      vertex -13.378 1.39467 0.799999
    endloop
  endfacet
  facet normal -0.130501 -0.991448 0
    outer loop
      vertex -13.378 1.39467 0.799999
      vertex -13.2569 1.37873 4
      vertex -13.378 1.39467 4
    endloop
  endfacet
  facet normal -0.130501 -0.991448 -0
    outer loop
      vertex -13.2569 1.37873 4
      vertex -13.378 1.39467 0.799999
      vertex -13.2569 1.37873 0.799999
    endloop
  endfacet
  facet normal 0.991383 -0.130996 0
    outer loop
      vertex -14.8947 0.122018 4
      vertex -14.8787 0.243107 0.799999
      vertex -14.8787 0.243107 4
    endloop
  endfacet
  facet normal 0.991383 -0.130996 0
    outer loop
      vertex -14.8787 0.243107 0.799999
      vertex -14.8947 0.122018 4
      vertex -14.8947 0.122018 0.799999
    endloop
  endfacet
  facet normal 0.736922 0.675978 0
    outer loop
      vertex -14.4899 -0.989949 4
      vertex -14.5725 -0.899902 0.799999
      vertex -14.5725 -0.899902 4
    endloop
  endfacet
  facet normal 0.736922 0.675978 0
    outer loop
      vertex -14.5725 -0.899902 0.799999
      vertex -14.4899 -0.989949 4
      vertex -14.4899 -0.989949 0.799999
    endloop
  endfacet
  facet normal -0.675366 0.737483 0
    outer loop
      vertex -12.51 -0.989949 0.799999
      vertex -12.6001 -1.07246 4
      vertex -12.51 -0.989949 4
    endloop
  endfacet
  facet normal -0.675366 0.737483 0
    outer loop
      vertex -12.6001 -1.07246 4
      vertex -12.51 -0.989949 0.799999
      vertex -12.6001 -1.07246 0.799999
    endloop
  endfacet
  facet normal -0.886996 0.461777 0
    outer loop
      vertex -12.2876 -0.7 0.799999
      vertex -12.2312 -0.591665 4
      vertex -12.2312 -0.591665 0.799999
    endloop
  endfacet
  facet normal -0.886996 0.461777 0
    outer loop
      vertex -12.2312 -0.591665 4
      vertex -12.2876 -0.7 0.799999
      vertex -12.2876 -0.7 4
    endloop
  endfacet
  facet normal 0.976356 0.216167 0
    outer loop
      vertex -14.8523 -0.362347 4
      vertex -14.8787 -0.243107 0.799999
      vertex -14.8787 -0.243107 4
    endloop
  endfacet
  facet normal 0.976356 0.216167 0
    outer loop
      vertex -14.8787 -0.243107 0.799999
      vertex -14.8523 -0.362347 4
      vertex -14.8523 -0.362347 0.799999
    endloop
  endfacet
  facet normal 0.923703 -0.383109 0
    outer loop
      vertex -14.8156 0.478827 4
      vertex -14.7688 0.591665 0.799999
      vertex -14.7688 0.591665 4
    endloop
  endfacet
  facet normal 0.923703 -0.383109 0
    outer loop
      vertex -14.7688 0.591665 0.799999
      vertex -14.8156 0.478827 4
      vertex -14.8156 0.478827 0.799999
    endloop
  endfacet
  facet normal 0.0436469 0.999047 -0
    outer loop
      vertex -13.5 -1.4 0.799999
      vertex -13.622 -1.39467 4
      vertex -13.5 -1.4 4
    endloop
  endfacet
  facet normal 0.0436469 0.999047 0
    outer loop
      vertex -13.622 -1.39467 4
      vertex -13.5 -1.4 0.799999
      vertex -13.622 -1.39467 0.799999
    endloop
  endfacet
  facet normal 0.953778 0.300512 0
    outer loop
      vertex -14.8156 -0.478827 4
      vertex -14.8523 -0.362347 0.799999
      vertex -14.8523 -0.362347 4
    endloop
  endfacet
  facet normal 0.953778 0.300512 0
    outer loop
      vertex -14.8523 -0.362347 0.799999
      vertex -14.8156 -0.478827 4
      vertex -14.8156 -0.478827 0.799999
    endloop
  endfacet
  facet normal 0.53731 0.843385 -0
    outer loop
      vertex -14.2 -1.21243 0.799999
      vertex -14.303 -1.14681 4
      vertex -14.2 -1.21243 4
    endloop
  endfacet
  facet normal 0.53731 0.843385 0
    outer loop
      vertex -14.303 -1.14681 4
      vertex -14.2 -1.21243 0.799999
      vertex -14.303 -1.14681 0.799999
    endloop
  endfacet
  facet normal -0.53731 0.843385 0
    outer loop
      vertex -12.697 -1.14681 0.799999
      vertex -12.8 -1.21243 4
      vertex -12.697 -1.14681 4
    endloop
  endfacet
  facet normal -0.53731 0.843385 0
    outer loop
      vertex -12.8 -1.21243 4
      vertex -12.697 -1.14681 0.799999
      vertex -12.8 -1.21243 0.799999
    endloop
  endfacet
  facet normal 0.886996 -0.461777 0
    outer loop
      vertex 12.2312 0.591665 4
      vertex 12.2876 0.7 0.799999
      vertex 12.2876 0.7 4
    endloop
  endfacet
  facet normal 0.886996 -0.461777 0
    outer loop
      vertex 12.2876 0.7 0.799999
      vertex 12.2312 0.591665 4
      vertex 12.2312 0.591665 0.799999
    endloop
  endfacet
  facet normal -0.300689 -0.953722 0
    outer loop
      vertex 13.8623 1.3523 0.799999
      vertex 13.9788 1.31557 4
      vertex 13.8623 1.3523 4
    endloop
  endfacet
  facet normal -0.300689 -0.953722 -0
    outer loop
      vertex 13.9788 1.31557 4
      vertex 13.8623 1.3523 0.799999
      vertex 13.9788 1.31557 0.799999
    endloop
  endfacet
  facet normal -0.736922 0.675978 0
    outer loop
      vertex 14.4899 -0.989949 0.799999
      vertex 14.5725 -0.899902 4
      vertex 14.5725 -0.899902 0.799999
    endloop
  endfacet
  facet normal -0.736922 0.675978 0
    outer loop
      vertex 14.5725 -0.899902 4
      vertex 14.4899 -0.989949 0.799999
      vertex 14.4899 -0.989949 4
    endloop
  endfacet
  facet normal -0.130501 0.991448 0
    outer loop
      vertex 13.7431 -1.37873 0.799999
      vertex 13.622 -1.39467 4
      vertex 13.7431 -1.37873 4
    endloop
  endfacet
  facet normal -0.130501 0.991448 0
    outer loop
      vertex 13.622 -1.39467 4
      vertex 13.7431 -1.37873 0.799999
      vertex 13.622 -1.39467 0.799999
    endloop
  endfacet
  facet normal -0.461894 0.886935 0
    outer loop
      vertex 14.2 -1.21243 0.799999
      vertex 14.0917 -1.26883 4
      vertex 14.2 -1.21243 4
    endloop
  endfacet
  facet normal -0.461894 0.886935 0
    outer loop
      vertex 14.0917 -1.26883 4
      vertex 14.2 -1.21243 0.799999
      vertex 14.0917 -1.26883 0.799999
    endloop
  endfacet
  facet normal 0.999058 0.0433953 0
    outer loop
      vertex 12.1053 -0.122018 4
      vertex 12.1 0 0.799999
      vertex 12.1 0 4
    endloop
  endfacet
  facet normal 0.999058 0.0433953 0
    outer loop
      vertex 12.1 0 0.799999
      vertex 12.1053 -0.122018 4
      vertex 12.1053 -0.122018 0.799999
    endloop
  endfacet
  facet normal 0.675366 0.737483 -0
    outer loop
      vertex 12.6001 -1.07246 0.799999
      vertex 12.51 -0.989949 4
      vertex 12.6001 -1.07246 4
    endloop
  endfacet
  facet normal 0.675366 0.737483 0
    outer loop
      vertex 12.51 -0.989949 4
      vertex 12.6001 -1.07246 0.799999
      vertex 12.51 -0.989949 0.799999
    endloop
  endfacet
  facet normal 0.130501 0.991448 -0
    outer loop
      vertex 13.378 -1.39467 0.799999
      vertex 13.2569 -1.37873 4
      vertex 13.378 -1.39467 4
    endloop
  endfacet
  facet normal 0.130501 0.991448 0
    outer loop
      vertex 13.2569 -1.37873 4
      vertex 13.378 -1.39467 0.799999
      vertex 13.2569 -1.37873 0.799999
    endloop
  endfacet
  facet normal -0.216471 -0.976289 0
    outer loop
      vertex 13.7431 1.37873 0.799999
      vertex 13.8623 1.3523 4
      vertex 13.7431 1.37873 4
    endloop
  endfacet
  facet normal -0.216471 -0.976289 -0
    outer loop
      vertex 13.8623 1.3523 4
      vertex 13.7431 1.37873 0.799999
      vertex 13.8623 1.3523 0.799999
    endloop
  endfacet
  facet normal -0.608741 -0.793369 0
    outer loop
      vertex 14.303 1.14681 0.799999
      vertex 14.3999 1.07246 4
      vertex 14.303 1.14681 4
    endloop
  endfacet
  facet normal -0.608741 -0.793369 -0
    outer loop
      vertex 14.3999 1.07246 4
      vertex 14.303 1.14681 0.799999
      vertex 14.3999 1.07246 0.799999
    endloop
  endfacet
  facet normal 0.461894 0.886935 -0
    outer loop
      vertex 12.9083 -1.26883 0.799999
      vertex 12.8 -1.21243 4
      vertex 12.9083 -1.26883 4
    endloop
  endfacet
  facet normal 0.461894 0.886935 0
    outer loop
      vertex 12.8 -1.21243 4
      vertex 12.9083 -1.26883 0.799999
      vertex 12.8 -1.21243 0.799999
    endloop
  endfacet
  facet normal -0.736922 -0.675978 0
    outer loop
      vertex 14.5725 0.899902 0.799999
      vertex 14.4899 0.989949 4
      vertex 14.4899 0.989949 0.799999
    endloop
  endfacet
  facet normal -0.736922 -0.675978 0
    outer loop
      vertex 14.4899 0.989949 4
      vertex 14.5725 0.899902 0.799999
      vertex 14.5725 0.899902 4
    endloop
  endfacet
  facet normal -0.953778 -0.300512 0
    outer loop
      vertex 14.8523 0.362347 0.799999
      vertex 14.8156 0.478827 4
      vertex 14.8156 0.478827 0.799999
    endloop
  endfacet
  facet normal -0.953778 -0.300512 0
    outer loop
      vertex 14.8156 0.478827 4
      vertex 14.8523 0.362347 0.799999
      vertex 14.8523 0.362347 4
    endloop
  endfacet
  facet normal -0.999058 0.0433953 0
    outer loop
      vertex 14.8947 -0.122018 0.799999
      vertex 14.9 0 4
      vertex 14.9 0 0.799999
    endloop
  endfacet
  facet normal -0.999058 0.0433953 0
    outer loop
      vertex 14.9 0 4
      vertex 14.8947 -0.122018 0.799999
      vertex 14.8947 -0.122018 4
    endloop
  endfacet
  facet normal -0.991383 -0.130996 0
    outer loop
      vertex 14.8947 0.122018 0.799999
      vertex 14.8787 0.243107 4
      vertex 14.8787 0.243107 0.799999
    endloop
  endfacet
  facet normal -0.991383 -0.130996 0
    outer loop
      vertex 14.8787 0.243107 4
      vertex 14.8947 0.122018 0.799999
      vertex 14.8947 0.122018 4
    endloop
  endfacet
  facet normal 0.300689 -0.953722 0
    outer loop
      vertex 13.0212 1.31557 0.799999
      vertex 13.1377 1.3523 4
      vertex 13.0212 1.31557 4
    endloop
  endfacet
  facet normal 0.300689 -0.953722 0
    outer loop
      vertex 13.1377 1.3523 4
      vertex 13.0212 1.31557 0.799999
      vertex 13.1377 1.3523 0.799999
    endloop
  endfacet
  facet normal 0.675366 -0.737483 0
    outer loop
      vertex 12.51 0.989949 0.799999
      vertex 12.6001 1.07246 4
      vertex 12.51 0.989949 4
    endloop
  endfacet
  facet normal 0.675366 -0.737483 0
    outer loop
      vertex 12.6001 1.07246 4
      vertex 12.51 0.989949 0.799999
      vertex 12.6001 1.07246 0.799999
    endloop
  endfacet
  facet normal -0.999058 -0.0433953 0
    outer loop
      vertex 14.9 0 0.799999
      vertex 14.8947 0.122018 4
      vertex 14.8947 0.122018 0.799999
    endloop
  endfacet
  facet normal -0.999058 -0.0433953 0
    outer loop
      vertex 14.8947 0.122018 4
      vertex 14.9 0 0.799999
      vertex 14.9 0 4
    endloop
  endfacet
  facet normal 0.216471 -0.976289 0
    outer loop
      vertex 13.1377 1.3523 0.799999
      vertex 13.2569 1.37873 4
      vertex 13.1377 1.3523 4
    endloop
  endfacet
  facet normal 0.216471 -0.976289 0
    outer loop
      vertex 13.2569 1.37873 4
      vertex 13.1377 1.3523 0.799999
      vertex 13.2569 1.37873 0.799999
    endloop
  endfacet
  facet normal -0.793555 -0.608499 0
    outer loop
      vertex 14.6468 0.803006 0.799999
      vertex 14.5725 0.899902 4
      vertex 14.5725 0.899902 0.799999
    endloop
  endfacet
  facet normal -0.793555 -0.608499 0
    outer loop
      vertex 14.5725 0.899902 4
      vertex 14.6468 0.803006 0.799999
      vertex 14.6468 0.803006 4
    endloop
  endfacet
  facet normal -0.843473 0.537171 0
    outer loop
      vertex 14.6468 -0.803006 0.799999
      vertex 14.7124 -0.7 4
      vertex 14.7124 -0.7 0.799999
    endloop
  endfacet
  facet normal -0.843473 0.537171 0
    outer loop
      vertex 14.7124 -0.7 4
      vertex 14.6468 -0.803006 0.799999
      vertex 14.6468 -0.803006 4
    endloop
  endfacet
  facet normal -0.976356 0.216167 0
    outer loop
      vertex 14.8523 -0.362347 0.799999
      vertex 14.8787 -0.243107 4
      vertex 14.8787 -0.243107 0.799999
    endloop
  endfacet
  facet normal -0.976356 0.216167 0
    outer loop
      vertex 14.8787 -0.243107 4
      vertex 14.8523 -0.362347 0.799999
      vertex 14.8523 -0.362347 4
    endloop
  endfacet
  facet normal 0.130501 -0.991448 0
    outer loop
      vertex 13.2569 1.37873 0.799999
      vertex 13.378 1.39467 4
      vertex 13.2569 1.37873 4
    endloop
  endfacet
  facet normal 0.130501 -0.991448 0
    outer loop
      vertex 13.378 1.39467 4
      vertex 13.2569 1.37873 0.799999
      vertex 13.378 1.39467 0.799999
    endloop
  endfacet
  facet normal -0.976356 -0.216167 0
    outer loop
      vertex 14.8787 0.243107 0.799999
      vertex 14.8523 0.362347 4
      vertex 14.8523 0.362347 0.799999
    endloop
  endfacet
  facet normal -0.976356 -0.216167 0
    outer loop
      vertex 14.8523 0.362347 4
      vertex 14.8787 0.243107 0.799999
      vertex 14.8787 0.243107 4
    endloop
  endfacet
  facet normal 0.953778 -0.300512 0
    outer loop
      vertex 12.1477 0.362347 4
      vertex 12.1844 0.478827 0.799999
      vertex 12.1844 0.478827 4
    endloop
  endfacet
  facet normal 0.953778 -0.300512 0
    outer loop
      vertex 12.1844 0.478827 0.799999
      vertex 12.1477 0.362347 4
      vertex 12.1477 0.362347 0.799999
    endloop
  endfacet
  facet normal 0.843473 0.537171 0
    outer loop
      vertex 12.3532 -0.803006 4
      vertex 12.2876 -0.7 0.799999
      vertex 12.2876 -0.7 4
    endloop
  endfacet
  facet normal 0.843473 0.537171 0
    outer loop
      vertex 12.2876 -0.7 0.799999
      vertex 12.3532 -0.803006 4
      vertex 12.3532 -0.803006 0.799999
    endloop
  endfacet
  facet normal 0.793555 -0.608499 0
    outer loop
      vertex 12.3532 0.803006 4
      vertex 12.4275 0.899902 0.799999
      vertex 12.4275 0.899902 4
    endloop
  endfacet
  facet normal 0.793555 -0.608499 0
    outer loop
      vertex 12.4275 0.899902 0.799999
      vertex 12.3532 0.803006 4
      vertex 12.3532 0.803006 0.799999
    endloop
  endfacet
  facet normal 0.73733 -0.675533 0
    outer loop
      vertex 12.4275 0.899902 4
      vertex 12.51 0.989949 0.799999
      vertex 12.51 0.989949 4
    endloop
  endfacet
  facet normal 0.73733 -0.675533 0
    outer loop
      vertex 12.51 0.989949 0.799999
      vertex 12.4275 0.899902 4
      vertex 12.4275 0.899902 0.799999
    endloop
  endfacet
  facet normal -0.886996 -0.461777 0
    outer loop
      vertex 14.7688 0.591665 0.799999
      vertex 14.7124 0.7 4
      vertex 14.7124 0.7 0.799999
    endloop
  endfacet
  facet normal -0.886996 -0.461777 0
    outer loop
      vertex 14.7124 0.7 4
      vertex 14.7688 0.591665 0.799999
      vertex 14.7688 0.591665 4
    endloop
  endfacet
  facet normal -0.216471 0.976289 0
    outer loop
      vertex 13.8623 -1.3523 0.799999
      vertex 13.7431 -1.37873 4
      vertex 13.8623 -1.3523 4
    endloop
  endfacet
  facet normal -0.216471 0.976289 0
    outer loop
      vertex 13.7431 -1.37873 4
      vertex 13.8623 -1.3523 0.799999
      vertex 13.7431 -1.37873 0.799999
    endloop
  endfacet
  facet normal -0.608741 0.793369 0
    outer loop
      vertex 14.3999 -1.07246 0.799999
      vertex 14.303 -1.14681 4
      vertex 14.3999 -1.07246 4
    endloop
  endfacet
  facet normal -0.608741 0.793369 0
    outer loop
      vertex 14.303 -1.14681 4
      vertex 14.3999 -1.07246 0.799999
      vertex 14.303 -1.14681 0.799999
    endloop
  endfacet
  facet normal -0.991383 0.130996 0
    outer loop
      vertex 14.8787 -0.243107 0.799999
      vertex 14.8947 -0.122018 4
      vertex 14.8947 -0.122018 0.799999
    endloop
  endfacet
  facet normal -0.991383 0.130996 0
    outer loop
      vertex 14.8947 -0.122018 4
      vertex 14.8787 -0.243107 0.799999
      vertex 14.8787 -0.243107 4
    endloop
  endfacet
  facet normal -0.923703 0.383109 0
    outer loop
      vertex 14.7688 -0.591665 0.799999
      vertex 14.8156 -0.478827 4
      vertex 14.8156 -0.478827 0.799999
    endloop
  endfacet
  facet normal -0.923703 0.383109 0
    outer loop
      vertex 14.8156 -0.478827 4
      vertex 14.7688 -0.591665 0.799999
      vertex 14.7688 -0.591665 4
    endloop
  endfacet
  facet normal 0.843473 -0.537171 0
    outer loop
      vertex 12.2876 0.7 4
      vertex 12.3532 0.803006 0.799999
      vertex 12.3532 0.803006 4
    endloop
  endfacet
  facet normal 0.843473 -0.537171 0
    outer loop
      vertex 12.3532 0.803006 0.799999
      vertex 12.2876 0.7 4
      vertex 12.2876 0.7 0.799999
    endloop
  endfacet
  facet normal 0.886996 0.461777 0
    outer loop
      vertex 12.2876 -0.7 4
      vertex 12.2312 -0.591665 0.799999
      vertex 12.2312 -0.591665 4
    endloop
  endfacet
  facet normal 0.886996 0.461777 0
    outer loop
      vertex 12.2312 -0.591665 0.799999
      vertex 12.2876 -0.7 4
      vertex 12.2876 -0.7 0.799999
    endloop
  endfacet
  facet normal -0.923703 -0.383109 0
    outer loop
      vertex 14.8156 0.478827 0.799999
      vertex 14.7688 0.591665 4
      vertex 14.7688 0.591665 0.799999
    endloop
  endfacet
  facet normal -0.923703 -0.383109 0
    outer loop
      vertex 14.7688 0.591665 4
      vertex 14.8156 0.478827 0.799999
      vertex 14.8156 0.478827 4
    endloop
  endfacet
  facet normal -0.675774 -0.737109 0
    outer loop
      vertex 14.3999 1.07246 0.799999
      vertex 14.4899 0.989949 4
      vertex 14.3999 1.07246 4
    endloop
  endfacet
  facet normal -0.675774 -0.737109 -0
    outer loop
      vertex 14.4899 0.989949 4
      vertex 14.3999 1.07246 0.799999
      vertex 14.4899 0.989949 0.799999
    endloop
  endfacet
  facet normal 0.976356 -0.216167 0
    outer loop
      vertex 12.1213 0.243107 4
      vertex 12.1477 0.362347 0.799999
      vertex 12.1477 0.362347 4
    endloop
  endfacet
  facet normal 0.976356 -0.216167 0
    outer loop
      vertex 12.1477 0.362347 0.799999
      vertex 12.1213 0.243107 4
      vertex 12.1213 0.243107 0.799999
    endloop
  endfacet
  facet normal -0.300689 0.953722 0
    outer loop
      vertex 13.9788 -1.31557 0.799999
      vertex 13.8623 -1.3523 4
      vertex 13.9788 -1.31557 4
    endloop
  endfacet
  facet normal -0.300689 0.953722 0
    outer loop
      vertex 13.8623 -1.3523 4
      vertex 13.9788 -1.31557 0.799999
      vertex 13.8623 -1.3523 0.799999
    endloop
  endfacet
  facet normal -0.0436469 0.999047 0
    outer loop
      vertex 13.622 -1.39467 0.799999
      vertex 13.5 -1.4 4
      vertex 13.622 -1.39467 4
    endloop
  endfacet
  facet normal -0.0436469 0.999047 0
    outer loop
      vertex 13.5 -1.4 4
      vertex 13.622 -1.39467 0.799999
      vertex 13.5 -1.4 0.799999
    endloop
  endfacet
  facet normal -0.382511 -0.923951 0
    outer loop
      vertex 13.9788 1.31557 0.799999
      vertex 14.0917 1.26883 4
      vertex 13.9788 1.31557 4
    endloop
  endfacet
  facet normal -0.382511 -0.923951 -0
    outer loop
      vertex 14.0917 1.26883 4
      vertex 13.9788 1.31557 0.799999
      vertex 14.0917 1.26883 0.799999
    endloop
  endfacet
  facet normal -0.461894 -0.886935 0
    outer loop
      vertex 14.0917 1.26883 0.799999
      vertex 14.2 1.21243 4
      vertex 14.0917 1.26883 4
    endloop
  endfacet
  facet normal -0.461894 -0.886935 -0
    outer loop
      vertex 14.2 1.21243 4
      vertex 14.0917 1.26883 0.799999
      vertex 14.2 1.21243 0.799999
    endloop
  endfacet
  facet normal 0.382511 0.923951 -0
    outer loop
      vertex 13.0212 -1.31557 0.799999
      vertex 12.9083 -1.26883 4
      vertex 13.0212 -1.31557 4
    endloop
  endfacet
  facet normal 0.382511 0.923951 0
    outer loop
      vertex 12.9083 -1.26883 4
      vertex 13.0212 -1.31557 0.799999
      vertex 12.9083 -1.26883 0.799999
    endloop
  endfacet
  facet normal 0.923703 0.383109 0
    outer loop
      vertex 12.2312 -0.591665 4
      vertex 12.1844 -0.478827 0.799999
      vertex 12.1844 -0.478827 4
    endloop
  endfacet
  facet normal 0.923703 0.383109 0
    outer loop
      vertex 12.1844 -0.478827 0.799999
      vertex 12.2312 -0.591665 4
      vertex 12.2312 -0.591665 0.799999
    endloop
  endfacet
  facet normal 0.216471 0.976289 -0
    outer loop
      vertex 13.2569 -1.37873 0.799999
      vertex 13.1377 -1.3523 4
      vertex 13.2569 -1.37873 4
    endloop
  endfacet
  facet normal 0.216471 0.976289 0
    outer loop
      vertex 13.1377 -1.3523 4
      vertex 13.2569 -1.37873 0.799999
      vertex 13.1377 -1.3523 0.799999
    endloop
  endfacet
  facet normal 0.53731 -0.843385 0
    outer loop
      vertex 12.697 1.14681 0.799999
      vertex 12.8 1.21243 4
      vertex 12.697 1.14681 4
    endloop
  endfacet
  facet normal 0.53731 -0.843385 0
    outer loop
      vertex 12.8 1.21243 4
      vertex 12.697 1.14681 0.799999
      vertex 12.8 1.21243 0.799999
    endloop
  endfacet
  facet normal 0.608741 0.793369 -0
    outer loop
      vertex 12.697 -1.14681 0.799999
      vertex 12.6001 -1.07246 4
      vertex 12.697 -1.14681 4
    endloop
  endfacet
  facet normal 0.608741 0.793369 0
    outer loop
      vertex 12.6001 -1.07246 4
      vertex 12.697 -1.14681 0.799999
      vertex 12.6001 -1.07246 0.799999
    endloop
  endfacet
  facet normal 0.300689 0.953722 -0
    outer loop
      vertex 13.1377 -1.3523 0.799999
      vertex 13.0212 -1.31557 4
      vertex 13.1377 -1.3523 4
    endloop
  endfacet
  facet normal 0.300689 0.953722 0
    outer loop
      vertex 13.0212 -1.31557 4
      vertex 13.1377 -1.3523 0.799999
      vertex 13.0212 -1.31557 0.799999
    endloop
  endfacet
  facet normal 0.793555 0.608499 0
    outer loop
      vertex 12.4275 -0.899902 4
      vertex 12.3532 -0.803006 0.799999
      vertex 12.3532 -0.803006 4
    endloop
  endfacet
  facet normal 0.793555 0.608499 0
    outer loop
      vertex 12.3532 -0.803006 0.799999
      vertex 12.4275 -0.899902 4
      vertex 12.4275 -0.899902 0.799999
    endloop
  endfacet
  facet normal 0.608741 -0.793369 0
    outer loop
      vertex 12.6001 1.07246 0.799999
      vertex 12.697 1.14681 4
      vertex 12.6001 1.07246 4
    endloop
  endfacet
  facet normal 0.608741 -0.793369 0
    outer loop
      vertex 12.697 1.14681 4
      vertex 12.6001 1.07246 0.799999
      vertex 12.697 1.14681 0.799999
    endloop
  endfacet
  facet normal 0.461894 -0.886935 0
    outer loop
      vertex 12.8 1.21243 0.799999
      vertex 12.9083 1.26883 4
      vertex 12.8 1.21243 4
    endloop
  endfacet
  facet normal 0.461894 -0.886935 0
    outer loop
      vertex 12.9083 1.26883 4
      vertex 12.8 1.21243 0.799999
      vertex 12.9083 1.26883 0.799999
    endloop
  endfacet
  facet normal 0 0 1
    outer loop
      vertex 14.8947 0.122018 0.799999
      vertex 14.8947 -0.122018 0.799999
      vertex 14.9 0 0.799999
    endloop
  endfacet
  facet normal 0 0 1
    outer loop
      vertex 14.8787 0.243107 0.799999
      vertex 14.8947 -0.122018 0.799999
      vertex 14.8947 0.122018 0.799999
    endloop
  endfacet
  facet normal 0 0 1
    outer loop
      vertex 14.8787 0.243107 0.799999
      vertex 14.8787 -0.243107 0.799999
      vertex 14.8947 -0.122018 0.799999
    endloop
  endfacet
  facet normal 0 0 1
    outer loop
      vertex 14.8523 0.362347 0.799999
      vertex 14.8787 -0.243107 0.799999
      vertex 14.8787 0.243107 0.799999
    endloop
  endfacet
  facet normal 0 0 1
    outer loop
      vertex 14.8523 0.362347 0.799999
      vertex 14.8523 -0.362347 0.799999
      vertex 14.8787 -0.243107 0.799999
    endloop
  endfacet
  facet normal 0 0 1
    outer loop
      vertex 14.8156 0.478827 0.799999
      vertex 14.8523 -0.362347 0.799999
      vertex 14.8523 0.362347 0.799999
    endloop
  endfacet
  facet normal 0 0 1
    outer loop
      vertex 14.8156 0.478827 0.799999
      vertex 14.8156 -0.478827 0.799999
      vertex 14.8523 -0.362347 0.799999
    endloop
  endfacet
  facet normal 0 0 1
    outer loop
      vertex 14.7688 0.591665 0.799999
      vertex 14.8156 -0.478827 0.799999
      vertex 14.8156 0.478827 0.799999
    endloop
  endfacet
  facet normal 0 0 1
    outer loop
      vertex 14.7688 0.591665 0.799999
      vertex 14.7688 -0.591665 0.799999
      vertex 14.8156 -0.478827 0.799999
    endloop
  endfacet
  facet normal 0 0 1
    outer loop
      vertex 14.7124 0.7 0.799999
      vertex 14.7688 -0.591665 0.799999
      vertex 14.7688 0.591665 0.799999
    endloop
  endfacet
  facet normal 0 0 1
    outer loop
      vertex 14.7124 0.7 0.799999
      vertex 14.7124 -0.7 0.799999
      vertex 14.7688 -0.591665 0.799999
    endloop
  endfacet
  facet normal 0 0 1
    outer loop
      vertex 14.6468 0.803006 0.799999
      vertex 14.7124 -0.7 0.799999
      vertex 14.7124 0.7 0.799999
    endloop
  endfacet
  facet normal 0 0 1
    outer loop
      vertex 14.6468 0.803006 0.799999
      vertex 14.6468 -0.803006 0.799999
      vertex 14.7124 -0.7 0.799999
    endloop
  endfacet
  facet normal 0 0 1
    outer loop
      vertex 14.5725 0.899902 0.799999
      vertex 14.6468 -0.803006 0.799999
      vertex 14.6468 0.803006 0.799999
    endloop
  endfacet
  facet normal 0 0 1
    outer loop
      vertex 14.5725 0.899902 0.799999
      vertex 14.5725 -0.899902 0.799999
      vertex 14.6468 -0.803006 0.799999
    endloop
  endfacet
  facet normal 0 0 1
    outer loop
      vertex 14.4899 0.989949 0.799999
      vertex 14.5725 -0.899902 0.799999
      vertex 14.5725 0.899902 0.799999
    endloop
  endfacet
  facet normal 0 0 1
    outer loop
      vertex 14.4899 0.989949 0.799999
      vertex 14.4899 -0.989949 0.799999
      vertex 14.5725 -0.899902 0.799999
    endloop
  endfacet
  facet normal 0 0 1
    outer loop
      vertex 14.3999 1.07246 0.799999
      vertex 14.4899 -0.989949 0.799999
      vertex 14.4899 0.989949 0.799999
    endloop
  endfacet
  facet normal 0 0 1
    outer loop
      vertex 14.3999 1.07246 0.799999
      vertex 14.3999 -1.07246 0.799999
      vertex 14.4899 -0.989949 0.799999
    endloop
  endfacet
  facet normal 0 0 1
    outer loop
      vertex 14.303 1.14681 0.799999
      vertex 14.3999 -1.07246 0.799999
      vertex 14.3999 1.07246 0.799999
    endloop
  endfacet
  facet normal 0 0 1
    outer loop
      vertex 14.303 1.14681 0.799999
      vertex 14.303 -1.14681 0.799999
      vertex 14.3999 -1.07246 0.799999
    endloop
  endfacet
  facet normal 0 0 1
    outer loop
      vertex 14.2 1.21243 0.799999
      vertex 14.303 -1.14681 0.799999
      vertex 14.303 1.14681 0.799999
    endloop
  endfacet
  facet normal 0 0 1
    outer loop
      vertex 14.2 1.21243 0.799999
      vertex 14.2 -1.21243 0.799999
      vertex 14.303 -1.14681 0.799999
    endloop
  endfacet
  facet normal 0 0 1
    outer loop
      vertex 14.0917 1.26883 0.799999
      vertex 14.2 -1.21243 0.799999
      vertex 14.2 1.21243 0.799999
    endloop
  endfacet
  facet normal 0 0 1
    outer loop
      vertex 14.0917 1.26883 0.799999
      vertex 14.0917 -1.26883 0.799999
      vertex 14.2 -1.21243 0.799999
    endloop
  endfacet
  facet normal 0 0 1
    outer loop
      vertex 13.9788 1.31557 0.799999
      vertex 14.0917 -1.26883 0.799999
      vertex 14.0917 1.26883 0.799999
    endloop
  endfacet
  facet normal 0 0 1
    outer loop
      vertex 13.9788 1.31557 0.799999
      vertex 13.9788 -1.31557 0.799999
      vertex 14.0917 -1.26883 0.799999
    endloop
  endfacet
  facet normal 0 0 1
    outer loop
      vertex 13.8623 1.3523 0.799999
      vertex 13.9788 -1.31557 0.799999
      vertex 13.9788 1.31557 0.799999
    endloop
  endfacet
  facet normal 0 0 1
    outer loop
      vertex 13.8623 1.3523 0.799999
      vertex 13.8623 -1.3523 0.799999
      vertex 13.9788 -1.31557 0.799999
    endloop
  endfacet
  facet normal 0 0 1
    outer loop
      vertex 13.7431 1.37873 0.799999
      vertex 13.8623 -1.3523 0.799999
      vertex 13.8623 1.3523 0.799999
    endloop
  endfacet
  facet normal 0 0 1
    outer loop
      vertex 13.7431 1.37873 0.799999
      vertex 13.7431 -1.37873 0.799999
      vertex 13.8623 -1.3523 0.799999
    endloop
  endfacet
  facet normal 0 0 1
    outer loop
      vertex 13.622 1.39467 0.799999
      vertex 13.7431 -1.37873 0.799999
      vertex 13.7431 1.37873 0.799999
    endloop
  endfacet
  facet normal 0 0 1
    outer loop
      vertex 13.622 1.39467 0.799999
      vertex 13.622 -1.39467 0.799999
      vertex 13.7431 -1.37873 0.799999
    endloop
  endfacet
  facet normal 0 0 1
    outer loop
      vertex 13.5 1.4 0.799999
      vertex 13.622 -1.39467 0.799999
      vertex 13.622 1.39467 0.799999
    endloop
  endfacet
  facet normal 0 0 1
    outer loop
      vertex 13.5 1.4 0.799999
      vertex 13.5 -1.4 0.799999
      vertex 13.622 -1.39467 0.799999
    endloop
  endfacet
  facet normal -0 0 1
    outer loop
      vertex 13.378 1.39467 0.799999
      vertex 13.5 -1.4 0.799999
      vertex 13.5 1.4 0.799999
    endloop
  endfacet
  facet normal 0 0 1
    outer loop
      vertex 13.378 1.39467 0.799999
      vertex 13.378 -1.39467 0.799999
      vertex 13.5 -1.4 0.799999
    endloop
  endfacet
  facet normal -0 0 1
    outer loop
      vertex 13.2569 1.37873 0.799999
      vertex 13.378 -1.39467 0.799999
      vertex 13.378 1.39467 0.799999
    endloop
  endfacet
  facet normal 0 0 1
    outer loop
      vertex 13.2569 1.37873 0.799999
      vertex 13.2569 -1.37873 0.799999
      vertex 13.378 -1.39467 0.799999
    endloop
  endfacet
  facet normal -0 0 1
    outer loop
      vertex 13.1377 1.3523 0.799999
      vertex 13.2569 -1.37873 0.799999
      vertex 13.2569 1.37873 0.799999
    endloop
  endfacet
  facet normal 0 0 1
    outer loop
      vertex 13.1377 1.3523 0.799999
      vertex 13.1377 -1.3523 0.799999
      vertex 13.2569 -1.37873 0.799999
    endloop
  endfacet
  facet normal -0 0 1
    outer loop
      vertex 13.0212 1.31557 0.799999
      vertex 13.1377 -1.3523 0.799999
      vertex 13.1377 1.3523 0.799999
    endloop
  endfacet
  facet normal 0 0 1
    outer loop
      vertex 13.0212 1.31557 0.799999
      vertex 13.0212 -1.31557 0.799999
      vertex 13.1377 -1.3523 0.799999
    endloop
  endfacet
  facet normal -0 0 1
    outer loop
      vertex 12.9083 1.26883 0.799999
      vertex 13.0212 -1.31557 0.799999
      vertex 13.0212 1.31557 0.799999
    endloop
  endfacet
  facet normal 0 0 1
    outer loop
      vertex 12.9083 1.26883 0.799999
      vertex 12.9083 -1.26883 0.799999
      vertex 13.0212 -1.31557 0.799999
    endloop
  endfacet
  facet normal -0 0 1
    outer loop
      vertex 12.8 1.21243 0.799999
      vertex 12.9083 -1.26883 0.799999
      vertex 12.9083 1.26883 0.799999
    endloop
  endfacet
  facet normal 0 0 1
    outer loop
      vertex 12.8 1.21243 0.799999
      vertex 12.8 -1.21243 0.799999
      vertex 12.9083 -1.26883 0.799999
    endloop
  endfacet
  facet normal -0 0 1
    outer loop
      vertex 12.697 1.14681 0.799999
      vertex 12.8 -1.21243 0.799999
      vertex 12.8 1.21243 0.799999
    endloop
  endfacet
  facet normal 0 0 1
    outer loop
      vertex 12.697 1.14681 0.799999
      vertex 12.697 -1.14681 0.799999
      vertex 12.8 -1.21243 0.799999
    endloop
  endfacet
  facet normal -0 0 1
    outer loop
      vertex 12.6001 1.07246 0.799999
      vertex 12.697 -1.14681 0.799999
      vertex 12.697 1.14681 0.799999
    endloop
  endfacet
  facet normal 0 0 1
    outer loop
      vertex 12.6001 1.07246 0.799999
      vertex 12.6001 -1.07246 0.799999
      vertex 12.697 -1.14681 0.799999
    endloop
  endfacet
  facet normal -0 0 1
    outer loop
      vertex 12.51 0.989949 0.799999
      vertex 12.6001 -1.07246 0.799999
      vertex 12.6001 1.07246 0.799999
    endloop
  endfacet
  facet normal 0 0 1
    outer loop
      vertex 12.51 0.989949 0.799999
      vertex 12.51 -0.989949 0.799999
      vertex 12.6001 -1.07246 0.799999
    endloop
  endfacet
  facet normal -0 0 1
    outer loop
      vertex 12.4275 0.899902 0.799999
      vertex 12.51 -0.989949 0.799999
      vertex 12.51 0.989949 0.799999
    endloop
  endfacet
  facet normal 0 0 1
    outer loop
      vertex 12.4275 0.899902 0.799999
      vertex 12.4275 -0.899902 0.799999
      vertex 12.51 -0.989949 0.799999
    endloop
  endfacet
  facet normal -0 0 1
    outer loop
      vertex 12.3532 0.803006 0.799999
      vertex 12.4275 -0.899902 0.799999
      vertex 12.4275 0.899902 0.799999
    endloop
  endfacet
  facet normal 0 0 1
    outer loop
      vertex 12.3532 0.803006 0.799999
      vertex 12.3532 -0.803006 0.799999
      vertex 12.4275 -0.899902 0.799999
    endloop
  endfacet
  facet normal -0 0 1
    outer loop
      vertex 12.2876 0.7 0.799999
      vertex 12.3532 -0.803006 0.799999
      vertex 12.3532 0.803006 0.799999
    endloop
  endfacet
  facet normal 0 0 1
    outer loop
      vertex 12.2876 0.7 0.799999
      vertex 12.2876 -0.7 0.799999
      vertex 12.3532 -0.803006 0.799999
    endloop
  endfacet
  facet normal -0 0 1
    outer loop
      vertex 12.2312 0.591665 0.799999
      vertex 12.2876 -0.7 0.799999
      vertex 12.2876 0.7 0.799999
    endloop
  endfacet
  facet normal 0 0 1
    outer loop
      vertex 12.2312 0.591665 0.799999
      vertex 12.2312 -0.591665 0.799999
      vertex 12.2876 -0.7 0.799999
    endloop
  endfacet
  facet normal -0 0 1
    outer loop
      vertex 12.1844 0.478827 0.799999
      vertex 12.2312 -0.591665 0.799999
      vertex 12.2312 0.591665 0.799999
    endloop
  endfacet
  facet normal 0 0 1
    outer loop
      vertex 12.1844 0.478827 0.799999
      vertex 12.1844 -0.478827 0.799999
      vertex 12.2312 -0.591665 0.799999
    endloop
  endfacet
  facet normal -0 0 1
    outer loop
      vertex 12.1477 0.362347 0.799999
      vertex 12.1844 -0.478827 0.799999
      vertex 12.1844 0.478827 0.799999
    endloop
  endfacet
  facet normal 0 0 1
    outer loop
      vertex 12.1477 0.362347 0.799999
      vertex 12.1477 -0.362347 0.799999
      vertex 12.1844 -0.478827 0.799999
    endloop
  endfacet
  facet normal -0 0 1
    outer loop
      vertex 12.1213 0.243107 0.799999
      vertex 12.1477 -0.362347 0.799999
      vertex 12.1477 0.362347 0.799999
    endloop
  endfacet
  facet normal 0 0 1
    outer loop
      vertex 12.1213 0.243107 0.799999
      vertex 12.1213 -0.243107 0.799999
      vertex 12.1477 -0.362347 0.799999
    endloop
  endfacet
  facet normal -0 0 1
    outer loop
      vertex 12.1053 0.122018 0.799999
      vertex 12.1213 -0.243107 0.799999
      vertex 12.1213 0.243107 0.799999
    endloop
  endfacet
  facet normal 0 0 1
    outer loop
      vertex 12.1053 0.122018 0.799999
      vertex 12.1053 -0.122018 0.799999
      vertex 12.1213 -0.243107 0.799999
    endloop
  endfacet
  facet normal 0 -0 1
    outer loop
      vertex 12.1053 -0.122018 0.799999
      vertex 12.1053 0.122018 0.799999
      vertex 12.1 0 0.799999
    endloop
  endfacet
  facet normal -0.382511 0.923951 0
    outer loop
      vertex 14.0917 -1.26883 0.799999
      vertex 13.9788 -1.31557 4
      vertex 14.0917 -1.26883 4
    endloop
  endfacet
  facet normal -0.382511 0.923951 0
    outer loop
      vertex 13.9788 -1.31557 4
      vertex 14.0917 -1.26883 0.799999
      vertex 13.9788 -1.31557 0.799999
    endloop
  endfacet
  facet normal -0.53731 -0.843385 0
    outer loop
      vertex 14.2 1.21243 0.799999
      vertex 14.303 1.14681 4
      vertex 14.2 1.21243 4
    endloop
  endfacet
  facet normal -0.53731 -0.843385 -0
    outer loop
      vertex 14.303 1.14681 4
      vertex 14.2 1.21243 0.799999
      vertex 14.303 1.14681 0.799999
    endloop
  endfacet
  facet normal 0.382511 -0.923951 0
    outer loop
      vertex 12.9083 1.26883 0.799999
      vertex 13.0212 1.31557 4
      vertex 12.9083 1.26883 4
    endloop
  endfacet
  facet normal 0.382511 -0.923951 0
    outer loop
      vertex 13.0212 1.31557 4
      vertex 12.9083 1.26883 0.799999
      vertex 13.0212 1.31557 0.799999
    endloop
  endfacet
  facet normal -0.953778 0.300512 0
    outer loop
      vertex 14.8156 -0.478827 0.799999
      vertex 14.8523 -0.362347 4
      vertex 14.8523 -0.362347 0.799999
    endloop
  endfacet
  facet normal -0.953778 0.300512 0
    outer loop
      vertex 14.8523 -0.362347 4
      vertex 14.8156 -0.478827 0.799999
      vertex 14.8156 -0.478827 4
    endloop
  endfacet
  facet normal 0.999058 -0.0433953 0
    outer loop
      vertex 12.1 0 4
      vertex 12.1053 0.122018 0.799999
      vertex 12.1053 0.122018 4
    endloop
  endfacet
  facet normal 0.999058 -0.0433953 0
    outer loop
      vertex 12.1053 0.122018 0.799999
      vertex 12.1 0 4
      vertex 12.1 0 0.799999
    endloop
  endfacet
  facet normal -0.793555 0.608499 0
    outer loop
      vertex 14.5725 -0.899902 0.799999
      vertex 14.6468 -0.803006 4
      vertex 14.6468 -0.803006 0.799999
    endloop
  endfacet
  facet normal -0.793555 0.608499 0
    outer loop
      vertex 14.6468 -0.803006 4
      vertex 14.5725 -0.899902 0.799999
      vertex 14.5725 -0.899902 4
    endloop
  endfacet
  facet normal 0.53731 0.843385 -0
    outer loop
      vertex 12.8 -1.21243 0.799999
      vertex 12.697 -1.14681 4
      vertex 12.8 -1.21243 4
    endloop
  endfacet
  facet normal 0.53731 0.843385 0
    outer loop
      vertex 12.697 -1.14681 4
      vertex 12.8 -1.21243 0.799999
      vertex 12.697 -1.14681 0.799999
    endloop
  endfacet
  facet normal 0.991383 0.130996 0
    outer loop
      vertex 12.1213 -0.243107 4
      vertex 12.1053 -0.122018 0.799999
      vertex 12.1053 -0.122018 4
    endloop
  endfacet
  facet normal 0.991383 0.130996 0
    outer loop
      vertex 12.1053 -0.122018 0.799999
      vertex 12.1213 -0.243107 4
      vertex 12.1213 -0.243107 0.799999
    endloop
  endfacet
  facet normal -0.843473 -0.537171 0
    outer loop
      vertex 14.7124 0.7 0.799999
      vertex 14.6468 0.803006 4
      vertex 14.6468 0.803006 0.799999
    endloop
  endfacet
  facet normal -0.843473 -0.537171 0
    outer loop
      vertex 14.6468 0.803006 4
      vertex 14.7124 0.7 0.799999
      vertex 14.7124 0.7 4
    endloop
  endfacet
  facet normal 0.0436469 -0.999047 0
    outer loop
      vertex 13.378 1.39467 0.799999
      vertex 13.5 1.4 4
      vertex 13.378 1.39467 4
    endloop
  endfacet
  facet normal 0.0436469 -0.999047 0
    outer loop
      vertex 13.5 1.4 4
      vertex 13.378 1.39467 0.799999
      vertex 13.5 1.4 0.799999
    endloop
  endfacet
  facet normal -0.0436469 -0.999047 0
    outer loop
      vertex 13.5 1.4 0.799999
      vertex 13.622 1.39467 4
      vertex 13.5 1.4 4
    endloop
  endfacet
  facet normal -0.0436469 -0.999047 -0
    outer loop
      vertex 13.622 1.39467 4
      vertex 13.5 1.4 0.799999
      vertex 13.622 1.39467 0.799999
    endloop
  endfacet
  facet normal -0.130501 -0.991448 0
    outer loop
      vertex 13.622 1.39467 0.799999
      vertex 13.7431 1.37873 4
      vertex 13.622 1.39467 4
    endloop
  endfacet
  facet normal -0.130501 -0.991448 -0
    outer loop
      vertex 13.7431 1.37873 4
      vertex 13.622 1.39467 0.799999
      vertex 13.7431 1.37873 0.799999
    endloop
  endfacet
  facet normal 0.991383 -0.130996 0
    outer loop
      vertex 12.1053 0.122018 4
      vertex 12.1213 0.243107 0.799999
      vertex 12.1213 0.243107 4
    endloop
  endfacet
  facet normal 0.991383 -0.130996 0
    outer loop
      vertex 12.1213 0.243107 0.799999
      vertex 12.1053 0.122018 4
      vertex 12.1053 0.122018 0.799999
    endloop
  endfacet
  facet normal 0.73733 0.675533 0
    outer loop
      vertex 12.51 -0.989949 4
      vertex 12.4275 -0.899902 0.799999
      vertex 12.4275 -0.899902 4
    endloop
  endfacet
  facet normal 0.73733 0.675533 0
    outer loop
      vertex 12.4275 -0.899902 0.799999
      vertex 12.51 -0.989949 4
      vertex 12.51 -0.989949 0.799999
    endloop
  endfacet
  facet normal -0.675774 0.737109 0
    outer loop
      vertex 14.4899 -0.989949 0.799999
      vertex 14.3999 -1.07246 4
      vertex 14.4899 -0.989949 4
    endloop
  endfacet
  facet normal -0.675774 0.737109 0
    outer loop
      vertex 14.3999 -1.07246 4
      vertex 14.4899 -0.989949 0.799999
      vertex 14.3999 -1.07246 0.799999
    endloop
  endfacet
  facet normal -0.886996 0.461777 0
    outer loop
      vertex 14.7124 -0.7 0.799999
      vertex 14.7688 -0.591665 4
      vertex 14.7688 -0.591665 0.799999
    endloop
  endfacet
  facet normal -0.886996 0.461777 0
    outer loop
      vertex 14.7688 -0.591665 4
      vertex 14.7124 -0.7 0.799999
      vertex 14.7124 -0.7 4
    endloop
  endfacet
  facet normal 0.976356 0.216167 0
    outer loop
      vertex 12.1477 -0.362347 4
      vertex 12.1213 -0.243107 0.799999
      vertex 12.1213 -0.243107 4
    endloop
  endfacet
  facet normal 0.976356 0.216167 0
    outer loop
      vertex 12.1213 -0.243107 0.799999
      vertex 12.1477 -0.362347 4
      vertex 12.1477 -0.362347 0.799999
    endloop
  endfacet
  facet normal 0.923703 -0.383109 0
    outer loop
      vertex 12.1844 0.478827 4
      vertex 12.2312 0.591665 0.799999
      vertex 12.2312 0.591665 4
    endloop
  endfacet
  facet normal 0.923703 -0.383109 0
    outer loop
      vertex 12.2312 0.591665 0.799999
      vertex 12.1844 0.478827 4
      vertex 12.1844 0.478827 0.799999
    endloop
  endfacet
  facet normal 0.0436469 0.999047 -0
    outer loop
      vertex 13.5 -1.4 0.799999
      vertex 13.378 -1.39467 4
      vertex 13.5 -1.4 4
    endloop
  endfacet
  facet normal 0.0436469 0.999047 0
    outer loop
      vertex 13.378 -1.39467 4
      vertex 13.5 -1.4 0.799999
      vertex 13.378 -1.39467 0.799999
    endloop
  endfacet
  facet normal 0.953778 0.300512 0
    outer loop
      vertex 12.1844 -0.478827 4
      vertex 12.1477 -0.362347 0.799999
      vertex 12.1477 -0.362347 4
    endloop
  endfacet
  facet normal 0.953778 0.300512 0
    outer loop
      vertex 12.1477 -0.362347 0.799999
      vertex 12.1844 -0.478827 4
      vertex 12.1844 -0.478827 0.799999
    endloop
  endfacet
  facet normal -0.53731 0.843385 0
    outer loop
      vertex 14.303 -1.14681 0.799999
      vertex 14.2 -1.21243 4
      vertex 14.303 -1.14681 4
    endloop
  endfacet
  facet normal -0.53731 0.843385 0
    outer loop
      vertex 14.2 -1.21243 4
      vertex 14.303 -1.14681 0.799999
      vertex 14.2 -1.21243 0.799999
    endloop
  endfacet
  facet normal -0.609026 0.79315 0
    outer loop
      vertex -13.9073 -13.3023 0
      vertex -14.0249 -13.3926 4
      vertex -13.9073 -13.3023 4
    endloop
  endfacet
  facet normal -0.609026 0.79315 0
    outer loop
      vertex -14.0249 -13.3926 4
      vertex -13.9073 -13.3023 0
      vertex -14.0249 -13.3926 0
    endloop
  endfacet
  facet normal -0.991491 -0.130175 0
    outer loop
      vertex -13.3065 -11.8518 0
      vertex -13.3258 -11.7048 4
      vertex -13.3258 -11.7048 0
    endloop
  endfacet
  facet normal -0.991491 -0.130175 0
    outer loop
      vertex -13.3258 -11.7048 4
      vertex -13.3065 -11.8518 0
      vertex -13.3065 -11.8518 4
    endloop
  endfacet
  facet normal -0.0438175 0.99904 0
    outer loop
      vertex -14.8518 -13.6935 0
      vertex -15 -13.7 4
      vertex -14.8518 -13.6935 4
    endloop
  endfacet
  facet normal -0.0438175 0.99904 0
    outer loop
      vertex -15 -13.7 4
      vertex -14.8518 -13.6935 0
      vertex -15 -13.7 0
    endloop
  endfacet
  facet normal 0.976298 -0.216431 0
    outer loop
      vertex -16.6742 -11.7048 4
      vertex -16.6421 -11.56 0
      vertex -16.6421 -11.56 4
    endloop
  endfacet
  facet normal 0.976298 -0.216431 0
    outer loop
      vertex -16.6421 -11.56 0
      vertex -16.6742 -11.7048 4
      vertex -16.6742 -11.7048 0
    endloop
  endfacet
  facet normal 0.991491 -0.130175 0
    outer loop
      vertex -16.6935 -11.8518 4
      vertex -16.6742 -11.7048 0
      vertex -16.6742 -11.7048 4
    endloop
  endfacet
  facet normal 0.991491 -0.130175 0
    outer loop
      vertex -16.6742 -11.7048 0
      vertex -16.6935 -11.8518 4
      vertex -16.6935 -11.8518 0
    endloop
  endfacet
  facet normal 0.953685 0.300809 0
    outer loop
      vertex -16.5975 -12.5814 4
      vertex -16.6421 -12.44 0
      vertex -16.6421 -12.44 4
    endloop
  endfacet
  facet normal 0.953685 0.300809 0
    outer loop
      vertex -16.6421 -12.44 0
      vertex -16.5975 -12.5814 4
      vertex -16.5975 -12.5814 0
    endloop
  endfacet
  facet normal -0.923853 -0.382749 0
    outer loop
      vertex -13.4025 -11.4186 0
      vertex -13.4593 -11.2815 4
      vertex -13.4593 -11.2815 0
    endloop
  endfacet
  facet normal -0.923853 -0.382749 0
    outer loop
      vertex -13.4593 -11.2815 4
      vertex -13.4025 -11.4186 0
      vertex -13.4025 -11.4186 4
    endloop
  endfacet
  facet normal -0.609026 -0.79315 0
    outer loop
      vertex -14.0249 -10.6074 0
      vertex -13.9073 -10.6977 4
      vertex -14.0249 -10.6074 4
    endloop
  endfacet
  facet normal -0.609026 -0.79315 -0
    outer loop
      vertex -13.9073 -10.6977 4
      vertex -14.0249 -10.6074 0
      vertex -13.9073 -10.6977 0
    endloop
  endfacet
  facet normal -0.953685 0.300809 0
    outer loop
      vertex -13.4025 -12.5814 0
      vertex -13.3579 -12.44 4
      vertex -13.3579 -12.44 0
    endloop
  endfacet
  facet normal -0.953685 0.300809 0
    outer loop
      vertex -13.3579 -12.44 4
      vertex -13.4025 -12.5814 0
      vertex -13.4025 -12.5814 4
    endloop
  endfacet
  facet normal 0.382749 -0.923853 0
    outer loop
      vertex -15.7185 -10.4593 0
      vertex -15.5814 -10.4025 4
      vertex -15.7185 -10.4593 4
    endloop
  endfacet
  facet normal 0.382749 -0.923853 0
    outer loop
      vertex -15.5814 -10.4025 4
      vertex -15.7185 -10.4593 0
      vertex -15.5814 -10.4025 0
    endloop
  endfacet
  facet normal 0.976298 0.216431 0
    outer loop
      vertex -16.6421 -12.44 4
      vertex -16.6742 -12.2952 0
      vertex -16.6742 -12.2952 4
    endloop
  endfacet
  facet normal 0.976298 0.216431 0
    outer loop
      vertex -16.6742 -12.2952 0
      vertex -16.6421 -12.44 4
      vertex -16.6421 -12.44 0
    endloop
  endfacet
  facet normal -0.843689 -0.536832 0
    outer loop
      vertex -13.5278 -11.15 0
      vertex -13.6074 -11.0249 4
      vertex -13.6074 -11.0249 0
    endloop
  endfacet
  facet normal -0.843689 -0.536832 0
    outer loop
      vertex -13.6074 -11.0249 4
      vertex -13.5278 -11.15 0
      vertex -13.5278 -11.15 4
    endloop
  endfacet
  facet normal -0.46199 -0.886885 0
    outer loop
      vertex -14.2815 -10.4593 0
      vertex -14.15 -10.5278 4
      vertex -14.2815 -10.4593 4
    endloop
  endfacet
  facet normal -0.46199 -0.886885 -0
    outer loop
      vertex -14.15 -10.5278 4
      vertex -14.2815 -10.4593 0
      vertex -14.15 -10.5278 0
    endloop
  endfacet
  facet normal -0.99904 -0.0438175 0
    outer loop
      vertex -13.3 -12 0
      vertex -13.3065 -11.8518 4
      vertex -13.3065 -11.8518 0
    endloop
  endfacet
  facet normal -0.99904 -0.0438175 0
    outer loop
      vertex -13.3065 -11.8518 4
      vertex -13.3 -12 0
      vertex -13.3 -12 4
    endloop
  endfacet
  facet normal 0.843689 0.536832 0
    outer loop
      vertex -16.3926 -12.9751 4
      vertex -16.4722 -12.85 0
      vertex -16.4722 -12.85 4
    endloop
  endfacet
  facet normal 0.843689 0.536832 0
    outer loop
      vertex -16.4722 -12.85 0
      vertex -16.3926 -12.9751 4
      vertex -16.3926 -12.9751 0
    endloop
  endfacet
  facet normal 0.923853 0.382749 0
    outer loop
      vertex -16.5407 -12.7185 4
      vertex -16.5975 -12.5814 0
      vertex -16.5975 -12.5814 4
    endloop
  endfacet
  facet normal 0.923853 0.382749 0
    outer loop
      vertex -16.5975 -12.5814 0
      vertex -16.5407 -12.7185 4
      vertex -16.5407 -12.7185 0
    endloop
  endfacet
  facet normal -0.675419 0.737434 0
    outer loop
      vertex -13.7979 -13.2021 0
      vertex -13.9073 -13.3023 4
      vertex -13.7979 -13.2021 4
    endloop
  endfacet
  facet normal -0.675419 0.737434 0
    outer loop
      vertex -13.9073 -13.3023 4
      vertex -13.7979 -13.2021 0
      vertex -13.9073 -13.3023 0
    endloop
  endfacet
  facet normal -0.382749 0.923853 0
    outer loop
      vertex -14.2815 -13.5407 0
      vertex -14.4186 -13.5975 4
      vertex -14.2815 -13.5407 4
    endloop
  endfacet
  facet normal -0.382749 0.923853 0
    outer loop
      vertex -14.4186 -13.5975 4
      vertex -14.2815 -13.5407 0
      vertex -14.4186 -13.5975 0
    endloop
  endfacet
  facet normal -0.216431 -0.976298 0
    outer loop
      vertex -14.7048 -10.3258 0
      vertex -14.56 -10.3579 4
      vertex -14.7048 -10.3258 4
    endloop
  endfacet
  facet normal -0.216431 -0.976298 -0
    outer loop
      vertex -14.56 -10.3579 4
      vertex -14.7048 -10.3258 0
      vertex -14.56 -10.3579 0
    endloop
  endfacet
  facet normal 0.46199 -0.886885 0
    outer loop
      vertex -15.85 -10.5278 0
      vertex -15.7185 -10.4593 4
      vertex -15.85 -10.5278 4
    endloop
  endfacet
  facet normal 0.46199 -0.886885 0
    outer loop
      vertex -15.7185 -10.4593 4
      vertex -15.85 -10.5278 0
      vertex -15.7185 -10.4593 0
    endloop
  endfacet
  facet normal -0.130175 0.991491 0
    outer loop
      vertex -14.7048 -13.6742 0
      vertex -14.8518 -13.6935 4
      vertex -14.7048 -13.6742 4
    endloop
  endfacet
  facet normal -0.130175 0.991491 0
    outer loop
      vertex -14.8518 -13.6935 4
      vertex -14.7048 -13.6742 0
      vertex -14.8518 -13.6935 0
    endloop
  endfacet
  facet normal -0.0438175 -0.99904 0
    outer loop
      vertex -15 -10.3 0
      vertex -14.8518 -10.3065 4
      vertex -15 -10.3 4
    endloop
  endfacet
  facet normal -0.0438175 -0.99904 -0
    outer loop
      vertex -14.8518 -10.3065 4
      vertex -15 -10.3 0
      vertex -14.8518 -10.3065 0
    endloop
  endfacet
  facet normal -0.99904 0.0438175 0
    outer loop
      vertex -13.3065 -12.1482 0
      vertex -13.3 -12 4
      vertex -13.3 -12 0
    endloop
  endfacet
  facet normal -0.99904 0.0438175 0
    outer loop
      vertex -13.3 -12 4
      vertex -13.3065 -12.1482 0
      vertex -13.3065 -12.1482 4
    endloop
  endfacet
  facet normal -0.991491 0.130175 0
    outer loop
      vertex -13.3258 -12.2952 0
      vertex -13.3065 -12.1482 4
      vertex -13.3065 -12.1482 0
    endloop
  endfacet
  facet normal -0.991491 0.130175 0
    outer loop
      vertex -13.3065 -12.1482 4
      vertex -13.3258 -12.2952 0
      vertex -13.3258 -12.2952 4
    endloop
  endfacet
  facet normal -0.976298 -0.216431 0
    outer loop
      vertex -13.3258 -11.7048 0
      vertex -13.3579 -11.56 4
      vertex -13.3579 -11.56 0
    endloop
  endfacet
  facet normal -0.976298 -0.216431 0
    outer loop
      vertex -13.3579 -11.56 4
      vertex -13.3258 -11.7048 0
      vertex -13.3258 -11.7048 4
    endloop
  endfacet
  facet normal 0.675419 -0.737434 0
    outer loop
      vertex -16.2021 -10.7979 0
      vertex -16.0927 -10.6977 4
      vertex -16.2021 -10.7979 4
    endloop
  endfacet
  facet normal 0.675419 -0.737434 0
    outer loop
      vertex -16.0927 -10.6977 4
      vertex -16.2021 -10.7979 0
      vertex -16.0927 -10.6977 0
    endloop
  endfacet
  facet normal 0.536832 0.843689 -0
    outer loop
      vertex -15.85 -13.4722 0
      vertex -15.9751 -13.3926 4
      vertex -15.85 -13.4722 4
    endloop
  endfacet
  facet normal 0.536832 0.843689 0
    outer loop
      vertex -15.9751 -13.3926 4
      vertex -15.85 -13.4722 0
      vertex -15.9751 -13.3926 0
    endloop
  endfacet
  facet normal -0.536832 0.843689 0
    outer loop
      vertex -14.0249 -13.3926 0
      vertex -14.15 -13.4722 4
      vertex -14.0249 -13.3926 4
    endloop
  endfacet
  facet normal -0.536832 0.843689 0
    outer loop
      vertex -14.15 -13.4722 4
      vertex -14.0249 -13.3926 0
      vertex -14.15 -13.4722 0
    endloop
  endfacet
  facet normal 0.79315 0.609026 0
    outer loop
      vertex -16.3023 -13.0927 4
      vertex -16.3926 -12.9751 0
      vertex -16.3926 -12.9751 4
    endloop
  endfacet
  facet normal 0.79315 0.609026 0
    outer loop
      vertex -16.3926 -12.9751 0
      vertex -16.3023 -13.0927 4
      vertex -16.3023 -13.0927 0
    endloop
  endfacet
  facet normal -0.737434 0.675419 0
    outer loop
      vertex -13.7979 -13.2021 0
      vertex -13.6977 -13.0927 4
      vertex -13.6977 -13.0927 0
    endloop
  endfacet
  facet normal -0.737434 0.675419 0
    outer loop
      vertex -13.6977 -13.0927 4
      vertex -13.7979 -13.2021 0
      vertex -13.7979 -13.2021 4
    endloop
  endfacet
  facet normal 0.46199 0.886885 -0
    outer loop
      vertex -15.7185 -13.5407 0
      vertex -15.85 -13.4722 4
      vertex -15.7185 -13.5407 4
    endloop
  endfacet
  facet normal 0.46199 0.886885 0
    outer loop
      vertex -15.85 -13.4722 4
      vertex -15.7185 -13.5407 0
      vertex -15.85 -13.4722 0
    endloop
  endfacet
  facet normal -0.216431 0.976298 0
    outer loop
      vertex -14.56 -13.6421 0
      vertex -14.7048 -13.6742 4
      vertex -14.56 -13.6421 4
    endloop
  endfacet
  facet normal -0.216431 0.976298 0
    outer loop
      vertex -14.7048 -13.6742 4
      vertex -14.56 -13.6421 0
      vertex -14.7048 -13.6742 0
    endloop
  endfacet
  facet normal -0.737434 -0.675419 0
    outer loop
      vertex -13.6977 -10.9073 0
      vertex -13.7979 -10.7979 4
      vertex -13.7979 -10.7979 0
    endloop
  endfacet
  facet normal -0.737434 -0.675419 0
    outer loop
      vertex -13.7979 -10.7979 4
      vertex -13.6977 -10.9073 0
      vertex -13.6977 -10.9073 4
    endloop
  endfacet
  facet normal 0.843689 -0.536832 0
    outer loop
      vertex -16.4722 -11.15 4
      vertex -16.3926 -11.0249 0
      vertex -16.3926 -11.0249 4
    endloop
  endfacet
  facet normal 0.843689 -0.536832 0
    outer loop
      vertex -16.3926 -11.0249 0
      vertex -16.4722 -11.15 4
      vertex -16.4722 -11.15 0
    endloop
  endfacet
  facet normal 0.216431 -0.976298 0
    outer loop
      vertex -15.44 -10.3579 0
      vertex -15.2952 -10.3258 4
      vertex -15.44 -10.3579 4
    endloop
  endfacet
  facet normal 0.216431 -0.976298 0
    outer loop
      vertex -15.2952 -10.3258 4
      vertex -15.44 -10.3579 0
      vertex -15.2952 -10.3258 0
    endloop
  endfacet
  facet normal 0.886885 0.46199 0
    outer loop
      vertex -16.4722 -12.85 4
      vertex -16.5407 -12.7185 0
      vertex -16.5407 -12.7185 4
    endloop
  endfacet
  facet normal 0.886885 0.46199 0
    outer loop
      vertex -16.5407 -12.7185 0
      vertex -16.4722 -12.85 4
      vertex -16.4722 -12.85 0
    endloop
  endfacet
  facet normal -0.976298 0.216431 0
    outer loop
      vertex -13.3579 -12.44 0
      vertex -13.3258 -12.2952 4
      vertex -13.3258 -12.2952 0
    endloop
  endfacet
  facet normal -0.976298 0.216431 0
    outer loop
      vertex -13.3258 -12.2952 4
      vertex -13.3579 -12.44 0
      vertex -13.3579 -12.44 4
    endloop
  endfacet
  facet normal -0.130175 -0.991491 0
    outer loop
      vertex -14.8518 -10.3065 0
      vertex -14.7048 -10.3258 4
      vertex -14.8518 -10.3065 4
    endloop
  endfacet
  facet normal -0.130175 -0.991491 -0
    outer loop
      vertex -14.7048 -10.3258 4
      vertex -14.8518 -10.3065 0
      vertex -14.7048 -10.3258 0
    endloop
  endfacet
  facet normal 0.79315 -0.609026 0
    outer loop
      vertex -16.3926 -11.0249 4
      vertex -16.3023 -10.9073 0
      vertex -16.3023 -10.9073 4
    endloop
  endfacet
  facet normal 0.79315 -0.609026 0
    outer loop
      vertex -16.3023 -10.9073 0
      vertex -16.3926 -11.0249 4
      vertex -16.3926 -11.0249 0
    endloop
  endfacet
  facet normal 0.923853 -0.382749 0
    outer loop
      vertex -16.5975 -11.4186 4
      vertex -16.5407 -11.2815 0
      vertex -16.5407 -11.2815 4
    endloop
  endfacet
  facet normal 0.923853 -0.382749 0
    outer loop
      vertex -16.5407 -11.2815 0
      vertex -16.5975 -11.4186 4
      vertex -16.5975 -11.4186 0
    endloop
  endfacet
  facet normal 0.300809 0.953685 -0
    outer loop
      vertex -15.44 -13.6421 0
      vertex -15.5814 -13.5975 4
      vertex -15.44 -13.6421 4
    endloop
  endfacet
  facet normal 0.300809 0.953685 0
    outer loop
      vertex -15.5814 -13.5975 4
      vertex -15.44 -13.6421 0
      vertex -15.5814 -13.5975 0
    endloop
  endfacet
  facet normal -0.79315 0.609026 0
    outer loop
      vertex -13.6977 -13.0927 0
      vertex -13.6074 -12.9751 4
      vertex -13.6074 -12.9751 0
    endloop
  endfacet
  facet normal -0.79315 0.609026 0
    outer loop
      vertex -13.6074 -12.9751 4
      vertex -13.6977 -13.0927 0
      vertex -13.6977 -13.0927 4
    endloop
  endfacet
  facet normal 0.130175 0.991491 -0
    outer loop
      vertex -15.1482 -13.6935 0
      vertex -15.2952 -13.6742 4
      vertex -15.1482 -13.6935 4
    endloop
  endfacet
  facet normal 0.130175 0.991491 0
    outer loop
      vertex -15.2952 -13.6742 4
      vertex -15.1482 -13.6935 0
      vertex -15.2952 -13.6742 0
    endloop
  endfacet
  facet normal -0.953685 -0.300809 0
    outer loop
      vertex -13.3579 -11.56 0
      vertex -13.4025 -11.4186 4
      vertex -13.4025 -11.4186 0
    endloop
  endfacet
  facet normal -0.953685 -0.300809 0
    outer loop
      vertex -13.4025 -11.4186 4
      vertex -13.3579 -11.56 0
      vertex -13.3579 -11.56 4
    endloop
  endfacet
  facet normal 0.737434 -0.675419 0
    outer loop
      vertex -16.3023 -10.9073 4
      vertex -16.2021 -10.7979 0
      vertex -16.2021 -10.7979 4
    endloop
  endfacet
  facet normal 0.737434 -0.675419 0
    outer loop
      vertex -16.2021 -10.7979 0
      vertex -16.3023 -10.9073 4
      vertex -16.3023 -10.9073 0
    endloop
  endfacet
  facet normal -0.300809 0.953685 0
    outer loop
      vertex -14.4186 -13.5975 0
      vertex -14.56 -13.6421 4
      vertex -14.4186 -13.5975 4
    endloop
  endfacet
  facet normal -0.300809 0.953685 0
    outer loop
      vertex -14.56 -13.6421 4
      vertex -14.4186 -13.5975 0
      vertex -14.56 -13.6421 0
    endloop
  endfacet
  facet normal -0.675419 -0.737434 0
    outer loop
      vertex -13.9073 -10.6977 0
      vertex -13.7979 -10.7979 4
      vertex -13.9073 -10.6977 4
    endloop
  endfacet
  facet normal -0.675419 -0.737434 -0
    outer loop
      vertex -13.7979 -10.7979 4
      vertex -13.9073 -10.6977 0
      vertex -13.7979 -10.7979 0
    endloop
  endfacet
  facet normal -0.886885 -0.46199 0
    outer loop
      vertex -13.4593 -11.2815 0
      vertex -13.5278 -11.15 4
      vertex -13.5278 -11.15 0
    endloop
  endfacet
  facet normal -0.886885 -0.46199 0
    outer loop
      vertex -13.5278 -11.15 4
      vertex -13.4593 -11.2815 0
      vertex -13.4593 -11.2815 4
    endloop
  endfacet
  facet normal 0.99904 -0.0438175 0
    outer loop
      vertex -16.7 -12 4
      vertex -16.6935 -11.8518 0
      vertex -16.6935 -11.8518 4
    endloop
  endfacet
  facet normal 0.99904 -0.0438175 0
    outer loop
      vertex -16.6935 -11.8518 0
      vertex -16.7 -12 4
      vertex -16.7 -12 0
    endloop
  endfacet
  facet normal -0.923853 0.382749 0
    outer loop
      vertex -13.4593 -12.7185 0
      vertex -13.4025 -12.5814 4
      vertex -13.4025 -12.5814 0
    endloop
  endfacet
  facet normal -0.923853 0.382749 0
    outer loop
      vertex -13.4025 -12.5814 4
      vertex -13.4593 -12.7185 0
      vertex -13.4593 -12.7185 4
    endloop
  endfacet
  facet normal -0.536832 -0.843689 0
    outer loop
      vertex -14.15 -10.5278 0
      vertex -14.0249 -10.6074 4
      vertex -14.15 -10.5278 4
    endloop
  endfacet
  facet normal -0.536832 -0.843689 -0
    outer loop
      vertex -14.0249 -10.6074 4
      vertex -14.15 -10.5278 0
      vertex -14.0249 -10.6074 0
    endloop
  endfacet
  facet normal -0.79315 -0.609026 0
    outer loop
      vertex -13.6074 -11.0249 0
      vertex -13.6977 -10.9073 4
      vertex -13.6977 -10.9073 0
    endloop
  endfacet
  facet normal -0.79315 -0.609026 0
    outer loop
      vertex -13.6977 -10.9073 4
      vertex -13.6074 -11.0249 0
      vertex -13.6074 -11.0249 4
    endloop
  endfacet
  facet normal 0.609026 -0.79315 0
    outer loop
      vertex -16.0927 -10.6977 0
      vertex -15.9751 -10.6074 4
      vertex -16.0927 -10.6977 4
    endloop
  endfacet
  facet normal 0.609026 -0.79315 0
    outer loop
      vertex -15.9751 -10.6074 4
      vertex -16.0927 -10.6977 0
      vertex -15.9751 -10.6074 0
    endloop
  endfacet
  facet normal 0.300809 -0.953685 0
    outer loop
      vertex -15.5814 -10.4025 0
      vertex -15.44 -10.3579 4
      vertex -15.5814 -10.4025 4
    endloop
  endfacet
  facet normal 0.300809 -0.953685 0
    outer loop
      vertex -15.44 -10.3579 4
      vertex -15.5814 -10.4025 0
      vertex -15.44 -10.3579 0
    endloop
  endfacet
  facet normal 0.130175 -0.991491 0
    outer loop
      vertex -15.2952 -10.3258 0
      vertex -15.1482 -10.3065 4
      vertex -15.2952 -10.3258 4
    endloop
  endfacet
  facet normal 0.130175 -0.991491 0
    outer loop
      vertex -15.1482 -10.3065 4
      vertex -15.2952 -10.3258 0
      vertex -15.1482 -10.3065 0
    endloop
  endfacet
  facet normal 0.737434 0.675419 0
    outer loop
      vertex -16.2021 -13.2021 4
      vertex -16.3023 -13.0927 0
      vertex -16.3023 -13.0927 4
    endloop
  endfacet
  facet normal 0.737434 0.675419 0
    outer loop
      vertex -16.3023 -13.0927 0
      vertex -16.2021 -13.2021 4
      vertex -16.2021 -13.2021 0
    endloop
  endfacet
  facet normal -0.843689 0.536832 0
    outer loop
      vertex -13.6074 -12.9751 0
      vertex -13.5278 -12.85 4
      vertex -13.5278 -12.85 0
    endloop
  endfacet
  facet normal -0.843689 0.536832 0
    outer loop
      vertex -13.5278 -12.85 4
      vertex -13.6074 -12.9751 0
      vertex -13.6074 -12.9751 4
    endloop
  endfacet
  facet normal 0.99904 0.0438175 0
    outer loop
      vertex -16.6935 -12.1482 4
      vertex -16.7 -12 0
      vertex -16.7 -12 4
    endloop
  endfacet
  facet normal 0.99904 0.0438175 0
    outer loop
      vertex -16.7 -12 0
      vertex -16.6935 -12.1482 4
      vertex -16.6935 -12.1482 0
    endloop
  endfacet
  facet normal 0.0438175 0.99904 -0
    outer loop
      vertex -15 -13.7 0
      vertex -15.1482 -13.6935 4
      vertex -15 -13.7 4
    endloop
  endfacet
  facet normal 0.0438175 0.99904 0
    outer loop
      vertex -15.1482 -13.6935 4
      vertex -15 -13.7 0
      vertex -15.1482 -13.6935 0
    endloop
  endfacet
  facet normal 0.991491 0.130175 0
    outer loop
      vertex -16.6742 -12.2952 4
      vertex -16.6935 -12.1482 0
      vertex -16.6935 -12.1482 4
    endloop
  endfacet
  facet normal 0.991491 0.130175 0
    outer loop
      vertex -16.6935 -12.1482 0
      vertex -16.6742 -12.2952 4
      vertex -16.6742 -12.2952 0
    endloop
  endfacet
  facet normal 0.609026 0.79315 -0
    outer loop
      vertex -15.9751 -13.3926 0
      vertex -16.0927 -13.3023 4
      vertex -15.9751 -13.3926 4
    endloop
  endfacet
  facet normal 0.609026 0.79315 0
    outer loop
      vertex -16.0927 -13.3023 4
      vertex -15.9751 -13.3926 0
      vertex -16.0927 -13.3023 0
    endloop
  endfacet
  facet normal -0.46199 0.886885 0
    outer loop
      vertex -14.15 -13.4722 0
      vertex -14.2815 -13.5407 4
      vertex -14.15 -13.4722 4
    endloop
  endfacet
  facet normal -0.46199 0.886885 0
    outer loop
      vertex -14.2815 -13.5407 4
      vertex -14.15 -13.4722 0
      vertex -14.2815 -13.5407 0
    endloop
  endfacet
  facet normal 0.675419 0.737434 -0
    outer loop
      vertex -16.0927 -13.3023 0
      vertex -16.2021 -13.2021 4
      vertex -16.0927 -13.3023 4
    endloop
  endfacet
  facet normal 0.675419 0.737434 0
    outer loop
      vertex -16.2021 -13.2021 4
      vertex -16.0927 -13.3023 0
      vertex -16.2021 -13.2021 0
    endloop
  endfacet
  facet normal -0.382749 -0.923853 0
    outer loop
      vertex -14.4186 -10.4025 0
      vertex -14.2815 -10.4593 4
      vertex -14.4186 -10.4025 4
    endloop
  endfacet
  facet normal -0.382749 -0.923853 -0
    outer loop
      vertex -14.2815 -10.4593 4
      vertex -14.4186 -10.4025 0
      vertex -14.2815 -10.4593 0
    endloop
  endfacet
  facet normal -0.300809 -0.953685 0
    outer loop
      vertex -14.56 -10.3579 0
      vertex -14.4186 -10.4025 4
      vertex -14.56 -10.3579 4
    endloop
  endfacet
  facet normal -0.300809 -0.953685 -0
    outer loop
      vertex -14.4186 -10.4025 4
      vertex -14.56 -10.3579 0
      vertex -14.4186 -10.4025 0
    endloop
  endfacet
  facet normal 0.216431 0.976298 -0
    outer loop
      vertex -15.2952 -13.6742 0
      vertex -15.44 -13.6421 4
      vertex -15.2952 -13.6742 4
    endloop
  endfacet
  facet normal 0.216431 0.976298 0
    outer loop
      vertex -15.44 -13.6421 4
      vertex -15.2952 -13.6742 0
      vertex -15.44 -13.6421 0
    endloop
  endfacet
  facet normal 0.536832 -0.843689 0
    outer loop
      vertex -15.9751 -10.6074 0
      vertex -15.85 -10.5278 4
      vertex -15.9751 -10.6074 4
    endloop
  endfacet
  facet normal 0.536832 -0.843689 0
    outer loop
      vertex -15.85 -10.5278 4
      vertex -15.9751 -10.6074 0
      vertex -15.85 -10.5278 0
    endloop
  endfacet
  facet normal 0.0438175 -0.99904 0
    outer loop
      vertex -15.1482 -10.3065 0
      vertex -15 -10.3 4
      vertex -15.1482 -10.3065 4
    endloop
  endfacet
  facet normal 0.0438175 -0.99904 0
    outer loop
      vertex -15 -10.3 4
      vertex -15.1482 -10.3065 0
      vertex -15 -10.3 0
    endloop
  endfacet
  facet normal 0.953685 -0.300809 0
    outer loop
      vertex -16.6421 -11.56 4
      vertex -16.5975 -11.4186 0
      vertex -16.5975 -11.4186 4
    endloop
  endfacet
  facet normal 0.953685 -0.300809 0
    outer loop
      vertex -16.5975 -11.4186 0
      vertex -16.6421 -11.56 4
      vertex -16.6421 -11.56 0
    endloop
  endfacet
  facet normal 0.382749 0.923853 -0
    outer loop
      vertex -15.5814 -13.5975 0
      vertex -15.7185 -13.5407 4
      vertex -15.5814 -13.5975 4
    endloop
  endfacet
  facet normal 0.382749 0.923853 0
    outer loop
      vertex -15.7185 -13.5407 4
      vertex -15.5814 -13.5975 0
      vertex -15.7185 -13.5407 0
    endloop
  endfacet
  facet normal 0.886885 -0.46199 0
    outer loop
      vertex -16.5407 -11.2815 4
      vertex -16.4722 -11.15 0
      vertex -16.4722 -11.15 4
    endloop
  endfacet
  facet normal 0.886885 -0.46199 0
    outer loop
      vertex -16.4722 -11.15 0
      vertex -16.5407 -11.2815 4
      vertex -16.5407 -11.2815 0
    endloop
  endfacet
  facet normal -0.886885 0.46199 0
    outer loop
      vertex -13.5278 -12.85 0
      vertex -13.4593 -12.7185 4
      vertex -13.4593 -12.7185 0
    endloop
  endfacet
  facet normal -0.886885 0.46199 0
    outer loop
      vertex -13.4593 -12.7185 4
      vertex -13.5278 -12.85 0
      vertex -13.5278 -12.85 4
    endloop
  endfacet
  facet normal 0.79315 0.609026 0
    outer loop
      vertex -16.3023 10.9073 4
      vertex -16.3926 11.0249 0
      vertex -16.3926 11.0249 4
    endloop
  endfacet
  facet normal 0.79315 0.609026 0
    outer loop
      vertex -16.3926 11.0249 0
      vertex -16.3023 10.9073 4
      vertex -16.3023 10.9073 0
    endloop
  endfacet
  facet normal -0.0438175 -0.99904 0
    outer loop
      vertex -15 13.7 0
      vertex -14.8518 13.6935 4
      vertex -15 13.7 4
    endloop
  endfacet
  facet normal -0.0438175 -0.99904 -0
    outer loop
      vertex -14.8518 13.6935 4
      vertex -15 13.7 0
      vertex -14.8518 13.6935 0
    endloop
  endfacet
  facet normal 0.843689 0.536832 0
    outer loop
      vertex -16.3926 11.0249 4
      vertex -16.4722 11.15 0
      vertex -16.4722 11.15 4
    endloop
  endfacet
  facet normal 0.843689 0.536832 0
    outer loop
      vertex -16.4722 11.15 0
      vertex -16.3926 11.0249 4
      vertex -16.3926 11.0249 0
    endloop
  endfacet
  facet normal 0.300809 0.953685 -0
    outer loop
      vertex -15.44 10.3579 0
      vertex -15.5814 10.4025 4
      vertex -15.44 10.3579 4
    endloop
  endfacet
  facet normal 0.300809 0.953685 0
    outer loop
      vertex -15.5814 10.4025 4
      vertex -15.44 10.3579 0
      vertex -15.5814 10.4025 0
    endloop
  endfacet
  facet normal -0.382749 -0.923853 0
    outer loop
      vertex -14.4186 13.5975 0
      vertex -14.2815 13.5407 4
      vertex -14.4186 13.5975 4
    endloop
  endfacet
  facet normal -0.382749 -0.923853 -0
    outer loop
      vertex -14.2815 13.5407 4
      vertex -14.4186 13.5975 0
      vertex -14.2815 13.5407 0
    endloop
  endfacet
  facet normal 0.0438175 0.99904 -0
    outer loop
      vertex -15 10.3 0
      vertex -15.1482 10.3065 4
      vertex -15 10.3 4
    endloop
  endfacet
  facet normal 0.0438175 0.99904 0
    outer loop
      vertex -15.1482 10.3065 4
      vertex -15 10.3 0
      vertex -15.1482 10.3065 0
    endloop
  endfacet
  facet normal 0.923853 -0.382749 0
    outer loop
      vertex -16.5975 12.5814 4
      vertex -16.5407 12.7185 0
      vertex -16.5407 12.7185 4
    endloop
  endfacet
  facet normal 0.923853 -0.382749 0
    outer loop
      vertex -16.5407 12.7185 0
      vertex -16.5975 12.5814 4
      vertex -16.5975 12.5814 0
    endloop
  endfacet
  facet normal -0.216431 0.976298 0
    outer loop
      vertex -14.56 10.3579 0
      vertex -14.7048 10.3258 4
      vertex -14.56 10.3579 4
    endloop
  endfacet
  facet normal -0.216431 0.976298 0
    outer loop
      vertex -14.7048 10.3258 4
      vertex -14.56 10.3579 0
      vertex -14.7048 10.3258 0
    endloop
  endfacet
  facet normal -0.923853 -0.382749 0
    outer loop
      vertex -13.4025 12.5814 0
      vertex -13.4593 12.7185 4
      vertex -13.4593 12.7185 0
    endloop
  endfacet
  facet normal -0.923853 -0.382749 0
    outer loop
      vertex -13.4593 12.7185 4
      vertex -13.4025 12.5814 0
      vertex -13.4025 12.5814 4
    endloop
  endfacet
  facet normal -0.953685 -0.300809 0
    outer loop
      vertex -13.3579 12.44 0
      vertex -13.4025 12.5814 4
      vertex -13.4025 12.5814 0
    endloop
  endfacet
  facet normal -0.953685 -0.300809 0
    outer loop
      vertex -13.4025 12.5814 4
      vertex -13.3579 12.44 0
      vertex -13.3579 12.44 4
    endloop
  endfacet
  facet normal 0.300809 -0.953685 0
    outer loop
      vertex -15.5814 13.5975 0
      vertex -15.44 13.6421 4
      vertex -15.5814 13.5975 4
    endloop
  endfacet
  facet normal 0.300809 -0.953685 0
    outer loop
      vertex -15.44 13.6421 4
      vertex -15.5814 13.5975 0
      vertex -15.44 13.6421 0
    endloop
  endfacet
  facet normal -0.991491 -0.130175 0
    outer loop
      vertex -13.3065 12.1482 0
      vertex -13.3258 12.2952 4
      vertex -13.3258 12.2952 0
    endloop
  endfacet
  facet normal -0.991491 -0.130175 0
    outer loop
      vertex -13.3258 12.2952 4
      vertex -13.3065 12.1482 0
      vertex -13.3065 12.1482 4
    endloop
  endfacet
  facet normal -0.886885 -0.46199 0
    outer loop
      vertex -13.4593 12.7185 0
      vertex -13.5278 12.85 4
      vertex -13.5278 12.85 0
    endloop
  endfacet
  facet normal -0.886885 -0.46199 0
    outer loop
      vertex -13.5278 12.85 4
      vertex -13.4593 12.7185 0
      vertex -13.4593 12.7185 4
    endloop
  endfacet
  facet normal -0.216431 -0.976298 0
    outer loop
      vertex -14.7048 13.6742 0
      vertex -14.56 13.6421 4
      vertex -14.7048 13.6742 4
    endloop
  endfacet
  facet normal -0.216431 -0.976298 -0
    outer loop
      vertex -14.56 13.6421 4
      vertex -14.7048 13.6742 0
      vertex -14.56 13.6421 0
    endloop
  endfacet
  facet normal -0.130175 0.991491 0
    outer loop
      vertex -14.7048 10.3258 0
      vertex -14.8518 10.3065 4
      vertex -14.7048 10.3258 4
    endloop
  endfacet
  facet normal -0.130175 0.991491 0
    outer loop
      vertex -14.8518 10.3065 4
      vertex -14.7048 10.3258 0
      vertex -14.8518 10.3065 0
    endloop
  endfacet
  facet normal -0.991491 0.130175 0
    outer loop
      vertex -13.3258 11.7048 0
      vertex -13.3065 11.8518 4
      vertex -13.3065 11.8518 0
    endloop
  endfacet
  facet normal -0.991491 0.130175 0
    outer loop
      vertex -13.3065 11.8518 4
      vertex -13.3258 11.7048 0
      vertex -13.3258 11.7048 4
    endloop
  endfacet
  facet normal -0.99904 -0.0438175 0
    outer loop
      vertex -13.3 12 0
      vertex -13.3065 12.1482 4
      vertex -13.3065 12.1482 0
    endloop
  endfacet
  facet normal -0.99904 -0.0438175 0
    outer loop
      vertex -13.3065 12.1482 4
      vertex -13.3 12 0
      vertex -13.3 12 4
    endloop
  endfacet
  facet normal -0.300809 -0.953685 0
    outer loop
      vertex -14.56 13.6421 0
      vertex -14.4186 13.5975 4
      vertex -14.56 13.6421 4
    endloop
  endfacet
  facet normal -0.300809 -0.953685 -0
    outer loop
      vertex -14.4186 13.5975 4
      vertex -14.56 13.6421 0
      vertex -14.4186 13.5975 0
    endloop
  endfacet
  facet normal 0.130175 -0.991491 0
    outer loop
      vertex -15.2952 13.6742 0
      vertex -15.1482 13.6935 4
      vertex -15.2952 13.6742 4
    endloop
  endfacet
  facet normal 0.130175 -0.991491 0
    outer loop
      vertex -15.1482 13.6935 4
      vertex -15.2952 13.6742 0
      vertex -15.1482 13.6935 0
    endloop
  endfacet
  facet normal -0.99904 0.0438175 0
    outer loop
      vertex -13.3065 11.8518 0
      vertex -13.3 12 4
      vertex -13.3 12 0
    endloop
  endfacet
  facet normal -0.99904 0.0438175 0
    outer loop
      vertex -13.3 12 4
      vertex -13.3065 11.8518 0
      vertex -13.3065 11.8518 4
    endloop
  endfacet
  facet normal 0.536832 0.843689 -0
    outer loop
      vertex -15.85 10.5278 0
      vertex -15.9751 10.6074 4
      vertex -15.85 10.5278 4
    endloop
  endfacet
  facet normal 0.536832 0.843689 0
    outer loop
      vertex -15.9751 10.6074 4
      vertex -15.85 10.5278 0
      vertex -15.9751 10.6074 0
    endloop
  endfacet
  facet normal -0.976298 -0.216431 0
    outer loop
      vertex -13.3258 12.2952 0
      vertex -13.3579 12.44 4
      vertex -13.3579 12.44 0
    endloop
  endfacet
  facet normal -0.976298 -0.216431 0
    outer loop
      vertex -13.3579 12.44 4
      vertex -13.3258 12.2952 0
      vertex -13.3258 12.2952 4
    endloop
  endfacet
  facet normal 0.99904 -0.0438175 0
    outer loop
      vertex -16.7 12 4
      vertex -16.6935 12.1482 0
      vertex -16.6935 12.1482 4
    endloop
  endfacet
  facet normal 0.99904 -0.0438175 0
    outer loop
      vertex -16.6935 12.1482 0
      vertex -16.7 12 4
      vertex -16.7 12 0
    endloop
  endfacet
  facet normal 0.737434 -0.675419 0
    outer loop
      vertex -16.3023 13.0927 4
      vertex -16.2021 13.2021 0
      vertex -16.2021 13.2021 4
    endloop
  endfacet
  facet normal 0.737434 -0.675419 0
    outer loop
      vertex -16.2021 13.2021 0
      vertex -16.3023 13.0927 4
      vertex -16.3023 13.0927 0
    endloop
  endfacet
  facet normal -0.382749 0.923853 0
    outer loop
      vertex -14.2815 10.4593 0
      vertex -14.4186 10.4025 4
      vertex -14.2815 10.4593 4
    endloop
  endfacet
  facet normal -0.382749 0.923853 0
    outer loop
      vertex -14.4186 10.4025 4
      vertex -14.2815 10.4593 0
      vertex -14.4186 10.4025 0
    endloop
  endfacet
  facet normal 0.886885 0.46199 0
    outer loop
      vertex -16.4722 11.15 4
      vertex -16.5407 11.2815 0
      vertex -16.5407 11.2815 4
    endloop
  endfacet
  facet normal 0.886885 0.46199 0
    outer loop
      vertex -16.5407 11.2815 0
      vertex -16.4722 11.15 4
      vertex -16.4722 11.15 0
    endloop
  endfacet
  facet normal 0.46199 -0.886885 0
    outer loop
      vertex -15.85 13.4722 0
      vertex -15.7185 13.5407 4
      vertex -15.85 13.4722 4
    endloop
  endfacet
  facet normal 0.46199 -0.886885 0
    outer loop
      vertex -15.7185 13.5407 4
      vertex -15.85 13.4722 0
      vertex -15.7185 13.5407 0
    endloop
  endfacet
  facet normal 0.976298 0.216431 0
    outer loop
      vertex -16.6421 11.56 4
      vertex -16.6742 11.7048 0
      vertex -16.6742 11.7048 4
    endloop
  endfacet
  facet normal 0.976298 0.216431 0
    outer loop
      vertex -16.6742 11.7048 0
      vertex -16.6421 11.56 4
      vertex -16.6421 11.56 0
    endloop
  endfacet
  facet normal 0.216431 -0.976298 0
    outer loop
      vertex -15.44 13.6421 0
      vertex -15.2952 13.6742 4
      vertex -15.44 13.6421 4
    endloop
  endfacet
  facet normal 0.216431 -0.976298 0
    outer loop
      vertex -15.2952 13.6742 4
      vertex -15.44 13.6421 0
      vertex -15.2952 13.6742 0
    endloop
  endfacet
  facet normal 0.886885 -0.46199 0
    outer loop
      vertex -16.5407 12.7185 4
      vertex -16.4722 12.85 0
      vertex -16.4722 12.85 4
    endloop
  endfacet
  facet normal 0.886885 -0.46199 0
    outer loop
      vertex -16.4722 12.85 0
      vertex -16.5407 12.7185 4
      vertex -16.5407 12.7185 0
    endloop
  endfacet
  facet normal -0.300809 0.953685 0
    outer loop
      vertex -14.4186 10.4025 0
      vertex -14.56 10.3579 4
      vertex -14.4186 10.4025 4
    endloop
  endfacet
  facet normal -0.300809 0.953685 0
    outer loop
      vertex -14.56 10.3579 4
      vertex -14.4186 10.4025 0
      vertex -14.56 10.3579 0
    endloop
  endfacet
  facet normal 0.991491 -0.130175 0
    outer loop
      vertex -16.6935 12.1482 4
      vertex -16.6742 12.2952 0
      vertex -16.6742 12.2952 4
    endloop
  endfacet
  facet normal 0.991491 -0.130175 0
    outer loop
      vertex -16.6742 12.2952 0
      vertex -16.6935 12.1482 4
      vertex -16.6935 12.1482 0
    endloop
  endfacet
  facet normal -0.46199 0.886885 0
    outer loop
      vertex -14.15 10.5278 0
      vertex -14.2815 10.4593 4
      vertex -14.15 10.5278 4
    endloop
  endfacet
  facet normal -0.46199 0.886885 0
    outer loop
      vertex -14.2815 10.4593 4
      vertex -14.15 10.5278 0
      vertex -14.2815 10.4593 0
    endloop
  endfacet
  facet normal -0.609026 -0.79315 0
    outer loop
      vertex -14.0249 13.3926 0
      vertex -13.9073 13.3023 4
      vertex -14.0249 13.3926 4
    endloop
  endfacet
  facet normal -0.609026 -0.79315 -0
    outer loop
      vertex -13.9073 13.3023 4
      vertex -14.0249 13.3926 0
      vertex -13.9073 13.3023 0
    endloop
  endfacet
  facet normal 0.953685 0.300809 0
    outer loop
      vertex -16.5975 11.4186 4
      vertex -16.6421 11.56 0
      vertex -16.6421 11.56 4
    endloop
  endfacet
  facet normal 0.953685 0.300809 0
    outer loop
      vertex -16.6421 11.56 0
      vertex -16.5975 11.4186 4
      vertex -16.5975 11.4186 0
    endloop
  endfacet
  facet normal -0.843689 -0.536832 0
    outer loop
      vertex -13.5278 12.85 0
      vertex -13.6074 12.9751 4
      vertex -13.6074 12.9751 0
    endloop
  endfacet
  facet normal -0.843689 -0.536832 0
    outer loop
      vertex -13.6074 12.9751 4
      vertex -13.5278 12.85 0
      vertex -13.5278 12.85 4
    endloop
  endfacet
  facet normal 0.536832 -0.843689 0
    outer loop
      vertex -15.9751 13.3926 0
      vertex -15.85 13.4722 4
      vertex -15.9751 13.3926 4
    endloop
  endfacet
  facet normal 0.536832 -0.843689 0
    outer loop
      vertex -15.85 13.4722 4
      vertex -15.9751 13.3926 0
      vertex -15.85 13.4722 0
    endloop
  endfacet
  facet normal 0.0438175 -0.99904 0
    outer loop
      vertex -15.1482 13.6935 0
      vertex -15 13.7 4
      vertex -15.1482 13.6935 4
    endloop
  endfacet
  facet normal 0.0438175 -0.99904 0
    outer loop
      vertex -15 13.7 4
      vertex -15.1482 13.6935 0
      vertex -15 13.7 0
    endloop
  endfacet
  facet normal -0.0438175 0.99904 0
    outer loop
      vertex -14.8518 10.3065 0
      vertex -15 10.3 4
      vertex -14.8518 10.3065 4
    endloop
  endfacet
  facet normal -0.0438175 0.99904 0
    outer loop
      vertex -15 10.3 4
      vertex -14.8518 10.3065 0
      vertex -15 10.3 0
    endloop
  endfacet
  facet normal 0.216431 0.976298 -0
    outer loop
      vertex -15.2952 10.3258 0
      vertex -15.44 10.3579 4
      vertex -15.2952 10.3258 4
    endloop
  endfacet
  facet normal 0.216431 0.976298 0
    outer loop
      vertex -15.44 10.3579 4
      vertex -15.2952 10.3258 0
      vertex -15.44 10.3579 0
    endloop
  endfacet
  facet normal -0.675419 -0.737434 0
    outer loop
      vertex -13.9073 13.3023 0
      vertex -13.7979 13.2021 4
      vertex -13.9073 13.3023 4
    endloop
  endfacet
  facet normal -0.675419 -0.737434 -0
    outer loop
      vertex -13.7979 13.2021 4
      vertex -13.9073 13.3023 0
      vertex -13.7979 13.2021 0
    endloop
  endfacet
  facet normal 0.79315 -0.609026 0
    outer loop
      vertex -16.3926 12.9751 4
      vertex -16.3023 13.0927 0
      vertex -16.3023 13.0927 4
    endloop
  endfacet
  facet normal 0.79315 -0.609026 0
    outer loop
      vertex -16.3023 13.0927 0
      vertex -16.3926 12.9751 4
      vertex -16.3926 12.9751 0
    endloop
  endfacet
  facet normal 0.609026 -0.79315 0
    outer loop
      vertex -16.0927 13.3023 0
      vertex -15.9751 13.3926 4
      vertex -16.0927 13.3023 4
    endloop
  endfacet
  facet normal 0.609026 -0.79315 0
    outer loop
      vertex -15.9751 13.3926 4
      vertex -16.0927 13.3023 0
      vertex -15.9751 13.3926 0
    endloop
  endfacet
  facet normal -0.737434 -0.675419 0
    outer loop
      vertex -13.6977 13.0927 0
      vertex -13.7979 13.2021 4
      vertex -13.7979 13.2021 0
    endloop
  endfacet
  facet normal -0.737434 -0.675419 0
    outer loop
      vertex -13.7979 13.2021 4
      vertex -13.6977 13.0927 0
      vertex -13.6977 13.0927 4
    endloop
  endfacet
  facet normal 0.130175 0.991491 -0
    outer loop
      vertex -15.1482 10.3065 0
      vertex -15.2952 10.3258 4
      vertex -15.1482 10.3065 4
    endloop
  endfacet
  facet normal 0.130175 0.991491 0
    outer loop
      vertex -15.2952 10.3258 4
      vertex -15.1482 10.3065 0
      vertex -15.2952 10.3258 0
    endloop
  endfacet
  facet normal -0.843689 0.536832 0
    outer loop
      vertex -13.6074 11.0249 0
      vertex -13.5278 11.15 4
      vertex -13.5278 11.15 0
    endloop
  endfacet
  facet normal -0.843689 0.536832 0
    outer loop
      vertex -13.5278 11.15 4
      vertex -13.6074 11.0249 0
      vertex -13.6074 11.0249 4
    endloop
  endfacet
  facet normal 0.382749 -0.923853 0
    outer loop
      vertex -15.7185 13.5407 0
      vertex -15.5814 13.5975 4
      vertex -15.7185 13.5407 4
    endloop
  endfacet
  facet normal 0.382749 -0.923853 0
    outer loop
      vertex -15.5814 13.5975 4
      vertex -15.7185 13.5407 0
      vertex -15.5814 13.5975 0
    endloop
  endfacet
  facet normal 0.46199 0.886885 -0
    outer loop
      vertex -15.7185 10.4593 0
      vertex -15.85 10.5278 4
      vertex -15.7185 10.4593 4
    endloop
  endfacet
  facet normal 0.46199 0.886885 0
    outer loop
      vertex -15.85 10.5278 4
      vertex -15.7185 10.4593 0
      vertex -15.85 10.5278 0
    endloop
  endfacet
  facet normal 0.991491 0.130175 0
    outer loop
      vertex -16.6742 11.7048 4
      vertex -16.6935 11.8518 0
      vertex -16.6935 11.8518 4
    endloop
  endfacet
  facet normal 0.991491 0.130175 0
    outer loop
      vertex -16.6935 11.8518 0
      vertex -16.6742 11.7048 4
      vertex -16.6742 11.7048 0
    endloop
  endfacet
  facet normal 0.675419 0.737434 -0
    outer loop
      vertex -16.0927 10.6977 0
      vertex -16.2021 10.7979 4
      vertex -16.0927 10.6977 4
    endloop
  endfacet
  facet normal 0.675419 0.737434 0
    outer loop
      vertex -16.2021 10.7979 4
      vertex -16.0927 10.6977 0
      vertex -16.2021 10.7979 0
    endloop
  endfacet
  facet normal -0.976298 0.216431 0
    outer loop
      vertex -13.3579 11.56 0
      vertex -13.3258 11.7048 4
      vertex -13.3258 11.7048 0
    endloop
  endfacet
  facet normal -0.976298 0.216431 0
    outer loop
      vertex -13.3258 11.7048 4
      vertex -13.3579 11.56 0
      vertex -13.3579 11.56 4
    endloop
  endfacet
  facet normal -0.923853 0.382749 0
    outer loop
      vertex -13.4593 11.2815 0
      vertex -13.4025 11.4186 4
      vertex -13.4025 11.4186 0
    endloop
  endfacet
  facet normal -0.923853 0.382749 0
    outer loop
      vertex -13.4025 11.4186 4
      vertex -13.4593 11.2815 0
      vertex -13.4593 11.2815 4
    endloop
  endfacet
  facet normal -0.737434 0.675419 0
    outer loop
      vertex -13.7979 10.7979 0
      vertex -13.6977 10.9073 4
      vertex -13.6977 10.9073 0
    endloop
  endfacet
  facet normal -0.737434 0.675419 0
    outer loop
      vertex -13.6977 10.9073 4
      vertex -13.7979 10.7979 0
      vertex -13.7979 10.7979 4
    endloop
  endfacet
  facet normal -0.79315 0.609026 0
    outer loop
      vertex -13.6977 10.9073 0
      vertex -13.6074 11.0249 4
      vertex -13.6074 11.0249 0
    endloop
  endfacet
  facet normal -0.79315 0.609026 0
    outer loop
      vertex -13.6074 11.0249 4
      vertex -13.6977 10.9073 0
      vertex -13.6977 10.9073 4
    endloop
  endfacet
  facet normal 0.609026 0.79315 -0
    outer loop
      vertex -15.9751 10.6074 0
      vertex -16.0927 10.6977 4
      vertex -15.9751 10.6074 4
    endloop
  endfacet
  facet normal 0.609026 0.79315 0
    outer loop
      vertex -16.0927 10.6977 4
      vertex -15.9751 10.6074 0
      vertex -16.0927 10.6977 0
    endloop
  endfacet
  facet normal 0.923853 0.382749 0
    outer loop
      vertex -16.5407 11.2815 4
      vertex -16.5975 11.4186 0
      vertex -16.5975 11.4186 4
    endloop
  endfacet
  facet normal 0.923853 0.382749 0
    outer loop
      vertex -16.5975 11.4186 0
      vertex -16.5407 11.2815 4
      vertex -16.5407 11.2815 0
    endloop
  endfacet
  facet normal 0.843689 -0.536832 0
    outer loop
      vertex -16.4722 12.85 4
      vertex -16.3926 12.9751 0
      vertex -16.3926 12.9751 4
    endloop
  endfacet
  facet normal 0.843689 -0.536832 0
    outer loop
      vertex -16.3926 12.9751 0
      vertex -16.4722 12.85 4
      vertex -16.4722 12.85 0
    endloop
  endfacet
  facet normal -0.609026 0.79315 0
    outer loop
      vertex -13.9073 10.6977 0
      vertex -14.0249 10.6074 4
      vertex -13.9073 10.6977 4
    endloop
  endfacet
  facet normal -0.609026 0.79315 0
    outer loop
      vertex -14.0249 10.6074 4
      vertex -13.9073 10.6977 0
      vertex -14.0249 10.6074 0
    endloop
  endfacet
  facet normal 0.737434 0.675419 0
    outer loop
      vertex -16.2021 10.7979 4
      vertex -16.3023 10.9073 0
      vertex -16.3023 10.9073 4
    endloop
  endfacet
  facet normal 0.737434 0.675419 0
    outer loop
      vertex -16.3023 10.9073 0
      vertex -16.2021 10.7979 4
      vertex -16.2021 10.7979 0
    endloop
  endfacet
  facet normal 0.99904 0.0438175 0
    outer loop
      vertex -16.6935 11.8518 4
      vertex -16.7 12 0
      vertex -16.7 12 4
    endloop
  endfacet
  facet normal 0.99904 0.0438175 0
    outer loop
      vertex -16.7 12 0
      vertex -16.6935 11.8518 4
      vertex -16.6935 11.8518 0
    endloop
  endfacet
  facet normal -0.46199 -0.886885 0
    outer loop
      vertex -14.2815 13.5407 0
      vertex -14.15 13.4722 4
      vertex -14.2815 13.5407 4
    endloop
  endfacet
  facet normal -0.46199 -0.886885 -0
    outer loop
      vertex -14.15 13.4722 4
      vertex -14.2815 13.5407 0
      vertex -14.15 13.4722 0
    endloop
  endfacet
  facet normal -0.536832 -0.843689 0
    outer loop
      vertex -14.15 13.4722 0
      vertex -14.0249 13.3926 4
      vertex -14.15 13.4722 4
    endloop
  endfacet
  facet normal -0.536832 -0.843689 -0
    outer loop
      vertex -14.0249 13.3926 4
      vertex -14.15 13.4722 0
      vertex -14.0249 13.3926 0
    endloop
  endfacet
  facet normal 0.675419 -0.737434 0
    outer loop
      vertex -16.2021 13.2021 0
      vertex -16.0927 13.3023 4
      vertex -16.2021 13.2021 4
    endloop
  endfacet
  facet normal 0.675419 -0.737434 0
    outer loop
      vertex -16.0927 13.3023 4
      vertex -16.2021 13.2021 0
      vertex -16.0927 13.3023 0
    endloop
  endfacet
  facet normal 0.976298 -0.216431 0
    outer loop
      vertex -16.6742 12.2952 4
      vertex -16.6421 12.44 0
      vertex -16.6421 12.44 4
    endloop
  endfacet
  facet normal 0.976298 -0.216431 0
    outer loop
      vertex -16.6421 12.44 0
      vertex -16.6742 12.2952 4
      vertex -16.6742 12.2952 0
    endloop
  endfacet
  facet normal -0.953685 0.300809 0
    outer loop
      vertex -13.4025 11.4186 0
      vertex -13.3579 11.56 4
      vertex -13.3579 11.56 0
    endloop
  endfacet
  facet normal -0.953685 0.300809 0
    outer loop
      vertex -13.3579 11.56 4
      vertex -13.4025 11.4186 0
      vertex -13.4025 11.4186 4
    endloop
  endfacet
  facet normal -0.536832 0.843689 0
    outer loop
      vertex -14.0249 10.6074 0
      vertex -14.15 10.5278 4
      vertex -14.0249 10.6074 4
    endloop
  endfacet
  facet normal -0.536832 0.843689 0
    outer loop
      vertex -14.15 10.5278 4
      vertex -14.0249 10.6074 0
      vertex -14.15 10.5278 0
    endloop
  endfacet
  facet normal -0.130175 -0.991491 0
    outer loop
      vertex -14.8518 13.6935 0
      vertex -14.7048 13.6742 4
      vertex -14.8518 13.6935 4
    endloop
  endfacet
  facet normal -0.130175 -0.991491 -0
    outer loop
      vertex -14.7048 13.6742 4
      vertex -14.8518 13.6935 0
      vertex -14.7048 13.6742 0
    endloop
  endfacet
  facet normal -0.79315 -0.609026 0
    outer loop
      vertex -13.6074 12.9751 0
      vertex -13.6977 13.0927 4
      vertex -13.6977 13.0927 0
    endloop
  endfacet
  facet normal -0.79315 -0.609026 0
    outer loop
      vertex -13.6977 13.0927 4
      vertex -13.6074 12.9751 0
      vertex -13.6074 12.9751 4
    endloop
  endfacet
  facet normal 0.382749 0.923853 -0
    outer loop
      vertex -15.5814 10.4025 0
      vertex -15.7185 10.4593 4
      vertex -15.5814 10.4025 4
    endloop
  endfacet
  facet normal 0.382749 0.923853 0
    outer loop
      vertex -15.7185 10.4593 4
      vertex -15.5814 10.4025 0
      vertex -15.7185 10.4593 0
    endloop
  endfacet
  facet normal 0.953685 -0.300809 0
    outer loop
      vertex -16.6421 12.44 4
      vertex -16.5975 12.5814 0
      vertex -16.5975 12.5814 4
    endloop
  endfacet
  facet normal 0.953685 -0.300809 0
    outer loop
      vertex -16.5975 12.5814 0
      vertex -16.6421 12.44 4
      vertex -16.6421 12.44 0
    endloop
  endfacet
  facet normal -0.886885 0.46199 0
    outer loop
      vertex -13.5278 11.15 0
      vertex -13.4593 11.2815 4
      vertex -13.4593 11.2815 0
    endloop
  endfacet
  facet normal -0.886885 0.46199 0
    outer loop
      vertex -13.4593 11.2815 4
      vertex -13.5278 11.15 0
      vertex -13.5278 11.15 4
    endloop
  endfacet
  facet normal -0.675419 0.737434 0
    outer loop
      vertex -13.7979 10.7979 0
      vertex -13.9073 10.6977 4
      vertex -13.7979 10.7979 4
    endloop
  endfacet
  facet normal -0.675419 0.737434 0
    outer loop
      vertex -13.9073 10.6977 4
      vertex -13.7979 10.7979 0
      vertex -13.9073 10.6977 0
    endloop
  endfacet
  facet normal -0.609026 0.79315 0
    outer loop
      vertex 16.0927 -13.3023 0
      vertex 15.9751 -13.3926 4
      vertex 16.0927 -13.3023 4
    endloop
  endfacet
  facet normal -0.609026 0.79315 0
    outer loop
      vertex 15.9751 -13.3926 4
      vertex 16.0927 -13.3023 0
      vertex 15.9751 -13.3926 0
    endloop
  endfacet
  facet normal -0.991491 -0.130175 0
    outer loop
      vertex 16.6935 -11.8518 0
      vertex 16.6742 -11.7048 4
      vertex 16.6742 -11.7048 0
    endloop
  endfacet
  facet normal -0.991491 -0.130175 0
    outer loop
      vertex 16.6742 -11.7048 4
      vertex 16.6935 -11.8518 0
      vertex 16.6935 -11.8518 4
    endloop
  endfacet
  facet normal -0.0438175 0.99904 0
    outer loop
      vertex 15.1482 -13.6935 0
      vertex 15 -13.7 4
      vertex 15.1482 -13.6935 4
    endloop
  endfacet
  facet normal -0.0438175 0.99904 0
    outer loop
      vertex 15 -13.7 4
      vertex 15.1482 -13.6935 0
      vertex 15 -13.7 0
    endloop
  endfacet
  facet normal 0.976298 -0.216431 0
    outer loop
      vertex 13.3258 -11.7048 4
      vertex 13.3579 -11.56 0
      vertex 13.3579 -11.56 4
    endloop
  endfacet
  facet normal 0.976298 -0.216431 0
    outer loop
      vertex 13.3579 -11.56 0
      vertex 13.3258 -11.7048 4
      vertex 13.3258 -11.7048 0
    endloop
  endfacet
  facet normal 0.991491 -0.130175 0
    outer loop
      vertex 13.3065 -11.8518 4
      vertex 13.3258 -11.7048 0
      vertex 13.3258 -11.7048 4
    endloop
  endfacet
  facet normal 0.991491 -0.130175 0
    outer loop
      vertex 13.3258 -11.7048 0
      vertex 13.3065 -11.8518 4
      vertex 13.3065 -11.8518 0
    endloop
  endfacet
  facet normal 0.953685 0.300809 0
    outer loop
      vertex 13.4025 -12.5814 4
      vertex 13.3579 -12.44 0
      vertex 13.3579 -12.44 4
    endloop
  endfacet
  facet normal 0.953685 0.300809 0
    outer loop
      vertex 13.3579 -12.44 0
      vertex 13.4025 -12.5814 4
      vertex 13.4025 -12.5814 0
    endloop
  endfacet
  facet normal -0.923853 -0.382749 0
    outer loop
      vertex 16.5975 -11.4186 0
      vertex 16.5407 -11.2815 4
      vertex 16.5407 -11.2815 0
    endloop
  endfacet
  facet normal -0.923853 -0.382749 0
    outer loop
      vertex 16.5407 -11.2815 4
      vertex 16.5975 -11.4186 0
      vertex 16.5975 -11.4186 4
    endloop
  endfacet
  facet normal -0.609026 -0.79315 0
    outer loop
      vertex 15.9751 -10.6074 0
      vertex 16.0927 -10.6977 4
      vertex 15.9751 -10.6074 4
    endloop
  endfacet
  facet normal -0.609026 -0.79315 -0
    outer loop
      vertex 16.0927 -10.6977 4
      vertex 15.9751 -10.6074 0
      vertex 16.0927 -10.6977 0
    endloop
  endfacet
  facet normal -0.953685 0.300809 0
    outer loop
      vertex 16.5975 -12.5814 0
      vertex 16.6421 -12.44 4
      vertex 16.6421 -12.44 0
    endloop
  endfacet
  facet normal -0.953685 0.300809 0
    outer loop
      vertex 16.6421 -12.44 4
      vertex 16.5975 -12.5814 0
      vertex 16.5975 -12.5814 4
    endloop
  endfacet
  facet normal 0.382749 -0.923853 0
    outer loop
      vertex 14.2815 -10.4593 0
      vertex 14.4186 -10.4025 4
      vertex 14.2815 -10.4593 4
    endloop
  endfacet
  facet normal 0.382749 -0.923853 0
    outer loop
      vertex 14.4186 -10.4025 4
      vertex 14.2815 -10.4593 0
      vertex 14.4186 -10.4025 0
    endloop
  endfacet
  facet normal 0.976298 0.216431 0
    outer loop
      vertex 13.3579 -12.44 4
      vertex 13.3258 -12.2952 0
      vertex 13.3258 -12.2952 4
    endloop
  endfacet
  facet normal 0.976298 0.216431 0
    outer loop
      vertex 13.3258 -12.2952 0
      vertex 13.3579 -12.44 4
      vertex 13.3579 -12.44 0
    endloop
  endfacet
  facet normal -0.843689 -0.536832 0
    outer loop
      vertex 16.4722 -11.15 0
      vertex 16.3926 -11.0249 4
      vertex 16.3926 -11.0249 0
    endloop
  endfacet
  facet normal -0.843689 -0.536832 0
    outer loop
      vertex 16.3926 -11.0249 4
      vertex 16.4722 -11.15 0
      vertex 16.4722 -11.15 4
    endloop
  endfacet
  facet normal -0.46199 -0.886885 0
    outer loop
      vertex 15.7185 -10.4593 0
      vertex 15.85 -10.5278 4
      vertex 15.7185 -10.4593 4
    endloop
  endfacet
  facet normal -0.46199 -0.886885 -0
    outer loop
      vertex 15.85 -10.5278 4
      vertex 15.7185 -10.4593 0
      vertex 15.85 -10.5278 0
    endloop
  endfacet
  facet normal -0.99904 -0.0438175 0
    outer loop
      vertex 16.7 -12 0
      vertex 16.6935 -11.8518 4
      vertex 16.6935 -11.8518 0
    endloop
  endfacet
  facet normal -0.99904 -0.0438175 0
    outer loop
      vertex 16.6935 -11.8518 4
      vertex 16.7 -12 0
      vertex 16.7 -12 4
    endloop
  endfacet
  facet normal 0.843689 0.536832 0
    outer loop
      vertex 13.6074 -12.9751 4
      vertex 13.5278 -12.85 0
      vertex 13.5278 -12.85 4
    endloop
  endfacet
  facet normal 0.843689 0.536832 0
    outer loop
      vertex 13.5278 -12.85 0
      vertex 13.6074 -12.9751 4
      vertex 13.6074 -12.9751 0
    endloop
  endfacet
  facet normal 0.923853 0.382749 0
    outer loop
      vertex 13.4593 -12.7185 4
      vertex 13.4025 -12.5814 0
      vertex 13.4025 -12.5814 4
    endloop
  endfacet
  facet normal 0.923853 0.382749 0
    outer loop
      vertex 13.4025 -12.5814 0
      vertex 13.4593 -12.7185 4
      vertex 13.4593 -12.7185 0
    endloop
  endfacet
  facet normal -0.675419 0.737434 0
    outer loop
      vertex 16.2021 -13.2021 0
      vertex 16.0927 -13.3023 4
      vertex 16.2021 -13.2021 4
    endloop
  endfacet
  facet normal -0.675419 0.737434 0
    outer loop
      vertex 16.0927 -13.3023 4
      vertex 16.2021 -13.2021 0
      vertex 16.0927 -13.3023 0
    endloop
  endfacet
  facet normal -0.382749 0.923853 0
    outer loop
      vertex 15.7185 -13.5407 0
      vertex 15.5814 -13.5975 4
      vertex 15.7185 -13.5407 4
    endloop
  endfacet
  facet normal -0.382749 0.923853 0
    outer loop
      vertex 15.5814 -13.5975 4
      vertex 15.7185 -13.5407 0
      vertex 15.5814 -13.5975 0
    endloop
  endfacet
  facet normal -0.216431 -0.976298 0
    outer loop
      vertex 15.2952 -10.3258 0
      vertex 15.44 -10.3579 4
      vertex 15.2952 -10.3258 4
    endloop
  endfacet
  facet normal -0.216431 -0.976298 -0
    outer loop
      vertex 15.44 -10.3579 4
      vertex 15.2952 -10.3258 0
      vertex 15.44 -10.3579 0
    endloop
  endfacet
  facet normal 0.46199 -0.886885 0
    outer loop
      vertex 14.15 -10.5278 0
      vertex 14.2815 -10.4593 4
      vertex 14.15 -10.5278 4
    endloop
  endfacet
  facet normal 0.46199 -0.886885 0
    outer loop
      vertex 14.2815 -10.4593 4
      vertex 14.15 -10.5278 0
      vertex 14.2815 -10.4593 0
    endloop
  endfacet
  facet normal -0.130175 0.991491 0
    outer loop
      vertex 15.2952 -13.6742 0
      vertex 15.1482 -13.6935 4
      vertex 15.2952 -13.6742 4
    endloop
  endfacet
  facet normal -0.130175 0.991491 0
    outer loop
      vertex 15.1482 -13.6935 4
      vertex 15.2952 -13.6742 0
      vertex 15.1482 -13.6935 0
    endloop
  endfacet
  facet normal -0.0438175 -0.99904 0
    outer loop
      vertex 15 -10.3 0
      vertex 15.1482 -10.3065 4
      vertex 15 -10.3 4
    endloop
  endfacet
  facet normal -0.0438175 -0.99904 -0
    outer loop
      vertex 15.1482 -10.3065 4
      vertex 15 -10.3 0
      vertex 15.1482 -10.3065 0
    endloop
  endfacet
  facet normal -0.99904 0.0438175 0
    outer loop
      vertex 16.6935 -12.1482 0
      vertex 16.7 -12 4
      vertex 16.7 -12 0
    endloop
  endfacet
  facet normal -0.99904 0.0438175 0
    outer loop
      vertex 16.7 -12 4
      vertex 16.6935 -12.1482 0
      vertex 16.6935 -12.1482 4
    endloop
  endfacet
  facet normal -0.991491 0.130175 0
    outer loop
      vertex 16.6742 -12.2952 0
      vertex 16.6935 -12.1482 4
      vertex 16.6935 -12.1482 0
    endloop
  endfacet
  facet normal -0.991491 0.130175 0
    outer loop
      vertex 16.6935 -12.1482 4
      vertex 16.6742 -12.2952 0
      vertex 16.6742 -12.2952 4
    endloop
  endfacet
  facet normal -0.976298 -0.216431 0
    outer loop
      vertex 16.6742 -11.7048 0
      vertex 16.6421 -11.56 4
      vertex 16.6421 -11.56 0
    endloop
  endfacet
  facet normal -0.976298 -0.216431 0
    outer loop
      vertex 16.6421 -11.56 4
      vertex 16.6742 -11.7048 0
      vertex 16.6742 -11.7048 4
    endloop
  endfacet
  facet normal 0.675419 -0.737434 0
    outer loop
      vertex 13.7979 -10.7979 0
      vertex 13.9073 -10.6977 4
      vertex 13.7979 -10.7979 4
    endloop
  endfacet
  facet normal 0.675419 -0.737434 0
    outer loop
      vertex 13.9073 -10.6977 4
      vertex 13.7979 -10.7979 0
      vertex 13.9073 -10.6977 0
    endloop
  endfacet
  facet normal 0.536832 0.843689 -0
    outer loop
      vertex 14.15 -13.4722 0
      vertex 14.0249 -13.3926 4
      vertex 14.15 -13.4722 4
    endloop
  endfacet
  facet normal 0.536832 0.843689 0
    outer loop
      vertex 14.0249 -13.3926 4
      vertex 14.15 -13.4722 0
      vertex 14.0249 -13.3926 0
    endloop
  endfacet
  facet normal -0.536832 0.843689 0
    outer loop
      vertex 15.9751 -13.3926 0
      vertex 15.85 -13.4722 4
      vertex 15.9751 -13.3926 4
    endloop
  endfacet
  facet normal -0.536832 0.843689 0
    outer loop
      vertex 15.85 -13.4722 4
      vertex 15.9751 -13.3926 0
      vertex 15.85 -13.4722 0
    endloop
  endfacet
  facet normal 0.79315 0.609026 0
    outer loop
      vertex 13.6977 -13.0927 4
      vertex 13.6074 -12.9751 0
      vertex 13.6074 -12.9751 4
    endloop
  endfacet
  facet normal 0.79315 0.609026 0
    outer loop
      vertex 13.6074 -12.9751 0
      vertex 13.6977 -13.0927 4
      vertex 13.6977 -13.0927 0
    endloop
  endfacet
  facet normal -0.737434 0.675419 0
    outer loop
      vertex 16.2021 -13.2021 0
      vertex 16.3023 -13.0927 4
      vertex 16.3023 -13.0927 0
    endloop
  endfacet
  facet normal -0.737434 0.675419 0
    outer loop
      vertex 16.3023 -13.0927 4
      vertex 16.2021 -13.2021 0
      vertex 16.2021 -13.2021 4
    endloop
  endfacet
  facet normal 0.46199 0.886885 -0
    outer loop
      vertex 14.2815 -13.5407 0
      vertex 14.15 -13.4722 4
      vertex 14.2815 -13.5407 4
    endloop
  endfacet
  facet normal 0.46199 0.886885 0
    outer loop
      vertex 14.15 -13.4722 4
      vertex 14.2815 -13.5407 0
      vertex 14.15 -13.4722 0
    endloop
  endfacet
  facet normal 0.382749 0.923853 -0
    outer loop
      vertex 14.4186 -13.5975 0
      vertex 14.2815 -13.5407 4
      vertex 14.4186 -13.5975 4
    endloop
  endfacet
  facet normal 0.382749 0.923853 0
    outer loop
      vertex 14.2815 -13.5407 4
      vertex 14.4186 -13.5975 0
      vertex 14.2815 -13.5407 0
    endloop
  endfacet
  facet normal -0.216431 0.976298 0
    outer loop
      vertex 15.44 -13.6421 0
      vertex 15.2952 -13.6742 4
      vertex 15.44 -13.6421 4
    endloop
  endfacet
  facet normal -0.216431 0.976298 0
    outer loop
      vertex 15.2952 -13.6742 4
      vertex 15.44 -13.6421 0
      vertex 15.2952 -13.6742 0
    endloop
  endfacet
  facet normal -0.737434 -0.675419 0
    outer loop
      vertex 16.3023 -10.9073 0
      vertex 16.2021 -10.7979 4
      vertex 16.2021 -10.7979 0
    endloop
  endfacet
  facet normal -0.737434 -0.675419 0
    outer loop
      vertex 16.2021 -10.7979 4
      vertex 16.3023 -10.9073 0
      vertex 16.3023 -10.9073 4
    endloop
  endfacet
  facet normal 0.843689 -0.536832 0
    outer loop
      vertex 13.5278 -11.15 4
      vertex 13.6074 -11.0249 0
      vertex 13.6074 -11.0249 4
    endloop
  endfacet
  facet normal 0.843689 -0.536832 0
    outer loop
      vertex 13.6074 -11.0249 0
      vertex 13.5278 -11.15 4
      vertex 13.5278 -11.15 0
    endloop
  endfacet
  facet normal 0.216431 -0.976298 0
    outer loop
      vertex 14.56 -10.3579 0
      vertex 14.7048 -10.3258 4
      vertex 14.56 -10.3579 4
    endloop
  endfacet
  facet normal 0.216431 -0.976298 0
    outer loop
      vertex 14.7048 -10.3258 4
      vertex 14.56 -10.3579 0
      vertex 14.7048 -10.3258 0
    endloop
  endfacet
  facet normal 0.886885 0.46199 0
    outer loop
      vertex 13.5278 -12.85 4
      vertex 13.4593 -12.7185 0
      vertex 13.4593 -12.7185 4
    endloop
  endfacet
  facet normal 0.886885 0.46199 0
    outer loop
      vertex 13.4593 -12.7185 0
      vertex 13.5278 -12.85 4
      vertex 13.5278 -12.85 0
    endloop
  endfacet
  facet normal -0.976298 0.216431 0
    outer loop
      vertex 16.6421 -12.44 0
      vertex 16.6742 -12.2952 4
      vertex 16.6742 -12.2952 0
    endloop
  endfacet
  facet normal -0.976298 0.216431 0
    outer loop
      vertex 16.6742 -12.2952 4
      vertex 16.6421 -12.44 0
      vertex 16.6421 -12.44 4
    endloop
  endfacet
  facet normal -0.130175 -0.991491 0
    outer loop
      vertex 15.1482 -10.3065 0
      vertex 15.2952 -10.3258 4
      vertex 15.1482 -10.3065 4
    endloop
  endfacet
  facet normal -0.130175 -0.991491 -0
    outer loop
      vertex 15.2952 -10.3258 4
      vertex 15.1482 -10.3065 0
      vertex 15.2952 -10.3258 0
    endloop
  endfacet
  facet normal 0.79315 -0.609026 0
    outer loop
      vertex 13.6074 -11.0249 4
      vertex 13.6977 -10.9073 0
      vertex 13.6977 -10.9073 4
    endloop
  endfacet
  facet normal 0.79315 -0.609026 0
    outer loop
      vertex 13.6977 -10.9073 0
      vertex 13.6074 -11.0249 4
      vertex 13.6074 -11.0249 0
    endloop
  endfacet
  facet normal 0.923853 -0.382749 0
    outer loop
      vertex 13.4025 -11.4186 4
      vertex 13.4593 -11.2815 0
      vertex 13.4593 -11.2815 4
    endloop
  endfacet
  facet normal 0.923853 -0.382749 0
    outer loop
      vertex 13.4593 -11.2815 0
      vertex 13.4025 -11.4186 4
      vertex 13.4025 -11.4186 0
    endloop
  endfacet
  facet normal 0.300809 0.953685 -0
    outer loop
      vertex 14.56 -13.6421 0
      vertex 14.4186 -13.5975 4
      vertex 14.56 -13.6421 4
    endloop
  endfacet
  facet normal 0.300809 0.953685 0
    outer loop
      vertex 14.4186 -13.5975 4
      vertex 14.56 -13.6421 0
      vertex 14.4186 -13.5975 0
    endloop
  endfacet
  facet normal -0.79315 0.609026 0
    outer loop
      vertex 16.3023 -13.0927 0
      vertex 16.3926 -12.9751 4
      vertex 16.3926 -12.9751 0
    endloop
  endfacet
  facet normal -0.79315 0.609026 0
    outer loop
      vertex 16.3926 -12.9751 4
      vertex 16.3023 -13.0927 0
      vertex 16.3023 -13.0927 4
    endloop
  endfacet
  facet normal 0.130175 0.991491 -0
    outer loop
      vertex 14.8518 -13.6935 0
      vertex 14.7048 -13.6742 4
      vertex 14.8518 -13.6935 4
    endloop
  endfacet
  facet normal 0.130175 0.991491 0
    outer loop
      vertex 14.7048 -13.6742 4
      vertex 14.8518 -13.6935 0
      vertex 14.7048 -13.6742 0
    endloop
  endfacet
  facet normal -0.953685 -0.300809 0
    outer loop
      vertex 16.6421 -11.56 0
      vertex 16.5975 -11.4186 4
      vertex 16.5975 -11.4186 0
    endloop
  endfacet
  facet normal -0.953685 -0.300809 0
    outer loop
      vertex 16.5975 -11.4186 4
      vertex 16.6421 -11.56 0
      vertex 16.6421 -11.56 4
    endloop
  endfacet
  facet normal 0.737434 -0.675419 0
    outer loop
      vertex 13.6977 -10.9073 4
      vertex 13.7979 -10.7979 0
      vertex 13.7979 -10.7979 4
    endloop
  endfacet
  facet normal 0.737434 -0.675419 0
    outer loop
      vertex 13.7979 -10.7979 0
      vertex 13.6977 -10.9073 4
      vertex 13.6977 -10.9073 0
    endloop
  endfacet
  facet normal -0.300809 0.953685 0
    outer loop
      vertex 15.5814 -13.5975 0
      vertex 15.44 -13.6421 4
      vertex 15.5814 -13.5975 4
    endloop
  endfacet
  facet normal -0.300809 0.953685 0
    outer loop
      vertex 15.44 -13.6421 4
      vertex 15.5814 -13.5975 0
      vertex 15.44 -13.6421 0
    endloop
  endfacet
  facet normal -0.675419 -0.737434 0
    outer loop
      vertex 16.0927 -10.6977 0
      vertex 16.2021 -10.7979 4
      vertex 16.0927 -10.6977 4
    endloop
  endfacet
  facet normal -0.675419 -0.737434 -0
    outer loop
      vertex 16.2021 -10.7979 4
      vertex 16.0927 -10.6977 0
      vertex 16.2021 -10.7979 0
    endloop
  endfacet
  facet normal -0.886885 -0.46199 0
    outer loop
      vertex 16.5407 -11.2815 0
      vertex 16.4722 -11.15 4
      vertex 16.4722 -11.15 0
    endloop
  endfacet
  facet normal -0.886885 -0.46199 0
    outer loop
      vertex 16.4722 -11.15 4
      vertex 16.5407 -11.2815 0
      vertex 16.5407 -11.2815 4
    endloop
  endfacet
  facet normal 0.99904 -0.0438175 0
    outer loop
      vertex 13.3 -12 4
      vertex 13.3065 -11.8518 0
      vertex 13.3065 -11.8518 4
    endloop
  endfacet
  facet normal 0.99904 -0.0438175 0
    outer loop
      vertex 13.3065 -11.8518 0
      vertex 13.3 -12 4
      vertex 13.3 -12 0
    endloop
  endfacet
  facet normal -0.923853 0.382749 0
    outer loop
      vertex 16.5407 -12.7185 0
      vertex 16.5975 -12.5814 4
      vertex 16.5975 -12.5814 0
    endloop
  endfacet
  facet normal -0.923853 0.382749 0
    outer loop
      vertex 16.5975 -12.5814 4
      vertex 16.5407 -12.7185 0
      vertex 16.5407 -12.7185 4
    endloop
  endfacet
  facet normal -0.536832 -0.843689 0
    outer loop
      vertex 15.85 -10.5278 0
      vertex 15.9751 -10.6074 4
      vertex 15.85 -10.5278 4
    endloop
  endfacet
  facet normal -0.536832 -0.843689 -0
    outer loop
      vertex 15.9751 -10.6074 4
      vertex 15.85 -10.5278 0
      vertex 15.9751 -10.6074 0
    endloop
  endfacet
  facet normal -0.79315 -0.609026 0
    outer loop
      vertex 16.3926 -11.0249 0
      vertex 16.3023 -10.9073 4
      vertex 16.3023 -10.9073 0
    endloop
  endfacet
  facet normal -0.79315 -0.609026 0
    outer loop
      vertex 16.3023 -10.9073 4
      vertex 16.3926 -11.0249 0
      vertex 16.3926 -11.0249 4
    endloop
  endfacet
  facet normal 0.609026 -0.79315 0
    outer loop
      vertex 13.9073 -10.6977 0
      vertex 14.0249 -10.6074 4
      vertex 13.9073 -10.6977 4
    endloop
  endfacet
  facet normal 0.609026 -0.79315 0
    outer loop
      vertex 14.0249 -10.6074 4
      vertex 13.9073 -10.6977 0
      vertex 14.0249 -10.6074 0
    endloop
  endfacet
  facet normal 0.300809 -0.953685 0
    outer loop
      vertex 14.4186 -10.4025 0
      vertex 14.56 -10.3579 4
      vertex 14.4186 -10.4025 4
    endloop
  endfacet
  facet normal 0.300809 -0.953685 0
    outer loop
      vertex 14.56 -10.3579 4
      vertex 14.4186 -10.4025 0
      vertex 14.56 -10.3579 0
    endloop
  endfacet
  facet normal 0.130175 -0.991491 0
    outer loop
      vertex 14.7048 -10.3258 0
      vertex 14.8518 -10.3065 4
      vertex 14.7048 -10.3258 4
    endloop
  endfacet
  facet normal 0.130175 -0.991491 0
    outer loop
      vertex 14.8518 -10.3065 4
      vertex 14.7048 -10.3258 0
      vertex 14.8518 -10.3065 0
    endloop
  endfacet
  facet normal 0.737434 0.675419 0
    outer loop
      vertex 13.7979 -13.2021 4
      vertex 13.6977 -13.0927 0
      vertex 13.6977 -13.0927 4
    endloop
  endfacet
  facet normal 0.737434 0.675419 0
    outer loop
      vertex 13.6977 -13.0927 0
      vertex 13.7979 -13.2021 4
      vertex 13.7979 -13.2021 0
    endloop
  endfacet
  facet normal -0.843689 0.536832 0
    outer loop
      vertex 16.3926 -12.9751 0
      vertex 16.4722 -12.85 4
      vertex 16.4722 -12.85 0
    endloop
  endfacet
  facet normal -0.843689 0.536832 0
    outer loop
      vertex 16.4722 -12.85 4
      vertex 16.3926 -12.9751 0
      vertex 16.3926 -12.9751 4
    endloop
  endfacet
  facet normal 0.99904 0.0438175 0
    outer loop
      vertex 13.3065 -12.1482 4
      vertex 13.3 -12 0
      vertex 13.3 -12 4
    endloop
  endfacet
  facet normal 0.99904 0.0438175 0
    outer loop
      vertex 13.3 -12 0
      vertex 13.3065 -12.1482 4
      vertex 13.3065 -12.1482 0
    endloop
  endfacet
  facet normal 0.0438175 0.99904 -0
    outer loop
      vertex 15 -13.7 0
      vertex 14.8518 -13.6935 4
      vertex 15 -13.7 4
    endloop
  endfacet
  facet normal 0.0438175 0.99904 0
    outer loop
      vertex 14.8518 -13.6935 4
      vertex 15 -13.7 0
      vertex 14.8518 -13.6935 0
    endloop
  endfacet
  facet normal 0.991491 0.130175 0
    outer loop
      vertex 13.3258 -12.2952 4
      vertex 13.3065 -12.1482 0
      vertex 13.3065 -12.1482 4
    endloop
  endfacet
  facet normal 0.991491 0.130175 0
    outer loop
      vertex 13.3065 -12.1482 0
      vertex 13.3258 -12.2952 4
      vertex 13.3258 -12.2952 0
    endloop
  endfacet
  facet normal -0.46199 0.886885 0
    outer loop
      vertex 15.85 -13.4722 0
      vertex 15.7185 -13.5407 4
      vertex 15.85 -13.4722 4
    endloop
  endfacet
  facet normal -0.46199 0.886885 0
    outer loop
      vertex 15.7185 -13.5407 4
      vertex 15.85 -13.4722 0
      vertex 15.7185 -13.5407 0
    endloop
  endfacet
  facet normal 0.675419 0.737434 -0
    outer loop
      vertex 13.9073 -13.3023 0
      vertex 13.7979 -13.2021 4
      vertex 13.9073 -13.3023 4
    endloop
  endfacet
  facet normal 0.675419 0.737434 0
    outer loop
      vertex 13.7979 -13.2021 4
      vertex 13.9073 -13.3023 0
      vertex 13.7979 -13.2021 0
    endloop
  endfacet
  facet normal 0.609026 0.79315 -0
    outer loop
      vertex 14.0249 -13.3926 0
      vertex 13.9073 -13.3023 4
      vertex 14.0249 -13.3926 4
    endloop
  endfacet
  facet normal 0.609026 0.79315 0
    outer loop
      vertex 13.9073 -13.3023 4
      vertex 14.0249 -13.3926 0
      vertex 13.9073 -13.3023 0
    endloop
  endfacet
  facet normal -0.382749 -0.923853 0
    outer loop
      vertex 15.5814 -10.4025 0
      vertex 15.7185 -10.4593 4
      vertex 15.5814 -10.4025 4
    endloop
  endfacet
  facet normal -0.382749 -0.923853 -0
    outer loop
      vertex 15.7185 -10.4593 4
      vertex 15.5814 -10.4025 0
      vertex 15.7185 -10.4593 0
    endloop
  endfacet
  facet normal -0.300809 -0.953685 0
    outer loop
      vertex 15.44 -10.3579 0
      vertex 15.5814 -10.4025 4
      vertex 15.44 -10.3579 4
    endloop
  endfacet
  facet normal -0.300809 -0.953685 -0
    outer loop
      vertex 15.5814 -10.4025 4
      vertex 15.44 -10.3579 0
      vertex 15.5814 -10.4025 0
    endloop
  endfacet
  facet normal 0.216431 0.976298 -0
    outer loop
      vertex 14.7048 -13.6742 0
      vertex 14.56 -13.6421 4
      vertex 14.7048 -13.6742 4
    endloop
  endfacet
  facet normal 0.216431 0.976298 0
    outer loop
      vertex 14.56 -13.6421 4
      vertex 14.7048 -13.6742 0
      vertex 14.56 -13.6421 0
    endloop
  endfacet
  facet normal 0.536832 -0.843689 0
    outer loop
      vertex 14.0249 -10.6074 0
      vertex 14.15 -10.5278 4
      vertex 14.0249 -10.6074 4
    endloop
  endfacet
  facet normal 0.536832 -0.843689 0
    outer loop
      vertex 14.15 -10.5278 4
      vertex 14.0249 -10.6074 0
      vertex 14.15 -10.5278 0
    endloop
  endfacet
  facet normal 0.0438175 -0.99904 0
    outer loop
      vertex 14.8518 -10.3065 0
      vertex 15 -10.3 4
      vertex 14.8518 -10.3065 4
    endloop
  endfacet
  facet normal 0.0438175 -0.99904 0
    outer loop
      vertex 15 -10.3 4
      vertex 14.8518 -10.3065 0
      vertex 15 -10.3 0
    endloop
  endfacet
  facet normal 0.953685 -0.300809 0
    outer loop
      vertex 13.3579 -11.56 4
      vertex 13.4025 -11.4186 0
      vertex 13.4025 -11.4186 4
    endloop
  endfacet
  facet normal 0.953685 -0.300809 0
    outer loop
      vertex 13.4025 -11.4186 0
      vertex 13.3579 -11.56 4
      vertex 13.3579 -11.56 0
    endloop
  endfacet
  facet normal 0.886885 -0.46199 0
    outer loop
      vertex 13.4593 -11.2815 4
      vertex 13.5278 -11.15 0
      vertex 13.5278 -11.15 4
    endloop
  endfacet
  facet normal 0.886885 -0.46199 0
    outer loop
      vertex 13.5278 -11.15 0
      vertex 13.4593 -11.2815 4
      vertex 13.4593 -11.2815 0
    endloop
  endfacet
  facet normal -0.886885 0.46199 0
    outer loop
      vertex 16.4722 -12.85 0
      vertex 16.5407 -12.7185 4
      vertex 16.5407 -12.7185 0
    endloop
  endfacet
  facet normal -0.886885 0.46199 0
    outer loop
      vertex 16.5407 -12.7185 4
      vertex 16.4722 -12.85 0
      vertex 16.4722 -12.85 4
    endloop
  endfacet
  facet normal 0.79315 0.609026 0
    outer loop
      vertex 13.6977 10.9073 4
      vertex 13.6074 11.0249 0
      vertex 13.6074 11.0249 4
    endloop
  endfacet
  facet normal 0.79315 0.609026 0
    outer loop
      vertex 13.6074 11.0249 0
      vertex 13.6977 10.9073 4
      vertex 13.6977 10.9073 0
    endloop
  endfacet
  facet normal -0.0438175 -0.99904 0
    outer loop
      vertex 15 13.7 0
      vertex 15.1482 13.6935 4
      vertex 15 13.7 4
    endloop
  endfacet
  facet normal -0.0438175 -0.99904 -0
    outer loop
      vertex 15.1482 13.6935 4
      vertex 15 13.7 0
      vertex 15.1482 13.6935 0
    endloop
  endfacet
  facet normal 0.843689 0.536832 0
    outer loop
      vertex 13.6074 11.0249 4
      vertex 13.5278 11.15 0
      vertex 13.5278 11.15 4
    endloop
  endfacet
  facet normal 0.843689 0.536832 0
    outer loop
      vertex 13.5278 11.15 0
      vertex 13.6074 11.0249 4
      vertex 13.6074 11.0249 0
    endloop
  endfacet
  facet normal 0.300809 0.953685 -0
    outer loop
      vertex 14.56 10.3579 0
      vertex 14.4186 10.4025 4
      vertex 14.56 10.3579 4
    endloop
  endfacet
  facet normal 0.300809 0.953685 0
    outer loop
      vertex 14.4186 10.4025 4
      vertex 14.56 10.3579 0
      vertex 14.4186 10.4025 0
    endloop
  endfacet
  facet normal -0.382749 -0.923853 0
    outer loop
      vertex 15.5814 13.5975 0
      vertex 15.7185 13.5407 4
      vertex 15.5814 13.5975 4
    endloop
  endfacet
  facet normal -0.382749 -0.923853 -0
    outer loop
      vertex 15.7185 13.5407 4
      vertex 15.5814 13.5975 0
      vertex 15.7185 13.5407 0
    endloop
  endfacet
  facet normal 0.0438175 0.99904 -0
    outer loop
      vertex 15 10.3 0
      vertex 14.8518 10.3065 4
      vertex 15 10.3 4
    endloop
  endfacet
  facet normal 0.0438175 0.99904 0
    outer loop
      vertex 14.8518 10.3065 4
      vertex 15 10.3 0
      vertex 14.8518 10.3065 0
    endloop
  endfacet
  facet normal 0.923853 -0.382749 0
    outer loop
      vertex 13.4025 12.5814 4
      vertex 13.4593 12.7185 0
      vertex 13.4593 12.7185 4
    endloop
  endfacet
  facet normal 0.923853 -0.382749 0
    outer loop
      vertex 13.4593 12.7185 0
      vertex 13.4025 12.5814 4
      vertex 13.4025 12.5814 0
    endloop
  endfacet
  facet normal -0.216431 0.976298 0
    outer loop
      vertex 15.44 10.3579 0
      vertex 15.2952 10.3258 4
      vertex 15.44 10.3579 4
    endloop
  endfacet
  facet normal -0.216431 0.976298 0
    outer loop
      vertex 15.2952 10.3258 4
      vertex 15.44 10.3579 0
      vertex 15.2952 10.3258 0
    endloop
  endfacet
  facet normal -0.923853 -0.382749 0
    outer loop
      vertex 16.5975 12.5814 0
      vertex 16.5407 12.7185 4
      vertex 16.5407 12.7185 0
    endloop
  endfacet
  facet normal -0.923853 -0.382749 0
    outer loop
      vertex 16.5407 12.7185 4
      vertex 16.5975 12.5814 0
      vertex 16.5975 12.5814 4
    endloop
  endfacet
  facet normal -0.953685 -0.300809 0
    outer loop
      vertex 16.6421 12.44 0
      vertex 16.5975 12.5814 4
      vertex 16.5975 12.5814 0
    endloop
  endfacet
  facet normal -0.953685 -0.300809 0
    outer loop
      vertex 16.5975 12.5814 4
      vertex 16.6421 12.44 0
      vertex 16.6421 12.44 4
    endloop
  endfacet
  facet normal 0.675419 -0.737434 0
    outer loop
      vertex 13.7979 13.2021 0
      vertex 13.9073 13.3023 4
      vertex 13.7979 13.2021 4
    endloop
  endfacet
  facet normal 0.675419 -0.737434 0
    outer loop
      vertex 13.9073 13.3023 4
      vertex 13.7979 13.2021 0
      vertex 13.9073 13.3023 0
    endloop
  endfacet
  facet normal 0.300809 -0.953685 0
    outer loop
      vertex 14.4186 13.5975 0
      vertex 14.56 13.6421 4
      vertex 14.4186 13.5975 4
    endloop
  endfacet
  facet normal 0.300809 -0.953685 0
    outer loop
      vertex 14.56 13.6421 4
      vertex 14.4186 13.5975 0
      vertex 14.56 13.6421 0
    endloop
  endfacet
  facet normal -0.991491 -0.130175 0
    outer loop
      vertex 16.6935 12.1482 0
      vertex 16.6742 12.2952 4
      vertex 16.6742 12.2952 0
    endloop
  endfacet
  facet normal -0.991491 -0.130175 0
    outer loop
      vertex 16.6742 12.2952 4
      vertex 16.6935 12.1482 0
      vertex 16.6935 12.1482 4
    endloop
  endfacet
  facet normal -0.886885 -0.46199 0
    outer loop
      vertex 16.5407 12.7185 0
      vertex 16.4722 12.85 4
      vertex 16.4722 12.85 0
    endloop
  endfacet
  facet normal -0.886885 -0.46199 0
    outer loop
      vertex 16.4722 12.85 4
      vertex 16.5407 12.7185 0
      vertex 16.5407 12.7185 4
    endloop
  endfacet
  facet normal -0.216431 -0.976298 0
    outer loop
      vertex 15.2952 13.6742 0
      vertex 15.44 13.6421 4
      vertex 15.2952 13.6742 4
    endloop
  endfacet
  facet normal -0.216431 -0.976298 -0
    outer loop
      vertex 15.44 13.6421 4
      vertex 15.2952 13.6742 0
      vertex 15.44 13.6421 0
    endloop
  endfacet
  facet normal -0.130175 0.991491 0
    outer loop
      vertex 15.2952 10.3258 0
      vertex 15.1482 10.3065 4
      vertex 15.2952 10.3258 4
    endloop
  endfacet
  facet normal -0.130175 0.991491 0
    outer loop
      vertex 15.1482 10.3065 4
      vertex 15.2952 10.3258 0
      vertex 15.1482 10.3065 0
    endloop
  endfacet
  facet normal -0.991491 0.130175 0
    outer loop
      vertex 16.6742 11.7048 0
      vertex 16.6935 11.8518 4
      vertex 16.6935 11.8518 0
    endloop
  endfacet
  facet normal -0.991491 0.130175 0
    outer loop
      vertex 16.6935 11.8518 4
      vertex 16.6742 11.7048 0
      vertex 16.6742 11.7048 4
    endloop
  endfacet
  facet normal -0.99904 -0.0438175 0
    outer loop
      vertex 16.7 12 0
      vertex 16.6935 12.1482 4
      vertex 16.6935 12.1482 0
    endloop
  endfacet
  facet normal -0.99904 -0.0438175 0
    outer loop
      vertex 16.6935 12.1482 4
      vertex 16.7 12 0
      vertex 16.7 12 4
    endloop
  endfacet
  facet normal -0.300809 -0.953685 0
    outer loop
      vertex 15.44 13.6421 0
      vertex 15.5814 13.5975 4
      vertex 15.44 13.6421 4
    endloop
  endfacet
  facet normal -0.300809 -0.953685 -0
    outer loop
      vertex 15.5814 13.5975 4
      vertex 15.44 13.6421 0
      vertex 15.5814 13.5975 0
    endloop
  endfacet
  facet normal 0.130175 -0.991491 0
    outer loop
      vertex 14.7048 13.6742 0
      vertex 14.8518 13.6935 4
      vertex 14.7048 13.6742 4
    endloop
  endfacet
  facet normal 0.130175 -0.991491 0
    outer loop
      vertex 14.8518 13.6935 4
      vertex 14.7048 13.6742 0
      vertex 14.8518 13.6935 0
    endloop
  endfacet
  facet normal -0.99904 0.0438175 0
    outer loop
      vertex 16.6935 11.8518 0
      vertex 16.7 12 4
      vertex 16.7 12 0
    endloop
  endfacet
  facet normal -0.99904 0.0438175 0
    outer loop
      vertex 16.7 12 4
      vertex 16.6935 11.8518 0
      vertex 16.6935 11.8518 4
    endloop
  endfacet
  facet normal 0.536832 0.843689 -0
    outer loop
      vertex 14.15 10.5278 0
      vertex 14.0249 10.6074 4
      vertex 14.15 10.5278 4
    endloop
  endfacet
  facet normal 0.536832 0.843689 0
    outer loop
      vertex 14.0249 10.6074 4
      vertex 14.15 10.5278 0
      vertex 14.0249 10.6074 0
    endloop
  endfacet
  facet normal -0.976298 -0.216431 0
    outer loop
      vertex 16.6742 12.2952 0
      vertex 16.6421 12.44 4
      vertex 16.6421 12.44 0
    endloop
  endfacet
  facet normal -0.976298 -0.216431 0
    outer loop
      vertex 16.6421 12.44 4
      vertex 16.6742 12.2952 0
      vertex 16.6742 12.2952 4
    endloop
  endfacet
  facet normal 0.99904 -0.0438175 0
    outer loop
      vertex 13.3 12 4
      vertex 13.3065 12.1482 0
      vertex 13.3065 12.1482 4
    endloop
  endfacet
  facet normal 0.99904 -0.0438175 0
    outer loop
      vertex 13.3065 12.1482 0
      vertex 13.3 12 4
      vertex 13.3 12 0
    endloop
  endfacet
  facet normal 0.737434 -0.675419 0
    outer loop
      vertex 13.6977 13.0927 4
      vertex 13.7979 13.2021 0
      vertex 13.7979 13.2021 4
    endloop
  endfacet
  facet normal 0.737434 -0.675419 0
    outer loop
      vertex 13.7979 13.2021 0
      vertex 13.6977 13.0927 4
      vertex 13.6977 13.0927 0
    endloop
  endfacet
  facet normal -0.382749 0.923853 0
    outer loop
      vertex 15.7185 10.4593 0
      vertex 15.5814 10.4025 4
      vertex 15.7185 10.4593 4
    endloop
  endfacet
  facet normal -0.382749 0.923853 0
    outer loop
      vertex 15.5814 10.4025 4
      vertex 15.7185 10.4593 0
      vertex 15.5814 10.4025 0
    endloop
  endfacet
  facet normal 0.886885 0.46199 0
    outer loop
      vertex 13.5278 11.15 4
      vertex 13.4593 11.2815 0
      vertex 13.4593 11.2815 4
    endloop
  endfacet
  facet normal 0.886885 0.46199 0
    outer loop
      vertex 13.4593 11.2815 0
      vertex 13.5278 11.15 4
      vertex 13.5278 11.15 0
    endloop
  endfacet
  facet normal 0.46199 -0.886885 0
    outer loop
      vertex 14.15 13.4722 0
      vertex 14.2815 13.5407 4
      vertex 14.15 13.4722 4
    endloop
  endfacet
  facet normal 0.46199 -0.886885 0
    outer loop
      vertex 14.2815 13.5407 4
      vertex 14.15 13.4722 0
      vertex 14.2815 13.5407 0
    endloop
  endfacet
  facet normal 0.976298 0.216431 0
    outer loop
      vertex 13.3579 11.56 4
      vertex 13.3258 11.7048 0
      vertex 13.3258 11.7048 4
    endloop
  endfacet
  facet normal 0.976298 0.216431 0
    outer loop
      vertex 13.3258 11.7048 0
      vertex 13.3579 11.56 4
      vertex 13.3579 11.56 0
    endloop
  endfacet
  facet normal 0.216431 -0.976298 0
    outer loop
      vertex 14.56 13.6421 0
      vertex 14.7048 13.6742 4
      vertex 14.56 13.6421 4
    endloop
  endfacet
  facet normal 0.216431 -0.976298 0
    outer loop
      vertex 14.7048 13.6742 4
      vertex 14.56 13.6421 0
      vertex 14.7048 13.6742 0
    endloop
  endfacet
  facet normal 0.886885 -0.46199 0
    outer loop
      vertex 13.4593 12.7185 4
      vertex 13.5278 12.85 0
      vertex 13.5278 12.85 4
    endloop
  endfacet
  facet normal 0.886885 -0.46199 0
    outer loop
      vertex 13.5278 12.85 0
      vertex 13.4593 12.7185 4
      vertex 13.4593 12.7185 0
    endloop
  endfacet
  facet normal -0.300809 0.953685 0
    outer loop
      vertex 15.5814 10.4025 0
      vertex 15.44 10.3579 4
      vertex 15.5814 10.4025 4
    endloop
  endfacet
  facet normal -0.300809 0.953685 0
    outer loop
      vertex 15.44 10.3579 4
      vertex 15.5814 10.4025 0
      vertex 15.44 10.3579 0
    endloop
  endfacet
  facet normal 0.991491 -0.130175 0
    outer loop
      vertex 13.3065 12.1482 4
      vertex 13.3258 12.2952 0
      vertex 13.3258 12.2952 4
    endloop
  endfacet
  facet normal 0.991491 -0.130175 0
    outer loop
      vertex 13.3258 12.2952 0
      vertex 13.3065 12.1482 4
      vertex 13.3065 12.1482 0
    endloop
  endfacet
  facet normal -0.46199 0.886885 0
    outer loop
      vertex 15.85 10.5278 0
      vertex 15.7185 10.4593 4
      vertex 15.85 10.5278 4
    endloop
  endfacet
  facet normal -0.46199 0.886885 0
    outer loop
      vertex 15.7185 10.4593 4
      vertex 15.85 10.5278 0
      vertex 15.7185 10.4593 0
    endloop
  endfacet
  facet normal -0.609026 -0.79315 0
    outer loop
      vertex 15.9751 13.3926 0
      vertex 16.0927 13.3023 4
      vertex 15.9751 13.3926 4
    endloop
  endfacet
  facet normal -0.609026 -0.79315 -0
    outer loop
      vertex 16.0927 13.3023 4
      vertex 15.9751 13.3926 0
      vertex 16.0927 13.3023 0
    endloop
  endfacet
  facet normal 0.953685 0.300809 0
    outer loop
      vertex 13.4025 11.4186 4
      vertex 13.3579 11.56 0
      vertex 13.3579 11.56 4
    endloop
  endfacet
  facet normal 0.953685 0.300809 0
    outer loop
      vertex 13.3579 11.56 0
      vertex 13.4025 11.4186 4
      vertex 13.4025 11.4186 0
    endloop
  endfacet
  facet normal -0.843689 -0.536832 0
    outer loop
      vertex 16.4722 12.85 0
      vertex 16.3926 12.9751 4
      vertex 16.3926 12.9751 0
    endloop
  endfacet
  facet normal -0.843689 -0.536832 0
    outer loop
      vertex 16.3926 12.9751 4
      vertex 16.4722 12.85 0
      vertex 16.4722 12.85 4
    endloop
  endfacet
  facet normal 0.536832 -0.843689 0
    outer loop
      vertex 14.0249 13.3926 0
      vertex 14.15 13.4722 4
      vertex 14.0249 13.3926 4
    endloop
  endfacet
  facet normal 0.536832 -0.843689 0
    outer loop
      vertex 14.15 13.4722 4
      vertex 14.0249 13.3926 0
      vertex 14.15 13.4722 0
    endloop
  endfacet
  facet normal 0.0438175 -0.99904 0
    outer loop
      vertex 14.8518 13.6935 0
      vertex 15 13.7 4
      vertex 14.8518 13.6935 4
    endloop
  endfacet
  facet normal 0.0438175 -0.99904 0
    outer loop
      vertex 15 13.7 4
      vertex 14.8518 13.6935 0
      vertex 15 13.7 0
    endloop
  endfacet
  facet normal -0.0438175 0.99904 0
    outer loop
      vertex 15.1482 10.3065 0
      vertex 15 10.3 4
      vertex 15.1482 10.3065 4
    endloop
  endfacet
  facet normal -0.0438175 0.99904 0
    outer loop
      vertex 15 10.3 4
      vertex 15.1482 10.3065 0
      vertex 15 10.3 0
    endloop
  endfacet
  facet normal 0.216431 0.976298 -0
    outer loop
      vertex 14.7048 10.3258 0
      vertex 14.56 10.3579 4
      vertex 14.7048 10.3258 4
    endloop
  endfacet
  facet normal 0.216431 0.976298 0
    outer loop
      vertex 14.56 10.3579 4
      vertex 14.7048 10.3258 0
      vertex 14.56 10.3579 0
    endloop
  endfacet
  facet normal -0.675419 -0.737434 0
    outer loop
      vertex 16.0927 13.3023 0
      vertex 16.2021 13.2021 4
      vertex 16.0927 13.3023 4
    endloop
  endfacet
  facet normal -0.675419 -0.737434 -0
    outer loop
      vertex 16.2021 13.2021 4
      vertex 16.0927 13.3023 0
      vertex 16.2021 13.2021 0
    endloop
  endfacet
  facet normal 0.79315 -0.609026 0
    outer loop
      vertex 13.6074 12.9751 4
      vertex 13.6977 13.0927 0
      vertex 13.6977 13.0927 4
    endloop
  endfacet
  facet normal 0.79315 -0.609026 0
    outer loop
      vertex 13.6977 13.0927 0
      vertex 13.6074 12.9751 4
      vertex 13.6074 12.9751 0
    endloop
  endfacet
  facet normal 0.609026 -0.79315 0
    outer loop
      vertex 13.9073 13.3023 0
      vertex 14.0249 13.3926 4
      vertex 13.9073 13.3023 4
    endloop
  endfacet
  facet normal 0.609026 -0.79315 0
    outer loop
      vertex 14.0249 13.3926 4
      vertex 13.9073 13.3023 0
      vertex 14.0249 13.3926 0
    endloop
  endfacet
  facet normal -0.737434 -0.675419 0
    outer loop
      vertex 16.3023 13.0927 0
      vertex 16.2021 13.2021 4
      vertex 16.2021 13.2021 0
    endloop
  endfacet
  facet normal -0.737434 -0.675419 0
    outer loop
      vertex 16.2021 13.2021 4
      vertex 16.3023 13.0927 0
      vertex 16.3023 13.0927 4
    endloop
  endfacet
  facet normal 0.130175 0.991491 -0
    outer loop
      vertex 14.8518 10.3065 0
      vertex 14.7048 10.3258 4
      vertex 14.8518 10.3065 4
    endloop
  endfacet
  facet normal 0.130175 0.991491 0
    outer loop
      vertex 14.7048 10.3258 4
      vertex 14.8518 10.3065 0
      vertex 14.7048 10.3258 0
    endloop
  endfacet
  facet normal -0.843689 0.536832 0
    outer loop
      vertex 16.3926 11.0249 0
      vertex 16.4722 11.15 4
      vertex 16.4722 11.15 0
    endloop
  endfacet
  facet normal -0.843689 0.536832 0
    outer loop
      vertex 16.4722 11.15 4
      vertex 16.3926 11.0249 0
      vertex 16.3926 11.0249 4
    endloop
  endfacet
  facet normal 0.382749 -0.923853 0
    outer loop
      vertex 14.2815 13.5407 0
      vertex 14.4186 13.5975 4
      vertex 14.2815 13.5407 4
    endloop
  endfacet
  facet normal 0.382749 -0.923853 0
    outer loop
      vertex 14.4186 13.5975 4
      vertex 14.2815 13.5407 0
      vertex 14.4186 13.5975 0
    endloop
  endfacet
  facet normal 0.46199 0.886885 -0
    outer loop
      vertex 14.2815 10.4593 0
      vertex 14.15 10.5278 4
      vertex 14.2815 10.4593 4
    endloop
  endfacet
  facet normal 0.46199 0.886885 0
    outer loop
      vertex 14.15 10.5278 4
      vertex 14.2815 10.4593 0
      vertex 14.15 10.5278 0
    endloop
  endfacet
  facet normal 0.991491 0.130175 0
    outer loop
      vertex 13.3258 11.7048 4
      vertex 13.3065 11.8518 0
      vertex 13.3065 11.8518 4
    endloop
  endfacet
  facet normal 0.991491 0.130175 0
    outer loop
      vertex 13.3065 11.8518 0
      vertex 13.3258 11.7048 4
      vertex 13.3258 11.7048 0
    endloop
  endfacet
  facet normal -0.976298 0.216431 0
    outer loop
      vertex 16.6421 11.56 0
      vertex 16.6742 11.7048 4
      vertex 16.6742 11.7048 0
    endloop
  endfacet
  facet normal -0.976298 0.216431 0
    outer loop
      vertex 16.6742 11.7048 4
      vertex 16.6421 11.56 0
      vertex 16.6421 11.56 4
    endloop
  endfacet
  facet normal -0.923853 0.382749 0
    outer loop
      vertex 16.5407 11.2815 0
      vertex 16.5975 11.4186 4
      vertex 16.5975 11.4186 0
    endloop
  endfacet
  facet normal -0.923853 0.382749 0
    outer loop
      vertex 16.5975 11.4186 4
      vertex 16.5407 11.2815 0
      vertex 16.5407 11.2815 4
    endloop
  endfacet
  facet normal -0.737434 0.675419 0
    outer loop
      vertex 16.2021 10.7979 0
      vertex 16.3023 10.9073 4
      vertex 16.3023 10.9073 0
    endloop
  endfacet
  facet normal -0.737434 0.675419 0
    outer loop
      vertex 16.3023 10.9073 4
      vertex 16.2021 10.7979 0
      vertex 16.2021 10.7979 4
    endloop
  endfacet
  facet normal -0.79315 0.609026 0
    outer loop
      vertex 16.3023 10.9073 0
      vertex 16.3926 11.0249 4
      vertex 16.3926 11.0249 0
    endloop
  endfacet
  facet normal -0.79315 0.609026 0
    outer loop
      vertex 16.3926 11.0249 4
      vertex 16.3023 10.9073 0
      vertex 16.3023 10.9073 4
    endloop
  endfacet
  facet normal 0.609026 0.79315 -0
    outer loop
      vertex 14.0249 10.6074 0
      vertex 13.9073 10.6977 4
      vertex 14.0249 10.6074 4
    endloop
  endfacet
  facet normal 0.609026 0.79315 0
    outer loop
      vertex 13.9073 10.6977 4
      vertex 14.0249 10.6074 0
      vertex 13.9073 10.6977 0
    endloop
  endfacet
  facet normal 0.675419 0.737434 -0
    outer loop
      vertex 13.9073 10.6977 0
      vertex 13.7979 10.7979 4
      vertex 13.9073 10.6977 4
    endloop
  endfacet
  facet normal 0.675419 0.737434 0
    outer loop
      vertex 13.7979 10.7979 4
      vertex 13.9073 10.6977 0
      vertex 13.7979 10.7979 0
    endloop
  endfacet
  facet normal 0.923853 0.382749 0
    outer loop
      vertex 13.4593 11.2815 4
      vertex 13.4025 11.4186 0
      vertex 13.4025 11.4186 4
    endloop
  endfacet
  facet normal 0.923853 0.382749 0
    outer loop
      vertex 13.4025 11.4186 0
      vertex 13.4593 11.2815 4
      vertex 13.4593 11.2815 0
    endloop
  endfacet
  facet normal 0.843689 -0.536832 0
    outer loop
      vertex 13.5278 12.85 4
      vertex 13.6074 12.9751 0
      vertex 13.6074 12.9751 4
    endloop
  endfacet
  facet normal 0.843689 -0.536832 0
    outer loop
      vertex 13.6074 12.9751 0
      vertex 13.5278 12.85 4
      vertex 13.5278 12.85 0
    endloop
  endfacet
  facet normal -0.609026 0.79315 0
    outer loop
      vertex 16.0927 10.6977 0
      vertex 15.9751 10.6074 4
      vertex 16.0927 10.6977 4
    endloop
  endfacet
  facet normal -0.609026 0.79315 0
    outer loop
      vertex 15.9751 10.6074 4
      vertex 16.0927 10.6977 0
      vertex 15.9751 10.6074 0
    endloop
  endfacet
  facet normal 0.737434 0.675419 0
    outer loop
      vertex 13.7979 10.7979 4
      vertex 13.6977 10.9073 0
      vertex 13.6977 10.9073 4
    endloop
  endfacet
  facet normal 0.737434 0.675419 0
    outer loop
      vertex 13.6977 10.9073 0
      vertex 13.7979 10.7979 4
      vertex 13.7979 10.7979 0
    endloop
  endfacet
  facet normal 0.99904 0.0438175 0
    outer loop
      vertex 13.3065 11.8518 4
      vertex 13.3 12 0
      vertex 13.3 12 4
    endloop
  endfacet
  facet normal 0.99904 0.0438175 0
    outer loop
      vertex 13.3 12 0
      vertex 13.3065 11.8518 4
      vertex 13.3065 11.8518 0
    endloop
  endfacet
  facet normal -0.46199 -0.886885 0
    outer loop
      vertex 15.7185 13.5407 0
      vertex 15.85 13.4722 4
      vertex 15.7185 13.5407 4
    endloop
  endfacet
  facet normal -0.46199 -0.886885 -0
    outer loop
      vertex 15.85 13.4722 4
      vertex 15.7185 13.5407 0
      vertex 15.85 13.4722 0
    endloop
  endfacet
  facet normal -0.536832 -0.843689 0
    outer loop
      vertex 15.85 13.4722 0
      vertex 15.9751 13.3926 4
      vertex 15.85 13.4722 4
    endloop
  endfacet
  facet normal -0.536832 -0.843689 -0
    outer loop
      vertex 15.9751 13.3926 4
      vertex 15.85 13.4722 0
      vertex 15.9751 13.3926 0
    endloop
  endfacet
  facet normal 0.953685 -0.300809 0
    outer loop
      vertex 13.3579 12.44 4
      vertex 13.4025 12.5814 0
      vertex 13.4025 12.5814 4
    endloop
  endfacet
  facet normal 0.953685 -0.300809 0
    outer loop
      vertex 13.4025 12.5814 0
      vertex 13.3579 12.44 4
      vertex 13.3579 12.44 0
    endloop
  endfacet
  facet normal 0.976298 -0.216431 0
    outer loop
      vertex 13.3258 12.2952 4
      vertex 13.3579 12.44 0
      vertex 13.3579 12.44 4
    endloop
  endfacet
  facet normal 0.976298 -0.216431 0
    outer loop
      vertex 13.3579 12.44 0
      vertex 13.3258 12.2952 4
      vertex 13.3258 12.2952 0
    endloop
  endfacet
  facet normal -0.953685 0.300809 0
    outer loop
      vertex 16.5975 11.4186 0
      vertex 16.6421 11.56 4
      vertex 16.6421 11.56 0
    endloop
  endfacet
  facet normal -0.953685 0.300809 0
    outer loop
      vertex 16.6421 11.56 4
      vertex 16.5975 11.4186 0
      vertex 16.5975 11.4186 4
    endloop
  endfacet
  facet normal -0.536832 0.843689 0
    outer loop
      vertex 15.9751 10.6074 0
      vertex 15.85 10.5278 4
      vertex 15.9751 10.6074 4
    endloop
  endfacet
  facet normal -0.536832 0.843689 0
    outer loop
      vertex 15.85 10.5278 4
      vertex 15.9751 10.6074 0
      vertex 15.85 10.5278 0
    endloop
  endfacet
  facet normal -0.130175 -0.991491 0
    outer loop
      vertex 15.1482 13.6935 0
      vertex 15.2952 13.6742 4
      vertex 15.1482 13.6935 4
    endloop
  endfacet
  facet normal -0.130175 -0.991491 -0
    outer loop
      vertex 15.2952 13.6742 4
      vertex 15.1482 13.6935 0
      vertex 15.2952 13.6742 0
    endloop
  endfacet
  facet normal -0.79315 -0.609026 0
    outer loop
      vertex 16.3926 12.9751 0
      vertex 16.3023 13.0927 4
      vertex 16.3023 13.0927 0
    endloop
  endfacet
  facet normal -0.79315 -0.609026 0
    outer loop
      vertex 16.3023 13.0927 4
      vertex 16.3926 12.9751 0
      vertex 16.3926 12.9751 4
    endloop
  endfacet
  facet normal 0.382749 0.923853 -0
    outer loop
      vertex 14.4186 10.4025 0
      vertex 14.2815 10.4593 4
      vertex 14.4186 10.4025 4
    endloop
  endfacet
  facet normal 0.382749 0.923853 0
    outer loop
      vertex 14.2815 10.4593 4
      vertex 14.4186 10.4025 0
      vertex 14.2815 10.4593 0
    endloop
  endfacet
  facet normal -0.886885 0.46199 0
    outer loop
      vertex 16.4722 11.15 0
      vertex 16.5407 11.2815 4
      vertex 16.5407 11.2815 0
    endloop
  endfacet
  facet normal -0.886885 0.46199 0
    outer loop
      vertex 16.5407 11.2815 4
      vertex 16.4722 11.15 0
      vertex 16.4722 11.15 4
    endloop
  endfacet
  facet normal -0.675419 0.737434 0
    outer loop
      vertex 16.2021 10.7979 0
      vertex 16.0927 10.6977 4
      vertex 16.2021 10.7979 4
    endloop
  endfacet
  facet normal -0.675419 0.737434 0
    outer loop
      vertex 16.0927 10.6977 4
      vertex 16.2021 10.7979 0
      vertex 16.0927 10.6977 0
    endloop
  endfacet
  facet normal -0.461735 -0.887018 0
    outer loop
      vertex -17.5 -16.3301 0
      vertex -17.1131 -16.5315 4
      vertex -17.5 -16.3301 4
    endloop
  endfacet
  facet normal -0.461735 -0.887018 -0
    outer loop
      vertex -17.1131 -16.5315 4
      vertex -17.5 -16.3301 0
      vertex -17.1131 -16.5315 0
    endloop
  endfacet
  facet normal -0.130692 -0.991423 0
    outer loop
      vertex -15.8682 -16.924 0
      vertex -15.4358 -16.981 4
      vertex -15.8682 -16.924 4
    endloop
  endfacet
  facet normal -0.130692 -0.991423 -0
    outer loop
      vertex -15.4358 -16.981 4
      vertex -15.8682 -16.924 0
      vertex -15.4358 -16.981 0
    endloop
  endfacet
  facet normal -0.0435566 -0.999051 0
    outer loop
      vertex -15.4358 -16.981 0
      vertex -15 -17 4
      vertex -15.4358 -16.981 4
    endloop
  endfacet
  facet normal -0.0435566 -0.999051 -0
    outer loop
      vertex -15 -17 4
      vertex -15.4358 -16.981 0
      vertex -15 -17 0
    endloop
  endfacet
  facet normal -0.991423 0.130692 0
    outer loop
      vertex -19.981 12.4358 0
      vertex -19.924 12.8682 4
      vertex -19.924 12.8682 0
    endloop
  endfacet
  facet normal -0.991423 0.130692 0
    outer loop
      vertex -19.924 12.8682 4
      vertex -19.981 12.4358 0
      vertex -19.981 12.4358 4
    endloop
  endfacet
  facet normal 0.216396 -0.976306 0
    outer loop
      vertex 15.8682 -16.924 0
      vertex 16.2941 -16.8296 4
      vertex 15.8682 -16.924 4
    endloop
  endfacet
  facet normal 0.216396 -0.976306 0
    outer loop
      vertex 16.2941 -16.8296 4
      vertex 15.8682 -16.924 0
      vertex 16.2941 -16.8296 0
    endloop
  endfacet
  facet normal 0.0435566 -0.999051 0
    outer loop
      vertex 15 -17 0
      vertex 15.4358 -16.981 4
      vertex 15 -17 4
    endloop
  endfacet
  facet normal 0.0435566 -0.999051 0
    outer loop
      vertex 15.4358 -16.981 4
      vertex 15 -17 0
      vertex 15.4358 -16.981 0
    endloop
  endfacet
  facet normal -0.737268 -0.6756 0
    outer loop
      vertex -18.5355 -15.5355 0
      vertex -18.8302 -15.2139 4
      vertex -18.8302 -15.2139 0
    endloop
  endfacet
  facet normal -0.737268 -0.6756 0
    outer loop
      vertex -18.8302 -15.2139 4
      vertex -18.5355 -15.5355 0
      vertex -18.5355 -15.5355 4
    endloop
  endfacet
  facet normal -0.216396 0.976306 0
    outer loop
      vertex -15.8682 16.924 0
      vertex -16.2941 16.8296 4
      vertex -15.8682 16.924 4
    endloop
  endfacet
  facet normal -0.216396 0.976306 0
    outer loop
      vertex -16.2941 16.8296 4
      vertex -15.8682 16.924 0
      vertex -16.2941 16.8296 0
    endloop
  endfacet
  facet normal -0.130692 0.991423 0
    outer loop
      vertex -15.4358 16.981 0
      vertex -15.8682 16.924 4
      vertex -15.4358 16.981 4
    endloop
  endfacet
  facet normal -0.130692 0.991423 0
    outer loop
      vertex -15.8682 16.924 4
      vertex -15.4358 16.981 0
      vertex -15.8682 16.924 0
    endloop
  endfacet
  facet normal 0.130692 -0.991423 0
    outer loop
      vertex 15.4358 -16.981 0
      vertex 15.8682 -16.924 4
      vertex 15.4358 -16.981 4
    endloop
  endfacet
  facet normal 0.130692 -0.991423 0
    outer loop
      vertex 15.8682 -16.924 4
      vertex 15.4358 -16.981 0
      vertex 15.8682 -16.924 0
    endloop
  endfacet
  facet normal 0 -1 0
    outer loop
      vertex -15 -17 0
      vertex 15 -17 4
      vertex -15 -17 4
    endloop
  endfacet
  facet normal 0 -1 -0
    outer loop
      vertex 15 -17 4
      vertex -15 -17 0
      vertex 15 -17 0
    endloop
  endfacet
  facet normal 0.608913 -0.793237 0
    outer loop
      vertex 17.8679 -16.0958 0
      vertex 18.2139 -15.8302 4
      vertex 17.8679 -16.0958 4
    endloop
  endfacet
  facet normal 0.608913 -0.793237 0
    outer loop
      vertex 18.2139 -15.8302 4
      vertex 17.8679 -16.0958 0
      vertex 18.2139 -15.8302 0
    endloop
  endfacet
  facet normal -0.737268 0.6756 0
    outer loop
      vertex -18.8302 15.2139 0
      vertex -18.5355 15.5355 4
      vertex -18.5355 15.5355 0
    endloop
  endfacet
  facet normal -0.737268 0.6756 0
    outer loop
      vertex -18.5355 15.5355 4
      vertex -18.8302 15.2139 0
      vertex -18.8302 15.2139 4
    endloop
  endfacet
  facet normal 0 1 -0
    outer loop
      vertex 15 17 0
      vertex -15 17 4
      vertex 15 17 4
    endloop
  endfacet
  facet normal 0 1 0
    outer loop
      vertex -15 17 4
      vertex 15 17 0
      vertex -15 17 0
    endloop
  endfacet
  facet normal 0.887018 -0.461735 0
    outer loop
      vertex 19.3301 -14.5 4
      vertex 19.5315 -14.1131 0
      vertex 19.5315 -14.1131 4
    endloop
  endfacet
  facet normal 0.887018 -0.461735 0
    outer loop
      vertex 19.5315 -14.1131 0
      vertex 19.3301 -14.5 4
      vertex 19.3301 -14.5 0
    endloop
  endfacet
  facet normal -0.608913 0.793237 0
    outer loop
      vertex -17.8679 16.0958 0
      vertex -18.2139 15.8302 4
      vertex -17.8679 16.0958 4
    endloop
  endfacet
  facet normal -0.608913 0.793237 0
    outer loop
      vertex -18.2139 15.8302 4
      vertex -17.8679 16.0958 0
      vertex -18.2139 15.8302 0
    endloop
  endfacet
  facet normal -0.999051 0.0435566 0
    outer loop
      vertex -20 12 0
      vertex -19.981 12.4358 4
      vertex -19.981 12.4358 0
    endloop
  endfacet
  facet normal -0.999051 0.0435566 0
    outer loop
      vertex -19.981 12.4358 4
      vertex -20 12 0
      vertex -20 12 4
    endloop
  endfacet
  facet normal 0.300572 -0.953759 0
    outer loop
      vertex 16.2941 -16.8296 0
      vertex 16.7101 -16.6985 4
      vertex 16.2941 -16.8296 4
    endloop
  endfacet
  facet normal 0.300572 -0.953759 0
    outer loop
      vertex 16.7101 -16.6985 4
      vertex 16.2941 -16.8296 0
      vertex 16.7101 -16.6985 0
    endloop
  endfacet
  facet normal -0.382824 -0.923821 0
    outer loop
      vertex -17.1131 -16.5315 0
      vertex -16.7101 -16.6985 4
      vertex -17.1131 -16.5315 4
    endloop
  endfacet
  facet normal -0.382824 -0.923821 -0
    outer loop
      vertex -16.7101 -16.6985 4
      vertex -17.1131 -16.5315 0
      vertex -16.7101 -16.6985 0
    endloop
  endfacet
  facet normal -0.923821 0.382824 0
    outer loop
      vertex -19.6985 13.7101 0
      vertex -19.5315 14.1131 4
      vertex -19.5315 14.1131 0
    endloop
  endfacet
  facet normal -0.923821 0.382824 0
    outer loop
      vertex -19.5315 14.1131 4
      vertex -19.6985 13.7101 0
      vertex -19.6985 13.7101 4
    endloop
  endfacet
  facet normal -0.0435566 0.999051 0
    outer loop
      vertex -15 17 0
      vertex -15.4358 16.981 4
      vertex -15 17 4
    endloop
  endfacet
  facet normal -0.0435566 0.999051 0
    outer loop
      vertex -15.4358 16.981 4
      vertex -15 17 0
      vertex -15.4358 16.981 0
    endloop
  endfacet
  facet normal 0.608913 0.793237 -0
    outer loop
      vertex 18.2139 15.8302 0
      vertex 17.8679 16.0958 4
      vertex 18.2139 15.8302 4
    endloop
  endfacet
  facet normal 0.608913 0.793237 0
    outer loop
      vertex 17.8679 16.0958 4
      vertex 18.2139 15.8302 0
      vertex 17.8679 16.0958 0
    endloop
  endfacet
  facet normal -0.300572 0.953759 0
    outer loop
      vertex -16.2941 16.8296 0
      vertex -16.7101 16.6985 4
      vertex -16.2941 16.8296 4
    endloop
  endfacet
  facet normal -0.300572 0.953759 0
    outer loop
      vertex -16.7101 16.6985 4
      vertex -16.2941 16.8296 0
      vertex -16.7101 16.6985 0
    endloop
  endfacet
  facet normal 0.461735 0.887018 -0
    outer loop
      vertex 17.5 16.3301 0
      vertex 17.1131 16.5315 4
      vertex 17.5 16.3301 4
    endloop
  endfacet
  facet normal 0.461735 0.887018 0
    outer loop
      vertex 17.1131 16.5315 4
      vertex 17.5 16.3301 0
      vertex 17.1131 16.5315 0
    endloop
  endfacet
  facet normal -0 0 -1
    outer loop
      vertex -8.59808 -7.5 0
      vertex -13.6977 -10.9073 0
      vertex -8.71892 -7.26785 0
    endloop
  endfacet
  facet normal 0 0 -1
    outer loop
      vertex -9 6 0
      vertex -13.3065 11.8518 0
      vertex -13.3 12 0
    endloop
  endfacet
  facet normal 0 0 -1
    outer loop
      vertex -13.7979 -10.7979 0
      vertex -8.71892 -7.26785 0
      vertex -13.6977 -10.9073 0
    endloop
  endfacet
  facet normal 0 0 -1
    outer loop
      vertex -9 6 0
      vertex -13.3258 11.7048 0
      vertex -13.3065 11.8518 0
    endloop
  endfacet
  facet normal 0 0 -1
    outer loop
      vertex -13.9073 -10.6977 0
      vertex -8.71892 -7.26785 0
      vertex -13.7979 -10.7979 0
    endloop
  endfacet
  facet normal 0 0 -1
    outer loop
      vertex -9 6 0
      vertex -13.3579 11.56 0
      vertex -13.3258 11.7048 0
    endloop
  endfacet
  facet normal -0 0 -1
    outer loop
      vertex -8.71892 -7.26785 0
      vertex -13.9073 -10.6977 0
      vertex -8.81908 -7.02606 0
    endloop
  endfacet
  facet normal 0 0 -1
    outer loop
      vertex -9 6 0
      vertex -13.4025 11.4186 0
      vertex -13.3579 11.56 0
    endloop
  endfacet
  facet normal 0 0 -1
    outer loop
      vertex -14.0249 -10.6074 0
      vertex -8.81908 -7.02606 0
      vertex -13.9073 -10.6977 0
    endloop
  endfacet
  facet normal 0 0 -1
    outer loop
      vertex -9 6 0
      vertex -13.4593 11.2815 0
      vertex -13.4025 11.4186 0
    endloop
  endfacet
  facet normal -0 0 -1
    outer loop
      vertex -8.81908 -7.02606 0
      vertex -14.0249 -10.6074 0
      vertex -8.89778 -6.77646 0
    endloop
  endfacet
  facet normal 0 0 -1
    outer loop
      vertex -9 6 0
      vertex -13.5278 11.15 0
      vertex -13.4593 11.2815 0
    endloop
  endfacet
  facet normal 0 0 -1
    outer loop
      vertex -14.15 -10.5278 0
      vertex -8.89778 -6.77646 0
      vertex -14.0249 -10.6074 0
    endloop
  endfacet
  facet normal 0 0 -1
    outer loop
      vertex -9 6 0
      vertex -13.6074 11.0249 0
      vertex -13.5278 11.15 0
    endloop
  endfacet
  facet normal -0 0 -1
    outer loop
      vertex -8.89778 -6.77646 0
      vertex -14.15 -10.5278 0
      vertex -8.95442 -6.52095 0
    endloop
  endfacet
  facet normal 0 0 -1
    outer loop
      vertex -9 6 0
      vertex -13.6977 10.9073 0
      vertex -13.6074 11.0249 0
    endloop
  endfacet
  facet normal 0 0 -1
    outer loop
      vertex -14.2815 -10.4593 0
      vertex -8.95442 -6.52095 0
      vertex -14.15 -10.5278 0
    endloop
  endfacet
  facet normal 0 0 -1
    outer loop
      vertex -9 6 0
      vertex -13.7979 10.7979 0
      vertex -13.6977 10.9073 0
    endloop
  endfacet
  facet normal -0 0 -1
    outer loop
      vertex -8.95442 -6.52095 0
      vertex -14.2815 -10.4593 0
      vertex -8.98859 -6.26147 0
    endloop
  endfacet
  facet normal 0 0 -1
    outer loop
      vertex -9 6 0
      vertex -13.9073 10.6977 0
      vertex -13.7979 10.7979 0
    endloop
  endfacet
  facet normal 0 0 -1
    outer loop
      vertex -14.4186 -10.4025 0
      vertex -8.98859 -6.26147 0
      vertex -14.2815 -10.4593 0
    endloop
  endfacet
  facet normal 0 0 -1
    outer loop
      vertex -9 6 0
      vertex -14.0249 10.6074 0
      vertex -13.9073 10.6977 0
    endloop
  endfacet
  facet normal -0 0 -1
    outer loop
      vertex -8.98859 -6.26147 0
      vertex -14.4186 -10.4025 0
      vertex -9 -6 0
    endloop
  endfacet
  facet normal 0 0 -1
    outer loop
      vertex -9 6 0
      vertex -14.15 10.5278 0
      vertex -14.0249 10.6074 0
    endloop
  endfacet
  facet normal 0 0 -1
    outer loop
      vertex -14.56 -10.3579 0
      vertex -9 -6 0
      vertex -14.4186 -10.4025 0
    endloop
  endfacet
  facet normal 0 0 -1
    outer loop
      vertex -9 6 0
      vertex -14.2815 10.4593 0
      vertex -14.15 10.5278 0
    endloop
  endfacet
  facet normal 0 0 -1
    outer loop
      vertex -14.7048 -10.3258 0
      vertex -9 -6 0
      vertex -14.56 -10.3579 0
    endloop
  endfacet
  facet normal 0 0 -1
    outer loop
      vertex -9 6 0
      vertex -14.4186 10.4025 0
      vertex -14.2815 10.4593 0
    endloop
  endfacet
  facet normal 0 0 -1
    outer loop
      vertex -14.8518 -10.3065 0
      vertex -9 -6 0
      vertex -14.7048 -10.3258 0
    endloop
  endfacet
  facet normal 0 0 -1
    outer loop
      vertex -9 6 0
      vertex -14.56 10.3579 0
      vertex -14.4186 10.4025 0
    endloop
  endfacet
  facet normal 0 0 -1
    outer loop
      vertex -15 -10.3 0
      vertex -9 -6 0
      vertex -14.8518 -10.3065 0
    endloop
  endfacet
  facet normal 0 0 -1
    outer loop
      vertex -9 6 0
      vertex -14.7048 10.3258 0
      vertex -14.56 10.3579 0
    endloop
  endfacet
  facet normal 0 0 -1
    outer loop
      vertex -15.1482 -10.3065 0
      vertex -9 -6 0
      vertex -15 -10.3 0
    endloop
  endfacet
  facet normal 0 0 -1
    outer loop
      vertex -9 6 0
      vertex -14.8518 10.3065 0
      vertex -14.7048 10.3258 0
    endloop
  endfacet
  facet normal 0 0 -1
    outer loop
      vertex -15.2952 -10.3258 0
      vertex -9 -6 0
      vertex -15.1482 -10.3065 0
    endloop
  endfacet
  facet normal 0 0 -1
    outer loop
      vertex -9 6 0
      vertex -15 10.3 0
      vertex -14.8518 10.3065 0
    endloop
  endfacet
  facet normal -0 0 -1
    outer loop
      vertex -9 -6 0
      vertex -15.2952 -10.3258 0
      vertex -9 6 0
    endloop
  endfacet
  facet normal 0 0 -1
    outer loop
      vertex -9 6 0
      vertex -15.1482 10.3065 0
      vertex -15 10.3 0
    endloop
  endfacet
  facet normal 0 0 -1
    outer loop
      vertex -15.2952 10.3258 0
      vertex -9 6 0
      vertex -15.2952 -10.3258 0
    endloop
  endfacet
  facet normal 0 0 -1
    outer loop
      vertex -9 6 0
      vertex -15.2952 10.3258 0
      vertex -15.1482 10.3065 0
    endloop
  endfacet
  facet normal 0 0 -1
    outer loop
      vertex -15.44 -10.3579 0
      vertex -15.2952 10.3258 0
      vertex -15.2952 -10.3258 0
    endloop
  endfacet
  facet normal 0 0 -1
    outer loop
      vertex -15.44 -10.3579 0
      vertex -15.44 10.3579 0
      vertex -15.2952 10.3258 0
    endloop
  endfacet
  facet normal 0 0 -1
    outer loop
      vertex -15.5814 -10.4025 0
      vertex -15.44 10.3579 0
      vertex -15.44 -10.3579 0
    endloop
  endfacet
  facet normal 0 0 -1
    outer loop
      vertex -15.5814 -10.4025 0
      vertex -15.5814 10.4025 0
      vertex -15.44 10.3579 0
    endloop
  endfacet
  facet normal 0 0 -1
    outer loop
      vertex -15.7185 -10.4593 0
      vertex -15.5814 10.4025 0
      vertex -15.5814 -10.4025 0
    endloop
  endfacet
  facet normal 0 0 -1
    outer loop
      vertex -15.7185 -10.4593 0
      vertex -15.7185 10.4593 0
      vertex -15.5814 10.4025 0
    endloop
  endfacet
  facet normal 0 0 -1
    outer loop
      vertex -15.85 -10.5278 0
      vertex -15.7185 10.4593 0
      vertex -15.7185 -10.4593 0
    endloop
  endfacet
  facet normal 0 0 -1
    outer loop
      vertex -15.85 -10.5278 0
      vertex -15.85 10.5278 0
      vertex -15.7185 10.4593 0
    endloop
  endfacet
  facet normal 0 0 -1
    outer loop
      vertex -20 -12 0
      vertex -15.85 -10.5278 0
      vertex -15.9751 -10.6074 0
    endloop
  endfacet
  facet normal -0 0 -1
    outer loop
      vertex -15.85 -10.5278 0
      vertex -20 -12 0
      vertex -15.85 10.5278 0
    endloop
  endfacet
  facet normal 0 0 -1
    outer loop
      vertex -20 -12 0
      vertex -15.9751 -10.6074 0
      vertex -16.0927 -10.6977 0
    endloop
  endfacet
  facet normal 0 0 -1
    outer loop
      vertex -20 12 0
      vertex -15.85 10.5278 0
      vertex -20 -12 0
    endloop
  endfacet
  facet normal 0 0 -1
    outer loop
      vertex -20 -12 0
      vertex -16.0927 -10.6977 0
      vertex -16.2021 -10.7979 0
    endloop
  endfacet
  facet normal 0 0 -1
    outer loop
      vertex -15.85 10.5278 0
      vertex -20 12 0
      vertex -15.9751 10.6074 0
    endloop
  endfacet
  facet normal 0 0 -1
    outer loop
      vertex -20 -12 0
      vertex -16.2021 -10.7979 0
      vertex -16.3023 -10.9073 0
    endloop
  endfacet
  facet normal 0 0 -1
    outer loop
      vertex -15.9751 10.6074 0
      vertex -20 12 0
      vertex -16.0927 10.6977 0
    endloop
  endfacet
  facet normal 0 0 -1
    outer loop
      vertex -20 -12 0
      vertex -16.3023 -10.9073 0
      vertex -16.3926 -11.0249 0
    endloop
  endfacet
  facet normal 0 0 -1
    outer loop
      vertex -16.0927 10.6977 0
      vertex -20 12 0
      vertex -16.2021 10.7979 0
    endloop
  endfacet
  facet normal 0 0 -1
    outer loop
      vertex -20 -12 0
      vertex -16.3926 -11.0249 0
      vertex -16.4722 -11.15 0
    endloop
  endfacet
  facet normal 0 0 -1
    outer loop
      vertex -16.2021 10.7979 0
      vertex -20 12 0
      vertex -16.3023 10.9073 0
    endloop
  endfacet
  facet normal 0 0 -1
    outer loop
      vertex -20 -12 0
      vertex -16.4722 -11.15 0
      vertex -16.5407 -11.2815 0
    endloop
  endfacet
  facet normal 0 0 -1
    outer loop
      vertex -16.3023 10.9073 0
      vertex -20 12 0
      vertex -16.3926 11.0249 0
    endloop
  endfacet
  facet normal 0 0 -1
    outer loop
      vertex -20 -12 0
      vertex -16.5407 -11.2815 0
      vertex -16.5975 -11.4186 0
    endloop
  endfacet
  facet normal 0 0 -1
    outer loop
      vertex -16.3926 11.0249 0
      vertex -20 12 0
      vertex -16.4722 11.15 0
    endloop
  endfacet
  facet normal 0 0 -1
    outer loop
      vertex -20 -12 0
      vertex -16.5975 -11.4186 0
      vertex -16.6421 -11.56 0
    endloop
  endfacet
  facet normal 0 0 -1
    outer loop
      vertex -16.4722 11.15 0
      vertex -20 12 0
      vertex -16.5407 11.2815 0
    endloop
  endfacet
  facet normal 0 0 -1
    outer loop
      vertex -20 -12 0
      vertex -16.6421 -11.56 0
      vertex -16.6742 -11.7048 0
    endloop
  endfacet
  facet normal 0 0 -1
    outer loop
      vertex -16.5407 11.2815 0
      vertex -20 12 0
      vertex -16.5975 11.4186 0
    endloop
  endfacet
  facet normal 0 0 -1
    outer loop
      vertex -20 -12 0
      vertex -16.6742 -11.7048 0
      vertex -16.6935 -11.8518 0
    endloop
  endfacet
  facet normal 0 0 -1
    outer loop
      vertex -16.5975 11.4186 0
      vertex -20 12 0
      vertex -16.6421 11.56 0
    endloop
  endfacet
  facet normal 0 0 -1
    outer loop
      vertex -20 -12 0
      vertex -16.6935 -11.8518 0
      vertex -16.7 -12 0
    endloop
  endfacet
  facet normal 0 0 -1
    outer loop
      vertex -16.6421 11.56 0
      vertex -20 12 0
      vertex -16.6742 11.7048 0
    endloop
  endfacet
  facet normal 0 0 -1
    outer loop
      vertex 16.6421 -11.56 0
      vertex 20 -12 0
      vertex 16.6742 -11.7048 0
    endloop
  endfacet
  facet normal -0 0 -1
    outer loop
      vertex 20 12 0
      vertex 16.6935 11.8518 0
      vertex 16.7 12 0
    endloop
  endfacet
  facet normal 0 0 -1
    outer loop
      vertex 16.5975 -11.4186 0
      vertex 20 -12 0
      vertex 16.6421 -11.56 0
    endloop
  endfacet
  facet normal 0 0 -1
    outer loop
      vertex 20 12 0
      vertex 16.6742 11.7048 0
      vertex 16.6935 11.8518 0
    endloop
  endfacet
  facet normal 0 0 -1
    outer loop
      vertex 16.5407 -11.2815 0
      vertex 20 -12 0
      vertex 16.5975 -11.4186 0
    endloop
  endfacet
  facet normal 0 0 -1
    outer loop
      vertex 20 12 0
      vertex 16.6421 11.56 0
      vertex 16.6742 11.7048 0
    endloop
  endfacet
  facet normal 0 0 -1
    outer loop
      vertex 16.4722 -11.15 0
      vertex 20 -12 0
      vertex 16.5407 -11.2815 0
    endloop
  endfacet
  facet normal 0 0 -1
    outer loop
      vertex 20 12 0
      vertex 16.5975 11.4186 0
      vertex 16.6421 11.56 0
    endloop
  endfacet
  facet normal 0 0 -1
    outer loop
      vertex 16.3926 -11.0249 0
      vertex 20 -12 0
      vertex 16.4722 -11.15 0
    endloop
  endfacet
  facet normal 0 0 -1
    outer loop
      vertex 20 12 0
      vertex 16.5407 11.2815 0
      vertex 16.5975 11.4186 0
    endloop
  endfacet
  facet normal 0 0 -1
    outer loop
      vertex 16.3023 -10.9073 0
      vertex 20 -12 0
      vertex 16.3926 -11.0249 0
    endloop
  endfacet
  facet normal 0 0 -1
    outer loop
      vertex 20 12 0
      vertex 16.4722 11.15 0
      vertex 16.5407 11.2815 0
    endloop
  endfacet
  facet normal 0 0 -1
    outer loop
      vertex 16.2021 -10.7979 0
      vertex 20 -12 0
      vertex 16.3023 -10.9073 0
    endloop
  endfacet
  facet normal 0 0 -1
    outer loop
      vertex 20 12 0
      vertex 16.3926 11.0249 0
      vertex 16.4722 11.15 0
    endloop
  endfacet
  facet normal 0 0 -1
    outer loop
      vertex 16.0927 -10.6977 0
      vertex 20 -12 0
      vertex 16.2021 -10.7979 0
    endloop
  endfacet
  facet normal 0 0 -1
    outer loop
      vertex 20 12 0
      vertex 16.3023 10.9073 0
      vertex 16.3926 11.0249 0
    endloop
  endfacet
  facet normal 0 0 -1
    outer loop
      vertex 15.9751 -10.6074 0
      vertex 20 -12 0
      vertex 16.0927 -10.6977 0
    endloop
  endfacet
  facet normal 0 0 -1
    outer loop
      vertex 20 12 0
      vertex 16.2021 10.7979 0
      vertex 16.3023 10.9073 0
    endloop
  endfacet
  facet normal 0 0 -1
    outer loop
      vertex 15.85 -10.5278 0
      vertex 20 -12 0
      vertex 15.9751 -10.6074 0
    endloop
  endfacet
  facet normal 0 0 -1
    outer loop
      vertex 20 12 0
      vertex 16.0927 10.6977 0
      vertex 16.2021 10.7979 0
    endloop
  endfacet
  facet normal 0 0 -1
    outer loop
      vertex 20 -12 0
      vertex 15.85 -10.5278 0
      vertex 20 12 0
    endloop
  endfacet
  facet normal 0 0 -1
    outer loop
      vertex 20 12 0
      vertex 15.9751 10.6074 0
      vertex 16.0927 10.6977 0
    endloop
  endfacet
  facet normal 0 0 -1
    outer loop
      vertex 15.85 10.5278 0
      vertex 20 12 0
      vertex 15.85 -10.5278 0
    endloop
  endfacet
  facet normal 0 0 -1
    outer loop
      vertex 20 12 0
      vertex 15.85 10.5278 0
      vertex 15.9751 10.6074 0
    endloop
  endfacet
  facet normal 0 0 -1
    outer loop
      vertex 15.7185 -10.4593 0
      vertex 15.85 10.5278 0
      vertex 15.85 -10.5278 0
    endloop
  endfacet
  facet normal 0 0 -1
    outer loop
      vertex 15.7185 -10.4593 0
      vertex 15.7185 10.4593 0
      vertex 15.85 10.5278 0
    endloop
  endfacet
  facet normal 0 0 -1
    outer loop
      vertex 15.5814 -10.4025 0
      vertex 15.7185 10.4593 0
      vertex 15.7185 -10.4593 0
    endloop
  endfacet
  facet normal 0 0 -1
    outer loop
      vertex 15.5814 -10.4025 0
      vertex 15.5814 10.4025 0
      vertex 15.7185 10.4593 0
    endloop
  endfacet
  facet normal 0 0 -1
    outer loop
      vertex 15.44 -10.3579 0
      vertex 15.5814 10.4025 0
      vertex 15.5814 -10.4025 0
    endloop
  endfacet
  facet normal 0 0 -1
    outer loop
      vertex 15.44 -10.3579 0
      vertex 15.44 10.3579 0
      vertex 15.5814 10.4025 0
    endloop
  endfacet
  facet normal 0 0 -1
    outer loop
      vertex 15.2952 -10.3258 0
      vertex 15.44 10.3579 0
      vertex 15.44 -10.3579 0
    endloop
  endfacet
  facet normal 0 0 -1
    outer loop
      vertex 15.2952 -10.3258 0
      vertex 15.2952 10.3258 0
      vertex 15.44 10.3579 0
    endloop
  endfacet
  facet normal 0 0 -1
    outer loop
      vertex 9 -6 0
      vertex 15.2952 -10.3258 0
      vertex 15.1482 -10.3065 0
    endloop
  endfacet
  facet normal 0 0 -1
    outer loop
      vertex 15.2952 -10.3258 0
      vertex 9 -6 0
      vertex 15.2952 10.3258 0
    endloop
  endfacet
  facet normal 0 0 -1
    outer loop
      vertex 9 -6 0
      vertex 15.1482 -10.3065 0
      vertex 15 -10.3 0
    endloop
  endfacet
  facet normal 0 0 -1
    outer loop
      vertex 9 6 0
      vertex 15.2952 10.3258 0
      vertex 9 -6 0
    endloop
  endfacet
  facet normal 0 0 -1
    outer loop
      vertex 9 -6 0
      vertex 15 -10.3 0
      vertex 14.8518 -10.3065 0
    endloop
  endfacet
  facet normal 0 0 -1
    outer loop
      vertex 15.2952 10.3258 0
      vertex 9 6 0
      vertex 15.1482 10.3065 0
    endloop
  endfacet
  facet normal 0 0 -1
    outer loop
      vertex 9 -6 0
      vertex 14.8518 -10.3065 0
      vertex 14.7048 -10.3258 0
    endloop
  endfacet
  facet normal 0 0 -1
    outer loop
      vertex 15.1482 10.3065 0
      vertex 9 6 0
      vertex 15 10.3 0
    endloop
  endfacet
  facet normal 0 0 -1
    outer loop
      vertex 9 -6 0
      vertex 14.7048 -10.3258 0
      vertex 14.56 -10.3579 0
    endloop
  endfacet
  facet normal -0 0 -1
    outer loop
      vertex 15 10.3 0
      vertex 9 6 0
      vertex 14.8518 10.3065 0
    endloop
  endfacet
  facet normal 0 0 -1
    outer loop
      vertex 9 -6 0
      vertex 14.56 -10.3579 0
      vertex 14.4186 -10.4025 0
    endloop
  endfacet
  facet normal -0 0 -1
    outer loop
      vertex 14.8518 10.3065 0
      vertex 9 6 0
      vertex 14.7048 10.3258 0
    endloop
  endfacet
  facet normal 0 0 -1
    outer loop
      vertex 8.98859 -6.26147 0
      vertex 14.4186 -10.4025 0
      vertex 14.2815 -10.4593 0
    endloop
  endfacet
  facet normal -0 0 -1
    outer loop
      vertex 14.7048 10.3258 0
      vertex 9 6 0
      vertex 14.56 10.3579 0
    endloop
  endfacet
  facet normal 0 0 -1
    outer loop
      vertex 8.95442 -6.52095 0
      vertex 14.2815 -10.4593 0
      vertex 14.15 -10.5278 0
    endloop
  endfacet
  facet normal -0 0 -1
    outer loop
      vertex 14.56 10.3579 0
      vertex 9 6 0
      vertex 14.4186 10.4025 0
    endloop
  endfacet
  facet normal 0 0 -1
    outer loop
      vertex 8.89778 -6.77646 0
      vertex 14.15 -10.5278 0
      vertex 14.0249 -10.6074 0
    endloop
  endfacet
  facet normal 0 0 -1
    outer loop
      vertex 8.98859 6.26147 0
      vertex 14.4186 10.4025 0
      vertex 9 6 0
    endloop
  endfacet
  facet normal 0 0 -1
    outer loop
      vertex 8.81908 -7.02606 0
      vertex 14.0249 -10.6074 0
      vertex 13.9073 -10.6977 0
    endloop
  endfacet
  facet normal -0 0 -1
    outer loop
      vertex 14.4186 10.4025 0
      vertex 8.98859 6.26147 0
      vertex 14.2815 10.4593 0
    endloop
  endfacet
  facet normal 0 0 -1
    outer loop
      vertex 8.71892 -7.26785 0
      vertex 13.9073 -10.6977 0
      vertex 13.7979 -10.7979 0
    endloop
  endfacet
  facet normal 0 0 -1
    outer loop
      vertex 8.95442 6.52095 0
      vertex 14.2815 10.4593 0
      vertex 8.98859 6.26147 0
    endloop
  endfacet
  facet normal 0 0 -1
    outer loop
      vertex 8.71892 -7.26785 0
      vertex 13.7979 -10.7979 0
      vertex 13.6977 -10.9073 0
    endloop
  endfacet
  facet normal -0 0 -1
    outer loop
      vertex 14.2815 10.4593 0
      vertex 8.95442 6.52095 0
      vertex 14.15 10.5278 0
    endloop
  endfacet
  facet normal 0 0 -1
    outer loop
      vertex 8.59808 -7.5 0
      vertex 13.6977 -10.9073 0
      vertex 13.6074 -11.0249 0
    endloop
  endfacet
  facet normal 0 0 -1
    outer loop
      vertex 8.89778 6.77646 0
      vertex 14.15 10.5278 0
      vertex 8.95442 6.52095 0
    endloop
  endfacet
  facet normal 0 0 -1
    outer loop
      vertex 8.45746 -7.72073 0
      vertex 13.6074 -11.0249 0
      vertex 13.5278 -11.15 0
    endloop
  endfacet
  facet normal -0 0 -1
    outer loop
      vertex 14.15 10.5278 0
      vertex 8.89778 6.77646 0
      vertex 14.0249 10.6074 0
    endloop
  endfacet
  facet normal 0 0 -1
    outer loop
      vertex 8.29813 -7.92836 0
      vertex 13.5278 -11.15 0
      vertex 13.4593 -11.2815 0
    endloop
  endfacet
  facet normal 0 0 -1
    outer loop
      vertex 8.81908 7.02606 0
      vertex 14.0249 10.6074 0
      vertex 8.89778 6.77646 0
    endloop
  endfacet
  facet normal 0 0 -1
    outer loop
      vertex 8.29813 -7.92836 0
      vertex 13.4593 -11.2815 0
      vertex 13.4025 -11.4186 0
    endloop
  endfacet
  facet normal -0 0 -1
    outer loop
      vertex 14.0249 10.6074 0
      vertex 8.81908 7.02606 0
      vertex 13.9073 10.6977 0
    endloop
  endfacet
  facet normal 0 0 -1
    outer loop
      vertex 8.12132 -8.12132 0
      vertex 13.4025 -11.4186 0
      vertex 13.3579 -11.56 0
    endloop
  endfacet
  facet normal 0 0 -1
    outer loop
      vertex 8.71892 7.26785 0
      vertex 13.9073 10.6977 0
      vertex 8.81908 7.02606 0
    endloop
  endfacet
  facet normal 0 0 -1
    outer loop
      vertex 7.92836 -8.29813 0
      vertex 13.3579 -11.56 0
      vertex 13.3258 -11.7048 0
    endloop
  endfacet
  facet normal -0 0 -1
    outer loop
      vertex 13.9073 10.6977 0
      vertex 8.71892 7.26785 0
      vertex 13.7979 10.7979 0
    endloop
  endfacet
  facet normal 0 0 -1
    outer loop
      vertex 7.72073 -8.45746 0
      vertex 13.3258 -11.7048 0
      vertex 13.3065 -11.8518 0
    endloop
  endfacet
  facet normal -0 0 -1
    outer loop
      vertex 13.7979 10.7979 0
      vertex 8.71892 7.26785 0
      vertex 13.6977 10.9073 0
    endloop
  endfacet
  facet normal 0 0 -1
    outer loop
      vertex 7.5 -8.59808 0
      vertex 13.3065 -11.8518 0
      vertex 13.3 -12 0
    endloop
  endfacet
  facet normal 0 0 -1
    outer loop
      vertex 8.59808 7.5 0
      vertex 13.6977 10.9073 0
      vertex 8.71892 7.26785 0
    endloop
  endfacet
  facet normal 0 0 -1
    outer loop
      vertex 16.7 -12 0
      vertex 20 -12 0
      vertex 19.981 -12.4358 0
    endloop
  endfacet
  facet normal 0 0 -1
    outer loop
      vertex 16.6935 -11.8518 0
      vertex 20 -12 0
      vertex 16.7 -12 0
    endloop
  endfacet
  facet normal 0 0 -1
    outer loop
      vertex 16.6935 -12.1482 0
      vertex 19.981 -12.4358 0
      vertex 19.924 -12.8682 0
    endloop
  endfacet
  facet normal 0 0 -1
    outer loop
      vertex 16.6742 -11.7048 0
      vertex 20 -12 0
      vertex 16.6935 -11.8518 0
    endloop
  endfacet
  facet normal 0 0 -1
    outer loop
      vertex 16.6742 -12.2952 0
      vertex 19.924 -12.8682 0
      vertex 19.8296 -13.2941 0
    endloop
  endfacet
  facet normal 0 0 -1
    outer loop
      vertex 20 12 0
      vertex 16.7 12 0
      vertex 19.981 12.4358 0
    endloop
  endfacet
  facet normal 0 0 -1
    outer loop
      vertex 16.6421 -12.44 0
      vertex 19.8296 -13.2941 0
      vertex 19.6985 -13.7101 0
    endloop
  endfacet
  facet normal 0 0 -1
    outer loop
      vertex 16.6935 12.1482 0
      vertex 19.981 12.4358 0
      vertex 16.7 12 0
    endloop
  endfacet
  facet normal 0 0 -1
    outer loop
      vertex 16.5975 -12.5814 0
      vertex 19.6985 -13.7101 0
      vertex 19.5315 -14.1131 0
    endloop
  endfacet
  facet normal -0 0 -1
    outer loop
      vertex 19.981 12.4358 0
      vertex 16.6935 12.1482 0
      vertex 19.924 12.8682 0
    endloop
  endfacet
  facet normal 0 0 -1
    outer loop
      vertex 16.5407 -12.7185 0
      vertex 19.5315 -14.1131 0
      vertex 19.3301 -14.5 0
    endloop
  endfacet
  facet normal 0 0 -1
    outer loop
      vertex 16.6742 12.2952 0
      vertex 19.924 12.8682 0
      vertex 16.6935 12.1482 0
    endloop
  endfacet
  facet normal 0 0 -1
    outer loop
      vertex 16.4722 -12.85 0
      vertex 19.3301 -14.5 0
      vertex 19.0958 -14.8679 0
    endloop
  endfacet
  facet normal -0 0 -1
    outer loop
      vertex 19.924 12.8682 0
      vertex 16.6742 12.2952 0
      vertex 19.8296 13.2941 0
    endloop
  endfacet
  facet normal 0 0 -1
    outer loop
      vertex 16.3926 -12.9751 0
      vertex 19.0958 -14.8679 0
      vertex 18.8302 -15.2139 0
    endloop
  endfacet
  facet normal 0 0 -1
    outer loop
      vertex 16.6421 12.44 0
      vertex 19.8296 13.2941 0
      vertex 16.6742 12.2952 0
    endloop
  endfacet
  facet normal 0 0 -1
    outer loop
      vertex 16.3023 -13.0927 0
      vertex 18.8302 -15.2139 0
      vertex 18.5355 -15.5355 0
    endloop
  endfacet
  facet normal -0 0 -1
    outer loop
      vertex 19.8296 13.2941 0
      vertex 16.6421 12.44 0
      vertex 19.6985 13.7101 0
    endloop
  endfacet
  facet normal 0 0 -1
    outer loop
      vertex 16.2021 -13.2021 0
      vertex 18.5355 -15.5355 0
      vertex 18.2139 -15.8302 0
    endloop
  endfacet
  facet normal 0 0 -1
    outer loop
      vertex 16.5975 12.5814 0
      vertex 19.6985 13.7101 0
      vertex 16.6421 12.44 0
    endloop
  endfacet
  facet normal 0 0 -1
    outer loop
      vertex 16.0927 -13.3023 0
      vertex 18.2139 -15.8302 0
      vertex 17.8679 -16.0958 0
    endloop
  endfacet
  facet normal -0 0 -1
    outer loop
      vertex 19.6985 13.7101 0
      vertex 16.5975 12.5814 0
      vertex 19.5315 14.1131 0
    endloop
  endfacet
  facet normal 0 0 -1
    outer loop
      vertex 15.9751 -13.3926 0
      vertex 17.8679 -16.0958 0
      vertex 17.5 -16.3301 0
    endloop
  endfacet
  facet normal 0 0 -1
    outer loop
      vertex 16.5407 12.7185 0
      vertex 19.5315 14.1131 0
      vertex 16.5975 12.5814 0
    endloop
  endfacet
  facet normal 0 0 -1
    outer loop
      vertex 15.85 -13.4722 0
      vertex 17.5 -16.3301 0
      vertex 17.1131 -16.5315 0
    endloop
  endfacet
  facet normal -0 0 -1
    outer loop
      vertex 19.5315 14.1131 0
      vertex 16.5407 12.7185 0
      vertex 19.3301 14.5 0
    endloop
  endfacet
  facet normal 0 0 -1
    outer loop
      vertex 15.7185 -13.5407 0
      vertex 17.1131 -16.5315 0
      vertex 16.7101 -16.6985 0
    endloop
  endfacet
  facet normal 0 0 -1
    outer loop
      vertex 16.4722 12.85 0
      vertex 19.3301 14.5 0
      vertex 16.5407 12.7185 0
    endloop
  endfacet
  facet normal -0 0 -1
    outer loop
      vertex 19.3301 14.5 0
      vertex 16.4722 12.85 0
      vertex 19.0958 14.8679 0
    endloop
  endfacet
  facet normal 0 0 -1
    outer loop
      vertex 19.981 -12.4358 0
      vertex 16.6935 -12.1482 0
      vertex 16.7 -12 0
    endloop
  endfacet
  facet normal 0 0 -1
    outer loop
      vertex 19.924 -12.8682 0
      vertex 16.6742 -12.2952 0
      vertex 16.6935 -12.1482 0
    endloop
  endfacet
  facet normal 0 0 -1
    outer loop
      vertex 19.8296 -13.2941 0
      vertex 16.6421 -12.44 0
      vertex 16.6742 -12.2952 0
    endloop
  endfacet
  facet normal 0 0 -1
    outer loop
      vertex 19.6985 -13.7101 0
      vertex 16.5975 -12.5814 0
      vertex 16.6421 -12.44 0
    endloop
  endfacet
  facet normal 0 0 -1
    outer loop
      vertex 19.5315 -14.1131 0
      vertex 16.5407 -12.7185 0
      vertex 16.5975 -12.5814 0
    endloop
  endfacet
  facet normal 0 0 -1
    outer loop
      vertex 19.3301 -14.5 0
      vertex 16.4722 -12.85 0
      vertex 16.5407 -12.7185 0
    endloop
  endfacet
  facet normal 0 0 -1
    outer loop
      vertex 19.0958 -14.8679 0
      vertex 16.3926 -12.9751 0
      vertex 16.4722 -12.85 0
    endloop
  endfacet
  facet normal 0 0 -1
    outer loop
      vertex 18.8302 -15.2139 0
      vertex 16.3023 -13.0927 0
      vertex 16.3926 -12.9751 0
    endloop
  endfacet
  facet normal 0 0 -1
    outer loop
      vertex 15.5814 -13.5975 0
      vertex 16.7101 -16.6985 0
      vertex 16.2941 -16.8296 0
    endloop
  endfacet
  facet normal 0 0 -1
    outer loop
      vertex 18.5355 -15.5355 0
      vertex 16.2021 -13.2021 0
      vertex 16.3023 -13.0927 0
    endloop
  endfacet
  facet normal 0 0 -1
    outer loop
      vertex 18.2139 -15.8302 0
      vertex 16.0927 -13.3023 0
      vertex 16.2021 -13.2021 0
    endloop
  endfacet
  facet normal 0 0 -1
    outer loop
      vertex 17.8679 -16.0958 0
      vertex 15.9751 -13.3926 0
      vertex 16.0927 -13.3023 0
    endloop
  endfacet
  facet normal 0 0 -1
    outer loop
      vertex 15.44 -13.6421 0
      vertex 16.2941 -16.8296 0
      vertex 15.8682 -16.924 0
    endloop
  endfacet
  facet normal 0 0 -1
    outer loop
      vertex 17.5 -16.3301 0
      vertex 15.85 -13.4722 0
      vertex 15.9751 -13.3926 0
    endloop
  endfacet
  facet normal 0 0 -1
    outer loop
      vertex 17.1131 -16.5315 0
      vertex 15.7185 -13.5407 0
      vertex 15.85 -13.4722 0
    endloop
  endfacet
  facet normal 0 0 -1
    outer loop
      vertex 16.7101 -16.6985 0
      vertex 15.5814 -13.5975 0
      vertex 15.7185 -13.5407 0
    endloop
  endfacet
  facet normal 0 0 -1
    outer loop
      vertex 16.2941 -16.8296 0
      vertex 15.44 -13.6421 0
      vertex 15.5814 -13.5975 0
    endloop
  endfacet
  facet normal 0 0 -1
    outer loop
      vertex 15.2952 -13.6742 0
      vertex 15.8682 -16.924 0
      vertex 15.4358 -16.981 0
    endloop
  endfacet
  facet normal 0 0 -1
    outer loop
      vertex 15.8682 -16.924 0
      vertex 15.2952 -13.6742 0
      vertex 15.44 -13.6421 0
    endloop
  endfacet
  facet normal 0 0 -1
    outer loop
      vertex 15.4358 -16.981 0
      vertex 15.1482 -13.6935 0
      vertex 15.2952 -13.6742 0
    endloop
  endfacet
  facet normal 0 0 -1
    outer loop
      vertex 15 -17 0
      vertex 15.1482 -13.6935 0
      vertex 15.4358 -16.981 0
    endloop
  endfacet
  facet normal 0 0 -1
    outer loop
      vertex 15 -17 0
      vertex 15 -13.7 0
      vertex 15.1482 -13.6935 0
    endloop
  endfacet
  facet normal 0 0 -1
    outer loop
      vertex 15 -17 0
      vertex 14.8518 -13.6935 0
      vertex 15 -13.7 0
    endloop
  endfacet
  facet normal 0 0 -1
    outer loop
      vertex 15 -17 0
      vertex 14.7048 -13.6742 0
      vertex 14.8518 -13.6935 0
    endloop
  endfacet
  facet normal 0 0 -1
    outer loop
      vertex 15 -17 0
      vertex 14.56 -13.6421 0
      vertex 14.7048 -13.6742 0
    endloop
  endfacet
  facet normal 0 0 -1
    outer loop
      vertex 15 -17 0
      vertex 14.4186 -13.5975 0
      vertex 14.56 -13.6421 0
    endloop
  endfacet
  facet normal 0 0 -1
    outer loop
      vertex 15 -17 0
      vertex 14.2815 -13.5407 0
      vertex 14.4186 -13.5975 0
    endloop
  endfacet
  facet normal 0 0 -1
    outer loop
      vertex 15 -17 0
      vertex 14.15 -13.4722 0
      vertex 14.2815 -13.5407 0
    endloop
  endfacet
  facet normal 0 0 -1
    outer loop
      vertex 15 -17 0
      vertex 14.0249 -13.3926 0
      vertex 14.15 -13.4722 0
    endloop
  endfacet
  facet normal 0 0 -1
    outer loop
      vertex 15 -17 0
      vertex 13.9073 -13.3023 0
      vertex 14.0249 -13.3926 0
    endloop
  endfacet
  facet normal 0 0 -1
    outer loop
      vertex 15 -17 0
      vertex 13.7979 -13.2021 0
      vertex 13.9073 -13.3023 0
    endloop
  endfacet
  facet normal 0 0 -1
    outer loop
      vertex 15 -17 0
      vertex 13.6977 -13.0927 0
      vertex 13.7979 -13.2021 0
    endloop
  endfacet
  facet normal 0 0 -1
    outer loop
      vertex 15 -17 0
      vertex 13.6074 -12.9751 0
      vertex 13.6977 -13.0927 0
    endloop
  endfacet
  facet normal 0 0 -1
    outer loop
      vertex 6 -9 0
      vertex 13.6074 -12.9751 0
      vertex 15 -17 0
    endloop
  endfacet
  facet normal 0 0 -1
    outer loop
      vertex 13.6074 -12.9751 0
      vertex 6 -9 0
      vertex 13.5278 -12.85 0
    endloop
  endfacet
  facet normal 0 -0 -1
    outer loop
      vertex 6.26147 -8.98859 0
      vertex 13.5278 -12.85 0
      vertex 6 -9 0
    endloop
  endfacet
  facet normal -0 0 -1
    outer loop
      vertex 13.6977 10.9073 0
      vertex 8.59808 7.5 0
      vertex 13.6074 11.0249 0
    endloop
  endfacet
  facet normal 0 0 -1
    outer loop
      vertex 7.5 -8.59808 0
      vertex 13.3 -12 0
      vertex 13.3065 -12.1482 0
    endloop
  endfacet
  facet normal 0 0 -1
    outer loop
      vertex 7.26785 -8.71892 0
      vertex 13.3065 -12.1482 0
      vertex 13.3258 -12.2952 0
    endloop
  endfacet
  facet normal 0 0 -1
    outer loop
      vertex 7.02606 -8.81908 0
      vertex 13.3258 -12.2952 0
      vertex 13.3579 -12.44 0
    endloop
  endfacet
  facet normal 0 0 -1
    outer loop
      vertex 6.77646 -8.89778 0
      vertex 13.3579 -12.44 0
      vertex 13.4025 -12.5814 0
    endloop
  endfacet
  facet normal 0 0 -1
    outer loop
      vertex 13.5278 -12.85 0
      vertex 6.26147 -8.98859 0
      vertex 13.4593 -12.7185 0
    endloop
  endfacet
  facet normal 0 0 -1
    outer loop
      vertex 14.4186 -10.4025 0
      vertex 8.98859 -6.26147 0
      vertex 9 -6 0
    endloop
  endfacet
  facet normal 0 0 -1
    outer loop
      vertex 14.2815 -10.4593 0
      vertex 8.95442 -6.52095 0
      vertex 8.98859 -6.26147 0
    endloop
  endfacet
  facet normal 0 0 -1
    outer loop
      vertex 14.15 -10.5278 0
      vertex 8.89778 -6.77646 0
      vertex 8.95442 -6.52095 0
    endloop
  endfacet
  facet normal 0 0 -1
    outer loop
      vertex 14.0249 -10.6074 0
      vertex 8.81908 -7.02606 0
      vertex 8.89778 -6.77646 0
    endloop
  endfacet
  facet normal 0 0 -1
    outer loop
      vertex 13.9073 -10.6977 0
      vertex 8.71892 -7.26785 0
      vertex 8.81908 -7.02606 0
    endloop
  endfacet
  facet normal 0 0 -1
    outer loop
      vertex 13.6977 -10.9073 0
      vertex 8.59808 -7.5 0
      vertex 8.71892 -7.26785 0
    endloop
  endfacet
  facet normal 0 0 -1
    outer loop
      vertex 13.6074 -11.0249 0
      vertex 8.45746 -7.72073 0
      vertex 8.59808 -7.5 0
    endloop
  endfacet
  facet normal 0 0 -1
    outer loop
      vertex 13.5278 -11.15 0
      vertex 8.29813 -7.92836 0
      vertex 8.45746 -7.72073 0
    endloop
  endfacet
  facet normal 0 0 -1
    outer loop
      vertex 13.4025 -11.4186 0
      vertex 8.12132 -8.12132 0
      vertex 8.29813 -7.92836 0
    endloop
  endfacet
  facet normal 0 0 -1
    outer loop
      vertex 13.3579 -11.56 0
      vertex 7.92836 -8.29813 0
      vertex 8.12132 -8.12132 0
    endloop
  endfacet
  facet normal 0 0 -1
    outer loop
      vertex 13.3258 -11.7048 0
      vertex 7.72073 -8.45746 0
      vertex 7.92836 -8.29813 0
    endloop
  endfacet
  facet normal 0 0 -1
    outer loop
      vertex 13.3065 -11.8518 0
      vertex 7.5 -8.59808 0
      vertex 7.72073 -8.45746 0
    endloop
  endfacet
  facet normal 0 0 -1
    outer loop
      vertex 13.3065 -12.1482 0
      vertex 7.26785 -8.71892 0
      vertex 7.5 -8.59808 0
    endloop
  endfacet
  facet normal 0 0 -1
    outer loop
      vertex 13.3258 -12.2952 0
      vertex 7.02606 -8.81908 0
      vertex 7.26785 -8.71892 0
    endloop
  endfacet
  facet normal 0 0 -1
    outer loop
      vertex 13.3579 -12.44 0
      vertex 6.77646 -8.89778 0
      vertex 7.02606 -8.81908 0
    endloop
  endfacet
  facet normal 0 0 -1
    outer loop
      vertex 13.4025 -12.5814 0
      vertex 6.52095 -8.95442 0
      vertex 6.77646 -8.89778 0
    endloop
  endfacet
  facet normal 0 0 -1
    outer loop
      vertex 13.4593 -12.7185 0
      vertex 6.52095 -8.95442 0
      vertex 13.4025 -12.5814 0
    endloop
  endfacet
  facet normal 0 -0 -1
    outer loop
      vertex 6.52095 -8.95442 0
      vertex 13.4593 -12.7185 0
      vertex 6.26147 -8.98859 0
    endloop
  endfacet
  facet normal 0 0 -1
    outer loop
      vertex 15 -17 0
      vertex -6 -9 0
      vertex 6 -9 0
    endloop
  endfacet
  facet normal 0 0 -1
    outer loop
      vertex -15 -17 0
      vertex -6 -9 0
      vertex 15 -17 0
    endloop
  endfacet
  facet normal 0 -0 -1
    outer loop
      vertex -13.6074 -12.9751 0
      vertex -6 -9 0
      vertex -15 -17 0
    endloop
  endfacet
  facet normal 0 -0 -1
    outer loop
      vertex -13.5278 -12.85 0
      vertex -6 -9 0
      vertex -13.6074 -12.9751 0
    endloop
  endfacet
  facet normal -0 0 -1
    outer loop
      vertex -6 -9 0
      vertex -13.5278 -12.85 0
      vertex -6.26147 -8.98859 0
    endloop
  endfacet
  facet normal -0 0 -1
    outer loop
      vertex -8.45746 -7.72073 0
      vertex -13.6074 -11.0249 0
      vertex -8.59808 -7.5 0
    endloop
  endfacet
  facet normal 0 0 -1
    outer loop
      vertex -13.6074 -11.0249 0
      vertex -8.45746 -7.72073 0
      vertex -13.5278 -11.15 0
    endloop
  endfacet
  facet normal -0 0 -1
    outer loop
      vertex -8.29813 -7.92836 0
      vertex -13.5278 -11.15 0
      vertex -8.45746 -7.72073 0
    endloop
  endfacet
  facet normal 0 0 -1
    outer loop
      vertex -13.5278 -11.15 0
      vertex -8.29813 -7.92836 0
      vertex -13.4593 -11.2815 0
    endloop
  endfacet
  facet normal 0 0 -1
    outer loop
      vertex -13.4593 -11.2815 0
      vertex -8.29813 -7.92836 0
      vertex -13.4025 -11.4186 0
    endloop
  endfacet
  facet normal -0 0 -1
    outer loop
      vertex -8.12132 -8.12132 0
      vertex -13.4025 -11.4186 0
      vertex -8.29813 -7.92836 0
    endloop
  endfacet
  facet normal 0 0 -1
    outer loop
      vertex -13.4025 -11.4186 0
      vertex -8.12132 -8.12132 0
      vertex -13.3579 -11.56 0
    endloop
  endfacet
  facet normal -0 0 -1
    outer loop
      vertex -7.92836 -8.29813 0
      vertex -13.3579 -11.56 0
      vertex -8.12132 -8.12132 0
    endloop
  endfacet
  facet normal 0 0 -1
    outer loop
      vertex -13.3579 -11.56 0
      vertex -7.92836 -8.29813 0
      vertex -13.3258 -11.7048 0
    endloop
  endfacet
  facet normal -0 0 -1
    outer loop
      vertex -7.72073 -8.45746 0
      vertex -13.3258 -11.7048 0
      vertex -7.92836 -8.29813 0
    endloop
  endfacet
  facet normal 0 0 -1
    outer loop
      vertex -13.3258 -11.7048 0
      vertex -7.72073 -8.45746 0
      vertex -13.3065 -11.8518 0
    endloop
  endfacet
  facet normal -0 0 -1
    outer loop
      vertex -7.5 -8.59808 0
      vertex -13.3065 -11.8518 0
      vertex -7.72073 -8.45746 0
    endloop
  endfacet
  facet normal 0 0 -1
    outer loop
      vertex -13.3065 -11.8518 0
      vertex -7.5 -8.59808 0
      vertex -13.3 -12 0
    endloop
  endfacet
  facet normal -0 0 -1
    outer loop
      vertex -7.26785 -8.71892 0
      vertex -13.3 -12 0
      vertex -7.5 -8.59808 0
    endloop
  endfacet
  facet normal 0 0 -1
    outer loop
      vertex -13.3258 -12.2952 0
      vertex -7.26785 -8.71892 0
      vertex -7.02606 -8.81908 0
    endloop
  endfacet
  facet normal 0 -0 -1
    outer loop
      vertex -13.4593 -12.7185 0
      vertex -6.26147 -8.98859 0
      vertex -13.5278 -12.85 0
    endloop
  endfacet
  facet normal 0 0 -1
    outer loop
      vertex -7.26785 -8.71892 0
      vertex -13.3065 -12.1482 0
      vertex -13.3 -12 0
    endloop
  endfacet
  facet normal 0 0 -1
    outer loop
      vertex -7.26785 -8.71892 0
      vertex -13.3258 -12.2952 0
      vertex -13.3065 -12.1482 0
    endloop
  endfacet
  facet normal 0 0 -1
    outer loop
      vertex -7.02606 -8.81908 0
      vertex -13.3579 -12.44 0
      vertex -13.3258 -12.2952 0
    endloop
  endfacet
  facet normal -0 0 -1
    outer loop
      vertex -6.77646 -8.89778 0
      vertex -13.3579 -12.44 0
      vertex -7.02606 -8.81908 0
    endloop
  endfacet
  facet normal 0 -0 -1
    outer loop
      vertex -13.3579 -12.44 0
      vertex -6.77646 -8.89778 0
      vertex -13.4025 -12.5814 0
    endloop
  endfacet
  facet normal -0 0 -1
    outer loop
      vertex -6.52095 -8.95442 0
      vertex -13.4025 -12.5814 0
      vertex -6.77646 -8.89778 0
    endloop
  endfacet
  facet normal 0 -0 -1
    outer loop
      vertex -13.4025 -12.5814 0
      vertex -6.52095 -8.95442 0
      vertex -13.4593 -12.7185 0
    endloop
  endfacet
  facet normal -0 0 -1
    outer loop
      vertex -6.26147 -8.98859 0
      vertex -13.4593 -12.7185 0
      vertex -6.52095 -8.95442 0
    endloop
  endfacet
  facet normal 0 0 -1
    outer loop
      vertex -13.6074 -12.9751 0
      vertex -15 -17 0
      vertex -13.6977 -13.0927 0
    endloop
  endfacet
  facet normal 0 0 -1
    outer loop
      vertex -13.6977 -13.0927 0
      vertex -15 -17 0
      vertex -13.7979 -13.2021 0
    endloop
  endfacet
  facet normal 0 0 -1
    outer loop
      vertex -13.7979 -13.2021 0
      vertex -15 -17 0
      vertex -13.9073 -13.3023 0
    endloop
  endfacet
  facet normal 0 0 -1
    outer loop
      vertex -13.9073 -13.3023 0
      vertex -15 -17 0
      vertex -14.0249 -13.3926 0
    endloop
  endfacet
  facet normal 0 0 -1
    outer loop
      vertex -14.0249 -13.3926 0
      vertex -15 -17 0
      vertex -14.15 -13.4722 0
    endloop
  endfacet
  facet normal 0 0 -1
    outer loop
      vertex -14.15 -13.4722 0
      vertex -15 -17 0
      vertex -14.2815 -13.5407 0
    endloop
  endfacet
  facet normal 0 0 -1
    outer loop
      vertex -14.2815 -13.5407 0
      vertex -15 -17 0
      vertex -14.4186 -13.5975 0
    endloop
  endfacet
  facet normal 0 0 -1
    outer loop
      vertex -14.4186 -13.5975 0
      vertex -15 -17 0
      vertex -14.56 -13.6421 0
    endloop
  endfacet
  facet normal 0 0 -1
    outer loop
      vertex -14.56 -13.6421 0
      vertex -15 -17 0
      vertex -14.7048 -13.6742 0
    endloop
  endfacet
  facet normal 0 0 -1
    outer loop
      vertex -14.7048 -13.6742 0
      vertex -15 -17 0
      vertex -14.8518 -13.6935 0
    endloop
  endfacet
  facet normal 0 0 -1
    outer loop
      vertex -15 -17 0
      vertex -15 -13.7 0
      vertex -14.8518 -13.6935 0
    endloop
  endfacet
  facet normal 0 0 -1
    outer loop
      vertex -15 -17 0
      vertex -15.1482 -13.6935 0
      vertex -15 -13.7 0
    endloop
  endfacet
  facet normal 0 0 -1
    outer loop
      vertex -15.4358 -16.981 0
      vertex -15.1482 -13.6935 0
      vertex -15 -17 0
    endloop
  endfacet
  facet normal -0 0 -1
    outer loop
      vertex -15.1482 -13.6935 0
      vertex -15.4358 -16.981 0
      vertex -15.2952 -13.6742 0
    endloop
  endfacet
  facet normal 0 0 -1
    outer loop
      vertex -15.8682 -16.924 0
      vertex -15.2952 -13.6742 0
      vertex -15.4358 -16.981 0
    endloop
  endfacet
  facet normal -0 0 -1
    outer loop
      vertex -15.2952 -13.6742 0
      vertex -15.8682 -16.924 0
      vertex -15.44 -13.6421 0
    endloop
  endfacet
  facet normal 0 0 -1
    outer loop
      vertex -16.2941 -16.8296 0
      vertex -15.44 -13.6421 0
      vertex -15.8682 -16.924 0
    endloop
  endfacet
  facet normal -0 0 -1
    outer loop
      vertex -15.44 -13.6421 0
      vertex -16.2941 -16.8296 0
      vertex -15.5814 -13.5975 0
    endloop
  endfacet
  facet normal 0 0 -1
    outer loop
      vertex -16.7101 -16.6985 0
      vertex -15.5814 -13.5975 0
      vertex -16.2941 -16.8296 0
    endloop
  endfacet
  facet normal -0 0 -1
    outer loop
      vertex -15.5814 -13.5975 0
      vertex -16.7101 -16.6985 0
      vertex -15.7185 -13.5407 0
    endloop
  endfacet
  facet normal 0 0 -1
    outer loop
      vertex -17.1131 -16.5315 0
      vertex -15.7185 -13.5407 0
      vertex -16.7101 -16.6985 0
    endloop
  endfacet
  facet normal -0 0 -1
    outer loop
      vertex -15.7185 -13.5407 0
      vertex -17.1131 -16.5315 0
      vertex -15.85 -13.4722 0
    endloop
  endfacet
  facet normal 0 0 -1
    outer loop
      vertex -17.5 -16.3301 0
      vertex -15.85 -13.4722 0
      vertex -17.1131 -16.5315 0
    endloop
  endfacet
  facet normal -0 0 -1
    outer loop
      vertex -15.85 -13.4722 0
      vertex -17.5 -16.3301 0
      vertex -15.9751 -13.3926 0
    endloop
  endfacet
  facet normal 0 0 -1
    outer loop
      vertex -17.8679 -16.0958 0
      vertex -15.9751 -13.3926 0
      vertex -17.5 -16.3301 0
    endloop
  endfacet
  facet normal -0 0 -1
    outer loop
      vertex -15.9751 -13.3926 0
      vertex -17.8679 -16.0958 0
      vertex -16.0927 -13.3023 0
    endloop
  endfacet
  facet normal 0 0 -1
    outer loop
      vertex -18.2139 -15.8302 0
      vertex -16.0927 -13.3023 0
      vertex -17.8679 -16.0958 0
    endloop
  endfacet
  facet normal -0 0 -1
    outer loop
      vertex -16.0927 -13.3023 0
      vertex -18.2139 -15.8302 0
      vertex -16.2021 -13.2021 0
    endloop
  endfacet
  facet normal 0 0 -1
    outer loop
      vertex -18.5355 -15.5355 0
      vertex -16.2021 -13.2021 0
      vertex -18.2139 -15.8302 0
    endloop
  endfacet
  facet normal -0 0 -1
    outer loop
      vertex -16.2021 -13.2021 0
      vertex -18.5355 -15.5355 0
      vertex -16.3023 -13.0927 0
    endloop
  endfacet
  facet normal 0 0 -1
    outer loop
      vertex -18.8302 -15.2139 0
      vertex -16.3023 -13.0927 0
      vertex -18.5355 -15.5355 0
    endloop
  endfacet
  facet normal -0 0 -1
    outer loop
      vertex -16.3926 -12.9751 0
      vertex -19.0958 -14.8679 0
      vertex -16.4722 -12.85 0
    endloop
  endfacet
  facet normal 0 0 -1
    outer loop
      vertex -19.0958 -14.8679 0
      vertex -16.3926 -12.9751 0
      vertex -18.8302 -15.2139 0
    endloop
  endfacet
  facet normal -0 0 -1
    outer loop
      vertex -16.3023 -13.0927 0
      vertex -18.8302 -15.2139 0
      vertex -16.3926 -12.9751 0
    endloop
  endfacet
  facet normal 0 0 -1
    outer loop
      vertex 16.3926 12.9751 0
      vertex 19.0958 14.8679 0
      vertex 16.4722 12.85 0
    endloop
  endfacet
  facet normal -0 0 -1
    outer loop
      vertex 19.0958 14.8679 0
      vertex 16.3926 12.9751 0
      vertex 18.8302 15.2139 0
    endloop
  endfacet
  facet normal 0 0 -1
    outer loop
      vertex 16.3023 13.0927 0
      vertex 18.8302 15.2139 0
      vertex 16.3926 12.9751 0
    endloop
  endfacet
  facet normal -0 0 -1
    outer loop
      vertex 18.8302 15.2139 0
      vertex 16.3023 13.0927 0
      vertex 18.5355 15.5355 0
    endloop
  endfacet
  facet normal 0 0 -1
    outer loop
      vertex 16.2021 13.2021 0
      vertex 18.5355 15.5355 0
      vertex 16.3023 13.0927 0
    endloop
  endfacet
  facet normal -0 0 -1
    outer loop
      vertex 18.5355 15.5355 0
      vertex 16.2021 13.2021 0
      vertex 18.2139 15.8302 0
    endloop
  endfacet
  facet normal 0 0 -1
    outer loop
      vertex 16.0927 13.3023 0
      vertex 18.2139 15.8302 0
      vertex 16.2021 13.2021 0
    endloop
  endfacet
  facet normal -0 0 -1
    outer loop
      vertex 18.2139 15.8302 0
      vertex 16.0927 13.3023 0
      vertex 17.8679 16.0958 0
    endloop
  endfacet
  facet normal 0 0 -1
    outer loop
      vertex 15.9751 13.3926 0
      vertex 17.8679 16.0958 0
      vertex 16.0927 13.3023 0
    endloop
  endfacet
  facet normal -0 0 -1
    outer loop
      vertex 17.8679 16.0958 0
      vertex 15.9751 13.3926 0
      vertex 17.5 16.3301 0
    endloop
  endfacet
  facet normal 0 0 -1
    outer loop
      vertex 15.85 13.4722 0
      vertex 17.5 16.3301 0
      vertex 15.9751 13.3926 0
    endloop
  endfacet
  facet normal -0 0 -1
    outer loop
      vertex 17.5 16.3301 0
      vertex 15.85 13.4722 0
      vertex 17.1131 16.5315 0
    endloop
  endfacet
  facet normal 0 0 -1
    outer loop
      vertex 15.7185 13.5407 0
      vertex 17.1131 16.5315 0
      vertex 15.85 13.4722 0
    endloop
  endfacet
  facet normal -0 0 -1
    outer loop
      vertex 17.1131 16.5315 0
      vertex 15.7185 13.5407 0
      vertex 16.7101 16.6985 0
    endloop
  endfacet
  facet normal 0 0 -1
    outer loop
      vertex 15.5814 13.5975 0
      vertex 16.7101 16.6985 0
      vertex 15.7185 13.5407 0
    endloop
  endfacet
  facet normal -0 0 -1
    outer loop
      vertex 16.7101 16.6985 0
      vertex 15.5814 13.5975 0
      vertex 16.2941 16.8296 0
    endloop
  endfacet
  facet normal 0 0 -1
    outer loop
      vertex 15.44 13.6421 0
      vertex 16.2941 16.8296 0
      vertex 15.5814 13.5975 0
    endloop
  endfacet
  facet normal -0 0 -1
    outer loop
      vertex 16.2941 16.8296 0
      vertex 15.44 13.6421 0
      vertex 15.8682 16.924 0
    endloop
  endfacet
  facet normal 0 0 -1
    outer loop
      vertex 15.2952 13.6742 0
      vertex 15.8682 16.924 0
      vertex 15.44 13.6421 0
    endloop
  endfacet
  facet normal -0 0 -1
    outer loop
      vertex 15.8682 16.924 0
      vertex 15.2952 13.6742 0
      vertex 15.4358 16.981 0
    endloop
  endfacet
  facet normal 0 0 -1
    outer loop
      vertex 15.1482 13.6935 0
      vertex 15.4358 16.981 0
      vertex 15.2952 13.6742 0
    endloop
  endfacet
  facet normal 0 0 -1
    outer loop
      vertex 15 13.7 0
      vertex 15.4358 16.981 0
      vertex 15.1482 13.6935 0
    endloop
  endfacet
  facet normal 0 0 -1
    outer loop
      vertex 15 13.7 0
      vertex 15 17 0
      vertex 15.4358 16.981 0
    endloop
  endfacet
  facet normal 0 0 -1
    outer loop
      vertex 14.8518 13.6935 0
      vertex 15 17 0
      vertex 15 13.7 0
    endloop
  endfacet
  facet normal 0 0 -1
    outer loop
      vertex 14.7048 13.6742 0
      vertex 15 17 0
      vertex 14.8518 13.6935 0
    endloop
  endfacet
  facet normal 0 0 -1
    outer loop
      vertex 14.56 13.6421 0
      vertex 15 17 0
      vertex 14.7048 13.6742 0
    endloop
  endfacet
  facet normal 0 0 -1
    outer loop
      vertex 14.4186 13.5975 0
      vertex 15 17 0
      vertex 14.56 13.6421 0
    endloop
  endfacet
  facet normal 0 0 -1
    outer loop
      vertex 14.2815 13.5407 0
      vertex 15 17 0
      vertex 14.4186 13.5975 0
    endloop
  endfacet
  facet normal 0 0 -1
    outer loop
      vertex 14.15 13.4722 0
      vertex 15 17 0
      vertex 14.2815 13.5407 0
    endloop
  endfacet
  facet normal 0 0 -1
    outer loop
      vertex 14.0249 13.3926 0
      vertex 15 17 0
      vertex 14.15 13.4722 0
    endloop
  endfacet
  facet normal 0 0 -1
    outer loop
      vertex 13.9073 13.3023 0
      vertex 15 17 0
      vertex 14.0249 13.3926 0
    endloop
  endfacet
  facet normal 0 0 -1
    outer loop
      vertex 13.7979 13.2021 0
      vertex 15 17 0
      vertex 13.9073 13.3023 0
    endloop
  endfacet
  facet normal 0 0 -1
    outer loop
      vertex 13.6977 13.0927 0
      vertex 15 17 0
      vertex 13.7979 13.2021 0
    endloop
  endfacet
  facet normal 0 0 -1
    outer loop
      vertex 13.6074 12.9751 0
      vertex 15 17 0
      vertex 13.6977 13.0927 0
    endloop
  endfacet
  facet normal 0 0 -1
    outer loop
      vertex 6 9 0
      vertex 13.6074 12.9751 0
      vertex 13.5278 12.85 0
    endloop
  endfacet
  facet normal 0 0 -1
    outer loop
      vertex 6.26147 8.98859 0
      vertex 13.5278 12.85 0
      vertex 13.4593 12.7185 0
    endloop
  endfacet
  facet normal 0 0 -1
    outer loop
      vertex 6.52095 8.95442 0
      vertex 13.4593 12.7185 0
      vertex 13.4025 12.5814 0
    endloop
  endfacet
  facet normal 0 0 -1
    outer loop
      vertex 8.45746 7.72073 0
      vertex 13.6074 11.0249 0
      vertex 8.59808 7.5 0
    endloop
  endfacet
  facet normal -0 0 -1
    outer loop
      vertex 13.6074 11.0249 0
      vertex 8.45746 7.72073 0
      vertex 13.5278 11.15 0
    endloop
  endfacet
  facet normal 0 0 -1
    outer loop
      vertex 8.29813 7.92836 0
      vertex 13.5278 11.15 0
      vertex 8.45746 7.72073 0
    endloop
  endfacet
  facet normal -0 0 -1
    outer loop
      vertex 13.5278 11.15 0
      vertex 8.29813 7.92836 0
      vertex 13.4593 11.2815 0
    endloop
  endfacet
  facet normal -0 0 -1
    outer loop
      vertex 13.4593 11.2815 0
      vertex 8.29813 7.92836 0
      vertex 13.4025 11.4186 0
    endloop
  endfacet
  facet normal 0 0 -1
    outer loop
      vertex 8.12132 8.12132 0
      vertex 13.4025 11.4186 0
      vertex 8.29813 7.92836 0
    endloop
  endfacet
  facet normal -0 0 -1
    outer loop
      vertex 13.4025 11.4186 0
      vertex 8.12132 8.12132 0
      vertex 13.3579 11.56 0
    endloop
  endfacet
  facet normal 0 0 -1
    outer loop
      vertex 7.92836 8.29813 0
      vertex 13.3579 11.56 0
      vertex 8.12132 8.12132 0
    endloop
  endfacet
  facet normal -0 0 -1
    outer loop
      vertex 13.3579 11.56 0
      vertex 7.92836 8.29813 0
      vertex 13.3258 11.7048 0
    endloop
  endfacet
  facet normal 0 0 -1
    outer loop
      vertex 7.72073 8.45746 0
      vertex 13.3258 11.7048 0
      vertex 7.92836 8.29813 0
    endloop
  endfacet
  facet normal -0 0 -1
    outer loop
      vertex 13.3258 11.7048 0
      vertex 7.72073 8.45746 0
      vertex 13.3065 11.8518 0
    endloop
  endfacet
  facet normal 0 0 -1
    outer loop
      vertex 7.5 8.59808 0
      vertex 13.3065 11.8518 0
      vertex 7.72073 8.45746 0
    endloop
  endfacet
  facet normal -0 0 -1
    outer loop
      vertex 13.3065 11.8518 0
      vertex 7.5 8.59808 0
      vertex 13.3 12 0
    endloop
  endfacet
  facet normal -0 0 -1
    outer loop
      vertex 13.3 12 0
      vertex 7.5 8.59808 0
      vertex 13.3065 12.1482 0
    endloop
  endfacet
  facet normal 0 0 -1
    outer loop
      vertex 7.26785 8.71892 0
      vertex 13.3065 12.1482 0
      vertex 7.5 8.59808 0
    endloop
  endfacet
  facet normal -0 0 -1
    outer loop
      vertex 13.3065 12.1482 0
      vertex 7.26785 8.71892 0
      vertex 13.3258 12.2952 0
    endloop
  endfacet
  facet normal 0 0 -1
    outer loop
      vertex 7.02606 8.81908 0
      vertex 13.3258 12.2952 0
      vertex 7.26785 8.71892 0
    endloop
  endfacet
  facet normal -0 0 -1
    outer loop
      vertex 13.3258 12.2952 0
      vertex 7.02606 8.81908 0
      vertex 13.3579 12.44 0
    endloop
  endfacet
  facet normal 0 0 -1
    outer loop
      vertex 6.77646 8.89778 0
      vertex 13.3579 12.44 0
      vertex 7.02606 8.81908 0
    endloop
  endfacet
  facet normal -0 0 -1
    outer loop
      vertex 13.3579 12.44 0
      vertex 6.77646 8.89778 0
      vertex 13.4025 12.5814 0
    endloop
  endfacet
  facet normal 0 0 -1
    outer loop
      vertex 6.52095 8.95442 0
      vertex 13.4025 12.5814 0
      vertex 6.77646 8.89778 0
    endloop
  endfacet
  facet normal 0 0 -1
    outer loop
      vertex 13.4593 12.7185 0
      vertex 6.52095 8.95442 0
      vertex 6.26147 8.98859 0
    endloop
  endfacet
  facet normal 0 0 -1
    outer loop
      vertex 13.5278 12.85 0
      vertex 6.26147 8.98859 0
      vertex 6 9 0
    endloop
  endfacet
  facet normal -0 0 -1
    outer loop
      vertex 13.6074 12.9751 0
      vertex 6 9 0
      vertex 15 17 0
    endloop
  endfacet
  facet normal 0 0 -1
    outer loop
      vertex -6 9 0
      vertex 15 17 0
      vertex 6 9 0
    endloop
  endfacet
  facet normal 0 0 -1
    outer loop
      vertex -13.5278 12.85 0
      vertex -6 9 0
      vertex -6.26147 8.98859 0
    endloop
  endfacet
  facet normal 0 0 -1
    outer loop
      vertex -13.4593 12.7185 0
      vertex -6.26147 8.98859 0
      vertex -6.52095 8.95442 0
    endloop
  endfacet
  facet normal 0 0 -1
    outer loop
      vertex -13.4025 12.5814 0
      vertex -6.52095 8.95442 0
      vertex -6.77646 8.89778 0
    endloop
  endfacet
  facet normal 0 0 -1
    outer loop
      vertex -13.3579 12.44 0
      vertex -6.77646 8.89778 0
      vertex -7.02606 8.81908 0
    endloop
  endfacet
  facet normal 0 0 -1
    outer loop
      vertex -13.6977 -10.9073 0
      vertex -8.59808 -7.5 0
      vertex -13.6074 -11.0249 0
    endloop
  endfacet
  facet normal 0 0 -1
    outer loop
      vertex -9 6 0
      vertex -13.3 12 0
      vertex -8.98859 6.26147 0
    endloop
  endfacet
  facet normal 0 0 -1
    outer loop
      vertex -8.98859 6.26147 0
      vertex -13.3 12 0
      vertex -8.95442 6.52095 0
    endloop
  endfacet
  facet normal 0 0 -1
    outer loop
      vertex -8.95442 6.52095 0
      vertex -13.3 12 0
      vertex -8.89778 6.77646 0
    endloop
  endfacet
  facet normal 0 0 -1
    outer loop
      vertex -13.3 12 0
      vertex -8.81908 7.02606 0
      vertex -8.89778 6.77646 0
    endloop
  endfacet
  facet normal 0 0 -1
    outer loop
      vertex -13.3 12 0
      vertex -8.71892 7.26785 0
      vertex -8.81908 7.02606 0
    endloop
  endfacet
  facet normal 0 0 -1
    outer loop
      vertex -13.3 12 0
      vertex -8.59808 7.5 0
      vertex -8.71892 7.26785 0
    endloop
  endfacet
  facet normal 0 0 -1
    outer loop
      vertex -13.3 12 0
      vertex -8.45746 7.72073 0
      vertex -8.59808 7.5 0
    endloop
  endfacet
  facet normal 0 0 -1
    outer loop
      vertex -13.3 12 0
      vertex -8.29813 7.92836 0
      vertex -8.45746 7.72073 0
    endloop
  endfacet
  facet normal 0 0 -1
    outer loop
      vertex -13.3 12 0
      vertex -8.12132 8.12132 0
      vertex -8.29813 7.92836 0
    endloop
  endfacet
  facet normal 0 0 -1
    outer loop
      vertex -13.3 12 0
      vertex -7.92836 8.29813 0
      vertex -8.12132 8.12132 0
    endloop
  endfacet
  facet normal 0 0 -1
    outer loop
      vertex -13.3 12 0
      vertex -7.72073 8.45746 0
      vertex -7.92836 8.29813 0
    endloop
  endfacet
  facet normal 0 0 -1
    outer loop
      vertex -13.3 12 0
      vertex -7.5 8.59808 0
      vertex -7.72073 8.45746 0
    endloop
  endfacet
  facet normal 0 0 -1
    outer loop
      vertex -13.3 12 0
      vertex -7.26785 8.71892 0
      vertex -7.5 8.59808 0
    endloop
  endfacet
  facet normal 0 0 -1
    outer loop
      vertex -13.3065 12.1482 0
      vertex -7.26785 8.71892 0
      vertex -13.3 12 0
    endloop
  endfacet
  facet normal 0 0 -1
    outer loop
      vertex -13.3258 12.2952 0
      vertex -7.26785 8.71892 0
      vertex -13.3065 12.1482 0
    endloop
  endfacet
  facet normal 0 0 -1
    outer loop
      vertex -7.26785 8.71892 0
      vertex -13.3258 12.2952 0
      vertex -7.02606 8.81908 0
    endloop
  endfacet
  facet normal 0 0 -1
    outer loop
      vertex -13.3579 12.44 0
      vertex -7.02606 8.81908 0
      vertex -13.3258 12.2952 0
    endloop
  endfacet
  facet normal 0 0 -1
    outer loop
      vertex -6.77646 8.89778 0
      vertex -13.3579 12.44 0
      vertex -13.4025 12.5814 0
    endloop
  endfacet
  facet normal 0 0 -1
    outer loop
      vertex -6.52095 8.95442 0
      vertex -13.4025 12.5814 0
      vertex -13.4593 12.7185 0
    endloop
  endfacet
  facet normal 0 0 -1
    outer loop
      vertex -6.26147 8.98859 0
      vertex -13.4593 12.7185 0
      vertex -13.5278 12.85 0
    endloop
  endfacet
  facet normal 0 0 -1
    outer loop
      vertex -6 9 0
      vertex -13.5278 12.85 0
      vertex -13.6074 12.9751 0
    endloop
  endfacet
  facet normal 0 0 -1
    outer loop
      vertex -6 9 0
      vertex -13.6074 12.9751 0
      vertex -15 17 0
    endloop
  endfacet
  facet normal 0 0 -1
    outer loop
      vertex -15 17 0
      vertex -13.6074 12.9751 0
      vertex -13.6977 13.0927 0
    endloop
  endfacet
  facet normal 0 0 -1
    outer loop
      vertex -15 17 0
      vertex -13.6977 13.0927 0
      vertex -13.7979 13.2021 0
    endloop
  endfacet
  facet normal 0 0 -1
    outer loop
      vertex -15 17 0
      vertex -13.7979 13.2021 0
      vertex -13.9073 13.3023 0
    endloop
  endfacet
  facet normal 0 0 -1
    outer loop
      vertex -15 17 0
      vertex -13.9073 13.3023 0
      vertex -14.0249 13.3926 0
    endloop
  endfacet
  facet normal 0 0 -1
    outer loop
      vertex -15 17 0
      vertex -14.0249 13.3926 0
      vertex -14.15 13.4722 0
    endloop
  endfacet
  facet normal 0 0 -1
    outer loop
      vertex -15 17 0
      vertex -14.15 13.4722 0
      vertex -14.2815 13.5407 0
    endloop
  endfacet
  facet normal 0 0 -1
    outer loop
      vertex -15 17 0
      vertex -14.2815 13.5407 0
      vertex -14.4186 13.5975 0
    endloop
  endfacet
  facet normal 0 0 -1
    outer loop
      vertex -15 17 0
      vertex -14.4186 13.5975 0
      vertex -14.56 13.6421 0
    endloop
  endfacet
  facet normal 0 0 -1
    outer loop
      vertex -15 17 0
      vertex -14.56 13.6421 0
      vertex -14.7048 13.6742 0
    endloop
  endfacet
  facet normal 0 0 -1
    outer loop
      vertex -15 17 0
      vertex -14.7048 13.6742 0
      vertex -14.8518 13.6935 0
    endloop
  endfacet
  facet normal 0 0 -1
    outer loop
      vertex -15 17 0
      vertex -14.8518 13.6935 0
      vertex -15 13.7 0
    endloop
  endfacet
  facet normal 0 0 -1
    outer loop
      vertex -6 9 0
      vertex -15 17 0
      vertex 15 17 0
    endloop
  endfacet
  facet normal 0 0 -1
    outer loop
      vertex -15.1482 13.6935 0
      vertex -15 17 0
      vertex -15 13.7 0
    endloop
  endfacet
  facet normal 0 0 -1
    outer loop
      vertex -15.4358 16.981 0
      vertex -15.1482 13.6935 0
      vertex -15.2952 13.6742 0
    endloop
  endfacet
  facet normal 0 0 -1
    outer loop
      vertex -15.1482 13.6935 0
      vertex -15.4358 16.981 0
      vertex -15 17 0
    endloop
  endfacet
  facet normal 0 0 -1
    outer loop
      vertex -15.8682 16.924 0
      vertex -15.2952 13.6742 0
      vertex -15.44 13.6421 0
    endloop
  endfacet
  facet normal 0 0 -1
    outer loop
      vertex -16.2941 16.8296 0
      vertex -15.44 13.6421 0
      vertex -15.5814 13.5975 0
    endloop
  endfacet
  facet normal 0 0 -1
    outer loop
      vertex -16.7101 16.6985 0
      vertex -15.5814 13.5975 0
      vertex -15.7185 13.5407 0
    endloop
  endfacet
  facet normal 0 0 -1
    outer loop
      vertex -17.1131 16.5315 0
      vertex -15.7185 13.5407 0
      vertex -15.85 13.4722 0
    endloop
  endfacet
  facet normal 0 0 -1
    outer loop
      vertex -15.2952 13.6742 0
      vertex -15.8682 16.924 0
      vertex -15.4358 16.981 0
    endloop
  endfacet
  facet normal 0 0 -1
    outer loop
      vertex -17.5 16.3301 0
      vertex -15.85 13.4722 0
      vertex -15.9751 13.3926 0
    endloop
  endfacet
  facet normal 0 0 -1
    outer loop
      vertex -17.8679 16.0958 0
      vertex -15.9751 13.3926 0
      vertex -16.0927 13.3023 0
    endloop
  endfacet
  facet normal 0 0 -1
    outer loop
      vertex -18.2139 15.8302 0
      vertex -16.0927 13.3023 0
      vertex -16.2021 13.2021 0
    endloop
  endfacet
  facet normal 0 0 -1
    outer loop
      vertex -15.44 13.6421 0
      vertex -16.2941 16.8296 0
      vertex -15.8682 16.924 0
    endloop
  endfacet
  facet normal 0 0 -1
    outer loop
      vertex -18.5355 15.5355 0
      vertex -16.2021 13.2021 0
      vertex -16.3023 13.0927 0
    endloop
  endfacet
  facet normal 0 0 -1
    outer loop
      vertex -18.8302 15.2139 0
      vertex -16.3023 13.0927 0
      vertex -16.3926 12.9751 0
    endloop
  endfacet
  facet normal 0 0 -1
    outer loop
      vertex -19.0958 14.8679 0
      vertex -16.3926 12.9751 0
      vertex -16.4722 12.85 0
    endloop
  endfacet
  facet normal 0 0 -1
    outer loop
      vertex -19.3301 14.5 0
      vertex -16.4722 12.85 0
      vertex -16.5407 12.7185 0
    endloop
  endfacet
  facet normal 0 0 -1
    outer loop
      vertex -19.5315 14.1131 0
      vertex -16.5407 12.7185 0
      vertex -16.5975 12.5814 0
    endloop
  endfacet
  facet normal 0 0 -1
    outer loop
      vertex -19.6985 13.7101 0
      vertex -16.5975 12.5814 0
      vertex -16.6421 12.44 0
    endloop
  endfacet
  facet normal 0 0 -1
    outer loop
      vertex -19.8296 13.2941 0
      vertex -16.6421 12.44 0
      vertex -16.6742 12.2952 0
    endloop
  endfacet
  facet normal 0 0 -1
    outer loop
      vertex -19.924 12.8682 0
      vertex -16.6742 12.2952 0
      vertex -16.6935 12.1482 0
    endloop
  endfacet
  facet normal 0 0 -1
    outer loop
      vertex -15.5814 13.5975 0
      vertex -16.7101 16.6985 0
      vertex -16.2941 16.8296 0
    endloop
  endfacet
  facet normal 0 0 -1
    outer loop
      vertex -19.981 12.4358 0
      vertex -16.6935 12.1482 0
      vertex -16.7 12 0
    endloop
  endfacet
  facet normal 0 0 -1
    outer loop
      vertex -16.6742 11.7048 0
      vertex -20 12 0
      vertex -16.6935 11.8518 0
    endloop
  endfacet
  facet normal 0 0 -1
    outer loop
      vertex -19.3301 -14.5 0
      vertex -16.4722 -12.85 0
      vertex -19.0958 -14.8679 0
    endloop
  endfacet
  facet normal 0 0 -1
    outer loop
      vertex -16.6935 11.8518 0
      vertex -20 12 0
      vertex -16.7 12 0
    endloop
  endfacet
  facet normal -0 0 -1
    outer loop
      vertex -16.4722 -12.85 0
      vertex -19.3301 -14.5 0
      vertex -16.5407 -12.7185 0
    endloop
  endfacet
  facet normal 0 -0 -1
    outer loop
      vertex -19.981 12.4358 0
      vertex -16.7 12 0
      vertex -20 12 0
    endloop
  endfacet
  facet normal 0 0 -1
    outer loop
      vertex -19.5315 -14.1131 0
      vertex -16.5407 -12.7185 0
      vertex -19.3301 -14.5 0
    endloop
  endfacet
  facet normal 0 0 -1
    outer loop
      vertex -15.7185 13.5407 0
      vertex -17.1131 16.5315 0
      vertex -16.7101 16.6985 0
    endloop
  endfacet
  facet normal -0 0 -1
    outer loop
      vertex -16.5407 -12.7185 0
      vertex -19.5315 -14.1131 0
      vertex -16.5975 -12.5814 0
    endloop
  endfacet
  facet normal 0 0 -1
    outer loop
      vertex -15.85 13.4722 0
      vertex -17.5 16.3301 0
      vertex -17.1131 16.5315 0
    endloop
  endfacet
  facet normal 0 0 -1
    outer loop
      vertex -19.6985 -13.7101 0
      vertex -16.5975 -12.5814 0
      vertex -19.5315 -14.1131 0
    endloop
  endfacet
  facet normal 0 0 -1
    outer loop
      vertex -15.9751 13.3926 0
      vertex -17.8679 16.0958 0
      vertex -17.5 16.3301 0
    endloop
  endfacet
  facet normal -0 0 -1
    outer loop
      vertex -16.5975 -12.5814 0
      vertex -19.6985 -13.7101 0
      vertex -16.6421 -12.44 0
    endloop
  endfacet
  facet normal 0 0 -1
    outer loop
      vertex -16.0927 13.3023 0
      vertex -18.2139 15.8302 0
      vertex -17.8679 16.0958 0
    endloop
  endfacet
  facet normal 0 0 -1
    outer loop
      vertex -19.8296 -13.2941 0
      vertex -16.6421 -12.44 0
      vertex -19.6985 -13.7101 0
    endloop
  endfacet
  facet normal 0 0 -1
    outer loop
      vertex -16.2021 13.2021 0
      vertex -18.5355 15.5355 0
      vertex -18.2139 15.8302 0
    endloop
  endfacet
  facet normal -0 0 -1
    outer loop
      vertex -16.6421 -12.44 0
      vertex -19.8296 -13.2941 0
      vertex -16.6742 -12.2952 0
    endloop
  endfacet
  facet normal 0 0 -1
    outer loop
      vertex -16.3023 13.0927 0
      vertex -18.8302 15.2139 0
      vertex -18.5355 15.5355 0
    endloop
  endfacet
  facet normal 0 0 -1
    outer loop
      vertex -19.924 -12.8682 0
      vertex -16.6742 -12.2952 0
      vertex -19.8296 -13.2941 0
    endloop
  endfacet
  facet normal 0 0 -1
    outer loop
      vertex -16.3926 12.9751 0
      vertex -19.0958 14.8679 0
      vertex -18.8302 15.2139 0
    endloop
  endfacet
  facet normal -0 0 -1
    outer loop
      vertex -16.6742 -12.2952 0
      vertex -19.924 -12.8682 0
      vertex -16.6935 -12.1482 0
    endloop
  endfacet
  facet normal 0 0 -1
    outer loop
      vertex -16.4722 12.85 0
      vertex -19.3301 14.5 0
      vertex -19.0958 14.8679 0
    endloop
  endfacet
  facet normal 0 0 -1
    outer loop
      vertex -19.981 -12.4358 0
      vertex -16.6935 -12.1482 0
      vertex -19.924 -12.8682 0
    endloop
  endfacet
  facet normal 0 0 -1
    outer loop
      vertex -16.5407 12.7185 0
      vertex -19.5315 14.1131 0
      vertex -19.3301 14.5 0
    endloop
  endfacet
  facet normal -0 0 -1
    outer loop
      vertex -16.6935 -12.1482 0
      vertex -19.981 -12.4358 0
      vertex -16.7 -12 0
    endloop
  endfacet
  facet normal 0 0 -1
    outer loop
      vertex -16.5975 12.5814 0
      vertex -19.6985 13.7101 0
      vertex -19.5315 14.1131 0
    endloop
  endfacet
  facet normal -0 0 -1
    outer loop
      vertex -16.7 -12 0
      vertex -19.981 -12.4358 0
      vertex -20 -12 0
    endloop
  endfacet
  facet normal 0 0 -1
    outer loop
      vertex -16.6421 12.44 0
      vertex -19.8296 13.2941 0
      vertex -19.6985 13.7101 0
    endloop
  endfacet
  facet normal 0 0 -1
    outer loop
      vertex -16.6742 12.2952 0
      vertex -19.924 12.8682 0
      vertex -19.8296 13.2941 0
    endloop
  endfacet
  facet normal 0 0 -1
    outer loop
      vertex -16.6935 12.1482 0
      vertex -19.981 12.4358 0
      vertex -19.924 12.8682 0
    endloop
  endfacet
  facet normal -0.216396 -0.976306 0
    outer loop
      vertex -16.2941 -16.8296 0
      vertex -15.8682 -16.924 4
      vertex -16.2941 -16.8296 4
    endloop
  endfacet
  facet normal -0.216396 -0.976306 -0
    outer loop
      vertex -15.8682 -16.924 4
      vertex -16.2941 -16.8296 0
      vertex -15.8682 -16.924 0
    endloop
  endfacet
  facet normal -0.976306 0.216396 0
    outer loop
      vertex -19.924 12.8682 0
      vertex -19.8296 13.2941 4
      vertex -19.8296 13.2941 0
    endloop
  endfacet
  facet normal -0.976306 0.216396 0
    outer loop
      vertex -19.8296 13.2941 4
      vertex -19.924 12.8682 0
      vertex -19.924 12.8682 4
    endloop
  endfacet
  facet normal 0.991423 -0.130692 0
    outer loop
      vertex 19.924 -12.8682 4
      vertex 19.981 -12.4358 0
      vertex 19.981 -12.4358 4
    endloop
  endfacet
  facet normal 0.991423 -0.130692 0
    outer loop
      vertex 19.981 -12.4358 0
      vertex 19.924 -12.8682 4
      vertex 19.924 -12.8682 0
    endloop
  endfacet
  facet normal 1 -0 0
    outer loop
      vertex 20 -12 4
      vertex 20 12 0
      vertex 20 12 4
    endloop
  endfacet
  facet normal 1 0 0
    outer loop
      vertex 20 12 0
      vertex 20 -12 4
      vertex 20 -12 0
    endloop
  endfacet
  facet normal 0.976306 -0.216396 0
    outer loop
      vertex 19.8296 -13.2941 4
      vertex 19.924 -12.8682 0
      vertex 19.924 -12.8682 4
    endloop
  endfacet
  facet normal 0.976306 -0.216396 0
    outer loop
      vertex 19.924 -12.8682 0
      vertex 19.8296 -13.2941 4
      vertex 19.8296 -13.2941 0
    endloop
  endfacet
  facet normal -0.953759 -0.300572 0
    outer loop
      vertex -19.6985 -13.7101 0
      vertex -19.8296 -13.2941 4
      vertex -19.8296 -13.2941 0
    endloop
  endfacet
  facet normal -0.953759 -0.300572 0
    outer loop
      vertex -19.8296 -13.2941 4
      vertex -19.6985 -13.7101 0
      vertex -19.6985 -13.7101 4
    endloop
  endfacet
  facet normal 0.991423 0.130692 0
    outer loop
      vertex 19.981 12.4358 4
      vertex 19.924 12.8682 0
      vertex 19.924 12.8682 4
    endloop
  endfacet
  facet normal 0.991423 0.130692 0
    outer loop
      vertex 19.924 12.8682 0
      vertex 19.981 12.4358 4
      vertex 19.981 12.4358 0
    endloop
  endfacet
  facet normal -0.300572 -0.953759 0
    outer loop
      vertex -16.7101 -16.6985 0
      vertex -16.2941 -16.8296 4
      vertex -16.7101 -16.6985 4
    endloop
  endfacet
  facet normal -0.300572 -0.953759 -0
    outer loop
      vertex -16.2941 -16.8296 4
      vertex -16.7101 -16.6985 0
      vertex -16.2941 -16.8296 0
    endloop
  endfacet
  facet normal -0.923821 -0.382824 0
    outer loop
      vertex -19.5315 -14.1131 0
      vertex -19.6985 -13.7101 4
      vertex -19.6985 -13.7101 0
    endloop
  endfacet
  facet normal -0.923821 -0.382824 0
    outer loop
      vertex -19.6985 -13.7101 4
      vertex -19.5315 -14.1131 0
      vertex -19.5315 -14.1131 4
    endloop
  endfacet
  facet normal 0.737268 0.6756 0
    outer loop
      vertex 18.8302 15.2139 4
      vertex 18.5355 15.5355 0
      vertex 18.5355 15.5355 4
    endloop
  endfacet
  facet normal 0.737268 0.6756 0
    outer loop
      vertex 18.5355 15.5355 0
      vertex 18.8302 15.2139 4
      vertex 18.8302 15.2139 0
    endloop
  endfacet
  facet normal -0.887018 0.461735 0
    outer loop
      vertex -19.5315 14.1131 0
      vertex -19.3301 14.5 4
      vertex -19.3301 14.5 0
    endloop
  endfacet
  facet normal -0.887018 0.461735 0
    outer loop
      vertex -19.3301 14.5 4
      vertex -19.5315 14.1131 0
      vertex -19.5315 14.1131 4
    endloop
  endfacet
  facet normal -0.991423 -0.130692 0
    outer loop
      vertex -19.924 -12.8682 0
      vertex -19.981 -12.4358 4
      vertex -19.981 -12.4358 0
    endloop
  endfacet
  facet normal -0.991423 -0.130692 0
    outer loop
      vertex -19.981 -12.4358 4
      vertex -19.924 -12.8682 0
      vertex -19.924 -12.8682 4
    endloop
  endfacet
  facet normal -0.976306 -0.216396 0
    outer loop
      vertex -19.8296 -13.2941 0
      vertex -19.924 -12.8682 4
      vertex -19.924 -12.8682 0
    endloop
  endfacet
  facet normal -0.976306 -0.216396 0
    outer loop
      vertex -19.924 -12.8682 4
      vertex -19.8296 -13.2941 0
      vertex -19.8296 -13.2941 4
    endloop
  endfacet
  facet normal 0.6756 -0.737268 0
    outer loop
      vertex 18.2139 -15.8302 0
      vertex 18.5355 -15.5355 4
      vertex 18.2139 -15.8302 4
    endloop
  endfacet
  facet normal 0.6756 -0.737268 0
    outer loop
      vertex 18.5355 -15.5355 4
      vertex 18.2139 -15.8302 0
      vertex 18.5355 -15.5355 0
    endloop
  endfacet
  facet normal 0.461735 -0.887018 0
    outer loop
      vertex 17.1131 -16.5315 0
      vertex 17.5 -16.3301 4
      vertex 17.1131 -16.5315 4
    endloop
  endfacet
  facet normal 0.461735 -0.887018 0
    outer loop
      vertex 17.5 -16.3301 4
      vertex 17.1131 -16.5315 0
      vertex 17.5 -16.3301 0
    endloop
  endfacet
  facet normal -0.608913 -0.793237 0
    outer loop
      vertex -18.2139 -15.8302 0
      vertex -17.8679 -16.0958 4
      vertex -18.2139 -15.8302 4
    endloop
  endfacet
  facet normal -0.608913 -0.793237 -0
    outer loop
      vertex -17.8679 -16.0958 4
      vertex -18.2139 -15.8302 0
      vertex -17.8679 -16.0958 0
    endloop
  endfacet
  facet normal 0.216396 0.976306 -0
    outer loop
      vertex 16.2941 16.8296 0
      vertex 15.8682 16.924 4
      vertex 16.2941 16.8296 4
    endloop
  endfacet
  facet normal 0.216396 0.976306 0
    outer loop
      vertex 15.8682 16.924 4
      vertex 16.2941 16.8296 0
      vertex 15.8682 16.924 0
    endloop
  endfacet
  facet normal 0.923821 -0.382824 0
    outer loop
      vertex 19.5315 -14.1131 4
      vertex 19.6985 -13.7101 0
      vertex 19.6985 -13.7101 4
    endloop
  endfacet
  facet normal 0.923821 -0.382824 0
    outer loop
      vertex 19.6985 -13.7101 0
      vertex 19.5315 -14.1131 4
      vertex 19.5315 -14.1131 0
    endloop
  endfacet
  facet normal 0.843473 -0.537172 0
    outer loop
      vertex 19.0958 -14.8679 4
      vertex 19.3301 -14.5 0
      vertex 19.3301 -14.5 4
    endloop
  endfacet
  facet normal 0.843473 -0.537172 0
    outer loop
      vertex 19.3301 -14.5 0
      vertex 19.0958 -14.8679 4
      vertex 19.0958 -14.8679 0
    endloop
  endfacet
  facet normal 0 0 1
    outer loop
      vertex -9.12645 -8.74777 4
      vertex -13.3065 -11.8518 4
      vertex -13.3 -12 4
    endloop
  endfacet
  facet normal 0 0 1
    outer loop
      vertex -11.3386 -6.11147 4
      vertex -13.3258 -11.7048 4
      vertex -13.3065 -11.8518 4
    endloop
  endfacet
  facet normal 0 0 1
    outer loop
      vertex -11.3386 -6.11147 4
      vertex -13.3579 -11.56 4
      vertex -13.3258 -11.7048 4
    endloop
  endfacet
  facet normal 0 0 1
    outer loop
      vertex -13.622 -1.39467 4
      vertex -11.35 -5.84999 4
      vertex -13.5 -1.4 4
    endloop
  endfacet
  facet normal 0 0 1
    outer loop
      vertex -11.3386 -6.11147 4
      vertex -13.4025 -11.4186 4
      vertex -13.3579 -11.56 4
    endloop
  endfacet
  facet normal 0 0 1
    outer loop
      vertex -11.3386 -6.11147 4
      vertex -13.4593 -11.2815 4
      vertex -13.4025 -11.4186 4
    endloop
  endfacet
  facet normal 0 0 1
    outer loop
      vertex -13.7431 -1.37873 4
      vertex -11.35 -5.84999 4
      vertex -13.622 -1.39467 4
    endloop
  endfacet
  facet normal 0 0 1
    outer loop
      vertex -11.3386 -6.11147 4
      vertex -13.5278 -11.15 4
      vertex -13.4593 -11.2815 4
    endloop
  endfacet
  facet normal 0 0 1
    outer loop
      vertex -11.3386 -6.11147 4
      vertex -13.6074 -11.0249 4
      vertex -13.5278 -11.15 4
    endloop
  endfacet
  facet normal 0 0 1
    outer loop
      vertex -13.8623 -1.3523 4
      vertex -11.35 -5.84999 4
      vertex -13.7431 -1.37873 4
    endloop
  endfacet
  facet normal 0 0 1
    outer loop
      vertex -11.3386 -6.11147 4
      vertex -13.6977 -10.9073 4
      vertex -13.6074 -11.0249 4
    endloop
  endfacet
  facet normal 0 0 1
    outer loop
      vertex -13.9788 -1.31557 4
      vertex -11.35 -5.84999 4
      vertex -13.8623 -1.3523 4
    endloop
  endfacet
  facet normal 0 0 1
    outer loop
      vertex -11.3386 -6.11147 4
      vertex -13.7979 -10.7979 4
      vertex -13.6977 -10.9073 4
    endloop
  endfacet
  facet normal 0 0 1
    outer loop
      vertex -14.0917 -1.26883 4
      vertex -11.35 -5.84999 4
      vertex -13.9788 -1.31557 4
    endloop
  endfacet
  facet normal 0 0 1
    outer loop
      vertex -11.3386 -6.11147 4
      vertex -13.9073 -10.6977 4
      vertex -13.7979 -10.7979 4
    endloop
  endfacet
  facet normal 0 0 1
    outer loop
      vertex -15.2952 -10.3258 4
      vertex -11.35 -5.84999 4
      vertex -14.0917 -1.26883 4
    endloop
  endfacet
  facet normal 0 0 1
    outer loop
      vertex -11.3386 -6.11147 4
      vertex -14.0249 -10.6074 4
      vertex -13.9073 -10.6977 4
    endloop
  endfacet
  facet normal 0 -0 1
    outer loop
      vertex -15.1482 -10.3065 4
      vertex -11.35 -5.84999 4
      vertex -15.2952 -10.3258 4
    endloop
  endfacet
  facet normal 0 0 1
    outer loop
      vertex -11.3386 -6.11147 4
      vertex -14.15 -10.5278 4
      vertex -14.0249 -10.6074 4
    endloop
  endfacet
  facet normal 0 0 1
    outer loop
      vertex -15.2952 -10.3258 4
      vertex -14.0917 -1.26883 4
      vertex -14.2 -1.21243 4
    endloop
  endfacet
  facet normal 0 0 1
    outer loop
      vertex -11.3386 -6.11147 4
      vertex -14.2815 -10.4593 4
      vertex -14.15 -10.5278 4
    endloop
  endfacet
  facet normal 0 0 1
    outer loop
      vertex -15.44 -10.3579 4
      vertex -14.2 -1.21243 4
      vertex -14.303 -1.14681 4
    endloop
  endfacet
  facet normal 0 0 1
    outer loop
      vertex -15.5814 -10.4025 4
      vertex -14.303 -1.14681 4
      vertex -14.3999 -1.07246 4
    endloop
  endfacet
  facet normal 0 0 1
    outer loop
      vertex -11.3386 -6.11147 4
      vertex -14.4186 -10.4025 4
      vertex -14.2815 -10.4593 4
    endloop
  endfacet
  facet normal 0 0 1
    outer loop
      vertex -15.7185 -10.4593 4
      vertex -14.3999 -1.07246 4
      vertex -14.4899 -0.989949 4
    endloop
  endfacet
  facet normal 0 0 1
    outer loop
      vertex -11.3386 -6.11147 4
      vertex -14.56 -10.3579 4
      vertex -14.4186 -10.4025 4
    endloop
  endfacet
  facet normal 0 0 1
    outer loop
      vertex -15.85 -10.5278 4
      vertex -14.4899 -0.989949 4
      vertex -14.5725 -0.899902 4
    endloop
  endfacet
  facet normal 0 0 1
    outer loop
      vertex -15.9751 -10.6074 4
      vertex -14.5725 -0.899902 4
      vertex -14.6468 -0.803006 4
    endloop
  endfacet
  facet normal 0 0 1
    outer loop
      vertex -11.3386 -6.11147 4
      vertex -14.7048 -10.3258 4
      vertex -14.56 -10.3579 4
    endloop
  endfacet
  facet normal 0 0 1
    outer loop
      vertex -20 -12 4
      vertex -14.6468 -0.803006 4
      vertex -14.7124 -0.7 4
    endloop
  endfacet
  facet normal 0 0 1
    outer loop
      vertex -20 -12 4
      vertex -14.7124 -0.7 4
      vertex -14.7688 -0.591665 4
    endloop
  endfacet
  facet normal 0 0 1
    outer loop
      vertex -20 -12 4
      vertex -14.7688 -0.591665 4
      vertex -14.8156 -0.478827 4
    endloop
  endfacet
  facet normal 0 0 1
    outer loop
      vertex -11.3386 -6.11147 4
      vertex -14.8518 -10.3065 4
      vertex -14.7048 -10.3258 4
    endloop
  endfacet
  facet normal 0 0 1
    outer loop
      vertex -20 -12 4
      vertex -14.8156 -0.478827 4
      vertex -14.8523 -0.362347 4
    endloop
  endfacet
  facet normal 0 0 1
    outer loop
      vertex -20 -12 4
      vertex -14.8523 -0.362347 4
      vertex -14.8787 -0.243107 4
    endloop
  endfacet
  facet normal 0 0 1
    outer loop
      vertex -20 -12 4
      vertex -14.8787 -0.243107 4
      vertex -14.8947 -0.122018 4
    endloop
  endfacet
  facet normal 0 0 1
    outer loop
      vertex -20 -12 4
      vertex -14.8947 -0.122018 4
      vertex -14.9 0 4
    endloop
  endfacet
  facet normal 0 0 1
    outer loop
      vertex -20 12 4
      vertex -14.6468 0.803006 4
      vertex -15.9751 10.6074 4
    endloop
  endfacet
  facet normal 0 0 1
    outer loop
      vertex -11.3386 -6.11147 4
      vertex -15 -10.3 4
      vertex -14.8518 -10.3065 4
    endloop
  endfacet
  facet normal 0 0 1
    outer loop
      vertex -14.6468 0.803006 4
      vertex -20 12 4
      vertex -14.7124 0.7 4
    endloop
  endfacet
  facet normal 0 0 1
    outer loop
      vertex -11.3386 -6.11147 4
      vertex -15.1482 -10.3065 4
      vertex -15 -10.3 4
    endloop
  endfacet
  facet normal 0 0 1
    outer loop
      vertex -14.7124 0.7 4
      vertex -20 12 4
      vertex -14.7688 0.591665 4
    endloop
  endfacet
  facet normal 0 0 1
    outer loop
      vertex -11.35 -5.84999 4
      vertex -15.1482 -10.3065 4
      vertex -11.3386 -6.11147 4
    endloop
  endfacet
  facet normal 0 0 1
    outer loop
      vertex -14.7688 0.591665 4
      vertex -20 12 4
      vertex -14.8156 0.478827 4
    endloop
  endfacet
  facet normal 0 0 1
    outer loop
      vertex -14.2 -1.21243 4
      vertex -15.44 -10.3579 4
      vertex -15.2952 -10.3258 4
    endloop
  endfacet
  facet normal 0 0 1
    outer loop
      vertex -14.8156 0.478827 4
      vertex -20 12 4
      vertex -14.8523 0.362347 4
    endloop
  endfacet
  facet normal 0 0 1
    outer loop
      vertex -14.303 -1.14681 4
      vertex -15.5814 -10.4025 4
      vertex -15.44 -10.3579 4
    endloop
  endfacet
  facet normal 0 0 1
    outer loop
      vertex -14.8523 0.362347 4
      vertex -20 12 4
      vertex -14.8787 0.243107 4
    endloop
  endfacet
  facet normal 0 0 1
    outer loop
      vertex -14.3999 -1.07246 4
      vertex -15.7185 -10.4593 4
      vertex -15.5814 -10.4025 4
    endloop
  endfacet
  facet normal 0 0 1
    outer loop
      vertex -14.8787 0.243107 4
      vertex -20 12 4
      vertex -14.8947 0.122018 4
    endloop
  endfacet
  facet normal 0 0 1
    outer loop
      vertex -14.4899 -0.989949 4
      vertex -15.85 -10.5278 4
      vertex -15.7185 -10.4593 4
    endloop
  endfacet
  facet normal 0 0 1
    outer loop
      vertex -14.8947 0.122018 4
      vertex -20 12 4
      vertex -14.9 0 4
    endloop
  endfacet
  facet normal 0 0 1
    outer loop
      vertex -20 -12 4
      vertex -14.9 0 4
      vertex -20 12 4
    endloop
  endfacet
  facet normal 0 0 1
    outer loop
      vertex -20 12 4
      vertex -15.9751 10.6074 4
      vertex -16.0927 10.6977 4
    endloop
  endfacet
  facet normal 0 0 1
    outer loop
      vertex -14.6468 -0.803006 4
      vertex -20 -12 4
      vertex -15.9751 -10.6074 4
    endloop
  endfacet
  facet normal 0 0 1
    outer loop
      vertex -20 12 4
      vertex -16.0927 10.6977 4
      vertex -16.2021 10.7979 4
    endloop
  endfacet
  facet normal 0 0 1
    outer loop
      vertex -14.5725 -0.899902 4
      vertex -15.9751 -10.6074 4
      vertex -15.85 -10.5278 4
    endloop
  endfacet
  facet normal 0 0 1
    outer loop
      vertex -20 12 4
      vertex -16.2021 10.7979 4
      vertex -16.3023 10.9073 4
    endloop
  endfacet
  facet normal 0 0 1
    outer loop
      vertex -15.9751 -10.6074 4
      vertex -20 -12 4
      vertex -16.0927 -10.6977 4
    endloop
  endfacet
  facet normal 0 0 1
    outer loop
      vertex -20 12 4
      vertex -16.3023 10.9073 4
      vertex -16.3926 11.0249 4
    endloop
  endfacet
  facet normal 0 0 1
    outer loop
      vertex -16.0927 -10.6977 4
      vertex -20 -12 4
      vertex -16.2021 -10.7979 4
    endloop
  endfacet
  facet normal 0 0 1
    outer loop
      vertex -20 12 4
      vertex -16.3926 11.0249 4
      vertex -16.4722 11.15 4
    endloop
  endfacet
  facet normal 0 0 1
    outer loop
      vertex -16.2021 -10.7979 4
      vertex -20 -12 4
      vertex -16.3023 -10.9073 4
    endloop
  endfacet
  facet normal 0 0 1
    outer loop
      vertex -20 12 4
      vertex -16.4722 11.15 4
      vertex -16.5407 11.2815 4
    endloop
  endfacet
  facet normal 0 0 1
    outer loop
      vertex -16.3023 -10.9073 4
      vertex -20 -12 4
      vertex -16.3926 -11.0249 4
    endloop
  endfacet
  facet normal 0 0 1
    outer loop
      vertex -20 12 4
      vertex -16.5407 11.2815 4
      vertex -16.5975 11.4186 4
    endloop
  endfacet
  facet normal 0 0 1
    outer loop
      vertex -16.3926 -11.0249 4
      vertex -20 -12 4
      vertex -16.4722 -11.15 4
    endloop
  endfacet
  facet normal 0 0 1
    outer loop
      vertex -20 12 4
      vertex -16.5975 11.4186 4
      vertex -16.6421 11.56 4
    endloop
  endfacet
  facet normal 0 0 1
    outer loop
      vertex -16.4722 -11.15 4
      vertex -20 -12 4
      vertex -16.5407 -11.2815 4
    endloop
  endfacet
  facet normal 0 0 1
    outer loop
      vertex -20 12 4
      vertex -16.6421 11.56 4
      vertex -16.6742 11.7048 4
    endloop
  endfacet
  facet normal 0 0 1
    outer loop
      vertex -16.5407 -11.2815 4
      vertex -20 -12 4
      vertex -16.5975 -11.4186 4
    endloop
  endfacet
  facet normal 0 0 1
    outer loop
      vertex -20 12 4
      vertex -16.6742 11.7048 4
      vertex -16.6935 11.8518 4
    endloop
  endfacet
  facet normal 0 0 1
    outer loop
      vertex -16.5975 -11.4186 4
      vertex -20 -12 4
      vertex -16.6421 -11.56 4
    endloop
  endfacet
  facet normal -0 0 1
    outer loop
      vertex -20 12 4
      vertex -16.6935 11.8518 4
      vertex -16.7 12 4
    endloop
  endfacet
  facet normal 0 0 1
    outer loop
      vertex -16.6421 -11.56 4
      vertex -20 -12 4
      vertex -16.6742 -11.7048 4
    endloop
  endfacet
  facet normal 0 0 1
    outer loop
      vertex -10.4713 7.97131 4
      vertex -13.7979 10.7979 4
      vertex -10.6481 7.77835 4
    endloop
  endfacet
  facet normal -0 0 1
    outer loop
      vertex -13.9073 10.6977 4
      vertex -10.6481 7.77835 4
      vertex -13.7979 10.7979 4
    endloop
  endfacet
  facet normal 0 0 1
    outer loop
      vertex -10.6481 7.77835 4
      vertex -13.9073 10.6977 4
      vertex -10.8074 7.57072 4
    endloop
  endfacet
  facet normal -0 0 1
    outer loop
      vertex -14.0249 10.6074 4
      vertex -10.8074 7.57072 4
      vertex -13.9073 10.6977 4
    endloop
  endfacet
  facet normal 0 0 1
    outer loop
      vertex -10.8074 7.57072 4
      vertex -14.0249 10.6074 4
      vertex -10.9481 7.34999 4
    endloop
  endfacet
  facet normal -0 0 1
    outer loop
      vertex -14.15 10.5278 4
      vertex -10.9481 7.34999 4
      vertex -14.0249 10.6074 4
    endloop
  endfacet
  facet normal -0 0 1
    outer loop
      vertex -14.2815 10.4593 4
      vertex -10.9481 7.34999 4
      vertex -14.15 10.5278 4
    endloop
  endfacet
  facet normal 0 0 1
    outer loop
      vertex -10.9481 7.34999 4
      vertex -14.2815 10.4593 4
      vertex -11.0689 7.11784 4
    endloop
  endfacet
  facet normal -0 0 1
    outer loop
      vertex -14.4186 10.4025 4
      vertex -11.0689 7.11784 4
      vertex -14.2815 10.4593 4
    endloop
  endfacet
  facet normal 0 0 1
    outer loop
      vertex -11.0689 7.11784 4
      vertex -14.4186 10.4025 4
      vertex -11.1691 6.87605 4
    endloop
  endfacet
  facet normal -0 0 1
    outer loop
      vertex -14.56 10.3579 4
      vertex -11.1691 6.87605 4
      vertex -14.4186 10.4025 4
    endloop
  endfacet
  facet normal 0 0 1
    outer loop
      vertex -11.1691 6.87605 4
      vertex -14.56 10.3579 4
      vertex -11.2478 6.62645 4
    endloop
  endfacet
  facet normal -0 0 1
    outer loop
      vertex -14.7048 10.3258 4
      vertex -11.2478 6.62645 4
      vertex -14.56 10.3579 4
    endloop
  endfacet
  facet normal 0 0 1
    outer loop
      vertex -11.2478 6.62645 4
      vertex -14.7048 10.3258 4
      vertex -11.3044 6.37094 4
    endloop
  endfacet
  facet normal 0 0 1
    outer loop
      vertex -11.3386 6.11147 4
      vertex -13.378 1.39467 4
      vertex -13.2569 1.37873 4
    endloop
  endfacet
  facet normal -0 0 1
    outer loop
      vertex -14.8518 10.3065 4
      vertex -11.3044 6.37094 4
      vertex -14.7048 10.3258 4
    endloop
  endfacet
  facet normal 0 0 1
    outer loop
      vertex -11.3386 6.11147 4
      vertex -13.5 1.4 4
      vertex -13.378 1.39467 4
    endloop
  endfacet
  facet normal -0 0 1
    outer loop
      vertex -15 10.3 4
      vertex -11.3044 6.37094 4
      vertex -14.8518 10.3065 4
    endloop
  endfacet
  facet normal 0 0 1
    outer loop
      vertex -11.3386 6.11147 4
      vertex -13.622 1.39467 4
      vertex -13.5 1.4 4
    endloop
  endfacet
  facet normal 0 0 1
    outer loop
      vertex -11.3044 6.37094 4
      vertex -15 10.3 4
      vertex -11.3386 6.11147 4
    endloop
  endfacet
  facet normal 0 0 1
    outer loop
      vertex -11.3386 6.11147 4
      vertex -13.7431 1.37873 4
      vertex -13.622 1.39467 4
    endloop
  endfacet
  facet normal 0 0 1
    outer loop
      vertex -15.1482 10.3065 4
      vertex -11.3386 6.11147 4
      vertex -15 10.3 4
    endloop
  endfacet
  facet normal 0 0 1
    outer loop
      vertex -11.3386 6.11147 4
      vertex -13.8623 1.3523 4
      vertex -13.7431 1.37873 4
    endloop
  endfacet
  facet normal 0 0 1
    outer loop
      vertex -11.3386 6.11147 4
      vertex -13.9788 1.31557 4
      vertex -13.8623 1.3523 4
    endloop
  endfacet
  facet normal 0 0 1
    outer loop
      vertex -11.3386 6.11147 4
      vertex -14.0917 1.26883 4
      vertex -13.9788 1.31557 4
    endloop
  endfacet
  facet normal 0 0 1
    outer loop
      vertex -15.2952 10.3258 4
      vertex -11.3386 6.11147 4
      vertex -15.1482 10.3065 4
    endloop
  endfacet
  facet normal 0 0 1
    outer loop
      vertex -11.3386 6.11147 4
      vertex -15.2952 10.3258 4
      vertex -14.0917 1.26883 4
    endloop
  endfacet
  facet normal 0 0 1
    outer loop
      vertex -14.0917 1.26883 4
      vertex -15.2952 10.3258 4
      vertex -14.2 1.21243 4
    endloop
  endfacet
  facet normal 0 0 1
    outer loop
      vertex -15.44 10.3579 4
      vertex -14.2 1.21243 4
      vertex -15.2952 10.3258 4
    endloop
  endfacet
  facet normal 0 0 1
    outer loop
      vertex -14.2 1.21243 4
      vertex -15.44 10.3579 4
      vertex -14.303 1.14681 4
    endloop
  endfacet
  facet normal 0 0 1
    outer loop
      vertex -15.5814 10.4025 4
      vertex -14.303 1.14681 4
      vertex -15.44 10.3579 4
    endloop
  endfacet
  facet normal 0 0 1
    outer loop
      vertex -14.303 1.14681 4
      vertex -15.5814 10.4025 4
      vertex -14.3999 1.07246 4
    endloop
  endfacet
  facet normal 0 0 1
    outer loop
      vertex -15.7185 10.4593 4
      vertex -14.3999 1.07246 4
      vertex -15.5814 10.4025 4
    endloop
  endfacet
  facet normal 0 0 1
    outer loop
      vertex -14.3999 1.07246 4
      vertex -15.7185 10.4593 4
      vertex -14.4899 0.989949 4
    endloop
  endfacet
  facet normal 0 0 1
    outer loop
      vertex -15.85 10.5278 4
      vertex -14.4899 0.989949 4
      vertex -15.7185 10.4593 4
    endloop
  endfacet
  facet normal 0 0 1
    outer loop
      vertex -14.4899 0.989949 4
      vertex -15.85 10.5278 4
      vertex -14.5725 0.899902 4
    endloop
  endfacet
  facet normal 0 0 1
    outer loop
      vertex -15.9751 10.6074 4
      vertex -14.5725 0.899902 4
      vertex -15.85 10.5278 4
    endloop
  endfacet
  facet normal 0 0 1
    outer loop
      vertex -14.5725 0.899902 4
      vertex -15.9751 10.6074 4
      vertex -14.6468 0.803006 4
    endloop
  endfacet
  facet normal 0 0 1
    outer loop
      vertex 16.6421 11.56 4
      vertex 20 12 4
      vertex 16.6742 11.7048 4
    endloop
  endfacet
  facet normal 0 0 1
    outer loop
      vertex 20 -12 4
      vertex 16.6935 -11.8518 4
      vertex 16.7 -12 4
    endloop
  endfacet
  facet normal 0 0 1
    outer loop
      vertex 16.5975 11.4186 4
      vertex 20 12 4
      vertex 16.6421 11.56 4
    endloop
  endfacet
  facet normal 0 0 1
    outer loop
      vertex 20 -12 4
      vertex 16.6742 -11.7048 4
      vertex 16.6935 -11.8518 4
    endloop
  endfacet
  facet normal 0 0 1
    outer loop
      vertex 16.5407 11.2815 4
      vertex 20 12 4
      vertex 16.5975 11.4186 4
    endloop
  endfacet
  facet normal 0 0 1
    outer loop
      vertex 20 -12 4
      vertex 16.6421 -11.56 4
      vertex 16.6742 -11.7048 4
    endloop
  endfacet
  facet normal 0 -0 1
    outer loop
      vertex 14.9 0 4
      vertex 20 12 4
      vertex 14.8947 0.122018 4
    endloop
  endfacet
  facet normal 0 0 1
    outer loop
      vertex 20 -12 4
      vertex 16.5975 -11.4186 4
      vertex 16.6421 -11.56 4
    endloop
  endfacet
  facet normal 0 0 1
    outer loop
      vertex 16.4722 11.15 4
      vertex 20 12 4
      vertex 16.5407 11.2815 4
    endloop
  endfacet
  facet normal -0 0 1
    outer loop
      vertex 14.8947 -0.122018 4
      vertex 20 -12 4
      vertex 14.9 0 4
    endloop
  endfacet
  facet normal 0 0 1
    outer loop
      vertex 16.3926 11.0249 4
      vertex 20 12 4
      vertex 16.4722 11.15 4
    endloop
  endfacet
  facet normal -0 0 1
    outer loop
      vertex 14.8787 -0.243107 4
      vertex 20 -12 4
      vertex 14.8947 -0.122018 4
    endloop
  endfacet
  facet normal 0 0 1
    outer loop
      vertex 16.3023 10.9073 4
      vertex 20 12 4
      vertex 16.3926 11.0249 4
    endloop
  endfacet
  facet normal 0 0 1
    outer loop
      vertex 20 -12 4
      vertex 16.5407 -11.2815 4
      vertex 16.5975 -11.4186 4
    endloop
  endfacet
  facet normal 0 0 1
    outer loop
      vertex 16.2021 10.7979 4
      vertex 20 12 4
      vertex 16.3023 10.9073 4
    endloop
  endfacet
  facet normal -0 0 1
    outer loop
      vertex 14.8523 -0.362347 4
      vertex 20 -12 4
      vertex 14.8787 -0.243107 4
    endloop
  endfacet
  facet normal 0 0 1
    outer loop
      vertex 16.0927 10.6977 4
      vertex 20 12 4
      vertex 16.2021 10.7979 4
    endloop
  endfacet
  facet normal 0 0 1
    outer loop
      vertex 20 -12 4
      vertex 16.4722 -11.15 4
      vertex 16.5407 -11.2815 4
    endloop
  endfacet
  facet normal 0 0 1
    outer loop
      vertex 15.9751 10.6074 4
      vertex 20 12 4
      vertex 16.0927 10.6977 4
    endloop
  endfacet
  facet normal -0 0 1
    outer loop
      vertex 14.8156 -0.478827 4
      vertex 20 -12 4
      vertex 14.8523 -0.362347 4
    endloop
  endfacet
  facet normal 0 0 1
    outer loop
      vertex 20 12 4
      vertex 15.9751 10.6074 4
      vertex 14.6468 0.803006 4
    endloop
  endfacet
  facet normal 0 0 1
    outer loop
      vertex 20 -12 4
      vertex 16.3926 -11.0249 4
      vertex 16.4722 -11.15 4
    endloop
  endfacet
  facet normal 0 0 1
    outer loop
      vertex 14.5725 0.899902 4
      vertex 15.9751 10.6074 4
      vertex 15.85 10.5278 4
    endloop
  endfacet
  facet normal -0 0 1
    outer loop
      vertex 14.7688 -0.591665 4
      vertex 20 -12 4
      vertex 14.8156 -0.478827 4
    endloop
  endfacet
  facet normal 0 0 1
    outer loop
      vertex 14.4899 0.989949 4
      vertex 15.85 10.5278 4
      vertex 15.7185 10.4593 4
    endloop
  endfacet
  facet normal 0 0 1
    outer loop
      vertex 20 -12 4
      vertex 16.3023 -10.9073 4
      vertex 16.3926 -11.0249 4
    endloop
  endfacet
  facet normal 0 0 1
    outer loop
      vertex 14.3999 1.07246 4
      vertex 15.7185 10.4593 4
      vertex 15.5814 10.4025 4
    endloop
  endfacet
  facet normal -0 0 1
    outer loop
      vertex 14.7124 -0.7 4
      vertex 20 -12 4
      vertex 14.7688 -0.591665 4
    endloop
  endfacet
  facet normal 0 0 1
    outer loop
      vertex 14.303 1.14681 4
      vertex 15.5814 10.4025 4
      vertex 15.44 10.3579 4
    endloop
  endfacet
  facet normal 0 0 1
    outer loop
      vertex 20 -12 4
      vertex 16.2021 -10.7979 4
      vertex 16.3023 -10.9073 4
    endloop
  endfacet
  facet normal 0 0 1
    outer loop
      vertex 14.2 1.21243 4
      vertex 15.44 10.3579 4
      vertex 15.2952 10.3258 4
    endloop
  endfacet
  facet normal -0 0 1
    outer loop
      vertex 14.6468 -0.803006 4
      vertex 20 -12 4
      vertex 14.7124 -0.7 4
    endloop
  endfacet
  facet normal 0 0 1
    outer loop
      vertex 11.35 5.84999 4
      vertex 15.2952 10.3258 4
      vertex 15.1482 10.3065 4
    endloop
  endfacet
  facet normal 0 0 1
    outer loop
      vertex 20 -12 4
      vertex 16.0927 -10.6977 4
      vertex 16.2021 -10.7979 4
    endloop
  endfacet
  facet normal 0 0 1
    outer loop
      vertex 11.3386 6.11147 4
      vertex 15.1482 10.3065 4
      vertex 15 10.3 4
    endloop
  endfacet
  facet normal -0 -0 1
    outer loop
      vertex 15.9751 -10.6074 4
      vertex 20 -12 4
      vertex 14.6468 -0.803006 4
    endloop
  endfacet
  facet normal 0 0 1
    outer loop
      vertex 20 -12 4
      vertex 15.9751 -10.6074 4
      vertex 16.0927 -10.6977 4
    endloop
  endfacet
  facet normal 0 0 1
    outer loop
      vertex 20 12 4
      vertex 14.9 0 4
      vertex 20 -12 4
    endloop
  endfacet
  facet normal 0 0 1
    outer loop
      vertex 20 12 4
      vertex 14.8787 0.243107 4
      vertex 14.8947 0.122018 4
    endloop
  endfacet
  facet normal 0 0 1
    outer loop
      vertex 20 12 4
      vertex 14.8523 0.362347 4
      vertex 14.8787 0.243107 4
    endloop
  endfacet
  facet normal 0 0 1
    outer loop
      vertex 11.3044 6.37094 4
      vertex 15 10.3 4
      vertex 14.8518 10.3065 4
    endloop
  endfacet
  facet normal 0 0 1
    outer loop
      vertex 20 12 4
      vertex 14.8156 0.478827 4
      vertex 14.8523 0.362347 4
    endloop
  endfacet
  facet normal 0 0 1
    outer loop
      vertex 20 12 4
      vertex 14.7688 0.591665 4
      vertex 14.8156 0.478827 4
    endloop
  endfacet
  facet normal 0 0 1
    outer loop
      vertex 20 12 4
      vertex 14.7124 0.7 4
      vertex 14.7688 0.591665 4
    endloop
  endfacet
  facet normal 0 0 1
    outer loop
      vertex 11.3044 6.37094 4
      vertex 14.8518 10.3065 4
      vertex 14.7048 10.3258 4
    endloop
  endfacet
  facet normal 0 0 1
    outer loop
      vertex 20 12 4
      vertex 14.6468 0.803006 4
      vertex 14.7124 0.7 4
    endloop
  endfacet
  facet normal 0 0 1
    outer loop
      vertex 15.9751 10.6074 4
      vertex 14.5725 0.899902 4
      vertex 14.6468 0.803006 4
    endloop
  endfacet
  facet normal 0 0 1
    outer loop
      vertex 11.2478 6.62645 4
      vertex 14.7048 10.3258 4
      vertex 14.56 10.3579 4
    endloop
  endfacet
  facet normal 0 0 1
    outer loop
      vertex 15.85 10.5278 4
      vertex 14.4899 0.989949 4
      vertex 14.5725 0.899902 4
    endloop
  endfacet
  facet normal 0 0 1
    outer loop
      vertex 11.1691 6.87605 4
      vertex 14.56 10.3579 4
      vertex 14.4186 10.4025 4
    endloop
  endfacet
  facet normal 0 0 1
    outer loop
      vertex 15.7185 10.4593 4
      vertex 14.3999 1.07246 4
      vertex 14.4899 0.989949 4
    endloop
  endfacet
  facet normal 0 0 1
    outer loop
      vertex 15.5814 10.4025 4
      vertex 14.303 1.14681 4
      vertex 14.3999 1.07246 4
    endloop
  endfacet
  facet normal 0 0 1
    outer loop
      vertex 11.0689 7.11784 4
      vertex 14.4186 10.4025 4
      vertex 14.2815 10.4593 4
    endloop
  endfacet
  facet normal 0 0 1
    outer loop
      vertex 15.44 10.3579 4
      vertex 14.2 1.21243 4
      vertex 14.303 1.14681 4
    endloop
  endfacet
  facet normal 0 0 1
    outer loop
      vertex 10.9481 7.34999 4
      vertex 14.2815 10.4593 4
      vertex 14.15 10.5278 4
    endloop
  endfacet
  facet normal 0 0 1
    outer loop
      vertex 15.2952 10.3258 4
      vertex 14.0917 1.26883 4
      vertex 14.2 1.21243 4
    endloop
  endfacet
  facet normal 0 0 1
    outer loop
      vertex 10.9481 7.34999 4
      vertex 14.15 10.5278 4
      vertex 14.0249 10.6074 4
    endloop
  endfacet
  facet normal 0 0 1
    outer loop
      vertex 15.2952 10.3258 4
      vertex 11.35 5.84999 4
      vertex 14.0917 1.26883 4
    endloop
  endfacet
  facet normal 0 0 1
    outer loop
      vertex 10.8074 7.57072 4
      vertex 14.0249 10.6074 4
      vertex 13.9073 10.6977 4
    endloop
  endfacet
  facet normal 0 0 1
    outer loop
      vertex 14.0917 1.26883 4
      vertex 11.35 5.84999 4
      vertex 13.9788 1.31557 4
    endloop
  endfacet
  facet normal 0 0 1
    outer loop
      vertex 10.6481 7.77835 4
      vertex 13.9073 10.6977 4
      vertex 13.7979 10.7979 4
    endloop
  endfacet
  facet normal 0 0 1
    outer loop
      vertex 13.9788 1.31557 4
      vertex 11.35 5.84999 4
      vertex 13.8623 1.3523 4
    endloop
  endfacet
  facet normal 0 0 1
    outer loop
      vertex 10.4713 7.97131 4
      vertex 13.7979 10.7979 4
      vertex 13.6977 10.9073 4
    endloop
  endfacet
  facet normal 0 0 1
    outer loop
      vertex 13.8623 1.3523 4
      vertex 11.35 5.84999 4
      vertex 13.7431 1.37873 4
    endloop
  endfacet
  facet normal 0 0 1
    outer loop
      vertex 10.4713 7.97131 4
      vertex 13.6977 10.9073 4
      vertex 13.6074 11.0249 4
    endloop
  endfacet
  facet normal 0 0 1
    outer loop
      vertex 10.2784 8.14812 4
      vertex 13.6074 11.0249 4
      vertex 13.5278 11.15 4
    endloop
  endfacet
  facet normal 0 0 1
    outer loop
      vertex 15.1482 10.3065 4
      vertex 11.3386 6.11147 4
      vertex 11.35 5.84999 4
    endloop
  endfacet
  facet normal 0 0 1
    outer loop
      vertex 10.0707 8.30745 4
      vertex 13.5278 11.15 4
      vertex 13.4593 11.2815 4
    endloop
  endfacet
  facet normal 0 0 1
    outer loop
      vertex 9.84999 8.44807 4
      vertex 13.4593 11.2815 4
      vertex 13.4025 11.4186 4
    endloop
  endfacet
  facet normal 0 0 1
    outer loop
      vertex 13.7431 1.37873 4
      vertex 11.35 5.84999 4
      vertex 13.622 1.39467 4
    endloop
  endfacet
  facet normal 0 0 1
    outer loop
      vertex 9.84999 8.44807 4
      vertex 13.4025 11.4186 4
      vertex 13.3579 11.56 4
    endloop
  endfacet
  facet normal 0 0 1
    outer loop
      vertex 9.61784 8.56891 4
      vertex 13.3579 11.56 4
      vertex 13.3258 11.7048 4
    endloop
  endfacet
  facet normal 0 0 1
    outer loop
      vertex 9.37605 8.66907 4
      vertex 13.3258 11.7048 4
      vertex 13.3065 11.8518 4
    endloop
  endfacet
  facet normal 0 0 1
    outer loop
      vertex 9.12645 8.74777 4
      vertex 13.3065 11.8518 4
      vertex 13.3 12 4
    endloop
  endfacet
  facet normal 0 0 1
    outer loop
      vertex 13.622 1.39467 4
      vertex 11.35 5.84999 4
      vertex 13.5 1.4 4
    endloop
  endfacet
  facet normal 0 0 1
    outer loop
      vertex 16.7 12 4
      vertex 20 12 4
      vertex 19.981 12.4358 4
    endloop
  endfacet
  facet normal 0 0 1
    outer loop
      vertex 16.6935 11.8518 4
      vertex 20 12 4
      vertex 16.7 12 4
    endloop
  endfacet
  facet normal 0 0 1
    outer loop
      vertex 16.6935 12.1482 4
      vertex 19.981 12.4358 4
      vertex 19.924 12.8682 4
    endloop
  endfacet
  facet normal 0 0 1
    outer loop
      vertex 16.6742 11.7048 4
      vertex 20 12 4
      vertex 16.6935 11.8518 4
    endloop
  endfacet
  facet normal 0 0 1
    outer loop
      vertex 16.6742 12.2952 4
      vertex 19.924 12.8682 4
      vertex 19.8296 13.2941 4
    endloop
  endfacet
  facet normal 0 0 1
    outer loop
      vertex 20 -12 4
      vertex 16.7 -12 4
      vertex 19.981 -12.4358 4
    endloop
  endfacet
  facet normal 0 0 1
    outer loop
      vertex 16.6421 12.44 4
      vertex 19.8296 13.2941 4
      vertex 19.6985 13.7101 4
    endloop
  endfacet
  facet normal -0 0 1
    outer loop
      vertex 16.6935 -12.1482 4
      vertex 19.981 -12.4358 4
      vertex 16.7 -12 4
    endloop
  endfacet
  facet normal 0 0 1
    outer loop
      vertex 16.5975 12.5814 4
      vertex 19.6985 13.7101 4
      vertex 19.5315 14.1131 4
    endloop
  endfacet
  facet normal 0 0 1
    outer loop
      vertex 19.981 -12.4358 4
      vertex 16.6935 -12.1482 4
      vertex 19.924 -12.8682 4
    endloop
  endfacet
  facet normal 0 0 1
    outer loop
      vertex 16.5407 12.7185 4
      vertex 19.5315 14.1131 4
      vertex 19.3301 14.5 4
    endloop
  endfacet
  facet normal -0 0 1
    outer loop
      vertex 16.6742 -12.2952 4
      vertex 19.924 -12.8682 4
      vertex 16.6935 -12.1482 4
    endloop
  endfacet
  facet normal 0 0 1
    outer loop
      vertex 16.4722 12.85 4
      vertex 19.3301 14.5 4
      vertex 19.0958 14.8679 4
    endloop
  endfacet
  facet normal 0 0 1
    outer loop
      vertex 19.924 -12.8682 4
      vertex 16.6742 -12.2952 4
      vertex 19.8296 -13.2941 4
    endloop
  endfacet
  facet normal 0 0 1
    outer loop
      vertex 16.3926 12.9751 4
      vertex 19.0958 14.8679 4
      vertex 18.8302 15.2139 4
    endloop
  endfacet
  facet normal -0 0 1
    outer loop
      vertex 16.6421 -12.44 4
      vertex 19.8296 -13.2941 4
      vertex 16.6742 -12.2952 4
    endloop
  endfacet
  facet normal 0 0 1
    outer loop
      vertex 16.3023 13.0927 4
      vertex 18.8302 15.2139 4
      vertex 18.5355 15.5355 4
    endloop
  endfacet
  facet normal 0 0 1
    outer loop
      vertex 19.8296 -13.2941 4
      vertex 16.6421 -12.44 4
      vertex 19.6985 -13.7101 4
    endloop
  endfacet
  facet normal 0 0 1
    outer loop
      vertex 16.2021 13.2021 4
      vertex 18.5355 15.5355 4
      vertex 18.2139 15.8302 4
    endloop
  endfacet
  facet normal -0 0 1
    outer loop
      vertex 16.5975 -12.5814 4
      vertex 19.6985 -13.7101 4
      vertex 16.6421 -12.44 4
    endloop
  endfacet
  facet normal 0 0 1
    outer loop
      vertex 16.0927 13.3023 4
      vertex 18.2139 15.8302 4
      vertex 17.8679 16.0958 4
    endloop
  endfacet
  facet normal 0 0 1
    outer loop
      vertex 19.6985 -13.7101 4
      vertex 16.5975 -12.5814 4
      vertex 19.5315 -14.1131 4
    endloop
  endfacet
  facet normal 0 0 1
    outer loop
      vertex 15.9751 13.3926 4
      vertex 17.8679 16.0958 4
      vertex 17.5 16.3301 4
    endloop
  endfacet
  facet normal -0 0 1
    outer loop
      vertex 16.5407 -12.7185 4
      vertex 19.5315 -14.1131 4
      vertex 16.5975 -12.5814 4
    endloop
  endfacet
  facet normal 0 0 1
    outer loop
      vertex 15.85 13.4722 4
      vertex 17.5 16.3301 4
      vertex 17.1131 16.5315 4
    endloop
  endfacet
  facet normal 0 0 1
    outer loop
      vertex 19.5315 -14.1131 4
      vertex 16.5407 -12.7185 4
      vertex 19.3301 -14.5 4
    endloop
  endfacet
  facet normal 0 0 1
    outer loop
      vertex 15.7185 13.5407 4
      vertex 17.1131 16.5315 4
      vertex 16.7101 16.6985 4
    endloop
  endfacet
  facet normal -0 0 1
    outer loop
      vertex 16.4722 -12.85 4
      vertex 19.3301 -14.5 4
      vertex 16.5407 -12.7185 4
    endloop
  endfacet
  facet normal 0 0 1
    outer loop
      vertex 19.3301 -14.5 4
      vertex 16.4722 -12.85 4
      vertex 19.0958 -14.8679 4
    endloop
  endfacet
  facet normal 0 0 1
    outer loop
      vertex 19.981 12.4358 4
      vertex 16.6935 12.1482 4
      vertex 16.7 12 4
    endloop
  endfacet
  facet normal 0 0 1
    outer loop
      vertex 19.924 12.8682 4
      vertex 16.6742 12.2952 4
      vertex 16.6935 12.1482 4
    endloop
  endfacet
  facet normal 0 0 1
    outer loop
      vertex 19.8296 13.2941 4
      vertex 16.6421 12.44 4
      vertex 16.6742 12.2952 4
    endloop
  endfacet
  facet normal 0 0 1
    outer loop
      vertex 19.6985 13.7101 4
      vertex 16.5975 12.5814 4
      vertex 16.6421 12.44 4
    endloop
  endfacet
  facet normal 0 0 1
    outer loop
      vertex 19.5315 14.1131 4
      vertex 16.5407 12.7185 4
      vertex 16.5975 12.5814 4
    endloop
  endfacet
  facet normal 0 0 1
    outer loop
      vertex 19.3301 14.5 4
      vertex 16.4722 12.85 4
      vertex 16.5407 12.7185 4
    endloop
  endfacet
  facet normal 0 0 1
    outer loop
      vertex 19.0958 14.8679 4
      vertex 16.3926 12.9751 4
      vertex 16.4722 12.85 4
    endloop
  endfacet
  facet normal 0 0 1
    outer loop
      vertex 18.8302 15.2139 4
      vertex 16.3023 13.0927 4
      vertex 16.3926 12.9751 4
    endloop
  endfacet
  facet normal 0 0 1
    outer loop
      vertex 15.5814 13.5975 4
      vertex 16.7101 16.6985 4
      vertex 16.2941 16.8296 4
    endloop
  endfacet
  facet normal 0 0 1
    outer loop
      vertex 18.5355 15.5355 4
      vertex 16.2021 13.2021 4
      vertex 16.3023 13.0927 4
    endloop
  endfacet
  facet normal 0 0 1
    outer loop
      vertex 18.2139 15.8302 4
      vertex 16.0927 13.3023 4
      vertex 16.2021 13.2021 4
    endloop
  endfacet
  facet normal 0 0 1
    outer loop
      vertex 17.8679 16.0958 4
      vertex 15.9751 13.3926 4
      vertex 16.0927 13.3023 4
    endloop
  endfacet
  facet normal 0 0 1
    outer loop
      vertex 15.44 13.6421 4
      vertex 16.2941 16.8296 4
      vertex 15.8682 16.924 4
    endloop
  endfacet
  facet normal 0 0 1
    outer loop
      vertex 17.5 16.3301 4
      vertex 15.85 13.4722 4
      vertex 15.9751 13.3926 4
    endloop
  endfacet
  facet normal 0 0 1
    outer loop
      vertex 17.1131 16.5315 4
      vertex 15.7185 13.5407 4
      vertex 15.85 13.4722 4
    endloop
  endfacet
  facet normal 0 0 1
    outer loop
      vertex 16.7101 16.6985 4
      vertex 15.5814 13.5975 4
      vertex 15.7185 13.5407 4
    endloop
  endfacet
  facet normal 0 0 1
    outer loop
      vertex 16.2941 16.8296 4
      vertex 15.44 13.6421 4
      vertex 15.5814 13.5975 4
    endloop
  endfacet
  facet normal 0 0 1
    outer loop
      vertex 15.2952 13.6742 4
      vertex 15.8682 16.924 4
      vertex 15.4358 16.981 4
    endloop
  endfacet
  facet normal 0 0 1
    outer loop
      vertex 15.8682 16.924 4
      vertex 15.2952 13.6742 4
      vertex 15.44 13.6421 4
    endloop
  endfacet
  facet normal 0 0 1
    outer loop
      vertex 15.4358 16.981 4
      vertex 15.1482 13.6935 4
      vertex 15.2952 13.6742 4
    endloop
  endfacet
  facet normal 0 0 1
    outer loop
      vertex 15 17 4
      vertex 15.1482 13.6935 4
      vertex 15.4358 16.981 4
    endloop
  endfacet
  facet normal 0 0 1
    outer loop
      vertex 15 17 4
      vertex 15 13.7 4
      vertex 15.1482 13.6935 4
    endloop
  endfacet
  facet normal 0 0 1
    outer loop
      vertex 15 17 4
      vertex 14.8518 13.6935 4
      vertex 15 13.7 4
    endloop
  endfacet
  facet normal 0 0 1
    outer loop
      vertex 15 17 4
      vertex 14.7048 13.6742 4
      vertex 14.8518 13.6935 4
    endloop
  endfacet
  facet normal 0 0 1
    outer loop
      vertex 15 17 4
      vertex 14.56 13.6421 4
      vertex 14.7048 13.6742 4
    endloop
  endfacet
  facet normal 0 0 1
    outer loop
      vertex 15 17 4
      vertex 14.4186 13.5975 4
      vertex 14.56 13.6421 4
    endloop
  endfacet
  facet normal 0 0 1
    outer loop
      vertex 15 17 4
      vertex 14.2815 13.5407 4
      vertex 14.4186 13.5975 4
    endloop
  endfacet
  facet normal 0 0 1
    outer loop
      vertex 15 17 4
      vertex 14.15 13.4722 4
      vertex 14.2815 13.5407 4
    endloop
  endfacet
  facet normal 0 0 1
    outer loop
      vertex 15 17 4
      vertex 14.0249 13.3926 4
      vertex 14.15 13.4722 4
    endloop
  endfacet
  facet normal 0 0 1
    outer loop
      vertex 15 17 4
      vertex 13.9073 13.3023 4
      vertex 14.0249 13.3926 4
    endloop
  endfacet
  facet normal 0 0 1
    outer loop
      vertex 15 17 4
      vertex 13.7979 13.2021 4
      vertex 13.9073 13.3023 4
    endloop
  endfacet
  facet normal 0 0 1
    outer loop
      vertex 15 17 4
      vertex 13.6977 13.0927 4
      vertex 13.7979 13.2021 4
    endloop
  endfacet
  facet normal 0 0 1
    outer loop
      vertex 15 17 4
      vertex 13.6074 12.9751 4
      vertex 13.6977 13.0927 4
    endloop
  endfacet
  facet normal 0 0 1
    outer loop
      vertex 6 9 4
      vertex 13.6074 12.9751 4
      vertex 15 17 4
    endloop
  endfacet
  facet normal 0 0 1
    outer loop
      vertex 13.6074 12.9751 4
      vertex 6 9 4
      vertex 13.5278 12.85 4
    endloop
  endfacet
  facet normal 0 -0 1
    outer loop
      vertex 6.26147 8.98859 4
      vertex 13.5278 12.85 4
      vertex 6 9 4
    endloop
  endfacet
  facet normal 0 0 1
    outer loop
      vertex 13.5 1.4 4
      vertex 11.35 5.84999 4
      vertex 13.378 1.39467 4
    endloop
  endfacet
  facet normal 0 0 1
    outer loop
      vertex 13.378 1.39467 4
      vertex 11.35 5.84999 4
      vertex 13.2569 1.37873 4
    endloop
  endfacet
  facet normal 0 0 1
    outer loop
      vertex 13.2569 1.37873 4
      vertex 11.35 5.84999 4
      vertex 13.1377 1.3523 4
    endloop
  endfacet
  facet normal 0 0 1
    outer loop
      vertex 13.0212 1.31557 4
      vertex 11.35 5.84999 4
      vertex 12.9083 1.26883 4
    endloop
  endfacet
  facet normal 0 0 1
    outer loop
      vertex 9.12645 8.74777 4
      vertex 13.3 12 4
      vertex 13.3065 12.1482 4
    endloop
  endfacet
  facet normal 0 0 1
    outer loop
      vertex 12.9083 1.26883 4
      vertex 11.35 5.84999 4
      vertex 12.8 1.21243 4
    endloop
  endfacet
  facet normal 0 0 1
    outer loop
      vertex 12.8 1.21243 4
      vertex 11.35 5.84999 4
      vertex 12.697 1.14681 4
    endloop
  endfacet
  facet normal 0 0 1
    outer loop
      vertex 12.697 1.14681 4
      vertex 11.35 5.84999 4
      vertex 12.6001 1.07246 4
    endloop
  endfacet
  facet normal 0 0 1
    outer loop
      vertex 12.6001 1.07246 4
      vertex 11.35 5.84999 4
      vertex 12.51 0.989949 4
    endloop
  endfacet
  facet normal 0 0 1
    outer loop
      vertex 12.51 0.989949 4
      vertex 11.35 5.84999 4
      vertex 12.4275 0.899902 4
    endloop
  endfacet
  facet normal 0 0 1
    outer loop
      vertex 12.4275 0.899902 4
      vertex 11.35 5.84999 4
      vertex 12.3532 0.803006 4
    endloop
  endfacet
  facet normal 0 0 1
    outer loop
      vertex 12.3532 0.803006 4
      vertex 11.35 5.84999 4
      vertex 12.2876 0.7 4
    endloop
  endfacet
  facet normal 0 0 1
    outer loop
      vertex 12.2876 0.7 4
      vertex 11.35 5.84999 4
      vertex 12.2312 0.591665 4
    endloop
  endfacet
  facet normal 0 0 1
    outer loop
      vertex 12.2312 0.591665 4
      vertex 11.35 5.84999 4
      vertex 12.1844 0.478827 4
    endloop
  endfacet
  facet normal 0 0 1
    outer loop
      vertex 12.1844 0.478827 4
      vertex 11.35 5.84999 4
      vertex 12.1477 0.362347 4
    endloop
  endfacet
  facet normal 0 0 1
    outer loop
      vertex 12.1477 0.362347 4
      vertex 11.35 5.84999 4
      vertex 12.1213 0.243107 4
    endloop
  endfacet
  facet normal 0 0 1
    outer loop
      vertex 12.1053 0.122018 4
      vertex 11.35 5.84999 4
      vertex 12.1 0 4
    endloop
  endfacet
  facet normal 0 0 1
    outer loop
      vertex 12.1213 0.243107 4
      vertex 11.35 5.84999 4
      vertex 12.1053 0.122018 4
    endloop
  endfacet
  facet normal 0 0 1
    outer loop
      vertex 8.87094 8.80441 4
      vertex 13.3065 12.1482 4
      vertex 13.3258 12.2952 4
    endloop
  endfacet
  facet normal 0 0 1
    outer loop
      vertex 8.61147 8.83858 4
      vertex 13.3258 12.2952 4
      vertex 13.3579 12.44 4
    endloop
  endfacet
  facet normal 0 0 1
    outer loop
      vertex 13.1377 1.3523 4
      vertex 11.35 5.84999 4
      vertex 13.0212 1.31557 4
    endloop
  endfacet
  facet normal 0 0 1
    outer loop
      vertex 8.34999 8.84999 4
      vertex 13.3579 12.44 4
      vertex 13.4025 12.5814 4
    endloop
  endfacet
  facet normal 0 0 1
    outer loop
      vertex 15 10.3 4
      vertex 11.3044 6.37094 4
      vertex 11.3386 6.11147 4
    endloop
  endfacet
  facet normal 0 0 1
    outer loop
      vertex 14.7048 10.3258 4
      vertex 11.2478 6.62645 4
      vertex 11.3044 6.37094 4
    endloop
  endfacet
  facet normal 0 0 1
    outer loop
      vertex 13.5278 12.85 4
      vertex 6.26147 8.98859 4
      vertex 13.4593 12.7185 4
    endloop
  endfacet
  facet normal 0 0 1
    outer loop
      vertex 14.56 10.3579 4
      vertex 11.1691 6.87605 4
      vertex 11.2478 6.62645 4
    endloop
  endfacet
  facet normal 0 0 1
    outer loop
      vertex 14.4186 10.4025 4
      vertex 11.0689 7.11784 4
      vertex 11.1691 6.87605 4
    endloop
  endfacet
  facet normal 0 0 1
    outer loop
      vertex 14.2815 10.4593 4
      vertex 10.9481 7.34999 4
      vertex 11.0689 7.11784 4
    endloop
  endfacet
  facet normal 0 0 1
    outer loop
      vertex 14.0249 10.6074 4
      vertex 10.8074 7.57072 4
      vertex 10.9481 7.34999 4
    endloop
  endfacet
  facet normal 0 0 1
    outer loop
      vertex 13.9073 10.6977 4
      vertex 10.6481 7.77835 4
      vertex 10.8074 7.57072 4
    endloop
  endfacet
  facet normal 0 0 1
    outer loop
      vertex 13.7979 10.7979 4
      vertex 10.4713 7.97131 4
      vertex 10.6481 7.77835 4
    endloop
  endfacet
  facet normal 0 0 1
    outer loop
      vertex 13.6074 11.0249 4
      vertex 10.2784 8.14812 4
      vertex 10.4713 7.97131 4
    endloop
  endfacet
  facet normal 0 0 1
    outer loop
      vertex 13.5278 11.15 4
      vertex 10.0707 8.30745 4
      vertex 10.2784 8.14812 4
    endloop
  endfacet
  facet normal 0 0 1
    outer loop
      vertex 13.4593 11.2815 4
      vertex 9.84999 8.44807 4
      vertex 10.0707 8.30745 4
    endloop
  endfacet
  facet normal 0 0 1
    outer loop
      vertex 13.3579 11.56 4
      vertex 9.61784 8.56891 4
      vertex 9.84999 8.44807 4
    endloop
  endfacet
  facet normal 0 0 1
    outer loop
      vertex 13.3258 11.7048 4
      vertex 9.37605 8.66907 4
      vertex 9.61784 8.56891 4
    endloop
  endfacet
  facet normal 0 0 1
    outer loop
      vertex 13.3065 11.8518 4
      vertex 9.12645 8.74777 4
      vertex 9.37605 8.66907 4
    endloop
  endfacet
  facet normal 0 0 1
    outer loop
      vertex 13.3065 12.1482 4
      vertex 8.87094 8.80441 4
      vertex 9.12645 8.74777 4
    endloop
  endfacet
  facet normal 0 0 1
    outer loop
      vertex 13.3258 12.2952 4
      vertex 8.61147 8.83858 4
      vertex 8.87094 8.80441 4
    endloop
  endfacet
  facet normal 0 0 1
    outer loop
      vertex 13.3579 12.44 4
      vertex 8.34999 8.84999 4
      vertex 8.61147 8.83858 4
    endloop
  endfacet
  facet normal 0 0 1
    outer loop
      vertex 13.4025 12.5814 4
      vertex 6.52095 8.95442 4
      vertex 8.34999 8.84999 4
    endloop
  endfacet
  facet normal 0 0 1
    outer loop
      vertex 8.34999 8.84999 4
      vertex 6.77646 8.89778 4
      vertex 6.92802 8.84999 4
    endloop
  endfacet
  facet normal 0 0 1
    outer loop
      vertex 8.34999 8.84999 4
      vertex 6.52095 8.95442 4
      vertex 6.77646 8.89778 4
    endloop
  endfacet
  facet normal 0 0 1
    outer loop
      vertex 13.4593 12.7185 4
      vertex 6.52095 8.95442 4
      vertex 13.4025 12.5814 4
    endloop
  endfacet
  facet normal 0 -0 1
    outer loop
      vertex 6.52095 8.95442 4
      vertex 13.4593 12.7185 4
      vertex 6.26147 8.98859 4
    endloop
  endfacet
  facet normal 0 0 1
    outer loop
      vertex 15 17 4
      vertex -6 9 4
      vertex 6 9 4
    endloop
  endfacet
  facet normal -0 0 1
    outer loop
      vertex -15 17 4
      vertex -6 9 4
      vertex 15 17 4
    endloop
  endfacet
  facet normal -0 -0 1
    outer loop
      vertex -13.6074 12.9751 4
      vertex -6 9 4
      vertex -15 17 4
    endloop
  endfacet
  facet normal -0 -0 1
    outer loop
      vertex -13.5278 12.85 4
      vertex -6 9 4
      vertex -13.6074 12.9751 4
    endloop
  endfacet
  facet normal 0 0 1
    outer loop
      vertex -6 9 4
      vertex -13.5278 12.85 4
      vertex -6.26147 8.98859 4
    endloop
  endfacet
  facet normal -0 -0 1
    outer loop
      vertex -13.4593 12.7185 4
      vertex -6.26147 8.98859 4
      vertex -13.5278 12.85 4
    endloop
  endfacet
  facet normal 0 0 1
    outer loop
      vertex -6.26147 8.98859 4
      vertex -13.4593 12.7185 4
      vertex -6.52095 8.95442 4
    endloop
  endfacet
  facet normal 0 0 1
    outer loop
      vertex -6.52095 8.95442 4
      vertex -8.34999 8.84999 4
      vertex -6.77646 8.89778 4
    endloop
  endfacet
  facet normal 0 0 1
    outer loop
      vertex -6.77646 8.89778 4
      vertex -8.34999 8.84999 4
      vertex -6.92802 8.84999 4
    endloop
  endfacet
  facet normal 0 0 1
    outer loop
      vertex -6.52095 8.95442 4
      vertex -13.4025 12.5814 4
      vertex -8.34999 8.84999 4
    endloop
  endfacet
  facet normal 0 0 1
    outer loop
      vertex -11.35 5.84999 4
      vertex -12.1 0 4
      vertex -11.35 -5.84999 4
    endloop
  endfacet
  facet normal 0 0 1
    outer loop
      vertex -13.2569 1.37873 4
      vertex -11.35 5.84999 4
      vertex -11.3386 6.11147 4
    endloop
  endfacet
  facet normal 0 0 1
    outer loop
      vertex -11.35 5.84999 4
      vertex -12.1053 0.122018 4
      vertex -12.1 0 4
    endloop
  endfacet
  facet normal 0 0 1
    outer loop
      vertex -11.35 5.84999 4
      vertex -12.1213 0.243107 4
      vertex -12.1053 0.122018 4
    endloop
  endfacet
  facet normal -0 0 1
    outer loop
      vertex -13.6977 10.9073 4
      vertex -10.4713 7.97131 4
      vertex -13.6074 11.0249 4
    endloop
  endfacet
  facet normal 0 0 1
    outer loop
      vertex -11.35 5.84999 4
      vertex -12.1477 0.362347 4
      vertex -12.1213 0.243107 4
    endloop
  endfacet
  facet normal 0 0 1
    outer loop
      vertex -11.35 5.84999 4
      vertex -12.1844 0.478827 4
      vertex -12.1477 0.362347 4
    endloop
  endfacet
  facet normal 0 0 1
    outer loop
      vertex -11.35 5.84999 4
      vertex -12.2312 0.591665 4
      vertex -12.1844 0.478827 4
    endloop
  endfacet
  facet normal 0 0 1
    outer loop
      vertex -11.35 5.84999 4
      vertex -12.2876 0.7 4
      vertex -12.2312 0.591665 4
    endloop
  endfacet
  facet normal 0 0 1
    outer loop
      vertex -11.35 5.84999 4
      vertex -12.3532 0.803006 4
      vertex -12.2876 0.7 4
    endloop
  endfacet
  facet normal 0 0 1
    outer loop
      vertex -11.35 5.84999 4
      vertex -12.4275 0.899902 4
      vertex -12.3532 0.803006 4
    endloop
  endfacet
  facet normal 0 0 1
    outer loop
      vertex -11.35 5.84999 4
      vertex -12.51 0.989949 4
      vertex -12.4275 0.899902 4
    endloop
  endfacet
  facet normal 0 0 1
    outer loop
      vertex -10.2784 8.14812 4
      vertex -13.6074 11.0249 4
      vertex -10.4713 7.97131 4
    endloop
  endfacet
  facet normal 0 0 1
    outer loop
      vertex -11.35 5.84999 4
      vertex -12.6001 1.07246 4
      vertex -12.51 0.989949 4
    endloop
  endfacet
  facet normal 0 0 1
    outer loop
      vertex -11.35 5.84999 4
      vertex -12.697 1.14681 4
      vertex -12.6001 1.07246 4
    endloop
  endfacet
  facet normal 0 0 1
    outer loop
      vertex -11.35 5.84999 4
      vertex -12.8 1.21243 4
      vertex -12.697 1.14681 4
    endloop
  endfacet
  facet normal 0 0 1
    outer loop
      vertex -11.35 5.84999 4
      vertex -12.9083 1.26883 4
      vertex -12.8 1.21243 4
    endloop
  endfacet
  facet normal 0 0 1
    outer loop
      vertex -11.35 5.84999 4
      vertex -13.0212 1.31557 4
      vertex -12.9083 1.26883 4
    endloop
  endfacet
  facet normal -0 0 1
    outer loop
      vertex -13.6074 11.0249 4
      vertex -10.2784 8.14812 4
      vertex -13.5278 11.15 4
    endloop
  endfacet
  facet normal 0 0 1
    outer loop
      vertex -11.35 5.84999 4
      vertex -13.1377 1.3523 4
      vertex -13.0212 1.31557 4
    endloop
  endfacet
  facet normal 0 0 1
    outer loop
      vertex -11.35 5.84999 4
      vertex -13.2569 1.37873 4
      vertex -13.1377 1.3523 4
    endloop
  endfacet
  facet normal -0 0 1
    outer loop
      vertex -13.7979 10.7979 4
      vertex -10.4713 7.97131 4
      vertex -13.6977 10.9073 4
    endloop
  endfacet
  facet normal 0 0 1
    outer loop
      vertex -10.0707 8.30745 4
      vertex -13.5278 11.15 4
      vertex -10.2784 8.14812 4
    endloop
  endfacet
  facet normal -0 0 1
    outer loop
      vertex -13.5278 11.15 4
      vertex -10.0707 8.30745 4
      vertex -13.4593 11.2815 4
    endloop
  endfacet
  facet normal 0 0 1
    outer loop
      vertex -9.84999 8.44807 4
      vertex -13.4593 11.2815 4
      vertex -10.0707 8.30745 4
    endloop
  endfacet
  facet normal -0 0 1
    outer loop
      vertex -13.4593 11.2815 4
      vertex -9.84999 8.44807 4
      vertex -13.4025 11.4186 4
    endloop
  endfacet
  facet normal -0 0 1
    outer loop
      vertex -13.4025 11.4186 4
      vertex -9.84999 8.44807 4
      vertex -13.3579 11.56 4
    endloop
  endfacet
  facet normal 0 0 1
    outer loop
      vertex -9.61784 8.56891 4
      vertex -13.3579 11.56 4
      vertex -9.84999 8.44807 4
    endloop
  endfacet
  facet normal -0 0 1
    outer loop
      vertex -13.3579 11.56 4
      vertex -9.61784 8.56891 4
      vertex -13.3258 11.7048 4
    endloop
  endfacet
  facet normal 0 0 1
    outer loop
      vertex -9.37605 8.66907 4
      vertex -13.3258 11.7048 4
      vertex -9.61784 8.56891 4
    endloop
  endfacet
  facet normal -0 0 1
    outer loop
      vertex -13.3258 11.7048 4
      vertex -9.37605 8.66907 4
      vertex -13.3065 11.8518 4
    endloop
  endfacet
  facet normal 0 0 1
    outer loop
      vertex -9.12645 8.74777 4
      vertex -13.3065 11.8518 4
      vertex -9.37605 8.66907 4
    endloop
  endfacet
  facet normal -0 -0 1
    outer loop
      vertex -13.3579 12.44 4
      vertex -8.34999 8.84999 4
      vertex -13.4025 12.5814 4
    endloop
  endfacet
  facet normal -0 0 1
    outer loop
      vertex -13.3065 11.8518 4
      vertex -9.12645 8.74777 4
      vertex -13.3 12 4
    endloop
  endfacet
  facet normal -0 -0 1
    outer loop
      vertex -13.3 12 4
      vertex -9.12645 8.74777 4
      vertex -13.3065 12.1482 4
    endloop
  endfacet
  facet normal 0 0 1
    outer loop
      vertex -8.87094 8.80441 4
      vertex -13.3065 12.1482 4
      vertex -9.12645 8.74777 4
    endloop
  endfacet
  facet normal -0 -0 1
    outer loop
      vertex -13.3065 12.1482 4
      vertex -8.87094 8.80441 4
      vertex -13.3258 12.2952 4
    endloop
  endfacet
  facet normal 0 0 1
    outer loop
      vertex -8.61147 8.83858 4
      vertex -13.3258 12.2952 4
      vertex -8.87094 8.80441 4
    endloop
  endfacet
  facet normal -0 -0 1
    outer loop
      vertex -13.3258 12.2952 4
      vertex -8.61147 8.83858 4
      vertex -13.3579 12.44 4
    endloop
  endfacet
  facet normal 0 0 1
    outer loop
      vertex -8.34999 8.84999 4
      vertex -13.3579 12.44 4
      vertex -8.61147 8.83858 4
    endloop
  endfacet
  facet normal -0 -0 1
    outer loop
      vertex -13.4025 12.5814 4
      vertex -6.52095 8.95442 4
      vertex -13.4593 12.7185 4
    endloop
  endfacet
  facet normal 0 0 1
    outer loop
      vertex -13.6074 12.9751 4
      vertex -15 17 4
      vertex -13.6977 13.0927 4
    endloop
  endfacet
  facet normal 0 0 1
    outer loop
      vertex -13.6977 13.0927 4
      vertex -15 17 4
      vertex -13.7979 13.2021 4
    endloop
  endfacet
  facet normal 0 0 1
    outer loop
      vertex -13.7979 13.2021 4
      vertex -15 17 4
      vertex -13.9073 13.3023 4
    endloop
  endfacet
  facet normal 0 0 1
    outer loop
      vertex -13.9073 13.3023 4
      vertex -15 17 4
      vertex -14.0249 13.3926 4
    endloop
  endfacet
  facet normal 0 0 1
    outer loop
      vertex -14.0249 13.3926 4
      vertex -15 17 4
      vertex -14.15 13.4722 4
    endloop
  endfacet
  facet normal 0 0 1
    outer loop
      vertex -14.15 13.4722 4
      vertex -15 17 4
      vertex -14.2815 13.5407 4
    endloop
  endfacet
  facet normal 0 0 1
    outer loop
      vertex -14.2815 13.5407 4
      vertex -15 17 4
      vertex -14.4186 13.5975 4
    endloop
  endfacet
  facet normal 0 0 1
    outer loop
      vertex -14.4186 13.5975 4
      vertex -15 17 4
      vertex -14.56 13.6421 4
    endloop
  endfacet
  facet normal 0 0 1
    outer loop
      vertex -14.56 13.6421 4
      vertex -15 17 4
      vertex -14.7048 13.6742 4
    endloop
  endfacet
  facet normal 0 0 1
    outer loop
      vertex -14.7048 13.6742 4
      vertex -15 17 4
      vertex -14.8518 13.6935 4
    endloop
  endfacet
  facet normal 0 0 1
    outer loop
      vertex -15 17 4
      vertex -15 13.7 4
      vertex -14.8518 13.6935 4
    endloop
  endfacet
  facet normal 0 0 1
    outer loop
      vertex -15 17 4
      vertex -15.1482 13.6935 4
      vertex -15 13.7 4
    endloop
  endfacet
  facet normal -0 0 1
    outer loop
      vertex -15.4358 16.981 4
      vertex -15.1482 13.6935 4
      vertex -15 17 4
    endloop
  endfacet
  facet normal 0 0 1
    outer loop
      vertex -15.1482 13.6935 4
      vertex -15.4358 16.981 4
      vertex -15.2952 13.6742 4
    endloop
  endfacet
  facet normal -0 0 1
    outer loop
      vertex -15.8682 16.924 4
      vertex -15.2952 13.6742 4
      vertex -15.4358 16.981 4
    endloop
  endfacet
  facet normal 0 0 1
    outer loop
      vertex -15.2952 13.6742 4
      vertex -15.8682 16.924 4
      vertex -15.44 13.6421 4
    endloop
  endfacet
  facet normal -0 0 1
    outer loop
      vertex -16.2941 16.8296 4
      vertex -15.44 13.6421 4
      vertex -15.8682 16.924 4
    endloop
  endfacet
  facet normal 0 0 1
    outer loop
      vertex -15.44 13.6421 4
      vertex -16.2941 16.8296 4
      vertex -15.5814 13.5975 4
    endloop
  endfacet
  facet normal -0 0 1
    outer loop
      vertex -16.7101 16.6985 4
      vertex -15.5814 13.5975 4
      vertex -16.2941 16.8296 4
    endloop
  endfacet
  facet normal 0 0 1
    outer loop
      vertex -15.5814 13.5975 4
      vertex -16.7101 16.6985 4
      vertex -15.7185 13.5407 4
    endloop
  endfacet
  facet normal -0 0 1
    outer loop
      vertex -17.1131 16.5315 4
      vertex -15.7185 13.5407 4
      vertex -16.7101 16.6985 4
    endloop
  endfacet
  facet normal 0 0 1
    outer loop
      vertex -15.7185 13.5407 4
      vertex -17.1131 16.5315 4
      vertex -15.85 13.4722 4
    endloop
  endfacet
  facet normal -0 0 1
    outer loop
      vertex -17.5 16.3301 4
      vertex -15.85 13.4722 4
      vertex -17.1131 16.5315 4
    endloop
  endfacet
  facet normal 0 0 1
    outer loop
      vertex -15.85 13.4722 4
      vertex -17.5 16.3301 4
      vertex -15.9751 13.3926 4
    endloop
  endfacet
  facet normal -0 0 1
    outer loop
      vertex -17.8679 16.0958 4
      vertex -15.9751 13.3926 4
      vertex -17.5 16.3301 4
    endloop
  endfacet
  facet normal 0 0 1
    outer loop
      vertex -15.9751 13.3926 4
      vertex -17.8679 16.0958 4
      vertex -16.0927 13.3023 4
    endloop
  endfacet
  facet normal -0 0 1
    outer loop
      vertex -18.2139 15.8302 4
      vertex -16.0927 13.3023 4
      vertex -17.8679 16.0958 4
    endloop
  endfacet
  facet normal 0 0 1
    outer loop
      vertex -16.0927 13.3023 4
      vertex -18.2139 15.8302 4
      vertex -16.2021 13.2021 4
    endloop
  endfacet
  facet normal -0 0 1
    outer loop
      vertex -18.5355 15.5355 4
      vertex -16.2021 13.2021 4
      vertex -18.2139 15.8302 4
    endloop
  endfacet
  facet normal 0 0 1
    outer loop
      vertex -16.2021 13.2021 4
      vertex -18.5355 15.5355 4
      vertex -16.3023 13.0927 4
    endloop
  endfacet
  facet normal -0 0 1
    outer loop
      vertex -18.8302 15.2139 4
      vertex -16.3023 13.0927 4
      vertex -18.5355 15.5355 4
    endloop
  endfacet
  facet normal 0 0 1
    outer loop
      vertex -16.3926 12.9751 4
      vertex -19.0958 14.8679 4
      vertex -16.4722 12.85 4
    endloop
  endfacet
  facet normal -0 0 1
    outer loop
      vertex -19.0958 14.8679 4
      vertex -16.3926 12.9751 4
      vertex -18.8302 15.2139 4
    endloop
  endfacet
  facet normal 0 0 1
    outer loop
      vertex -16.3023 13.0927 4
      vertex -18.8302 15.2139 4
      vertex -16.3926 12.9751 4
    endloop
  endfacet
  facet normal -0 0 1
    outer loop
      vertex 16.3926 -12.9751 4
      vertex 19.0958 -14.8679 4
      vertex 16.4722 -12.85 4
    endloop
  endfacet
  facet normal 0 0 1
    outer loop
      vertex 19.0958 -14.8679 4
      vertex 16.3926 -12.9751 4
      vertex 18.8302 -15.2139 4
    endloop
  endfacet
  facet normal -0 0 1
    outer loop
      vertex 16.3023 -13.0927 4
      vertex 18.8302 -15.2139 4
      vertex 16.3926 -12.9751 4
    endloop
  endfacet
  facet normal 0 0 1
    outer loop
      vertex 18.8302 -15.2139 4
      vertex 16.3023 -13.0927 4
      vertex 18.5355 -15.5355 4
    endloop
  endfacet
  facet normal -0 0 1
    outer loop
      vertex 16.2021 -13.2021 4
      vertex 18.5355 -15.5355 4
      vertex 16.3023 -13.0927 4
    endloop
  endfacet
  facet normal 0 0 1
    outer loop
      vertex 18.5355 -15.5355 4
      vertex 16.2021 -13.2021 4
      vertex 18.2139 -15.8302 4
    endloop
  endfacet
  facet normal -0 0 1
    outer loop
      vertex 16.0927 -13.3023 4
      vertex 18.2139 -15.8302 4
      vertex 16.2021 -13.2021 4
    endloop
  endfacet
  facet normal 0 0 1
    outer loop
      vertex 18.2139 -15.8302 4
      vertex 16.0927 -13.3023 4
      vertex 17.8679 -16.0958 4
    endloop
  endfacet
  facet normal -0 0 1
    outer loop
      vertex 15.9751 -13.3926 4
      vertex 17.8679 -16.0958 4
      vertex 16.0927 -13.3023 4
    endloop
  endfacet
  facet normal 0 0 1
    outer loop
      vertex 17.8679 -16.0958 4
      vertex 15.9751 -13.3926 4
      vertex 17.5 -16.3301 4
    endloop
  endfacet
  facet normal -0 0 1
    outer loop
      vertex 15.85 -13.4722 4
      vertex 17.5 -16.3301 4
      vertex 15.9751 -13.3926 4
    endloop
  endfacet
  facet normal 0 0 1
    outer loop
      vertex 17.5 -16.3301 4
      vertex 15.85 -13.4722 4
      vertex 17.1131 -16.5315 4
    endloop
  endfacet
  facet normal -0 0 1
    outer loop
      vertex 15.7185 -13.5407 4
      vertex 17.1131 -16.5315 4
      vertex 15.85 -13.4722 4
    endloop
  endfacet
  facet normal 0 0 1
    outer loop
      vertex 17.1131 -16.5315 4
      vertex 15.7185 -13.5407 4
      vertex 16.7101 -16.6985 4
    endloop
  endfacet
  facet normal -0 0 1
    outer loop
      vertex 15.5814 -13.5975 4
      vertex 16.7101 -16.6985 4
      vertex 15.7185 -13.5407 4
    endloop
  endfacet
  facet normal 0 0 1
    outer loop
      vertex 16.7101 -16.6985 4
      vertex 15.5814 -13.5975 4
      vertex 16.2941 -16.8296 4
    endloop
  endfacet
  facet normal -0 0 1
    outer loop
      vertex 15.44 -13.6421 4
      vertex 16.2941 -16.8296 4
      vertex 15.5814 -13.5975 4
    endloop
  endfacet
  facet normal 0 0 1
    outer loop
      vertex 16.2941 -16.8296 4
      vertex 15.44 -13.6421 4
      vertex 15.8682 -16.924 4
    endloop
  endfacet
  facet normal -0 0 1
    outer loop
      vertex 15.2952 -13.6742 4
      vertex 15.8682 -16.924 4
      vertex 15.44 -13.6421 4
    endloop
  endfacet
  facet normal 0 0 1
    outer loop
      vertex 15.8682 -16.924 4
      vertex 15.2952 -13.6742 4
      vertex 15.4358 -16.981 4
    endloop
  endfacet
  facet normal -0 0 1
    outer loop
      vertex 15.1482 -13.6935 4
      vertex 15.4358 -16.981 4
      vertex 15.2952 -13.6742 4
    endloop
  endfacet
  facet normal -0 0 1
    outer loop
      vertex 15 -13.7 4
      vertex 15.4358 -16.981 4
      vertex 15.1482 -13.6935 4
    endloop
  endfacet
  facet normal 0 0 1
    outer loop
      vertex 15 -13.7 4
      vertex 15 -17 4
      vertex 15.4358 -16.981 4
    endloop
  endfacet
  facet normal 0 0 1
    outer loop
      vertex 14.8518 -13.6935 4
      vertex 15 -17 4
      vertex 15 -13.7 4
    endloop
  endfacet
  facet normal 0 0 1
    outer loop
      vertex 14.7048 -13.6742 4
      vertex 15 -17 4
      vertex 14.8518 -13.6935 4
    endloop
  endfacet
  facet normal 0 0 1
    outer loop
      vertex 14.56 -13.6421 4
      vertex 15 -17 4
      vertex 14.7048 -13.6742 4
    endloop
  endfacet
  facet normal 0 0 1
    outer loop
      vertex 14.4186 -13.5975 4
      vertex 15 -17 4
      vertex 14.56 -13.6421 4
    endloop
  endfacet
  facet normal 0 0 1
    outer loop
      vertex 14.2815 -13.5407 4
      vertex 15 -17 4
      vertex 14.4186 -13.5975 4
    endloop
  endfacet
  facet normal 0 0 1
    outer loop
      vertex 14.15 -13.4722 4
      vertex 15 -17 4
      vertex 14.2815 -13.5407 4
    endloop
  endfacet
  facet normal 0 0 1
    outer loop
      vertex 14.0249 -13.3926 4
      vertex 15 -17 4
      vertex 14.15 -13.4722 4
    endloop
  endfacet
  facet normal 0 0 1
    outer loop
      vertex 13.9073 -13.3023 4
      vertex 15 -17 4
      vertex 14.0249 -13.3926 4
    endloop
  endfacet
  facet normal 0 0 1
    outer loop
      vertex 13.7979 -13.2021 4
      vertex 15 -17 4
      vertex 13.9073 -13.3023 4
    endloop
  endfacet
  facet normal 0 0 1
    outer loop
      vertex 13.6977 -13.0927 4
      vertex 15 -17 4
      vertex 13.7979 -13.2021 4
    endloop
  endfacet
  facet normal 0 0 1
    outer loop
      vertex 13.6074 -12.9751 4
      vertex 15 -17 4
      vertex 13.6977 -13.0927 4
    endloop
  endfacet
  facet normal 0 0 1
    outer loop
      vertex 6 -9 4
      vertex 13.6074 -12.9751 4
      vertex 13.5278 -12.85 4
    endloop
  endfacet
  facet normal 0 0 1
    outer loop
      vertex 6.26147 -8.98859 4
      vertex 13.5278 -12.85 4
      vertex 13.4593 -12.7185 4
    endloop
  endfacet
  facet normal 0 0 1
    outer loop
      vertex 6.52095 -8.95442 4
      vertex 13.4593 -12.7185 4
      vertex 13.4025 -12.5814 4
    endloop
  endfacet
  facet normal -0 0 1
    outer loop
      vertex 10.4713 -7.97131 4
      vertex 13.7979 -10.7979 4
      vertex 10.6481 -7.77835 4
    endloop
  endfacet
  facet normal 0 0 1
    outer loop
      vertex 11.35 -5.84999 4
      vertex 13.1377 -1.3523 4
      vertex 13.0212 -1.31557 4
    endloop
  endfacet
  facet normal 0 0 1
    outer loop
      vertex 11.35 -5.84999 4
      vertex 13.0212 -1.31557 4
      vertex 12.9083 -1.26883 4
    endloop
  endfacet
  facet normal 0 0 1
    outer loop
      vertex 11.35 -5.84999 4
      vertex 12.9083 -1.26883 4
      vertex 12.8 -1.21243 4
    endloop
  endfacet
  facet normal 0 0 1
    outer loop
      vertex 13.1377 -1.3523 4
      vertex 11.35 -5.84999 4
      vertex 11.3386 -6.11147 4
    endloop
  endfacet
  facet normal 0 0 1
    outer loop
      vertex 11.35 -5.84999 4
      vertex 12.8 -1.21243 4
      vertex 12.697 -1.14681 4
    endloop
  endfacet
  facet normal 0 0 1
    outer loop
      vertex 11.35 -5.84999 4
      vertex 12.697 -1.14681 4
      vertex 12.6001 -1.07246 4
    endloop
  endfacet
  facet normal 0 0 1
    outer loop
      vertex 11.35 -5.84999 4
      vertex 12.6001 -1.07246 4
      vertex 12.51 -0.989949 4
    endloop
  endfacet
  facet normal 0 0 1
    outer loop
      vertex 11.35 -5.84999 4
      vertex 12.51 -0.989949 4
      vertex 12.4275 -0.899902 4
    endloop
  endfacet
  facet normal 0 0 1
    outer loop
      vertex 11.35 -5.84999 4
      vertex 12.4275 -0.899902 4
      vertex 12.3532 -0.803006 4
    endloop
  endfacet
  facet normal 0 0 1
    outer loop
      vertex 11.35 -5.84999 4
      vertex 12.3532 -0.803006 4
      vertex 12.2876 -0.7 4
    endloop
  endfacet
  facet normal 0 0 1
    outer loop
      vertex 11.35 -5.84999 4
      vertex 12.2876 -0.7 4
      vertex 12.2312 -0.591665 4
    endloop
  endfacet
  facet normal 0 0 1
    outer loop
      vertex 11.35 -5.84999 4
      vertex 12.2312 -0.591665 4
      vertex 12.1844 -0.478827 4
    endloop
  endfacet
  facet normal 0 0 1
    outer loop
      vertex 11.35 -5.84999 4
      vertex 12.1844 -0.478827 4
      vertex 12.1477 -0.362347 4
    endloop
  endfacet
  facet normal 0 0 1
    outer loop
      vertex 11.35 -5.84999 4
      vertex 12.1477 -0.362347 4
      vertex 12.1213 -0.243107 4
    endloop
  endfacet
  facet normal 0 0 1
    outer loop
      vertex 11.35 -5.84999 4
      vertex 12.1213 -0.243107 4
      vertex 12.1053 -0.122018 4
    endloop
  endfacet
  facet normal 0 0 1
    outer loop
      vertex 11.35 -5.84999 4
      vertex 12.1 0 4
      vertex 11.35 5.84999 4
    endloop
  endfacet
  facet normal 0 0 1
    outer loop
      vertex 12.1 0 4
      vertex 11.35 -5.84999 4
      vertex 12.1053 -0.122018 4
    endloop
  endfacet
  facet normal 0 0 1
    outer loop
      vertex 13.7979 -10.7979 4
      vertex 10.4713 -7.97131 4
      vertex 13.6977 -10.9073 4
    endloop
  endfacet
  facet normal 0 0 1
    outer loop
      vertex 13.6977 -10.9073 4
      vertex 10.4713 -7.97131 4
      vertex 13.6074 -11.0249 4
    endloop
  endfacet
  facet normal -0 0 1
    outer loop
      vertex 10.2784 -8.14812 4
      vertex 13.6074 -11.0249 4
      vertex 10.4713 -7.97131 4
    endloop
  endfacet
  facet normal 0 0 1
    outer loop
      vertex 13.6074 -11.0249 4
      vertex 10.2784 -8.14812 4
      vertex 13.5278 -11.15 4
    endloop
  endfacet
  facet normal -0 0 1
    outer loop
      vertex 10.0707 -8.30745 4
      vertex 13.5278 -11.15 4
      vertex 10.2784 -8.14812 4
    endloop
  endfacet
  facet normal 0 0 1
    outer loop
      vertex 13.5278 -11.15 4
      vertex 10.0707 -8.30745 4
      vertex 13.4593 -11.2815 4
    endloop
  endfacet
  facet normal -0 0 1
    outer loop
      vertex 9.84999 -8.44807 4
      vertex 13.4593 -11.2815 4
      vertex 10.0707 -8.30745 4
    endloop
  endfacet
  facet normal 0 0 1
    outer loop
      vertex 13.4593 -11.2815 4
      vertex 9.84999 -8.44807 4
      vertex 13.4025 -11.4186 4
    endloop
  endfacet
  facet normal 0 0 1
    outer loop
      vertex 13.4025 -11.4186 4
      vertex 9.84999 -8.44807 4
      vertex 13.3579 -11.56 4
    endloop
  endfacet
  facet normal -0 0 1
    outer loop
      vertex 9.61784 -8.56891 4
      vertex 13.3579 -11.56 4
      vertex 9.84999 -8.44807 4
    endloop
  endfacet
  facet normal 0 0 1
    outer loop
      vertex 13.3579 -11.56 4
      vertex 9.61784 -8.56891 4
      vertex 13.3258 -11.7048 4
    endloop
  endfacet
  facet normal -0 0 1
    outer loop
      vertex 9.37605 -8.66907 4
      vertex 13.3258 -11.7048 4
      vertex 9.61784 -8.56891 4
    endloop
  endfacet
  facet normal 0 0 1
    outer loop
      vertex 13.3258 -11.7048 4
      vertex 9.37605 -8.66907 4
      vertex 13.3065 -11.8518 4
    endloop
  endfacet
  facet normal -0 0 1
    outer loop
      vertex 9.12645 -8.74777 4
      vertex 13.3065 -11.8518 4
      vertex 9.37605 -8.66907 4
    endloop
  endfacet
  facet normal 0 0 1
    outer loop
      vertex 13.3065 -11.8518 4
      vertex 9.12645 -8.74777 4
      vertex 13.3 -12 4
    endloop
  endfacet
  facet normal 0 0 1
    outer loop
      vertex 13.3 -12 4
      vertex 9.12645 -8.74777 4
      vertex 13.3065 -12.1482 4
    endloop
  endfacet
  facet normal -0 0 1
    outer loop
      vertex 8.87094 -8.80441 4
      vertex 13.3065 -12.1482 4
      vertex 9.12645 -8.74777 4
    endloop
  endfacet
  facet normal 0 0 1
    outer loop
      vertex 13.3065 -12.1482 4
      vertex 8.87094 -8.80441 4
      vertex 13.3258 -12.2952 4
    endloop
  endfacet
  facet normal -0 0 1
    outer loop
      vertex 8.61147 -8.83858 4
      vertex 13.3258 -12.2952 4
      vertex 8.87094 -8.80441 4
    endloop
  endfacet
  facet normal 0 0 1
    outer loop
      vertex 13.3258 -12.2952 4
      vertex 8.61147 -8.83858 4
      vertex 13.3579 -12.44 4
    endloop
  endfacet
  facet normal -0 0 1
    outer loop
      vertex 8.34999 -8.84999 4
      vertex 13.3579 -12.44 4
      vertex 8.61147 -8.83858 4
    endloop
  endfacet
  facet normal 0 0 1
    outer loop
      vertex 13.3579 -12.44 4
      vertex 8.34999 -8.84999 4
      vertex 13.4025 -12.5814 4
    endloop
  endfacet
  facet normal -0 0 1
    outer loop
      vertex 6.52095 -8.95442 4
      vertex 13.4025 -12.5814 4
      vertex 8.34999 -8.84999 4
    endloop
  endfacet
  facet normal 0 0 1
    outer loop
      vertex 6.77646 -8.89778 4
      vertex 8.34999 -8.84999 4
      vertex 6.92802 -8.84999 4
    endloop
  endfacet
  facet normal 0 0 1
    outer loop
      vertex 6.52095 -8.95442 4
      vertex 8.34999 -8.84999 4
      vertex 6.77646 -8.89778 4
    endloop
  endfacet
  facet normal 0 0 1
    outer loop
      vertex 13.4593 -12.7185 4
      vertex 6.52095 -8.95442 4
      vertex 6.26147 -8.98859 4
    endloop
  endfacet
  facet normal 0 0 1
    outer loop
      vertex 13.5278 -12.85 4
      vertex 6.26147 -8.98859 4
      vertex 6 -9 4
    endloop
  endfacet
  facet normal 0 0 1
    outer loop
      vertex 13.6074 -12.9751 4
      vertex 6 -9 4
      vertex 15 -17 4
    endloop
  endfacet
  facet normal -0 0 1
    outer loop
      vertex -6 -9 4
      vertex 15 -17 4
      vertex 6 -9 4
    endloop
  endfacet
  facet normal 0 0 1
    outer loop
      vertex -13.5278 -12.85 4
      vertex -6 -9 4
      vertex -6.26147 -8.98859 4
    endloop
  endfacet
  facet normal 0 0 1
    outer loop
      vertex -13.4593 -12.7185 4
      vertex -6.26147 -8.98859 4
      vertex -6.52095 -8.95442 4
    endloop
  endfacet
  facet normal 0 0 1
    outer loop
      vertex -8.34999 -8.84999 4
      vertex -6.52095 -8.95442 4
      vertex -6.77646 -8.89778 4
    endloop
  endfacet
  facet normal -0 0 1
    outer loop
      vertex -8.34999 -8.84999 4
      vertex -6.77646 -8.89778 4
      vertex -6.92802 -8.84999 4
    endloop
  endfacet
  facet normal 0 0 1
    outer loop
      vertex -13.4025 -12.5814 4
      vertex -6.52095 -8.95442 4
      vertex -8.34999 -8.84999 4
    endloop
  endfacet
  facet normal 0 0 1
    outer loop
      vertex -13.3579 -12.44 4
      vertex -8.34999 -8.84999 4
      vertex -8.61147 -8.83858 4
    endloop
  endfacet
  facet normal 0 0 1
    outer loop
      vertex -13.3258 -12.2952 4
      vertex -8.61147 -8.83858 4
      vertex -8.87094 -8.80441 4
    endloop
  endfacet
  facet normal 0 0 1
    outer loop
      vertex -13.3065 -12.1482 4
      vertex -8.87094 -8.80441 4
      vertex -9.12645 -8.74777 4
    endloop
  endfacet
  facet normal 0 0 1
    outer loop
      vertex -13.3065 -11.8518 4
      vertex -9.12645 -8.74777 4
      vertex -9.37605 -8.66907 4
    endloop
  endfacet
  facet normal -0 0 1
    outer loop
      vertex -12.1053 -0.122018 4
      vertex -11.35 -5.84999 4
      vertex -12.1 0 4
    endloop
  endfacet
  facet normal -0 0 1
    outer loop
      vertex -12.1213 -0.243107 4
      vertex -11.35 -5.84999 4
      vertex -12.1053 -0.122018 4
    endloop
  endfacet
  facet normal -0 0 1
    outer loop
      vertex -12.1477 -0.362347 4
      vertex -11.35 -5.84999 4
      vertex -12.1213 -0.243107 4
    endloop
  endfacet
  facet normal -0 0 1
    outer loop
      vertex -12.1844 -0.478827 4
      vertex -11.35 -5.84999 4
      vertex -12.1477 -0.362347 4
    endloop
  endfacet
  facet normal -0 0 1
    outer loop
      vertex -12.2312 -0.591665 4
      vertex -11.35 -5.84999 4
      vertex -12.1844 -0.478827 4
    endloop
  endfacet
  facet normal -0 0 1
    outer loop
      vertex -12.2876 -0.7 4
      vertex -11.35 -5.84999 4
      vertex -12.2312 -0.591665 4
    endloop
  endfacet
  facet normal -0 0 1
    outer loop
      vertex -12.3532 -0.803006 4
      vertex -11.35 -5.84999 4
      vertex -12.2876 -0.7 4
    endloop
  endfacet
  facet normal -0 0 1
    outer loop
      vertex -12.4275 -0.899902 4
      vertex -11.35 -5.84999 4
      vertex -12.3532 -0.803006 4
    endloop
  endfacet
  facet normal -0 0 1
    outer loop
      vertex -12.51 -0.989949 4
      vertex -11.35 -5.84999 4
      vertex -12.4275 -0.899902 4
    endloop
  endfacet
  facet normal -0 0 1
    outer loop
      vertex -12.6001 -1.07246 4
      vertex -11.35 -5.84999 4
      vertex -12.51 -0.989949 4
    endloop
  endfacet
  facet normal -0 0 1
    outer loop
      vertex -12.697 -1.14681 4
      vertex -11.35 -5.84999 4
      vertex -12.6001 -1.07246 4
    endloop
  endfacet
  facet normal -0 0 1
    outer loop
      vertex -12.8 -1.21243 4
      vertex -11.35 -5.84999 4
      vertex -12.697 -1.14681 4
    endloop
  endfacet
  facet normal -0 0 1
    outer loop
      vertex -12.9083 -1.26883 4
      vertex -11.35 -5.84999 4
      vertex -12.8 -1.21243 4
    endloop
  endfacet
  facet normal -0 0 1
    outer loop
      vertex -13.0212 -1.31557 4
      vertex -11.35 -5.84999 4
      vertex -12.9083 -1.26883 4
    endloop
  endfacet
  facet normal -0 0 1
    outer loop
      vertex -13.1377 -1.3523 4
      vertex -11.35 -5.84999 4
      vertex -13.0212 -1.31557 4
    endloop
  endfacet
  facet normal -0 0 1
    outer loop
      vertex -13.2569 -1.37873 4
      vertex -11.35 -5.84999 4
      vertex -13.1377 -1.3523 4
    endloop
  endfacet
  facet normal -0 0 1
    outer loop
      vertex -13.378 -1.39467 4
      vertex -11.35 -5.84999 4
      vertex -13.2569 -1.37873 4
    endloop
  endfacet
  facet normal -0 0 1
    outer loop
      vertex -13.5 -1.4 4
      vertex -11.35 -5.84999 4
      vertex -13.378 -1.39467 4
    endloop
  endfacet
  facet normal 0 0 1
    outer loop
      vertex -13.3065 -11.8518 4
      vertex -11.3044 -6.37094 4
      vertex -11.3386 -6.11147 4
    endloop
  endfacet
  facet normal 0 0 1
    outer loop
      vertex -13.3065 -11.8518 4
      vertex -11.2478 -6.62645 4
      vertex -11.3044 -6.37094 4
    endloop
  endfacet
  facet normal 0 0 1
    outer loop
      vertex -13.3065 -11.8518 4
      vertex -11.1691 -6.87605 4
      vertex -11.2478 -6.62645 4
    endloop
  endfacet
  facet normal 0 0 1
    outer loop
      vertex -13.3065 -11.8518 4
      vertex -11.0689 -7.11784 4
      vertex -11.1691 -6.87605 4
    endloop
  endfacet
  facet normal 0 0 1
    outer loop
      vertex -13.3065 -11.8518 4
      vertex -10.9481 -7.34999 4
      vertex -11.0689 -7.11784 4
    endloop
  endfacet
  facet normal 0 0 1
    outer loop
      vertex -13.3065 -11.8518 4
      vertex -10.8074 -7.57072 4
      vertex -10.9481 -7.34999 4
    endloop
  endfacet
  facet normal 0 0 1
    outer loop
      vertex -13.3065 -11.8518 4
      vertex -10.6481 -7.77835 4
      vertex -10.8074 -7.57072 4
    endloop
  endfacet
  facet normal 0 0 1
    outer loop
      vertex -13.3065 -11.8518 4
      vertex -10.4713 -7.97131 4
      vertex -10.6481 -7.77835 4
    endloop
  endfacet
  facet normal 0 0 1
    outer loop
      vertex -13.3065 -11.8518 4
      vertex -10.2784 -8.14812 4
      vertex -10.4713 -7.97131 4
    endloop
  endfacet
  facet normal 0 0 1
    outer loop
      vertex -13.3065 -11.8518 4
      vertex -10.0707 -8.30745 4
      vertex -10.2784 -8.14812 4
    endloop
  endfacet
  facet normal 0 0 1
    outer loop
      vertex -13.3065 -11.8518 4
      vertex -9.84999 -8.44807 4
      vertex -10.0707 -8.30745 4
    endloop
  endfacet
  facet normal 0 0 1
    outer loop
      vertex -13.3065 -11.8518 4
      vertex -9.61784 -8.56891 4
      vertex -9.84999 -8.44807 4
    endloop
  endfacet
  facet normal 0 0 1
    outer loop
      vertex -13.3065 -11.8518 4
      vertex -9.37605 -8.66907 4
      vertex -9.61784 -8.56891 4
    endloop
  endfacet
  facet normal 0 0 1
    outer loop
      vertex -9.12645 -8.74777 4
      vertex -13.3 -12 4
      vertex -13.3065 -12.1482 4
    endloop
  endfacet
  facet normal 0 0 1
    outer loop
      vertex -8.87094 -8.80441 4
      vertex -13.3065 -12.1482 4
      vertex -13.3258 -12.2952 4
    endloop
  endfacet
  facet normal 0 0 1
    outer loop
      vertex -8.61147 -8.83858 4
      vertex -13.3258 -12.2952 4
      vertex -13.3579 -12.44 4
    endloop
  endfacet
  facet normal 0 0 1
    outer loop
      vertex -8.34999 -8.84999 4
      vertex -13.3579 -12.44 4
      vertex -13.4025 -12.5814 4
    endloop
  endfacet
  facet normal 0 0 1
    outer loop
      vertex -6.52095 -8.95442 4
      vertex -13.4025 -12.5814 4
      vertex -13.4593 -12.7185 4
    endloop
  endfacet
  facet normal 0 0 1
    outer loop
      vertex -6.26147 -8.98859 4
      vertex -13.4593 -12.7185 4
      vertex -13.5278 -12.85 4
    endloop
  endfacet
  facet normal 0 0 1
    outer loop
      vertex -6 -9 4
      vertex -13.5278 -12.85 4
      vertex -13.6074 -12.9751 4
    endloop
  endfacet
  facet normal 0 0 1
    outer loop
      vertex -6 -9 4
      vertex -13.6074 -12.9751 4
      vertex -15 -17 4
    endloop
  endfacet
  facet normal 0 0 1
    outer loop
      vertex -15 -17 4
      vertex -13.6074 -12.9751 4
      vertex -13.6977 -13.0927 4
    endloop
  endfacet
  facet normal 0 0 1
    outer loop
      vertex -15 -17 4
      vertex -13.6977 -13.0927 4
      vertex -13.7979 -13.2021 4
    endloop
  endfacet
  facet normal 0 0 1
    outer loop
      vertex -15 -17 4
      vertex -13.7979 -13.2021 4
      vertex -13.9073 -13.3023 4
    endloop
  endfacet
  facet normal 0 0 1
    outer loop
      vertex -15 -17 4
      vertex -13.9073 -13.3023 4
      vertex -14.0249 -13.3926 4
    endloop
  endfacet
  facet normal 0 0 1
    outer loop
      vertex -15 -17 4
      vertex -14.0249 -13.3926 4
      vertex -14.15 -13.4722 4
    endloop
  endfacet
  facet normal 0 0 1
    outer loop
      vertex -15 -17 4
      vertex -14.15 -13.4722 4
      vertex -14.2815 -13.5407 4
    endloop
  endfacet
  facet normal 0 0 1
    outer loop
      vertex -15 -17 4
      vertex -14.2815 -13.5407 4
      vertex -14.4186 -13.5975 4
    endloop
  endfacet
  facet normal 0 0 1
    outer loop
      vertex -15 -17 4
      vertex -14.4186 -13.5975 4
      vertex -14.56 -13.6421 4
    endloop
  endfacet
  facet normal 0 0 1
    outer loop
      vertex -15 -17 4
      vertex -14.56 -13.6421 4
      vertex -14.7048 -13.6742 4
    endloop
  endfacet
  facet normal 0 0 1
    outer loop
      vertex -15 -17 4
      vertex -14.7048 -13.6742 4
      vertex -14.8518 -13.6935 4
    endloop
  endfacet
  facet normal 0 0 1
    outer loop
      vertex -15 -17 4
      vertex -14.8518 -13.6935 4
      vertex -15 -13.7 4
    endloop
  endfacet
  facet normal 0 0 1
    outer loop
      vertex -6 -9 4
      vertex -15 -17 4
      vertex 15 -17 4
    endloop
  endfacet
  facet normal 0 0 1
    outer loop
      vertex -15.1482 -13.6935 4
      vertex -15 -17 4
      vertex -15 -13.7 4
    endloop
  endfacet
  facet normal 0 0 1
    outer loop
      vertex -15.4358 -16.981 4
      vertex -15.1482 -13.6935 4
      vertex -15.2952 -13.6742 4
    endloop
  endfacet
  facet normal 0 0 1
    outer loop
      vertex -15.1482 -13.6935 4
      vertex -15.4358 -16.981 4
      vertex -15 -17 4
    endloop
  endfacet
  facet normal 0 0 1
    outer loop
      vertex -15.8682 -16.924 4
      vertex -15.2952 -13.6742 4
      vertex -15.44 -13.6421 4
    endloop
  endfacet
  facet normal 0 0 1
    outer loop
      vertex -16.2941 -16.8296 4
      vertex -15.44 -13.6421 4
      vertex -15.5814 -13.5975 4
    endloop
  endfacet
  facet normal 0 0 1
    outer loop
      vertex -16.7101 -16.6985 4
      vertex -15.5814 -13.5975 4
      vertex -15.7185 -13.5407 4
    endloop
  endfacet
  facet normal 0 0 1
    outer loop
      vertex -17.1131 -16.5315 4
      vertex -15.7185 -13.5407 4
      vertex -15.85 -13.4722 4
    endloop
  endfacet
  facet normal 0 0 1
    outer loop
      vertex -15.2952 -13.6742 4
      vertex -15.8682 -16.924 4
      vertex -15.4358 -16.981 4
    endloop
  endfacet
  facet normal 0 0 1
    outer loop
      vertex -17.5 -16.3301 4
      vertex -15.85 -13.4722 4
      vertex -15.9751 -13.3926 4
    endloop
  endfacet
  facet normal 0 0 1
    outer loop
      vertex -17.8679 -16.0958 4
      vertex -15.9751 -13.3926 4
      vertex -16.0927 -13.3023 4
    endloop
  endfacet
  facet normal 0 0 1
    outer loop
      vertex -18.2139 -15.8302 4
      vertex -16.0927 -13.3023 4
      vertex -16.2021 -13.2021 4
    endloop
  endfacet
  facet normal 0 0 1
    outer loop
      vertex -15.44 -13.6421 4
      vertex -16.2941 -16.8296 4
      vertex -15.8682 -16.924 4
    endloop
  endfacet
  facet normal 0 0 1
    outer loop
      vertex -18.5355 -15.5355 4
      vertex -16.2021 -13.2021 4
      vertex -16.3023 -13.0927 4
    endloop
  endfacet
  facet normal 0 0 1
    outer loop
      vertex -18.8302 -15.2139 4
      vertex -16.3023 -13.0927 4
      vertex -16.3926 -12.9751 4
    endloop
  endfacet
  facet normal 0 0 1
    outer loop
      vertex -19.0958 -14.8679 4
      vertex -16.3926 -12.9751 4
      vertex -16.4722 -12.85 4
    endloop
  endfacet
  facet normal 0 0 1
    outer loop
      vertex -19.3301 -14.5 4
      vertex -16.4722 -12.85 4
      vertex -16.5407 -12.7185 4
    endloop
  endfacet
  facet normal 0 0 1
    outer loop
      vertex -19.5315 -14.1131 4
      vertex -16.5407 -12.7185 4
      vertex -16.5975 -12.5814 4
    endloop
  endfacet
  facet normal 0 0 1
    outer loop
      vertex -19.6985 -13.7101 4
      vertex -16.5975 -12.5814 4
      vertex -16.6421 -12.44 4
    endloop
  endfacet
  facet normal 0 0 1
    outer loop
      vertex -19.8296 -13.2941 4
      vertex -16.6421 -12.44 4
      vertex -16.6742 -12.2952 4
    endloop
  endfacet
  facet normal 0 0 1
    outer loop
      vertex -19.924 -12.8682 4
      vertex -16.6742 -12.2952 4
      vertex -16.6935 -12.1482 4
    endloop
  endfacet
  facet normal 0 0 1
    outer loop
      vertex -15.5814 -13.5975 4
      vertex -16.7101 -16.6985 4
      vertex -16.2941 -16.8296 4
    endloop
  endfacet
  facet normal 0 0 1
    outer loop
      vertex -19.981 -12.4358 4
      vertex -16.6935 -12.1482 4
      vertex -16.7 -12 4
    endloop
  endfacet
  facet normal 0 0 1
    outer loop
      vertex -16.6742 -11.7048 4
      vertex -20 -12 4
      vertex -16.6935 -11.8518 4
    endloop
  endfacet
  facet normal -0 0 1
    outer loop
      vertex -19.3301 14.5 4
      vertex -16.4722 12.85 4
      vertex -19.0958 14.8679 4
    endloop
  endfacet
  facet normal 0 0 1
    outer loop
      vertex -16.6935 -11.8518 4
      vertex -20 -12 4
      vertex -16.7 -12 4
    endloop
  endfacet
  facet normal 0 0 1
    outer loop
      vertex -16.4722 12.85 4
      vertex -19.3301 14.5 4
      vertex -16.5407 12.7185 4
    endloop
  endfacet
  facet normal 0 -0 1
    outer loop
      vertex -19.981 -12.4358 4
      vertex -16.7 -12 4
      vertex -20 -12 4
    endloop
  endfacet
  facet normal -0 0 1
    outer loop
      vertex -19.5315 14.1131 4
      vertex -16.5407 12.7185 4
      vertex -19.3301 14.5 4
    endloop
  endfacet
  facet normal 0 0 1
    outer loop
      vertex -15.7185 -13.5407 4
      vertex -17.1131 -16.5315 4
      vertex -16.7101 -16.6985 4
    endloop
  endfacet
  facet normal 0 0 1
    outer loop
      vertex -16.5407 12.7185 4
      vertex -19.5315 14.1131 4
      vertex -16.5975 12.5814 4
    endloop
  endfacet
  facet normal 0 0 1
    outer loop
      vertex -15.85 -13.4722 4
      vertex -17.5 -16.3301 4
      vertex -17.1131 -16.5315 4
    endloop
  endfacet
  facet normal -0 0 1
    outer loop
      vertex -19.6985 13.7101 4
      vertex -16.5975 12.5814 4
      vertex -19.5315 14.1131 4
    endloop
  endfacet
  facet normal 0 0 1
    outer loop
      vertex -15.9751 -13.3926 4
      vertex -17.8679 -16.0958 4
      vertex -17.5 -16.3301 4
    endloop
  endfacet
  facet normal 0 0 1
    outer loop
      vertex -16.5975 12.5814 4
      vertex -19.6985 13.7101 4
      vertex -16.6421 12.44 4
    endloop
  endfacet
  facet normal 0 0 1
    outer loop
      vertex -16.0927 -13.3023 4
      vertex -18.2139 -15.8302 4
      vertex -17.8679 -16.0958 4
    endloop
  endfacet
  facet normal -0 0 1
    outer loop
      vertex -19.8296 13.2941 4
      vertex -16.6421 12.44 4
      vertex -19.6985 13.7101 4
    endloop
  endfacet
  facet normal 0 0 1
    outer loop
      vertex -16.2021 -13.2021 4
      vertex -18.5355 -15.5355 4
      vertex -18.2139 -15.8302 4
    endloop
  endfacet
  facet normal 0 0 1
    outer loop
      vertex -16.6421 12.44 4
      vertex -19.8296 13.2941 4
      vertex -16.6742 12.2952 4
    endloop
  endfacet
  facet normal 0 0 1
    outer loop
      vertex -16.3023 -13.0927 4
      vertex -18.8302 -15.2139 4
      vertex -18.5355 -15.5355 4
    endloop
  endfacet
  facet normal -0 0 1
    outer loop
      vertex -19.924 12.8682 4
      vertex -16.6742 12.2952 4
      vertex -19.8296 13.2941 4
    endloop
  endfacet
  facet normal 0 0 1
    outer loop
      vertex -16.3926 -12.9751 4
      vertex -19.0958 -14.8679 4
      vertex -18.8302 -15.2139 4
    endloop
  endfacet
  facet normal 0 0 1
    outer loop
      vertex -16.6742 12.2952 4
      vertex -19.924 12.8682 4
      vertex -16.6935 12.1482 4
    endloop
  endfacet
  facet normal 0 0 1
    outer loop
      vertex -16.4722 -12.85 4
      vertex -19.3301 -14.5 4
      vertex -19.0958 -14.8679 4
    endloop
  endfacet
  facet normal -0 0 1
    outer loop
      vertex -19.981 12.4358 4
      vertex -16.6935 12.1482 4
      vertex -19.924 12.8682 4
    endloop
  endfacet
  facet normal 0 0 1
    outer loop
      vertex -16.5407 -12.7185 4
      vertex -19.5315 -14.1131 4
      vertex -19.3301 -14.5 4
    endloop
  endfacet
  facet normal 0 0 1
    outer loop
      vertex -16.6935 12.1482 4
      vertex -19.981 12.4358 4
      vertex -16.7 12 4
    endloop
  endfacet
  facet normal 0 0 1
    outer loop
      vertex -16.5975 -12.5814 4
      vertex -19.6985 -13.7101 4
      vertex -19.5315 -14.1131 4
    endloop
  endfacet
  facet normal 0 0 1
    outer loop
      vertex -16.7 12 4
      vertex -19.981 12.4358 4
      vertex -20 12 4
    endloop
  endfacet
  facet normal 0 0 1
    outer loop
      vertex -16.6421 -12.44 4
      vertex -19.8296 -13.2941 4
      vertex -19.6985 -13.7101 4
    endloop
  endfacet
  facet normal 0 0 1
    outer loop
      vertex -16.6742 -12.2952 4
      vertex -19.924 -12.8682 4
      vertex -19.8296 -13.2941 4
    endloop
  endfacet
  facet normal 0 0 1
    outer loop
      vertex -16.6935 -12.1482 4
      vertex -19.981 -12.4358 4
      vertex -19.924 -12.8682 4
    endloop
  endfacet
  facet normal -0 0 1
    outer loop
      vertex 14.5725 -0.899902 4
      vertex 15.9751 -10.6074 4
      vertex 14.6468 -0.803006 4
    endloop
  endfacet
  facet normal 0 0 1
    outer loop
      vertex 15.9751 -10.6074 4
      vertex 14.5725 -0.899902 4
      vertex 15.85 -10.5278 4
    endloop
  endfacet
  facet normal -0 0 1
    outer loop
      vertex 14.4899 -0.989949 4
      vertex 15.85 -10.5278 4
      vertex 14.5725 -0.899902 4
    endloop
  endfacet
  facet normal 0 0 1
    outer loop
      vertex 15.85 -10.5278 4
      vertex 14.4899 -0.989949 4
      vertex 15.7185 -10.4593 4
    endloop
  endfacet
  facet normal -0 0 1
    outer loop
      vertex 14.3999 -1.07246 4
      vertex 15.7185 -10.4593 4
      vertex 14.4899 -0.989949 4
    endloop
  endfacet
  facet normal 0 0 1
    outer loop
      vertex 15.7185 -10.4593 4
      vertex 14.3999 -1.07246 4
      vertex 15.5814 -10.4025 4
    endloop
  endfacet
  facet normal -0 0 1
    outer loop
      vertex 14.303 -1.14681 4
      vertex 15.5814 -10.4025 4
      vertex 14.3999 -1.07246 4
    endloop
  endfacet
  facet normal 0 0 1
    outer loop
      vertex 15.5814 -10.4025 4
      vertex 14.303 -1.14681 4
      vertex 15.44 -10.3579 4
    endloop
  endfacet
  facet normal -0 0 1
    outer loop
      vertex 14.2 -1.21243 4
      vertex 15.44 -10.3579 4
      vertex 14.303 -1.14681 4
    endloop
  endfacet
  facet normal 0 0 1
    outer loop
      vertex 15.44 -10.3579 4
      vertex 14.2 -1.21243 4
      vertex 15.2952 -10.3258 4
    endloop
  endfacet
  facet normal -0 0 1
    outer loop
      vertex 14.0917 -1.26883 4
      vertex 15.2952 -10.3258 4
      vertex 14.2 -1.21243 4
    endloop
  endfacet
  facet normal -0 0 1
    outer loop
      vertex 11.3386 -6.11147 4
      vertex 15.2952 -10.3258 4
      vertex 14.0917 -1.26883 4
    endloop
  endfacet
  facet normal 0 0 1
    outer loop
      vertex 15.2952 -10.3258 4
      vertex 11.3386 -6.11147 4
      vertex 15.1482 -10.3065 4
    endloop
  endfacet
  facet normal 0 0 1
    outer loop
      vertex 11.3386 -6.11147 4
      vertex 14.0917 -1.26883 4
      vertex 13.9788 -1.31557 4
    endloop
  endfacet
  facet normal 0 0 1
    outer loop
      vertex 11.3386 -6.11147 4
      vertex 13.9788 -1.31557 4
      vertex 13.8623 -1.3523 4
    endloop
  endfacet
  facet normal 0 0 1
    outer loop
      vertex 11.3386 -6.11147 4
      vertex 13.8623 -1.3523 4
      vertex 13.7431 -1.37873 4
    endloop
  endfacet
  facet normal 0 0 1
    outer loop
      vertex 15.1482 -10.3065 4
      vertex 11.3386 -6.11147 4
      vertex 15 -10.3 4
    endloop
  endfacet
  facet normal 0 0 1
    outer loop
      vertex 11.3386 -6.11147 4
      vertex 13.7431 -1.37873 4
      vertex 13.622 -1.39467 4
    endloop
  endfacet
  facet normal -0 0 1
    outer loop
      vertex 11.3044 -6.37094 4
      vertex 15 -10.3 4
      vertex 11.3386 -6.11147 4
    endloop
  endfacet
  facet normal 0 0 1
    outer loop
      vertex 11.3386 -6.11147 4
      vertex 13.622 -1.39467 4
      vertex 13.5 -1.4 4
    endloop
  endfacet
  facet normal 0 0 1
    outer loop
      vertex 15 -10.3 4
      vertex 11.3044 -6.37094 4
      vertex 14.8518 -10.3065 4
    endloop
  endfacet
  facet normal 0 0 1
    outer loop
      vertex 11.3386 -6.11147 4
      vertex 13.5 -1.4 4
      vertex 13.378 -1.39467 4
    endloop
  endfacet
  facet normal 0 0 1
    outer loop
      vertex 14.8518 -10.3065 4
      vertex 11.3044 -6.37094 4
      vertex 14.7048 -10.3258 4
    endloop
  endfacet
  facet normal 0 0 1
    outer loop
      vertex 11.3386 -6.11147 4
      vertex 13.378 -1.39467 4
      vertex 13.2569 -1.37873 4
    endloop
  endfacet
  facet normal -0 0 1
    outer loop
      vertex 11.2478 -6.62645 4
      vertex 14.7048 -10.3258 4
      vertex 11.3044 -6.37094 4
    endloop
  endfacet
  facet normal 0 0 1
    outer loop
      vertex 11.3386 -6.11147 4
      vertex 13.2569 -1.37873 4
      vertex 13.1377 -1.3523 4
    endloop
  endfacet
  facet normal 0 0 1
    outer loop
      vertex 14.7048 -10.3258 4
      vertex 11.2478 -6.62645 4
      vertex 14.56 -10.3579 4
    endloop
  endfacet
  facet normal -0 0 1
    outer loop
      vertex 11.1691 -6.87605 4
      vertex 14.56 -10.3579 4
      vertex 11.2478 -6.62645 4
    endloop
  endfacet
  facet normal 0 0 1
    outer loop
      vertex 14.56 -10.3579 4
      vertex 11.1691 -6.87605 4
      vertex 14.4186 -10.4025 4
    endloop
  endfacet
  facet normal -0 0 1
    outer loop
      vertex 11.0689 -7.11784 4
      vertex 14.4186 -10.4025 4
      vertex 11.1691 -6.87605 4
    endloop
  endfacet
  facet normal 0 0 1
    outer loop
      vertex 14.4186 -10.4025 4
      vertex 11.0689 -7.11784 4
      vertex 14.2815 -10.4593 4
    endloop
  endfacet
  facet normal -0 0 1
    outer loop
      vertex 10.9481 -7.34999 4
      vertex 14.2815 -10.4593 4
      vertex 11.0689 -7.11784 4
    endloop
  endfacet
  facet normal 0 0 1
    outer loop
      vertex 14.2815 -10.4593 4
      vertex 10.9481 -7.34999 4
      vertex 14.15 -10.5278 4
    endloop
  endfacet
  facet normal 0 0 1
    outer loop
      vertex 14.15 -10.5278 4
      vertex 10.9481 -7.34999 4
      vertex 14.0249 -10.6074 4
    endloop
  endfacet
  facet normal -0 0 1
    outer loop
      vertex 10.8074 -7.57072 4
      vertex 14.0249 -10.6074 4
      vertex 10.9481 -7.34999 4
    endloop
  endfacet
  facet normal 0 0 1
    outer loop
      vertex 14.0249 -10.6074 4
      vertex 10.8074 -7.57072 4
      vertex 13.9073 -10.6977 4
    endloop
  endfacet
  facet normal -0 0 1
    outer loop
      vertex 10.6481 -7.77835 4
      vertex 13.9073 -10.6977 4
      vertex 10.8074 -7.57072 4
    endloop
  endfacet
  facet normal 0 0 1
    outer loop
      vertex 13.9073 -10.6977 4
      vertex 10.6481 -7.77835 4
      vertex 13.7979 -10.7979 4
    endloop
  endfacet
  facet normal 0.843473 0.537172 0
    outer loop
      vertex 19.3301 14.5 4
      vertex 19.0958 14.8679 0
      vertex 19.0958 14.8679 4
    endloop
  endfacet
  facet normal 0.843473 0.537172 0
    outer loop
      vertex 19.0958 14.8679 0
      vertex 19.3301 14.5 4
      vertex 19.3301 14.5 0
    endloop
  endfacet
  facet normal 0.300572 0.953759 -0
    outer loop
      vertex 16.7101 16.6985 0
      vertex 16.2941 16.8296 4
      vertex 16.7101 16.6985 4
    endloop
  endfacet
  facet normal 0.300572 0.953759 0
    outer loop
      vertex 16.2941 16.8296 4
      vertex 16.7101 16.6985 0
      vertex 16.2941 16.8296 0
    endloop
  endfacet
  facet normal -0.537172 -0.843473 0
    outer loop
      vertex -17.8679 -16.0958 0
      vertex -17.5 -16.3301 4
      vertex -17.8679 -16.0958 4
    endloop
  endfacet
  facet normal -0.537172 -0.843473 -0
    outer loop
      vertex -17.5 -16.3301 4
      vertex -17.8679 -16.0958 0
      vertex -17.5 -16.3301 0
    endloop
  endfacet
  facet normal -0.461735 0.887018 0
    outer loop
      vertex -17.1131 16.5315 0
      vertex -17.5 16.3301 4
      vertex -17.1131 16.5315 4
    endloop
  endfacet
  facet normal -0.461735 0.887018 0
    outer loop
      vertex -17.5 16.3301 4
      vertex -17.1131 16.5315 0
      vertex -17.5 16.3301 0
    endloop
  endfacet
  facet normal -0.6756 0.737268 0
    outer loop
      vertex -18.2139 15.8302 0
      vertex -18.5355 15.5355 4
      vertex -18.2139 15.8302 4
    endloop
  endfacet
  facet normal -0.6756 0.737268 0
    outer loop
      vertex -18.5355 15.5355 4
      vertex -18.2139 15.8302 0
      vertex -18.5355 15.5355 0
    endloop
  endfacet
  facet normal -0.6756 -0.737268 0
    outer loop
      vertex -18.5355 -15.5355 0
      vertex -18.2139 -15.8302 4
      vertex -18.5355 -15.5355 4
    endloop
  endfacet
  facet normal -0.6756 -0.737268 -0
    outer loop
      vertex -18.2139 -15.8302 4
      vertex -18.5355 -15.5355 0
      vertex -18.2139 -15.8302 0
    endloop
  endfacet
  facet normal 0.0435566 0.999051 -0
    outer loop
      vertex 15.4358 16.981 0
      vertex 15 17 4
      vertex 15.4358 16.981 4
    endloop
  endfacet
  facet normal 0.0435566 0.999051 0
    outer loop
      vertex 15 17 4
      vertex 15.4358 16.981 0
      vertex 15 17 0
    endloop
  endfacet
  facet normal -0.887018 -0.461735 0
    outer loop
      vertex -19.3301 -14.5 0
      vertex -19.5315 -14.1131 4
      vertex -19.5315 -14.1131 0
    endloop
  endfacet
  facet normal -0.887018 -0.461735 0
    outer loop
      vertex -19.5315 -14.1131 4
      vertex -19.3301 -14.5 0
      vertex -19.3301 -14.5 4
    endloop
  endfacet
  facet normal 0.382824 -0.923821 0
    outer loop
      vertex 16.7101 -16.6985 0
      vertex 17.1131 -16.5315 4
      vertex 16.7101 -16.6985 4
    endloop
  endfacet
  facet normal 0.382824 -0.923821 0
    outer loop
      vertex 17.1131 -16.5315 4
      vertex 16.7101 -16.6985 0
      vertex 17.1131 -16.5315 0
    endloop
  endfacet
  facet normal 0.537172 -0.843473 0
    outer loop
      vertex 17.5 -16.3301 0
      vertex 17.8679 -16.0958 4
      vertex 17.5 -16.3301 4
    endloop
  endfacet
  facet normal 0.537172 -0.843473 0
    outer loop
      vertex 17.8679 -16.0958 4
      vertex 17.5 -16.3301 0
      vertex 17.8679 -16.0958 0
    endloop
  endfacet
  facet normal 0.953759 -0.300572 0
    outer loop
      vertex 19.6985 -13.7101 4
      vertex 19.8296 -13.2941 0
      vertex 19.8296 -13.2941 4
    endloop
  endfacet
  facet normal 0.953759 -0.300572 0
    outer loop
      vertex 19.8296 -13.2941 0
      vertex 19.6985 -13.7101 4
      vertex 19.6985 -13.7101 0
    endloop
  endfacet
  facet normal 0.999051 0.0435566 0
    outer loop
      vertex 20 12 4
      vertex 19.981 12.4358 0
      vertex 19.981 12.4358 4
    endloop
  endfacet
  facet normal 0.999051 0.0435566 0
    outer loop
      vertex 19.981 12.4358 0
      vertex 20 12 4
      vertex 20 12 0
    endloop
  endfacet
  facet normal 0.793237 -0.608913 0
    outer loop
      vertex 18.8302 -15.2139 4
      vertex 19.0958 -14.8679 0
      vertex 19.0958 -14.8679 4
    endloop
  endfacet
  facet normal 0.793237 -0.608913 0
    outer loop
      vertex 19.0958 -14.8679 0
      vertex 18.8302 -15.2139 4
      vertex 18.8302 -15.2139 0
    endloop
  endfacet
  facet normal -0.843473 -0.537172 0
    outer loop
      vertex -19.0958 -14.8679 0
      vertex -19.3301 -14.5 4
      vertex -19.3301 -14.5 0
    endloop
  endfacet
  facet normal -0.843473 -0.537172 0
    outer loop
      vertex -19.3301 -14.5 4
      vertex -19.0958 -14.8679 0
      vertex -19.0958 -14.8679 4
    endloop
  endfacet
  facet normal 0.999051 -0.0435566 0
    outer loop
      vertex 19.981 -12.4358 4
      vertex 20 -12 0
      vertex 20 -12 4
    endloop
  endfacet
  facet normal 0.999051 -0.0435566 0
    outer loop
      vertex 20 -12 0
      vertex 19.981 -12.4358 4
      vertex 19.981 -12.4358 0
    endloop
  endfacet
  facet normal -0.999051 -0.0435566 0
    outer loop
      vertex -19.981 -12.4358 0
      vertex -20 -12 4
      vertex -20 -12 0
    endloop
  endfacet
  facet normal -0.999051 -0.0435566 0
    outer loop
      vertex -20 -12 4
      vertex -19.981 -12.4358 0
      vertex -19.981 -12.4358 4
    endloop
  endfacet
  facet normal -1 0 0
    outer loop
      vertex -20 -12 0
      vertex -20 12 4
      vertex -20 12 0
    endloop
  endfacet
  facet normal -1 -0 0
    outer loop
      vertex -20 12 4
      vertex -20 -12 0
      vertex -20 -12 4
    endloop
  endfacet
  facet normal 0.923821 0.382824 0
    outer loop
      vertex 19.6985 13.7101 4
      vertex 19.5315 14.1131 0
      vertex 19.5315 14.1131 4
    endloop
  endfacet
  facet normal 0.923821 0.382824 0
    outer loop
      vertex 19.5315 14.1131 0
      vertex 19.6985 13.7101 4
      vertex 19.6985 13.7101 0
    endloop
  endfacet
  facet normal -0.793237 -0.608913 0
    outer loop
      vertex -18.8302 -15.2139 0
      vertex -19.0958 -14.8679 4
      vertex -19.0958 -14.8679 0
    endloop
  endfacet
  facet normal -0.793237 -0.608913 0
    outer loop
      vertex -19.0958 -14.8679 4
      vertex -18.8302 -15.2139 0
      vertex -18.8302 -15.2139 4
    endloop
  endfacet
  facet normal -0.537172 0.843473 0
    outer loop
      vertex -17.5 16.3301 0
      vertex -17.8679 16.0958 4
      vertex -17.5 16.3301 4
    endloop
  endfacet
  facet normal -0.537172 0.843473 0
    outer loop
      vertex -17.8679 16.0958 4
      vertex -17.5 16.3301 0
      vertex -17.8679 16.0958 0
    endloop
  endfacet
  facet normal -0.953759 0.300572 0
    outer loop
      vertex -19.8296 13.2941 0
      vertex -19.6985 13.7101 4
      vertex -19.6985 13.7101 0
    endloop
  endfacet
  facet normal -0.953759 0.300572 0
    outer loop
      vertex -19.6985 13.7101 4
      vertex -19.8296 13.2941 0
      vertex -19.8296 13.2941 4
    endloop
  endfacet
  facet normal -0.793237 0.608913 0
    outer loop
      vertex -19.0958 14.8679 0
      vertex -18.8302 15.2139 4
      vertex -18.8302 15.2139 0
    endloop
  endfacet
  facet normal -0.793237 0.608913 0
    outer loop
      vertex -18.8302 15.2139 4
      vertex -19.0958 14.8679 0
      vertex -19.0958 14.8679 4
    endloop
  endfacet
  facet normal 0.793237 0.608913 0
    outer loop
      vertex 19.0958 14.8679 4
      vertex 18.8302 15.2139 0
      vertex 18.8302 15.2139 4
    endloop
  endfacet
  facet normal 0.793237 0.608913 0
    outer loop
      vertex 18.8302 15.2139 0
      vertex 19.0958 14.8679 4
      vertex 19.0958 14.8679 0
    endloop
  endfacet
  facet normal -0.843473 0.537172 0
    outer loop
      vertex -19.3301 14.5 0
      vertex -19.0958 14.8679 4
      vertex -19.0958 14.8679 0
    endloop
  endfacet
  facet normal -0.843473 0.537172 0
    outer loop
      vertex -19.0958 14.8679 4
      vertex -19.3301 14.5 0
      vertex -19.3301 14.5 4
    endloop
  endfacet
  facet normal 0.976306 0.216396 0
    outer loop
      vertex 19.924 12.8682 4
      vertex 19.8296 13.2941 0
      vertex 19.8296 13.2941 4
    endloop
  endfacet
  facet normal 0.976306 0.216396 0
    outer loop
      vertex 19.8296 13.2941 0
      vertex 19.924 12.8682 4
      vertex 19.924 12.8682 0
    endloop
  endfacet
  facet normal 0.953759 0.300572 0
    outer loop
      vertex 19.8296 13.2941 4
      vertex 19.6985 13.7101 0
      vertex 19.6985 13.7101 4
    endloop
  endfacet
  facet normal 0.953759 0.300572 0
    outer loop
      vertex 19.6985 13.7101 0
      vertex 19.8296 13.2941 4
      vertex 19.8296 13.2941 0
    endloop
  endfacet
  facet normal 0.737268 -0.6756 0
    outer loop
      vertex 18.5355 -15.5355 4
      vertex 18.8302 -15.2139 0
      vertex 18.8302 -15.2139 4
    endloop
  endfacet
  facet normal 0.737268 -0.6756 0
    outer loop
      vertex 18.8302 -15.2139 0
      vertex 18.5355 -15.5355 4
      vertex 18.5355 -15.5355 0
    endloop
  endfacet
  facet normal 0.130692 0.991423 -0
    outer loop
      vertex 15.8682 16.924 0
      vertex 15.4358 16.981 4
      vertex 15.8682 16.924 4
    endloop
  endfacet
  facet normal 0.130692 0.991423 0
    outer loop
      vertex 15.4358 16.981 4
      vertex 15.8682 16.924 0
      vertex 15.4358 16.981 0
    endloop
  endfacet
  facet normal 0.382824 0.923821 -0
    outer loop
      vertex 17.1131 16.5315 0
      vertex 16.7101 16.6985 4
      vertex 17.1131 16.5315 4
    endloop
  endfacet
  facet normal 0.382824 0.923821 0
    outer loop
      vertex 16.7101 16.6985 4
      vertex 17.1131 16.5315 0
      vertex 16.7101 16.6985 0
    endloop
  endfacet
  facet normal 0.537172 0.843473 -0
    outer loop
      vertex 17.8679 16.0958 0
      vertex 17.5 16.3301 4
      vertex 17.8679 16.0958 4
    endloop
  endfacet
  facet normal 0.537172 0.843473 0
    outer loop
      vertex 17.5 16.3301 4
      vertex 17.8679 16.0958 0
      vertex 17.5 16.3301 0
    endloop
  endfacet
  facet normal -0.382824 0.923821 0
    outer loop
      vertex -16.7101 16.6985 0
      vertex -17.1131 16.5315 4
      vertex -16.7101 16.6985 4
    endloop
  endfacet
  facet normal -0.382824 0.923821 0
    outer loop
      vertex -17.1131 16.5315 4
      vertex -16.7101 16.6985 0
      vertex -17.1131 16.5315 0
    endloop
  endfacet
  facet normal 0.887018 0.461735 0
    outer loop
      vertex 19.5315 14.1131 4
      vertex 19.3301 14.5 0
      vertex 19.3301 14.5 4
    endloop
  endfacet
  facet normal 0.887018 0.461735 0
    outer loop
      vertex 19.3301 14.5 0
      vertex 19.5315 14.1131 4
      vertex 19.5315 14.1131 0
    endloop
  endfacet
  facet normal 0.6756 0.737268 -0
    outer loop
      vertex 18.5355 15.5355 0
      vertex 18.2139 15.8302 4
      vertex 18.5355 15.5355 4
    endloop
  endfacet
  facet normal 0.6756 0.737268 0
    outer loop
      vertex 18.2139 15.8302 4
      vertex 18.5355 15.5355 0
      vertex 18.2139 15.8302 0
    endloop
  endfacet
  facet normal -0.0435964 0.999049 0
    outer loop
      vertex 6.26147 -8.98859 0
      vertex 6 -9 4
      vertex 6.26147 -8.98859 4
    endloop
  endfacet
  facet normal -0.0435964 0.999049 0
    outer loop
      vertex 6 -9 4
      vertex 6.26147 -8.98859 0
      vertex 6 -9 0
    endloop
  endfacet
  facet normal -0.675579 -0.737287 0
    outer loop
      vertex 7.92836 8.29813 0
      vertex 8.12132 8.12132 2.5
      vertex 7.92836 8.29813 2.5
    endloop
  endfacet
  facet normal -0.675579 -0.737287 -0
    outer loop
      vertex 8.12132 8.12132 2.5
      vertex 7.92836 8.29813 0
      vertex 8.12132 8.12132 0
    endloop
  endfacet
  facet normal 1 -0 0
    outer loop
      vertex -9 -6 2.5
      vertex -9 6 0
      vertex -9 6 2.5
    endloop
  endfacet
  facet normal 1 0 0
    outer loop
      vertex -9 6 0
      vertex -9 -6 2.5
      vertex -9 -6 0
    endloop
  endfacet
  facet normal 0.0435964 0.999049 -0
    outer loop
      vertex -6 -9 0
      vertex -6.26147 -8.98859 4
      vertex -6 -9 4
    endloop
  endfacet
  facet normal 0.0435964 0.999049 0
    outer loop
      vertex -6.26147 -8.98859 4
      vertex -6 -9 0
      vertex -6.26147 -8.98859 0
    endloop
  endfacet
  facet normal -0.46172 0.887026 0
    outer loop
      vertex 7.5 -8.59808 0
      vertex 7.26785 -8.71892 2.5
      vertex 7.5 -8.59808 2.5
    endloop
  endfacet
  facet normal -0.46172 0.887026 0
    outer loop
      vertex 7.26785 -8.71892 2.5
      vertex 7.5 -8.59808 0
      vertex 7.26785 -8.71892 0
    endloop
  endfacet
  facet normal 0.300689 -0.953722 0
    outer loop
      vertex -7.02606 8.81908 2.5
      vertex -7.02606 8.81908 0
      vertex -6.92802 8.84999 2.5
    endloop
  endfacet
  facet normal 0.300725 -0.953711 0
    outer loop
      vertex -6.92802 8.84999 2.5
      vertex -6.77646 8.89778 4
      vertex -6.92802 8.84999 4
    endloop
  endfacet
  facet normal 0.300711 -0.953715 -9.35375e-07
    outer loop
      vertex -6.77646 8.89778 0
      vertex -6.92802 8.84999 2.5
      vertex -7.02606 8.81908 0
    endloop
  endfacet
  facet normal 0.300725 -0.953711 0
    outer loop
      vertex -6.92802 8.84999 2.5
      vertex -6.77646 8.89778 0
      vertex -6.77646 8.89778 4
    endloop
  endfacet
  facet normal 0.737287 -0.675579 0
    outer loop
      vertex -8.29813 7.92836 2.5
      vertex -8.12132 8.12132 0
      vertex -8.12132 8.12132 2.5
    endloop
  endfacet
  facet normal 0.737287 -0.675579 0
    outer loop
      vertex -8.12132 8.12132 0
      vertex -8.29813 7.92836 2.5
      vertex -8.29813 7.92836 0
    endloop
  endfacet
  facet normal 0.216421 -0.9763 0
    outer loop
      vertex -6.77646 8.89778 0
      vertex -6.52095 8.95442 4
      vertex -6.77646 8.89778 4
    endloop
  endfacet
  facet normal 0.216421 -0.9763 0
    outer loop
      vertex -6.52095 8.95442 4
      vertex -6.77646 8.89778 0
      vertex -6.52095 8.95442 0
    endloop
  endfacet
  facet normal 0.843392 0.537298 0
    outer loop
      vertex -8.45746 -7.72073 2.5
      vertex -8.59808 -7.5 0
      vertex -8.59808 -7.5 2.5
    endloop
  endfacet
  facet normal 0.843392 0.537298 0
    outer loop
      vertex -8.59808 -7.5 0
      vertex -8.45746 -7.72073 2.5
      vertex -8.45746 -7.72073 0
    endloop
  endfacet
  facet normal 0.999049 0.0435964 0
    outer loop
      vertex -8.98859 -6.26147 2.5
      vertex -9 -6 0
      vertex -9 -6 2.5
    endloop
  endfacet
  facet normal 0.999049 0.0435964 0
    outer loop
      vertex -9 -6 0
      vertex -8.98859 -6.26147 2.5
      vertex -8.98859 -6.26147 0
    endloop
  endfacet
  facet normal 0.737287 0.675579 0
    outer loop
      vertex -8.12132 -8.12132 2.5
      vertex -8.29813 -7.92836 0
      vertex -8.29813 -7.92836 2.5
    endloop
  endfacet
  facet normal 0.737287 0.675579 0
    outer loop
      vertex -8.29813 -7.92836 0
      vertex -8.12132 -8.12132 2.5
      vertex -8.12132 -8.12132 0
    endloop
  endfacet
  facet normal 0.991441 -0.130559 0
    outer loop
      vertex -8.98859 6.26147 2.5
      vertex -8.95442 6.52095 0
      vertex -8.95442 6.52095 2.5
    endloop
  endfacet
  facet normal 0.991441 -0.130559 0
    outer loop
      vertex -8.95442 6.52095 0
      vertex -8.98859 6.26147 2.5
      vertex -8.98859 6.26147 0
    endloop
  endfacet
  facet normal 0.216421 0.9763 -0
    outer loop
      vertex -6.52095 -8.95442 0
      vertex -6.77646 -8.89778 4
      vertex -6.52095 -8.95442 4
    endloop
  endfacet
  facet normal 0.216421 0.9763 0
    outer loop
      vertex -6.77646 -8.89778 4
      vertex -6.52095 -8.95442 0
      vertex -6.77646 -8.89778 0
    endloop
  endfacet
  facet normal 0 1 -0
    outer loop
      vertex 6 -9 0
      vertex -6 -9 4
      vertex 6 -9 4
    endloop
  endfacet
  facet normal 0 1 0
    outer loop
      vertex -6 -9 4
      vertex 6 -9 0
      vertex -6 -9 0
    endloop
  endfacet
  facet normal -0.737287 -0.675579 0
    outer loop
      vertex 8.29813 7.92836 0
      vertex 8.12132 8.12132 2.5
      vertex 8.12132 8.12132 0
    endloop
  endfacet
  facet normal -0.737287 -0.675579 0
    outer loop
      vertex 8.12132 8.12132 2.5
      vertex 8.29813 7.92836 0
      vertex 8.29813 7.92836 2.5
    endloop
  endfacet
  facet normal 0 -1 0
    outer loop
      vertex -6 9 0
      vertex 6 9 4
      vertex -6 9 4
    endloop
  endfacet
  facet normal 0 -1 -0
    outer loop
      vertex 6 9 4
      vertex -6 9 0
      vertex 6 9 0
    endloop
  endfacet
  facet normal 0.843392 -0.537298 0
    outer loop
      vertex -8.59808 7.5 2.5
      vertex -8.45746 7.72073 0
      vertex -8.45746 7.72073 2.5
    endloop
  endfacet
  facet normal 0.843392 -0.537298 0
    outer loop
      vertex -8.45746 7.72073 0
      vertex -8.59808 7.5 2.5
      vertex -8.59808 7.5 0
    endloop
  endfacet
  facet normal -0.382707 -0.92387 0
    outer loop
      vertex 7.02606 8.81908 0
      vertex 7.26785 8.71892 2.5
      vertex 7.02606 8.81908 2.5
    endloop
  endfacet
  facet normal -0.382707 -0.92387 -0
    outer loop
      vertex 7.26785 8.71892 2.5
      vertex 7.02606 8.81908 0
      vertex 7.26785 8.71892 0
    endloop
  endfacet
  facet normal 0.887026 0.46172 0
    outer loop
      vertex -8.59808 -7.5 2.5
      vertex -8.71892 -7.26785 0
      vertex -8.71892 -7.26785 2.5
    endloop
  endfacet
  facet normal 0.887026 0.46172 0
    outer loop
      vertex -8.71892 -7.26785 0
      vertex -8.59808 -7.5 2.5
      vertex -8.59808 -7.5 0
    endloop
  endfacet
  facet normal 0.382707 0.92387 -0
    outer loop
      vertex -7.02606 -8.81908 0
      vertex -7.26785 -8.71892 2.5
      vertex -7.02606 -8.81908 2.5
    endloop
  endfacet
  facet normal 0.382707 0.92387 0
    outer loop
      vertex -7.26785 -8.71892 2.5
      vertex -7.02606 -8.81908 0
      vertex -7.26785 -8.71892 0
    endloop
  endfacet
  facet normal 0.537298 0.843392 -0
    outer loop
      vertex -7.5 -8.59808 0
      vertex -7.72073 -8.45746 2.5
      vertex -7.5 -8.59808 2.5
    endloop
  endfacet
  facet normal 0.537298 0.843392 0
    outer loop
      vertex -7.72073 -8.45746 2.5
      vertex -7.5 -8.59808 0
      vertex -7.72073 -8.45746 0
    endloop
  endfacet
  facet normal 0.0435964 -0.999049 0
    outer loop
      vertex -6.26147 8.98859 0
      vertex -6 9 4
      vertex -6.26147 8.98859 4
    endloop
  endfacet
  facet normal 0.0435964 -0.999049 0
    outer loop
      vertex -6 9 4
      vertex -6.26147 8.98859 0
      vertex -6 9 0
    endloop
  endfacet
  facet normal -0.999049 0.0435964 0
    outer loop
      vertex 8.98859 -6.26147 0
      vertex 9 -6 2.5
      vertex 9 -6 0
    endloop
  endfacet
  facet normal -0.999049 0.0435964 0
    outer loop
      vertex 9 -6 2.5
      vertex 8.98859 -6.26147 0
      vertex 8.98859 -6.26147 2.5
    endloop
  endfacet
  facet normal 0.130559 0.991441 -0
    outer loop
      vertex -6.26147 -8.98859 0
      vertex -6.52095 -8.95442 4
      vertex -6.26147 -8.98859 4
    endloop
  endfacet
  facet normal 0.130559 0.991441 0
    outer loop
      vertex -6.52095 -8.95442 4
      vertex -6.26147 -8.98859 0
      vertex -6.52095 -8.95442 0
    endloop
  endfacet
  facet normal -0.793335 -0.608785 0
    outer loop
      vertex 8.45746 7.72073 0
      vertex 8.29813 7.92836 2.5
      vertex 8.29813 7.92836 0
    endloop
  endfacet
  facet normal -0.793335 -0.608785 0
    outer loop
      vertex 8.29813 7.92836 2.5
      vertex 8.45746 7.72073 0
      vertex 8.45746 7.72073 2.5
    endloop
  endfacet
  facet normal -1 0 0
    outer loop
      vertex 9 -6 0
      vertex 9 6 2.5
      vertex 9 6 0
    endloop
  endfacet
  facet normal -1 -0 0
    outer loop
      vertex 9 6 2.5
      vertex 9 -6 0
      vertex 9 -6 2.5
    endloop
  endfacet
  facet normal -0.92387 0.382707 0
    outer loop
      vertex 8.71892 -7.26785 0
      vertex 8.81908 -7.02606 2.5
      vertex 8.81908 -7.02606 0
    endloop
  endfacet
  facet normal -0.92387 0.382707 0
    outer loop
      vertex 8.81908 -7.02606 2.5
      vertex 8.71892 -7.26785 0
      vertex 8.71892 -7.26785 2.5
    endloop
  endfacet
  facet normal -0.130559 0.991441 0
    outer loop
      vertex 6.52095 -8.95442 0
      vertex 6.26147 -8.98859 4
      vertex 6.52095 -8.95442 4
    endloop
  endfacet
  facet normal -0.130559 0.991441 0
    outer loop
      vertex 6.26147 -8.98859 4
      vertex 6.52095 -8.95442 0
      vertex 6.26147 -8.98859 0
    endloop
  endfacet
  facet normal -0.382707 0.92387 0
    outer loop
      vertex 7.26785 -8.71892 0
      vertex 7.02606 -8.81908 2.5
      vertex 7.26785 -8.71892 2.5
    endloop
  endfacet
  facet normal -0.382707 0.92387 0
    outer loop
      vertex 7.02606 -8.81908 2.5
      vertex 7.26785 -8.71892 0
      vertex 7.02606 -8.81908 0
    endloop
  endfacet
  facet normal 0.300725 0.953711 0
    outer loop
      vertex -6.77646 -8.89778 4
      vertex -6.92802 -8.84999 2.5
      vertex -6.92802 -8.84999 4
    endloop
  endfacet
  facet normal 0.300725 0.953711 -0
    outer loop
      vertex -6.77646 -8.89778 0
      vertex -6.92802 -8.84999 2.5
      vertex -6.77646 -8.89778 4
    endloop
  endfacet
  facet normal 0.300711 0.953715 -9.35375e-07
    outer loop
      vertex -7.02606 -8.81908 0
      vertex -6.92802 -8.84999 2.5
      vertex -6.77646 -8.89778 0
    endloop
  endfacet
  facet normal 0.300689 0.953722 0
    outer loop
      vertex -6.92802 -8.84999 2.5
      vertex -7.02606 -8.81908 0
      vertex -7.02606 -8.81908 2.5
    endloop
  endfacet
  facet normal 0.675579 0.737287 -0
    outer loop
      vertex -7.92836 -8.29813 0
      vertex -8.12132 -8.12132 2.5
      vertex -7.92836 -8.29813 2.5
    endloop
  endfacet
  facet normal 0.675579 0.737287 0
    outer loop
      vertex -8.12132 -8.12132 2.5
      vertex -7.92836 -8.29813 0
      vertex -8.12132 -8.12132 0
    endloop
  endfacet
  facet normal 0.9763 0.216421 0
    outer loop
      vertex -8.89778 -6.77646 2.5
      vertex -8.95442 -6.52095 0
      vertex -8.95442 -6.52095 2.5
    endloop
  endfacet
  facet normal 0.9763 0.216421 0
    outer loop
      vertex -8.95442 -6.52095 0
      vertex -8.89778 -6.77646 2.5
      vertex -8.89778 -6.77646 0
    endloop
  endfacet
  facet normal 0.675579 -0.737287 0
    outer loop
      vertex -8.12132 8.12132 0
      vertex -7.92836 8.29813 2.5
      vertex -8.12132 8.12132 2.5
    endloop
  endfacet
  facet normal 0.675579 -0.737287 0
    outer loop
      vertex -7.92836 8.29813 2.5
      vertex -8.12132 8.12132 0
      vertex -7.92836 8.29813 0
    endloop
  endfacet
  facet normal -0.999049 -0.0435964 0
    outer loop
      vertex 9 6 0
      vertex 8.98859 6.26147 2.5
      vertex 8.98859 6.26147 0
    endloop
  endfacet
  facet normal -0.999049 -0.0435964 0
    outer loop
      vertex 8.98859 6.26147 2.5
      vertex 9 6 0
      vertex 9 6 2.5
    endloop
  endfacet
  facet normal -0.9763 -0.216421 0
    outer loop
      vertex 8.95442 6.52095 0
      vertex 8.89778 6.77646 2.5
      vertex 8.89778 6.77646 0
    endloop
  endfacet
  facet normal -0.9763 -0.216421 0
    outer loop
      vertex 8.89778 6.77646 2.5
      vertex 8.95442 6.52095 0
      vertex 8.95442 6.52095 2.5
    endloop
  endfacet
  facet normal 0.953715 0.300711 0
    outer loop
      vertex -8.81908 -7.02606 2.5
      vertex -8.89778 -6.77646 0
      vertex -8.89778 -6.77646 2.5
    endloop
  endfacet
  facet normal 0.953715 0.300711 0
    outer loop
      vertex -8.89778 -6.77646 0
      vertex -8.81908 -7.02606 2.5
      vertex -8.81908 -7.02606 0
    endloop
  endfacet
  facet normal -0.793335 0.608785 0
    outer loop
      vertex 8.29813 -7.92836 0
      vertex 8.45746 -7.72073 2.5
      vertex 8.45746 -7.72073 0
    endloop
  endfacet
  facet normal -0.793335 0.608785 0
    outer loop
      vertex 8.45746 -7.72073 2.5
      vertex 8.29813 -7.92836 0
      vertex 8.29813 -7.92836 2.5
    endloop
  endfacet
  facet normal 0.537298 -0.843392 0
    outer loop
      vertex -7.72073 8.45746 0
      vertex -7.5 8.59808 2.5
      vertex -7.72073 8.45746 2.5
    endloop
  endfacet
  facet normal 0.537298 -0.843392 0
    outer loop
      vertex -7.5 8.59808 2.5
      vertex -7.72073 8.45746 0
      vertex -7.5 8.59808 0
    endloop
  endfacet
  facet normal -0.537298 -0.843392 0
    outer loop
      vertex 7.5 8.59808 0
      vertex 7.72073 8.45746 2.5
      vertex 7.5 8.59808 2.5
    endloop
  endfacet
  facet normal -0.537298 -0.843392 -0
    outer loop
      vertex 7.72073 8.45746 2.5
      vertex 7.5 8.59808 0
      vertex 7.72073 8.45746 0
    endloop
  endfacet
  facet normal -0.675579 0.737287 0
    outer loop
      vertex 8.12132 -8.12132 0
      vertex 7.92836 -8.29813 2.5
      vertex 8.12132 -8.12132 2.5
    endloop
  endfacet
  facet normal -0.675579 0.737287 0
    outer loop
      vertex 7.92836 -8.29813 2.5
      vertex 8.12132 -8.12132 0
      vertex 7.92836 -8.29813 0
    endloop
  endfacet
  facet normal 0.793335 -0.608785 0
    outer loop
      vertex -8.45746 7.72073 2.5
      vertex -8.29813 7.92836 0
      vertex -8.29813 7.92836 2.5
    endloop
  endfacet
  facet normal 0.793335 -0.608785 0
    outer loop
      vertex -8.29813 7.92836 0
      vertex -8.45746 7.72073 2.5
      vertex -8.45746 7.72073 0
    endloop
  endfacet
  facet normal -0.92387 -0.382707 0
    outer loop
      vertex 8.81908 7.02606 0
      vertex 8.71892 7.26785 2.5
      vertex 8.71892 7.26785 0
    endloop
  endfacet
  facet normal -0.92387 -0.382707 0
    outer loop
      vertex 8.71892 7.26785 2.5
      vertex 8.81908 7.02606 0
      vertex 8.81908 7.02606 2.5
    endloop
  endfacet
  facet normal 0.130559 -0.991441 0
    outer loop
      vertex -6.52095 8.95442 0
      vertex -6.26147 8.98859 4
      vertex -6.52095 8.95442 4
    endloop
  endfacet
  facet normal 0.130559 -0.991441 0
    outer loop
      vertex -6.26147 8.98859 4
      vertex -6.52095 8.95442 0
      vertex -6.26147 8.98859 0
    endloop
  endfacet
  facet normal -0.953715 0.300711 0
    outer loop
      vertex 8.81908 -7.02606 0
      vertex 8.89778 -6.77646 2.5
      vertex 8.89778 -6.77646 0
    endloop
  endfacet
  facet normal -0.953715 0.300711 0
    outer loop
      vertex 8.89778 -6.77646 2.5
      vertex 8.81908 -7.02606 0
      vertex 8.81908 -7.02606 2.5
    endloop
  endfacet
  facet normal -0.216421 0.9763 0
    outer loop
      vertex 6.77646 -8.89778 0
      vertex 6.52095 -8.95442 4
      vertex 6.77646 -8.89778 4
    endloop
  endfacet
  facet normal -0.216421 0.9763 0
    outer loop
      vertex 6.52095 -8.95442 4
      vertex 6.77646 -8.89778 0
      vertex 6.52095 -8.95442 0
    endloop
  endfacet
  facet normal -0.608785 0.793335 0
    outer loop
      vertex 7.92836 -8.29813 0
      vertex 7.72073 -8.45746 2.5
      vertex 7.92836 -8.29813 2.5
    endloop
  endfacet
  facet normal -0.608785 0.793335 0
    outer loop
      vertex 7.72073 -8.45746 2.5
      vertex 7.92836 -8.29813 0
      vertex 7.72073 -8.45746 0
    endloop
  endfacet
  facet normal -0.843392 0.537298 0
    outer loop
      vertex 8.45746 -7.72073 0
      vertex 8.59808 -7.5 2.5
      vertex 8.59808 -7.5 0
    endloop
  endfacet
  facet normal -0.843392 0.537298 0
    outer loop
      vertex 8.59808 -7.5 2.5
      vertex 8.45746 -7.72073 0
      vertex 8.45746 -7.72073 2.5
    endloop
  endfacet
  facet normal 0.92387 0.382707 0
    outer loop
      vertex -8.71892 -7.26785 2.5
      vertex -8.81908 -7.02606 0
      vertex -8.81908 -7.02606 2.5
    endloop
  endfacet
  facet normal 0.92387 0.382707 0
    outer loop
      vertex -8.81908 -7.02606 0
      vertex -8.71892 -7.26785 2.5
      vertex -8.71892 -7.26785 0
    endloop
  endfacet
  facet normal -0.991441 0.130559 0
    outer loop
      vertex 8.95442 -6.52095 0
      vertex 8.98859 -6.26147 2.5
      vertex 8.98859 -6.26147 0
    endloop
  endfacet
  facet normal -0.991441 0.130559 0
    outer loop
      vertex 8.98859 -6.26147 2.5
      vertex 8.95442 -6.52095 0
      vertex 8.95442 -6.52095 2.5
    endloop
  endfacet
  facet normal 0.608785 0.793335 -0
    outer loop
      vertex -7.72073 -8.45746 0
      vertex -7.92836 -8.29813 2.5
      vertex -7.72073 -8.45746 2.5
    endloop
  endfacet
  facet normal 0.608785 0.793335 0
    outer loop
      vertex -7.92836 -8.29813 2.5
      vertex -7.72073 -8.45746 0
      vertex -7.92836 -8.29813 0
    endloop
  endfacet
  facet normal 0.991441 0.130559 0
    outer loop
      vertex -8.95442 -6.52095 2.5
      vertex -8.98859 -6.26147 0
      vertex -8.98859 -6.26147 2.5
    endloop
  endfacet
  facet normal 0.991441 0.130559 0
    outer loop
      vertex -8.98859 -6.26147 0
      vertex -8.95442 -6.52095 2.5
      vertex -8.95442 -6.52095 0
    endloop
  endfacet
  facet normal -0.46172 -0.887026 0
    outer loop
      vertex 7.26785 8.71892 0
      vertex 7.5 8.59808 2.5
      vertex 7.26785 8.71892 2.5
    endloop
  endfacet
  facet normal -0.46172 -0.887026 -0
    outer loop
      vertex 7.5 8.59808 2.5
      vertex 7.26785 8.71892 0
      vertex 7.5 8.59808 0
    endloop
  endfacet
  facet normal 0.999049 -0.0435964 0
    outer loop
      vertex -9 6 2.5
      vertex -8.98859 6.26147 0
      vertex -8.98859 6.26147 2.5
    endloop
  endfacet
  facet normal 0.999049 -0.0435964 0
    outer loop
      vertex -8.98859 6.26147 0
      vertex -9 6 2.5
      vertex -9 6 0
    endloop
  endfacet
  facet normal 0.46172 0.887026 -0
    outer loop
      vertex -7.26785 -8.71892 0
      vertex -7.5 -8.59808 2.5
      vertex -7.26785 -8.71892 2.5
    endloop
  endfacet
  facet normal 0.46172 0.887026 0
    outer loop
      vertex -7.5 -8.59808 2.5
      vertex -7.26785 -8.71892 0
      vertex -7.5 -8.59808 0
    endloop
  endfacet
  facet normal -0.216421 -0.9763 0
    outer loop
      vertex 6.52095 8.95442 0
      vertex 6.77646 8.89778 4
      vertex 6.52095 8.95442 4
    endloop
  endfacet
  facet normal -0.216421 -0.9763 -0
    outer loop
      vertex 6.77646 8.89778 4
      vertex 6.52095 8.95442 0
      vertex 6.77646 8.89778 0
    endloop
  endfacet
  facet normal -0.608785 -0.793335 0
    outer loop
      vertex 7.72073 8.45746 0
      vertex 7.92836 8.29813 2.5
      vertex 7.72073 8.45746 2.5
    endloop
  endfacet
  facet normal -0.608785 -0.793335 -0
    outer loop
      vertex 7.92836 8.29813 2.5
      vertex 7.72073 8.45746 0
      vertex 7.92836 8.29813 0
    endloop
  endfacet
  facet normal 0.46172 -0.887026 0
    outer loop
      vertex -7.5 8.59808 0
      vertex -7.26785 8.71892 2.5
      vertex -7.5 8.59808 2.5
    endloop
  endfacet
  facet normal 0.46172 -0.887026 0
    outer loop
      vertex -7.26785 8.71892 2.5
      vertex -7.5 8.59808 0
      vertex -7.26785 8.71892 0
    endloop
  endfacet
  facet normal -0.887026 0.46172 0
    outer loop
      vertex 8.59808 -7.5 0
      vertex 8.71892 -7.26785 2.5
      vertex 8.71892 -7.26785 0
    endloop
  endfacet
  facet normal -0.887026 0.46172 0
    outer loop
      vertex 8.71892 -7.26785 2.5
      vertex 8.59808 -7.5 0
      vertex 8.59808 -7.5 2.5
    endloop
  endfacet
  facet normal 0.953715 -0.300711 0
    outer loop
      vertex -8.89778 6.77646 2.5
      vertex -8.81908 7.02606 0
      vertex -8.81908 7.02606 2.5
    endloop
  endfacet
  facet normal 0.953715 -0.300711 0
    outer loop
      vertex -8.81908 7.02606 0
      vertex -8.89778 6.77646 2.5
      vertex -8.89778 6.77646 0
    endloop
  endfacet
  facet normal 0.92387 -0.382707 0
    outer loop
      vertex -8.81908 7.02606 2.5
      vertex -8.71892 7.26785 0
      vertex -8.71892 7.26785 2.5
    endloop
  endfacet
  facet normal 0.92387 -0.382707 0
    outer loop
      vertex -8.71892 7.26785 0
      vertex -8.81908 7.02606 2.5
      vertex -8.81908 7.02606 0
    endloop
  endfacet
  facet normal -0.130559 -0.991441 0
    outer loop
      vertex 6.26147 8.98859 0
      vertex 6.52095 8.95442 4
      vertex 6.26147 8.98859 4
    endloop
  endfacet
  facet normal -0.130559 -0.991441 -0
    outer loop
      vertex 6.52095 8.95442 4
      vertex 6.26147 8.98859 0
      vertex 6.52095 8.95442 0
    endloop
  endfacet
  facet normal -0.0435964 -0.999049 0
    outer loop
      vertex 6 9 0
      vertex 6.26147 8.98859 4
      vertex 6 9 4
    endloop
  endfacet
  facet normal -0.0435964 -0.999049 -0
    outer loop
      vertex 6.26147 8.98859 4
      vertex 6 9 0
      vertex 6.26147 8.98859 0
    endloop
  endfacet
  facet normal -0.9763 0.216421 0
    outer loop
      vertex 8.89778 -6.77646 0
      vertex 8.95442 -6.52095 2.5
      vertex 8.95442 -6.52095 0
    endloop
  endfacet
  facet normal -0.9763 0.216421 0
    outer loop
      vertex 8.95442 -6.52095 2.5
      vertex 8.89778 -6.77646 0
      vertex 8.89778 -6.77646 2.5
    endloop
  endfacet
  facet normal 0.9763 -0.216421 0
    outer loop
      vertex -8.95442 6.52095 2.5
      vertex -8.89778 6.77646 0
      vertex -8.89778 6.77646 2.5
    endloop
  endfacet
  facet normal 0.9763 -0.216421 0
    outer loop
      vertex -8.89778 6.77646 0
      vertex -8.95442 6.52095 2.5
      vertex -8.95442 6.52095 0
    endloop
  endfacet
  facet normal 0.608785 -0.793335 0
    outer loop
      vertex -7.92836 8.29813 0
      vertex -7.72073 8.45746 2.5
      vertex -7.92836 8.29813 2.5
    endloop
  endfacet
  facet normal 0.608785 -0.793335 0
    outer loop
      vertex -7.72073 8.45746 2.5
      vertex -7.92836 8.29813 0
      vertex -7.72073 8.45746 0
    endloop
  endfacet
  facet normal -0.887026 -0.46172 0
    outer loop
      vertex 8.71892 7.26785 0
      vertex 8.59808 7.5 2.5
      vertex 8.59808 7.5 0
    endloop
  endfacet
  facet normal -0.887026 -0.46172 0
    outer loop
      vertex 8.59808 7.5 2.5
      vertex 8.71892 7.26785 0
      vertex 8.71892 7.26785 2.5
    endloop
  endfacet
  facet normal 0.382707 -0.92387 0
    outer loop
      vertex -7.26785 8.71892 0
      vertex -7.02606 8.81908 2.5
      vertex -7.26785 8.71892 2.5
    endloop
  endfacet
  facet normal 0.382707 -0.92387 0
    outer loop
      vertex -7.02606 8.81908 2.5
      vertex -7.26785 8.71892 0
      vertex -7.02606 8.81908 0
    endloop
  endfacet
  facet normal 0.793335 0.608785 0
    outer loop
      vertex -8.29813 -7.92836 2.5
      vertex -8.45746 -7.72073 0
      vertex -8.45746 -7.72073 2.5
    endloop
  endfacet
  facet normal 0.793335 0.608785 0
    outer loop
      vertex -8.45746 -7.72073 0
      vertex -8.29813 -7.92836 2.5
      vertex -8.29813 -7.92836 0
    endloop
  endfacet
  facet normal -0.300689 0.953722 0
    outer loop
      vertex 7.02606 -8.81908 2.5
      vertex 7.02606 -8.81908 0
      vertex 6.92802 -8.84999 2.5
    endloop
  endfacet
  facet normal -0.300725 0.953711 0
    outer loop
      vertex 6.92802 -8.84999 2.5
      vertex 6.77646 -8.89778 4
      vertex 6.92802 -8.84999 4
    endloop
  endfacet
  facet normal -0.300711 0.953715 -9.35375e-07
    outer loop
      vertex 6.77646 -8.89778 0
      vertex 6.92802 -8.84999 2.5
      vertex 7.02606 -8.81908 0
    endloop
  endfacet
  facet normal -0.300725 0.953711 0
    outer loop
      vertex 6.92802 -8.84999 2.5
      vertex 6.77646 -8.89778 0
      vertex 6.77646 -8.89778 4
    endloop
  endfacet
  facet normal 0.887026 -0.46172 0
    outer loop
      vertex -8.71892 7.26785 2.5
      vertex -8.59808 7.5 0
      vertex -8.59808 7.5 2.5
    endloop
  endfacet
  facet normal 0.887026 -0.46172 0
    outer loop
      vertex -8.59808 7.5 0
      vertex -8.71892 7.26785 2.5
      vertex -8.71892 7.26785 0
    endloop
  endfacet
  facet normal -0.300725 -0.953711 0
    outer loop
      vertex 6.77646 8.89778 4
      vertex 6.92802 8.84999 2.5
      vertex 6.92802 8.84999 4
    endloop
  endfacet
  facet normal -0.300725 -0.953711 0
    outer loop
      vertex 6.77646 8.89778 0
      vertex 6.92802 8.84999 2.5
      vertex 6.77646 8.89778 4
    endloop
  endfacet
  facet normal -0.300711 -0.953715 -9.35375e-07
    outer loop
      vertex 7.02606 8.81908 0
      vertex 6.92802 8.84999 2.5
      vertex 6.77646 8.89778 0
    endloop
  endfacet
  facet normal -0.300689 -0.953722 0
    outer loop
      vertex 6.92802 8.84999 2.5
      vertex 7.02606 8.81908 0
      vertex 7.02606 8.81908 2.5
    endloop
  endfacet
  facet normal -0.737287 0.675579 0
    outer loop
      vertex 8.12132 -8.12132 0
      vertex 8.29813 -7.92836 2.5
      vertex 8.29813 -7.92836 0
    endloop
  endfacet
  facet normal -0.737287 0.675579 0
    outer loop
      vertex 8.29813 -7.92836 2.5
      vertex 8.12132 -8.12132 0
      vertex 8.12132 -8.12132 2.5
    endloop
  endfacet
  facet normal -0.953715 -0.300711 0
    outer loop
      vertex 8.89778 6.77646 0
      vertex 8.81908 7.02606 2.5
      vertex 8.81908 7.02606 0
    endloop
  endfacet
  facet normal -0.953715 -0.300711 0
    outer loop
      vertex 8.81908 7.02606 2.5
      vertex 8.89778 6.77646 0
      vertex 8.89778 6.77646 2.5
    endloop
  endfacet
  facet normal -0.843392 -0.537298 0
    outer loop
      vertex 8.59808 7.5 0
      vertex 8.45746 7.72073 2.5
      vertex 8.45746 7.72073 0
    endloop
  endfacet
  facet normal -0.843392 -0.537298 0
    outer loop
      vertex 8.45746 7.72073 2.5
      vertex 8.59808 7.5 0
      vertex 8.59808 7.5 2.5
    endloop
  endfacet
  facet normal -0.991441 -0.130559 0
    outer loop
      vertex 8.98859 6.26147 0
      vertex 8.95442 6.52095 2.5
      vertex 8.95442 6.52095 0
    endloop
  endfacet
  facet normal -0.991441 -0.130559 0
    outer loop
      vertex 8.95442 6.52095 2.5
      vertex 8.98859 6.26147 0
      vertex 8.98859 6.26147 2.5
    endloop
  endfacet
  facet normal -0.537298 0.843392 0
    outer loop
      vertex 7.72073 -8.45746 0
      vertex 7.5 -8.59808 2.5
      vertex 7.72073 -8.45746 2.5
    endloop
  endfacet
  facet normal -0.537298 0.843392 0
    outer loop
      vertex 7.5 -8.59808 2.5
      vertex 7.72073 -8.45746 0
      vertex 7.5 -8.59808 0
    endloop
  endfacet
  facet normal -0.0435947 0.999049 0
    outer loop
      vertex 8.61147 -8.83858 2.5
      vertex 8.34999 -8.84999 4
      vertex 8.61147 -8.83858 4
    endloop
  endfacet
  facet normal -0.0435947 0.999049 0
    outer loop
      vertex 8.34999 -8.84999 4
      vertex 8.61147 -8.83858 2.5
      vertex 8.34999 -8.84999 2.5
    endloop
  endfacet
  facet normal 0.737306 -0.675559 0
    outer loop
      vertex -10.6481 7.77835 4
      vertex -10.4713 7.97131 2.5
      vertex -10.4713 7.97131 4
    endloop
  endfacet
  facet normal 0.737306 -0.675559 0
    outer loop
      vertex -10.4713 7.97131 2.5
      vertex -10.6481 7.77835 4
      vertex -10.6481 7.77835 2.5
    endloop
  endfacet
  facet normal -0.608656 0.793434 0
    outer loop
      vertex 10.2784 -8.14812 2.5
      vertex 10.0707 -8.30745 4
      vertex 10.2784 -8.14812 4
    endloop
  endfacet
  facet normal -0.608656 0.793434 0
    outer loop
      vertex 10.0707 -8.30745 4
      vertex 10.2784 -8.14812 2.5
      vertex 10.0707 -8.30745 2.5
    endloop
  endfacet
  facet normal 0.0435947 0.999049 -0
    outer loop
      vertex -8.34999 -8.84999 2.5
      vertex -8.61147 -8.83858 4
      vertex -8.34999 -8.84999 4
    endloop
  endfacet
  facet normal 0.0435947 0.999049 0
    outer loop
      vertex -8.61147 -8.83858 4
      vertex -8.34999 -8.84999 2.5
      vertex -8.61147 -8.83858 2.5
    endloop
  endfacet
  facet normal 0.216421 -0.9763 0
    outer loop
      vertex -9.12645 8.74777 2.5
      vertex -8.87094 8.80441 4
      vertex -9.12645 8.74777 4
    endloop
  endfacet
  facet normal 0.216421 -0.9763 0
    outer loop
      vertex -8.87094 8.80441 4
      vertex -9.12645 8.74777 2.5
      vertex -8.87094 8.80441 2.5
    endloop
  endfacet
  facet normal -0.79339 -0.608713 0
    outer loop
      vertex 10.8074 7.57072 2.5
      vertex 10.6481 7.77835 4
      vertex 10.6481 7.77835 2.5
    endloop
  endfacet
  facet normal -0.79339 -0.608713 0
    outer loop
      vertex 10.6481 7.77835 4
      vertex 10.8074 7.57072 2.5
      vertex 10.8074 7.57072 4
    endloop
  endfacet
  facet normal 0.537333 -0.84337 0
    outer loop
      vertex -10.0707 8.30745 2.5
      vertex -9.84999 8.44807 4
      vertex -10.0707 8.30745 4
    endloop
  endfacet
  facet normal 0.537333 -0.84337 0
    outer loop
      vertex -9.84999 8.44807 4
      vertex -10.0707 8.30745 2.5
      vertex -9.84999 8.44807 2.5
    endloop
  endfacet
  facet normal 0.923816 -0.382838 0
    outer loop
      vertex -11.1691 6.87605 4
      vertex -11.0689 7.11784 2.5
      vertex -11.0689 7.11784 4
    endloop
  endfacet
  facet normal 0.923816 -0.382838 0
    outer loop
      vertex -11.0689 7.11784 2.5
      vertex -11.1691 6.87605 4
      vertex -11.1691 6.87605 2.5
    endloop
  endfacet
  facet normal 0.130564 -0.99144 0
    outer loop
      vertex -8.87094 8.80441 2.5
      vertex -8.61147 8.83858 4
      vertex -8.87094 8.80441 4
    endloop
  endfacet
  facet normal 0.130564 -0.99144 0
    outer loop
      vertex -8.61147 8.83858 4
      vertex -8.87094 8.80441 2.5
      vertex -8.61147 8.83858 2.5
    endloop
  endfacet
  facet normal 0.608656 0.793434 -0
    outer loop
      vertex -10.0707 -8.30745 2.5
      vertex -10.2784 -8.14812 4
      vertex -10.0707 -8.30745 4
    endloop
  endfacet
  facet normal 0.608656 0.793434 0
    outer loop
      vertex -10.2784 -8.14812 4
      vertex -10.0707 -8.30745 2.5
      vertex -10.2784 -8.14812 2.5
    endloop
  endfacet
  facet normal -0.608656 -0.793434 0
    outer loop
      vertex 10.0707 8.30745 2.5
      vertex 10.2784 8.14812 4
      vertex 10.0707 8.30745 4
    endloop
  endfacet
  facet normal -0.608656 -0.793434 -0
    outer loop
      vertex 10.2784 8.14812 4
      vertex 10.0707 8.30745 2.5
      vertex 10.2784 8.14812 2.5
    endloop
  endfacet
  facet normal 0.999051 0.0435566 0
    outer loop
      vertex -11.3386 -6.11147 4
      vertex -11.35 -5.84999 2.5
      vertex -11.35 -5.84999 4
    endloop
  endfacet
  facet normal 0.999051 0.0435566 0
    outer loop
      vertex -11.35 -5.84999 2.5
      vertex -11.3386 -6.11147 4
      vertex -11.3386 -6.11147 2.5
    endloop
  endfacet
  facet normal -0.537333 -0.84337 0
    outer loop
      vertex 9.84999 8.44807 2.5
      vertex 10.0707 8.30745 4
      vertex 9.84999 8.44807 4
    endloop
  endfacet
  facet normal -0.537333 -0.84337 -0
    outer loop
      vertex 10.0707 8.30745 4
      vertex 9.84999 8.44807 2.5
      vertex 10.0707 8.30745 2.5
    endloop
  endfacet
  facet normal -0.976332 0.216275 0
    outer loop
      vertex 11.2478 -6.62645 2.5
      vertex 11.3044 -6.37094 4
      vertex 11.3044 -6.37094 2.5
    endloop
  endfacet
  facet normal -0.976332 0.216275 0
    outer loop
      vertex 11.3044 -6.37094 4
      vertex 11.2478 -6.62645 2.5
      vertex 11.2478 -6.62645 4
    endloop
  endfacet
  facet normal 0.675693 0.737183 -0
    outer loop
      vertex -10.2784 -8.14812 2.5
      vertex -10.4713 -7.97131 4
      vertex -10.2784 -8.14812 4
    endloop
  endfacet
  facet normal 0.675693 0.737183 0
    outer loop
      vertex -10.4713 -7.97131 4
      vertex -10.2784 -8.14812 2.5
      vertex -10.4713 -7.97131 2.5
    endloop
  endfacet
  facet normal 0 1 -0
    outer loop
      vertex -6.92802 -8.84999 2.5
      vertex -8.34999 -8.84999 4
      vertex -6.92802 -8.84999 4
    endloop
  endfacet
  facet normal 0 1 0
    outer loop
      vertex -8.34999 -8.84999 4
      vertex -6.92802 -8.84999 2.5
      vertex -8.34999 -8.84999 2.5
    endloop
  endfacet
  facet normal 0 1 -0
    outer loop
      vertex 8.34999 -8.84999 2.5
      vertex 6.92802 -8.84999 4
      vertex 8.34999 -8.84999 4
    endloop
  endfacet
  facet normal 0 1 0
    outer loop
      vertex 6.92802 -8.84999 4
      vertex 8.34999 -8.84999 2.5
      vertex 6.92802 -8.84999 2.5
    endloop
  endfacet
  facet normal -1 0 0
    outer loop
      vertex 11.35 -5.84999 2.5
      vertex 11.35 5.84999 4
      vertex 11.35 5.84999 2.5
    endloop
  endfacet
  facet normal -1 -0 0
    outer loop
      vertex 11.35 5.84999 4
      vertex 11.35 -5.84999 2.5
      vertex 11.35 -5.84999 4
    endloop
  endfacet
  facet normal 0.887089 0.461599 0
    outer loop
      vertex -10.9481 -7.34999 4
      vertex -11.0689 -7.11784 2.5
      vertex -11.0689 -7.11784 4
    endloop
  endfacet
  facet normal 0.887089 0.461599 0
    outer loop
      vertex -11.0689 -7.11784 2.5
      vertex -10.9481 -7.34999 4
      vertex -10.9481 -7.34999 2.5
    endloop
  endfacet
  facet normal 0.300711 0.953715 -0
    outer loop
      vertex -9.12645 -8.74777 2.5
      vertex -9.37605 -8.66907 4
      vertex -9.12645 -8.74777 4
    endloop
  endfacet
  facet normal 0.300711 0.953715 0
    outer loop
      vertex -9.37605 -8.66907 4
      vertex -9.12645 -8.74777 2.5
      vertex -9.37605 -8.66907 2.5
    endloop
  endfacet
  facet normal 0 -1 0
    outer loop
      vertex 6.92802 8.84999 2.5
      vertex 8.34999 8.84999 4
      vertex 6.92802 8.84999 4
    endloop
  endfacet
  facet normal 0 -1 -0
    outer loop
      vertex 8.34999 8.84999 4
      vertex 6.92802 8.84999 2.5
      vertex 8.34999 8.84999 2.5
    endloop
  endfacet
  facet normal 0 -1 0
    outer loop
      vertex -8.34999 8.84999 2.5
      vertex -6.92802 8.84999 4
      vertex -8.34999 8.84999 4
    endloop
  endfacet
  facet normal 0 -1 -0
    outer loop
      vertex -6.92802 8.84999 4
      vertex -8.34999 8.84999 2.5
      vertex -6.92802 8.84999 2.5
    endloop
  endfacet
  facet normal -0.991425 0.130677 0
    outer loop
      vertex 11.3044 -6.37094 2.5
      vertex 11.3386 -6.11147 4
      vertex 11.3386 -6.11147 2.5
    endloop
  endfacet
  facet normal -0.991425 0.130677 0
    outer loop
      vertex 11.3386 -6.11147 4
      vertex 11.3044 -6.37094 2.5
      vertex 11.3044 -6.37094 4
    endloop
  endfacet
  facet normal 0.130564 0.99144 -0
    outer loop
      vertex -8.61147 -8.83858 2.5
      vertex -8.87094 -8.80441 4
      vertex -8.61147 -8.83858 4
    endloop
  endfacet
  facet normal 0.130564 0.99144 0
    outer loop
      vertex -8.87094 -8.80441 4
      vertex -8.61147 -8.83858 2.5
      vertex -8.87094 -8.80441 2.5
    endloop
  endfacet
  facet normal 0.216421 0.9763 -0
    outer loop
      vertex -8.87094 -8.80441 2.5
      vertex -9.12645 -8.74777 4
      vertex -8.87094 -8.80441 4
    endloop
  endfacet
  facet normal 0.216421 0.9763 0
    outer loop
      vertex -9.12645 -8.74777 4
      vertex -8.87094 -8.80441 2.5
      vertex -9.12645 -8.74777 2.5
    endloop
  endfacet
  facet normal -0.737306 -0.675559 0
    outer loop
      vertex 10.6481 7.77835 2.5
      vertex 10.4713 7.97131 4
      vertex 10.4713 7.97131 2.5
    endloop
  endfacet
  facet normal -0.737306 -0.675559 0
    outer loop
      vertex 10.4713 7.97131 4
      vertex 10.6481 7.77835 2.5
      vertex 10.6481 7.77835 4
    endloop
  endfacet
  facet normal 0.0435947 -0.999049 0
    outer loop
      vertex -8.61147 8.83858 2.5
      vertex -8.34999 8.84999 4
      vertex -8.61147 8.83858 4
    endloop
  endfacet
  facet normal 0.0435947 -0.999049 0
    outer loop
      vertex -8.34999 8.84999 4
      vertex -8.61147 8.83858 2.5
      vertex -8.34999 8.84999 2.5
    endloop
  endfacet
  facet normal -0.843254 0.537516 0
    outer loop
      vertex 10.8074 -7.57072 2.5
      vertex 10.9481 -7.34999 4
      vertex 10.9481 -7.34999 2.5
    endloop
  endfacet
  facet normal -0.843254 0.537516 0
    outer loop
      vertex 10.9481 -7.34999 4
      vertex 10.8074 -7.57072 2.5
      vertex 10.8074 -7.57072 4
    endloop
  endfacet
  facet normal 0.79339 0.608713 0
    outer loop
      vertex -10.6481 -7.77835 4
      vertex -10.8074 -7.57072 2.5
      vertex -10.8074 -7.57072 4
    endloop
  endfacet
  facet normal 0.79339 0.608713 0
    outer loop
      vertex -10.8074 -7.57072 2.5
      vertex -10.6481 -7.77835 4
      vertex -10.6481 -7.77835 2.5
    endloop
  endfacet
  facet normal -0.675693 -0.737183 0
    outer loop
      vertex 10.2784 8.14812 2.5
      vertex 10.4713 7.97131 4
      vertex 10.2784 8.14812 4
    endloop
  endfacet
  facet normal -0.675693 -0.737183 -0
    outer loop
      vertex 10.4713 7.97131 4
      vertex 10.2784 8.14812 2.5
      vertex 10.4713 7.97131 2.5
    endloop
  endfacet
  facet normal 1 -0 0
    outer loop
      vertex -11.35 -5.84999 4
      vertex -11.35 5.84999 2.5
      vertex -11.35 5.84999 4
    endloop
  endfacet
  facet normal 1 0 0
    outer loop
      vertex -11.35 5.84999 2.5
      vertex -11.35 -5.84999 4
      vertex -11.35 -5.84999 2.5
    endloop
  endfacet
  facet normal 0.887089 -0.461599 0
    outer loop
      vertex -11.0689 7.11784 4
      vertex -10.9481 7.34999 2.5
      vertex -10.9481 7.34999 4
    endloop
  endfacet
  facet normal 0.887089 -0.461599 0
    outer loop
      vertex -10.9481 7.34999 2.5
      vertex -11.0689 7.11784 4
      vertex -11.0689 7.11784 2.5
    endloop
  endfacet
  facet normal 0.991425 -0.130677 0
    outer loop
      vertex -11.3386 6.11147 4
      vertex -11.3044 6.37094 2.5
      vertex -11.3044 6.37094 4
    endloop
  endfacet
  facet normal 0.991425 -0.130677 0
    outer loop
      vertex -11.3044 6.37094 2.5
      vertex -11.3386 6.11147 4
      vertex -11.3386 6.11147 2.5
    endloop
  endfacet
  facet normal 0.382707 0.92387 -0
    outer loop
      vertex -9.37605 -8.66907 2.5
      vertex -9.61784 -8.56891 4
      vertex -9.37605 -8.66907 4
    endloop
  endfacet
  facet normal 0.382707 0.92387 0
    outer loop
      vertex -9.61784 -8.56891 4
      vertex -9.37605 -8.66907 2.5
      vertex -9.61784 -8.56891 2.5
    endloop
  endfacet
  facet normal 0.843254 -0.537516 0
    outer loop
      vertex -10.9481 7.34999 4
      vertex -10.8074 7.57072 2.5
      vertex -10.8074 7.57072 4
    endloop
  endfacet
  facet normal 0.843254 -0.537516 0
    outer loop
      vertex -10.8074 7.57072 2.5
      vertex -10.9481 7.34999 4
      vertex -10.9481 7.34999 2.5
    endloop
  endfacet
  facet normal -0.976332 -0.216275 0
    outer loop
      vertex 11.3044 6.37094 2.5
      vertex 11.2478 6.62645 4
      vertex 11.2478 6.62645 2.5
    endloop
  endfacet
  facet normal -0.976332 -0.216275 0
    outer loop
      vertex 11.2478 6.62645 4
      vertex 11.3044 6.37094 2.5
      vertex 11.3044 6.37094 4
    endloop
  endfacet
  facet normal -0.923816 -0.382838 0
    outer loop
      vertex 11.1691 6.87605 2.5
      vertex 11.0689 7.11784 4
      vertex 11.0689 7.11784 2.5
    endloop
  endfacet
  facet normal -0.923816 -0.382838 0
    outer loop
      vertex 11.0689 7.11784 4
      vertex 11.1691 6.87605 2.5
      vertex 11.1691 6.87605 4
    endloop
  endfacet
  facet normal 0.991425 0.130677 0
    outer loop
      vertex -11.3044 -6.37094 4
      vertex -11.3386 -6.11147 2.5
      vertex -11.3386 -6.11147 4
    endloop
  endfacet
  facet normal 0.991425 0.130677 0
    outer loop
      vertex -11.3386 -6.11147 2.5
      vertex -11.3044 -6.37094 4
      vertex -11.3044 -6.37094 2.5
    endloop
  endfacet
  facet normal 0.79339 -0.608713 0
    outer loop
      vertex -10.8074 7.57072 4
      vertex -10.6481 7.77835 2.5
      vertex -10.6481 7.77835 4
    endloop
  endfacet
  facet normal 0.79339 -0.608713 0
    outer loop
      vertex -10.6481 7.77835 2.5
      vertex -10.8074 7.57072 4
      vertex -10.8074 7.57072 2.5
    endloop
  endfacet
  facet normal 0.675693 -0.737183 0
    outer loop
      vertex -10.4713 7.97131 2.5
      vertex -10.2784 8.14812 4
      vertex -10.4713 7.97131 4
    endloop
  endfacet
  facet normal 0.675693 -0.737183 0
    outer loop
      vertex -10.2784 8.14812 4
      vertex -10.4713 7.97131 2.5
      vertex -10.2784 8.14812 2.5
    endloop
  endfacet
  facet normal -0.999051 -0.0435566 0
    outer loop
      vertex 11.35 5.84999 2.5
      vertex 11.3386 6.11147 4
      vertex 11.3386 6.11147 2.5
    endloop
  endfacet
  facet normal -0.999051 -0.0435566 0
    outer loop
      vertex 11.3386 6.11147 4
      vertex 11.35 5.84999 2.5
      vertex 11.35 5.84999 4
    endloop
  endfacet
  facet normal 0.300711 -0.953715 0
    outer loop
      vertex -9.37605 8.66907 2.5
      vertex -9.12645 8.74777 4
      vertex -9.37605 8.66907 4
    endloop
  endfacet
  facet normal 0.300711 -0.953715 0
    outer loop
      vertex -9.12645 8.74777 4
      vertex -9.37605 8.66907 2.5
      vertex -9.12645 8.74777 2.5
    endloop
  endfacet
  facet normal -0.382707 0.92387 0
    outer loop
      vertex 9.61784 -8.56891 2.5
      vertex 9.37605 -8.66907 4
      vertex 9.61784 -8.56891 4
    endloop
  endfacet
  facet normal -0.382707 0.92387 0
    outer loop
      vertex 9.37605 -8.66907 4
      vertex 9.61784 -8.56891 2.5
      vertex 9.37605 -8.66907 2.5
    endloop
  endfacet
  facet normal -0.46172 -0.887026 0
    outer loop
      vertex 9.61784 8.56891 2.5
      vertex 9.84999 8.44807 4
      vertex 9.61784 8.56891 4
    endloop
  endfacet
  facet normal -0.46172 -0.887026 -0
    outer loop
      vertex 9.84999 8.44807 4
      vertex 9.61784 8.56891 2.5
      vertex 9.84999 8.44807 2.5
    endloop
  endfacet
  facet normal -0.300711 0.953715 0
    outer loop
      vertex 9.37605 -8.66907 2.5
      vertex 9.12645 -8.74777 4
      vertex 9.37605 -8.66907 4
    endloop
  endfacet
  facet normal -0.300711 0.953715 0
    outer loop
      vertex 9.12645 -8.74777 4
      vertex 9.37605 -8.66907 2.5
      vertex 9.12645 -8.74777 2.5
    endloop
  endfacet
  facet normal -0.887089 0.461599 0
    outer loop
      vertex 10.9481 -7.34999 2.5
      vertex 11.0689 -7.11784 4
      vertex 11.0689 -7.11784 2.5
    endloop
  endfacet
  facet normal -0.887089 0.461599 0
    outer loop
      vertex 11.0689 -7.11784 4
      vertex 10.9481 -7.34999 2.5
      vertex 10.9481 -7.34999 4
    endloop
  endfacet
  facet normal -0.999051 0.0435566 0
    outer loop
      vertex 11.3386 -6.11147 2.5
      vertex 11.35 -5.84999 4
      vertex 11.35 -5.84999 2.5
    endloop
  endfacet
  facet normal -0.999051 0.0435566 0
    outer loop
      vertex 11.35 -5.84999 4
      vertex 11.3386 -6.11147 2.5
      vertex 11.3386 -6.11147 4
    endloop
  endfacet
  facet normal 0.953715 0.300711 0
    outer loop
      vertex -11.1691 -6.87605 4
      vertex -11.2478 -6.62645 2.5
      vertex -11.2478 -6.62645 4
    endloop
  endfacet
  facet normal 0.953715 0.300711 0
    outer loop
      vertex -11.2478 -6.62645 2.5
      vertex -11.1691 -6.87605 4
      vertex -11.1691 -6.87605 2.5
    endloop
  endfacet
  facet normal -0.130564 0.99144 0
    outer loop
      vertex 8.87094 -8.80441 2.5
      vertex 8.61147 -8.83858 4
      vertex 8.87094 -8.80441 4
    endloop
  endfacet
  facet normal -0.130564 0.99144 0
    outer loop
      vertex 8.61147 -8.83858 4
      vertex 8.87094 -8.80441 2.5
      vertex 8.61147 -8.83858 2.5
    endloop
  endfacet
  facet normal -0.216421 -0.9763 0
    outer loop
      vertex 8.87094 8.80441 2.5
      vertex 9.12645 8.74777 4
      vertex 8.87094 8.80441 4
    endloop
  endfacet
  facet normal -0.216421 -0.9763 -0
    outer loop
      vertex 9.12645 8.74777 4
      vertex 8.87094 8.80441 2.5
      vertex 9.12645 8.74777 2.5
    endloop
  endfacet
  facet normal 0.976332 0.216275 0
    outer loop
      vertex -11.2478 -6.62645 4
      vertex -11.3044 -6.37094 2.5
      vertex -11.3044 -6.37094 4
    endloop
  endfacet
  facet normal 0.976332 0.216275 0
    outer loop
      vertex -11.3044 -6.37094 2.5
      vertex -11.2478 -6.62645 4
      vertex -11.2478 -6.62645 2.5
    endloop
  endfacet
  facet normal 0.537333 0.84337 -0
    outer loop
      vertex -9.84999 -8.44807 2.5
      vertex -10.0707 -8.30745 4
      vertex -9.84999 -8.44807 4
    endloop
  endfacet
  facet normal 0.537333 0.84337 0
    outer loop
      vertex -10.0707 -8.30745 4
      vertex -9.84999 -8.44807 2.5
      vertex -10.0707 -8.30745 2.5
    endloop
  endfacet
  facet normal 0.46172 0.887026 -0
    outer loop
      vertex -9.61784 -8.56891 2.5
      vertex -9.84999 -8.44807 4
      vertex -9.61784 -8.56891 4
    endloop
  endfacet
  facet normal 0.46172 0.887026 0
    outer loop
      vertex -9.84999 -8.44807 4
      vertex -9.61784 -8.56891 2.5
      vertex -9.84999 -8.44807 2.5
    endloop
  endfacet
  facet normal 0.999051 -0.0435566 0
    outer loop
      vertex -11.35 5.84999 4
      vertex -11.3386 6.11147 2.5
      vertex -11.3386 6.11147 4
    endloop
  endfacet
  facet normal 0.999051 -0.0435566 0
    outer loop
      vertex -11.3386 6.11147 2.5
      vertex -11.35 5.84999 4
      vertex -11.35 5.84999 2.5
    endloop
  endfacet
  facet normal -0.130564 -0.99144 0
    outer loop
      vertex 8.61147 8.83858 2.5
      vertex 8.87094 8.80441 4
      vertex 8.61147 8.83858 4
    endloop
  endfacet
  facet normal -0.130564 -0.99144 -0
    outer loop
      vertex 8.87094 8.80441 4
      vertex 8.61147 8.83858 2.5
      vertex 8.87094 8.80441 2.5
    endloop
  endfacet
  facet normal -0.0435947 -0.999049 0
    outer loop
      vertex 8.34999 8.84999 2.5
      vertex 8.61147 8.83858 4
      vertex 8.34999 8.84999 4
    endloop
  endfacet
  facet normal -0.0435947 -0.999049 -0
    outer loop
      vertex 8.61147 8.83858 4
      vertex 8.34999 8.84999 2.5
      vertex 8.61147 8.83858 2.5
    endloop
  endfacet
  facet normal -0.953715 0.300711 0
    outer loop
      vertex 11.1691 -6.87605 2.5
      vertex 11.2478 -6.62645 4
      vertex 11.2478 -6.62645 2.5
    endloop
  endfacet
  facet normal -0.953715 0.300711 0
    outer loop
      vertex 11.2478 -6.62645 4
      vertex 11.1691 -6.87605 2.5
      vertex 11.1691 -6.87605 4
    endloop
  endfacet
  facet normal 0.923816 0.382838 0
    outer loop
      vertex -11.0689 -7.11784 4
      vertex -11.1691 -6.87605 2.5
      vertex -11.1691 -6.87605 4
    endloop
  endfacet
  facet normal 0.923816 0.382838 0
    outer loop
      vertex -11.1691 -6.87605 2.5
      vertex -11.0689 -7.11784 4
      vertex -11.0689 -7.11784 2.5
    endloop
  endfacet
  facet normal 0.608656 -0.793434 0
    outer loop
      vertex -10.2784 8.14812 2.5
      vertex -10.0707 8.30745 4
      vertex -10.2784 8.14812 4
    endloop
  endfacet
  facet normal 0.608656 -0.793434 0
    outer loop
      vertex -10.0707 8.30745 4
      vertex -10.2784 8.14812 2.5
      vertex -10.0707 8.30745 2.5
    endloop
  endfacet
  facet normal 0.46172 -0.887026 0
    outer loop
      vertex -9.84999 8.44807 2.5
      vertex -9.61784 8.56891 4
      vertex -9.84999 8.44807 4
    endloop
  endfacet
  facet normal 0.46172 -0.887026 0
    outer loop
      vertex -9.61784 8.56891 4
      vertex -9.84999 8.44807 2.5
      vertex -9.61784 8.56891 2.5
    endloop
  endfacet
  facet normal -0.79339 0.608713 0
    outer loop
      vertex 10.6481 -7.77835 2.5
      vertex 10.8074 -7.57072 4
      vertex 10.8074 -7.57072 2.5
    endloop
  endfacet
  facet normal -0.79339 0.608713 0
    outer loop
      vertex 10.8074 -7.57072 4
      vertex 10.6481 -7.77835 2.5
      vertex 10.6481 -7.77835 4
    endloop
  endfacet
  facet normal -0.216421 0.9763 0
    outer loop
      vertex 9.12645 -8.74777 2.5
      vertex 8.87094 -8.80441 4
      vertex 9.12645 -8.74777 4
    endloop
  endfacet
  facet normal -0.216421 0.9763 0
    outer loop
      vertex 8.87094 -8.80441 4
      vertex 9.12645 -8.74777 2.5
      vertex 8.87094 -8.80441 2.5
    endloop
  endfacet
  facet normal 0.976332 -0.216275 0
    outer loop
      vertex -11.3044 6.37094 4
      vertex -11.2478 6.62645 2.5
      vertex -11.2478 6.62645 4
    endloop
  endfacet
  facet normal 0.976332 -0.216275 0
    outer loop
      vertex -11.2478 6.62645 2.5
      vertex -11.3044 6.37094 4
      vertex -11.3044 6.37094 2.5
    endloop
  endfacet
  facet normal 0.737306 0.675559 0
    outer loop
      vertex -10.4713 -7.97131 4
      vertex -10.6481 -7.77835 2.5
      vertex -10.6481 -7.77835 4
    endloop
  endfacet
  facet normal 0.737306 0.675559 0
    outer loop
      vertex -10.6481 -7.77835 2.5
      vertex -10.4713 -7.97131 4
      vertex -10.4713 -7.97131 2.5
    endloop
  endfacet
  facet normal 0.953715 -0.300711 0
    outer loop
      vertex -11.2478 6.62645 4
      vertex -11.1691 6.87605 2.5
      vertex -11.1691 6.87605 4
    endloop
  endfacet
  facet normal 0.953715 -0.300711 0
    outer loop
      vertex -11.1691 6.87605 2.5
      vertex -11.2478 6.62645 4
      vertex -11.2478 6.62645 2.5
    endloop
  endfacet
  facet normal -0.382707 -0.92387 0
    outer loop
      vertex 9.37605 8.66907 2.5
      vertex 9.61784 8.56891 4
      vertex 9.37605 8.66907 4
    endloop
  endfacet
  facet normal -0.382707 -0.92387 -0
    outer loop
      vertex 9.61784 8.56891 4
      vertex 9.37605 8.66907 2.5
      vertex 9.61784 8.56891 2.5
    endloop
  endfacet
  facet normal -0.300711 -0.953715 0
    outer loop
      vertex 9.12645 8.74777 2.5
      vertex 9.37605 8.66907 4
      vertex 9.12645 8.74777 4
    endloop
  endfacet
  facet normal -0.300711 -0.953715 -0
    outer loop
      vertex 9.37605 8.66907 4
      vertex 9.12645 8.74777 2.5
      vertex 9.37605 8.66907 2.5
    endloop
  endfacet
  facet normal 0.843254 0.537516 0
    outer loop
      vertex -10.8074 -7.57072 4
      vertex -10.9481 -7.34999 2.5
      vertex -10.9481 -7.34999 4
    endloop
  endfacet
  facet normal 0.843254 0.537516 0
    outer loop
      vertex -10.9481 -7.34999 2.5
      vertex -10.8074 -7.57072 4
      vertex -10.8074 -7.57072 2.5
    endloop
  endfacet
  facet normal -0.887089 -0.461599 0
    outer loop
      vertex 11.0689 7.11784 2.5
      vertex 10.9481 7.34999 4
      vertex 10.9481 7.34999 2.5
    endloop
  endfacet
  facet normal -0.887089 -0.461599 0
    outer loop
      vertex 10.9481 7.34999 4
      vertex 11.0689 7.11784 2.5
      vertex 11.0689 7.11784 4
    endloop
  endfacet
  facet normal 0.382707 -0.92387 0
    outer loop
      vertex -9.61784 8.56891 2.5
      vertex -9.37605 8.66907 4
      vertex -9.61784 8.56891 4
    endloop
  endfacet
  facet normal 0.382707 -0.92387 0
    outer loop
      vertex -9.37605 8.66907 4
      vertex -9.61784 8.56891 2.5
      vertex -9.37605 8.66907 2.5
    endloop
  endfacet
  facet normal -0.675693 0.737183 0
    outer loop
      vertex 10.4713 -7.97131 2.5
      vertex 10.2784 -8.14812 4
      vertex 10.4713 -7.97131 4
    endloop
  endfacet
  facet normal -0.675693 0.737183 0
    outer loop
      vertex 10.2784 -8.14812 4
      vertex 10.4713 -7.97131 2.5
      vertex 10.2784 -8.14812 2.5
    endloop
  endfacet
  facet normal -0.737306 0.675559 0
    outer loop
      vertex 10.4713 -7.97131 2.5
      vertex 10.6481 -7.77835 4
      vertex 10.6481 -7.77835 2.5
    endloop
  endfacet
  facet normal -0.737306 0.675559 0
    outer loop
      vertex 10.6481 -7.77835 4
      vertex 10.4713 -7.97131 2.5
      vertex 10.4713 -7.97131 4
    endloop
  endfacet
  facet normal -0.843254 -0.537516 0
    outer loop
      vertex 10.9481 7.34999 2.5
      vertex 10.8074 7.57072 4
      vertex 10.8074 7.57072 2.5
    endloop
  endfacet
  facet normal -0.843254 -0.537516 0
    outer loop
      vertex 10.8074 7.57072 4
      vertex 10.9481 7.34999 2.5
      vertex 10.9481 7.34999 4
    endloop
  endfacet
  facet normal -0.923816 0.382838 0
    outer loop
      vertex 11.0689 -7.11784 2.5
      vertex 11.1691 -6.87605 4
      vertex 11.1691 -6.87605 2.5
    endloop
  endfacet
  facet normal -0.923816 0.382838 0
    outer loop
      vertex 11.1691 -6.87605 4
      vertex 11.0689 -7.11784 2.5
      vertex 11.0689 -7.11784 4
    endloop
  endfacet
  facet normal -0.46172 0.887026 0
    outer loop
      vertex 9.84999 -8.44807 2.5
      vertex 9.61784 -8.56891 4
      vertex 9.84999 -8.44807 4
    endloop
  endfacet
  facet normal -0.46172 0.887026 0
    outer loop
      vertex 9.61784 -8.56891 4
      vertex 9.84999 -8.44807 2.5
      vertex 9.61784 -8.56891 2.5
    endloop
  endfacet
  facet normal -0.991425 -0.130677 0
    outer loop
      vertex 11.3386 6.11147 2.5
      vertex 11.3044 6.37094 4
      vertex 11.3044 6.37094 2.5
    endloop
  endfacet
  facet normal -0.991425 -0.130677 0
    outer loop
      vertex 11.3044 6.37094 4
      vertex 11.3386 6.11147 2.5
      vertex 11.3386 6.11147 4
    endloop
  endfacet
  facet normal -0.537333 0.84337 0
    outer loop
      vertex 10.0707 -8.30745 2.5
      vertex 9.84999 -8.44807 4
      vertex 10.0707 -8.30745 4
    endloop
  endfacet
  facet normal -0.537333 0.84337 0
    outer loop
      vertex 9.84999 -8.44807 4
      vertex 10.0707 -8.30745 2.5
      vertex 9.84999 -8.44807 2.5
    endloop
  endfacet
  facet normal -0.953715 -0.300711 0
    outer loop
      vertex 11.2478 6.62645 2.5
      vertex 11.1691 6.87605 4
      vertex 11.1691 6.87605 2.5
    endloop
  endfacet
  facet normal -0.953715 -0.300711 0
    outer loop
      vertex 11.1691 6.87605 4
      vertex 11.2478 6.62645 2.5
      vertex 11.2478 6.62645 4
    endloop
  endfacet
  facet normal -0 0 1
    outer loop
      vertex -8.34999 8.84999 2.5
      vertex -7.02606 8.81908 2.5
      vertex -6.92802 8.84999 2.5
    endloop
  endfacet
  facet normal 0 0 1
    outer loop
      vertex -8.34999 8.84999 2.5
      vertex -7.26785 8.71892 2.5
      vertex -7.02606 8.81908 2.5
    endloop
  endfacet
  facet normal 0 0 1
    outer loop
      vertex -8.34999 8.84999 2.5
      vertex -7.5 8.59808 2.5
      vertex -7.26785 8.71892 2.5
    endloop
  endfacet
  facet normal 0 0 1
    outer loop
      vertex -8.34999 8.84999 2.5
      vertex -7.72073 8.45746 2.5
      vertex -7.5 8.59808 2.5
    endloop
  endfacet
  facet normal 0 0 1
    outer loop
      vertex -8.34999 8.84999 2.5
      vertex -7.92836 8.29813 2.5
      vertex -7.72073 8.45746 2.5
    endloop
  endfacet
  facet normal 0 0 1
    outer loop
      vertex -8.34999 8.84999 2.5
      vertex -8.12132 8.12132 2.5
      vertex -7.92836 8.29813 2.5
    endloop
  endfacet
  facet normal -0 0 1
    outer loop
      vertex -8.61147 8.83858 2.5
      vertex -8.12132 8.12132 2.5
      vertex -8.34999 8.84999 2.5
    endloop
  endfacet
  facet normal 0 0 1
    outer loop
      vertex -8.12132 8.12132 2.5
      vertex -8.61147 8.83858 2.5
      vertex -8.29813 7.92836 2.5
    endloop
  endfacet
  facet normal -0 0 1
    outer loop
      vertex -8.87094 8.80441 2.5
      vertex -8.29813 7.92836 2.5
      vertex -8.61147 8.83858 2.5
    endloop
  endfacet
  facet normal 0 0 1
    outer loop
      vertex -8.29813 7.92836 2.5
      vertex -8.87094 8.80441 2.5
      vertex -8.45746 7.72073 2.5
    endloop
  endfacet
  facet normal -0 0 1
    outer loop
      vertex -9.12645 8.74777 2.5
      vertex -8.45746 7.72073 2.5
      vertex -8.87094 8.80441 2.5
    endloop
  endfacet
  facet normal -0 0 1
    outer loop
      vertex -9.37605 8.66907 2.5
      vertex -8.45746 7.72073 2.5
      vertex -9.12645 8.74777 2.5
    endloop
  endfacet
  facet normal 0 0 1
    outer loop
      vertex -8.45746 7.72073 2.5
      vertex -9.37605 8.66907 2.5
      vertex -8.59808 7.5 2.5
    endloop
  endfacet
  facet normal -0 0 1
    outer loop
      vertex -9.61784 8.56891 2.5
      vertex -8.59808 7.5 2.5
      vertex -9.37605 8.66907 2.5
    endloop
  endfacet
  facet normal -0 0 1
    outer loop
      vertex -9.84999 8.44807 2.5
      vertex -8.59808 7.5 2.5
      vertex -9.61784 8.56891 2.5
    endloop
  endfacet
  facet normal 0 0 1
    outer loop
      vertex -8.59808 7.5 2.5
      vertex -9.84999 8.44807 2.5
      vertex -8.71892 7.26785 2.5
    endloop
  endfacet
  facet normal -0 0 1
    outer loop
      vertex -10.2784 8.14812 2.5
      vertex -8.81908 7.02606 2.5
      vertex -10.0707 8.30745 2.5
    endloop
  endfacet
  facet normal 0 0 1
    outer loop
      vertex -8.71892 7.26785 2.5
      vertex -10.0707 8.30745 2.5
      vertex -8.81908 7.02606 2.5
    endloop
  endfacet
  facet normal -0 0 1
    outer loop
      vertex -10.0707 8.30745 2.5
      vertex -8.71892 7.26785 2.5
      vertex -9.84999 8.44807 2.5
    endloop
  endfacet
  facet normal 0 0 1
    outer loop
      vertex -7.02606 -8.81908 2.5
      vertex -8.34999 -8.84999 2.5
      vertex -6.92802 -8.84999 2.5
    endloop
  endfacet
  facet normal 0 0 1
    outer loop
      vertex -7.26785 -8.71892 2.5
      vertex -8.34999 -8.84999 2.5
      vertex -7.02606 -8.81908 2.5
    endloop
  endfacet
  facet normal 0 0 1
    outer loop
      vertex -7.5 -8.59808 2.5
      vertex -8.34999 -8.84999 2.5
      vertex -7.26785 -8.71892 2.5
    endloop
  endfacet
  facet normal 0 0 1
    outer loop
      vertex -7.72073 -8.45746 2.5
      vertex -8.34999 -8.84999 2.5
      vertex -7.5 -8.59808 2.5
    endloop
  endfacet
  facet normal 0 0 1
    outer loop
      vertex -7.92836 -8.29813 2.5
      vertex -8.34999 -8.84999 2.5
      vertex -7.72073 -8.45746 2.5
    endloop
  endfacet
  facet normal 0 0 1
    outer loop
      vertex -8.12132 -8.12132 2.5
      vertex -8.34999 -8.84999 2.5
      vertex -7.92836 -8.29813 2.5
    endloop
  endfacet
  facet normal 0 0 1
    outer loop
      vertex -8.61147 -8.83858 2.5
      vertex -8.12132 -8.12132 2.5
      vertex -8.29813 -7.92836 2.5
    endloop
  endfacet
  facet normal 0 0 1
    outer loop
      vertex -8.87094 -8.80441 2.5
      vertex -8.29813 -7.92836 2.5
      vertex -8.45746 -7.72073 2.5
    endloop
  endfacet
  facet normal 0 0 1
    outer loop
      vertex -9.37605 -8.66907 2.5
      vertex -8.45746 -7.72073 2.5
      vertex -8.59808 -7.5 2.5
    endloop
  endfacet
  facet normal 0 0 1
    outer loop
      vertex -8.12132 -8.12132 2.5
      vertex -8.61147 -8.83858 2.5
      vertex -8.34999 -8.84999 2.5
    endloop
  endfacet
  facet normal 0 0 1
    outer loop
      vertex -9.84999 -8.44807 2.5
      vertex -8.59808 -7.5 2.5
      vertex -8.71892 -7.26785 2.5
    endloop
  endfacet
  facet normal 0 0 1
    outer loop
      vertex -10.0707 -8.30745 2.5
      vertex -8.71892 -7.26785 2.5
      vertex -8.81908 -7.02606 2.5
    endloop
  endfacet
  facet normal 0 0 1
    outer loop
      vertex -8.29813 -7.92836 2.5
      vertex -8.87094 -8.80441 2.5
      vertex -8.61147 -8.83858 2.5
    endloop
  endfacet
  facet normal 0 0 1
    outer loop
      vertex -10.4713 -7.97131 2.5
      vertex -8.81908 -7.02606 2.5
      vertex -8.89778 -6.77646 2.5
    endloop
  endfacet
  facet normal 0 0 1
    outer loop
      vertex -10.8074 -7.57072 2.5
      vertex -8.89778 -6.77646 2.5
      vertex -8.95442 -6.52095 2.5
    endloop
  endfacet
  facet normal 0 0 1
    outer loop
      vertex -11.1691 -6.87605 2.5
      vertex -8.95442 -6.52095 2.5
      vertex -8.98859 -6.26147 2.5
    endloop
  endfacet
  facet normal 0 0 1
    outer loop
      vertex -8.45746 -7.72073 2.5
      vertex -9.12645 -8.74777 2.5
      vertex -8.87094 -8.80441 2.5
    endloop
  endfacet
  facet normal 0 0 1
    outer loop
      vertex -11.3044 -6.37094 2.5
      vertex -8.98859 -6.26147 2.5
      vertex -9 -6 2.5
    endloop
  endfacet
  facet normal 0 0 1
    outer loop
      vertex -9 6 2.5
      vertex -11.35 5.84999 2.5
      vertex -9 -6 2.5
    endloop
  endfacet
  facet normal -0 0 1
    outer loop
      vertex -10.4713 7.97131 2.5
      vertex -8.81908 7.02606 2.5
      vertex -10.2784 8.14812 2.5
    endloop
  endfacet
  facet normal -0 0 1
    outer loop
      vertex -11.35 -5.84999 2.5
      vertex -9 -6 2.5
      vertex -11.35 5.84999 2.5
    endloop
  endfacet
  facet normal 0 0 1
    outer loop
      vertex -8.81908 7.02606 2.5
      vertex -10.4713 7.97131 2.5
      vertex -8.89778 6.77646 2.5
    endloop
  endfacet
  facet normal 0 -0 1
    outer loop
      vertex -11.3386 -6.11147 2.5
      vertex -9 -6 2.5
      vertex -11.35 -5.84999 2.5
    endloop
  endfacet
  facet normal -0 0 1
    outer loop
      vertex -10.6481 7.77835 2.5
      vertex -8.89778 6.77646 2.5
      vertex -10.4713 7.97131 2.5
    endloop
  endfacet
  facet normal 0 0 1
    outer loop
      vertex -8.45746 -7.72073 2.5
      vertex -9.37605 -8.66907 2.5
      vertex -9.12645 -8.74777 2.5
    endloop
  endfacet
  facet normal -0 0 1
    outer loop
      vertex -10.8074 7.57072 2.5
      vertex -8.89778 6.77646 2.5
      vertex -10.6481 7.77835 2.5
    endloop
  endfacet
  facet normal 0 0 1
    outer loop
      vertex -8.59808 -7.5 2.5
      vertex -9.61784 -8.56891 2.5
      vertex -9.37605 -8.66907 2.5
    endloop
  endfacet
  facet normal 0 0 1
    outer loop
      vertex -8.89778 6.77646 2.5
      vertex -10.8074 7.57072 2.5
      vertex -8.95442 6.52095 2.5
    endloop
  endfacet
  facet normal 0 0 1
    outer loop
      vertex -8.59808 -7.5 2.5
      vertex -9.84999 -8.44807 2.5
      vertex -9.61784 -8.56891 2.5
    endloop
  endfacet
  facet normal -0 0 1
    outer loop
      vertex -10.9481 7.34999 2.5
      vertex -8.95442 6.52095 2.5
      vertex -10.8074 7.57072 2.5
    endloop
  endfacet
  facet normal 0 0 1
    outer loop
      vertex -8.71892 -7.26785 2.5
      vertex -10.0707 -8.30745 2.5
      vertex -9.84999 -8.44807 2.5
    endloop
  endfacet
  facet normal -0 0 1
    outer loop
      vertex -11.0689 7.11784 2.5
      vertex -8.95442 6.52095 2.5
      vertex -10.9481 7.34999 2.5
    endloop
  endfacet
  facet normal 0 0 1
    outer loop
      vertex -8.81908 -7.02606 2.5
      vertex -10.2784 -8.14812 2.5
      vertex -10.0707 -8.30745 2.5
    endloop
  endfacet
  facet normal -0 0 1
    outer loop
      vertex -11.1691 6.87605 2.5
      vertex -8.95442 6.52095 2.5
      vertex -11.0689 7.11784 2.5
    endloop
  endfacet
  facet normal 0 0 1
    outer loop
      vertex -8.81908 -7.02606 2.5
      vertex -10.4713 -7.97131 2.5
      vertex -10.2784 -8.14812 2.5
    endloop
  endfacet
  facet normal 0 0 1
    outer loop
      vertex -8.95442 6.52095 2.5
      vertex -11.1691 6.87605 2.5
      vertex -8.98859 6.26147 2.5
    endloop
  endfacet
  facet normal 0 0 1
    outer loop
      vertex -8.89778 -6.77646 2.5
      vertex -10.6481 -7.77835 2.5
      vertex -10.4713 -7.97131 2.5
    endloop
  endfacet
  facet normal -0 0 1
    outer loop
      vertex -11.2478 6.62645 2.5
      vertex -8.98859 6.26147 2.5
      vertex -11.1691 6.87605 2.5
    endloop
  endfacet
  facet normal 0 0 1
    outer loop
      vertex -8.89778 -6.77646 2.5
      vertex -10.8074 -7.57072 2.5
      vertex -10.6481 -7.77835 2.5
    endloop
  endfacet
  facet normal -0 0 1
    outer loop
      vertex -11.3044 6.37094 2.5
      vertex -8.98859 6.26147 2.5
      vertex -11.2478 6.62645 2.5
    endloop
  endfacet
  facet normal 0 0 1
    outer loop
      vertex -8.95442 -6.52095 2.5
      vertex -10.9481 -7.34999 2.5
      vertex -10.8074 -7.57072 2.5
    endloop
  endfacet
  facet normal 0 0 1
    outer loop
      vertex -8.98859 6.26147 2.5
      vertex -11.3044 6.37094 2.5
      vertex -9 6 2.5
    endloop
  endfacet
  facet normal 0 0 1
    outer loop
      vertex -8.95442 -6.52095 2.5
      vertex -11.0689 -7.11784 2.5
      vertex -10.9481 -7.34999 2.5
    endloop
  endfacet
  facet normal -0 0 1
    outer loop
      vertex -11.3386 6.11147 2.5
      vertex -9 6 2.5
      vertex -11.3044 6.37094 2.5
    endloop
  endfacet
  facet normal 0 0 1
    outer loop
      vertex -8.95442 -6.52095 2.5
      vertex -11.1691 -6.87605 2.5
      vertex -11.0689 -7.11784 2.5
    endloop
  endfacet
  facet normal 0 0 1
    outer loop
      vertex -9 6 2.5
      vertex -11.3386 6.11147 2.5
      vertex -11.35 5.84999 2.5
    endloop
  endfacet
  facet normal 0 0 1
    outer loop
      vertex -8.98859 -6.26147 2.5
      vertex -11.2478 -6.62645 2.5
      vertex -11.1691 -6.87605 2.5
    endloop
  endfacet
  facet normal 0 0 1
    outer loop
      vertex -8.98859 -6.26147 2.5
      vertex -11.3044 -6.37094 2.5
      vertex -11.2478 -6.62645 2.5
    endloop
  endfacet
  facet normal 0 0 1
    outer loop
      vertex -9 -6 2.5
      vertex -11.3386 -6.11147 2.5
      vertex -11.3044 -6.37094 2.5
    endloop
  endfacet
  facet normal -0 0 1
    outer loop
      vertex 9 6 2.5
      vertex 11.35 5.84999 2.5
      vertex 11.3386 6.11147 2.5
    endloop
  endfacet
  facet normal 0 0 1
    outer loop
      vertex 11.35 5.84999 2.5
      vertex 9 6 2.5
      vertex 11.35 -5.84999 2.5
    endloop
  endfacet
  facet normal 0 0 1
    outer loop
      vertex 9 6 2.5
      vertex 11.3386 6.11147 2.5
      vertex 11.3044 6.37094 2.5
    endloop
  endfacet
  facet normal 0 0 1
    outer loop
      vertex 9 -6 2.5
      vertex 11.35 -5.84999 2.5
      vertex 9 6 2.5
    endloop
  endfacet
  facet normal 0 0 1
    outer loop
      vertex 8.98859 6.26147 2.5
      vertex 11.3044 6.37094 2.5
      vertex 11.2478 6.62645 2.5
    endloop
  endfacet
  facet normal 0 0 1
    outer loop
      vertex 11.35 -5.84999 2.5
      vertex 9 -6 2.5
      vertex 11.3386 -6.11147 2.5
    endloop
  endfacet
  facet normal 0 0 1
    outer loop
      vertex 8.98859 6.26147 2.5
      vertex 11.2478 6.62645 2.5
      vertex 11.1691 6.87605 2.5
    endloop
  endfacet
  facet normal 0 0 1
    outer loop
      vertex 11.3386 -6.11147 2.5
      vertex 9 -6 2.5
      vertex 11.3044 -6.37094 2.5
    endloop
  endfacet
  facet normal 0 0 1
    outer loop
      vertex 8.95442 6.52095 2.5
      vertex 11.1691 6.87605 2.5
      vertex 11.0689 7.11784 2.5
    endloop
  endfacet
  facet normal -0 0 1
    outer loop
      vertex 8.98859 -6.26147 2.5
      vertex 11.3044 -6.37094 2.5
      vertex 9 -6 2.5
    endloop
  endfacet
  facet normal 0 0 1
    outer loop
      vertex 8.95442 6.52095 2.5
      vertex 11.0689 7.11784 2.5
      vertex 10.9481 7.34999 2.5
    endloop
  endfacet
  facet normal 0 0 1
    outer loop
      vertex 11.3044 -6.37094 2.5
      vertex 8.98859 -6.26147 2.5
      vertex 11.2478 -6.62645 2.5
    endloop
  endfacet
  facet normal 0 0 1
    outer loop
      vertex 8.95442 6.52095 2.5
      vertex 10.9481 7.34999 2.5
      vertex 10.8074 7.57072 2.5
    endloop
  endfacet
  facet normal 0 0 1
    outer loop
      vertex 11.2478 -6.62645 2.5
      vertex 8.98859 -6.26147 2.5
      vertex 11.1691 -6.87605 2.5
    endloop
  endfacet
  facet normal 0 0 1
    outer loop
      vertex 8.89778 6.77646 2.5
      vertex 10.8074 7.57072 2.5
      vertex 10.6481 7.77835 2.5
    endloop
  endfacet
  facet normal -0 0 1
    outer loop
      vertex 8.95442 -6.52095 2.5
      vertex 11.1691 -6.87605 2.5
      vertex 8.98859 -6.26147 2.5
    endloop
  endfacet
  facet normal 0 0 1
    outer loop
      vertex 8.89778 6.77646 2.5
      vertex 10.6481 7.77835 2.5
      vertex 10.4713 7.97131 2.5
    endloop
  endfacet
  facet normal 0 0 1
    outer loop
      vertex 11.1691 -6.87605 2.5
      vertex 8.95442 -6.52095 2.5
      vertex 11.0689 -7.11784 2.5
    endloop
  endfacet
  facet normal 0 0 1
    outer loop
      vertex 8.81908 7.02606 2.5
      vertex 10.4713 7.97131 2.5
      vertex 10.2784 8.14812 2.5
    endloop
  endfacet
  facet normal 0 0 1
    outer loop
      vertex 11.0689 -7.11784 2.5
      vertex 8.95442 -6.52095 2.5
      vertex 10.9481 -7.34999 2.5
    endloop
  endfacet
  facet normal 0 0 1
    outer loop
      vertex 8.81908 7.02606 2.5
      vertex 10.2784 8.14812 2.5
      vertex 10.0707 8.30745 2.5
    endloop
  endfacet
  facet normal 0 0 1
    outer loop
      vertex 10.9481 -7.34999 2.5
      vertex 8.95442 -6.52095 2.5
      vertex 10.8074 -7.57072 2.5
    endloop
  endfacet
  facet normal 0 0 1
    outer loop
      vertex 8.71892 7.26785 2.5
      vertex 10.0707 8.30745 2.5
      vertex 9.84999 8.44807 2.5
    endloop
  endfacet
  facet normal -0 0 1
    outer loop
      vertex 8.89778 -6.77646 2.5
      vertex 10.8074 -7.57072 2.5
      vertex 8.95442 -6.52095 2.5
    endloop
  endfacet
  facet normal 0 0 1
    outer loop
      vertex 8.59808 7.5 2.5
      vertex 9.84999 8.44807 2.5
      vertex 9.61784 8.56891 2.5
    endloop
  endfacet
  facet normal 0 0 1
    outer loop
      vertex 10.8074 -7.57072 2.5
      vertex 8.89778 -6.77646 2.5
      vertex 10.6481 -7.77835 2.5
    endloop
  endfacet
  facet normal 0 0 1
    outer loop
      vertex 8.59808 7.5 2.5
      vertex 9.61784 8.56891 2.5
      vertex 9.37605 8.66907 2.5
    endloop
  endfacet
  facet normal 0 0 1
    outer loop
      vertex 10.6481 -7.77835 2.5
      vertex 8.89778 -6.77646 2.5
      vertex 10.4713 -7.97131 2.5
    endloop
  endfacet
  facet normal 0 0 1
    outer loop
      vertex 8.45746 7.72073 2.5
      vertex 9.37605 8.66907 2.5
      vertex 9.12645 8.74777 2.5
    endloop
  endfacet
  facet normal -0 0 1
    outer loop
      vertex 8.81908 -7.02606 2.5
      vertex 10.4713 -7.97131 2.5
      vertex 8.89778 -6.77646 2.5
    endloop
  endfacet
  facet normal 0 0 1
    outer loop
      vertex 10.4713 -7.97131 2.5
      vertex 8.81908 -7.02606 2.5
      vertex 10.2784 -8.14812 2.5
    endloop
  endfacet
  facet normal 0 0 1
    outer loop
      vertex 11.3044 6.37094 2.5
      vertex 8.98859 6.26147 2.5
      vertex 9 6 2.5
    endloop
  endfacet
  facet normal 0 0 1
    outer loop
      vertex 11.1691 6.87605 2.5
      vertex 8.95442 6.52095 2.5
      vertex 8.98859 6.26147 2.5
    endloop
  endfacet
  facet normal 0 0 1
    outer loop
      vertex 10.8074 7.57072 2.5
      vertex 8.89778 6.77646 2.5
      vertex 8.95442 6.52095 2.5
    endloop
  endfacet
  facet normal 0 0 1
    outer loop
      vertex 8.45746 7.72073 2.5
      vertex 9.12645 8.74777 2.5
      vertex 8.87094 8.80441 2.5
    endloop
  endfacet
  facet normal 0 0 1
    outer loop
      vertex 10.4713 7.97131 2.5
      vertex 8.81908 7.02606 2.5
      vertex 8.89778 6.77646 2.5
    endloop
  endfacet
  facet normal 0 0 1
    outer loop
      vertex 10.0707 8.30745 2.5
      vertex 8.71892 7.26785 2.5
      vertex 8.81908 7.02606 2.5
    endloop
  endfacet
  facet normal 0 0 1
    outer loop
      vertex 8.29813 7.92836 2.5
      vertex 8.87094 8.80441 2.5
      vertex 8.61147 8.83858 2.5
    endloop
  endfacet
  facet normal 0 0 1
    outer loop
      vertex 9.84999 8.44807 2.5
      vertex 8.59808 7.5 2.5
      vertex 8.71892 7.26785 2.5
    endloop
  endfacet
  facet normal 0 0 1
    outer loop
      vertex 9.37605 8.66907 2.5
      vertex 8.45746 7.72073 2.5
      vertex 8.59808 7.5 2.5
    endloop
  endfacet
  facet normal 0 0 1
    outer loop
      vertex 8.12132 8.12132 2.5
      vertex 8.61147 8.83858 2.5
      vertex 8.34999 8.84999 2.5
    endloop
  endfacet
  facet normal 0 0 1
    outer loop
      vertex 8.87094 8.80441 2.5
      vertex 8.29813 7.92836 2.5
      vertex 8.45746 7.72073 2.5
    endloop
  endfacet
  facet normal 0 0 1
    outer loop
      vertex 8.61147 8.83858 2.5
      vertex 8.12132 8.12132 2.5
      vertex 8.29813 7.92836 2.5
    endloop
  endfacet
  facet normal 0 0 1
    outer loop
      vertex 8.34999 8.84999 2.5
      vertex 7.92836 8.29813 2.5
      vertex 8.12132 8.12132 2.5
    endloop
  endfacet
  facet normal 0 0 1
    outer loop
      vertex 8.34999 8.84999 2.5
      vertex 7.72073 8.45746 2.5
      vertex 7.92836 8.29813 2.5
    endloop
  endfacet
  facet normal 0 0 1
    outer loop
      vertex 8.34999 8.84999 2.5
      vertex 7.5 8.59808 2.5
      vertex 7.72073 8.45746 2.5
    endloop
  endfacet
  facet normal 0 0 1
    outer loop
      vertex 8.34999 8.84999 2.5
      vertex 7.26785 8.71892 2.5
      vertex 7.5 8.59808 2.5
    endloop
  endfacet
  facet normal 0 0 1
    outer loop
      vertex 8.34999 8.84999 2.5
      vertex 7.02606 8.81908 2.5
      vertex 7.26785 8.71892 2.5
    endloop
  endfacet
  facet normal 0 -0 1
    outer loop
      vertex 7.02606 8.81908 2.5
      vertex 8.34999 8.84999 2.5
      vertex 6.92802 8.84999 2.5
    endloop
  endfacet
  facet normal 0 0 1
    outer loop
      vertex 10.2784 -8.14812 2.5
      vertex 8.81908 -7.02606 2.5
      vertex 10.0707 -8.30745 2.5
    endloop
  endfacet
  facet normal -0 0 1
    outer loop
      vertex 8.71892 -7.26785 2.5
      vertex 10.0707 -8.30745 2.5
      vertex 8.81908 -7.02606 2.5
    endloop
  endfacet
  facet normal 0 0 1
    outer loop
      vertex 10.0707 -8.30745 2.5
      vertex 8.71892 -7.26785 2.5
      vertex 9.84999 -8.44807 2.5
    endloop
  endfacet
  facet normal -0 0 1
    outer loop
      vertex 8.59808 -7.5 2.5
      vertex 9.84999 -8.44807 2.5
      vertex 8.71892 -7.26785 2.5
    endloop
  endfacet
  facet normal 0 0 1
    outer loop
      vertex 9.84999 -8.44807 2.5
      vertex 8.59808 -7.5 2.5
      vertex 9.61784 -8.56891 2.5
    endloop
  endfacet
  facet normal 0 0 1
    outer loop
      vertex 9.61784 -8.56891 2.5
      vertex 8.59808 -7.5 2.5
      vertex 9.37605 -8.66907 2.5
    endloop
  endfacet
  facet normal -0 0 1
    outer loop
      vertex 8.45746 -7.72073 2.5
      vertex 9.37605 -8.66907 2.5
      vertex 8.59808 -7.5 2.5
    endloop
  endfacet
  facet normal 0 0 1
    outer loop
      vertex 9.37605 -8.66907 2.5
      vertex 8.45746 -7.72073 2.5
      vertex 9.12645 -8.74777 2.5
    endloop
  endfacet
  facet normal 0 0 1
    outer loop
      vertex 9.12645 -8.74777 2.5
      vertex 8.45746 -7.72073 2.5
      vertex 8.87094 -8.80441 2.5
    endloop
  endfacet
  facet normal -0 0 1
    outer loop
      vertex 8.29813 -7.92836 2.5
      vertex 8.87094 -8.80441 2.5
      vertex 8.45746 -7.72073 2.5
    endloop
  endfacet
  facet normal 0 0 1
    outer loop
      vertex 8.87094 -8.80441 2.5
      vertex 8.29813 -7.92836 2.5
      vertex 8.61147 -8.83858 2.5
    endloop
  endfacet
  facet normal -0 0 1
    outer loop
      vertex 8.12132 -8.12132 2.5
      vertex 8.61147 -8.83858 2.5
      vertex 8.29813 -7.92836 2.5
    endloop
  endfacet
  facet normal 0 0 1
    outer loop
      vertex 8.61147 -8.83858 2.5
      vertex 8.12132 -8.12132 2.5
      vertex 8.34999 -8.84999 2.5
    endloop
  endfacet
  facet normal -0 0 1
    outer loop
      vertex 7.92836 -8.29813 2.5
      vertex 8.34999 -8.84999 2.5
      vertex 8.12132 -8.12132 2.5
    endloop
  endfacet
  facet normal -0 0 1
    outer loop
      vertex 7.72073 -8.45746 2.5
      vertex 8.34999 -8.84999 2.5
      vertex 7.92836 -8.29813 2.5
    endloop
  endfacet
  facet normal -0 0 1
    outer loop
      vertex 7.5 -8.59808 2.5
      vertex 8.34999 -8.84999 2.5
      vertex 7.72073 -8.45746 2.5
    endloop
  endfacet
  facet normal -0 0 1
    outer loop
      vertex 7.26785 -8.71892 2.5
      vertex 8.34999 -8.84999 2.5
      vertex 7.5 -8.59808 2.5
    endloop
  endfacet
  facet normal -0 0 1
    outer loop
      vertex 7.02606 -8.81908 2.5
      vertex 8.34999 -8.84999 2.5
      vertex 7.26785 -8.71892 2.5
    endloop
  endfacet
  facet normal 0 0 1
    outer loop
      vertex 8.34999 -8.84999 2.5
      vertex 7.02606 -8.81908 2.5
      vertex 6.92802 -8.84999 2.5
    endloop
  endfacet
endsolid OpenSCAD_Model
