solid OpenSCAD_Model
  facet normal 0.130662 -0.991427 0
    outer loop
      vertex 13.2743 -15.0924 3
      vertex 13.4473 -15.0696 5.2
      vertex 13.2743 -15.0924 5.2
    endloop
  endfacet
  facet normal 0.130662 -0.991427 0
    outer loop
      vertex 13.4473 -15.0696 5.2
      vertex 13.2743 -15.0924 3
      vertex 13.4473 -15.0696 3
    endloop
  endfacet
  facet normal 0.0435616 -0.999051 0
    outer loop
      vertex 13.1 -15.1 3
      vertex 13.2743 -15.0924 5.2
      vertex 13.1 -15.1 5.2
    endloop
  endfacet
  facet normal 0.0435616 -0.999051 0
    outer loop
      vertex 13.2743 -15.0924 5.2
      vertex 13.1 -15.1 3
      vertex 13.2743 -15.0924 3
    endloop
  endfacet
  facet normal -0.0435616 -0.999051 0
    outer loop
      vertex -13.2743 -15.0924 3
      vertex -13.1 -15.1 5.2
      vertex -13.2743 -15.0924 5.2
    endloop
  endfacet
  facet normal -0.0435616 -0.999051 -0
    outer loop
      vertex -13.1 -15.1 5.2
      vertex -13.2743 -15.0924 3
      vertex -13.1 -15.1 3
    endloop
  endfacet
  facet normal 0.216688 -0.976241 0
    outer loop
      vertex 13.4473 -15.0696 3
      vertex 13.6176 -15.0318 5.2
      vertex 13.4473 -15.0696 5.2
    endloop
  endfacet
  facet normal 0.216688 -0.976241 0
    outer loop
      vertex 13.6176 -15.0318 5.2
      vertex 13.4473 -15.0696 3
      vertex 13.6176 -15.0318 3
    endloop
  endfacet
  facet normal -0.886973 -0.461822 0
    outer loop
      vertex -14.832 -14.1 3
      vertex -14.9126 -13.9452 5.2
      vertex -14.9126 -13.9452 3
    endloop
  endfacet
  facet normal -0.886973 -0.461822 0
    outer loop
      vertex -14.9126 -13.9452 5.2
      vertex -14.832 -14.1 3
      vertex -14.832 -14.1 5.2
    endloop
  endfacet
  facet normal -0.976241 -0.216688 0
    outer loop
      vertex -15.0318 -13.6176 3
      vertex -15.0696 -13.4473 5.2
      vertex -15.0696 -13.4473 3
    endloop
  endfacet
  facet normal -0.976241 -0.216688 0
    outer loop
      vertex -15.0696 -13.4473 5.2
      vertex -15.0318 -13.6176 3
      vertex -15.0318 -13.6176 5.2
    endloop
  endfacet
  facet normal -0.843425 -0.537246 0
    outer loop
      vertex -14.7383 -14.2471 3
      vertex -14.832 -14.1 5.2
      vertex -14.832 -14.1 3
    endloop
  endfacet
  facet normal -0.843425 -0.537246 0
    outer loop
      vertex -14.832 -14.1 5.2
      vertex -14.7383 -14.2471 3
      vertex -14.7383 -14.2471 5.2
    endloop
  endfacet
  facet normal 0.300363 -0.953825 0
    outer loop
      vertex 13.6176 -15.0318 3
      vertex 13.784 -14.9794 5.2
      vertex 13.6176 -15.0318 5.2
    endloop
  endfacet
  facet normal 0.300363 -0.953825 0
    outer loop
      vertex 13.784 -14.9794 5.2
      vertex 13.6176 -15.0318 3
      vertex 13.784 -14.9794 3
    endloop
  endfacet
  facet normal -0.216688 0.976241 0
    outer loop
      vertex -13.4473 15.0696 3
      vertex -13.6176 15.0318 5.2
      vertex -13.4473 15.0696 5.2
    endloop
  endfacet
  facet normal -0.216688 0.976241 0
    outer loop
      vertex -13.6176 15.0318 5.2
      vertex -13.4473 15.0696 3
      vertex -13.6176 15.0318 3
    endloop
  endfacet
  facet normal -0.461822 0.886973 0
    outer loop
      vertex -13.9452 14.9126 3
      vertex -14.1 14.832 5.2
      vertex -13.9452 14.9126 5.2
    endloop
  endfacet
  facet normal -0.461822 0.886973 0
    outer loop
      vertex -14.1 14.832 5.2
      vertex -13.9452 14.9126 3
      vertex -14.1 14.832 3
    endloop
  endfacet
  facet normal -0.130662 0.991427 0
    outer loop
      vertex -13.2743 15.0924 3
      vertex -13.4473 15.0696 5.2
      vertex -13.2743 15.0924 5.2
    endloop
  endfacet
  facet normal -0.130662 0.991427 0
    outer loop
      vertex -13.4473 15.0696 5.2
      vertex -13.2743 15.0924 3
      vertex -13.4473 15.0696 3
    endloop
  endfacet
  facet normal -0.79356 0.608492 0
    outer loop
      vertex -14.7383 14.2471 3
      vertex -14.6321 14.3856 5.2
      vertex -14.6321 14.3856 3
    endloop
  endfacet
  facet normal -0.79356 0.608492 0
    outer loop
      vertex -14.6321 14.3856 5.2
      vertex -14.7383 14.2471 3
      vertex -14.7383 14.2471 5.2
    endloop
  endfacet
  facet normal 0.537246 0.843425 -0
    outer loop
      vertex 14.2471 14.7383 3
      vertex 14.1 14.832 5.2
      vertex 14.2471 14.7383 5.2
    endloop
  endfacet
  facet normal 0.537246 0.843425 0
    outer loop
      vertex 14.1 14.832 5.2
      vertex 14.2471 14.7383 3
      vertex 14.1 14.832 3
    endloop
  endfacet
  facet normal -0.991427 -0.130662 0
    outer loop
      vertex -15.0696 -13.4473 3
      vertex -15.0924 -13.2743 5.2
      vertex -15.0924 -13.2743 3
    endloop
  endfacet
  facet normal -0.991427 -0.130662 0
    outer loop
      vertex -15.0924 -13.2743 5.2
      vertex -15.0696 -13.4473 3
      vertex -15.0696 -13.4473 5.2
    endloop
  endfacet
  facet normal 0 1 -0
    outer loop
      vertex 13.1 15.1 3
      vertex -13.1 15.1 5.2
      vertex 13.1 15.1 5.2
    endloop
  endfacet
  facet normal 0 1 0
    outer loop
      vertex -13.1 15.1 5.2
      vertex 13.1 15.1 3
      vertex -13.1 15.1 3
    endloop
  endfacet
  facet normal 0 -1 0
    outer loop
      vertex -13.1 -15.1 3
      vertex 13.1 -15.1 5.2
      vertex -13.1 -15.1 5.2
    endloop
  endfacet
  facet normal 0 -1 -0
    outer loop
      vertex 13.1 -15.1 5.2
      vertex -13.1 -15.1 3
      vertex 13.1 -15.1 3
    endloop
  endfacet
  facet normal -0.216688 -0.976241 0
    outer loop
      vertex -13.6176 -15.0318 3
      vertex -13.4473 -15.0696 5.2
      vertex -13.6176 -15.0318 5.2
    endloop
  endfacet
  facet normal -0.216688 -0.976241 -0
    outer loop
      vertex -13.4473 -15.0696 5.2
      vertex -13.6176 -15.0318 3
      vertex -13.4473 -15.0696 3
    endloop
  endfacet
  facet normal 0.886973 0.461822 0
    outer loop
      vertex 14.9126 13.9452 5.2
      vertex 14.832 14.1 3
      vertex 14.832 14.1 5.2
    endloop
  endfacet
  facet normal 0.886973 0.461822 0
    outer loop
      vertex 14.832 14.1 3
      vertex 14.9126 13.9452 5.2
      vertex 14.9126 13.9452 3
    endloop
  endfacet
  facet normal 0.923821 0.382824 0
    outer loop
      vertex 14.9794 13.784 5.2
      vertex 14.9126 13.9452 3
      vertex 14.9126 13.9452 5.2
    endloop
  endfacet
  facet normal 0.923821 0.382824 0
    outer loop
      vertex 14.9126 13.9452 3
      vertex 14.9794 13.784 5.2
      vertex 14.9794 13.784 3
    endloop
  endfacet
  facet normal 0.953825 0.300363 0
    outer loop
      vertex 15.0318 13.6176 5.2
      vertex 14.9794 13.784 3
      vertex 14.9794 13.784 5.2
    endloop
  endfacet
  facet normal 0.953825 0.300363 0
    outer loop
      vertex 14.9794 13.784 3
      vertex 15.0318 13.6176 5.2
      vertex 15.0318 13.6176 3
    endloop
  endfacet
  facet normal -0.382824 0.923821 0
    outer loop
      vertex -13.784 14.9794 3
      vertex -13.9452 14.9126 5.2
      vertex -13.784 14.9794 5.2
    endloop
  endfacet
  facet normal -0.382824 0.923821 0
    outer loop
      vertex -13.9452 14.9126 5.2
      vertex -13.784 14.9794 3
      vertex -13.9452 14.9126 3
    endloop
  endfacet
  facet normal -0.737107 -0.675777 0
    outer loop
      vertex -14.5142 -14.5142 3
      vertex -14.6321 -14.3856 5.2
      vertex -14.6321 -14.3856 3
    endloop
  endfacet
  facet normal -0.737107 -0.675777 0
    outer loop
      vertex -14.6321 -14.3856 5.2
      vertex -14.5142 -14.5142 3
      vertex -14.5142 -14.5142 5.2
    endloop
  endfacet
  facet normal 0.976241 -0.216688 0
    outer loop
      vertex 15.0318 -13.6176 5.2
      vertex 15.0696 -13.4473 3
      vertex 15.0696 -13.4473 5.2
    endloop
  endfacet
  facet normal 0.976241 -0.216688 0
    outer loop
      vertex 15.0696 -13.4473 3
      vertex 15.0318 -13.6176 5.2
      vertex 15.0318 -13.6176 3
    endloop
  endfacet
  facet normal 0.79356 0.608492 0
    outer loop
      vertex 14.7383 14.2471 5.2
      vertex 14.6321 14.3856 3
      vertex 14.6321 14.3856 5.2
    endloop
  endfacet
  facet normal 0.79356 0.608492 0
    outer loop
      vertex 14.6321 14.3856 3
      vertex 14.7383 14.2471 5.2
      vertex 14.7383 14.2471 3
    endloop
  endfacet
  facet normal -0.0435616 0.999051 0
    outer loop
      vertex -13.1 15.1 3
      vertex -13.2743 15.0924 5.2
      vertex -13.1 15.1 5.2
    endloop
  endfacet
  facet normal -0.0435616 0.999051 0
    outer loop
      vertex -13.2743 15.0924 5.2
      vertex -13.1 15.1 3
      vertex -13.2743 15.0924 3
    endloop
  endfacet
  facet normal -0.537246 0.843425 0
    outer loop
      vertex -14.1 14.832 3
      vertex -14.2471 14.7383 5.2
      vertex -14.1 14.832 5.2
    endloop
  endfacet
  facet normal -0.537246 0.843425 0
    outer loop
      vertex -14.2471 14.7383 5.2
      vertex -14.1 14.832 3
      vertex -14.2471 14.7383 3
    endloop
  endfacet
  facet normal -0.991427 0.130662 0
    outer loop
      vertex -15.0924 13.2743 3
      vertex -15.0696 13.4473 5.2
      vertex -15.0696 13.4473 3
    endloop
  endfacet
  facet normal -0.991427 0.130662 0
    outer loop
      vertex -15.0696 13.4473 5.2
      vertex -15.0924 13.2743 3
      vertex -15.0924 13.2743 5.2
    endloop
  endfacet
  facet normal -0.461822 -0.886973 0
    outer loop
      vertex -14.1 -14.832 3
      vertex -13.9452 -14.9126 5.2
      vertex -14.1 -14.832 5.2
    endloop
  endfacet
  facet normal -0.461822 -0.886973 -0
    outer loop
      vertex -13.9452 -14.9126 5.2
      vertex -14.1 -14.832 3
      vertex -13.9452 -14.9126 3
    endloop
  endfacet
  facet normal -1 0 0
    outer loop
      vertex -15.1 -13.1 3
      vertex -15.1 13.1 5.2
      vertex -15.1 13.1 3
    endloop
  endfacet
  facet normal -1 -0 0
    outer loop
      vertex -15.1 13.1 5.2
      vertex -15.1 -13.1 3
      vertex -15.1 -13.1 5.2
    endloop
  endfacet
  facet normal 0.608492 0.79356 -0
    outer loop
      vertex 14.3856 14.6321 3
      vertex 14.2471 14.7383 5.2
      vertex 14.3856 14.6321 5.2
    endloop
  endfacet
  facet normal 0.608492 0.79356 0
    outer loop
      vertex 14.2471 14.7383 5.2
      vertex 14.3856 14.6321 3
      vertex 14.2471 14.7383 3
    endloop
  endfacet
  facet normal -0.130662 -0.991427 0
    outer loop
      vertex -13.4473 -15.0696 3
      vertex -13.2743 -15.0924 5.2
      vertex -13.4473 -15.0696 5.2
    endloop
  endfacet
  facet normal -0.130662 -0.991427 -0
    outer loop
      vertex -13.2743 -15.0924 5.2
      vertex -13.4473 -15.0696 3
      vertex -13.2743 -15.0924 3
    endloop
  endfacet
  facet normal 1 -0 0
    outer loop
      vertex 15.1 -13.1 5.2
      vertex 15.1 13.1 3
      vertex 15.1 13.1 5.2
    endloop
  endfacet
  facet normal 1 0 0
    outer loop
      vertex 15.1 13.1 3
      vertex 15.1 -13.1 5.2
      vertex 15.1 -13.1 3
    endloop
  endfacet
  facet normal -0.608492 0.79356 0
    outer loop
      vertex -14.2471 14.7383 3
      vertex -14.3856 14.6321 5.2
      vertex -14.2471 14.7383 5.2
    endloop
  endfacet
  facet normal -0.608492 0.79356 0
    outer loop
      vertex -14.3856 14.6321 5.2
      vertex -14.2471 14.7383 3
      vertex -14.3856 14.6321 3
    endloop
  endfacet
  facet normal 0.608492 -0.79356 0
    outer loop
      vertex 14.2471 -14.7383 3
      vertex 14.3856 -14.6321 5.2
      vertex 14.2471 -14.7383 5.2
    endloop
  endfacet
  facet normal 0.608492 -0.79356 0
    outer loop
      vertex 14.3856 -14.6321 5.2
      vertex 14.2471 -14.7383 3
      vertex 14.3856 -14.6321 3
    endloop
  endfacet
  facet normal -0.923821 -0.382824 0
    outer loop
      vertex -14.9126 -13.9452 3
      vertex -14.9794 -13.784 5.2
      vertex -14.9794 -13.784 3
    endloop
  endfacet
  facet normal -0.923821 -0.382824 0
    outer loop
      vertex -14.9794 -13.784 5.2
      vertex -14.9126 -13.9452 3
      vertex -14.9126 -13.9452 5.2
    endloop
  endfacet
  facet normal 0.999051 0.0435616 0
    outer loop
      vertex 15.1 13.1 5.2
      vertex 15.0924 13.2743 3
      vertex 15.0924 13.2743 5.2
    endloop
  endfacet
  facet normal 0.999051 0.0435616 0
    outer loop
      vertex 15.0924 13.2743 3
      vertex 15.1 13.1 5.2
      vertex 15.1 13.1 3
    endloop
  endfacet
  facet normal -0.300363 -0.953825 0
    outer loop
      vertex -13.784 -14.9794 3
      vertex -13.6176 -15.0318 5.2
      vertex -13.784 -14.9794 5.2
    endloop
  endfacet
  facet normal -0.300363 -0.953825 -0
    outer loop
      vertex -13.6176 -15.0318 5.2
      vertex -13.784 -14.9794 3
      vertex -13.6176 -15.0318 3
    endloop
  endfacet
  facet normal 0.675777 -0.737107 0
    outer loop
      vertex 14.3856 -14.6321 3
      vertex 14.5142 -14.5142 5.2
      vertex 14.3856 -14.6321 5.2
    endloop
  endfacet
  facet normal 0.675777 -0.737107 0
    outer loop
      vertex 14.5142 -14.5142 5.2
      vertex 14.3856 -14.6321 3
      vertex 14.5142 -14.5142 3
    endloop
  endfacet
  facet normal 0.382824 -0.923821 0
    outer loop
      vertex 13.784 -14.9794 3
      vertex 13.9452 -14.9126 5.2
      vertex 13.784 -14.9794 5.2
    endloop
  endfacet
  facet normal 0.382824 -0.923821 0
    outer loop
      vertex 13.9452 -14.9126 5.2
      vertex 13.784 -14.9794 3
      vertex 13.9452 -14.9126 3
    endloop
  endfacet
  facet normal 0.999051 -0.0435616 0
    outer loop
      vertex 15.0924 -13.2743 5.2
      vertex 15.1 -13.1 3
      vertex 15.1 -13.1 5.2
    endloop
  endfacet
  facet normal 0.999051 -0.0435616 0
    outer loop
      vertex 15.1 -13.1 3
      vertex 15.0924 -13.2743 5.2
      vertex 15.0924 -13.2743 3
    endloop
  endfacet
  facet normal -0.382824 -0.923821 0
    outer loop
      vertex -13.9452 -14.9126 3
      vertex -13.784 -14.9794 5.2
      vertex -13.9452 -14.9126 5.2
    endloop
  endfacet
  facet normal -0.382824 -0.923821 -0
    outer loop
      vertex -13.784 -14.9794 5.2
      vertex -13.9452 -14.9126 3
      vertex -13.784 -14.9794 3
    endloop
  endfacet
  facet normal 0.737107 -0.675777 0
    outer loop
      vertex 14.5142 -14.5142 5.2
      vertex 14.6321 -14.3856 3
      vertex 14.6321 -14.3856 5.2
    endloop
  endfacet
  facet normal 0.737107 -0.675777 0
    outer loop
      vertex 14.6321 -14.3856 3
      vertex 14.5142 -14.5142 5.2
      vertex 14.5142 -14.5142 3
    endloop
  endfacet
  facet normal 0.843425 0.537246 0
    outer loop
      vertex 14.832 14.1 5.2
      vertex 14.7383 14.2471 3
      vertex 14.7383 14.2471 5.2
    endloop
  endfacet
  facet normal 0.843425 0.537246 0
    outer loop
      vertex 14.7383 14.2471 3
      vertex 14.832 14.1 5.2
      vertex 14.832 14.1 3
    endloop
  endfacet
  facet normal -0.79356 -0.608492 0
    outer loop
      vertex -14.6321 -14.3856 3
      vertex -14.7383 -14.2471 5.2
      vertex -14.7383 -14.2471 3
    endloop
  endfacet
  facet normal -0.79356 -0.608492 0
    outer loop
      vertex -14.7383 -14.2471 5.2
      vertex -14.6321 -14.3856 3
      vertex -14.6321 -14.3856 5.2
    endloop
  endfacet
  facet normal 0.991427 -0.130662 0
    outer loop
      vertex 15.0696 -13.4473 5.2
      vertex 15.0924 -13.2743 3
      vertex 15.0924 -13.2743 5.2
    endloop
  endfacet
  facet normal 0.991427 -0.130662 0
    outer loop
      vertex 15.0924 -13.2743 3
      vertex 15.0696 -13.4473 5.2
      vertex 15.0696 -13.4473 3
    endloop
  endfacet
  facet normal 0.537246 -0.843425 0
    outer loop
      vertex 14.1 -14.832 3
      vertex 14.2471 -14.7383 5.2
      vertex 14.1 -14.832 5.2
    endloop
  endfacet
  facet normal 0.537246 -0.843425 0
    outer loop
      vertex 14.2471 -14.7383 5.2
      vertex 14.1 -14.832 3
      vertex 14.2471 -14.7383 3
    endloop
  endfacet
  facet normal 0.461822 0.886973 -0
    outer loop
      vertex 14.1 14.832 3
      vertex 13.9452 14.9126 5.2
      vertex 14.1 14.832 5.2
    endloop
  endfacet
  facet normal 0.461822 0.886973 0
    outer loop
      vertex 13.9452 14.9126 5.2
      vertex 14.1 14.832 3
      vertex 13.9452 14.9126 3
    endloop
  endfacet
  facet normal -0.537246 -0.843425 0
    outer loop
      vertex -14.2471 -14.7383 3
      vertex -14.1 -14.832 5.2
      vertex -14.2471 -14.7383 5.2
    endloop
  endfacet
  facet normal -0.537246 -0.843425 -0
    outer loop
      vertex -14.1 -14.832 5.2
      vertex -14.2471 -14.7383 3
      vertex -14.1 -14.832 3
    endloop
  endfacet
  facet normal 0.130662 0.991427 -0
    outer loop
      vertex 13.4473 15.0696 3
      vertex 13.2743 15.0924 5.2
      vertex 13.4473 15.0696 5.2
    endloop
  endfacet
  facet normal 0.130662 0.991427 0
    outer loop
      vertex 13.2743 15.0924 5.2
      vertex 13.4473 15.0696 3
      vertex 13.2743 15.0924 3
    endloop
  endfacet
  facet normal 0.0435616 0.999051 -0
    outer loop
      vertex 13.2743 15.0924 3
      vertex 13.1 15.1 5.2
      vertex 13.2743 15.0924 5.2
    endloop
  endfacet
  facet normal 0.0435616 0.999051 0
    outer loop
      vertex 13.1 15.1 5.2
      vertex 13.2743 15.0924 3
      vertex 13.1 15.1 3
    endloop
  endfacet
  facet normal 0.886973 -0.461822 0
    outer loop
      vertex 14.832 -14.1 5.2
      vertex 14.9126 -13.9452 3
      vertex 14.9126 -13.9452 5.2
    endloop
  endfacet
  facet normal 0.886973 -0.461822 0
    outer loop
      vertex 14.9126 -13.9452 3
      vertex 14.832 -14.1 5.2
      vertex 14.832 -14.1 3
    endloop
  endfacet
  facet normal 0.675777 0.737107 -0
    outer loop
      vertex 14.5142 14.5142 3
      vertex 14.3856 14.6321 5.2
      vertex 14.5142 14.5142 5.2
    endloop
  endfacet
  facet normal 0.675777 0.737107 0
    outer loop
      vertex 14.3856 14.6321 5.2
      vertex 14.5142 14.5142 3
      vertex 14.3856 14.6321 3
    endloop
  endfacet
  facet normal -0.675777 -0.737107 0
    outer loop
      vertex -14.5142 -14.5142 3
      vertex -14.3856 -14.6321 5.2
      vertex -14.5142 -14.5142 5.2
    endloop
  endfacet
  facet normal -0.675777 -0.737107 -0
    outer loop
      vertex -14.3856 -14.6321 5.2
      vertex -14.5142 -14.5142 3
      vertex -14.3856 -14.6321 3
    endloop
  endfacet
  facet normal 0.737107 0.675777 0
    outer loop
      vertex 14.6321 14.3856 5.2
      vertex 14.5142 14.5142 3
      vertex 14.5142 14.5142 5.2
    endloop
  endfacet
  facet normal 0.737107 0.675777 0
    outer loop
      vertex 14.5142 14.5142 3
      vertex 14.6321 14.3856 5.2
      vertex 14.6321 14.3856 3
    endloop
  endfacet
  facet normal -0.737107 0.675777 0
    outer loop
      vertex -14.6321 14.3856 3
      vertex -14.5142 14.5142 5.2
      vertex -14.5142 14.5142 3
    endloop
  endfacet
  facet normal -0.737107 0.675777 0
    outer loop
      vertex -14.5142 14.5142 5.2
      vertex -14.6321 14.3856 3
      vertex -14.6321 14.3856 5.2
    endloop
  endfacet
  facet normal -0.843425 0.537246 0
    outer loop
      vertex -14.832 14.1 3
      vertex -14.7383 14.2471 5.2
      vertex -14.7383 14.2471 3
    endloop
  endfacet
  facet normal -0.843425 0.537246 0
    outer loop
      vertex -14.7383 14.2471 5.2
      vertex -14.832 14.1 3
      vertex -14.832 14.1 5.2
    endloop
  endfacet
  facet normal -0.608492 -0.79356 0
    outer loop
      vertex -14.3856 -14.6321 3
      vertex -14.2471 -14.7383 5.2
      vertex -14.3856 -14.6321 5.2
    endloop
  endfacet
  facet normal -0.608492 -0.79356 -0
    outer loop
      vertex -14.2471 -14.7383 5.2
      vertex -14.3856 -14.6321 3
      vertex -14.2471 -14.7383 3
    endloop
  endfacet
  facet normal -0.953825 -0.300363 0
    outer loop
      vertex -14.9794 -13.784 3
      vertex -15.0318 -13.6176 5.2
      vertex -15.0318 -13.6176 3
    endloop
  endfacet
  facet normal -0.953825 -0.300363 0
    outer loop
      vertex -15.0318 -13.6176 5.2
      vertex -14.9794 -13.784 3
      vertex -14.9794 -13.784 5.2
    endloop
  endfacet
  facet normal 0.300363 0.953825 -0
    outer loop
      vertex 13.784 14.9794 3
      vertex 13.6176 15.0318 5.2
      vertex 13.784 14.9794 5.2
    endloop
  endfacet
  facet normal 0.300363 0.953825 0
    outer loop
      vertex 13.6176 15.0318 5.2
      vertex 13.784 14.9794 3
      vertex 13.6176 15.0318 3
    endloop
  endfacet
  facet normal 0.79356 -0.608492 0
    outer loop
      vertex 14.6321 -14.3856 5.2
      vertex 14.7383 -14.2471 3
      vertex 14.7383 -14.2471 5.2
    endloop
  endfacet
  facet normal 0.79356 -0.608492 0
    outer loop
      vertex 14.7383 -14.2471 3
      vertex 14.6321 -14.3856 5.2
      vertex 14.6321 -14.3856 3
    endloop
  endfacet
  facet normal 0.976241 0.216688 0
    outer loop
      vertex 15.0696 13.4473 5.2
      vertex 15.0318 13.6176 3
      vertex 15.0318 13.6176 5.2
    endloop
  endfacet
  facet normal 0.976241 0.216688 0
    outer loop
      vertex 15.0318 13.6176 3
      vertex 15.0696 13.4473 5.2
      vertex 15.0696 13.4473 3
    endloop
  endfacet
  facet normal 0.843425 -0.537246 0
    outer loop
      vertex 14.7383 -14.2471 5.2
      vertex 14.832 -14.1 3
      vertex 14.832 -14.1 5.2
    endloop
  endfacet
  facet normal 0.843425 -0.537246 0
    outer loop
      vertex 14.832 -14.1 3
      vertex 14.7383 -14.2471 5.2
      vertex 14.7383 -14.2471 3
    endloop
  endfacet
  facet normal -0.999051 0.0435616 0
    outer loop
      vertex -15.1 13.1 3
      vertex -15.0924 13.2743 5.2
      vertex -15.0924 13.2743 3
    endloop
  endfacet
  facet normal -0.999051 0.0435616 0
    outer loop
      vertex -15.0924 13.2743 5.2
      vertex -15.1 13.1 3
      vertex -15.1 13.1 5.2
    endloop
  endfacet
  facet normal 0.991427 0.130662 0
    outer loop
      vertex 15.0924 13.2743 5.2
      vertex 15.0696 13.4473 3
      vertex 15.0696 13.4473 5.2
    endloop
  endfacet
  facet normal 0.991427 0.130662 0
    outer loop
      vertex 15.0696 13.4473 3
      vertex 15.0924 13.2743 5.2
      vertex 15.0924 13.2743 3
    endloop
  endfacet
  facet normal -0.999051 -0.0435616 0
    outer loop
      vertex -15.0924 -13.2743 3
      vertex -15.1 -13.1 5.2
      vertex -15.1 -13.1 3
    endloop
  endfacet
  facet normal -0.999051 -0.0435616 0
    outer loop
      vertex -15.1 -13.1 5.2
      vertex -15.0924 -13.2743 3
      vertex -15.0924 -13.2743 5.2
    endloop
  endfacet
  facet normal 0.216688 0.976241 -0
    outer loop
      vertex 13.6176 15.0318 3
      vertex 13.4473 15.0696 5.2
      vertex 13.6176 15.0318 5.2
    endloop
  endfacet
  facet normal 0.216688 0.976241 0
    outer loop
      vertex 13.4473 15.0696 5.2
      vertex 13.6176 15.0318 3
      vertex 13.4473 15.0696 3
    endloop
  endfacet
  facet normal -0.675777 0.737107 0
    outer loop
      vertex -14.3856 14.6321 3
      vertex -14.5142 14.5142 5.2
      vertex -14.3856 14.6321 5.2
    endloop
  endfacet
  facet normal -0.675777 0.737107 0
    outer loop
      vertex -14.5142 14.5142 5.2
      vertex -14.3856 14.6321 3
      vertex -14.5142 14.5142 3
    endloop
  endfacet
  facet normal 0.923821 -0.382824 0
    outer loop
      vertex 14.9126 -13.9452 5.2
      vertex 14.9794 -13.784 3
      vertex 14.9794 -13.784 5.2
    endloop
  endfacet
  facet normal 0.923821 -0.382824 0
    outer loop
      vertex 14.9794 -13.784 3
      vertex 14.9126 -13.9452 5.2
      vertex 14.9126 -13.9452 3
    endloop
  endfacet
  facet normal -0.976241 0.216688 0
    outer loop
      vertex -15.0696 13.4473 3
      vertex -15.0318 13.6176 5.2
      vertex -15.0318 13.6176 3
    endloop
  endfacet
  facet normal -0.976241 0.216688 0
    outer loop
      vertex -15.0318 13.6176 5.2
      vertex -15.0696 13.4473 3
      vertex -15.0696 13.4473 5.2
    endloop
  endfacet
  facet normal -0.953825 0.300363 0
    outer loop
      vertex -15.0318 13.6176 3
      vertex -14.9794 13.784 5.2
      vertex -14.9794 13.784 3
    endloop
  endfacet
  facet normal -0.953825 0.300363 0
    outer loop
      vertex -14.9794 13.784 5.2
      vertex -15.0318 13.6176 3
      vertex -15.0318 13.6176 5.2
    endloop
  endfacet
  facet normal -0.886973 0.461822 0
    outer loop
      vertex -14.9126 13.9452 3
      vertex -14.832 14.1 5.2
      vertex -14.832 14.1 3
    endloop
  endfacet
  facet normal -0.886973 0.461822 0
    outer loop
      vertex -14.832 14.1 5.2
      vertex -14.9126 13.9452 3
      vertex -14.9126 13.9452 5.2
    endloop
  endfacet
  facet normal -0.300363 0.953825 0
    outer loop
      vertex -13.6176 15.0318 3
      vertex -13.784 14.9794 5.2
      vertex -13.6176 15.0318 5.2
    endloop
  endfacet
  facet normal -0.300363 0.953825 0
    outer loop
      vertex -13.784 14.9794 5.2
      vertex -13.6176 15.0318 3
      vertex -13.784 14.9794 3
    endloop
  endfacet
  facet normal 0.382824 0.923821 -0
    outer loop
      vertex 13.9452 14.9126 3
      vertex 13.784 14.9794 5.2
      vertex 13.9452 14.9126 5.2
    endloop
  endfacet
  facet normal 0.382824 0.923821 0
    outer loop
      vertex 13.784 14.9794 5.2
      vertex 13.9452 14.9126 3
      vertex 13.784 14.9794 3
    endloop
  endfacet
  facet normal 0.461822 -0.886973 0
    outer loop
      vertex 13.9452 -14.9126 3
      vertex 14.1 -14.832 5.2
      vertex 13.9452 -14.9126 5.2
    endloop
  endfacet
  facet normal 0.461822 -0.886973 0
    outer loop
      vertex 14.1 -14.832 5.2
      vertex 13.9452 -14.9126 3
      vertex 14.1 -14.832 3
    endloop
  endfacet
  facet normal 0.953825 -0.300363 0
    outer loop
      vertex 14.9794 -13.784 5.2
      vertex 15.0318 -13.6176 3
      vertex 15.0318 -13.6176 5.2
    endloop
  endfacet
  facet normal 0.953825 -0.300363 0
    outer loop
      vertex 15.0318 -13.6176 3
      vertex 14.9794 -13.784 5.2
      vertex 14.9794 -13.784 3
    endloop
  endfacet
  facet normal 0 0 1
    outer loop
      vertex 13.1392 12.7 5.2
      vertex 15.1 13.1 5.2
      vertex 15.0924 13.2743 5.2
    endloop
  endfacet
  facet normal 0 0 1
    outer loop
      vertex 15.1 13.1 5.2
      vertex 13.3 12.1 5.2
      vertex 15.1 -13.1 5.2
    endloop
  endfacet
  facet normal 0 0 1
    outer loop
      vertex 13.1392 12.7 5.2
      vertex 15.0924 13.2743 5.2
      vertex 15.0696 13.4473 5.2
    endloop
  endfacet
  facet normal -0 0 1
    outer loop
      vertex 13.3 -12.1 5.2
      vertex 15.1 -13.1 5.2
      vertex 13.3 12.1 5.2
    endloop
  endfacet
  facet normal 0 0 1
    outer loop
      vertex 13.1392 12.7 5.2
      vertex 15.0696 13.4473 5.2
      vertex 15.0318 13.6176 5.2
    endloop
  endfacet
  facet normal -0 0 1
    outer loop
      vertex 13.2954 -12.2046 5.2
      vertex 15.1 -13.1 5.2
      vertex 13.3 -12.1 5.2
    endloop
  endfacet
  facet normal 0 0 1
    outer loop
      vertex 13.083 12.7883 5.2
      vertex 15.0318 13.6176 5.2
      vertex 14.9794 13.784 5.2
    endloop
  endfacet
  facet normal -0 0 1
    outer loop
      vertex 13.2818 -12.3084 5.2
      vertex 15.1 -13.1 5.2
      vertex 13.2954 -12.2046 5.2
    endloop
  endfacet
  facet normal 0 0 1
    outer loop
      vertex 13.083 12.7883 5.2
      vertex 14.9794 13.784 5.2
      vertex 14.9126 13.9452 5.2
    endloop
  endfacet
  facet normal -0 0 1
    outer loop
      vertex 13.2591 -12.4106 5.2
      vertex 15.1 -13.1 5.2
      vertex 13.2818 -12.3084 5.2
    endloop
  endfacet
  facet normal 0 0 1
    outer loop
      vertex 13.0192 12.8713 5.2
      vertex 14.9126 13.9452 5.2
      vertex 14.832 14.1 5.2
    endloop
  endfacet
  facet normal -0 0 1
    outer loop
      vertex 13.2276 -12.5104 5.2
      vertex 15.1 -13.1 5.2
      vertex 13.2591 -12.4106 5.2
    endloop
  endfacet
  facet normal 0 0 1
    outer loop
      vertex 13.0192 12.8713 5.2
      vertex 14.832 14.1 5.2
      vertex 14.7383 14.2471 5.2
    endloop
  endfacet
  facet normal -0 0 1
    outer loop
      vertex 13.1876 -12.6071 5.2
      vertex 15.1 -13.1 5.2
      vertex 13.2276 -12.5104 5.2
    endloop
  endfacet
  facet normal 0 0 1
    outer loop
      vertex 13.0192 12.8713 5.2
      vertex 14.7383 14.2471 5.2
      vertex 14.6321 14.3856 5.2
    endloop
  endfacet
  facet normal -0 0 1
    outer loop
      vertex 13.1392 -12.7 5.2
      vertex 15.1 -13.1 5.2
      vertex 13.1876 -12.6071 5.2
    endloop
  endfacet
  facet normal 0 0 1
    outer loop
      vertex 12.9485 12.9485 5.2
      vertex 14.6321 14.3856 5.2
      vertex 14.5142 14.5142 5.2
    endloop
  endfacet
  facet normal 0 0 1
    outer loop
      vertex 15.1 -13.1 5.2
      vertex 13.1392 -12.7 5.2
      vertex 15.0924 -13.2743 5.2
    endloop
  endfacet
  facet normal 0 0 1
    outer loop
      vertex 12.9485 12.9485 5.2
      vertex 14.5142 14.5142 5.2
      vertex 14.3856 14.6321 5.2
    endloop
  endfacet
  facet normal 0 0 1
    outer loop
      vertex 15.0924 -13.2743 5.2
      vertex 13.1392 -12.7 5.2
      vertex 15.0696 -13.4473 5.2
    endloop
  endfacet
  facet normal 0 0 1
    outer loop
      vertex 12.8713 13.0192 5.2
      vertex 14.3856 14.6321 5.2
      vertex 14.2471 14.7383 5.2
    endloop
  endfacet
  facet normal 0 0 1
    outer loop
      vertex 15.0696 -13.4473 5.2
      vertex 13.1392 -12.7 5.2
      vertex 15.0318 -13.6176 5.2
    endloop
  endfacet
  facet normal 0 0 1
    outer loop
      vertex 12.8713 13.0192 5.2
      vertex 14.2471 14.7383 5.2
      vertex 14.1 14.832 5.2
    endloop
  endfacet
  facet normal -0 0 1
    outer loop
      vertex 13.083 -12.7883 5.2
      vertex 15.0318 -13.6176 5.2
      vertex 13.1392 -12.7 5.2
    endloop
  endfacet
  facet normal 0 0 1
    outer loop
      vertex 12.8713 13.0192 5.2
      vertex 14.1 14.832 5.2
      vertex 13.9452 14.9126 5.2
    endloop
  endfacet
  facet normal 0 0 1
    outer loop
      vertex 15.0318 -13.6176 5.2
      vertex 13.083 -12.7883 5.2
      vertex 14.9794 -13.784 5.2
    endloop
  endfacet
  facet normal 0 0 1
    outer loop
      vertex 12.7883 13.083 5.2
      vertex 13.9452 14.9126 5.2
      vertex 13.784 14.9794 5.2
    endloop
  endfacet
  facet normal 0 0 1
    outer loop
      vertex 14.9794 -13.784 5.2
      vertex 13.083 -12.7883 5.2
      vertex 14.9126 -13.9452 5.2
    endloop
  endfacet
  facet normal 0 0 1
    outer loop
      vertex 12.7883 13.083 5.2
      vertex 13.784 14.9794 5.2
      vertex 13.6176 15.0318 5.2
    endloop
  endfacet
  facet normal -0 0 1
    outer loop
      vertex 13.0192 -12.8713 5.2
      vertex 14.9126 -13.9452 5.2
      vertex 13.083 -12.7883 5.2
    endloop
  endfacet
  facet normal 0 0 1
    outer loop
      vertex 12.7 13.1392 5.2
      vertex 13.6176 15.0318 5.2
      vertex 13.4473 15.0696 5.2
    endloop
  endfacet
  facet normal 0 0 1
    outer loop
      vertex 14.9126 -13.9452 5.2
      vertex 13.0192 -12.8713 5.2
      vertex 14.832 -14.1 5.2
    endloop
  endfacet
  facet normal 0 0 1
    outer loop
      vertex 14.832 -14.1 5.2
      vertex 13.0192 -12.8713 5.2
      vertex 14.7383 -14.2471 5.2
    endloop
  endfacet
  facet normal 0 0 1
    outer loop
      vertex 15.1 13.1 5.2
      vertex 13.2954 12.2046 5.2
      vertex 13.3 12.1 5.2
    endloop
  endfacet
  facet normal 0 0 1
    outer loop
      vertex 15.1 13.1 5.2
      vertex 13.2818 12.3084 5.2
      vertex 13.2954 12.2046 5.2
    endloop
  endfacet
  facet normal 0 0 1
    outer loop
      vertex 12.7 13.1392 5.2
      vertex 13.4473 15.0696 5.2
      vertex 13.2743 15.0924 5.2
    endloop
  endfacet
  facet normal 0 0 1
    outer loop
      vertex 15.1 13.1 5.2
      vertex 13.2591 12.4106 5.2
      vertex 13.2818 12.3084 5.2
    endloop
  endfacet
  facet normal 0 0 1
    outer loop
      vertex 15.1 13.1 5.2
      vertex 13.2276 12.5104 5.2
      vertex 13.2591 12.4106 5.2
    endloop
  endfacet
  facet normal 0 0 1
    outer loop
      vertex 15.1 13.1 5.2
      vertex 13.1876 12.6071 5.2
      vertex 13.2276 12.5104 5.2
    endloop
  endfacet
  facet normal 0 0 1
    outer loop
      vertex 15.1 13.1 5.2
      vertex 13.1392 12.7 5.2
      vertex 13.1876 12.6071 5.2
    endloop
  endfacet
  facet normal 0 0 1
    outer loop
      vertex 12.7 13.1392 5.2
      vertex 13.2743 15.0924 5.2
      vertex 13.1 15.1 5.2
    endloop
  endfacet
  facet normal 0 0 1
    outer loop
      vertex 15.0318 13.6176 5.2
      vertex 13.083 12.7883 5.2
      vertex 13.1392 12.7 5.2
    endloop
  endfacet
  facet normal 0 0 1
    outer loop
      vertex 14.9126 13.9452 5.2
      vertex 13.0192 12.8713 5.2
      vertex 13.083 12.7883 5.2
    endloop
  endfacet
  facet normal 0 0 1
    outer loop
      vertex 14.6321 14.3856 5.2
      vertex 12.9485 12.9485 5.2
      vertex 13.0192 12.8713 5.2
    endloop
  endfacet
  facet normal 0 0 1
    outer loop
      vertex 14.3856 14.6321 5.2
      vertex 12.8713 13.0192 5.2
      vertex 12.9485 12.9485 5.2
    endloop
  endfacet
  facet normal 0 0 1
    outer loop
      vertex 13.9452 14.9126 5.2
      vertex 12.7883 13.083 5.2
      vertex 12.8713 13.0192 5.2
    endloop
  endfacet
  facet normal 0 0 1
    outer loop
      vertex 13.6176 15.0318 5.2
      vertex 12.7 13.1392 5.2
      vertex 12.7883 13.083 5.2
    endloop
  endfacet
  facet normal 0 0 1
    outer loop
      vertex 13.1 15.1 5.2
      vertex 12.6071 13.1876 5.2
      vertex 12.7 13.1392 5.2
    endloop
  endfacet
  facet normal 0 0 1
    outer loop
      vertex 13.1 15.1 5.2
      vertex 12.5104 13.2276 5.2
      vertex 12.6071 13.1876 5.2
    endloop
  endfacet
  facet normal 0 0 1
    outer loop
      vertex 13.1 15.1 5.2
      vertex 12.4106 13.2591 5.2
      vertex 12.5104 13.2276 5.2
    endloop
  endfacet
  facet normal 0 0 1
    outer loop
      vertex 13.1 15.1 5.2
      vertex 12.3084 13.2818 5.2
      vertex 12.4106 13.2591 5.2
    endloop
  endfacet
  facet normal 0 0 1
    outer loop
      vertex 13.1 15.1 5.2
      vertex 12.2046 13.2954 5.2
      vertex 12.3084 13.2818 5.2
    endloop
  endfacet
  facet normal 0 0 1
    outer loop
      vertex 13.1 15.1 5.2
      vertex 12.1 13.3 5.2
      vertex 12.2046 13.2954 5.2
    endloop
  endfacet
  facet normal 0 0 1
    outer loop
      vertex 13.1 15.1 5.2
      vertex -12.1 13.3 5.2
      vertex 12.1 13.3 5.2
    endloop
  endfacet
  facet normal -0 0 1
    outer loop
      vertex -13.1 15.1 5.2
      vertex -12.1 13.3 5.2
      vertex 13.1 15.1 5.2
    endloop
  endfacet
  facet normal 0 0 1
    outer loop
      vertex -12.1 13.3 5.2
      vertex -13.1 15.1 5.2
      vertex -12.2046 13.2954 5.2
    endloop
  endfacet
  facet normal 0 0 1
    outer loop
      vertex -13.1 15.1 5.2
      vertex -12.3084 13.2818 5.2
      vertex -12.2046 13.2954 5.2
    endloop
  endfacet
  facet normal 0 0 1
    outer loop
      vertex -13.1 15.1 5.2
      vertex -12.4106 13.2591 5.2
      vertex -12.3084 13.2818 5.2
    endloop
  endfacet
  facet normal 0 0 1
    outer loop
      vertex -13.1 15.1 5.2
      vertex -12.5104 13.2276 5.2
      vertex -12.4106 13.2591 5.2
    endloop
  endfacet
  facet normal 0 0 1
    outer loop
      vertex -13.1 15.1 5.2
      vertex -12.6071 13.1876 5.2
      vertex -12.5104 13.2276 5.2
    endloop
  endfacet
  facet normal 0 0 1
    outer loop
      vertex -13.1 15.1 5.2
      vertex -12.7 13.1392 5.2
      vertex -12.6071 13.1876 5.2
    endloop
  endfacet
  facet normal -0 0 1
    outer loop
      vertex -13.2743 15.0924 5.2
      vertex -12.7 13.1392 5.2
      vertex -13.1 15.1 5.2
    endloop
  endfacet
  facet normal -0 0 1
    outer loop
      vertex -13.4473 15.0696 5.2
      vertex -12.7 13.1392 5.2
      vertex -13.2743 15.0924 5.2
    endloop
  endfacet
  facet normal -0 0 1
    outer loop
      vertex -13.6176 15.0318 5.2
      vertex -12.7 13.1392 5.2
      vertex -13.4473 15.0696 5.2
    endloop
  endfacet
  facet normal 0 0 1
    outer loop
      vertex -12.7 13.1392 5.2
      vertex -13.6176 15.0318 5.2
      vertex -12.7883 13.083 5.2
    endloop
  endfacet
  facet normal -0 0 1
    outer loop
      vertex -13.784 14.9794 5.2
      vertex -12.7883 13.083 5.2
      vertex -13.6176 15.0318 5.2
    endloop
  endfacet
  facet normal -0 0 1
    outer loop
      vertex -13.9452 14.9126 5.2
      vertex -12.7883 13.083 5.2
      vertex -13.784 14.9794 5.2
    endloop
  endfacet
  facet normal 0 0 1
    outer loop
      vertex -12.7883 13.083 5.2
      vertex -13.9452 14.9126 5.2
      vertex -12.8713 13.0192 5.2
    endloop
  endfacet
  facet normal -0 0 1
    outer loop
      vertex -14.1 14.832 5.2
      vertex -12.8713 13.0192 5.2
      vertex -13.9452 14.9126 5.2
    endloop
  endfacet
  facet normal -0 0 1
    outer loop
      vertex -14.2471 14.7383 5.2
      vertex -12.8713 13.0192 5.2
      vertex -14.1 14.832 5.2
    endloop
  endfacet
  facet normal -0 0 1
    outer loop
      vertex -14.3856 14.6321 5.2
      vertex -12.8713 13.0192 5.2
      vertex -14.2471 14.7383 5.2
    endloop
  endfacet
  facet normal 0 0 1
    outer loop
      vertex -12.8713 13.0192 5.2
      vertex -14.3856 14.6321 5.2
      vertex -12.9485 12.9485 5.2
    endloop
  endfacet
  facet normal -0 0 1
    outer loop
      vertex -14.5142 14.5142 5.2
      vertex -12.9485 12.9485 5.2
      vertex -14.3856 14.6321 5.2
    endloop
  endfacet
  facet normal -0 0 1
    outer loop
      vertex -14.6321 14.3856 5.2
      vertex -12.9485 12.9485 5.2
      vertex -14.5142 14.5142 5.2
    endloop
  endfacet
  facet normal -0 0 1
    outer loop
      vertex -14.7383 14.2471 5.2
      vertex -13.0192 12.8713 5.2
      vertex -14.6321 14.3856 5.2
    endloop
  endfacet
  facet normal 0 0 1
    outer loop
      vertex -12.9485 12.9485 5.2
      vertex -14.6321 14.3856 5.2
      vertex -13.0192 12.8713 5.2
    endloop
  endfacet
  facet normal 0 0 1
    outer loop
      vertex 14.7383 -14.2471 5.2
      vertex 13.0192 -12.8713 5.2
      vertex 14.6321 -14.3856 5.2
    endloop
  endfacet
  facet normal -0 0 1
    outer loop
      vertex 12.9485 -12.9485 5.2
      vertex 14.6321 -14.3856 5.2
      vertex 13.0192 -12.8713 5.2
    endloop
  endfacet
  facet normal 0 0 1
    outer loop
      vertex 14.6321 -14.3856 5.2
      vertex 12.9485 -12.9485 5.2
      vertex 14.5142 -14.5142 5.2
    endloop
  endfacet
  facet normal 0 0 1
    outer loop
      vertex 14.5142 -14.5142 5.2
      vertex 12.9485 -12.9485 5.2
      vertex 14.3856 -14.6321 5.2
    endloop
  endfacet
  facet normal -0 0 1
    outer loop
      vertex 12.8713 -13.0192 5.2
      vertex 14.3856 -14.6321 5.2
      vertex 12.9485 -12.9485 5.2
    endloop
  endfacet
  facet normal 0 0 1
    outer loop
      vertex 14.3856 -14.6321 5.2
      vertex 12.8713 -13.0192 5.2
      vertex 14.2471 -14.7383 5.2
    endloop
  endfacet
  facet normal 0 0 1
    outer loop
      vertex 14.2471 -14.7383 5.2
      vertex 12.8713 -13.0192 5.2
      vertex 14.1 -14.832 5.2
    endloop
  endfacet
  facet normal 0 0 1
    outer loop
      vertex 14.1 -14.832 5.2
      vertex 12.8713 -13.0192 5.2
      vertex 13.9452 -14.9126 5.2
    endloop
  endfacet
  facet normal -0 0 1
    outer loop
      vertex 12.7883 -13.083 5.2
      vertex 13.9452 -14.9126 5.2
      vertex 12.8713 -13.0192 5.2
    endloop
  endfacet
  facet normal 0 0 1
    outer loop
      vertex 13.9452 -14.9126 5.2
      vertex 12.7883 -13.083 5.2
      vertex 13.784 -14.9794 5.2
    endloop
  endfacet
  facet normal 0 0 1
    outer loop
      vertex 13.784 -14.9794 5.2
      vertex 12.7883 -13.083 5.2
      vertex 13.6176 -15.0318 5.2
    endloop
  endfacet
  facet normal -0 0 1
    outer loop
      vertex 12.7 -13.1392 5.2
      vertex 13.6176 -15.0318 5.2
      vertex 12.7883 -13.083 5.2
    endloop
  endfacet
  facet normal 0 0 1
    outer loop
      vertex 13.6176 -15.0318 5.2
      vertex 12.7 -13.1392 5.2
      vertex 13.4473 -15.0696 5.2
    endloop
  endfacet
  facet normal 0 0 1
    outer loop
      vertex 13.4473 -15.0696 5.2
      vertex 12.7 -13.1392 5.2
      vertex 13.2743 -15.0924 5.2
    endloop
  endfacet
  facet normal 0 0 1
    outer loop
      vertex 13.2743 -15.0924 5.2
      vertex 12.7 -13.1392 5.2
      vertex 13.1 -15.1 5.2
    endloop
  endfacet
  facet normal -0 0 1
    outer loop
      vertex 12.6071 -13.1876 5.2
      vertex 13.1 -15.1 5.2
      vertex 12.7 -13.1392 5.2
    endloop
  endfacet
  facet normal -0 0 1
    outer loop
      vertex 12.5104 -13.2276 5.2
      vertex 13.1 -15.1 5.2
      vertex 12.6071 -13.1876 5.2
    endloop
  endfacet
  facet normal -0 0 1
    outer loop
      vertex 12.4106 -13.2591 5.2
      vertex 13.1 -15.1 5.2
      vertex 12.5104 -13.2276 5.2
    endloop
  endfacet
  facet normal -0 0 1
    outer loop
      vertex 12.3084 -13.2818 5.2
      vertex 13.1 -15.1 5.2
      vertex 12.4106 -13.2591 5.2
    endloop
  endfacet
  facet normal -0 0 1
    outer loop
      vertex 12.2046 -13.2954 5.2
      vertex 13.1 -15.1 5.2
      vertex 12.3084 -13.2818 5.2
    endloop
  endfacet
  facet normal -0 0 1
    outer loop
      vertex 12.1 -13.3 5.2
      vertex 13.1 -15.1 5.2
      vertex 12.2046 -13.2954 5.2
    endloop
  endfacet
  facet normal -0 0 1
    outer loop
      vertex -12.1 -13.3 5.2
      vertex 13.1 -15.1 5.2
      vertex 12.1 -13.3 5.2
    endloop
  endfacet
  facet normal 0 0 1
    outer loop
      vertex -13.1 -15.1 5.2
      vertex -12.1 -13.3 5.2
      vertex -12.2046 -13.2954 5.2
    endloop
  endfacet
  facet normal 0 0 1
    outer loop
      vertex -12.1 -13.3 5.2
      vertex -13.1 -15.1 5.2
      vertex 13.1 -15.1 5.2
    endloop
  endfacet
  facet normal 0 0 1
    outer loop
      vertex -12.3084 -13.2818 5.2
      vertex -13.1 -15.1 5.2
      vertex -12.2046 -13.2954 5.2
    endloop
  endfacet
  facet normal 0 0 1
    outer loop
      vertex -12.4106 -13.2591 5.2
      vertex -13.1 -15.1 5.2
      vertex -12.3084 -13.2818 5.2
    endloop
  endfacet
  facet normal 0 0 1
    outer loop
      vertex -12.5104 -13.2276 5.2
      vertex -13.1 -15.1 5.2
      vertex -12.4106 -13.2591 5.2
    endloop
  endfacet
  facet normal 0 0 1
    outer loop
      vertex -12.6071 -13.1876 5.2
      vertex -13.1 -15.1 5.2
      vertex -12.5104 -13.2276 5.2
    endloop
  endfacet
  facet normal 0 0 1
    outer loop
      vertex -12.7 -13.1392 5.2
      vertex -13.1 -15.1 5.2
      vertex -12.6071 -13.1876 5.2
    endloop
  endfacet
  facet normal 0 0 1
    outer loop
      vertex -13.6176 -15.0318 5.2
      vertex -12.7 -13.1392 5.2
      vertex -12.7883 -13.083 5.2
    endloop
  endfacet
  facet normal 0 0 1
    outer loop
      vertex -13.9452 -14.9126 5.2
      vertex -12.7883 -13.083 5.2
      vertex -12.8713 -13.0192 5.2
    endloop
  endfacet
  facet normal 0 0 1
    outer loop
      vertex -14.3856 -14.6321 5.2
      vertex -12.8713 -13.0192 5.2
      vertex -12.9485 -12.9485 5.2
    endloop
  endfacet
  facet normal 0 0 1
    outer loop
      vertex -14.6321 -14.3856 5.2
      vertex -12.9485 -12.9485 5.2
      vertex -13.0192 -12.8713 5.2
    endloop
  endfacet
  facet normal 0 0 1
    outer loop
      vertex -14.9126 -13.9452 5.2
      vertex -13.0192 -12.8713 5.2
      vertex -13.083 -12.7883 5.2
    endloop
  endfacet
  facet normal 0 0 1
    outer loop
      vertex -15.0318 -13.6176 5.2
      vertex -13.083 -12.7883 5.2
      vertex -13.1392 -12.7 5.2
    endloop
  endfacet
  facet normal 0 0 1
    outer loop
      vertex -15.1 -13.1 5.2
      vertex -13.1392 -12.7 5.2
      vertex -13.1876 -12.6071 5.2
    endloop
  endfacet
  facet normal 0 0 1
    outer loop
      vertex -15.1 -13.1 5.2
      vertex -13.1876 -12.6071 5.2
      vertex -13.2276 -12.5104 5.2
    endloop
  endfacet
  facet normal 0 0 1
    outer loop
      vertex -15.1 -13.1 5.2
      vertex -13.2276 -12.5104 5.2
      vertex -13.2591 -12.4106 5.2
    endloop
  endfacet
  facet normal 0 0 1
    outer loop
      vertex -12.7 -13.1392 5.2
      vertex -13.2743 -15.0924 5.2
      vertex -13.1 -15.1 5.2
    endloop
  endfacet
  facet normal 0 0 1
    outer loop
      vertex -15.1 -13.1 5.2
      vertex -13.2591 -12.4106 5.2
      vertex -13.2818 -12.3084 5.2
    endloop
  endfacet
  facet normal 0 0 1
    outer loop
      vertex -15.1 -13.1 5.2
      vertex -13.2818 -12.3084 5.2
      vertex -13.2954 -12.2046 5.2
    endloop
  endfacet
  facet normal 0 0 1
    outer loop
      vertex -15.1 -13.1 5.2
      vertex -13.2954 -12.2046 5.2
      vertex -13.3 -12.1 5.2
    endloop
  endfacet
  facet normal 0 0 1
    outer loop
      vertex -12.7 -13.1392 5.2
      vertex -13.4473 -15.0696 5.2
      vertex -13.2743 -15.0924 5.2
    endloop
  endfacet
  facet normal 0 0 1
    outer loop
      vertex -13.3 12.1 5.2
      vertex -15.1 13.1 5.2
      vertex -13.3 -12.1 5.2
    endloop
  endfacet
  facet normal -0 0 1
    outer loop
      vertex -14.832 14.1 5.2
      vertex -13.0192 12.8713 5.2
      vertex -14.7383 14.2471 5.2
    endloop
  endfacet
  facet normal 0 0 1
    outer loop
      vertex -15.1 -13.1 5.2
      vertex -13.3 -12.1 5.2
      vertex -15.1 13.1 5.2
    endloop
  endfacet
  facet normal -0 0 1
    outer loop
      vertex -14.9126 13.9452 5.2
      vertex -13.0192 12.8713 5.2
      vertex -14.832 14.1 5.2
    endloop
  endfacet
  facet normal 0 0 1
    outer loop
      vertex -13.1392 -12.7 5.2
      vertex -15.1 -13.1 5.2
      vertex -15.0924 -13.2743 5.2
    endloop
  endfacet
  facet normal 0 0 1
    outer loop
      vertex -13.0192 12.8713 5.2
      vertex -14.9126 13.9452 5.2
      vertex -13.083 12.7883 5.2
    endloop
  endfacet
  facet normal 0 0 1
    outer loop
      vertex -12.7 -13.1392 5.2
      vertex -13.6176 -15.0318 5.2
      vertex -13.4473 -15.0696 5.2
    endloop
  endfacet
  facet normal -0 0 1
    outer loop
      vertex -14.9794 13.784 5.2
      vertex -13.083 12.7883 5.2
      vertex -14.9126 13.9452 5.2
    endloop
  endfacet
  facet normal 0 0 1
    outer loop
      vertex -12.7883 -13.083 5.2
      vertex -13.784 -14.9794 5.2
      vertex -13.6176 -15.0318 5.2
    endloop
  endfacet
  facet normal -0 0 1
    outer loop
      vertex -15.0318 13.6176 5.2
      vertex -13.083 12.7883 5.2
      vertex -14.9794 13.784 5.2
    endloop
  endfacet
  facet normal 0 0 1
    outer loop
      vertex -12.7883 -13.083 5.2
      vertex -13.9452 -14.9126 5.2
      vertex -13.784 -14.9794 5.2
    endloop
  endfacet
  facet normal 0 0 1
    outer loop
      vertex -13.083 12.7883 5.2
      vertex -15.0318 13.6176 5.2
      vertex -13.1392 12.7 5.2
    endloop
  endfacet
  facet normal 0 0 1
    outer loop
      vertex -12.8713 -13.0192 5.2
      vertex -14.1 -14.832 5.2
      vertex -13.9452 -14.9126 5.2
    endloop
  endfacet
  facet normal -0 0 1
    outer loop
      vertex -15.0696 13.4473 5.2
      vertex -13.1392 12.7 5.2
      vertex -15.0318 13.6176 5.2
    endloop
  endfacet
  facet normal 0 0 1
    outer loop
      vertex -12.8713 -13.0192 5.2
      vertex -14.2471 -14.7383 5.2
      vertex -14.1 -14.832 5.2
    endloop
  endfacet
  facet normal -0 0 1
    outer loop
      vertex -15.0924 13.2743 5.2
      vertex -13.1392 12.7 5.2
      vertex -15.0696 13.4473 5.2
    endloop
  endfacet
  facet normal 0 0 1
    outer loop
      vertex -12.8713 -13.0192 5.2
      vertex -14.3856 -14.6321 5.2
      vertex -14.2471 -14.7383 5.2
    endloop
  endfacet
  facet normal -0 0 1
    outer loop
      vertex -15.1 13.1 5.2
      vertex -13.1392 12.7 5.2
      vertex -15.0924 13.2743 5.2
    endloop
  endfacet
  facet normal 0 0 1
    outer loop
      vertex -12.9485 -12.9485 5.2
      vertex -14.5142 -14.5142 5.2
      vertex -14.3856 -14.6321 5.2
    endloop
  endfacet
  facet normal 0 0 1
    outer loop
      vertex -13.1392 12.7 5.2
      vertex -15.1 13.1 5.2
      vertex -13.1876 12.6071 5.2
    endloop
  endfacet
  facet normal 0 0 1
    outer loop
      vertex -12.9485 -12.9485 5.2
      vertex -14.6321 -14.3856 5.2
      vertex -14.5142 -14.5142 5.2
    endloop
  endfacet
  facet normal 0 0 1
    outer loop
      vertex -13.1876 12.6071 5.2
      vertex -15.1 13.1 5.2
      vertex -13.2276 12.5104 5.2
    endloop
  endfacet
  facet normal 0 0 1
    outer loop
      vertex -13.0192 -12.8713 5.2
      vertex -14.7383 -14.2471 5.2
      vertex -14.6321 -14.3856 5.2
    endloop
  endfacet
  facet normal 0 0 1
    outer loop
      vertex -13.2276 12.5104 5.2
      vertex -15.1 13.1 5.2
      vertex -13.2591 12.4106 5.2
    endloop
  endfacet
  facet normal 0 0 1
    outer loop
      vertex -13.0192 -12.8713 5.2
      vertex -14.832 -14.1 5.2
      vertex -14.7383 -14.2471 5.2
    endloop
  endfacet
  facet normal 0 0 1
    outer loop
      vertex -13.2591 12.4106 5.2
      vertex -15.1 13.1 5.2
      vertex -13.2818 12.3084 5.2
    endloop
  endfacet
  facet normal 0 0 1
    outer loop
      vertex -13.0192 -12.8713 5.2
      vertex -14.9126 -13.9452 5.2
      vertex -14.832 -14.1 5.2
    endloop
  endfacet
  facet normal 0 0 1
    outer loop
      vertex -13.2818 12.3084 5.2
      vertex -15.1 13.1 5.2
      vertex -13.2954 12.2046 5.2
    endloop
  endfacet
  facet normal 0 0 1
    outer loop
      vertex -13.083 -12.7883 5.2
      vertex -14.9794 -13.784 5.2
      vertex -14.9126 -13.9452 5.2
    endloop
  endfacet
  facet normal 0 0 1
    outer loop
      vertex -13.2954 12.2046 5.2
      vertex -15.1 13.1 5.2
      vertex -13.3 12.1 5.2
    endloop
  endfacet
  facet normal 0 0 1
    outer loop
      vertex -13.083 -12.7883 5.2
      vertex -15.0318 -13.6176 5.2
      vertex -14.9794 -13.784 5.2
    endloop
  endfacet
  facet normal 0 0 1
    outer loop
      vertex -13.1392 -12.7 5.2
      vertex -15.0696 -13.4473 5.2
      vertex -15.0318 -13.6176 5.2
    endloop
  endfacet
  facet normal 0 0 1
    outer loop
      vertex -13.1392 -12.7 5.2
      vertex -15.0924 -13.2743 5.2
      vertex -15.0696 -13.4473 5.2
    endloop
  endfacet
  facet normal -0.923821 0.382824 0
    outer loop
      vertex -14.9794 13.784 3
      vertex -14.9126 13.9452 5.2
      vertex -14.9126 13.9452 3
    endloop
  endfacet
  facet normal -0.923821 0.382824 0
    outer loop
      vertex -14.9126 13.9452 5.2
      vertex -14.9794 13.784 3
      vertex -14.9794 13.784 5.2
    endloop
  endfacet
  facet normal -0.0439346 0.999034 0
    outer loop
      vertex 12.2046 -13.2954 3
      vertex 12.1 -13.3 5.2
      vertex 12.2046 -13.2954 5.2
    endloop
  endfacet
  facet normal -0.0439346 0.999034 0
    outer loop
      vertex 12.1 -13.3 5.2
      vertex 12.2046 -13.2954 3
      vertex 12.1 -13.3 3
    endloop
  endfacet
  facet normal 0.792837 -0.609434 0
    outer loop
      vertex -13.083 12.7883 5.2
      vertex -13.0192 12.8713 3
      vertex -13.0192 12.8713 5.2
    endloop
  endfacet
  facet normal 0.792837 -0.609434 0
    outer loop
      vertex -13.0192 12.8713 3
      vertex -13.083 12.7883 5.2
      vertex -13.083 12.7883 3
    endloop
  endfacet
  facet normal 0 1 -0
    outer loop
      vertex 12.1 -13.3 3
      vertex -12.1 -13.3 5.2
      vertex 12.1 -13.3 5.2
    endloop
  endfacet
  facet normal 0 1 0
    outer loop
      vertex -12.1 -13.3 5.2
      vertex 12.1 -13.3 3
      vertex -12.1 -13.3 3
    endloop
  endfacet
  facet normal 0.536937 0.843622 -0
    outer loop
      vertex -12.7 -13.1392 3
      vertex -12.7883 -13.083 5.2
      vertex -12.7 -13.1392 5.2
    endloop
  endfacet
  facet normal 0.536937 0.843622 0
    outer loop
      vertex -12.7883 -13.083 5.2
      vertex -12.7 -13.1392 3
      vertex -12.7883 -13.083 3
    endloop
  endfacet
  facet normal 0.97621 -0.216829 0
    outer loop
      vertex -13.2818 12.3084 5.2
      vertex -13.2591 12.4106 3
      vertex -13.2591 12.4106 5.2
    endloop
  endfacet
  facet normal 0.97621 -0.216829 0
    outer loop
      vertex -13.2591 12.4106 3
      vertex -13.2818 12.3084 5.2
      vertex -13.2818 12.3084 3
    endloop
  endfacet
  facet normal -0.129911 0.991526 0
    outer loop
      vertex 12.3084 -13.2818 3
      vertex 12.2046 -13.2954 5.2
      vertex 12.3084 -13.2818 5.2
    endloop
  endfacet
  facet normal -0.129911 0.991526 0
    outer loop
      vertex 12.2046 -13.2954 5.2
      vertex 12.3084 -13.2818 3
      vertex 12.2046 -13.2954 3
    endloop
  endfacet
  facet normal -0.924063 -0.382239 0
    outer loop
      vertex 13.2276 12.5104 3
      vertex 13.1876 12.6071 5.2
      vertex 13.1876 12.6071 3
    endloop
  endfacet
  facet normal -0.924063 -0.382239 0
    outer loop
      vertex 13.1876 12.6071 5.2
      vertex 13.2276 12.5104 3
      vertex 13.2276 12.5104 5.2
    endloop
  endfacet
  facet normal -0.462044 -0.886857 0
    outer loop
      vertex 12.6071 13.1876 3
      vertex 12.7 13.1392 5.2
      vertex 12.6071 13.1876 5.2
    endloop
  endfacet
  facet normal -0.462044 -0.886857 -0
    outer loop
      vertex 12.7 13.1392 5.2
      vertex 12.6071 13.1876 3
      vertex 12.7 13.1392 3
    endloop
  endfacet
  facet normal -1 0 0
    outer loop
      vertex 13.3 -12.1 3
      vertex 13.3 12.1 5.2
      vertex 13.3 12.1 3
    endloop
  endfacet
  facet normal -1 -0 0
    outer loop
      vertex 13.3 12.1 5.2
      vertex 13.3 -12.1 3
      vertex 13.3 -12.1 5.2
    endloop
  endfacet
  facet normal 0.216829 -0.97621 0
    outer loop
      vertex -12.4106 13.2591 3
      vertex -12.3084 13.2818 5.2
      vertex -12.4106 13.2591 5.2
    endloop
  endfacet
  facet normal 0.216829 -0.97621 0
    outer loop
      vertex -12.3084 13.2818 5.2
      vertex -12.4106 13.2591 3
      vertex -12.3084 13.2818 3
    endloop
  endfacet
  facet normal 0.300994 0.953626 -0
    outer loop
      vertex -12.4106 -13.2591 3
      vertex -12.5104 -13.2276 5.2
      vertex -12.4106 -13.2591 5.2
    endloop
  endfacet
  facet normal 0.300994 0.953626 0
    outer loop
      vertex -12.5104 -13.2276 5.2
      vertex -12.4106 -13.2591 3
      vertex -12.5104 -13.2276 3
    endloop
  endfacet
  facet normal -0.737471 -0.675378 0
    outer loop
      vertex 13.0192 12.8713 3
      vertex 12.9485 12.9485 5.2
      vertex 12.9485 12.9485 3
    endloop
  endfacet
  facet normal -0.737471 -0.675378 0
    outer loop
      vertex 12.9485 12.9485 5.2
      vertex 13.0192 12.8713 3
      vertex 13.0192 12.8713 5.2
    endloop
  endfacet
  facet normal 0.991526 -0.129911 0
    outer loop
      vertex -13.2954 12.2046 5.2
      vertex -13.2818 12.3084 3
      vertex -13.2818 12.3084 5.2
    endloop
  endfacet
  facet normal 0.991526 -0.129911 0
    outer loop
      vertex -13.2818 12.3084 3
      vertex -13.2954 12.2046 5.2
      vertex -13.2954 12.2046 3
    endloop
  endfacet
  facet normal 0.675378 0.737471 -0
    outer loop
      vertex -12.8713 -13.0192 3
      vertex -12.9485 -12.9485 5.2
      vertex -12.8713 -13.0192 5.2
    endloop
  endfacet
  facet normal 0.675378 0.737471 0
    outer loop
      vertex -12.9485 -12.9485 5.2
      vertex -12.8713 -13.0192 3
      vertex -12.9485 -12.9485 3
    endloop
  endfacet
  facet normal -0.843622 0.536937 0
    outer loop
      vertex 13.083 -12.7883 3
      vertex 13.1392 -12.7 5.2
      vertex 13.1392 -12.7 3
    endloop
  endfacet
  facet normal -0.843622 0.536937 0
    outer loop
      vertex 13.1392 -12.7 5.2
      vertex 13.083 -12.7883 3
      vertex 13.083 -12.7883 5.2
    endloop
  endfacet
  facet normal 0.382239 0.924063 -0
    outer loop
      vertex -12.5104 -13.2276 3
      vertex -12.6071 -13.1876 5.2
      vertex -12.5104 -13.2276 5.2
    endloop
  endfacet
  facet normal 0.382239 0.924063 0
    outer loop
      vertex -12.6071 -13.1876 5.2
      vertex -12.5104 -13.2276 3
      vertex -12.6071 -13.1876 3
    endloop
  endfacet
  facet normal 1 -0 0
    outer loop
      vertex -13.3 -12.1 5.2
      vertex -13.3 12.1 3
      vertex -13.3 12.1 5.2
    endloop
  endfacet
  facet normal 1 0 0
    outer loop
      vertex -13.3 12.1 3
      vertex -13.3 -12.1 5.2
      vertex -13.3 -12.1 3
    endloop
  endfacet
  facet normal 0 -1 0
    outer loop
      vertex -12.1 13.3 3
      vertex 12.1 13.3 5.2
      vertex -12.1 13.3 5.2
    endloop
  endfacet
  facet normal 0 -1 -0
    outer loop
      vertex 12.1 13.3 5.2
      vertex -12.1 13.3 3
      vertex 12.1 13.3 3
    endloop
  endfacet
  facet normal 0.462044 0.886857 -0
    outer loop
      vertex -12.6071 -13.1876 3
      vertex -12.7 -13.1392 5.2
      vertex -12.6071 -13.1876 5.2
    endloop
  endfacet
  facet normal 0.462044 0.886857 0
    outer loop
      vertex -12.7 -13.1392 5.2
      vertex -12.6071 -13.1876 3
      vertex -12.7 -13.1392 3
    endloop
  endfacet
  facet normal 0.129911 -0.991526 0
    outer loop
      vertex -12.3084 13.2818 3
      vertex -12.2046 13.2954 5.2
      vertex -12.3084 13.2818 5.2
    endloop
  endfacet
  facet normal 0.129911 -0.991526 0
    outer loop
      vertex -12.2046 13.2954 5.2
      vertex -12.3084 13.2818 3
      vertex -12.2046 13.2954 3
    endloop
  endfacet
  facet normal -0.792837 0.609434 0
    outer loop
      vertex 13.0192 -12.8713 3
      vertex 13.083 -12.7883 5.2
      vertex 13.083 -12.7883 3
    endloop
  endfacet
  facet normal -0.792837 0.609434 0
    outer loop
      vertex 13.083 -12.7883 5.2
      vertex 13.0192 -12.8713 3
      vertex 13.0192 -12.8713 5.2
    endloop
  endfacet
  facet normal -0.675378 -0.737471 0
    outer loop
      vertex 12.8713 13.0192 3
      vertex 12.9485 12.9485 5.2
      vertex 12.8713 13.0192 5.2
    endloop
  endfacet
  facet normal -0.675378 -0.737471 -0
    outer loop
      vertex 12.9485 12.9485 5.2
      vertex 12.8713 13.0192 3
      vertex 12.9485 12.9485 3
    endloop
  endfacet
  facet normal -0.536937 -0.843622 0
    outer loop
      vertex 12.7 13.1392 3
      vertex 12.7883 13.083 5.2
      vertex 12.7 13.1392 5.2
    endloop
  endfacet
  facet normal -0.536937 -0.843622 -0
    outer loop
      vertex 12.7883 13.083 5.2
      vertex 12.7 13.1392 3
      vertex 12.7883 13.083 3
    endloop
  endfacet
  facet normal -0.953626 0.300994 0
    outer loop
      vertex 13.2276 -12.5104 3
      vertex 13.2591 -12.4106 5.2
      vertex 13.2591 -12.4106 3
    endloop
  endfacet
  facet normal -0.953626 0.300994 0
    outer loop
      vertex 13.2591 -12.4106 5.2
      vertex 13.2276 -12.5104 3
      vertex 13.2276 -12.5104 5.2
    endloop
  endfacet
  facet normal 0.0439346 -0.999034 0
    outer loop
      vertex -12.2046 13.2954 3
      vertex -12.1 13.3 5.2
      vertex -12.2046 13.2954 5.2
    endloop
  endfacet
  facet normal 0.0439346 -0.999034 0
    outer loop
      vertex -12.1 13.3 5.2
      vertex -12.2046 13.2954 3
      vertex -12.1 13.3 3
    endloop
  endfacet
  facet normal 0.843622 -0.536937 0
    outer loop
      vertex -13.1392 12.7 5.2
      vertex -13.083 12.7883 3
      vertex -13.083 12.7883 5.2
    endloop
  endfacet
  facet normal 0.843622 -0.536937 0
    outer loop
      vertex -13.083 12.7883 3
      vertex -13.1392 12.7 5.2
      vertex -13.1392 12.7 3
    endloop
  endfacet
  facet normal 0.924063 -0.382239 0
    outer loop
      vertex -13.2276 12.5104 5.2
      vertex -13.1876 12.6071 3
      vertex -13.1876 12.6071 5.2
    endloop
  endfacet
  facet normal 0.924063 -0.382239 0
    outer loop
      vertex -13.1876 12.6071 3
      vertex -13.2276 12.5104 5.2
      vertex -13.2276 12.5104 3
    endloop
  endfacet
  facet normal -0.675378 0.737471 0
    outer loop
      vertex 12.9485 -12.9485 3
      vertex 12.8713 -13.0192 5.2
      vertex 12.9485 -12.9485 5.2
    endloop
  endfacet
  facet normal -0.675378 0.737471 0
    outer loop
      vertex 12.8713 -13.0192 5.2
      vertex 12.9485 -12.9485 3
      vertex 12.8713 -13.0192 3
    endloop
  endfacet
  facet normal -0.991526 -0.129911 0
    outer loop
      vertex 13.2954 12.2046 3
      vertex 13.2818 12.3084 5.2
      vertex 13.2818 12.3084 3
    endloop
  endfacet
  facet normal -0.991526 -0.129911 0
    outer loop
      vertex 13.2818 12.3084 5.2
      vertex 13.2954 12.2046 3
      vertex 13.2954 12.2046 5.2
    endloop
  endfacet
  facet normal -0.999034 -0.0439346 0
    outer loop
      vertex 13.3 12.1 3
      vertex 13.2954 12.2046 5.2
      vertex 13.2954 12.2046 3
    endloop
  endfacet
  facet normal -0.999034 -0.0439346 0
    outer loop
      vertex 13.2954 12.2046 5.2
      vertex 13.3 12.1 3
      vertex 13.3 12.1 5.2
    endloop
  endfacet
  facet normal 0.609434 0.792837 -0
    outer loop
      vertex -12.7883 -13.083 3
      vertex -12.8713 -13.0192 5.2
      vertex -12.7883 -13.083 5.2
    endloop
  endfacet
  facet normal 0.609434 0.792837 0
    outer loop
      vertex -12.8713 -13.0192 5.2
      vertex -12.7883 -13.083 3
      vertex -12.8713 -13.0192 3
    endloop
  endfacet
  facet normal -0.536937 0.843622 0
    outer loop
      vertex 12.7883 -13.083 3
      vertex 12.7 -13.1392 5.2
      vertex 12.7883 -13.083 5.2
    endloop
  endfacet
  facet normal -0.536937 0.843622 0
    outer loop
      vertex 12.7 -13.1392 5.2
      vertex 12.7883 -13.083 3
      vertex 12.7 -13.1392 3
    endloop
  endfacet
  facet normal 0.300994 -0.953626 0
    outer loop
      vertex -12.5104 13.2276 3
      vertex -12.4106 13.2591 5.2
      vertex -12.5104 13.2276 5.2
    endloop
  endfacet
  facet normal 0.300994 -0.953626 0
    outer loop
      vertex -12.4106 13.2591 5.2
      vertex -12.5104 13.2276 3
      vertex -12.4106 13.2591 3
    endloop
  endfacet
  facet normal -0.129911 -0.991526 0
    outer loop
      vertex 12.2046 13.2954 3
      vertex 12.3084 13.2818 5.2
      vertex 12.2046 13.2954 5.2
    endloop
  endfacet
  facet normal -0.129911 -0.991526 -0
    outer loop
      vertex 12.3084 13.2818 5.2
      vertex 12.2046 13.2954 3
      vertex 12.3084 13.2818 3
    endloop
  endfacet
  facet normal 0.953626 -0.300994 0
    outer loop
      vertex -13.2591 12.4106 5.2
      vertex -13.2276 12.5104 3
      vertex -13.2276 12.5104 5.2
    endloop
  endfacet
  facet normal 0.953626 -0.300994 0
    outer loop
      vertex -13.2276 12.5104 3
      vertex -13.2591 12.4106 5.2
      vertex -13.2591 12.4106 3
    endloop
  endfacet
  facet normal 0.129911 0.991526 -0
    outer loop
      vertex -12.2046 -13.2954 3
      vertex -12.3084 -13.2818 5.2
      vertex -12.2046 -13.2954 5.2
    endloop
  endfacet
  facet normal 0.129911 0.991526 0
    outer loop
      vertex -12.3084 -13.2818 5.2
      vertex -12.2046 -13.2954 3
      vertex -12.3084 -13.2818 3
    endloop
  endfacet
  facet normal -0.382239 -0.924063 0
    outer loop
      vertex 12.5104 13.2276 3
      vertex 12.6071 13.1876 5.2
      vertex 12.5104 13.2276 5.2
    endloop
  endfacet
  facet normal -0.382239 -0.924063 -0
    outer loop
      vertex 12.6071 13.1876 5.2
      vertex 12.5104 13.2276 3
      vertex 12.6071 13.1876 3
    endloop
  endfacet
  facet normal -0.609434 -0.792837 0
    outer loop
      vertex 12.7883 13.083 3
      vertex 12.8713 13.0192 5.2
      vertex 12.7883 13.083 5.2
    endloop
  endfacet
  facet normal -0.609434 -0.792837 -0
    outer loop
      vertex 12.8713 13.0192 5.2
      vertex 12.7883 13.083 3
      vertex 12.8713 13.0192 3
    endloop
  endfacet
  facet normal 0.97621 0.216829 0
    outer loop
      vertex -13.2591 -12.4106 5.2
      vertex -13.2818 -12.3084 3
      vertex -13.2818 -12.3084 5.2
    endloop
  endfacet
  facet normal 0.97621 0.216829 0
    outer loop
      vertex -13.2818 -12.3084 3
      vertex -13.2591 -12.4106 5.2
      vertex -13.2591 -12.4106 3
    endloop
  endfacet
  facet normal -0.216829 -0.97621 0
    outer loop
      vertex 12.3084 13.2818 3
      vertex 12.4106 13.2591 5.2
      vertex 12.3084 13.2818 5.2
    endloop
  endfacet
  facet normal -0.216829 -0.97621 -0
    outer loop
      vertex 12.4106 13.2591 5.2
      vertex 12.3084 13.2818 3
      vertex 12.4106 13.2591 3
    endloop
  endfacet
  facet normal 0.991526 0.129911 0
    outer loop
      vertex -13.2818 -12.3084 5.2
      vertex -13.2954 -12.2046 3
      vertex -13.2954 -12.2046 5.2
    endloop
  endfacet
  facet normal 0.991526 0.129911 0
    outer loop
      vertex -13.2954 -12.2046 3
      vertex -13.2818 -12.3084 5.2
      vertex -13.2818 -12.3084 3
    endloop
  endfacet
  facet normal 0.737471 -0.675378 0
    outer loop
      vertex -13.0192 12.8713 5.2
      vertex -12.9485 12.9485 3
      vertex -12.9485 12.9485 5.2
    endloop
  endfacet
  facet normal 0.737471 -0.675378 0
    outer loop
      vertex -12.9485 12.9485 3
      vertex -13.0192 12.8713 5.2
      vertex -13.0192 12.8713 3
    endloop
  endfacet
  facet normal 0.0439346 0.999034 -0
    outer loop
      vertex -12.1 -13.3 3
      vertex -12.2046 -13.2954 5.2
      vertex -12.1 -13.3 5.2
    endloop
  endfacet
  facet normal 0.0439346 0.999034 0
    outer loop
      vertex -12.2046 -13.2954 5.2
      vertex -12.1 -13.3 3
      vertex -12.2046 -13.2954 3
    endloop
  endfacet
  facet normal -0.737471 0.675378 0
    outer loop
      vertex 12.9485 -12.9485 3
      vertex 13.0192 -12.8713 5.2
      vertex 13.0192 -12.8713 3
    endloop
  endfacet
  facet normal -0.737471 0.675378 0
    outer loop
      vertex 13.0192 -12.8713 5.2
      vertex 12.9485 -12.9485 3
      vertex 12.9485 -12.9485 5.2
    endloop
  endfacet
  facet normal 0.792837 0.609434 0
    outer loop
      vertex -13.0192 -12.8713 5.2
      vertex -13.083 -12.7883 3
      vertex -13.083 -12.7883 5.2
    endloop
  endfacet
  facet normal 0.792837 0.609434 0
    outer loop
      vertex -13.083 -12.7883 3
      vertex -13.0192 -12.8713 5.2
      vertex -13.0192 -12.8713 3
    endloop
  endfacet
  facet normal 0.953626 0.300994 0
    outer loop
      vertex -13.2276 -12.5104 5.2
      vertex -13.2591 -12.4106 3
      vertex -13.2591 -12.4106 5.2
    endloop
  endfacet
  facet normal 0.953626 0.300994 0
    outer loop
      vertex -13.2591 -12.4106 3
      vertex -13.2276 -12.5104 5.2
      vertex -13.2276 -12.5104 3
    endloop
  endfacet
  facet normal 0.216829 0.97621 -0
    outer loop
      vertex -12.3084 -13.2818 3
      vertex -12.4106 -13.2591 5.2
      vertex -12.3084 -13.2818 5.2
    endloop
  endfacet
  facet normal 0.216829 0.97621 0
    outer loop
      vertex -12.4106 -13.2591 5.2
      vertex -12.3084 -13.2818 3
      vertex -12.4106 -13.2591 3
    endloop
  endfacet
  facet normal 0.609434 -0.792837 0
    outer loop
      vertex -12.8713 13.0192 3
      vertex -12.7883 13.083 5.2
      vertex -12.8713 13.0192 5.2
    endloop
  endfacet
  facet normal 0.609434 -0.792837 0
    outer loop
      vertex -12.7883 13.083 5.2
      vertex -12.8713 13.0192 3
      vertex -12.7883 13.083 3
    endloop
  endfacet
  facet normal 0.675378 -0.737471 0
    outer loop
      vertex -12.9485 12.9485 3
      vertex -12.8713 13.0192 5.2
      vertex -12.9485 12.9485 5.2
    endloop
  endfacet
  facet normal 0.675378 -0.737471 0
    outer loop
      vertex -12.8713 13.0192 5.2
      vertex -12.9485 12.9485 3
      vertex -12.8713 13.0192 3
    endloop
  endfacet
  facet normal -0.0439346 -0.999034 0
    outer loop
      vertex 12.1 13.3 3
      vertex 12.2046 13.2954 5.2
      vertex 12.1 13.3 5.2
    endloop
  endfacet
  facet normal -0.0439346 -0.999034 -0
    outer loop
      vertex 12.2046 13.2954 5.2
      vertex 12.1 13.3 3
      vertex 12.2046 13.2954 3
    endloop
  endfacet
  facet normal -0.792837 -0.609434 0
    outer loop
      vertex 13.083 12.7883 3
      vertex 13.0192 12.8713 5.2
      vertex 13.0192 12.8713 3
    endloop
  endfacet
  facet normal -0.792837 -0.609434 0
    outer loop
      vertex 13.0192 12.8713 5.2
      vertex 13.083 12.7883 3
      vertex 13.083 12.7883 5.2
    endloop
  endfacet
  facet normal 0.536937 -0.843622 0
    outer loop
      vertex -12.7883 13.083 3
      vertex -12.7 13.1392 5.2
      vertex -12.7883 13.083 5.2
    endloop
  endfacet
  facet normal 0.536937 -0.843622 0
    outer loop
      vertex -12.7 13.1392 5.2
      vertex -12.7883 13.083 3
      vertex -12.7 13.1392 3
    endloop
  endfacet
  facet normal -0.609434 0.792837 0
    outer loop
      vertex 12.8713 -13.0192 3
      vertex 12.7883 -13.083 5.2
      vertex 12.8713 -13.0192 5.2
    endloop
  endfacet
  facet normal -0.609434 0.792837 0
    outer loop
      vertex 12.7883 -13.083 5.2
      vertex 12.8713 -13.0192 3
      vertex 12.7883 -13.083 3
    endloop
  endfacet
  facet normal 0.462044 -0.886857 0
    outer loop
      vertex -12.7 13.1392 3
      vertex -12.6071 13.1876 5.2
      vertex -12.7 13.1392 5.2
    endloop
  endfacet
  facet normal 0.462044 -0.886857 0
    outer loop
      vertex -12.6071 13.1876 5.2
      vertex -12.7 13.1392 3
      vertex -12.6071 13.1876 3
    endloop
  endfacet
  facet normal -0.300994 0.953626 0
    outer loop
      vertex 12.5104 -13.2276 3
      vertex 12.4106 -13.2591 5.2
      vertex 12.5104 -13.2276 5.2
    endloop
  endfacet
  facet normal -0.300994 0.953626 0
    outer loop
      vertex 12.4106 -13.2591 5.2
      vertex 12.5104 -13.2276 3
      vertex 12.4106 -13.2591 3
    endloop
  endfacet
  facet normal 0.737471 0.675378 0
    outer loop
      vertex -12.9485 -12.9485 5.2
      vertex -13.0192 -12.8713 3
      vertex -13.0192 -12.8713 5.2
    endloop
  endfacet
  facet normal 0.737471 0.675378 0
    outer loop
      vertex -13.0192 -12.8713 3
      vertex -12.9485 -12.9485 5.2
      vertex -12.9485 -12.9485 3
    endloop
  endfacet
  facet normal 0.924063 0.382239 0
    outer loop
      vertex -13.1876 -12.6071 5.2
      vertex -13.2276 -12.5104 3
      vertex -13.2276 -12.5104 5.2
    endloop
  endfacet
  facet normal 0.924063 0.382239 0
    outer loop
      vertex -13.2276 -12.5104 3
      vertex -13.1876 -12.6071 5.2
      vertex -13.1876 -12.6071 3
    endloop
  endfacet
  facet normal -0.97621 -0.216829 0
    outer loop
      vertex 13.2818 12.3084 3
      vertex 13.2591 12.4106 5.2
      vertex 13.2591 12.4106 3
    endloop
  endfacet
  facet normal -0.97621 -0.216829 0
    outer loop
      vertex 13.2591 12.4106 5.2
      vertex 13.2818 12.3084 3
      vertex 13.2818 12.3084 5.2
    endloop
  endfacet
  facet normal 0.382239 -0.924063 0
    outer loop
      vertex -12.6071 13.1876 3
      vertex -12.5104 13.2276 5.2
      vertex -12.6071 13.1876 5.2
    endloop
  endfacet
  facet normal 0.382239 -0.924063 0
    outer loop
      vertex -12.5104 13.2276 5.2
      vertex -12.6071 13.1876 3
      vertex -12.5104 13.2276 3
    endloop
  endfacet
  facet normal -0.953626 -0.300994 0
    outer loop
      vertex 13.2591 12.4106 3
      vertex 13.2276 12.5104 5.2
      vertex 13.2276 12.5104 3
    endloop
  endfacet
  facet normal -0.953626 -0.300994 0
    outer loop
      vertex 13.2276 12.5104 5.2
      vertex 13.2591 12.4106 3
      vertex 13.2591 12.4106 5.2
    endloop
  endfacet
  facet normal -0.462044 0.886857 0
    outer loop
      vertex 12.7 -13.1392 3
      vertex 12.6071 -13.1876 5.2
      vertex 12.7 -13.1392 5.2
    endloop
  endfacet
  facet normal -0.462044 0.886857 0
    outer loop
      vertex 12.6071 -13.1876 5.2
      vertex 12.7 -13.1392 3
      vertex 12.6071 -13.1876 3
    endloop
  endfacet
  facet normal -0.886857 -0.462044 0
    outer loop
      vertex 13.1876 12.6071 3
      vertex 13.1392 12.7 5.2
      vertex 13.1392 12.7 3
    endloop
  endfacet
  facet normal -0.886857 -0.462044 0
    outer loop
      vertex 13.1392 12.7 5.2
      vertex 13.1876 12.6071 3
      vertex 13.1876 12.6071 5.2
    endloop
  endfacet
  facet normal -0.843622 -0.536937 0
    outer loop
      vertex 13.1392 12.7 3
      vertex 13.083 12.7883 5.2
      vertex 13.083 12.7883 3
    endloop
  endfacet
  facet normal -0.843622 -0.536937 0
    outer loop
      vertex 13.083 12.7883 5.2
      vertex 13.1392 12.7 3
      vertex 13.1392 12.7 5.2
    endloop
  endfacet
  facet normal -0.991526 0.129911 0
    outer loop
      vertex 13.2818 -12.3084 3
      vertex 13.2954 -12.2046 5.2
      vertex 13.2954 -12.2046 3
    endloop
  endfacet
  facet normal -0.991526 0.129911 0
    outer loop
      vertex 13.2954 -12.2046 5.2
      vertex 13.2818 -12.3084 3
      vertex 13.2818 -12.3084 5.2
    endloop
  endfacet
  facet normal -0.382239 0.924063 0
    outer loop
      vertex 12.6071 -13.1876 3
      vertex 12.5104 -13.2276 5.2
      vertex 12.6071 -13.1876 5.2
    endloop
  endfacet
  facet normal -0.382239 0.924063 0
    outer loop
      vertex 12.5104 -13.2276 5.2
      vertex 12.6071 -13.1876 3
      vertex 12.5104 -13.2276 3
    endloop
  endfacet
  facet normal -0.300994 -0.953626 0
    outer loop
      vertex 12.4106 13.2591 3
      vertex 12.5104 13.2276 5.2
      vertex 12.4106 13.2591 5.2
    endloop
  endfacet
  facet normal -0.300994 -0.953626 -0
    outer loop
      vertex 12.5104 13.2276 5.2
      vertex 12.4106 13.2591 3
      vertex 12.5104 13.2276 3
    endloop
  endfacet
  facet normal 0.999034 0.0439346 0
    outer loop
      vertex -13.2954 -12.2046 5.2
      vertex -13.3 -12.1 3
      vertex -13.3 -12.1 5.2
    endloop
  endfacet
  facet normal 0.999034 0.0439346 0
    outer loop
      vertex -13.3 -12.1 3
      vertex -13.2954 -12.2046 5.2
      vertex -13.2954 -12.2046 3
    endloop
  endfacet
  facet normal -0.999034 0.0439346 0
    outer loop
      vertex 13.2954 -12.2046 3
      vertex 13.3 -12.1 5.2
      vertex 13.3 -12.1 3
    endloop
  endfacet
  facet normal -0.999034 0.0439346 0
    outer loop
      vertex 13.3 -12.1 5.2
      vertex 13.2954 -12.2046 3
      vertex 13.2954 -12.2046 5.2
    endloop
  endfacet
  facet normal 0.886857 -0.462044 0
    outer loop
      vertex -13.1876 12.6071 5.2
      vertex -13.1392 12.7 3
      vertex -13.1392 12.7 5.2
    endloop
  endfacet
  facet normal 0.886857 -0.462044 0
    outer loop
      vertex -13.1392 12.7 3
      vertex -13.1876 12.6071 5.2
      vertex -13.1876 12.6071 3
    endloop
  endfacet
  facet normal 0.843622 0.536937 0
    outer loop
      vertex -13.083 -12.7883 5.2
      vertex -13.1392 -12.7 3
      vertex -13.1392 -12.7 5.2
    endloop
  endfacet
  facet normal 0.843622 0.536937 0
    outer loop
      vertex -13.1392 -12.7 3
      vertex -13.083 -12.7883 5.2
      vertex -13.083 -12.7883 3
    endloop
  endfacet
  facet normal 0.886857 0.462044 0
    outer loop
      vertex -13.1392 -12.7 5.2
      vertex -13.1876 -12.6071 3
      vertex -13.1876 -12.6071 5.2
    endloop
  endfacet
  facet normal 0.886857 0.462044 0
    outer loop
      vertex -13.1876 -12.6071 3
      vertex -13.1392 -12.7 5.2
      vertex -13.1392 -12.7 3
    endloop
  endfacet
  facet normal 0.999034 -0.0439346 0
    outer loop
      vertex -13.3 12.1 5.2
      vertex -13.2954 12.2046 3
      vertex -13.2954 12.2046 5.2
    endloop
  endfacet
  facet normal 0.999034 -0.0439346 0
    outer loop
      vertex -13.2954 12.2046 3
      vertex -13.3 12.1 5.2
      vertex -13.3 12.1 3
    endloop
  endfacet
  facet normal -0.886857 0.462044 0
    outer loop
      vertex 13.1392 -12.7 3
      vertex 13.1876 -12.6071 5.2
      vertex 13.1876 -12.6071 3
    endloop
  endfacet
  facet normal -0.886857 0.462044 0
    outer loop
      vertex 13.1876 -12.6071 5.2
      vertex 13.1392 -12.7 3
      vertex 13.1392 -12.7 5.2
    endloop
  endfacet
  facet normal -0.924063 0.382239 0
    outer loop
      vertex 13.1876 -12.6071 3
      vertex 13.2276 -12.5104 5.2
      vertex 13.2276 -12.5104 3
    endloop
  endfacet
  facet normal -0.924063 0.382239 0
    outer loop
      vertex 13.2276 -12.5104 5.2
      vertex 13.1876 -12.6071 3
      vertex 13.1876 -12.6071 5.2
    endloop
  endfacet
  facet normal -0.97621 0.216829 0
    outer loop
      vertex 13.2591 -12.4106 3
      vertex 13.2818 -12.3084 5.2
      vertex 13.2818 -12.3084 3
    endloop
  endfacet
  facet normal -0.97621 0.216829 0
    outer loop
      vertex 13.2818 -12.3084 5.2
      vertex 13.2591 -12.4106 3
      vertex 13.2591 -12.4106 5.2
    endloop
  endfacet
  facet normal -0.216829 0.97621 0
    outer loop
      vertex 12.4106 -13.2591 3
      vertex 12.3084 -13.2818 5.2
      vertex 12.4106 -13.2591 5.2
    endloop
  endfacet
  facet normal -0.216829 0.97621 0
    outer loop
      vertex 12.3084 -13.2818 5.2
      vertex 12.4106 -13.2591 3
      vertex 12.3084 -13.2818 3
    endloop
  endfacet
  facet normal 0.216396 0.976306 -0
    outer loop
      vertex 16.2941 19.8296 0
      vertex 15.8682 19.924 3
      vertex 16.2941 19.8296 3
    endloop
  endfacet
  facet normal 0.216396 0.976306 0
    outer loop
      vertex 15.8682 19.924 3
      vertex 16.2941 19.8296 0
      vertex 15.8682 19.924 0
    endloop
  endfacet
  facet normal 0.461735 0.887018 -0
    outer loop
      vertex 17.5 19.3301 0
      vertex 17.1131 19.5315 3
      vertex 17.5 19.3301 3
    endloop
  endfacet
  facet normal 0.461735 0.887018 0
    outer loop
      vertex 17.1131 19.5315 3
      vertex 17.5 19.3301 0
      vertex 17.1131 19.5315 0
    endloop
  endfacet
  facet normal -0.737268 0.6756 0
    outer loop
      vertex -18.8302 18.2139 0
      vertex -18.5355 18.5355 3
      vertex -18.5355 18.5355 0
    endloop
  endfacet
  facet normal -0.737268 0.6756 0
    outer loop
      vertex -18.5355 18.5355 3
      vertex -18.8302 18.2139 0
      vertex -18.8302 18.2139 3
    endloop
  endfacet
  facet normal -0.923821 -0.382824 0
    outer loop
      vertex -19.5315 -17.1131 0
      vertex -19.6985 -16.7101 3
      vertex -19.6985 -16.7101 0
    endloop
  endfacet
  facet normal -0.923821 -0.382824 0
    outer loop
      vertex -19.6985 -16.7101 3
      vertex -19.5315 -17.1131 0
      vertex -19.5315 -17.1131 3
    endloop
  endfacet
  facet normal 0.923821 -0.382824 0
    outer loop
      vertex 19.5315 -17.1131 3
      vertex 19.6985 -16.7101 0
      vertex 19.6985 -16.7101 3
    endloop
  endfacet
  facet normal 0.923821 -0.382824 0
    outer loop
      vertex 19.6985 -16.7101 0
      vertex 19.5315 -17.1131 3
      vertex 19.5315 -17.1131 0
    endloop
  endfacet
  facet normal 0.130692 0.991423 -0
    outer loop
      vertex 15.8682 19.924 0
      vertex 15.4358 19.981 3
      vertex 15.8682 19.924 3
    endloop
  endfacet
  facet normal 0.130692 0.991423 0
    outer loop
      vertex 15.4358 19.981 3
      vertex 15.8682 19.924 0
      vertex 15.4358 19.981 0
    endloop
  endfacet
  facet normal 0 1 -0
    outer loop
      vertex 15 20 0
      vertex -15 20 3
      vertex 15 20 3
    endloop
  endfacet
  facet normal 0 1 0
    outer loop
      vertex -15 20 3
      vertex 15 20 0
      vertex -15 20 0
    endloop
  endfacet
  facet normal 0.130692 -0.991423 0
    outer loop
      vertex 15.4358 -19.981 0
      vertex 15.8682 -19.924 3
      vertex 15.4358 -19.981 3
    endloop
  endfacet
  facet normal 0.130692 -0.991423 0
    outer loop
      vertex 15.8682 -19.924 3
      vertex 15.4358 -19.981 0
      vertex 15.8682 -19.924 0
    endloop
  endfacet
  facet normal 0.216396 -0.976306 0
    outer loop
      vertex 15.8682 -19.924 0
      vertex 16.2941 -19.8296 3
      vertex 15.8682 -19.924 3
    endloop
  endfacet
  facet normal 0.216396 -0.976306 0
    outer loop
      vertex 16.2941 -19.8296 3
      vertex 15.8682 -19.924 0
      vertex 16.2941 -19.8296 0
    endloop
  endfacet
  facet normal -0.216396 0.976306 0
    outer loop
      vertex -15.8682 19.924 0
      vertex -16.2941 19.8296 3
      vertex -15.8682 19.924 3
    endloop
  endfacet
  facet normal -0.216396 0.976306 0
    outer loop
      vertex -16.2941 19.8296 3
      vertex -15.8682 19.924 0
      vertex -16.2941 19.8296 0
    endloop
  endfacet
  facet normal -0.999051 0.0435566 0
    outer loop
      vertex -20 15 0
      vertex -19.981 15.4358 3
      vertex -19.981 15.4358 0
    endloop
  endfacet
  facet normal -0.999051 0.0435566 0
    outer loop
      vertex -19.981 15.4358 3
      vertex -20 15 0
      vertex -20 15 3
    endloop
  endfacet
  facet normal 0.461735 -0.887018 0
    outer loop
      vertex 17.1131 -19.5315 0
      vertex 17.5 -19.3301 3
      vertex 17.1131 -19.5315 3
    endloop
  endfacet
  facet normal 0.461735 -0.887018 0
    outer loop
      vertex 17.5 -19.3301 3
      vertex 17.1131 -19.5315 0
      vertex 17.5 -19.3301 0
    endloop
  endfacet
  facet normal 0.300572 -0.953759 0
    outer loop
      vertex 16.2941 -19.8296 0
      vertex 16.7101 -19.6985 3
      vertex 16.2941 -19.8296 3
    endloop
  endfacet
  facet normal 0.300572 -0.953759 0
    outer loop
      vertex 16.7101 -19.6985 3
      vertex 16.2941 -19.8296 0
      vertex 16.7101 -19.6985 0
    endloop
  endfacet
  facet normal -1 0 0
    outer loop
      vertex -20 -15 0
      vertex -20 15 3
      vertex -20 15 0
    endloop
  endfacet
  facet normal -1 -0 0
    outer loop
      vertex -20 15 3
      vertex -20 -15 0
      vertex -20 -15 3
    endloop
  endfacet
  facet normal -0.953759 -0.300572 0
    outer loop
      vertex -19.6985 -16.7101 0
      vertex -19.8296 -16.2941 3
      vertex -19.8296 -16.2941 0
    endloop
  endfacet
  facet normal -0.953759 -0.300572 0
    outer loop
      vertex -19.8296 -16.2941 3
      vertex -19.6985 -16.7101 0
      vertex -19.6985 -16.7101 3
    endloop
  endfacet
  facet normal 0.923821 0.382824 0
    outer loop
      vertex 19.6985 16.7101 3
      vertex 19.5315 17.1131 0
      vertex 19.5315 17.1131 3
    endloop
  endfacet
  facet normal 0.923821 0.382824 0
    outer loop
      vertex 19.5315 17.1131 0
      vertex 19.6985 16.7101 3
      vertex 19.6985 16.7101 0
    endloop
  endfacet
  facet normal -0.6756 -0.737268 0
    outer loop
      vertex -18.5355 -18.5355 0
      vertex -18.2139 -18.8302 3
      vertex -18.5355 -18.5355 3
    endloop
  endfacet
  facet normal -0.6756 -0.737268 -0
    outer loop
      vertex -18.2139 -18.8302 3
      vertex -18.5355 -18.5355 0
      vertex -18.2139 -18.8302 0
    endloop
  endfacet
  facet normal 0.976306 -0.216396 0
    outer loop
      vertex 19.8296 -16.2941 3
      vertex 19.924 -15.8682 0
      vertex 19.924 -15.8682 3
    endloop
  endfacet
  facet normal 0.976306 -0.216396 0
    outer loop
      vertex 19.924 -15.8682 0
      vertex 19.8296 -16.2941 3
      vertex 19.8296 -16.2941 0
    endloop
  endfacet
  facet normal 0.0435566 -0.999051 0
    outer loop
      vertex 15 -20 0
      vertex 15.4358 -19.981 3
      vertex 15 -20 3
    endloop
  endfacet
  facet normal 0.0435566 -0.999051 0
    outer loop
      vertex 15.4358 -19.981 3
      vertex 15 -20 0
      vertex 15.4358 -19.981 0
    endloop
  endfacet
  facet normal 0 -1 0
    outer loop
      vertex -15 -20 0
      vertex 15 -20 3
      vertex -15 -20 3
    endloop
  endfacet
  facet normal 0 -1 -0
    outer loop
      vertex 15 -20 3
      vertex -15 -20 0
      vertex 15 -20 0
    endloop
  endfacet
  facet normal -0.537172 0.843473 0
    outer loop
      vertex -17.5 19.3301 0
      vertex -17.8679 19.0958 3
      vertex -17.5 19.3301 3
    endloop
  endfacet
  facet normal -0.537172 0.843473 0
    outer loop
      vertex -17.8679 19.0958 3
      vertex -17.5 19.3301 0
      vertex -17.8679 19.0958 0
    endloop
  endfacet
  facet normal -0.0435566 0.999051 0
    outer loop
      vertex -15 20 0
      vertex -15.4358 19.981 3
      vertex -15 20 3
    endloop
  endfacet
  facet normal -0.0435566 0.999051 0
    outer loop
      vertex -15.4358 19.981 3
      vertex -15 20 0
      vertex -15.4358 19.981 0
    endloop
  endfacet
  facet normal -0.130692 0.991423 0
    outer loop
      vertex -15.4358 19.981 0
      vertex -15.8682 19.924 3
      vertex -15.4358 19.981 3
    endloop
  endfacet
  facet normal -0.130692 0.991423 0
    outer loop
      vertex -15.8682 19.924 3
      vertex -15.4358 19.981 0
      vertex -15.8682 19.924 0
    endloop
  endfacet
  facet normal -0.887018 0.461735 0
    outer loop
      vertex -19.5315 17.1131 0
      vertex -19.3301 17.5 3
      vertex -19.3301 17.5 0
    endloop
  endfacet
  facet normal -0.887018 0.461735 0
    outer loop
      vertex -19.3301 17.5 3
      vertex -19.5315 17.1131 0
      vertex -19.5315 17.1131 3
    endloop
  endfacet
  facet normal 1 -0 0
    outer loop
      vertex 20 -15 3
      vertex 20 15 0
      vertex 20 15 3
    endloop
  endfacet
  facet normal 1 0 0
    outer loop
      vertex 20 15 0
      vertex 20 -15 3
      vertex 20 -15 0
    endloop
  endfacet
  facet normal 0.999051 0.0435566 0
    outer loop
      vertex 20 15 3
      vertex 19.981 15.4358 0
      vertex 19.981 15.4358 3
    endloop
  endfacet
  facet normal 0.999051 0.0435566 0
    outer loop
      vertex 19.981 15.4358 0
      vertex 20 15 3
      vertex 20 15 0
    endloop
  endfacet
  facet normal 0.843473 -0.537172 0
    outer loop
      vertex 19.0958 -17.8679 3
      vertex 19.3301 -17.5 0
      vertex 19.3301 -17.5 3
    endloop
  endfacet
  facet normal 0.843473 -0.537172 0
    outer loop
      vertex 19.3301 -17.5 0
      vertex 19.0958 -17.8679 3
      vertex 19.0958 -17.8679 0
    endloop
  endfacet
  facet normal 0.843473 0.537172 0
    outer loop
      vertex 19.3301 17.5 3
      vertex 19.0958 17.8679 0
      vertex 19.0958 17.8679 3
    endloop
  endfacet
  facet normal 0.843473 0.537172 0
    outer loop
      vertex 19.0958 17.8679 0
      vertex 19.3301 17.5 3
      vertex 19.3301 17.5 0
    endloop
  endfacet
  facet normal -0.216396 -0.976306 0
    outer loop
      vertex -16.2941 -19.8296 0
      vertex -15.8682 -19.924 3
      vertex -16.2941 -19.8296 3
    endloop
  endfacet
  facet normal -0.216396 -0.976306 -0
    outer loop
      vertex -15.8682 -19.924 3
      vertex -16.2941 -19.8296 0
      vertex -15.8682 -19.924 0
    endloop
  endfacet
  facet normal -0.300572 0.953759 0
    outer loop
      vertex -16.2941 19.8296 0
      vertex -16.7101 19.6985 3
      vertex -16.2941 19.8296 3
    endloop
  endfacet
  facet normal -0.300572 0.953759 0
    outer loop
      vertex -16.7101 19.6985 3
      vertex -16.2941 19.8296 0
      vertex -16.7101 19.6985 0
    endloop
  endfacet
  facet normal 0.991423 -0.130692 0
    outer loop
      vertex 19.924 -15.8682 3
      vertex 19.981 -15.4358 0
      vertex 19.981 -15.4358 3
    endloop
  endfacet
  facet normal 0.991423 -0.130692 0
    outer loop
      vertex 19.981 -15.4358 0
      vertex 19.924 -15.8682 3
      vertex 19.924 -15.8682 0
    endloop
  endfacet
  facet normal 0.887018 0.461735 0
    outer loop
      vertex 19.5315 17.1131 3
      vertex 19.3301 17.5 0
      vertex 19.3301 17.5 3
    endloop
  endfacet
  facet normal 0.887018 0.461735 0
    outer loop
      vertex 19.3301 17.5 0
      vertex 19.5315 17.1131 3
      vertex 19.5315 17.1131 0
    endloop
  endfacet
  facet normal -0.0435566 -0.999051 0
    outer loop
      vertex -15.4358 -19.981 0
      vertex -15 -20 3
      vertex -15.4358 -19.981 3
    endloop
  endfacet
  facet normal -0.0435566 -0.999051 -0
    outer loop
      vertex -15 -20 3
      vertex -15.4358 -19.981 0
      vertex -15 -20 0
    endloop
  endfacet
  facet normal 0.300572 0.953759 -0
    outer loop
      vertex 16.7101 19.6985 0
      vertex 16.2941 19.8296 3
      vertex 16.7101 19.6985 3
    endloop
  endfacet
  facet normal 0.300572 0.953759 0
    outer loop
      vertex 16.2941 19.8296 3
      vertex 16.7101 19.6985 0
      vertex 16.2941 19.8296 0
    endloop
  endfacet
  facet normal 0.991423 0.130692 0
    outer loop
      vertex 19.981 15.4358 3
      vertex 19.924 15.8682 0
      vertex 19.924 15.8682 3
    endloop
  endfacet
  facet normal 0.991423 0.130692 0
    outer loop
      vertex 19.924 15.8682 0
      vertex 19.981 15.4358 3
      vertex 19.981 15.4358 0
    endloop
  endfacet
  facet normal 0.6756 0.737268 -0
    outer loop
      vertex 18.5355 18.5355 0
      vertex 18.2139 18.8302 3
      vertex 18.5355 18.5355 3
    endloop
  endfacet
  facet normal 0.6756 0.737268 0
    outer loop
      vertex 18.2139 18.8302 3
      vertex 18.5355 18.5355 0
      vertex 18.2139 18.8302 0
    endloop
  endfacet
  facet normal -0.843473 -0.537172 0
    outer loop
      vertex -19.0958 -17.8679 0
      vertex -19.3301 -17.5 3
      vertex -19.3301 -17.5 0
    endloop
  endfacet
  facet normal -0.843473 -0.537172 0
    outer loop
      vertex -19.3301 -17.5 3
      vertex -19.0958 -17.8679 0
      vertex -19.0958 -17.8679 3
    endloop
  endfacet
  facet normal -0.382824 -0.923821 0
    outer loop
      vertex -17.1131 -19.5315 0
      vertex -16.7101 -19.6985 3
      vertex -17.1131 -19.5315 3
    endloop
  endfacet
  facet normal -0.382824 -0.923821 -0
    outer loop
      vertex -16.7101 -19.6985 3
      vertex -17.1131 -19.5315 0
      vertex -16.7101 -19.6985 0
    endloop
  endfacet
  facet normal -0.300572 -0.953759 0
    outer loop
      vertex -16.7101 -19.6985 0
      vertex -16.2941 -19.8296 3
      vertex -16.7101 -19.6985 3
    endloop
  endfacet
  facet normal -0.300572 -0.953759 -0
    outer loop
      vertex -16.2941 -19.8296 3
      vertex -16.7101 -19.6985 0
      vertex -16.2941 -19.8296 0
    endloop
  endfacet
  facet normal 0.0435566 0.999051 -0
    outer loop
      vertex 15.4358 19.981 0
      vertex 15 20 3
      vertex 15.4358 19.981 3
    endloop
  endfacet
  facet normal 0.0435566 0.999051 0
    outer loop
      vertex 15 20 3
      vertex 15.4358 19.981 0
      vertex 15 20 0
    endloop
  endfacet
  facet normal 0.999051 -0.0435566 0
    outer loop
      vertex 19.981 -15.4358 3
      vertex 20 -15 0
      vertex 20 -15 3
    endloop
  endfacet
  facet normal 0.999051 -0.0435566 0
    outer loop
      vertex 20 -15 0
      vertex 19.981 -15.4358 3
      vertex 19.981 -15.4358 0
    endloop
  endfacet
  facet normal 0.537172 0.843473 -0
    outer loop
      vertex 17.8679 19.0958 0
      vertex 17.5 19.3301 3
      vertex 17.8679 19.0958 3
    endloop
  endfacet
  facet normal 0.537172 0.843473 0
    outer loop
      vertex 17.5 19.3301 3
      vertex 17.8679 19.0958 0
      vertex 17.5 19.3301 0
    endloop
  endfacet
  facet normal -0.999051 -0.0435566 0
    outer loop
      vertex -19.981 -15.4358 0
      vertex -20 -15 3
      vertex -20 -15 0
    endloop
  endfacet
  facet normal -0.999051 -0.0435566 0
    outer loop
      vertex -20 -15 3
      vertex -19.981 -15.4358 0
      vertex -19.981 -15.4358 3
    endloop
  endfacet
  facet normal 0.737268 0.6756 0
    outer loop
      vertex 18.8302 18.2139 3
      vertex 18.5355 18.5355 0
      vertex 18.5355 18.5355 3
    endloop
  endfacet
  facet normal 0.737268 0.6756 0
    outer loop
      vertex 18.5355 18.5355 0
      vertex 18.8302 18.2139 3
      vertex 18.8302 18.2139 0
    endloop
  endfacet
  facet normal 0.953759 -0.300572 0
    outer loop
      vertex 19.6985 -16.7101 3
      vertex 19.8296 -16.2941 0
      vertex 19.8296 -16.2941 3
    endloop
  endfacet
  facet normal 0.953759 -0.300572 0
    outer loop
      vertex 19.8296 -16.2941 0
      vertex 19.6985 -16.7101 3
      vertex 19.6985 -16.7101 0
    endloop
  endfacet
  facet normal 0.382824 0.923821 -0
    outer loop
      vertex 17.1131 19.5315 0
      vertex 16.7101 19.6985 3
      vertex 17.1131 19.5315 3
    endloop
  endfacet
  facet normal 0.382824 0.923821 0
    outer loop
      vertex 16.7101 19.6985 3
      vertex 17.1131 19.5315 0
      vertex 16.7101 19.6985 0
    endloop
  endfacet
  facet normal -0.537172 -0.843473 0
    outer loop
      vertex -17.8679 -19.0958 0
      vertex -17.5 -19.3301 3
      vertex -17.8679 -19.0958 3
    endloop
  endfacet
  facet normal -0.537172 -0.843473 -0
    outer loop
      vertex -17.5 -19.3301 3
      vertex -17.8679 -19.0958 0
      vertex -17.5 -19.3301 0
    endloop
  endfacet
  facet normal 0.976306 0.216396 0
    outer loop
      vertex 19.924 15.8682 3
      vertex 19.8296 16.2941 0
      vertex 19.8296 16.2941 3
    endloop
  endfacet
  facet normal 0.976306 0.216396 0
    outer loop
      vertex 19.8296 16.2941 0
      vertex 19.924 15.8682 3
      vertex 19.924 15.8682 0
    endloop
  endfacet
  facet normal 0.953759 0.300572 0
    outer loop
      vertex 19.8296 16.2941 3
      vertex 19.6985 16.7101 0
      vertex 19.6985 16.7101 3
    endloop
  endfacet
  facet normal 0.953759 0.300572 0
    outer loop
      vertex 19.6985 16.7101 0
      vertex 19.8296 16.2941 3
      vertex 19.8296 16.2941 0
    endloop
  endfacet
  facet normal -0.991423 -0.130692 0
    outer loop
      vertex -19.924 -15.8682 0
      vertex -19.981 -15.4358 3
      vertex -19.981 -15.4358 0
    endloop
  endfacet
  facet normal -0.991423 -0.130692 0
    outer loop
      vertex -19.981 -15.4358 3
      vertex -19.924 -15.8682 0
      vertex -19.924 -15.8682 3
    endloop
  endfacet
  facet normal -0.130692 -0.991423 0
    outer loop
      vertex -15.8682 -19.924 0
      vertex -15.4358 -19.981 3
      vertex -15.8682 -19.924 3
    endloop
  endfacet
  facet normal -0.130692 -0.991423 -0
    outer loop
      vertex -15.4358 -19.981 3
      vertex -15.8682 -19.924 0
      vertex -15.4358 -19.981 0
    endloop
  endfacet
  facet normal 0.608913 0.793237 -0
    outer loop
      vertex 18.2139 18.8302 0
      vertex 17.8679 19.0958 3
      vertex 18.2139 18.8302 3
    endloop
  endfacet
  facet normal 0.608913 0.793237 0
    outer loop
      vertex 17.8679 19.0958 3
      vertex 18.2139 18.8302 0
      vertex 17.8679 19.0958 0
    endloop
  endfacet
  facet normal -0.991423 0.130692 0
    outer loop
      vertex -19.981 15.4358 0
      vertex -19.924 15.8682 3
      vertex -19.924 15.8682 0
    endloop
  endfacet
  facet normal -0.991423 0.130692 0
    outer loop
      vertex -19.924 15.8682 3
      vertex -19.981 15.4358 0
      vertex -19.981 15.4358 3
    endloop
  endfacet
  facet normal -0.461735 0.887018 0
    outer loop
      vertex -17.1131 19.5315 0
      vertex -17.5 19.3301 3
      vertex -17.1131 19.5315 3
    endloop
  endfacet
  facet normal -0.461735 0.887018 0
    outer loop
      vertex -17.5 19.3301 3
      vertex -17.1131 19.5315 0
      vertex -17.5 19.3301 0
    endloop
  endfacet
  facet normal -0.608913 -0.793237 0
    outer loop
      vertex -18.2139 -18.8302 0
      vertex -17.8679 -19.0958 3
      vertex -18.2139 -18.8302 3
    endloop
  endfacet
  facet normal -0.608913 -0.793237 -0
    outer loop
      vertex -17.8679 -19.0958 3
      vertex -18.2139 -18.8302 0
      vertex -17.8679 -19.0958 0
    endloop
  endfacet
  facet normal 0.793237 0.608913 0
    outer loop
      vertex 19.0958 17.8679 3
      vertex 18.8302 18.2139 0
      vertex 18.8302 18.2139 3
    endloop
  endfacet
  facet normal 0.793237 0.608913 0
    outer loop
      vertex 18.8302 18.2139 0
      vertex 19.0958 17.8679 3
      vertex 19.0958 17.8679 0
    endloop
  endfacet
  facet normal 0.382824 -0.923821 0
    outer loop
      vertex 16.7101 -19.6985 0
      vertex 17.1131 -19.5315 3
      vertex 16.7101 -19.6985 3
    endloop
  endfacet
  facet normal 0.382824 -0.923821 0
    outer loop
      vertex 17.1131 -19.5315 3
      vertex 16.7101 -19.6985 0
      vertex 17.1131 -19.5315 0
    endloop
  endfacet
  facet normal -0.737268 -0.6756 0
    outer loop
      vertex -18.5355 -18.5355 0
      vertex -18.8302 -18.2139 3
      vertex -18.8302 -18.2139 0
    endloop
  endfacet
  facet normal -0.737268 -0.6756 0
    outer loop
      vertex -18.8302 -18.2139 3
      vertex -18.5355 -18.5355 0
      vertex -18.5355 -18.5355 3
    endloop
  endfacet
  facet normal -0.976306 -0.216396 0
    outer loop
      vertex -19.8296 -16.2941 0
      vertex -19.924 -15.8682 3
      vertex -19.924 -15.8682 0
    endloop
  endfacet
  facet normal -0.976306 -0.216396 0
    outer loop
      vertex -19.924 -15.8682 3
      vertex -19.8296 -16.2941 0
      vertex -19.8296 -16.2941 3
    endloop
  endfacet
  facet normal -0.887018 -0.461735 0
    outer loop
      vertex -19.3301 -17.5 0
      vertex -19.5315 -17.1131 3
      vertex -19.5315 -17.1131 0
    endloop
  endfacet
  facet normal -0.887018 -0.461735 0
    outer loop
      vertex -19.5315 -17.1131 3
      vertex -19.3301 -17.5 0
      vertex -19.3301 -17.5 3
    endloop
  endfacet
  facet normal -0.793237 -0.608913 0
    outer loop
      vertex -18.8302 -18.2139 0
      vertex -19.0958 -17.8679 3
      vertex -19.0958 -17.8679 0
    endloop
  endfacet
  facet normal -0.793237 -0.608913 0
    outer loop
      vertex -19.0958 -17.8679 3
      vertex -18.8302 -18.2139 0
      vertex -18.8302 -18.2139 3
    endloop
  endfacet
  facet normal 0.793237 -0.608913 0
    outer loop
      vertex 18.8302 -18.2139 3
      vertex 19.0958 -17.8679 0
      vertex 19.0958 -17.8679 3
    endloop
  endfacet
  facet normal 0.793237 -0.608913 0
    outer loop
      vertex 19.0958 -17.8679 0
      vertex 18.8302 -18.2139 3
      vertex 18.8302 -18.2139 0
    endloop
  endfacet
  facet normal -0.793237 0.608913 0
    outer loop
      vertex -19.0958 17.8679 0
      vertex -18.8302 18.2139 3
      vertex -18.8302 18.2139 0
    endloop
  endfacet
  facet normal -0.793237 0.608913 0
    outer loop
      vertex -18.8302 18.2139 3
      vertex -19.0958 17.8679 0
      vertex -19.0958 17.8679 3
    endloop
  endfacet
  facet normal 0 0 -1
    outer loop
      vertex 1.59748 -16.4186 0
      vertex 15 -20 0
      vertex 1.64207 -16.56 0
    endloop
  endfacet
  facet normal 0 0 -1
    outer loop
      vertex 20 15 0
      vertex 1.69353 16.8518 0
      vertex 1.7 17 0
    endloop
  endfacet
  facet normal 0 0 -1
    outer loop
      vertex 1.54072 -16.2815 0
      vertex 15 -20 0
      vertex 1.59748 -16.4186 0
    endloop
  endfacet
  facet normal 0 0 -1
    outer loop
      vertex 20 15 0
      vertex 1.67417 16.7048 0
      vertex 1.69353 16.8518 0
    endloop
  endfacet
  facet normal 0 0 -1
    outer loop
      vertex 1.47224 -16.15 0
      vertex 15 -20 0
      vertex 1.54072 -16.2815 0
    endloop
  endfacet
  facet normal 0 0 -1
    outer loop
      vertex 20 15 0
      vertex 1.64207 16.56 0
      vertex 1.67417 16.7048 0
    endloop
  endfacet
  facet normal 0 0 -1
    outer loop
      vertex 15 -20 0
      vertex 1.47224 -16.15 0
      vertex 20 -15 0
    endloop
  endfacet
  facet normal 0 0 -1
    outer loop
      vertex 20 15 0
      vertex 1.59748 16.4186 0
      vertex 1.64207 16.56 0
    endloop
  endfacet
  facet normal 0 0 -1
    outer loop
      vertex 1.39256 -16.0249 0
      vertex 20 -15 0
      vertex 1.47224 -16.15 0
    endloop
  endfacet
  facet normal 0 0 -1
    outer loop
      vertex 20 15 0
      vertex 1.54072 16.2815 0
      vertex 1.59748 16.4186 0
    endloop
  endfacet
  facet normal 0 0 -1
    outer loop
      vertex 1.30227 -15.9073 0
      vertex 20 -15 0
      vertex 1.39256 -16.0249 0
    endloop
  endfacet
  facet normal 0 0 -1
    outer loop
      vertex 20 15 0
      vertex 1.47224 16.15 0
      vertex 1.54072 16.2815 0
    endloop
  endfacet
  facet normal 0 0 -1
    outer loop
      vertex 1.20208 -15.7979 0
      vertex 20 -15 0
      vertex 1.30227 -15.9073 0
    endloop
  endfacet
  facet normal 0 0 -1
    outer loop
      vertex 20 15 0
      vertex 1.39256 16.0249 0
      vertex 1.47224 16.15 0
    endloop
  endfacet
  facet normal 0 0 -1
    outer loop
      vertex 1.09274 -15.6977 0
      vertex 20 -15 0
      vertex 1.20208 -15.7979 0
    endloop
  endfacet
  facet normal 0 0 -1
    outer loop
      vertex 20 15 0
      vertex 1.30227 15.9073 0
      vertex 1.39256 16.0249 0
    endloop
  endfacet
  facet normal 0 0 -1
    outer loop
      vertex 0.97508 -15.6074 0
      vertex 20 -15 0
      vertex 1.09274 -15.6977 0
    endloop
  endfacet
  facet normal 0 0 -1
    outer loop
      vertex 20 15 0
      vertex 1.20208 15.7979 0
      vertex 1.30227 15.9073 0
    endloop
  endfacet
  facet normal 0 0 -1
    outer loop
      vertex 0.849999 -15.5278 0
      vertex 20 -15 0
      vertex 0.97508 -15.6074 0
    endloop
  endfacet
  facet normal 0 0 -1
    outer loop
      vertex 20 15 0
      vertex 1.09274 15.6977 0
      vertex 1.20208 15.7979 0
    endloop
  endfacet
  facet normal -0 0 -1
    outer loop
      vertex 20 -15 0
      vertex 0.849999 -15.5278 0
      vertex 20 15 0
    endloop
  endfacet
  facet normal 0 0 -1
    outer loop
      vertex 20 15 0
      vertex 0.97508 15.6074 0
      vertex 1.09274 15.6977 0
    endloop
  endfacet
  facet normal 0 0 -1
    outer loop
      vertex 0.849999 15.5278 0
      vertex 20 15 0
      vertex 0.849999 -15.5278 0
    endloop
  endfacet
  facet normal 0 0 -1
    outer loop
      vertex 20 15 0
      vertex 0.849999 15.5278 0
      vertex 0.97508 15.6074 0
    endloop
  endfacet
  facet normal 0 0 -1
    outer loop
      vertex 0.718451 -15.4593 0
      vertex 0.849999 15.5278 0
      vertex 0.849999 -15.5278 0
    endloop
  endfacet
  facet normal 0 0 -1
    outer loop
      vertex 0.718451 -15.4593 0
      vertex 0.718451 15.4593 0
      vertex 0.849999 15.5278 0
    endloop
  endfacet
  facet normal 0 0 -1
    outer loop
      vertex 0.581433 -15.4025 0
      vertex 0.718451 15.4593 0
      vertex 0.718451 -15.4593 0
    endloop
  endfacet
  facet normal 0 0 -1
    outer loop
      vertex 0.581433 -15.4025 0
      vertex 0.581433 15.4025 0
      vertex 0.718451 15.4593 0
    endloop
  endfacet
  facet normal 0 0 -1
    outer loop
      vertex 0.439992 -15.3579 0
      vertex 0.581433 15.4025 0
      vertex 0.581433 -15.4025 0
    endloop
  endfacet
  facet normal 0 0 -1
    outer loop
      vertex 0.439992 -15.3579 0
      vertex 0.439992 15.3579 0
      vertex 0.581433 15.4025 0
    endloop
  endfacet
  facet normal 0 0 -1
    outer loop
      vertex 0.295201 -15.3258 0
      vertex 0.439992 15.3579 0
      vertex 0.439992 -15.3579 0
    endloop
  endfacet
  facet normal 0 0 -1
    outer loop
      vertex 0.295201 -15.3258 0
      vertex 0.295201 15.3258 0
      vertex 0.439992 15.3579 0
    endloop
  endfacet
  facet normal 0 0 -1
    outer loop
      vertex 0.148165 -15.3065 0
      vertex 0.295201 15.3258 0
      vertex 0.295201 -15.3258 0
    endloop
  endfacet
  facet normal 0 0 -1
    outer loop
      vertex 0.148165 -15.3065 0
      vertex 0.148165 15.3065 0
      vertex 0.295201 15.3258 0
    endloop
  endfacet
  facet normal 0 0 -1
    outer loop
      vertex 0 -15.3 0
      vertex 0.148165 15.3065 0
      vertex 0.148165 -15.3065 0
    endloop
  endfacet
  facet normal 0 0 -1
    outer loop
      vertex 0 -15.3 0
      vertex 0 15.3 0
      vertex 0.148165 15.3065 0
    endloop
  endfacet
  facet normal 0 0 -1
    outer loop
      vertex -0.148165 -15.3065 0
      vertex 0 15.3 0
      vertex 0 -15.3 0
    endloop
  endfacet
  facet normal 0 0 -1
    outer loop
      vertex -0.148165 -15.3065 0
      vertex -0.148165 15.3065 0
      vertex 0 15.3 0
    endloop
  endfacet
  facet normal 0 0 -1
    outer loop
      vertex -0.295201 -15.3258 0
      vertex -0.148165 15.3065 0
      vertex -0.148165 -15.3065 0
    endloop
  endfacet
  facet normal 0 0 -1
    outer loop
      vertex -0.295201 -15.3258 0
      vertex -0.295201 15.3258 0
      vertex -0.148165 15.3065 0
    endloop
  endfacet
  facet normal 0 0 -1
    outer loop
      vertex -0.439992 -15.3579 0
      vertex -0.295201 15.3258 0
      vertex -0.295201 -15.3258 0
    endloop
  endfacet
  facet normal 0 0 -1
    outer loop
      vertex -0.439992 -15.3579 0
      vertex -0.439992 15.3579 0
      vertex -0.295201 15.3258 0
    endloop
  endfacet
  facet normal 0 0 -1
    outer loop
      vertex -0.581433 -15.4025 0
      vertex -0.439992 15.3579 0
      vertex -0.439992 -15.3579 0
    endloop
  endfacet
  facet normal 0 0 -1
    outer loop
      vertex -0.581433 -15.4025 0
      vertex -0.581433 15.4025 0
      vertex -0.439992 15.3579 0
    endloop
  endfacet
  facet normal 0 0 -1
    outer loop
      vertex -0.718451 -15.4593 0
      vertex -0.581433 15.4025 0
      vertex -0.581433 -15.4025 0
    endloop
  endfacet
  facet normal 0 0 -1
    outer loop
      vertex -0.718451 -15.4593 0
      vertex -0.718451 15.4593 0
      vertex -0.581433 15.4025 0
    endloop
  endfacet
  facet normal 0 0 -1
    outer loop
      vertex -0.849999 -15.5278 0
      vertex -0.718451 15.4593 0
      vertex -0.718451 -15.4593 0
    endloop
  endfacet
  facet normal 0 0 -1
    outer loop
      vertex -0.849999 -15.5278 0
      vertex -0.849999 15.5278 0
      vertex -0.718451 15.4593 0
    endloop
  endfacet
  facet normal 0 0 -1
    outer loop
      vertex -20 -15 0
      vertex -0.849999 -15.5278 0
      vertex -0.97508 -15.6074 0
    endloop
  endfacet
  facet normal 0 0 -1
    outer loop
      vertex -0.849999 -15.5278 0
      vertex -20 -15 0
      vertex -0.849999 15.5278 0
    endloop
  endfacet
  facet normal 0 0 -1
    outer loop
      vertex -20 -15 0
      vertex -0.97508 -15.6074 0
      vertex -1.09274 -15.6977 0
    endloop
  endfacet
  facet normal 0 0 -1
    outer loop
      vertex -20 15 0
      vertex -0.849999 15.5278 0
      vertex -20 -15 0
    endloop
  endfacet
  facet normal 0 0 -1
    outer loop
      vertex -20 -15 0
      vertex -1.09274 -15.6977 0
      vertex -1.20208 -15.7979 0
    endloop
  endfacet
  facet normal -0 0 -1
    outer loop
      vertex -0.849999 15.5278 0
      vertex -20 15 0
      vertex -0.97508 15.6074 0
    endloop
  endfacet
  facet normal 0 0 -1
    outer loop
      vertex -20 -15 0
      vertex -1.20208 -15.7979 0
      vertex -1.30227 -15.9073 0
    endloop
  endfacet
  facet normal -0 0 -1
    outer loop
      vertex -0.97508 15.6074 0
      vertex -20 15 0
      vertex -1.09274 15.6977 0
    endloop
  endfacet
  facet normal 0 0 -1
    outer loop
      vertex -20 -15 0
      vertex -1.30227 -15.9073 0
      vertex -1.39256 -16.0249 0
    endloop
  endfacet
  facet normal -0 0 -1
    outer loop
      vertex -1.09274 15.6977 0
      vertex -20 15 0
      vertex -1.20208 15.7979 0
    endloop
  endfacet
  facet normal 0 0 -1
    outer loop
      vertex -20 -15 0
      vertex -1.39256 -16.0249 0
      vertex -1.47224 -16.15 0
    endloop
  endfacet
  facet normal -0 0 -1
    outer loop
      vertex -1.20208 15.7979 0
      vertex -20 15 0
      vertex -1.30227 15.9073 0
    endloop
  endfacet
  facet normal 0 0 -1
    outer loop
      vertex -15 -20 0
      vertex -1.47224 -16.15 0
      vertex -1.54072 -16.2815 0
    endloop
  endfacet
  facet normal -0 0 -1
    outer loop
      vertex -1.30227 15.9073 0
      vertex -20 15 0
      vertex -1.39256 16.0249 0
    endloop
  endfacet
  facet normal 0 0 -1
    outer loop
      vertex -15 -20 0
      vertex -1.54072 -16.2815 0
      vertex -1.59748 -16.4186 0
    endloop
  endfacet
  facet normal -0 0 -1
    outer loop
      vertex -1.39256 16.0249 0
      vertex -20 15 0
      vertex -1.47224 16.15 0
    endloop
  endfacet
  facet normal 0 0 -1
    outer loop
      vertex -15 -20 0
      vertex -1.59748 -16.4186 0
      vertex -1.64207 -16.56 0
    endloop
  endfacet
  facet normal 0 -0 -1
    outer loop
      vertex -15 20 0
      vertex -1.47224 16.15 0
      vertex -20 15 0
    endloop
  endfacet
  facet normal 0 0 -1
    outer loop
      vertex -15 -20 0
      vertex -1.64207 -16.56 0
      vertex -1.67417 -16.7048 0
    endloop
  endfacet
  facet normal 0 0 -1
    outer loop
      vertex -1.47224 16.15 0
      vertex -15 20 0
      vertex -1.54072 16.2815 0
    endloop
  endfacet
  facet normal 0 0 -1
    outer loop
      vertex -15 -20 0
      vertex -1.67417 -16.7048 0
      vertex -1.69353 -16.8518 0
    endloop
  endfacet
  facet normal 0 0 -1
    outer loop
      vertex -1.54072 16.2815 0
      vertex -15 20 0
      vertex -1.59748 16.4186 0
    endloop
  endfacet
  facet normal 0 0 -1
    outer loop
      vertex -15 -20 0
      vertex -1.69353 -16.8518 0
      vertex -1.7 -17 0
    endloop
  endfacet
  facet normal 0 0 -1
    outer loop
      vertex -1.59748 16.4186 0
      vertex -15 20 0
      vertex -1.64207 16.56 0
    endloop
  endfacet
  facet normal 0 0 -1
    outer loop
      vertex 15 -20 0
      vertex 20 -15 0
      vertex 19.981 -15.4358 0
    endloop
  endfacet
  facet normal 0 0 -1
    outer loop
      vertex 1.67417 -16.7048 0
      vertex 15 -20 0
      vertex 1.69353 -16.8518 0
    endloop
  endfacet
  facet normal 0 0 -1
    outer loop
      vertex 15 -20 0
      vertex 19.981 -15.4358 0
      vertex 19.924 -15.8682 0
    endloop
  endfacet
  facet normal 0 0 -1
    outer loop
      vertex 1.64207 -16.56 0
      vertex 15 -20 0
      vertex 1.67417 -16.7048 0
    endloop
  endfacet
  facet normal 0 0 -1
    outer loop
      vertex 15 -20 0
      vertex 19.924 -15.8682 0
      vertex 19.8296 -16.2941 0
    endloop
  endfacet
  facet normal 0 -0 -1
    outer loop
      vertex 15 20 0
      vertex 20 15 0
      vertex 1.7 17 0
    endloop
  endfacet
  facet normal 0 0 -1
    outer loop
      vertex 15 -20 0
      vertex 19.8296 -16.2941 0
      vertex 19.6985 -16.7101 0
    endloop
  endfacet
  facet normal 0 0 -1
    outer loop
      vertex 20 15 0
      vertex 15 20 0
      vertex 19.981 15.4358 0
    endloop
  endfacet
  facet normal 0 0 -1
    outer loop
      vertex 15 -20 0
      vertex 19.6985 -16.7101 0
      vertex 19.5315 -17.1131 0
    endloop
  endfacet
  facet normal 0 0 -1
    outer loop
      vertex 19.981 15.4358 0
      vertex 15 20 0
      vertex 19.924 15.8682 0
    endloop
  endfacet
  facet normal 0 0 -1
    outer loop
      vertex 15 -20 0
      vertex 19.5315 -17.1131 0
      vertex 19.3301 -17.5 0
    endloop
  endfacet
  facet normal 0 0 -1
    outer loop
      vertex 19.924 15.8682 0
      vertex 15 20 0
      vertex 19.8296 16.2941 0
    endloop
  endfacet
  facet normal 0 0 -1
    outer loop
      vertex 15 -20 0
      vertex 19.3301 -17.5 0
      vertex 19.0958 -17.8679 0
    endloop
  endfacet
  facet normal 0 0 -1
    outer loop
      vertex 19.8296 16.2941 0
      vertex 15 20 0
      vertex 19.6985 16.7101 0
    endloop
  endfacet
  facet normal 0 0 -1
    outer loop
      vertex 15 -20 0
      vertex 19.0958 -17.8679 0
      vertex 18.8302 -18.2139 0
    endloop
  endfacet
  facet normal 0 0 -1
    outer loop
      vertex 19.6985 16.7101 0
      vertex 15 20 0
      vertex 19.5315 17.1131 0
    endloop
  endfacet
  facet normal 0 0 -1
    outer loop
      vertex 15 -20 0
      vertex 18.8302 -18.2139 0
      vertex 18.5355 -18.5355 0
    endloop
  endfacet
  facet normal 0 0 -1
    outer loop
      vertex 19.5315 17.1131 0
      vertex 15 20 0
      vertex 19.3301 17.5 0
    endloop
  endfacet
  facet normal 0 0 -1
    outer loop
      vertex 15 -20 0
      vertex 18.5355 -18.5355 0
      vertex 18.2139 -18.8302 0
    endloop
  endfacet
  facet normal 0 0 -1
    outer loop
      vertex 19.3301 17.5 0
      vertex 15 20 0
      vertex 19.0958 17.8679 0
    endloop
  endfacet
  facet normal 0 0 -1
    outer loop
      vertex 15 -20 0
      vertex 18.2139 -18.8302 0
      vertex 17.8679 -19.0958 0
    endloop
  endfacet
  facet normal 0 0 -1
    outer loop
      vertex 19.0958 17.8679 0
      vertex 15 20 0
      vertex 18.8302 18.2139 0
    endloop
  endfacet
  facet normal 0 0 -1
    outer loop
      vertex 15 -20 0
      vertex 17.8679 -19.0958 0
      vertex 17.5 -19.3301 0
    endloop
  endfacet
  facet normal 0 0 -1
    outer loop
      vertex 18.8302 18.2139 0
      vertex 15 20 0
      vertex 18.5355 18.5355 0
    endloop
  endfacet
  facet normal 0 0 -1
    outer loop
      vertex 15 -20 0
      vertex 17.5 -19.3301 0
      vertex 17.1131 -19.5315 0
    endloop
  endfacet
  facet normal 0 0 -1
    outer loop
      vertex 18.5355 18.5355 0
      vertex 15 20 0
      vertex 18.2139 18.8302 0
    endloop
  endfacet
  facet normal 0 0 -1
    outer loop
      vertex 15 -20 0
      vertex 17.1131 -19.5315 0
      vertex 16.7101 -19.6985 0
    endloop
  endfacet
  facet normal 0 0 -1
    outer loop
      vertex 1.69353 -16.8518 0
      vertex 15 -20 0
      vertex 1.7 -17 0
    endloop
  endfacet
  facet normal 0 0 -1
    outer loop
      vertex 15 -20 0
      vertex 16.7101 -19.6985 0
      vertex 16.2941 -19.8296 0
    endloop
  endfacet
  facet normal 0 0 -1
    outer loop
      vertex 18.2139 18.8302 0
      vertex 15 20 0
      vertex 17.8679 19.0958 0
    endloop
  endfacet
  facet normal 0 0 -1
    outer loop
      vertex 15 -20 0
      vertex 16.2941 -19.8296 0
      vertex 15.8682 -19.924 0
    endloop
  endfacet
  facet normal 0 0 -1
    outer loop
      vertex 17.1131 19.5315 0
      vertex 15 20 0
      vertex 16.7101 19.6985 0
    endloop
  endfacet
  facet normal 0 0 -1
    outer loop
      vertex 15 -20 0
      vertex 15.8682 -19.924 0
      vertex 15.4358 -19.981 0
    endloop
  endfacet
  facet normal 0 0 -1
    outer loop
      vertex 16.7101 19.6985 0
      vertex 15 20 0
      vertex 16.2941 19.8296 0
    endloop
  endfacet
  facet normal 0 0 -1
    outer loop
      vertex 16.2941 19.8296 0
      vertex 15 20 0
      vertex 15.8682 19.924 0
    endloop
  endfacet
  facet normal 0 0 -1
    outer loop
      vertex 15.8682 19.924 0
      vertex 15 20 0
      vertex 15.4358 19.981 0
    endloop
  endfacet
  facet normal 0 0 -1
    outer loop
      vertex 17.8679 19.0958 0
      vertex 15 20 0
      vertex 17.5 19.3301 0
    endloop
  endfacet
  facet normal 0 0 -1
    outer loop
      vertex 15 -20 0
      vertex 1.69353 -17.1482 0
      vertex 1.7 -17 0
    endloop
  endfacet
  facet normal 0 0 -1
    outer loop
      vertex 15 -20 0
      vertex 1.67417 -17.2952 0
      vertex 1.69353 -17.1482 0
    endloop
  endfacet
  facet normal 0 0 -1
    outer loop
      vertex 15 -20 0
      vertex 1.64207 -17.44 0
      vertex 1.67417 -17.2952 0
    endloop
  endfacet
  facet normal 0 0 -1
    outer loop
      vertex 15 -20 0
      vertex 1.59748 -17.5814 0
      vertex 1.64207 -17.44 0
    endloop
  endfacet
  facet normal 0 0 -1
    outer loop
      vertex 15 -20 0
      vertex 1.54072 -17.7185 0
      vertex 1.59748 -17.5814 0
    endloop
  endfacet
  facet normal 0 0 -1
    outer loop
      vertex 15 -20 0
      vertex 1.47224 -17.85 0
      vertex 1.54072 -17.7185 0
    endloop
  endfacet
  facet normal 0 0 -1
    outer loop
      vertex 15 -20 0
      vertex 1.39256 -17.9751 0
      vertex 1.47224 -17.85 0
    endloop
  endfacet
  facet normal 0 0 -1
    outer loop
      vertex 15 -20 0
      vertex 1.30227 -18.0927 0
      vertex 1.39256 -17.9751 0
    endloop
  endfacet
  facet normal 0 0 -1
    outer loop
      vertex 15 -20 0
      vertex 1.20208 -18.2021 0
      vertex 1.30227 -18.0927 0
    endloop
  endfacet
  facet normal 0 0 -1
    outer loop
      vertex 15 -20 0
      vertex 1.09274 -18.3023 0
      vertex 1.20208 -18.2021 0
    endloop
  endfacet
  facet normal 0 0 -1
    outer loop
      vertex 15 -20 0
      vertex 0.97508 -18.3926 0
      vertex 1.09274 -18.3023 0
    endloop
  endfacet
  facet normal 0 0 -1
    outer loop
      vertex 15 -20 0
      vertex 0.849999 -18.4722 0
      vertex 0.97508 -18.3926 0
    endloop
  endfacet
  facet normal 0 0 -1
    outer loop
      vertex 15 -20 0
      vertex 0.718451 -18.5407 0
      vertex 0.849999 -18.4722 0
    endloop
  endfacet
  facet normal 0 0 -1
    outer loop
      vertex 15 -20 0
      vertex 0.581433 -18.5975 0
      vertex 0.718451 -18.5407 0
    endloop
  endfacet
  facet normal 0 0 -1
    outer loop
      vertex 15 -20 0
      vertex 0.439992 -18.6421 0
      vertex 0.581433 -18.5975 0
    endloop
  endfacet
  facet normal 0 0 -1
    outer loop
      vertex 15 -20 0
      vertex 0.295201 -18.6742 0
      vertex 0.439992 -18.6421 0
    endloop
  endfacet
  facet normal 0 0 -1
    outer loop
      vertex 15 -20 0
      vertex 0.148165 -18.6935 0
      vertex 0.295201 -18.6742 0
    endloop
  endfacet
  facet normal 0 0 -1
    outer loop
      vertex 15 -20 0
      vertex 0 -18.7 0
      vertex 0.148165 -18.6935 0
    endloop
  endfacet
  facet normal 0 0 -1
    outer loop
      vertex -15 -20 0
      vertex 0 -18.7 0
      vertex 15 -20 0
    endloop
  endfacet
  facet normal -0 0 -1
    outer loop
      vertex -1.47224 -16.15 0
      vertex -15 -20 0
      vertex -20 -15 0
    endloop
  endfacet
  facet normal -0 0 -1
    outer loop
      vertex -1.69353 -17.1482 0
      vertex -15 -20 0
      vertex -1.7 -17 0
    endloop
  endfacet
  facet normal -0 0 -1
    outer loop
      vertex -1.67417 -17.2952 0
      vertex -15 -20 0
      vertex -1.69353 -17.1482 0
    endloop
  endfacet
  facet normal -0 0 -1
    outer loop
      vertex -1.64207 -17.44 0
      vertex -15 -20 0
      vertex -1.67417 -17.2952 0
    endloop
  endfacet
  facet normal -0 0 -1
    outer loop
      vertex -1.59748 -17.5814 0
      vertex -15 -20 0
      vertex -1.64207 -17.44 0
    endloop
  endfacet
  facet normal -0 0 -1
    outer loop
      vertex -1.54072 -17.7185 0
      vertex -15 -20 0
      vertex -1.59748 -17.5814 0
    endloop
  endfacet
  facet normal -0 0 -1
    outer loop
      vertex -1.47224 -17.85 0
      vertex -15 -20 0
      vertex -1.54072 -17.7185 0
    endloop
  endfacet
  facet normal -0 0 -1
    outer loop
      vertex -1.39256 -17.9751 0
      vertex -15 -20 0
      vertex -1.47224 -17.85 0
    endloop
  endfacet
  facet normal -0 0 -1
    outer loop
      vertex -1.30227 -18.0927 0
      vertex -15 -20 0
      vertex -1.39256 -17.9751 0
    endloop
  endfacet
  facet normal -0 0 -1
    outer loop
      vertex -1.20208 -18.2021 0
      vertex -15 -20 0
      vertex -1.30227 -18.0927 0
    endloop
  endfacet
  facet normal -0 0 -1
    outer loop
      vertex -1.09274 -18.3023 0
      vertex -15 -20 0
      vertex -1.20208 -18.2021 0
    endloop
  endfacet
  facet normal -0 0 -1
    outer loop
      vertex -0.97508 -18.3926 0
      vertex -15 -20 0
      vertex -1.09274 -18.3023 0
    endloop
  endfacet
  facet normal -0 0 -1
    outer loop
      vertex -0.849999 -18.4722 0
      vertex -15 -20 0
      vertex -0.97508 -18.3926 0
    endloop
  endfacet
  facet normal -0 0 -1
    outer loop
      vertex -0.718451 -18.5407 0
      vertex -15 -20 0
      vertex -0.849999 -18.4722 0
    endloop
  endfacet
  facet normal -0 0 -1
    outer loop
      vertex -0.581433 -18.5975 0
      vertex -15 -20 0
      vertex -0.718451 -18.5407 0
    endloop
  endfacet
  facet normal -0 0 -1
    outer loop
      vertex -0.439992 -18.6421 0
      vertex -15 -20 0
      vertex -0.581433 -18.5975 0
    endloop
  endfacet
  facet normal -0 0 -1
    outer loop
      vertex -0.295201 -18.6742 0
      vertex -15 -20 0
      vertex -0.439992 -18.6421 0
    endloop
  endfacet
  facet normal -0 0 -1
    outer loop
      vertex -0.148165 -18.6935 0
      vertex -15 -20 0
      vertex -0.295201 -18.6742 0
    endloop
  endfacet
  facet normal -0 0 -1
    outer loop
      vertex 0 -18.7 0
      vertex -15 -20 0
      vertex -0.148165 -18.6935 0
    endloop
  endfacet
  facet normal 0 0 -1
    outer loop
      vertex 17.5 19.3301 0
      vertex 15 20 0
      vertex 17.1131 19.5315 0
    endloop
  endfacet
  facet normal 0 0 -1
    outer loop
      vertex 1.69353 17.1482 0
      vertex 15 20 0
      vertex 1.7 17 0
    endloop
  endfacet
  facet normal 0 0 -1
    outer loop
      vertex 1.67417 17.2952 0
      vertex 15 20 0
      vertex 1.69353 17.1482 0
    endloop
  endfacet
  facet normal 0 0 -1
    outer loop
      vertex 1.64207 17.44 0
      vertex 15 20 0
      vertex 1.67417 17.2952 0
    endloop
  endfacet
  facet normal 0 0 -1
    outer loop
      vertex 1.59748 17.5814 0
      vertex 15 20 0
      vertex 1.64207 17.44 0
    endloop
  endfacet
  facet normal 0 0 -1
    outer loop
      vertex 1.54072 17.7185 0
      vertex 15 20 0
      vertex 1.59748 17.5814 0
    endloop
  endfacet
  facet normal 0 0 -1
    outer loop
      vertex 1.47224 17.85 0
      vertex 15 20 0
      vertex 1.54072 17.7185 0
    endloop
  endfacet
  facet normal 0 0 -1
    outer loop
      vertex 1.39256 17.9751 0
      vertex 15 20 0
      vertex 1.47224 17.85 0
    endloop
  endfacet
  facet normal 0 0 -1
    outer loop
      vertex 1.30227 18.0927 0
      vertex 15 20 0
      vertex 1.39256 17.9751 0
    endloop
  endfacet
  facet normal 0 0 -1
    outer loop
      vertex 1.20208 18.2021 0
      vertex 15 20 0
      vertex 1.30227 18.0927 0
    endloop
  endfacet
  facet normal 0 0 -1
    outer loop
      vertex 1.09274 18.3023 0
      vertex 15 20 0
      vertex 1.20208 18.2021 0
    endloop
  endfacet
  facet normal 0 0 -1
    outer loop
      vertex 0.97508 18.3926 0
      vertex 15 20 0
      vertex 1.09274 18.3023 0
    endloop
  endfacet
  facet normal 0 0 -1
    outer loop
      vertex 0.849999 18.4722 0
      vertex 15 20 0
      vertex 0.97508 18.3926 0
    endloop
  endfacet
  facet normal 0 0 -1
    outer loop
      vertex 0.718451 18.5407 0
      vertex 15 20 0
      vertex 0.849999 18.4722 0
    endloop
  endfacet
  facet normal 0 0 -1
    outer loop
      vertex 0.581433 18.5975 0
      vertex 15 20 0
      vertex 0.718451 18.5407 0
    endloop
  endfacet
  facet normal 0 0 -1
    outer loop
      vertex 0.439992 18.6421 0
      vertex 15 20 0
      vertex 0.581433 18.5975 0
    endloop
  endfacet
  facet normal 0 0 -1
    outer loop
      vertex 0.295201 18.6742 0
      vertex 15 20 0
      vertex 0.439992 18.6421 0
    endloop
  endfacet
  facet normal 0 0 -1
    outer loop
      vertex 0.148165 18.6935 0
      vertex 15 20 0
      vertex 0.295201 18.6742 0
    endloop
  endfacet
  facet normal 0 0 -1
    outer loop
      vertex 0 18.7 0
      vertex 15 20 0
      vertex 0.148165 18.6935 0
    endloop
  endfacet
  facet normal 0 0 -1
    outer loop
      vertex -15 20 0
      vertex 0 18.7 0
      vertex -0.148165 18.6935 0
    endloop
  endfacet
  facet normal 0 0 -1
    outer loop
      vertex -1.64207 16.56 0
      vertex -15 20 0
      vertex -1.67417 16.7048 0
    endloop
  endfacet
  facet normal 0 0 -1
    outer loop
      vertex -1.67417 16.7048 0
      vertex -15 20 0
      vertex -1.69353 16.8518 0
    endloop
  endfacet
  facet normal 0 0 -1
    outer loop
      vertex -1.69353 16.8518 0
      vertex -15 20 0
      vertex -1.7 17 0
    endloop
  endfacet
  facet normal 0 0 -1
    outer loop
      vertex -1.7 17 0
      vertex -15 20 0
      vertex -1.69353 17.1482 0
    endloop
  endfacet
  facet normal 0 0 -1
    outer loop
      vertex 0 18.7 0
      vertex -15 20 0
      vertex 15 20 0
    endloop
  endfacet
  facet normal 0 0 -1
    outer loop
      vertex -0.295201 18.6742 0
      vertex -15 20 0
      vertex -0.148165 18.6935 0
    endloop
  endfacet
  facet normal 0 0 -1
    outer loop
      vertex -0.439992 18.6421 0
      vertex -15 20 0
      vertex -0.295201 18.6742 0
    endloop
  endfacet
  facet normal 0 0 -1
    outer loop
      vertex -0.581433 18.5975 0
      vertex -15 20 0
      vertex -0.439992 18.6421 0
    endloop
  endfacet
  facet normal 0 0 -1
    outer loop
      vertex -0.718451 18.5407 0
      vertex -15 20 0
      vertex -0.581433 18.5975 0
    endloop
  endfacet
  facet normal 0 0 -1
    outer loop
      vertex -0.849999 18.4722 0
      vertex -15 20 0
      vertex -0.718451 18.5407 0
    endloop
  endfacet
  facet normal 0 0 -1
    outer loop
      vertex -0.97508 18.3926 0
      vertex -15 20 0
      vertex -0.849999 18.4722 0
    endloop
  endfacet
  facet normal 0 0 -1
    outer loop
      vertex -1.09274 18.3023 0
      vertex -15 20 0
      vertex -0.97508 18.3926 0
    endloop
  endfacet
  facet normal 0 0 -1
    outer loop
      vertex -1.20208 18.2021 0
      vertex -15 20 0
      vertex -1.09274 18.3023 0
    endloop
  endfacet
  facet normal 0 0 -1
    outer loop
      vertex -1.30227 18.0927 0
      vertex -15 20 0
      vertex -1.20208 18.2021 0
    endloop
  endfacet
  facet normal 0 0 -1
    outer loop
      vertex -1.39256 17.9751 0
      vertex -15 20 0
      vertex -1.30227 18.0927 0
    endloop
  endfacet
  facet normal 0 0 -1
    outer loop
      vertex -1.47224 17.85 0
      vertex -15 20 0
      vertex -1.39256 17.9751 0
    endloop
  endfacet
  facet normal 0 0 -1
    outer loop
      vertex -1.54072 17.7185 0
      vertex -15 20 0
      vertex -1.47224 17.85 0
    endloop
  endfacet
  facet normal 0 0 -1
    outer loop
      vertex -1.59748 17.5814 0
      vertex -15 20 0
      vertex -1.54072 17.7185 0
    endloop
  endfacet
  facet normal 0 0 -1
    outer loop
      vertex -1.69353 17.1482 0
      vertex -15 20 0
      vertex -1.67417 17.2952 0
    endloop
  endfacet
  facet normal 0 0 -1
    outer loop
      vertex -20 -15 0
      vertex -15 -20 0
      vertex -15.4358 -19.981 0
    endloop
  endfacet
  facet normal 0 0 -1
    outer loop
      vertex -1.67417 17.2952 0
      vertex -15 20 0
      vertex -1.64207 17.44 0
    endloop
  endfacet
  facet normal 0 0 -1
    outer loop
      vertex -20 -15 0
      vertex -15.4358 -19.981 0
      vertex -15.8682 -19.924 0
    endloop
  endfacet
  facet normal 0 0 -1
    outer loop
      vertex -1.64207 17.44 0
      vertex -15 20 0
      vertex -1.59748 17.5814 0
    endloop
  endfacet
  facet normal 0 0 -1
    outer loop
      vertex -20 -15 0
      vertex -15.8682 -19.924 0
      vertex -16.2941 -19.8296 0
    endloop
  endfacet
  facet normal 0 0 -1
    outer loop
      vertex -15 20 0
      vertex -20 15 0
      vertex -15.4358 19.981 0
    endloop
  endfacet
  facet normal 0 0 -1
    outer loop
      vertex -20 -15 0
      vertex -16.2941 -19.8296 0
      vertex -16.7101 -19.6985 0
    endloop
  endfacet
  facet normal 0 0 -1
    outer loop
      vertex -15.4358 19.981 0
      vertex -20 15 0
      vertex -15.8682 19.924 0
    endloop
  endfacet
  facet normal 0 0 -1
    outer loop
      vertex -20 -15 0
      vertex -16.7101 -19.6985 0
      vertex -17.1131 -19.5315 0
    endloop
  endfacet
  facet normal 0 0 -1
    outer loop
      vertex -15.8682 19.924 0
      vertex -20 15 0
      vertex -16.2941 19.8296 0
    endloop
  endfacet
  facet normal 0 0 -1
    outer loop
      vertex -20 -15 0
      vertex -17.1131 -19.5315 0
      vertex -17.5 -19.3301 0
    endloop
  endfacet
  facet normal 0 0 -1
    outer loop
      vertex -16.2941 19.8296 0
      vertex -20 15 0
      vertex -16.7101 19.6985 0
    endloop
  endfacet
  facet normal 0 0 -1
    outer loop
      vertex -20 -15 0
      vertex -17.5 -19.3301 0
      vertex -17.8679 -19.0958 0
    endloop
  endfacet
  facet normal 0 0 -1
    outer loop
      vertex -16.7101 19.6985 0
      vertex -20 15 0
      vertex -17.1131 19.5315 0
    endloop
  endfacet
  facet normal 0 0 -1
    outer loop
      vertex -20 -15 0
      vertex -17.8679 -19.0958 0
      vertex -18.2139 -18.8302 0
    endloop
  endfacet
  facet normal 0 0 -1
    outer loop
      vertex -17.1131 19.5315 0
      vertex -20 15 0
      vertex -17.5 19.3301 0
    endloop
  endfacet
  facet normal 0 0 -1
    outer loop
      vertex -20 -15 0
      vertex -18.2139 -18.8302 0
      vertex -18.5355 -18.5355 0
    endloop
  endfacet
  facet normal 0 0 -1
    outer loop
      vertex -17.5 19.3301 0
      vertex -20 15 0
      vertex -17.8679 19.0958 0
    endloop
  endfacet
  facet normal 0 0 -1
    outer loop
      vertex -20 -15 0
      vertex -18.5355 -18.5355 0
      vertex -18.8302 -18.2139 0
    endloop
  endfacet
  facet normal 0 0 -1
    outer loop
      vertex -17.8679 19.0958 0
      vertex -20 15 0
      vertex -18.2139 18.8302 0
    endloop
  endfacet
  facet normal 0 0 -1
    outer loop
      vertex -20 -15 0
      vertex -18.8302 -18.2139 0
      vertex -19.0958 -17.8679 0
    endloop
  endfacet
  facet normal 0 0 -1
    outer loop
      vertex -18.2139 18.8302 0
      vertex -20 15 0
      vertex -18.5355 18.5355 0
    endloop
  endfacet
  facet normal 0 0 -1
    outer loop
      vertex -20 -15 0
      vertex -19.0958 -17.8679 0
      vertex -19.3301 -17.5 0
    endloop
  endfacet
  facet normal 0 0 -1
    outer loop
      vertex -18.5355 18.5355 0
      vertex -20 15 0
      vertex -18.8302 18.2139 0
    endloop
  endfacet
  facet normal 0 0 -1
    outer loop
      vertex -20 -15 0
      vertex -19.3301 -17.5 0
      vertex -19.5315 -17.1131 0
    endloop
  endfacet
  facet normal 0 0 -1
    outer loop
      vertex -18.8302 18.2139 0
      vertex -20 15 0
      vertex -19.0958 17.8679 0
    endloop
  endfacet
  facet normal 0 0 -1
    outer loop
      vertex -20 -15 0
      vertex -19.5315 -17.1131 0
      vertex -19.6985 -16.7101 0
    endloop
  endfacet
  facet normal 0 0 -1
    outer loop
      vertex -19.0958 17.8679 0
      vertex -20 15 0
      vertex -19.3301 17.5 0
    endloop
  endfacet
  facet normal 0 0 -1
    outer loop
      vertex -20 -15 0
      vertex -19.6985 -16.7101 0
      vertex -19.8296 -16.2941 0
    endloop
  endfacet
  facet normal 0 0 -1
    outer loop
      vertex -19.3301 17.5 0
      vertex -20 15 0
      vertex -19.5315 17.1131 0
    endloop
  endfacet
  facet normal 0 0 -1
    outer loop
      vertex -20 -15 0
      vertex -19.8296 -16.2941 0
      vertex -19.924 -15.8682 0
    endloop
  endfacet
  facet normal 0 0 -1
    outer loop
      vertex -19.5315 17.1131 0
      vertex -20 15 0
      vertex -19.6985 16.7101 0
    endloop
  endfacet
  facet normal 0 0 -1
    outer loop
      vertex -20 -15 0
      vertex -19.924 -15.8682 0
      vertex -19.981 -15.4358 0
    endloop
  endfacet
  facet normal 0 0 -1
    outer loop
      vertex -19.6985 16.7101 0
      vertex -20 15 0
      vertex -19.8296 16.2941 0
    endloop
  endfacet
  facet normal 0 0 -1
    outer loop
      vertex -19.8296 16.2941 0
      vertex -20 15 0
      vertex -19.924 15.8682 0
    endloop
  endfacet
  facet normal 0 0 -1
    outer loop
      vertex -19.924 15.8682 0
      vertex -20 15 0
      vertex -19.981 15.4358 0
    endloop
  endfacet
  facet normal 0.737268 -0.6756 0
    outer loop
      vertex 18.5355 -18.5355 3
      vertex 18.8302 -18.2139 0
      vertex 18.8302 -18.2139 3
    endloop
  endfacet
  facet normal 0.737268 -0.6756 0
    outer loop
      vertex 18.8302 -18.2139 0
      vertex 18.5355 -18.5355 3
      vertex 18.5355 -18.5355 0
    endloop
  endfacet
  facet normal -0.461735 -0.887018 0
    outer loop
      vertex -17.5 -19.3301 0
      vertex -17.1131 -19.5315 3
      vertex -17.5 -19.3301 3
    endloop
  endfacet
  facet normal -0.461735 -0.887018 -0
    outer loop
      vertex -17.1131 -19.5315 3
      vertex -17.5 -19.3301 0
      vertex -17.1131 -19.5315 0
    endloop
  endfacet
  facet normal 0.537172 -0.843473 0
    outer loop
      vertex 17.5 -19.3301 0
      vertex 17.8679 -19.0958 3
      vertex 17.5 -19.3301 3
    endloop
  endfacet
  facet normal 0.537172 -0.843473 0
    outer loop
      vertex 17.8679 -19.0958 3
      vertex 17.5 -19.3301 0
      vertex 17.8679 -19.0958 0
    endloop
  endfacet
  facet normal -0.382824 0.923821 0
    outer loop
      vertex -16.7101 19.6985 0
      vertex -17.1131 19.5315 3
      vertex -16.7101 19.6985 3
    endloop
  endfacet
  facet normal -0.382824 0.923821 0
    outer loop
      vertex -17.1131 19.5315 3
      vertex -16.7101 19.6985 0
      vertex -17.1131 19.5315 0
    endloop
  endfacet
  facet normal 0 0 1
    outer loop
      vertex 13.1 -15.1 3
      vertex 1.69353 -16.8518 3
      vertex 1.7 -17 3
    endloop
  endfacet
  facet normal 0 0 1
    outer loop
      vertex 13.1 -15.1 3
      vertex 1.67417 -16.7048 3
      vertex 1.69353 -16.8518 3
    endloop
  endfacet
  facet normal 0 0 1
    outer loop
      vertex 13.1 -15.1 3
      vertex 1.64207 -16.56 3
      vertex 1.67417 -16.7048 3
    endloop
  endfacet
  facet normal 0 0 1
    outer loop
      vertex 13.1 -15.1 3
      vertex 1.59748 -16.4186 3
      vertex 1.64207 -16.56 3
    endloop
  endfacet
  facet normal 0 0 1
    outer loop
      vertex 13.1 -15.1 3
      vertex 1.54072 -16.2815 3
      vertex 1.59748 -16.4186 3
    endloop
  endfacet
  facet normal 0 0 1
    outer loop
      vertex 13.1 -15.1 3
      vertex 1.47224 -16.15 3
      vertex 1.54072 -16.2815 3
    endloop
  endfacet
  facet normal 0 0 1
    outer loop
      vertex 13.1 -15.1 3
      vertex 1.39256 -16.0249 3
      vertex 1.47224 -16.15 3
    endloop
  endfacet
  facet normal 0 0 1
    outer loop
      vertex 13.1 -15.1 3
      vertex 1.30227 -15.9073 3
      vertex 1.39256 -16.0249 3
    endloop
  endfacet
  facet normal 0 0 1
    outer loop
      vertex 13.1 -15.1 3
      vertex 1.20208 -15.7979 3
      vertex 1.30227 -15.9073 3
    endloop
  endfacet
  facet normal 0 0 1
    outer loop
      vertex 13.1 -15.1 3
      vertex 1.09274 -15.6977 3
      vertex 1.20208 -15.7979 3
    endloop
  endfacet
  facet normal 0 0 1
    outer loop
      vertex 13.1 -15.1 3
      vertex 0.97508 -15.6074 3
      vertex 1.09274 -15.6977 3
    endloop
  endfacet
  facet normal 0 0 1
    outer loop
      vertex 13.1 -15.1 3
      vertex 0.849999 -15.5278 3
      vertex 0.97508 -15.6074 3
    endloop
  endfacet
  facet normal 0 0 1
    outer loop
      vertex 13.1 -15.1 3
      vertex 0.718451 -15.4593 3
      vertex 0.849999 -15.5278 3
    endloop
  endfacet
  facet normal 0 0 1
    outer loop
      vertex 13.1 -15.1 3
      vertex 0.581433 -15.4025 3
      vertex 0.718451 -15.4593 3
    endloop
  endfacet
  facet normal 0 0 1
    outer loop
      vertex 13.1 -15.1 3
      vertex 0.439992 -15.3579 3
      vertex 0.581433 -15.4025 3
    endloop
  endfacet
  facet normal 0 0 1
    outer loop
      vertex 13.1 -15.1 3
      vertex 0.295201 -15.3258 3
      vertex 0.439992 -15.3579 3
    endloop
  endfacet
  facet normal 0 0 1
    outer loop
      vertex 13.1 -15.1 3
      vertex 0.148165 -15.3065 3
      vertex 0.295201 -15.3258 3
    endloop
  endfacet
  facet normal 0 0 1
    outer loop
      vertex 13.1 -15.1 3
      vertex 0 -15.3 3
      vertex 0.148165 -15.3065 3
    endloop
  endfacet
  facet normal 0 0 1
    outer loop
      vertex -1.69353 -16.8518 3
      vertex -13.1 -15.1 3
      vertex -1.7 -17 3
    endloop
  endfacet
  facet normal 0 0 1
    outer loop
      vertex -1.67417 -16.7048 3
      vertex -13.1 -15.1 3
      vertex -1.69353 -16.8518 3
    endloop
  endfacet
  facet normal 0 0 1
    outer loop
      vertex -1.64207 -16.56 3
      vertex -13.1 -15.1 3
      vertex -1.67417 -16.7048 3
    endloop
  endfacet
  facet normal 0 0 1
    outer loop
      vertex -1.59748 -16.4186 3
      vertex -13.1 -15.1 3
      vertex -1.64207 -16.56 3
    endloop
  endfacet
  facet normal 0 0 1
    outer loop
      vertex -1.54072 -16.2815 3
      vertex -13.1 -15.1 3
      vertex -1.59748 -16.4186 3
    endloop
  endfacet
  facet normal 0 0 1
    outer loop
      vertex -1.47224 -16.15 3
      vertex -13.1 -15.1 3
      vertex -1.54072 -16.2815 3
    endloop
  endfacet
  facet normal 0 0 1
    outer loop
      vertex -1.39256 -16.0249 3
      vertex -13.1 -15.1 3
      vertex -1.47224 -16.15 3
    endloop
  endfacet
  facet normal 0 0 1
    outer loop
      vertex -1.30227 -15.9073 3
      vertex -13.1 -15.1 3
      vertex -1.39256 -16.0249 3
    endloop
  endfacet
  facet normal 0 0 1
    outer loop
      vertex -1.20208 -15.7979 3
      vertex -13.1 -15.1 3
      vertex -1.30227 -15.9073 3
    endloop
  endfacet
  facet normal 0 0 1
    outer loop
      vertex -1.09274 -15.6977 3
      vertex -13.1 -15.1 3
      vertex -1.20208 -15.7979 3
    endloop
  endfacet
  facet normal 0 0 1
    outer loop
      vertex -0.97508 -15.6074 3
      vertex -13.1 -15.1 3
      vertex -1.09274 -15.6977 3
    endloop
  endfacet
  facet normal 0 0 1
    outer loop
      vertex -0.849999 -15.5278 3
      vertex -13.1 -15.1 3
      vertex -0.97508 -15.6074 3
    endloop
  endfacet
  facet normal 0 0 1
    outer loop
      vertex -0.718451 -15.4593 3
      vertex -13.1 -15.1 3
      vertex -0.849999 -15.5278 3
    endloop
  endfacet
  facet normal 0 0 1
    outer loop
      vertex -0.581433 -15.4025 3
      vertex -13.1 -15.1 3
      vertex -0.718451 -15.4593 3
    endloop
  endfacet
  facet normal 0 0 1
    outer loop
      vertex -0.439992 -15.3579 3
      vertex -13.1 -15.1 3
      vertex -0.581433 -15.4025 3
    endloop
  endfacet
  facet normal 0 0 1
    outer loop
      vertex -0.295201 -15.3258 3
      vertex -13.1 -15.1 3
      vertex -0.439992 -15.3579 3
    endloop
  endfacet
  facet normal 0 0 1
    outer loop
      vertex -0.148165 -15.3065 3
      vertex -13.1 -15.1 3
      vertex -0.295201 -15.3258 3
    endloop
  endfacet
  facet normal 0 0 1
    outer loop
      vertex 0 -15.3 3
      vertex -13.1 -15.1 3
      vertex -0.148165 -15.3065 3
    endloop
  endfacet
  facet normal -0 0 1
    outer loop
      vertex -13.1 -15.1 3
      vertex 0 -15.3 3
      vertex 13.1 -15.1 3
    endloop
  endfacet
  facet normal 0 0 1
    outer loop
      vertex 14.9126 13.9452 3
      vertex 20 15 3
      vertex 19.981 15.4358 3
    endloop
  endfacet
  facet normal 0 0 1
    outer loop
      vertex 20 15 3
      vertex 15.1 13.1 3
      vertex 20 -15 3
    endloop
  endfacet
  facet normal 0 0 1
    outer loop
      vertex 14.9126 13.9452 3
      vertex 19.981 15.4358 3
      vertex 19.924 15.8682 3
    endloop
  endfacet
  facet normal -0 0 1
    outer loop
      vertex 15.1 -13.1 3
      vertex 20 -15 3
      vertex 15.1 13.1 3
    endloop
  endfacet
  facet normal 0 0 1
    outer loop
      vertex 14.832 14.1 3
      vertex 19.924 15.8682 3
      vertex 19.8296 16.2941 3
    endloop
  endfacet
  facet normal -0 0 1
    outer loop
      vertex 15.0924 -13.2743 3
      vertex 20 -15 3
      vertex 15.1 -13.1 3
    endloop
  endfacet
  facet normal 0 0 1
    outer loop
      vertex 14.832 14.1 3
      vertex 19.8296 16.2941 3
      vertex 19.6985 16.7101 3
    endloop
  endfacet
  facet normal -0 0 1
    outer loop
      vertex 15.0696 -13.4473 3
      vertex 20 -15 3
      vertex 15.0924 -13.2743 3
    endloop
  endfacet
  facet normal 0 0 1
    outer loop
      vertex 14.7383 14.2471 3
      vertex 19.6985 16.7101 3
      vertex 19.5315 17.1131 3
    endloop
  endfacet
  facet normal -0 0 1
    outer loop
      vertex 15.0318 -13.6176 3
      vertex 20 -15 3
      vertex 15.0696 -13.4473 3
    endloop
  endfacet
  facet normal 0 0 1
    outer loop
      vertex 14.7383 14.2471 3
      vertex 19.5315 17.1131 3
      vertex 19.3301 17.5 3
    endloop
  endfacet
  facet normal -0 0 1
    outer loop
      vertex 14.9794 -13.784 3
      vertex 20 -15 3
      vertex 15.0318 -13.6176 3
    endloop
  endfacet
  facet normal 0 0 1
    outer loop
      vertex 14.6321 14.3856 3
      vertex 19.3301 17.5 3
      vertex 19.0958 17.8679 3
    endloop
  endfacet
  facet normal -0 0 1
    outer loop
      vertex 14.9126 -13.9452 3
      vertex 20 -15 3
      vertex 14.9794 -13.784 3
    endloop
  endfacet
  facet normal 0 0 1
    outer loop
      vertex 14.6321 14.3856 3
      vertex 19.0958 17.8679 3
      vertex 18.8302 18.2139 3
    endloop
  endfacet
  facet normal 0 0 1
    outer loop
      vertex 20 -15 3
      vertex 14.9126 -13.9452 3
      vertex 19.981 -15.4358 3
    endloop
  endfacet
  facet normal 0 0 1
    outer loop
      vertex 14.5142 14.5142 3
      vertex 18.8302 18.2139 3
      vertex 18.5355 18.5355 3
    endloop
  endfacet
  facet normal 0 0 1
    outer loop
      vertex 19.981 -15.4358 3
      vertex 14.9126 -13.9452 3
      vertex 19.924 -15.8682 3
    endloop
  endfacet
  facet normal 0 0 1
    outer loop
      vertex 14.5142 14.5142 3
      vertex 18.5355 18.5355 3
      vertex 18.2139 18.8302 3
    endloop
  endfacet
  facet normal -0 0 1
    outer loop
      vertex 14.832 -14.1 3
      vertex 19.924 -15.8682 3
      vertex 14.9126 -13.9452 3
    endloop
  endfacet
  facet normal 0 0 1
    outer loop
      vertex 14.3856 14.6321 3
      vertex 18.2139 18.8302 3
      vertex 17.8679 19.0958 3
    endloop
  endfacet
  facet normal 0 0 1
    outer loop
      vertex 19.924 -15.8682 3
      vertex 14.832 -14.1 3
      vertex 19.8296 -16.2941 3
    endloop
  endfacet
  facet normal 0 0 1
    outer loop
      vertex 14.3856 14.6321 3
      vertex 17.8679 19.0958 3
      vertex 17.5 19.3301 3
    endloop
  endfacet
  facet normal 0 0 1
    outer loop
      vertex 19.8296 -16.2941 3
      vertex 14.832 -14.1 3
      vertex 19.6985 -16.7101 3
    endloop
  endfacet
  facet normal 0 0 1
    outer loop
      vertex 14.2471 14.7383 3
      vertex 17.5 19.3301 3
      vertex 17.1131 19.5315 3
    endloop
  endfacet
  facet normal -0 0 1
    outer loop
      vertex 14.7383 -14.2471 3
      vertex 19.6985 -16.7101 3
      vertex 14.832 -14.1 3
    endloop
  endfacet
  facet normal 0 0 1
    outer loop
      vertex 14.2471 14.7383 3
      vertex 17.1131 19.5315 3
      vertex 16.7101 19.6985 3
    endloop
  endfacet
  facet normal 0 0 1
    outer loop
      vertex 19.6985 -16.7101 3
      vertex 14.7383 -14.2471 3
      vertex 19.5315 -17.1131 3
    endloop
  endfacet
  facet normal 0 0 1
    outer loop
      vertex 14.2471 14.7383 3
      vertex 16.7101 19.6985 3
      vertex 16.2941 19.8296 3
    endloop
  endfacet
  facet normal 0 0 1
    outer loop
      vertex 19.5315 -17.1131 3
      vertex 14.7383 -14.2471 3
      vertex 19.3301 -17.5 3
    endloop
  endfacet
  facet normal 0 0 1
    outer loop
      vertex 14.1 14.832 3
      vertex 16.2941 19.8296 3
      vertex 15.8682 19.924 3
    endloop
  endfacet
  facet normal -0 0 1
    outer loop
      vertex 14.6321 -14.3856 3
      vertex 19.3301 -17.5 3
      vertex 14.7383 -14.2471 3
    endloop
  endfacet
  facet normal 0 0 1
    outer loop
      vertex 14.1 14.832 3
      vertex 15.8682 19.924 3
      vertex 15.4358 19.981 3
    endloop
  endfacet
  facet normal 0 0 1
    outer loop
      vertex 19.3301 -17.5 3
      vertex 14.6321 -14.3856 3
      vertex 19.0958 -17.8679 3
    endloop
  endfacet
  facet normal 0 0 1
    outer loop
      vertex 19.0958 -17.8679 3
      vertex 14.6321 -14.3856 3
      vertex 18.8302 -18.2139 3
    endloop
  endfacet
  facet normal 0 0 1
    outer loop
      vertex 20 15 3
      vertex 15.0924 13.2743 3
      vertex 15.1 13.1 3
    endloop
  endfacet
  facet normal 0 0 1
    outer loop
      vertex 20 15 3
      vertex 15.0696 13.4473 3
      vertex 15.0924 13.2743 3
    endloop
  endfacet
  facet normal 0 0 1
    outer loop
      vertex 20 15 3
      vertex 15.0318 13.6176 3
      vertex 15.0696 13.4473 3
    endloop
  endfacet
  facet normal 0 0 1
    outer loop
      vertex 13.9452 14.9126 3
      vertex 15.4358 19.981 3
      vertex 15 20 3
    endloop
  endfacet
  facet normal 0 0 1
    outer loop
      vertex 20 15 3
      vertex 14.9794 13.784 3
      vertex 15.0318 13.6176 3
    endloop
  endfacet
  facet normal 0 0 1
    outer loop
      vertex 20 15 3
      vertex 14.9126 13.9452 3
      vertex 14.9794 13.784 3
    endloop
  endfacet
  facet normal 0 0 1
    outer loop
      vertex 19.924 15.8682 3
      vertex 14.832 14.1 3
      vertex 14.9126 13.9452 3
    endloop
  endfacet
  facet normal 0 0 1
    outer loop
      vertex 19.6985 16.7101 3
      vertex 14.7383 14.2471 3
      vertex 14.832 14.1 3
    endloop
  endfacet
  facet normal 0 0 1
    outer loop
      vertex 19.3301 17.5 3
      vertex 14.6321 14.3856 3
      vertex 14.7383 14.2471 3
    endloop
  endfacet
  facet normal 0 0 1
    outer loop
      vertex 18.8302 18.2139 3
      vertex 14.5142 14.5142 3
      vertex 14.6321 14.3856 3
    endloop
  endfacet
  facet normal 0 0 1
    outer loop
      vertex 18.2139 18.8302 3
      vertex 14.3856 14.6321 3
      vertex 14.5142 14.5142 3
    endloop
  endfacet
  facet normal 0 0 1
    outer loop
      vertex 17.5 19.3301 3
      vertex 14.2471 14.7383 3
      vertex 14.3856 14.6321 3
    endloop
  endfacet
  facet normal 0 0 1
    outer loop
      vertex 16.2941 19.8296 3
      vertex 14.1 14.832 3
      vertex 14.2471 14.7383 3
    endloop
  endfacet
  facet normal 0 0 1
    outer loop
      vertex 15.4358 19.981 3
      vertex 13.9452 14.9126 3
      vertex 14.1 14.832 3
    endloop
  endfacet
  facet normal 0 0 1
    outer loop
      vertex 15 20 3
      vertex 13.784 14.9794 3
      vertex 13.9452 14.9126 3
    endloop
  endfacet
  facet normal 0 0 1
    outer loop
      vertex 15 20 3
      vertex 13.6176 15.0318 3
      vertex 13.784 14.9794 3
    endloop
  endfacet
  facet normal 0 0 1
    outer loop
      vertex 15 20 3
      vertex 13.4473 15.0696 3
      vertex 13.6176 15.0318 3
    endloop
  endfacet
  facet normal 0 0 1
    outer loop
      vertex 15 20 3
      vertex 13.2743 15.0924 3
      vertex 13.4473 15.0696 3
    endloop
  endfacet
  facet normal 0 0 1
    outer loop
      vertex 15 20 3
      vertex 13.1 15.1 3
      vertex 13.2743 15.0924 3
    endloop
  endfacet
  facet normal -0 0 1
    outer loop
      vertex 1.59748 17.5814 3
      vertex 13.1 15.1 3
      vertex 15 20 3
    endloop
  endfacet
  facet normal 0 0 1
    outer loop
      vertex 13.1 15.1 3
      vertex 1.69353 17.1482 3
      vertex 1.7 17 3
    endloop
  endfacet
  facet normal 0 0 1
    outer loop
      vertex 13.1 15.1 3
      vertex 1.67417 17.2952 3
      vertex 1.69353 17.1482 3
    endloop
  endfacet
  facet normal 0 0 1
    outer loop
      vertex 13.1 15.1 3
      vertex 1.64207 17.44 3
      vertex 1.67417 17.2952 3
    endloop
  endfacet
  facet normal 0 0 1
    outer loop
      vertex 13.1 15.1 3
      vertex 1.59748 17.5814 3
      vertex 1.64207 17.44 3
    endloop
  endfacet
  facet normal 0 0 1
    outer loop
      vertex 15 20 3
      vertex 1.54072 17.7185 3
      vertex 1.59748 17.5814 3
    endloop
  endfacet
  facet normal 0 0 1
    outer loop
      vertex 15 20 3
      vertex 1.47224 17.85 3
      vertex 1.54072 17.7185 3
    endloop
  endfacet
  facet normal 0 0 1
    outer loop
      vertex 15 20 3
      vertex 1.39256 17.9751 3
      vertex 1.47224 17.85 3
    endloop
  endfacet
  facet normal 0 0 1
    outer loop
      vertex 15 20 3
      vertex 1.30227 18.0927 3
      vertex 1.39256 17.9751 3
    endloop
  endfacet
  facet normal 0 0 1
    outer loop
      vertex 15 20 3
      vertex 1.20208 18.2021 3
      vertex 1.30227 18.0927 3
    endloop
  endfacet
  facet normal 0 0 1
    outer loop
      vertex 15 20 3
      vertex 1.09274 18.3023 3
      vertex 1.20208 18.2021 3
    endloop
  endfacet
  facet normal 0 0 1
    outer loop
      vertex 15 20 3
      vertex 0.97508 18.3926 3
      vertex 1.09274 18.3023 3
    endloop
  endfacet
  facet normal 0 0 1
    outer loop
      vertex 15 20 3
      vertex 0.849999 18.4722 3
      vertex 0.97508 18.3926 3
    endloop
  endfacet
  facet normal 0 0 1
    outer loop
      vertex 15 20 3
      vertex 0.718451 18.5407 3
      vertex 0.849999 18.4722 3
    endloop
  endfacet
  facet normal 0 0 1
    outer loop
      vertex 15 20 3
      vertex 0.581433 18.5975 3
      vertex 0.718451 18.5407 3
    endloop
  endfacet
  facet normal 0 0 1
    outer loop
      vertex 15 20 3
      vertex 0.439992 18.6421 3
      vertex 0.581433 18.5975 3
    endloop
  endfacet
  facet normal 0 0 1
    outer loop
      vertex 15 20 3
      vertex 0.295201 18.6742 3
      vertex 0.439992 18.6421 3
    endloop
  endfacet
  facet normal 0 0 1
    outer loop
      vertex 15 20 3
      vertex 0.148165 18.6935 3
      vertex 0.295201 18.6742 3
    endloop
  endfacet
  facet normal 0 0 1
    outer loop
      vertex 15 20 3
      vertex 0 18.7 3
      vertex 0.148165 18.6935 3
    endloop
  endfacet
  facet normal -0 0 1
    outer loop
      vertex -15 20 3
      vertex 0 18.7 3
      vertex 15 20 3
    endloop
  endfacet
  facet normal 0 0 1
    outer loop
      vertex -1.69353 17.1482 3
      vertex -13.1 15.1 3
      vertex -1.7 17 3
    endloop
  endfacet
  facet normal 0 0 1
    outer loop
      vertex -1.67417 17.2952 3
      vertex -13.1 15.1 3
      vertex -1.69353 17.1482 3
    endloop
  endfacet
  facet normal 0 0 1
    outer loop
      vertex -1.64207 17.44 3
      vertex -13.1 15.1 3
      vertex -1.67417 17.2952 3
    endloop
  endfacet
  facet normal 0 0 1
    outer loop
      vertex -1.59748 17.5814 3
      vertex -13.1 15.1 3
      vertex -1.64207 17.44 3
    endloop
  endfacet
  facet normal 0 0 1
    outer loop
      vertex -15 20 3
      vertex -1.59748 17.5814 3
      vertex -1.54072 17.7185 3
    endloop
  endfacet
  facet normal 0 0 1
    outer loop
      vertex -15 20 3
      vertex -1.54072 17.7185 3
      vertex -1.47224 17.85 3
    endloop
  endfacet
  facet normal 0 0 1
    outer loop
      vertex -15 20 3
      vertex -1.47224 17.85 3
      vertex -1.39256 17.9751 3
    endloop
  endfacet
  facet normal 0 0 1
    outer loop
      vertex -15 20 3
      vertex -1.39256 17.9751 3
      vertex -1.30227 18.0927 3
    endloop
  endfacet
  facet normal 0 0 1
    outer loop
      vertex -15 20 3
      vertex -1.30227 18.0927 3
      vertex -1.20208 18.2021 3
    endloop
  endfacet
  facet normal 0 0 1
    outer loop
      vertex -15 20 3
      vertex -1.20208 18.2021 3
      vertex -1.09274 18.3023 3
    endloop
  endfacet
  facet normal 0 0 1
    outer loop
      vertex -15 20 3
      vertex -1.09274 18.3023 3
      vertex -0.97508 18.3926 3
    endloop
  endfacet
  facet normal 0 0 1
    outer loop
      vertex -15 20 3
      vertex -0.97508 18.3926 3
      vertex -0.849999 18.4722 3
    endloop
  endfacet
  facet normal 0 0 1
    outer loop
      vertex -15 20 3
      vertex -0.849999 18.4722 3
      vertex -0.718451 18.5407 3
    endloop
  endfacet
  facet normal 0 0 1
    outer loop
      vertex -15 20 3
      vertex -0.718451 18.5407 3
      vertex -0.581433 18.5975 3
    endloop
  endfacet
  facet normal 0 0 1
    outer loop
      vertex -15 20 3
      vertex -0.581433 18.5975 3
      vertex -0.439992 18.6421 3
    endloop
  endfacet
  facet normal 0 0 1
    outer loop
      vertex -1.59748 17.5814 3
      vertex -15 20 3
      vertex -13.1 15.1 3
    endloop
  endfacet
  facet normal 0 0 1
    outer loop
      vertex -13.1 15.1 3
      vertex -15 20 3
      vertex -13.2743 15.0924 3
    endloop
  endfacet
  facet normal 0 0 1
    outer loop
      vertex -13.2743 15.0924 3
      vertex -15 20 3
      vertex -13.4473 15.0696 3
    endloop
  endfacet
  facet normal 0 0 1
    outer loop
      vertex 0 18.7 3
      vertex -15 20 3
      vertex -0.148165 18.6935 3
    endloop
  endfacet
  facet normal 0 0 1
    outer loop
      vertex -15 20 3
      vertex -0.295201 18.6742 3
      vertex -0.148165 18.6935 3
    endloop
  endfacet
  facet normal 0 0 1
    outer loop
      vertex -15 20 3
      vertex -0.439992 18.6421 3
      vertex -0.295201 18.6742 3
    endloop
  endfacet
  facet normal 0 0 1
    outer loop
      vertex -13.4473 15.0696 3
      vertex -15 20 3
      vertex -13.6176 15.0318 3
    endloop
  endfacet
  facet normal 0 0 1
    outer loop
      vertex -15 20 3
      vertex -13.784 14.9794 3
      vertex -13.6176 15.0318 3
    endloop
  endfacet
  facet normal 0 0 1
    outer loop
      vertex -15 20 3
      vertex -13.9452 14.9126 3
      vertex -13.784 14.9794 3
    endloop
  endfacet
  facet normal -0 0 1
    outer loop
      vertex -15.4358 19.981 3
      vertex -13.9452 14.9126 3
      vertex -15 20 3
    endloop
  endfacet
  facet normal 0 0 1
    outer loop
      vertex -13.9452 14.9126 3
      vertex -15.4358 19.981 3
      vertex -14.1 14.832 3
    endloop
  endfacet
  facet normal -0 0 1
    outer loop
      vertex -15.8682 19.924 3
      vertex -14.1 14.832 3
      vertex -15.4358 19.981 3
    endloop
  endfacet
  facet normal -0 0 1
    outer loop
      vertex -16.2941 19.8296 3
      vertex -14.1 14.832 3
      vertex -15.8682 19.924 3
    endloop
  endfacet
  facet normal 0 0 1
    outer loop
      vertex -14.1 14.832 3
      vertex -16.2941 19.8296 3
      vertex -14.2471 14.7383 3
    endloop
  endfacet
  facet normal -0 0 1
    outer loop
      vertex -16.7101 19.6985 3
      vertex -14.2471 14.7383 3
      vertex -16.2941 19.8296 3
    endloop
  endfacet
  facet normal -0 0 1
    outer loop
      vertex -17.1131 19.5315 3
      vertex -14.2471 14.7383 3
      vertex -16.7101 19.6985 3
    endloop
  endfacet
  facet normal -0 0 1
    outer loop
      vertex -17.5 19.3301 3
      vertex -14.2471 14.7383 3
      vertex -17.1131 19.5315 3
    endloop
  endfacet
  facet normal 0 0 1
    outer loop
      vertex -14.2471 14.7383 3
      vertex -17.5 19.3301 3
      vertex -14.3856 14.6321 3
    endloop
  endfacet
  facet normal -0 0 1
    outer loop
      vertex -17.8679 19.0958 3
      vertex -14.3856 14.6321 3
      vertex -17.5 19.3301 3
    endloop
  endfacet
  facet normal -0 0 1
    outer loop
      vertex -18.2139 18.8302 3
      vertex -14.3856 14.6321 3
      vertex -17.8679 19.0958 3
    endloop
  endfacet
  facet normal 0 0 1
    outer loop
      vertex -14.3856 14.6321 3
      vertex -18.2139 18.8302 3
      vertex -14.5142 14.5142 3
    endloop
  endfacet
  facet normal -0 0 1
    outer loop
      vertex -18.5355 18.5355 3
      vertex -14.5142 14.5142 3
      vertex -18.2139 18.8302 3
    endloop
  endfacet
  facet normal 0 0 1
    outer loop
      vertex -14.5142 14.5142 3
      vertex -18.8302 18.2139 3
      vertex -14.6321 14.3856 3
    endloop
  endfacet
  facet normal -0 0 1
    outer loop
      vertex -18.8302 18.2139 3
      vertex -14.5142 14.5142 3
      vertex -18.5355 18.5355 3
    endloop
  endfacet
  facet normal -0 0 1
    outer loop
      vertex 14.5142 -14.5142 3
      vertex 18.8302 -18.2139 3
      vertex 14.6321 -14.3856 3
    endloop
  endfacet
  facet normal 0 0 1
    outer loop
      vertex 18.8302 -18.2139 3
      vertex 14.5142 -14.5142 3
      vertex 18.5355 -18.5355 3
    endloop
  endfacet
  facet normal 0 0 1
    outer loop
      vertex 18.5355 -18.5355 3
      vertex 14.5142 -14.5142 3
      vertex 18.2139 -18.8302 3
    endloop
  endfacet
  facet normal -0 0 1
    outer loop
      vertex 14.3856 -14.6321 3
      vertex 18.2139 -18.8302 3
      vertex 14.5142 -14.5142 3
    endloop
  endfacet
  facet normal 0 0 1
    outer loop
      vertex 18.2139 -18.8302 3
      vertex 14.3856 -14.6321 3
      vertex 17.8679 -19.0958 3
    endloop
  endfacet
  facet normal 0 0 1
    outer loop
      vertex 17.8679 -19.0958 3
      vertex 14.3856 -14.6321 3
      vertex 17.5 -19.3301 3
    endloop
  endfacet
  facet normal -0 0 1
    outer loop
      vertex 14.2471 -14.7383 3
      vertex 17.5 -19.3301 3
      vertex 14.3856 -14.6321 3
    endloop
  endfacet
  facet normal 0 0 1
    outer loop
      vertex 17.5 -19.3301 3
      vertex 14.2471 -14.7383 3
      vertex 17.1131 -19.5315 3
    endloop
  endfacet
  facet normal 0 0 1
    outer loop
      vertex 17.1131 -19.5315 3
      vertex 14.2471 -14.7383 3
      vertex 16.7101 -19.6985 3
    endloop
  endfacet
  facet normal 0 0 1
    outer loop
      vertex 16.7101 -19.6985 3
      vertex 14.2471 -14.7383 3
      vertex 16.2941 -19.8296 3
    endloop
  endfacet
  facet normal -0 0 1
    outer loop
      vertex 14.1 -14.832 3
      vertex 16.2941 -19.8296 3
      vertex 14.2471 -14.7383 3
    endloop
  endfacet
  facet normal 0 0 1
    outer loop
      vertex 16.2941 -19.8296 3
      vertex 14.1 -14.832 3
      vertex 15.8682 -19.924 3
    endloop
  endfacet
  facet normal 0 0 1
    outer loop
      vertex 15.8682 -19.924 3
      vertex 14.1 -14.832 3
      vertex 15.4358 -19.981 3
    endloop
  endfacet
  facet normal -0 0 1
    outer loop
      vertex 13.9452 -14.9126 3
      vertex 15.4358 -19.981 3
      vertex 14.1 -14.832 3
    endloop
  endfacet
  facet normal 0 0 1
    outer loop
      vertex 15.4358 -19.981 3
      vertex 13.9452 -14.9126 3
      vertex 15 -20 3
    endloop
  endfacet
  facet normal -0 0 1
    outer loop
      vertex 13.784 -14.9794 3
      vertex 15 -20 3
      vertex 13.9452 -14.9126 3
    endloop
  endfacet
  facet normal -0 0 1
    outer loop
      vertex 13.6176 -15.0318 3
      vertex 15 -20 3
      vertex 13.784 -14.9794 3
    endloop
  endfacet
  facet normal -0 0 1
    outer loop
      vertex 13.4473 -15.0696 3
      vertex 15 -20 3
      vertex 13.6176 -15.0318 3
    endloop
  endfacet
  facet normal -0 0 1
    outer loop
      vertex 13.2743 -15.0924 3
      vertex 15 -20 3
      vertex 13.4473 -15.0696 3
    endloop
  endfacet
  facet normal -0 0 1
    outer loop
      vertex 13.1 -15.1 3
      vertex 15 -20 3
      vertex 13.2743 -15.0924 3
    endloop
  endfacet
  facet normal 0 0 1
    outer loop
      vertex 1.69353 -17.1482 3
      vertex 13.1 -15.1 3
      vertex 1.7 -17 3
    endloop
  endfacet
  facet normal 0 0 1
    outer loop
      vertex 1.67417 -17.2952 3
      vertex 13.1 -15.1 3
      vertex 1.69353 -17.1482 3
    endloop
  endfacet
  facet normal 0 0 1
    outer loop
      vertex 1.64207 -17.44 3
      vertex 13.1 -15.1 3
      vertex 1.67417 -17.2952 3
    endloop
  endfacet
  facet normal 0 0 1
    outer loop
      vertex 1.59748 -17.5814 3
      vertex 13.1 -15.1 3
      vertex 1.64207 -17.44 3
    endloop
  endfacet
  facet normal 0 0 1
    outer loop
      vertex 13.1 -15.1 3
      vertex 1.59748 -17.5814 3
      vertex 15 -20 3
    endloop
  endfacet
  facet normal -0 0 1
    outer loop
      vertex 1.54072 -17.7185 3
      vertex 15 -20 3
      vertex 1.59748 -17.5814 3
    endloop
  endfacet
  facet normal -0 0 1
    outer loop
      vertex 1.47224 -17.85 3
      vertex 15 -20 3
      vertex 1.54072 -17.7185 3
    endloop
  endfacet
  facet normal -0 0 1
    outer loop
      vertex 1.39256 -17.9751 3
      vertex 15 -20 3
      vertex 1.47224 -17.85 3
    endloop
  endfacet
  facet normal -0 0 1
    outer loop
      vertex 1.30227 -18.0927 3
      vertex 15 -20 3
      vertex 1.39256 -17.9751 3
    endloop
  endfacet
  facet normal -0 0 1
    outer loop
      vertex 1.20208 -18.2021 3
      vertex 15 -20 3
      vertex 1.30227 -18.0927 3
    endloop
  endfacet
  facet normal -0 0 1
    outer loop
      vertex 1.09274 -18.3023 3
      vertex 15 -20 3
      vertex 1.20208 -18.2021 3
    endloop
  endfacet
  facet normal -0 0 1
    outer loop
      vertex 0.97508 -18.3926 3
      vertex 15 -20 3
      vertex 1.09274 -18.3023 3
    endloop
  endfacet
  facet normal -0 0 1
    outer loop
      vertex 0.849999 -18.4722 3
      vertex 15 -20 3
      vertex 0.97508 -18.3926 3
    endloop
  endfacet
  facet normal -0 0 1
    outer loop
      vertex 0.718451 -18.5407 3
      vertex 15 -20 3
      vertex 0.849999 -18.4722 3
    endloop
  endfacet
  facet normal -0 0 1
    outer loop
      vertex 0.581433 -18.5975 3
      vertex 15 -20 3
      vertex 0.718451 -18.5407 3
    endloop
  endfacet
  facet normal -0 0 1
    outer loop
      vertex 0.439992 -18.6421 3
      vertex 15 -20 3
      vertex 0.581433 -18.5975 3
    endloop
  endfacet
  facet normal -0 0 1
    outer loop
      vertex 0.295201 -18.6742 3
      vertex 15 -20 3
      vertex 0.439992 -18.6421 3
    endloop
  endfacet
  facet normal -0 0 1
    outer loop
      vertex 0.148165 -18.6935 3
      vertex 15 -20 3
      vertex 0.295201 -18.6742 3
    endloop
  endfacet
  facet normal -0 0 1
    outer loop
      vertex 0 -18.7 3
      vertex 15 -20 3
      vertex 0.148165 -18.6935 3
    endloop
  endfacet
  facet normal 0 0 1
    outer loop
      vertex -15 -20 3
      vertex 0 -18.7 3
      vertex -0.148165 -18.6935 3
    endloop
  endfacet
  facet normal 0 0 1
    outer loop
      vertex -13.1 -15.1 3
      vertex -1.69353 -17.1482 3
      vertex -1.7 -17 3
    endloop
  endfacet
  facet normal 0 0 1
    outer loop
      vertex -13.1 -15.1 3
      vertex -1.67417 -17.2952 3
      vertex -1.69353 -17.1482 3
    endloop
  endfacet
  facet normal 0 0 1
    outer loop
      vertex -13.1 -15.1 3
      vertex -1.64207 -17.44 3
      vertex -1.67417 -17.2952 3
    endloop
  endfacet
  facet normal 0 0 1
    outer loop
      vertex -13.1 -15.1 3
      vertex -1.59748 -17.5814 3
      vertex -1.64207 -17.44 3
    endloop
  endfacet
  facet normal 0 0 1
    outer loop
      vertex -15 -20 3
      vertex -1.59748 -17.5814 3
      vertex -13.1 -15.1 3
    endloop
  endfacet
  facet normal 0 0 1
    outer loop
      vertex -1.59748 -17.5814 3
      vertex -15 -20 3
      vertex -1.54072 -17.7185 3
    endloop
  endfacet
  facet normal 0 0 1
    outer loop
      vertex -1.54072 -17.7185 3
      vertex -15 -20 3
      vertex -1.47224 -17.85 3
    endloop
  endfacet
  facet normal 0 0 1
    outer loop
      vertex -1.47224 -17.85 3
      vertex -15 -20 3
      vertex -1.39256 -17.9751 3
    endloop
  endfacet
  facet normal 0 0 1
    outer loop
      vertex -1.39256 -17.9751 3
      vertex -15 -20 3
      vertex -1.30227 -18.0927 3
    endloop
  endfacet
  facet normal 0 0 1
    outer loop
      vertex -1.30227 -18.0927 3
      vertex -15 -20 3
      vertex -1.20208 -18.2021 3
    endloop
  endfacet
  facet normal 0 0 1
    outer loop
      vertex -1.20208 -18.2021 3
      vertex -15 -20 3
      vertex -1.09274 -18.3023 3
    endloop
  endfacet
  facet normal 0 0 1
    outer loop
      vertex -1.09274 -18.3023 3
      vertex -15 -20 3
      vertex -0.97508 -18.3926 3
    endloop
  endfacet
  facet normal 0 0 1
    outer loop
      vertex -0.97508 -18.3926 3
      vertex -15 -20 3
      vertex -0.849999 -18.4722 3
    endloop
  endfacet
  facet normal 0 0 1
    outer loop
      vertex -0.849999 -18.4722 3
      vertex -15 -20 3
      vertex -0.718451 -18.5407 3
    endloop
  endfacet
  facet normal 0 0 1
    outer loop
      vertex -0.718451 -18.5407 3
      vertex -15 -20 3
      vertex -0.581433 -18.5975 3
    endloop
  endfacet
  facet normal 0 0 1
    outer loop
      vertex -15 -20 3
      vertex -13.1 -15.1 3
      vertex -13.2743 -15.0924 3
    endloop
  endfacet
  facet normal 0 0 1
    outer loop
      vertex -15 -20 3
      vertex -13.2743 -15.0924 3
      vertex -13.4473 -15.0696 3
    endloop
  endfacet
  facet normal 0 0 1
    outer loop
      vertex -15 -20 3
      vertex -13.4473 -15.0696 3
      vertex -13.6176 -15.0318 3
    endloop
  endfacet
  facet normal 0 0 1
    outer loop
      vertex 0 -18.7 3
      vertex -15 -20 3
      vertex 15 -20 3
    endloop
  endfacet
  facet normal 0 0 1
    outer loop
      vertex -0.295201 -18.6742 3
      vertex -15 -20 3
      vertex -0.148165 -18.6935 3
    endloop
  endfacet
  facet normal 0 0 1
    outer loop
      vertex -0.439992 -18.6421 3
      vertex -15 -20 3
      vertex -0.295201 -18.6742 3
    endloop
  endfacet
  facet normal 0 0 1
    outer loop
      vertex -0.581433 -18.5975 3
      vertex -15 -20 3
      vertex -0.439992 -18.6421 3
    endloop
  endfacet
  facet normal 0 0 1
    outer loop
      vertex -13.784 -14.9794 3
      vertex -15 -20 3
      vertex -13.6176 -15.0318 3
    endloop
  endfacet
  facet normal 0 0 1
    outer loop
      vertex -13.9452 -14.9126 3
      vertex -15 -20 3
      vertex -13.784 -14.9794 3
    endloop
  endfacet
  facet normal 0 0 1
    outer loop
      vertex -15.4358 -19.981 3
      vertex -13.9452 -14.9126 3
      vertex -14.1 -14.832 3
    endloop
  endfacet
  facet normal 0 0 1
    outer loop
      vertex -16.2941 -19.8296 3
      vertex -14.1 -14.832 3
      vertex -14.2471 -14.7383 3
    endloop
  endfacet
  facet normal 0 0 1
    outer loop
      vertex -17.5 -19.3301 3
      vertex -14.2471 -14.7383 3
      vertex -14.3856 -14.6321 3
    endloop
  endfacet
  facet normal 0 0 1
    outer loop
      vertex -18.2139 -18.8302 3
      vertex -14.3856 -14.6321 3
      vertex -14.5142 -14.5142 3
    endloop
  endfacet
  facet normal 0 0 1
    outer loop
      vertex -18.8302 -18.2139 3
      vertex -14.5142 -14.5142 3
      vertex -14.6321 -14.3856 3
    endloop
  endfacet
  facet normal 0 0 1
    outer loop
      vertex -19.3301 -17.5 3
      vertex -14.6321 -14.3856 3
      vertex -14.7383 -14.2471 3
    endloop
  endfacet
  facet normal 0 0 1
    outer loop
      vertex -19.6985 -16.7101 3
      vertex -14.7383 -14.2471 3
      vertex -14.832 -14.1 3
    endloop
  endfacet
  facet normal 0 0 1
    outer loop
      vertex -19.924 -15.8682 3
      vertex -14.832 -14.1 3
      vertex -14.9126 -13.9452 3
    endloop
  endfacet
  facet normal 0 0 1
    outer loop
      vertex -20 -15 3
      vertex -14.9126 -13.9452 3
      vertex -14.9794 -13.784 3
    endloop
  endfacet
  facet normal 0 0 1
    outer loop
      vertex -20 -15 3
      vertex -14.9794 -13.784 3
      vertex -15.0318 -13.6176 3
    endloop
  endfacet
  facet normal 0 0 1
    outer loop
      vertex -20 -15 3
      vertex -15.0318 -13.6176 3
      vertex -15.0696 -13.4473 3
    endloop
  endfacet
  facet normal 0 0 1
    outer loop
      vertex -20 -15 3
      vertex -15.0696 -13.4473 3
      vertex -15.0924 -13.2743 3
    endloop
  endfacet
  facet normal 0 0 1
    outer loop
      vertex -20 -15 3
      vertex -15.0924 -13.2743 3
      vertex -15.1 -13.1 3
    endloop
  endfacet
  facet normal 0 0 1
    outer loop
      vertex -13.9452 -14.9126 3
      vertex -15.4358 -19.981 3
      vertex -15 -20 3
    endloop
  endfacet
  facet normal 0 0 1
    outer loop
      vertex -15.1 13.1 3
      vertex -20 15 3
      vertex -15.1 -13.1 3
    endloop
  endfacet
  facet normal -0 0 1
    outer loop
      vertex -19.0958 17.8679 3
      vertex -14.6321 14.3856 3
      vertex -18.8302 18.2139 3
    endloop
  endfacet
  facet normal 0 0 1
    outer loop
      vertex -20 -15 3
      vertex -15.1 -13.1 3
      vertex -20 15 3
    endloop
  endfacet
  facet normal -0 0 1
    outer loop
      vertex -19.3301 17.5 3
      vertex -14.6321 14.3856 3
      vertex -19.0958 17.8679 3
    endloop
  endfacet
  facet normal 0 0 1
    outer loop
      vertex -14.9126 -13.9452 3
      vertex -20 -15 3
      vertex -19.981 -15.4358 3
    endloop
  endfacet
  facet normal 0 0 1
    outer loop
      vertex -14.6321 14.3856 3
      vertex -19.3301 17.5 3
      vertex -14.7383 14.2471 3
    endloop
  endfacet
  facet normal 0 0 1
    outer loop
      vertex -14.1 -14.832 3
      vertex -15.8682 -19.924 3
      vertex -15.4358 -19.981 3
    endloop
  endfacet
  facet normal -0 0 1
    outer loop
      vertex -19.5315 17.1131 3
      vertex -14.7383 14.2471 3
      vertex -19.3301 17.5 3
    endloop
  endfacet
  facet normal 0 0 1
    outer loop
      vertex -14.1 -14.832 3
      vertex -16.2941 -19.8296 3
      vertex -15.8682 -19.924 3
    endloop
  endfacet
  facet normal -0 0 1
    outer loop
      vertex -19.6985 16.7101 3
      vertex -14.7383 14.2471 3
      vertex -19.5315 17.1131 3
    endloop
  endfacet
  facet normal 0 0 1
    outer loop
      vertex -14.2471 -14.7383 3
      vertex -16.7101 -19.6985 3
      vertex -16.2941 -19.8296 3
    endloop
  endfacet
  facet normal 0 0 1
    outer loop
      vertex -14.7383 14.2471 3
      vertex -19.6985 16.7101 3
      vertex -14.832 14.1 3
    endloop
  endfacet
  facet normal 0 0 1
    outer loop
      vertex -14.2471 -14.7383 3
      vertex -17.1131 -19.5315 3
      vertex -16.7101 -19.6985 3
    endloop
  endfacet
  facet normal -0 0 1
    outer loop
      vertex -19.8296 16.2941 3
      vertex -14.832 14.1 3
      vertex -19.6985 16.7101 3
    endloop
  endfacet
  facet normal 0 0 1
    outer loop
      vertex -14.2471 -14.7383 3
      vertex -17.5 -19.3301 3
      vertex -17.1131 -19.5315 3
    endloop
  endfacet
  facet normal -0 0 1
    outer loop
      vertex -19.924 15.8682 3
      vertex -14.832 14.1 3
      vertex -19.8296 16.2941 3
    endloop
  endfacet
  facet normal 0 0 1
    outer loop
      vertex -14.3856 -14.6321 3
      vertex -17.8679 -19.0958 3
      vertex -17.5 -19.3301 3
    endloop
  endfacet
  facet normal 0 0 1
    outer loop
      vertex -14.832 14.1 3
      vertex -19.924 15.8682 3
      vertex -14.9126 13.9452 3
    endloop
  endfacet
  facet normal 0 0 1
    outer loop
      vertex -14.3856 -14.6321 3
      vertex -18.2139 -18.8302 3
      vertex -17.8679 -19.0958 3
    endloop
  endfacet
  facet normal -0 0 1
    outer loop
      vertex -19.981 15.4358 3
      vertex -14.9126 13.9452 3
      vertex -19.924 15.8682 3
    endloop
  endfacet
  facet normal 0 0 1
    outer loop
      vertex -14.5142 -14.5142 3
      vertex -18.5355 -18.5355 3
      vertex -18.2139 -18.8302 3
    endloop
  endfacet
  facet normal -0 0 1
    outer loop
      vertex -20 15 3
      vertex -14.9126 13.9452 3
      vertex -19.981 15.4358 3
    endloop
  endfacet
  facet normal 0 0 1
    outer loop
      vertex -14.5142 -14.5142 3
      vertex -18.8302 -18.2139 3
      vertex -18.5355 -18.5355 3
    endloop
  endfacet
  facet normal 0 0 1
    outer loop
      vertex -14.9126 13.9452 3
      vertex -20 15 3
      vertex -14.9794 13.784 3
    endloop
  endfacet
  facet normal 0 0 1
    outer loop
      vertex -14.6321 -14.3856 3
      vertex -19.0958 -17.8679 3
      vertex -18.8302 -18.2139 3
    endloop
  endfacet
  facet normal 0 0 1
    outer loop
      vertex -14.9794 13.784 3
      vertex -20 15 3
      vertex -15.0318 13.6176 3
    endloop
  endfacet
  facet normal 0 0 1
    outer loop
      vertex -14.6321 -14.3856 3
      vertex -19.3301 -17.5 3
      vertex -19.0958 -17.8679 3
    endloop
  endfacet
  facet normal 0 0 1
    outer loop
      vertex -15.0318 13.6176 3
      vertex -20 15 3
      vertex -15.0696 13.4473 3
    endloop
  endfacet
  facet normal 0 0 1
    outer loop
      vertex -14.7383 -14.2471 3
      vertex -19.5315 -17.1131 3
      vertex -19.3301 -17.5 3
    endloop
  endfacet
  facet normal 0 0 1
    outer loop
      vertex -15.0696 13.4473 3
      vertex -20 15 3
      vertex -15.0924 13.2743 3
    endloop
  endfacet
  facet normal 0 0 1
    outer loop
      vertex -14.7383 -14.2471 3
      vertex -19.6985 -16.7101 3
      vertex -19.5315 -17.1131 3
    endloop
  endfacet
  facet normal 0 0 1
    outer loop
      vertex -15.0924 13.2743 3
      vertex -20 15 3
      vertex -15.1 13.1 3
    endloop
  endfacet
  facet normal 0 0 1
    outer loop
      vertex -14.832 -14.1 3
      vertex -19.8296 -16.2941 3
      vertex -19.6985 -16.7101 3
    endloop
  endfacet
  facet normal 0 0 1
    outer loop
      vertex -14.832 -14.1 3
      vertex -19.924 -15.8682 3
      vertex -19.8296 -16.2941 3
    endloop
  endfacet
  facet normal 0 0 1
    outer loop
      vertex -14.9126 -13.9452 3
      vertex -19.981 -15.4358 3
      vertex -19.924 -15.8682 3
    endloop
  endfacet
  facet normal -0 0 1
    outer loop
      vertex 1.69353 16.8518 3
      vertex 13.1 15.1 3
      vertex 1.7 17 3
    endloop
  endfacet
  facet normal -0 0 1
    outer loop
      vertex 1.67417 16.7048 3
      vertex 13.1 15.1 3
      vertex 1.69353 16.8518 3
    endloop
  endfacet
  facet normal -0 0 1
    outer loop
      vertex 1.64207 16.56 3
      vertex 13.1 15.1 3
      vertex 1.67417 16.7048 3
    endloop
  endfacet
  facet normal -0 0 1
    outer loop
      vertex 1.59748 16.4186 3
      vertex 13.1 15.1 3
      vertex 1.64207 16.56 3
    endloop
  endfacet
  facet normal -0 0 1
    outer loop
      vertex 1.54072 16.2815 3
      vertex 13.1 15.1 3
      vertex 1.59748 16.4186 3
    endloop
  endfacet
  facet normal -0 0 1
    outer loop
      vertex 1.47224 16.15 3
      vertex 13.1 15.1 3
      vertex 1.54072 16.2815 3
    endloop
  endfacet
  facet normal -0 0 1
    outer loop
      vertex 1.39256 16.0249 3
      vertex 13.1 15.1 3
      vertex 1.47224 16.15 3
    endloop
  endfacet
  facet normal -0 0 1
    outer loop
      vertex 1.30227 15.9073 3
      vertex 13.1 15.1 3
      vertex 1.39256 16.0249 3
    endloop
  endfacet
  facet normal -0 0 1
    outer loop
      vertex 1.20208 15.7979 3
      vertex 13.1 15.1 3
      vertex 1.30227 15.9073 3
    endloop
  endfacet
  facet normal -0 0 1
    outer loop
      vertex 1.09274 15.6977 3
      vertex 13.1 15.1 3
      vertex 1.20208 15.7979 3
    endloop
  endfacet
  facet normal -0 0 1
    outer loop
      vertex 0.97508 15.6074 3
      vertex 13.1 15.1 3
      vertex 1.09274 15.6977 3
    endloop
  endfacet
  facet normal -0 0 1
    outer loop
      vertex 0.849999 15.5278 3
      vertex 13.1 15.1 3
      vertex 0.97508 15.6074 3
    endloop
  endfacet
  facet normal -0 0 1
    outer loop
      vertex 0.718451 15.4593 3
      vertex 13.1 15.1 3
      vertex 0.849999 15.5278 3
    endloop
  endfacet
  facet normal -0 0 1
    outer loop
      vertex 0.581433 15.4025 3
      vertex 13.1 15.1 3
      vertex 0.718451 15.4593 3
    endloop
  endfacet
  facet normal -0 0 1
    outer loop
      vertex 0.439992 15.3579 3
      vertex 13.1 15.1 3
      vertex 0.581433 15.4025 3
    endloop
  endfacet
  facet normal -0 0 1
    outer loop
      vertex 0.295201 15.3258 3
      vertex 13.1 15.1 3
      vertex 0.439992 15.3579 3
    endloop
  endfacet
  facet normal -0 0 1
    outer loop
      vertex 0.148165 15.3065 3
      vertex 13.1 15.1 3
      vertex 0.295201 15.3258 3
    endloop
  endfacet
  facet normal -0 0 1
    outer loop
      vertex 0 15.3 3
      vertex 13.1 15.1 3
      vertex 0.148165 15.3065 3
    endloop
  endfacet
  facet normal 0 0 1
    outer loop
      vertex 0 15.3 3
      vertex -13.1 15.1 3
      vertex 13.1 15.1 3
    endloop
  endfacet
  facet normal 0 0 1
    outer loop
      vertex -0.148165 15.3065 3
      vertex -13.1 15.1 3
      vertex 0 15.3 3
    endloop
  endfacet
  facet normal 0 0 1
    outer loop
      vertex -0.295201 15.3258 3
      vertex -13.1 15.1 3
      vertex -0.148165 15.3065 3
    endloop
  endfacet
  facet normal 0 0 1
    outer loop
      vertex -0.439992 15.3579 3
      vertex -13.1 15.1 3
      vertex -0.295201 15.3258 3
    endloop
  endfacet
  facet normal 0 0 1
    outer loop
      vertex -0.581433 15.4025 3
      vertex -13.1 15.1 3
      vertex -0.439992 15.3579 3
    endloop
  endfacet
  facet normal 0 0 1
    outer loop
      vertex -0.718451 15.4593 3
      vertex -13.1 15.1 3
      vertex -0.581433 15.4025 3
    endloop
  endfacet
  facet normal 0 0 1
    outer loop
      vertex -0.849999 15.5278 3
      vertex -13.1 15.1 3
      vertex -0.718451 15.4593 3
    endloop
  endfacet
  facet normal 0 0 1
    outer loop
      vertex -0.97508 15.6074 3
      vertex -13.1 15.1 3
      vertex -0.849999 15.5278 3
    endloop
  endfacet
  facet normal 0 0 1
    outer loop
      vertex -1.09274 15.6977 3
      vertex -13.1 15.1 3
      vertex -0.97508 15.6074 3
    endloop
  endfacet
  facet normal 0 0 1
    outer loop
      vertex -1.20208 15.7979 3
      vertex -13.1 15.1 3
      vertex -1.09274 15.6977 3
    endloop
  endfacet
  facet normal 0 0 1
    outer loop
      vertex -1.30227 15.9073 3
      vertex -13.1 15.1 3
      vertex -1.20208 15.7979 3
    endloop
  endfacet
  facet normal 0 0 1
    outer loop
      vertex -1.39256 16.0249 3
      vertex -13.1 15.1 3
      vertex -1.30227 15.9073 3
    endloop
  endfacet
  facet normal 0 0 1
    outer loop
      vertex -1.47224 16.15 3
      vertex -13.1 15.1 3
      vertex -1.39256 16.0249 3
    endloop
  endfacet
  facet normal 0 0 1
    outer loop
      vertex -1.54072 16.2815 3
      vertex -13.1 15.1 3
      vertex -1.47224 16.15 3
    endloop
  endfacet
  facet normal 0 0 1
    outer loop
      vertex -1.59748 16.4186 3
      vertex -13.1 15.1 3
      vertex -1.54072 16.2815 3
    endloop
  endfacet
  facet normal 0 0 1
    outer loop
      vertex -1.64207 16.56 3
      vertex -13.1 15.1 3
      vertex -1.59748 16.4186 3
    endloop
  endfacet
  facet normal 0 0 1
    outer loop
      vertex -1.67417 16.7048 3
      vertex -13.1 15.1 3
      vertex -1.64207 16.56 3
    endloop
  endfacet
  facet normal 0 0 1
    outer loop
      vertex -1.69353 16.8518 3
      vertex -13.1 15.1 3
      vertex -1.67417 16.7048 3
    endloop
  endfacet
  facet normal 0 0 1
    outer loop
      vertex -13.1 15.1 3
      vertex -1.69353 16.8518 3
      vertex -1.7 17 3
    endloop
  endfacet
  facet normal 0 0 1
    outer loop
      vertex 12.1 13.3 3
      vertex 13.3 12.1 3
      vertex 13.2954 12.2046 3
    endloop
  endfacet
  facet normal 0 0 1
    outer loop
      vertex 13.3 12.1 3
      vertex 12.1 13.3 3
      vertex 13.3 -12.1 3
    endloop
  endfacet
  facet normal 0 0 1
    outer loop
      vertex 12.1 13.3 3
      vertex 13.2954 12.2046 3
      vertex 13.2818 12.3084 3
    endloop
  endfacet
  facet normal 0 0 1
    outer loop
      vertex 12.1 -13.3 3
      vertex 13.3 -12.1 3
      vertex 12.1 13.3 3
    endloop
  endfacet
  facet normal 0 0 1
    outer loop
      vertex 12.1 13.3 3
      vertex 13.2818 12.3084 3
      vertex 13.2591 12.4106 3
    endloop
  endfacet
  facet normal 0 0 1
    outer loop
      vertex 13.3 -12.1 3
      vertex 12.1 -13.3 3
      vertex 13.2954 -12.2046 3
    endloop
  endfacet
  facet normal 0 0 1
    outer loop
      vertex 12.1 13.3 3
      vertex 13.2591 12.4106 3
      vertex 13.2276 12.5104 3
    endloop
  endfacet
  facet normal 0 0 1
    outer loop
      vertex 13.2954 -12.2046 3
      vertex 12.1 -13.3 3
      vertex 13.2818 -12.3084 3
    endloop
  endfacet
  facet normal 0 0 1
    outer loop
      vertex 12.1 13.3 3
      vertex 13.2276 12.5104 3
      vertex 13.1876 12.6071 3
    endloop
  endfacet
  facet normal 0 0 1
    outer loop
      vertex 13.2818 -12.3084 3
      vertex 12.1 -13.3 3
      vertex 13.2591 -12.4106 3
    endloop
  endfacet
  facet normal 0 0 1
    outer loop
      vertex 12.1 13.3 3
      vertex 13.1876 12.6071 3
      vertex 13.1392 12.7 3
    endloop
  endfacet
  facet normal 0 0 1
    outer loop
      vertex 13.2591 -12.4106 3
      vertex 12.1 -13.3 3
      vertex 13.2276 -12.5104 3
    endloop
  endfacet
  facet normal 0 0 1
    outer loop
      vertex 12.1 13.3 3
      vertex 13.1392 12.7 3
      vertex 13.083 12.7883 3
    endloop
  endfacet
  facet normal 0 0 1
    outer loop
      vertex 13.2276 -12.5104 3
      vertex 12.1 -13.3 3
      vertex 13.1876 -12.6071 3
    endloop
  endfacet
  facet normal 0 0 1
    outer loop
      vertex 12.1 13.3 3
      vertex 13.083 12.7883 3
      vertex 13.0192 12.8713 3
    endloop
  endfacet
  facet normal 0 0 1
    outer loop
      vertex 13.1876 -12.6071 3
      vertex 12.1 -13.3 3
      vertex 13.1392 -12.7 3
    endloop
  endfacet
  facet normal 0 0 1
    outer loop
      vertex 12.1 13.3 3
      vertex 13.0192 12.8713 3
      vertex 12.9485 12.9485 3
    endloop
  endfacet
  facet normal 0 0 1
    outer loop
      vertex 13.1392 -12.7 3
      vertex 12.1 -13.3 3
      vertex 13.083 -12.7883 3
    endloop
  endfacet
  facet normal 0 0 1
    outer loop
      vertex 12.1 13.3 3
      vertex 12.9485 12.9485 3
      vertex 12.8713 13.0192 3
    endloop
  endfacet
  facet normal 0 0 1
    outer loop
      vertex 13.083 -12.7883 3
      vertex 12.1 -13.3 3
      vertex 13.0192 -12.8713 3
    endloop
  endfacet
  facet normal 0 0 1
    outer loop
      vertex 12.1 13.3 3
      vertex 12.8713 13.0192 3
      vertex 12.7883 13.083 3
    endloop
  endfacet
  facet normal 0 0 1
    outer loop
      vertex 13.0192 -12.8713 3
      vertex 12.1 -13.3 3
      vertex 12.9485 -12.9485 3
    endloop
  endfacet
  facet normal 0 0 1
    outer loop
      vertex 12.1 13.3 3
      vertex 12.7883 13.083 3
      vertex 12.7 13.1392 3
    endloop
  endfacet
  facet normal 0 0 1
    outer loop
      vertex 12.9485 -12.9485 3
      vertex 12.1 -13.3 3
      vertex 12.8713 -13.0192 3
    endloop
  endfacet
  facet normal 0 0 1
    outer loop
      vertex 12.1 13.3 3
      vertex 12.7 13.1392 3
      vertex 12.6071 13.1876 3
    endloop
  endfacet
  facet normal 0 0 1
    outer loop
      vertex 12.8713 -13.0192 3
      vertex 12.1 -13.3 3
      vertex 12.7883 -13.083 3
    endloop
  endfacet
  facet normal 0 0 1
    outer loop
      vertex 12.1 13.3 3
      vertex 12.6071 13.1876 3
      vertex 12.5104 13.2276 3
    endloop
  endfacet
  facet normal 0 0 1
    outer loop
      vertex 12.7883 -13.083 3
      vertex 12.1 -13.3 3
      vertex 12.7 -13.1392 3
    endloop
  endfacet
  facet normal 0 0 1
    outer loop
      vertex 12.1 13.3 3
      vertex 12.5104 13.2276 3
      vertex 12.4106 13.2591 3
    endloop
  endfacet
  facet normal 0 0 1
    outer loop
      vertex 12.7 -13.1392 3
      vertex 12.1 -13.3 3
      vertex 12.6071 -13.1876 3
    endloop
  endfacet
  facet normal 0 0 1
    outer loop
      vertex 12.1 13.3 3
      vertex 12.4106 13.2591 3
      vertex 12.3084 13.2818 3
    endloop
  endfacet
  facet normal 0 0 1
    outer loop
      vertex 12.6071 -13.1876 3
      vertex 12.1 -13.3 3
      vertex 12.5104 -13.2276 3
    endloop
  endfacet
  facet normal 0 0 1
    outer loop
      vertex 12.1 13.3 3
      vertex 12.3084 13.2818 3
      vertex 12.2046 13.2954 3
    endloop
  endfacet
  facet normal 0 0 1
    outer loop
      vertex 12.5104 -13.2276 3
      vertex 12.1 -13.3 3
      vertex 12.4106 -13.2591 3
    endloop
  endfacet
  facet normal 0 0 1
    outer loop
      vertex 12.4106 -13.2591 3
      vertex 12.1 -13.3 3
      vertex 12.3084 -13.2818 3
    endloop
  endfacet
  facet normal 0 0 1
    outer loop
      vertex 12.3084 -13.2818 3
      vertex 12.1 -13.3 3
      vertex 12.2046 -13.2954 3
    endloop
  endfacet
  facet normal -0 0 1
    outer loop
      vertex -12.1 13.3 3
      vertex 12.1 -13.3 3
      vertex 12.1 13.3 3
    endloop
  endfacet
  facet normal 0 0 1
    outer loop
      vertex -12.1 13.3 3
      vertex -12.1 -13.3 3
      vertex 12.1 -13.3 3
    endloop
  endfacet
  facet normal 0 0 1
    outer loop
      vertex -13.3 12.1 3
      vertex -12.1 13.3 3
      vertex -12.2046 13.2954 3
    endloop
  endfacet
  facet normal 0 0 1
    outer loop
      vertex -12.1 13.3 3
      vertex -13.3 12.1 3
      vertex -12.1 -13.3 3
    endloop
  endfacet
  facet normal 0 0 1
    outer loop
      vertex -13.3 12.1 3
      vertex -12.2046 13.2954 3
      vertex -12.3084 13.2818 3
    endloop
  endfacet
  facet normal -0 0 1
    outer loop
      vertex -13.3 -12.1 3
      vertex -12.1 -13.3 3
      vertex -13.3 12.1 3
    endloop
  endfacet
  facet normal 0 0 1
    outer loop
      vertex -13.3 12.1 3
      vertex -12.3084 13.2818 3
      vertex -12.4106 13.2591 3
    endloop
  endfacet
  facet normal 0 0 1
    outer loop
      vertex -12.1 -13.3 3
      vertex -13.3 -12.1 3
      vertex -12.2046 -13.2954 3
    endloop
  endfacet
  facet normal 0 0 1
    outer loop
      vertex -13.3 12.1 3
      vertex -12.4106 13.2591 3
      vertex -12.5104 13.2276 3
    endloop
  endfacet
  facet normal 0 0 1
    outer loop
      vertex -12.2046 -13.2954 3
      vertex -13.3 -12.1 3
      vertex -12.3084 -13.2818 3
    endloop
  endfacet
  facet normal 0 0 1
    outer loop
      vertex -13.3 12.1 3
      vertex -12.5104 13.2276 3
      vertex -12.6071 13.1876 3
    endloop
  endfacet
  facet normal 0 0 1
    outer loop
      vertex -12.3084 -13.2818 3
      vertex -13.3 -12.1 3
      vertex -12.4106 -13.2591 3
    endloop
  endfacet
  facet normal 0 0 1
    outer loop
      vertex -13.3 12.1 3
      vertex -12.6071 13.1876 3
      vertex -12.7 13.1392 3
    endloop
  endfacet
  facet normal 0 0 1
    outer loop
      vertex -12.4106 -13.2591 3
      vertex -13.3 -12.1 3
      vertex -12.5104 -13.2276 3
    endloop
  endfacet
  facet normal 0 0 1
    outer loop
      vertex -13.3 12.1 3
      vertex -12.7 13.1392 3
      vertex -12.7883 13.083 3
    endloop
  endfacet
  facet normal 0 0 1
    outer loop
      vertex -12.5104 -13.2276 3
      vertex -13.3 -12.1 3
      vertex -12.6071 -13.1876 3
    endloop
  endfacet
  facet normal 0 0 1
    outer loop
      vertex -13.3 12.1 3
      vertex -12.7883 13.083 3
      vertex -12.8713 13.0192 3
    endloop
  endfacet
  facet normal 0 0 1
    outer loop
      vertex -12.6071 -13.1876 3
      vertex -13.3 -12.1 3
      vertex -12.7 -13.1392 3
    endloop
  endfacet
  facet normal 0 0 1
    outer loop
      vertex -13.3 12.1 3
      vertex -12.8713 13.0192 3
      vertex -12.9485 12.9485 3
    endloop
  endfacet
  facet normal 0 0 1
    outer loop
      vertex -12.7 -13.1392 3
      vertex -13.3 -12.1 3
      vertex -12.7883 -13.083 3
    endloop
  endfacet
  facet normal 0 0 1
    outer loop
      vertex -13.3 12.1 3
      vertex -12.9485 12.9485 3
      vertex -13.0192 12.8713 3
    endloop
  endfacet
  facet normal 0 0 1
    outer loop
      vertex -12.7883 -13.083 3
      vertex -13.3 -12.1 3
      vertex -12.8713 -13.0192 3
    endloop
  endfacet
  facet normal 0 0 1
    outer loop
      vertex -13.3 12.1 3
      vertex -13.0192 12.8713 3
      vertex -13.083 12.7883 3
    endloop
  endfacet
  facet normal 0 0 1
    outer loop
      vertex -12.8713 -13.0192 3
      vertex -13.3 -12.1 3
      vertex -12.9485 -12.9485 3
    endloop
  endfacet
  facet normal 0 0 1
    outer loop
      vertex -13.3 12.1 3
      vertex -13.083 12.7883 3
      vertex -13.1392 12.7 3
    endloop
  endfacet
  facet normal 0 0 1
    outer loop
      vertex -12.9485 -12.9485 3
      vertex -13.3 -12.1 3
      vertex -13.0192 -12.8713 3
    endloop
  endfacet
  facet normal 0 0 1
    outer loop
      vertex -13.3 12.1 3
      vertex -13.1392 12.7 3
      vertex -13.1876 12.6071 3
    endloop
  endfacet
  facet normal 0 0 1
    outer loop
      vertex -13.0192 -12.8713 3
      vertex -13.3 -12.1 3
      vertex -13.083 -12.7883 3
    endloop
  endfacet
  facet normal 0 0 1
    outer loop
      vertex -13.3 12.1 3
      vertex -13.1876 12.6071 3
      vertex -13.2276 12.5104 3
    endloop
  endfacet
  facet normal 0 0 1
    outer loop
      vertex -13.083 -12.7883 3
      vertex -13.3 -12.1 3
      vertex -13.1392 -12.7 3
    endloop
  endfacet
  facet normal 0 0 1
    outer loop
      vertex -13.3 12.1 3
      vertex -13.2276 12.5104 3
      vertex -13.2591 12.4106 3
    endloop
  endfacet
  facet normal 0 0 1
    outer loop
      vertex -13.1392 -12.7 3
      vertex -13.3 -12.1 3
      vertex -13.1876 -12.6071 3
    endloop
  endfacet
  facet normal 0 0 1
    outer loop
      vertex -13.3 12.1 3
      vertex -13.2591 12.4106 3
      vertex -13.2818 12.3084 3
    endloop
  endfacet
  facet normal 0 0 1
    outer loop
      vertex -13.1876 -12.6071 3
      vertex -13.3 -12.1 3
      vertex -13.2276 -12.5104 3
    endloop
  endfacet
  facet normal 0 0 1
    outer loop
      vertex -13.3 12.1 3
      vertex -13.2818 12.3084 3
      vertex -13.2954 12.2046 3
    endloop
  endfacet
  facet normal 0 0 1
    outer loop
      vertex -13.2276 -12.5104 3
      vertex -13.3 -12.1 3
      vertex -13.2591 -12.4106 3
    endloop
  endfacet
  facet normal 0 0 1
    outer loop
      vertex -13.2591 -12.4106 3
      vertex -13.3 -12.1 3
      vertex -13.2818 -12.3084 3
    endloop
  endfacet
  facet normal 0 0 1
    outer loop
      vertex -13.2818 -12.3084 3
      vertex -13.3 -12.1 3
      vertex -13.2954 -12.2046 3
    endloop
  endfacet
  facet normal 0.887018 -0.461735 0
    outer loop
      vertex 19.3301 -17.5 3
      vertex 19.5315 -17.1131 0
      vertex 19.5315 -17.1131 3
    endloop
  endfacet
  facet normal 0.887018 -0.461735 0
    outer loop
      vertex 19.5315 -17.1131 0
      vertex 19.3301 -17.5 3
      vertex 19.3301 -17.5 0
    endloop
  endfacet
  facet normal -0.976306 0.216396 0
    outer loop
      vertex -19.924 15.8682 0
      vertex -19.8296 16.2941 3
      vertex -19.8296 16.2941 0
    endloop
  endfacet
  facet normal -0.976306 0.216396 0
    outer loop
      vertex -19.8296 16.2941 3
      vertex -19.924 15.8682 0
      vertex -19.924 15.8682 3
    endloop
  endfacet
  facet normal -0.923821 0.382824 0
    outer loop
      vertex -19.6985 16.7101 0
      vertex -19.5315 17.1131 3
      vertex -19.5315 17.1131 0
    endloop
  endfacet
  facet normal -0.923821 0.382824 0
    outer loop
      vertex -19.5315 17.1131 3
      vertex -19.6985 16.7101 0
      vertex -19.6985 16.7101 3
    endloop
  endfacet
  facet normal -0.953759 0.300572 0
    outer loop
      vertex -19.8296 16.2941 0
      vertex -19.6985 16.7101 3
      vertex -19.6985 16.7101 0
    endloop
  endfacet
  facet normal -0.953759 0.300572 0
    outer loop
      vertex -19.6985 16.7101 3
      vertex -19.8296 16.2941 0
      vertex -19.8296 16.2941 3
    endloop
  endfacet
  facet normal 0.6756 -0.737268 0
    outer loop
      vertex 18.2139 -18.8302 0
      vertex 18.5355 -18.5355 3
      vertex 18.2139 -18.8302 3
    endloop
  endfacet
  facet normal 0.6756 -0.737268 0
    outer loop
      vertex 18.5355 -18.5355 3
      vertex 18.2139 -18.8302 0
      vertex 18.5355 -18.5355 0
    endloop
  endfacet
  facet normal -0.608913 0.793237 0
    outer loop
      vertex -17.8679 19.0958 0
      vertex -18.2139 18.8302 3
      vertex -17.8679 19.0958 3
    endloop
  endfacet
  facet normal -0.608913 0.793237 0
    outer loop
      vertex -18.2139 18.8302 3
      vertex -17.8679 19.0958 0
      vertex -18.2139 18.8302 0
    endloop
  endfacet
  facet normal -0.843473 0.537172 0
    outer loop
      vertex -19.3301 17.5 0
      vertex -19.0958 17.8679 3
      vertex -19.0958 17.8679 0
    endloop
  endfacet
  facet normal -0.843473 0.537172 0
    outer loop
      vertex -19.0958 17.8679 3
      vertex -19.3301 17.5 0
      vertex -19.3301 17.5 3
    endloop
  endfacet
  facet normal -0.6756 0.737268 0
    outer loop
      vertex -18.2139 18.8302 0
      vertex -18.5355 18.5355 3
      vertex -18.2139 18.8302 3
    endloop
  endfacet
  facet normal -0.6756 0.737268 0
    outer loop
      vertex -18.5355 18.5355 3
      vertex -18.2139 18.8302 0
      vertex -18.5355 18.5355 0
    endloop
  endfacet
  facet normal 0.608913 -0.793237 0
    outer loop
      vertex 17.8679 -19.0958 0
      vertex 18.2139 -18.8302 3
      vertex 17.8679 -19.0958 3
    endloop
  endfacet
  facet normal 0.608913 -0.793237 0
    outer loop
      vertex 18.2139 -18.8302 3
      vertex 17.8679 -19.0958 0
      vertex 18.2139 -18.8302 0
    endloop
  endfacet
  facet normal -0.608831 0.7933 0
    outer loop
      vertex 1.09274 -18.3023 0
      vertex 0.97508 -18.3926 3
      vertex 1.09274 -18.3023 3
    endloop
  endfacet
  facet normal -0.608831 0.7933 0
    outer loop
      vertex 0.97508 -18.3926 3
      vertex 1.09274 -18.3023 0
      vertex 0.97508 -18.3926 0
    endloop
  endfacet
  facet normal -0.991439 -0.130573 0
    outer loop
      vertex 1.69353 -16.8518 0
      vertex 1.67417 -16.7048 3
      vertex 1.67417 -16.7048 0
    endloop
  endfacet
  facet normal -0.991439 -0.130573 0
    outer loop
      vertex 1.67417 -16.7048 3
      vertex 1.69353 -16.8518 0
      vertex 1.69353 -16.8518 3
    endloop
  endfacet
  facet normal -0.0438279 0.999039 0
    outer loop
      vertex 0.148165 -18.6935 0
      vertex 0 -18.7 3
      vertex 0.148165 -18.6935 3
    endloop
  endfacet
  facet normal -0.0438279 0.999039 0
    outer loop
      vertex 0 -18.7 3
      vertex 0.148165 -18.6935 0
      vertex 0 -18.7 0
    endloop
  endfacet
  facet normal 0.976298 -0.216431 0
    outer loop
      vertex -1.67417 -16.7048 3
      vertex -1.64207 -16.56 0
      vertex -1.64207 -16.56 3
    endloop
  endfacet
  facet normal 0.976298 -0.216431 0
    outer loop
      vertex -1.64207 -16.56 0
      vertex -1.67417 -16.7048 3
      vertex -1.67417 -16.7048 0
    endloop
  endfacet
  facet normal 0.991439 -0.130573 0
    outer loop
      vertex -1.69353 -16.8518 3
      vertex -1.67417 -16.7048 0
      vertex -1.67417 -16.7048 3
    endloop
  endfacet
  facet normal 0.991439 -0.130573 0
    outer loop
      vertex -1.67417 -16.7048 0
      vertex -1.69353 -16.8518 3
      vertex -1.69353 -16.8518 0
    endloop
  endfacet
  facet normal 0.953704 0.300747 0
    outer loop
      vertex -1.59748 -17.5814 3
      vertex -1.64207 -17.44 0
      vertex -1.64207 -17.44 3
    endloop
  endfacet
  facet normal 0.953704 0.300747 0
    outer loop
      vertex -1.64207 -17.44 0
      vertex -1.59748 -17.5814 3
      vertex -1.59748 -17.5814 0
    endloop
  endfacet
  facet normal -0.923948 -0.382518 0
    outer loop
      vertex 1.59748 -16.4186 0
      vertex 1.54072 -16.2815 3
      vertex 1.54072 -16.2815 0
    endloop
  endfacet
  facet normal -0.923948 -0.382518 0
    outer loop
      vertex 1.54072 -16.2815 3
      vertex 1.59748 -16.4186 0
      vertex 1.59748 -16.4186 3
    endloop
  endfacet
  facet normal -0.608831 -0.7933 0
    outer loop
      vertex 0.97508 -15.6074 0
      vertex 1.09274 -15.6977 3
      vertex 0.97508 -15.6074 3
    endloop
  endfacet
  facet normal -0.608831 -0.7933 -0
    outer loop
      vertex 1.09274 -15.6977 3
      vertex 0.97508 -15.6074 0
      vertex 1.09274 -15.6977 0
    endloop
  endfacet
  facet normal -0.953704 0.300747 0
    outer loop
      vertex 1.59748 -17.5814 0
      vertex 1.64207 -17.44 3
      vertex 1.64207 -17.44 0
    endloop
  endfacet
  facet normal -0.953704 0.300747 0
    outer loop
      vertex 1.64207 -17.44 3
      vertex 1.59748 -17.5814 0
      vertex 1.59748 -17.5814 3
    endloop
  endfacet
  facet normal 0.382944 -0.923772 0
    outer loop
      vertex -0.718451 -15.4593 0
      vertex -0.581433 -15.4025 3
      vertex -0.718451 -15.4593 3
    endloop
  endfacet
  facet normal 0.382944 -0.923772 0
    outer loop
      vertex -0.581433 -15.4025 3
      vertex -0.718451 -15.4593 0
      vertex -0.581433 -15.4025 0
    endloop
  endfacet
  facet normal 0.976298 0.216431 0
    outer loop
      vertex -1.64207 -17.44 3
      vertex -1.67417 -17.2952 0
      vertex -1.67417 -17.2952 3
    endloop
  endfacet
  facet normal 0.976298 0.216431 0
    outer loop
      vertex -1.67417 -17.2952 0
      vertex -1.64207 -17.44 3
      vertex -1.64207 -17.44 0
    endloop
  endfacet
  facet normal -0.843445 -0.537216 0
    outer loop
      vertex 1.47224 -16.15 0
      vertex 1.39256 -16.0249 3
      vertex 1.39256 -16.0249 0
    endloop
  endfacet
  facet normal -0.843445 -0.537216 0
    outer loop
      vertex 1.39256 -16.0249 3
      vertex 1.47224 -16.15 0
      vertex 1.47224 -16.15 3
    endloop
  endfacet
  facet normal -0.461857 -0.886954 0
    outer loop
      vertex 0.718451 -15.4593 0
      vertex 0.849999 -15.5278 3
      vertex 0.718451 -15.4593 3
    endloop
  endfacet
  facet normal -0.461857 -0.886954 -0
    outer loop
      vertex 0.849999 -15.5278 3
      vertex 0.718451 -15.4593 0
      vertex 0.849999 -15.5278 0
    endloop
  endfacet
  facet normal -0.999048 -0.0436157 0
    outer loop
      vertex 1.7 -17 0
      vertex 1.69353 -16.8518 3
      vertex 1.69353 -16.8518 0
    endloop
  endfacet
  facet normal -0.999048 -0.0436157 0
    outer loop
      vertex 1.69353 -16.8518 3
      vertex 1.7 -17 0
      vertex 1.7 -17 3
    endloop
  endfacet
  facet normal 0.843445 0.537216 0
    outer loop
      vertex -1.39256 -17.9751 3
      vertex -1.47224 -17.85 0
      vertex -1.47224 -17.85 3
    endloop
  endfacet
  facet normal 0.843445 0.537216 0
    outer loop
      vertex -1.47224 -17.85 0
      vertex -1.39256 -17.9751 3
      vertex -1.39256 -17.9751 0
    endloop
  endfacet
  facet normal 0.923948 0.382518 0
    outer loop
      vertex -1.54072 -17.7185 3
      vertex -1.59748 -17.5814 0
      vertex -1.59748 -17.5814 3
    endloop
  endfacet
  facet normal 0.923948 0.382518 0
    outer loop
      vertex -1.59748 -17.5814 0
      vertex -1.54072 -17.7185 3
      vertex -1.54072 -17.7185 0
    endloop
  endfacet
  facet normal -0.675621 0.737249 0
    outer loop
      vertex 1.20208 -18.2021 0
      vertex 1.09274 -18.3023 3
      vertex 1.20208 -18.2021 3
    endloop
  endfacet
  facet normal -0.675621 0.737249 0
    outer loop
      vertex 1.09274 -18.3023 3
      vertex 1.20208 -18.2021 0
      vertex 1.09274 -18.3023 0
    endloop
  endfacet
  facet normal -0.382944 0.923772 0
    outer loop
      vertex 0.718451 -18.5407 0
      vertex 0.581433 -18.5975 3
      vertex 0.718451 -18.5407 3
    endloop
  endfacet
  facet normal -0.382944 0.923772 0
    outer loop
      vertex 0.581433 -18.5975 3
      vertex 0.718451 -18.5407 0
      vertex 0.581433 -18.5975 0
    endloop
  endfacet
  facet normal -0.216444 -0.976295 0
    outer loop
      vertex 0.295201 -15.3258 0
      vertex 0.439992 -15.3579 3
      vertex 0.295201 -15.3258 3
    endloop
  endfacet
  facet normal -0.216444 -0.976295 -0
    outer loop
      vertex 0.439992 -15.3579 3
      vertex 0.295201 -15.3258 0
      vertex 0.439992 -15.3579 0
    endloop
  endfacet
  facet normal 0.461857 -0.886954 0
    outer loop
      vertex -0.849999 -15.5278 0
      vertex -0.718451 -15.4593 3
      vertex -0.849999 -15.5278 3
    endloop
  endfacet
  facet normal 0.461857 -0.886954 0
    outer loop
      vertex -0.718451 -15.4593 3
      vertex -0.849999 -15.5278 0
      vertex -0.718451 -15.4593 0
    endloop
  endfacet
  facet normal -0.130144 0.991495 0
    outer loop
      vertex 0.295201 -18.6742 0
      vertex 0.148165 -18.6935 3
      vertex 0.295201 -18.6742 3
    endloop
  endfacet
  facet normal -0.130144 0.991495 0
    outer loop
      vertex 0.148165 -18.6935 3
      vertex 0.295201 -18.6742 0
      vertex 0.148165 -18.6935 0
    endloop
  endfacet
  facet normal -0.0438279 -0.999039 0
    outer loop
      vertex 0 -15.3 0
      vertex 0.148165 -15.3065 3
      vertex 0 -15.3 3
    endloop
  endfacet
  facet normal -0.0438279 -0.999039 -0
    outer loop
      vertex 0.148165 -15.3065 3
      vertex 0 -15.3 0
      vertex 0.148165 -15.3065 0
    endloop
  endfacet
  facet normal -0.999048 0.0436157 0
    outer loop
      vertex 1.69353 -17.1482 0
      vertex 1.7 -17 3
      vertex 1.7 -17 0
    endloop
  endfacet
  facet normal -0.999048 0.0436157 0
    outer loop
      vertex 1.7 -17 3
      vertex 1.69353 -17.1482 0
      vertex 1.69353 -17.1482 3
    endloop
  endfacet
  facet normal -0.991439 0.130573 0
    outer loop
      vertex 1.67417 -17.2952 0
      vertex 1.69353 -17.1482 3
      vertex 1.69353 -17.1482 0
    endloop
  endfacet
  facet normal -0.991439 0.130573 0
    outer loop
      vertex 1.69353 -17.1482 3
      vertex 1.67417 -17.2952 0
      vertex 1.67417 -17.2952 3
    endloop
  endfacet
  facet normal -0.976298 -0.216431 0
    outer loop
      vertex 1.67417 -16.7048 0
      vertex 1.64207 -16.56 3
      vertex 1.64207 -16.56 0
    endloop
  endfacet
  facet normal -0.976298 -0.216431 0
    outer loop
      vertex 1.64207 -16.56 3
      vertex 1.67417 -16.7048 0
      vertex 1.67417 -16.7048 3
    endloop
  endfacet
  facet normal 0.675621 -0.737249 0
    outer loop
      vertex -1.20208 -15.7979 0
      vertex -1.09274 -15.6977 3
      vertex -1.20208 -15.7979 3
    endloop
  endfacet
  facet normal 0.675621 -0.737249 0
    outer loop
      vertex -1.09274 -15.6977 3
      vertex -1.20208 -15.7979 0
      vertex -1.09274 -15.6977 0
    endloop
  endfacet
  facet normal 0.53689 0.843652 -0
    outer loop
      vertex -0.849999 -18.4722 0
      vertex -0.97508 -18.3926 3
      vertex -0.849999 -18.4722 3
    endloop
  endfacet
  facet normal 0.53689 0.843652 0
    outer loop
      vertex -0.97508 -18.3926 3
      vertex -0.849999 -18.4722 0
      vertex -0.97508 -18.3926 0
    endloop
  endfacet
  facet normal -0.53689 0.843652 0
    outer loop
      vertex 0.97508 -18.3926 0
      vertex 0.849999 -18.4722 3
      vertex 0.97508 -18.3926 3
    endloop
  endfacet
  facet normal -0.53689 0.843652 0
    outer loop
      vertex 0.849999 -18.4722 3
      vertex 0.97508 -18.3926 0
      vertex 0.849999 -18.4722 0
    endloop
  endfacet
  facet normal 0.793183 0.608984 0
    outer loop
      vertex -1.30227 -18.0927 3
      vertex -1.39256 -17.9751 0
      vertex -1.39256 -17.9751 3
    endloop
  endfacet
  facet normal 0.793183 0.608984 0
    outer loop
      vertex -1.39256 -17.9751 0
      vertex -1.30227 -18.0927 3
      vertex -1.30227 -18.0927 0
    endloop
  endfacet
  facet normal -0.737467 0.675383 0
    outer loop
      vertex 1.20208 -18.2021 0
      vertex 1.30227 -18.0927 3
      vertex 1.30227 -18.0927 0
    endloop
  endfacet
  facet normal -0.737467 0.675383 0
    outer loop
      vertex 1.30227 -18.0927 3
      vertex 1.20208 -18.2021 0
      vertex 1.20208 -18.2021 3
    endloop
  endfacet
  facet normal 0.461857 0.886954 -0
    outer loop
      vertex -0.718451 -18.5407 0
      vertex -0.849999 -18.4722 3
      vertex -0.718451 -18.5407 3
    endloop
  endfacet
  facet normal 0.461857 0.886954 0
    outer loop
      vertex -0.849999 -18.4722 3
      vertex -0.718451 -18.5407 0
      vertex -0.849999 -18.4722 0
    endloop
  endfacet
  facet normal -0.216444 0.976295 0
    outer loop
      vertex 0.439992 -18.6421 0
      vertex 0.295201 -18.6742 3
      vertex 0.439992 -18.6421 3
    endloop
  endfacet
  facet normal -0.216444 0.976295 0
    outer loop
      vertex 0.295201 -18.6742 3
      vertex 0.439992 -18.6421 0
      vertex 0.295201 -18.6742 0
    endloop
  endfacet
  facet normal -0.737467 -0.675383 0
    outer loop
      vertex 1.30227 -15.9073 0
      vertex 1.20208 -15.7979 3
      vertex 1.20208 -15.7979 0
    endloop
  endfacet
  facet normal -0.737467 -0.675383 0
    outer loop
      vertex 1.20208 -15.7979 3
      vertex 1.30227 -15.9073 0
      vertex 1.30227 -15.9073 3
    endloop
  endfacet
  facet normal 0.843445 -0.537216 0
    outer loop
      vertex -1.47224 -16.15 3
      vertex -1.39256 -16.0249 0
      vertex -1.39256 -16.0249 3
    endloop
  endfacet
  facet normal 0.843445 -0.537216 0
    outer loop
      vertex -1.39256 -16.0249 0
      vertex -1.47224 -16.15 3
      vertex -1.47224 -16.15 0
    endloop
  endfacet
  facet normal 0.216444 -0.976295 0
    outer loop
      vertex -0.439992 -15.3579 0
      vertex -0.295201 -15.3258 3
      vertex -0.439992 -15.3579 3
    endloop
  endfacet
  facet normal 0.216444 -0.976295 0
    outer loop
      vertex -0.295201 -15.3258 3
      vertex -0.439992 -15.3579 0
      vertex -0.295201 -15.3258 0
    endloop
  endfacet
  facet normal 0.886941 0.461884 0
    outer loop
      vertex -1.47224 -17.85 3
      vertex -1.54072 -17.7185 0
      vertex -1.54072 -17.7185 3
    endloop
  endfacet
  facet normal 0.886941 0.461884 0
    outer loop
      vertex -1.54072 -17.7185 0
      vertex -1.47224 -17.85 3
      vertex -1.47224 -17.85 0
    endloop
  endfacet
  facet normal -0.976298 0.216431 0
    outer loop
      vertex 1.64207 -17.44 0
      vertex 1.67417 -17.2952 3
      vertex 1.67417 -17.2952 0
    endloop
  endfacet
  facet normal -0.976298 0.216431 0
    outer loop
      vertex 1.67417 -17.2952 3
      vertex 1.64207 -17.44 0
      vertex 1.64207 -17.44 3
    endloop
  endfacet
  facet normal -0.130144 -0.991495 0
    outer loop
      vertex 0.148165 -15.3065 0
      vertex 0.295201 -15.3258 3
      vertex 0.148165 -15.3065 3
    endloop
  endfacet
  facet normal -0.130144 -0.991495 -0
    outer loop
      vertex 0.295201 -15.3258 3
      vertex 0.148165 -15.3065 0
      vertex 0.295201 -15.3258 0
    endloop
  endfacet
  facet normal 0.793183 -0.608984 0
    outer loop
      vertex -1.39256 -16.0249 3
      vertex -1.30227 -15.9073 0
      vertex -1.30227 -15.9073 3
    endloop
  endfacet
  facet normal 0.793183 -0.608984 0
    outer loop
      vertex -1.30227 -15.9073 0
      vertex -1.39256 -16.0249 3
      vertex -1.39256 -16.0249 0
    endloop
  endfacet
  facet normal 0.923948 -0.382518 0
    outer loop
      vertex -1.59748 -16.4186 3
      vertex -1.54072 -16.2815 0
      vertex -1.54072 -16.2815 3
    endloop
  endfacet
  facet normal 0.923948 -0.382518 0
    outer loop
      vertex -1.54072 -16.2815 0
      vertex -1.59748 -16.4186 3
      vertex -1.59748 -16.4186 0
    endloop
  endfacet
  facet normal 0.300729 0.95371 -0
    outer loop
      vertex -0.439992 -18.6421 0
      vertex -0.581433 -18.5975 3
      vertex -0.439992 -18.6421 3
    endloop
  endfacet
  facet normal 0.300729 0.95371 0
    outer loop
      vertex -0.581433 -18.5975 3
      vertex -0.439992 -18.6421 0
      vertex -0.581433 -18.5975 0
    endloop
  endfacet
  facet normal -0.793183 0.608984 0
    outer loop
      vertex 1.30227 -18.0927 0
      vertex 1.39256 -17.9751 3
      vertex 1.39256 -17.9751 0
    endloop
  endfacet
  facet normal -0.793183 0.608984 0
    outer loop
      vertex 1.39256 -17.9751 3
      vertex 1.30227 -18.0927 0
      vertex 1.30227 -18.0927 3
    endloop
  endfacet
  facet normal 0.130144 0.991495 -0
    outer loop
      vertex -0.148165 -18.6935 0
      vertex -0.295201 -18.6742 3
      vertex -0.148165 -18.6935 3
    endloop
  endfacet
  facet normal 0.130144 0.991495 0
    outer loop
      vertex -0.295201 -18.6742 3
      vertex -0.148165 -18.6935 0
      vertex -0.295201 -18.6742 0
    endloop
  endfacet
  facet normal -0.953704 -0.300747 0
    outer loop
      vertex 1.64207 -16.56 0
      vertex 1.59748 -16.4186 3
      vertex 1.59748 -16.4186 0
    endloop
  endfacet
  facet normal -0.953704 -0.300747 0
    outer loop
      vertex 1.59748 -16.4186 3
      vertex 1.64207 -16.56 0
      vertex 1.64207 -16.56 3
    endloop
  endfacet
  facet normal -0.300729 0.95371 0
    outer loop
      vertex 0.581433 -18.5975 0
      vertex 0.439992 -18.6421 3
      vertex 0.581433 -18.5975 3
    endloop
  endfacet
  facet normal -0.300729 0.95371 0
    outer loop
      vertex 0.439992 -18.6421 3
      vertex 0.581433 -18.5975 0
      vertex 0.439992 -18.6421 0
    endloop
  endfacet
  facet normal -0.675621 -0.737249 0
    outer loop
      vertex 1.09274 -15.6977 0
      vertex 1.20208 -15.7979 3
      vertex 1.09274 -15.6977 3
    endloop
  endfacet
  facet normal -0.675621 -0.737249 -0
    outer loop
      vertex 1.20208 -15.7979 3
      vertex 1.09274 -15.6977 0
      vertex 1.20208 -15.7979 0
    endloop
  endfacet
  facet normal -0.886941 -0.461884 0
    outer loop
      vertex 1.54072 -16.2815 0
      vertex 1.47224 -16.15 3
      vertex 1.47224 -16.15 0
    endloop
  endfacet
  facet normal -0.886941 -0.461884 0
    outer loop
      vertex 1.47224 -16.15 3
      vertex 1.54072 -16.2815 0
      vertex 1.54072 -16.2815 3
    endloop
  endfacet
  facet normal 0.999048 -0.0436157 0
    outer loop
      vertex -1.7 -17 3
      vertex -1.69353 -16.8518 0
      vertex -1.69353 -16.8518 3
    endloop
  endfacet
  facet normal 0.999048 -0.0436157 0
    outer loop
      vertex -1.69353 -16.8518 0
      vertex -1.7 -17 3
      vertex -1.7 -17 0
    endloop
  endfacet
  facet normal -0.923948 0.382518 0
    outer loop
      vertex 1.54072 -17.7185 0
      vertex 1.59748 -17.5814 3
      vertex 1.59748 -17.5814 0
    endloop
  endfacet
  facet normal -0.923948 0.382518 0
    outer loop
      vertex 1.59748 -17.5814 3
      vertex 1.54072 -17.7185 0
      vertex 1.54072 -17.7185 3
    endloop
  endfacet
  facet normal -0.53689 -0.843652 0
    outer loop
      vertex 0.849999 -15.5278 0
      vertex 0.97508 -15.6074 3
      vertex 0.849999 -15.5278 3
    endloop
  endfacet
  facet normal -0.53689 -0.843652 -0
    outer loop
      vertex 0.97508 -15.6074 3
      vertex 0.849999 -15.5278 0
      vertex 0.97508 -15.6074 0
    endloop
  endfacet
  facet normal -0.793183 -0.608984 0
    outer loop
      vertex 1.39256 -16.0249 0
      vertex 1.30227 -15.9073 3
      vertex 1.30227 -15.9073 0
    endloop
  endfacet
  facet normal -0.793183 -0.608984 0
    outer loop
      vertex 1.30227 -15.9073 3
      vertex 1.39256 -16.0249 0
      vertex 1.39256 -16.0249 3
    endloop
  endfacet
  facet normal 0.608831 -0.7933 0
    outer loop
      vertex -1.09274 -15.6977 0
      vertex -0.97508 -15.6074 3
      vertex -1.09274 -15.6977 3
    endloop
  endfacet
  facet normal 0.608831 -0.7933 0
    outer loop
      vertex -0.97508 -15.6074 3
      vertex -1.09274 -15.6977 0
      vertex -0.97508 -15.6074 0
    endloop
  endfacet
  facet normal 0.300729 -0.95371 0
    outer loop
      vertex -0.581433 -15.4025 0
      vertex -0.439992 -15.3579 3
      vertex -0.581433 -15.4025 3
    endloop
  endfacet
  facet normal 0.300729 -0.95371 0
    outer loop
      vertex -0.439992 -15.3579 3
      vertex -0.581433 -15.4025 0
      vertex -0.439992 -15.3579 0
    endloop
  endfacet
  facet normal 0.130144 -0.991495 0
    outer loop
      vertex -0.295201 -15.3258 0
      vertex -0.148165 -15.3065 3
      vertex -0.295201 -15.3258 3
    endloop
  endfacet
  facet normal 0.130144 -0.991495 0
    outer loop
      vertex -0.148165 -15.3065 3
      vertex -0.295201 -15.3258 0
      vertex -0.148165 -15.3065 0
    endloop
  endfacet
  facet normal 0.737467 0.675383 0
    outer loop
      vertex -1.20208 -18.2021 3
      vertex -1.30227 -18.0927 0
      vertex -1.30227 -18.0927 3
    endloop
  endfacet
  facet normal 0.737467 0.675383 0
    outer loop
      vertex -1.30227 -18.0927 0
      vertex -1.20208 -18.2021 3
      vertex -1.20208 -18.2021 0
    endloop
  endfacet
  facet normal -0.843445 0.537216 0
    outer loop
      vertex 1.39256 -17.9751 0
      vertex 1.47224 -17.85 3
      vertex 1.47224 -17.85 0
    endloop
  endfacet
  facet normal -0.843445 0.537216 0
    outer loop
      vertex 1.47224 -17.85 3
      vertex 1.39256 -17.9751 0
      vertex 1.39256 -17.9751 3
    endloop
  endfacet
  facet normal 0.999048 0.0436157 0
    outer loop
      vertex -1.69353 -17.1482 3
      vertex -1.7 -17 0
      vertex -1.7 -17 3
    endloop
  endfacet
  facet normal 0.999048 0.0436157 0
    outer loop
      vertex -1.7 -17 0
      vertex -1.69353 -17.1482 3
      vertex -1.69353 -17.1482 0
    endloop
  endfacet
  facet normal 0.0438279 0.999039 -0
    outer loop
      vertex 0 -18.7 0
      vertex -0.148165 -18.6935 3
      vertex 0 -18.7 3
    endloop
  endfacet
  facet normal 0.0438279 0.999039 0
    outer loop
      vertex -0.148165 -18.6935 3
      vertex 0 -18.7 0
      vertex -0.148165 -18.6935 0
    endloop
  endfacet
  facet normal 0.991439 0.130573 0
    outer loop
      vertex -1.67417 -17.2952 3
      vertex -1.69353 -17.1482 0
      vertex -1.69353 -17.1482 3
    endloop
  endfacet
  facet normal 0.991439 0.130573 0
    outer loop
      vertex -1.69353 -17.1482 0
      vertex -1.67417 -17.2952 3
      vertex -1.67417 -17.2952 0
    endloop
  endfacet
  facet normal 0.608831 0.7933 -0
    outer loop
      vertex -0.97508 -18.3926 0
      vertex -1.09274 -18.3023 3
      vertex -0.97508 -18.3926 3
    endloop
  endfacet
  facet normal 0.608831 0.7933 0
    outer loop
      vertex -1.09274 -18.3023 3
      vertex -0.97508 -18.3926 0
      vertex -1.09274 -18.3023 0
    endloop
  endfacet
  facet normal -0.461857 0.886954 0
    outer loop
      vertex 0.849999 -18.4722 0
      vertex 0.718451 -18.5407 3
      vertex 0.849999 -18.4722 3
    endloop
  endfacet
  facet normal -0.461857 0.886954 0
    outer loop
      vertex 0.718451 -18.5407 3
      vertex 0.849999 -18.4722 0
      vertex 0.718451 -18.5407 0
    endloop
  endfacet
  facet normal 0.675621 0.737249 -0
    outer loop
      vertex -1.09274 -18.3023 0
      vertex -1.20208 -18.2021 3
      vertex -1.09274 -18.3023 3
    endloop
  endfacet
  facet normal 0.675621 0.737249 0
    outer loop
      vertex -1.20208 -18.2021 3
      vertex -1.09274 -18.3023 0
      vertex -1.20208 -18.2021 0
    endloop
  endfacet
  facet normal -0.382944 -0.923772 0
    outer loop
      vertex 0.581433 -15.4025 0
      vertex 0.718451 -15.4593 3
      vertex 0.581433 -15.4025 3
    endloop
  endfacet
  facet normal -0.382944 -0.923772 -0
    outer loop
      vertex 0.718451 -15.4593 3
      vertex 0.581433 -15.4025 0
      vertex 0.718451 -15.4593 0
    endloop
  endfacet
  facet normal -0.300729 -0.95371 0
    outer loop
      vertex 0.439992 -15.3579 0
      vertex 0.581433 -15.4025 3
      vertex 0.439992 -15.3579 3
    endloop
  endfacet
  facet normal -0.300729 -0.95371 -0
    outer loop
      vertex 0.581433 -15.4025 3
      vertex 0.439992 -15.3579 0
      vertex 0.581433 -15.4025 0
    endloop
  endfacet
  facet normal 0.216444 0.976295 -0
    outer loop
      vertex -0.295201 -18.6742 0
      vertex -0.439992 -18.6421 3
      vertex -0.295201 -18.6742 3
    endloop
  endfacet
  facet normal 0.216444 0.976295 0
    outer loop
      vertex -0.439992 -18.6421 3
      vertex -0.295201 -18.6742 0
      vertex -0.439992 -18.6421 0
    endloop
  endfacet
  facet normal 0.53689 -0.843652 0
    outer loop
      vertex -0.97508 -15.6074 0
      vertex -0.849999 -15.5278 3
      vertex -0.97508 -15.6074 3
    endloop
  endfacet
  facet normal 0.53689 -0.843652 0
    outer loop
      vertex -0.849999 -15.5278 3
      vertex -0.97508 -15.6074 0
      vertex -0.849999 -15.5278 0
    endloop
  endfacet
  facet normal 0.0438279 -0.999039 0
    outer loop
      vertex -0.148165 -15.3065 0
      vertex 0 -15.3 3
      vertex -0.148165 -15.3065 3
    endloop
  endfacet
  facet normal 0.0438279 -0.999039 0
    outer loop
      vertex 0 -15.3 3
      vertex -0.148165 -15.3065 0
      vertex 0 -15.3 0
    endloop
  endfacet
  facet normal 0.953704 -0.300747 0
    outer loop
      vertex -1.64207 -16.56 3
      vertex -1.59748 -16.4186 0
      vertex -1.59748 -16.4186 3
    endloop
  endfacet
  facet normal 0.953704 -0.300747 0
    outer loop
      vertex -1.59748 -16.4186 0
      vertex -1.64207 -16.56 3
      vertex -1.64207 -16.56 0
    endloop
  endfacet
  facet normal 0.382944 0.923772 -0
    outer loop
      vertex -0.581433 -18.5975 0
      vertex -0.718451 -18.5407 3
      vertex -0.581433 -18.5975 3
    endloop
  endfacet
  facet normal 0.382944 0.923772 0
    outer loop
      vertex -0.718451 -18.5407 3
      vertex -0.581433 -18.5975 0
      vertex -0.718451 -18.5407 0
    endloop
  endfacet
  facet normal 0.886941 -0.461884 0
    outer loop
      vertex -1.54072 -16.2815 3
      vertex -1.47224 -16.15 0
      vertex -1.47224 -16.15 3
    endloop
  endfacet
  facet normal 0.886941 -0.461884 0
    outer loop
      vertex -1.47224 -16.15 0
      vertex -1.54072 -16.2815 3
      vertex -1.54072 -16.2815 0
    endloop
  endfacet
  facet normal -0.886941 0.461884 0
    outer loop
      vertex 1.47224 -17.85 0
      vertex 1.54072 -17.7185 3
      vertex 1.54072 -17.7185 0
    endloop
  endfacet
  facet normal -0.886941 0.461884 0
    outer loop
      vertex 1.54072 -17.7185 3
      vertex 1.47224 -17.85 0
      vertex 1.47224 -17.85 3
    endloop
  endfacet
  facet normal 0.737467 -0.675383 0
    outer loop
      vertex -1.30227 -15.9073 3
      vertex -1.20208 -15.7979 0
      vertex -1.20208 -15.7979 3
    endloop
  endfacet
  facet normal 0.737467 -0.675383 0
    outer loop
      vertex -1.20208 -15.7979 0
      vertex -1.30227 -15.9073 3
      vertex -1.30227 -15.9073 0
    endloop
  endfacet
  facet normal 0.793183 0.608984 0
    outer loop
      vertex -1.30227 15.9073 3
      vertex -1.39256 16.0249 0
      vertex -1.39256 16.0249 3
    endloop
  endfacet
  facet normal 0.793183 0.608984 0
    outer loop
      vertex -1.39256 16.0249 0
      vertex -1.30227 15.9073 3
      vertex -1.30227 15.9073 0
    endloop
  endfacet
  facet normal -0.0438279 -0.999039 0
    outer loop
      vertex 0 18.7 0
      vertex 0.148165 18.6935 3
      vertex 0 18.7 3
    endloop
  endfacet
  facet normal -0.0438279 -0.999039 -0
    outer loop
      vertex 0.148165 18.6935 3
      vertex 0 18.7 0
      vertex 0.148165 18.6935 0
    endloop
  endfacet
  facet normal 0.843445 0.537216 0
    outer loop
      vertex -1.39256 16.0249 3
      vertex -1.47224 16.15 0
      vertex -1.47224 16.15 3
    endloop
  endfacet
  facet normal 0.843445 0.537216 0
    outer loop
      vertex -1.47224 16.15 0
      vertex -1.39256 16.0249 3
      vertex -1.39256 16.0249 0
    endloop
  endfacet
  facet normal 0.300729 0.95371 -0
    outer loop
      vertex -0.439992 15.3579 0
      vertex -0.581433 15.4025 3
      vertex -0.439992 15.3579 3
    endloop
  endfacet
  facet normal 0.300729 0.95371 0
    outer loop
      vertex -0.581433 15.4025 3
      vertex -0.439992 15.3579 0
      vertex -0.581433 15.4025 0
    endloop
  endfacet
  facet normal -0.382944 -0.923772 0
    outer loop
      vertex 0.581433 18.5975 0
      vertex 0.718451 18.5407 3
      vertex 0.581433 18.5975 3
    endloop
  endfacet
  facet normal -0.382944 -0.923772 -0
    outer loop
      vertex 0.718451 18.5407 3
      vertex 0.581433 18.5975 0
      vertex 0.718451 18.5407 0
    endloop
  endfacet
  facet normal 0.0438279 0.999039 -0
    outer loop
      vertex 0 15.3 0
      vertex -0.148165 15.3065 3
      vertex 0 15.3 3
    endloop
  endfacet
  facet normal 0.0438279 0.999039 0
    outer loop
      vertex -0.148165 15.3065 3
      vertex 0 15.3 0
      vertex -0.148165 15.3065 0
    endloop
  endfacet
  facet normal 0.923948 -0.382518 0
    outer loop
      vertex -1.59748 17.5814 3
      vertex -1.54072 17.7185 0
      vertex -1.54072 17.7185 3
    endloop
  endfacet
  facet normal 0.923948 -0.382518 0
    outer loop
      vertex -1.54072 17.7185 0
      vertex -1.59748 17.5814 3
      vertex -1.59748 17.5814 0
    endloop
  endfacet
  facet normal -0.216444 0.976295 0
    outer loop
      vertex 0.439992 15.3579 0
      vertex 0.295201 15.3258 3
      vertex 0.439992 15.3579 3
    endloop
  endfacet
  facet normal -0.216444 0.976295 0
    outer loop
      vertex 0.295201 15.3258 3
      vertex 0.439992 15.3579 0
      vertex 0.295201 15.3258 0
    endloop
  endfacet
  facet normal -0.923948 -0.382518 0
    outer loop
      vertex 1.59748 17.5814 0
      vertex 1.54072 17.7185 3
      vertex 1.54072 17.7185 0
    endloop
  endfacet
  facet normal -0.923948 -0.382518 0
    outer loop
      vertex 1.54072 17.7185 3
      vertex 1.59748 17.5814 0
      vertex 1.59748 17.5814 3
    endloop
  endfacet
  facet normal -0.953704 -0.300747 0
    outer loop
      vertex 1.64207 17.44 0
      vertex 1.59748 17.5814 3
      vertex 1.59748 17.5814 0
    endloop
  endfacet
  facet normal -0.953704 -0.300747 0
    outer loop
      vertex 1.59748 17.5814 3
      vertex 1.64207 17.44 0
      vertex 1.64207 17.44 3
    endloop
  endfacet
  facet normal 0.675621 -0.737249 0
    outer loop
      vertex -1.20208 18.2021 0
      vertex -1.09274 18.3023 3
      vertex -1.20208 18.2021 3
    endloop
  endfacet
  facet normal 0.675621 -0.737249 0
    outer loop
      vertex -1.09274 18.3023 3
      vertex -1.20208 18.2021 0
      vertex -1.09274 18.3023 0
    endloop
  endfacet
  facet normal 0.300729 -0.95371 0
    outer loop
      vertex -0.581433 18.5975 0
      vertex -0.439992 18.6421 3
      vertex -0.581433 18.5975 3
    endloop
  endfacet
  facet normal 0.300729 -0.95371 0
    outer loop
      vertex -0.439992 18.6421 3
      vertex -0.581433 18.5975 0
      vertex -0.439992 18.6421 0
    endloop
  endfacet
  facet normal -0.991439 -0.130573 0
    outer loop
      vertex 1.69353 17.1482 0
      vertex 1.67417 17.2952 3
      vertex 1.67417 17.2952 0
    endloop
  endfacet
  facet normal -0.991439 -0.130573 0
    outer loop
      vertex 1.67417 17.2952 3
      vertex 1.69353 17.1482 0
      vertex 1.69353 17.1482 3
    endloop
  endfacet
  facet normal -0.886941 -0.461884 0
    outer loop
      vertex 1.54072 17.7185 0
      vertex 1.47224 17.85 3
      vertex 1.47224 17.85 0
    endloop
  endfacet
  facet normal -0.886941 -0.461884 0
    outer loop
      vertex 1.47224 17.85 3
      vertex 1.54072 17.7185 0
      vertex 1.54072 17.7185 3
    endloop
  endfacet
  facet normal -0.216444 -0.976295 0
    outer loop
      vertex 0.295201 18.6742 0
      vertex 0.439992 18.6421 3
      vertex 0.295201 18.6742 3
    endloop
  endfacet
  facet normal -0.216444 -0.976295 -0
    outer loop
      vertex 0.439992 18.6421 3
      vertex 0.295201 18.6742 0
      vertex 0.439992 18.6421 0
    endloop
  endfacet
  facet normal -0.130144 0.991495 0
    outer loop
      vertex 0.295201 15.3258 0
      vertex 0.148165 15.3065 3
      vertex 0.295201 15.3258 3
    endloop
  endfacet
  facet normal -0.130144 0.991495 0
    outer loop
      vertex 0.148165 15.3065 3
      vertex 0.295201 15.3258 0
      vertex 0.148165 15.3065 0
    endloop
  endfacet
  facet normal -0.991439 0.130573 0
    outer loop
      vertex 1.67417 16.7048 0
      vertex 1.69353 16.8518 3
      vertex 1.69353 16.8518 0
    endloop
  endfacet
  facet normal -0.991439 0.130573 0
    outer loop
      vertex 1.69353 16.8518 3
      vertex 1.67417 16.7048 0
      vertex 1.67417 16.7048 3
    endloop
  endfacet
  facet normal -0.999048 -0.0436157 0
    outer loop
      vertex 1.7 17 0
      vertex 1.69353 17.1482 3
      vertex 1.69353 17.1482 0
    endloop
  endfacet
  facet normal -0.999048 -0.0436157 0
    outer loop
      vertex 1.69353 17.1482 3
      vertex 1.7 17 0
      vertex 1.7 17 3
    endloop
  endfacet
  facet normal -0.300729 -0.95371 0
    outer loop
      vertex 0.439992 18.6421 0
      vertex 0.581433 18.5975 3
      vertex 0.439992 18.6421 3
    endloop
  endfacet
  facet normal -0.300729 -0.95371 -0
    outer loop
      vertex 0.581433 18.5975 3
      vertex 0.439992 18.6421 0
      vertex 0.581433 18.5975 0
    endloop
  endfacet
  facet normal 0.130144 -0.991495 0
    outer loop
      vertex -0.295201 18.6742 0
      vertex -0.148165 18.6935 3
      vertex -0.295201 18.6742 3
    endloop
  endfacet
  facet normal 0.130144 -0.991495 0
    outer loop
      vertex -0.148165 18.6935 3
      vertex -0.295201 18.6742 0
      vertex -0.148165 18.6935 0
    endloop
  endfacet
  facet normal -0.999048 0.0436157 0
    outer loop
      vertex 1.69353 16.8518 0
      vertex 1.7 17 3
      vertex 1.7 17 0
    endloop
  endfacet
  facet normal -0.999048 0.0436157 0
    outer loop
      vertex 1.7 17 3
      vertex 1.69353 16.8518 0
      vertex 1.69353 16.8518 3
    endloop
  endfacet
  facet normal 0.53689 0.843652 -0
    outer loop
      vertex -0.849999 15.5278 0
      vertex -0.97508 15.6074 3
      vertex -0.849999 15.5278 3
    endloop
  endfacet
  facet normal 0.53689 0.843652 0
    outer loop
      vertex -0.97508 15.6074 3
      vertex -0.849999 15.5278 0
      vertex -0.97508 15.6074 0
    endloop
  endfacet
  facet normal -0.976298 -0.216431 0
    outer loop
      vertex 1.67417 17.2952 0
      vertex 1.64207 17.44 3
      vertex 1.64207 17.44 0
    endloop
  endfacet
  facet normal -0.976298 -0.216431 0
    outer loop
      vertex 1.64207 17.44 3
      vertex 1.67417 17.2952 0
      vertex 1.67417 17.2952 3
    endloop
  endfacet
  facet normal 0.999048 -0.0436157 0
    outer loop
      vertex -1.7 17 3
      vertex -1.69353 17.1482 0
      vertex -1.69353 17.1482 3
    endloop
  endfacet
  facet normal 0.999048 -0.0436157 0
    outer loop
      vertex -1.69353 17.1482 0
      vertex -1.7 17 3
      vertex -1.7 17 0
    endloop
  endfacet
  facet normal 0.737467 -0.675383 0
    outer loop
      vertex -1.30227 18.0927 3
      vertex -1.20208 18.2021 0
      vertex -1.20208 18.2021 3
    endloop
  endfacet
  facet normal 0.737467 -0.675383 0
    outer loop
      vertex -1.20208 18.2021 0
      vertex -1.30227 18.0927 3
      vertex -1.30227 18.0927 0
    endloop
  endfacet
  facet normal -0.382944 0.923772 0
    outer loop
      vertex 0.718451 15.4593 0
      vertex 0.581433 15.4025 3
      vertex 0.718451 15.4593 3
    endloop
  endfacet
  facet normal -0.382944 0.923772 0
    outer loop
      vertex 0.581433 15.4025 3
      vertex 0.718451 15.4593 0
      vertex 0.581433 15.4025 0
    endloop
  endfacet
  facet normal 0.886941 0.461884 0
    outer loop
      vertex -1.47224 16.15 3
      vertex -1.54072 16.2815 0
      vertex -1.54072 16.2815 3
    endloop
  endfacet
  facet normal 0.886941 0.461884 0
    outer loop
      vertex -1.54072 16.2815 0
      vertex -1.47224 16.15 3
      vertex -1.47224 16.15 0
    endloop
  endfacet
  facet normal 0.737467 0.675383 0
    outer loop
      vertex -1.20208 15.7979 3
      vertex -1.30227 15.9073 0
      vertex -1.30227 15.9073 3
    endloop
  endfacet
  facet normal 0.737467 0.675383 0
    outer loop
      vertex -1.30227 15.9073 0
      vertex -1.20208 15.7979 3
      vertex -1.20208 15.7979 0
    endloop
  endfacet
  facet normal 0.461857 -0.886954 0
    outer loop
      vertex -0.849999 18.4722 0
      vertex -0.718451 18.5407 3
      vertex -0.849999 18.4722 3
    endloop
  endfacet
  facet normal 0.461857 -0.886954 0
    outer loop
      vertex -0.718451 18.5407 3
      vertex -0.849999 18.4722 0
      vertex -0.718451 18.5407 0
    endloop
  endfacet
  facet normal 0.976298 0.216431 0
    outer loop
      vertex -1.64207 16.56 3
      vertex -1.67417 16.7048 0
      vertex -1.67417 16.7048 3
    endloop
  endfacet
  facet normal 0.976298 0.216431 0
    outer loop
      vertex -1.67417 16.7048 0
      vertex -1.64207 16.56 3
      vertex -1.64207 16.56 0
    endloop
  endfacet
  facet normal 0.216444 -0.976295 0
    outer loop
      vertex -0.439992 18.6421 0
      vertex -0.295201 18.6742 3
      vertex -0.439992 18.6421 3
    endloop
  endfacet
  facet normal 0.216444 -0.976295 0
    outer loop
      vertex -0.295201 18.6742 3
      vertex -0.439992 18.6421 0
      vertex -0.295201 18.6742 0
    endloop
  endfacet
  facet normal 0.886941 -0.461884 0
    outer loop
      vertex -1.54072 17.7185 3
      vertex -1.47224 17.85 0
      vertex -1.47224 17.85 3
    endloop
  endfacet
  facet normal 0.886941 -0.461884 0
    outer loop
      vertex -1.47224 17.85 0
      vertex -1.54072 17.7185 3
      vertex -1.54072 17.7185 0
    endloop
  endfacet
  facet normal -0.300729 0.95371 0
    outer loop
      vertex 0.581433 15.4025 0
      vertex 0.439992 15.3579 3
      vertex 0.581433 15.4025 3
    endloop
  endfacet
  facet normal -0.300729 0.95371 0
    outer loop
      vertex 0.439992 15.3579 3
      vertex 0.581433 15.4025 0
      vertex 0.439992 15.3579 0
    endloop
  endfacet
  facet normal 0.991439 -0.130573 0
    outer loop
      vertex -1.69353 17.1482 3
      vertex -1.67417 17.2952 0
      vertex -1.67417 17.2952 3
    endloop
  endfacet
  facet normal 0.991439 -0.130573 0
    outer loop
      vertex -1.67417 17.2952 0
      vertex -1.69353 17.1482 3
      vertex -1.69353 17.1482 0
    endloop
  endfacet
  facet normal -0.461857 0.886954 0
    outer loop
      vertex 0.849999 15.5278 0
      vertex 0.718451 15.4593 3
      vertex 0.849999 15.5278 3
    endloop
  endfacet
  facet normal -0.461857 0.886954 0
    outer loop
      vertex 0.718451 15.4593 3
      vertex 0.849999 15.5278 0
      vertex 0.718451 15.4593 0
    endloop
  endfacet
  facet normal -0.608831 -0.7933 0
    outer loop
      vertex 0.97508 18.3926 0
      vertex 1.09274 18.3023 3
      vertex 0.97508 18.3926 3
    endloop
  endfacet
  facet normal -0.608831 -0.7933 -0
    outer loop
      vertex 1.09274 18.3023 3
      vertex 0.97508 18.3926 0
      vertex 1.09274 18.3023 0
    endloop
  endfacet
  facet normal 0.953704 0.300747 0
    outer loop
      vertex -1.59748 16.4186 3
      vertex -1.64207 16.56 0
      vertex -1.64207 16.56 3
    endloop
  endfacet
  facet normal 0.953704 0.300747 0
    outer loop
      vertex -1.64207 16.56 0
      vertex -1.59748 16.4186 3
      vertex -1.59748 16.4186 0
    endloop
  endfacet
  facet normal -0.843445 -0.537216 0
    outer loop
      vertex 1.47224 17.85 0
      vertex 1.39256 17.9751 3
      vertex 1.39256 17.9751 0
    endloop
  endfacet
  facet normal -0.843445 -0.537216 0
    outer loop
      vertex 1.39256 17.9751 3
      vertex 1.47224 17.85 0
      vertex 1.47224 17.85 3
    endloop
  endfacet
  facet normal 0.53689 -0.843652 0
    outer loop
      vertex -0.97508 18.3926 0
      vertex -0.849999 18.4722 3
      vertex -0.97508 18.3926 3
    endloop
  endfacet
  facet normal 0.53689 -0.843652 0
    outer loop
      vertex -0.849999 18.4722 3
      vertex -0.97508 18.3926 0
      vertex -0.849999 18.4722 0
    endloop
  endfacet
  facet normal 0.0438279 -0.999039 0
    outer loop
      vertex -0.148165 18.6935 0
      vertex 0 18.7 3
      vertex -0.148165 18.6935 3
    endloop
  endfacet
  facet normal 0.0438279 -0.999039 0
    outer loop
      vertex 0 18.7 3
      vertex -0.148165 18.6935 0
      vertex 0 18.7 0
    endloop
  endfacet
  facet normal -0.0438279 0.999039 0
    outer loop
      vertex 0.148165 15.3065 0
      vertex 0 15.3 3
      vertex 0.148165 15.3065 3
    endloop
  endfacet
  facet normal -0.0438279 0.999039 0
    outer loop
      vertex 0 15.3 3
      vertex 0.148165 15.3065 0
      vertex 0 15.3 0
    endloop
  endfacet
  facet normal 0.216444 0.976295 -0
    outer loop
      vertex -0.295201 15.3258 0
      vertex -0.439992 15.3579 3
      vertex -0.295201 15.3258 3
    endloop
  endfacet
  facet normal 0.216444 0.976295 0
    outer loop
      vertex -0.439992 15.3579 3
      vertex -0.295201 15.3258 0
      vertex -0.439992 15.3579 0
    endloop
  endfacet
  facet normal -0.675621 -0.737249 0
    outer loop
      vertex 1.09274 18.3023 0
      vertex 1.20208 18.2021 3
      vertex 1.09274 18.3023 3
    endloop
  endfacet
  facet normal -0.675621 -0.737249 -0
    outer loop
      vertex 1.20208 18.2021 3
      vertex 1.09274 18.3023 0
      vertex 1.20208 18.2021 0
    endloop
  endfacet
  facet normal 0.793183 -0.608984 0
    outer loop
      vertex -1.39256 17.9751 3
      vertex -1.30227 18.0927 0
      vertex -1.30227 18.0927 3
    endloop
  endfacet
  facet normal 0.793183 -0.608984 0
    outer loop
      vertex -1.30227 18.0927 0
      vertex -1.39256 17.9751 3
      vertex -1.39256 17.9751 0
    endloop
  endfacet
  facet normal 0.608831 -0.7933 0
    outer loop
      vertex -1.09274 18.3023 0
      vertex -0.97508 18.3926 3
      vertex -1.09274 18.3023 3
    endloop
  endfacet
  facet normal 0.608831 -0.7933 0
    outer loop
      vertex -0.97508 18.3926 3
      vertex -1.09274 18.3023 0
      vertex -0.97508 18.3926 0
    endloop
  endfacet
  facet normal -0.737467 -0.675383 0
    outer loop
      vertex 1.30227 18.0927 0
      vertex 1.20208 18.2021 3
      vertex 1.20208 18.2021 0
    endloop
  endfacet
  facet normal -0.737467 -0.675383 0
    outer loop
      vertex 1.20208 18.2021 3
      vertex 1.30227 18.0927 0
      vertex 1.30227 18.0927 3
    endloop
  endfacet
  facet normal 0.130144 0.991495 -0
    outer loop
      vertex -0.148165 15.3065 0
      vertex -0.295201 15.3258 3
      vertex -0.148165 15.3065 3
    endloop
  endfacet
  facet normal 0.130144 0.991495 0
    outer loop
      vertex -0.295201 15.3258 3
      vertex -0.148165 15.3065 0
      vertex -0.295201 15.3258 0
    endloop
  endfacet
  facet normal -0.843445 0.537216 0
    outer loop
      vertex 1.39256 16.0249 0
      vertex 1.47224 16.15 3
      vertex 1.47224 16.15 0
    endloop
  endfacet
  facet normal -0.843445 0.537216 0
    outer loop
      vertex 1.47224 16.15 3
      vertex 1.39256 16.0249 0
      vertex 1.39256 16.0249 3
    endloop
  endfacet
  facet normal 0.382944 -0.923772 0
    outer loop
      vertex -0.718451 18.5407 0
      vertex -0.581433 18.5975 3
      vertex -0.718451 18.5407 3
    endloop
  endfacet
  facet normal 0.382944 -0.923772 0
    outer loop
      vertex -0.581433 18.5975 3
      vertex -0.718451 18.5407 0
      vertex -0.581433 18.5975 0
    endloop
  endfacet
  facet normal 0.461857 0.886954 -0
    outer loop
      vertex -0.718451 15.4593 0
      vertex -0.849999 15.5278 3
      vertex -0.718451 15.4593 3
    endloop
  endfacet
  facet normal 0.461857 0.886954 0
    outer loop
      vertex -0.849999 15.5278 3
      vertex -0.718451 15.4593 0
      vertex -0.849999 15.5278 0
    endloop
  endfacet
  facet normal 0.991439 0.130573 0
    outer loop
      vertex -1.67417 16.7048 3
      vertex -1.69353 16.8518 0
      vertex -1.69353 16.8518 3
    endloop
  endfacet
  facet normal 0.991439 0.130573 0
    outer loop
      vertex -1.69353 16.8518 0
      vertex -1.67417 16.7048 3
      vertex -1.67417 16.7048 0
    endloop
  endfacet
  facet normal 0.675621 0.737249 -0
    outer loop
      vertex -1.09274 15.6977 0
      vertex -1.20208 15.7979 3
      vertex -1.09274 15.6977 3
    endloop
  endfacet
  facet normal 0.675621 0.737249 0
    outer loop
      vertex -1.20208 15.7979 3
      vertex -1.09274 15.6977 0
      vertex -1.20208 15.7979 0
    endloop
  endfacet
  facet normal -0.976298 0.216431 0
    outer loop
      vertex 1.64207 16.56 0
      vertex 1.67417 16.7048 3
      vertex 1.67417 16.7048 0
    endloop
  endfacet
  facet normal -0.976298 0.216431 0
    outer loop
      vertex 1.67417 16.7048 3
      vertex 1.64207 16.56 0
      vertex 1.64207 16.56 3
    endloop
  endfacet
  facet normal -0.923948 0.382518 0
    outer loop
      vertex 1.54072 16.2815 0
      vertex 1.59748 16.4186 3
      vertex 1.59748 16.4186 0
    endloop
  endfacet
  facet normal -0.923948 0.382518 0
    outer loop
      vertex 1.59748 16.4186 3
      vertex 1.54072 16.2815 0
      vertex 1.54072 16.2815 3
    endloop
  endfacet
  facet normal -0.737467 0.675383 0
    outer loop
      vertex 1.20208 15.7979 0
      vertex 1.30227 15.9073 3
      vertex 1.30227 15.9073 0
    endloop
  endfacet
  facet normal -0.737467 0.675383 0
    outer loop
      vertex 1.30227 15.9073 3
      vertex 1.20208 15.7979 0
      vertex 1.20208 15.7979 3
    endloop
  endfacet
  facet normal -0.793183 0.608984 0
    outer loop
      vertex 1.30227 15.9073 0
      vertex 1.39256 16.0249 3
      vertex 1.39256 16.0249 0
    endloop
  endfacet
  facet normal -0.793183 0.608984 0
    outer loop
      vertex 1.39256 16.0249 3
      vertex 1.30227 15.9073 0
      vertex 1.30227 15.9073 3
    endloop
  endfacet
  facet normal 0.608831 0.7933 -0
    outer loop
      vertex -0.97508 15.6074 0
      vertex -1.09274 15.6977 3
      vertex -0.97508 15.6074 3
    endloop
  endfacet
  facet normal 0.608831 0.7933 0
    outer loop
      vertex -1.09274 15.6977 3
      vertex -0.97508 15.6074 0
      vertex -1.09274 15.6977 0
    endloop
  endfacet
  facet normal 0.923948 0.382518 0
    outer loop
      vertex -1.54072 16.2815 3
      vertex -1.59748 16.4186 0
      vertex -1.59748 16.4186 3
    endloop
  endfacet
  facet normal 0.923948 0.382518 0
    outer loop
      vertex -1.59748 16.4186 0
      vertex -1.54072 16.2815 3
      vertex -1.54072 16.2815 0
    endloop
  endfacet
  facet normal 0.843445 -0.537216 0
    outer loop
      vertex -1.47224 17.85 3
      vertex -1.39256 17.9751 0
      vertex -1.39256 17.9751 3
    endloop
  endfacet
  facet normal 0.843445 -0.537216 0
    outer loop
      vertex -1.39256 17.9751 0
      vertex -1.47224 17.85 3
      vertex -1.47224 17.85 0
    endloop
  endfacet
  facet normal -0.608831 0.7933 0
    outer loop
      vertex 1.09274 15.6977 0
      vertex 0.97508 15.6074 3
      vertex 1.09274 15.6977 3
    endloop
  endfacet
  facet normal -0.608831 0.7933 0
    outer loop
      vertex 0.97508 15.6074 3
      vertex 1.09274 15.6977 0
      vertex 0.97508 15.6074 0
    endloop
  endfacet
  facet normal 0.999048 0.0436157 0
    outer loop
      vertex -1.69353 16.8518 3
      vertex -1.7 17 0
      vertex -1.7 17 3
    endloop
  endfacet
  facet normal 0.999048 0.0436157 0
    outer loop
      vertex -1.7 17 0
      vertex -1.69353 16.8518 3
      vertex -1.69353 16.8518 0
    endloop
  endfacet
  facet normal -0.461857 -0.886954 0
    outer loop
      vertex 0.718451 18.5407 0
      vertex 0.849999 18.4722 3
      vertex 0.718451 18.5407 3
    endloop
  endfacet
  facet normal -0.461857 -0.886954 -0
    outer loop
      vertex 0.849999 18.4722 3
      vertex 0.718451 18.5407 0
      vertex 0.849999 18.4722 0
    endloop
  endfacet
  facet normal -0.53689 -0.843652 0
    outer loop
      vertex 0.849999 18.4722 0
      vertex 0.97508 18.3926 3
      vertex 0.849999 18.4722 3
    endloop
  endfacet
  facet normal -0.53689 -0.843652 -0
    outer loop
      vertex 0.97508 18.3926 3
      vertex 0.849999 18.4722 0
      vertex 0.97508 18.3926 0
    endloop
  endfacet
  facet normal 0.976298 -0.216431 0
    outer loop
      vertex -1.67417 17.2952 3
      vertex -1.64207 17.44 0
      vertex -1.64207 17.44 3
    endloop
  endfacet
  facet normal 0.976298 -0.216431 0
    outer loop
      vertex -1.64207 17.44 0
      vertex -1.67417 17.2952 3
      vertex -1.67417 17.2952 0
    endloop
  endfacet
  facet normal -0.953704 0.300747 0
    outer loop
      vertex 1.59748 16.4186 0
      vertex 1.64207 16.56 3
      vertex 1.64207 16.56 0
    endloop
  endfacet
  facet normal -0.953704 0.300747 0
    outer loop
      vertex 1.64207 16.56 3
      vertex 1.59748 16.4186 0
      vertex 1.59748 16.4186 3
    endloop
  endfacet
  facet normal -0.53689 0.843652 0
    outer loop
      vertex 0.97508 15.6074 0
      vertex 0.849999 15.5278 3
      vertex 0.97508 15.6074 3
    endloop
  endfacet
  facet normal -0.53689 0.843652 0
    outer loop
      vertex 0.849999 15.5278 3
      vertex 0.97508 15.6074 0
      vertex 0.849999 15.5278 0
    endloop
  endfacet
  facet normal -0.130144 -0.991495 0
    outer loop
      vertex 0.148165 18.6935 0
      vertex 0.295201 18.6742 3
      vertex 0.148165 18.6935 3
    endloop
  endfacet
  facet normal -0.130144 -0.991495 -0
    outer loop
      vertex 0.295201 18.6742 3
      vertex 0.148165 18.6935 0
      vertex 0.295201 18.6742 0
    endloop
  endfacet
  facet normal -0.793183 -0.608984 0
    outer loop
      vertex 1.39256 17.9751 0
      vertex 1.30227 18.0927 3
      vertex 1.30227 18.0927 0
    endloop
  endfacet
  facet normal -0.793183 -0.608984 0
    outer loop
      vertex 1.30227 18.0927 3
      vertex 1.39256 17.9751 0
      vertex 1.39256 17.9751 3
    endloop
  endfacet
  facet normal 0.382944 0.923772 -0
    outer loop
      vertex -0.581433 15.4025 0
      vertex -0.718451 15.4593 3
      vertex -0.581433 15.4025 3
    endloop
  endfacet
  facet normal 0.382944 0.923772 0
    outer loop
      vertex -0.718451 15.4593 3
      vertex -0.581433 15.4025 0
      vertex -0.718451 15.4593 0
    endloop
  endfacet
  facet normal 0.953704 -0.300747 0
    outer loop
      vertex -1.64207 17.44 3
      vertex -1.59748 17.5814 0
      vertex -1.59748 17.5814 3
    endloop
  endfacet
  facet normal 0.953704 -0.300747 0
    outer loop
      vertex -1.59748 17.5814 0
      vertex -1.64207 17.44 3
      vertex -1.64207 17.44 0
    endloop
  endfacet
  facet normal -0.886941 0.461884 0
    outer loop
      vertex 1.47224 16.15 0
      vertex 1.54072 16.2815 3
      vertex 1.54072 16.2815 0
    endloop
  endfacet
  facet normal -0.886941 0.461884 0
    outer loop
      vertex 1.54072 16.2815 3
      vertex 1.47224 16.15 0
      vertex 1.47224 16.15 3
    endloop
  endfacet
  facet normal -0.675621 0.737249 0
    outer loop
      vertex 1.20208 15.7979 0
      vertex 1.09274 15.6977 3
      vertex 1.20208 15.7979 3
    endloop
  endfacet
  facet normal -0.675621 0.737249 0
    outer loop
      vertex 1.09274 15.6977 3
      vertex 1.20208 15.7979 0
      vertex 1.09274 15.6977 0
    endloop
  endfacet
endsolid OpenSCAD_Model
