solid OpenSCAD_Model
  facet normal 1 0 0
    outer loop
      vertex -6.3 7.3 8.5
      vertex -6.3 -5.3 3.2
      vertex -6.3 7.3 3
    endloop
  endfacet
  facet normal 1 -0 0
    outer loop
      vertex -6.3 -5.8 8.5
      vertex -6.3 -5.3 3.2
      vertex -6.3 7.3 8.5
    endloop
  endfacet
  facet normal 1 0 0
    outer loop
      vertex -6.3 -5.3 3.2
      vertex -6.3 -5.8 8.5
      vertex -6.3 -5.8 3.2
    endloop
  endfacet
  facet normal 1 0 0
    outer loop
      vertex -6.3 7.3 3
      vertex -6.3 -5.3 3.2
      vertex -6.3 -5.3 3
    endloop
  endfacet
  facet normal 0 0 1
    outer loop
      vertex 8.3 9.3 8.5
      vertex 6.3 7.3 8.5
      vertex 8.3 -5.8 8.5
    endloop
  endfacet
  facet normal 0 0 1
    outer loop
      vertex 8.3 9.3 8.5
      vertex -6.3 7.3 8.5
      vertex 6.3 7.3 8.5
    endloop
  endfacet
  facet normal -0 0 1
    outer loop
      vertex -8.3 9.3 8.5
      vertex -6.3 7.3 8.5
      vertex 8.3 9.3 8.5
    endloop
  endfacet
  facet normal 0 0 1
    outer loop
      vertex -8.3 -5.8 8.5
      vertex -6.3 7.3 8.5
      vertex -8.3 9.3 8.5
    endloop
  endfacet
  facet normal 0 0 1
    outer loop
      vertex -6.3 7.3 8.5
      vertex -8.3 -5.8 8.5
      vertex -6.3 -5.8 8.5
    endloop
  endfacet
  facet normal 0 0 1
    outer loop
      vertex 8.3 -5.8 8.5
      vertex 6.3 7.3 8.5
      vertex 6.3 -5.8 8.5
    endloop
  endfacet
  facet normal 0 0 1
    outer loop
      vertex 6.3 7.3 3
      vertex 5.29999 4.79999 3
      vertex 6.3 -5.3 3
    endloop
  endfacet
  facet normal 0 0 1
    outer loop
      vertex 6.3 7.3 3
      vertex 5.29237 4.9743 3
      vertex 5.29999 4.79999 3
    endloop
  endfacet
  facet normal 0 0 1
    outer loop
      vertex 6.3 7.3 3
      vertex 5.26961 5.14728 3
      vertex 5.29237 4.9743 3
    endloop
  endfacet
  facet normal 0 0 1
    outer loop
      vertex 6.3 7.3 3
      vertex 5.23184 5.31763 3
      vertex 5.26961 5.14728 3
    endloop
  endfacet
  facet normal 0 0 1
    outer loop
      vertex 6.3 7.3 3
      vertex 5.17937 5.48402 3
      vertex 5.23184 5.31763 3
    endloop
  endfacet
  facet normal 0 0 1
    outer loop
      vertex 6.3 7.3 3
      vertex 5.11261 5.64522 3
      vertex 5.17937 5.48402 3
    endloop
  endfacet
  facet normal 0 0 1
    outer loop
      vertex 6.3 7.3 3
      vertex 5.03204 5.79999 3
      vertex 5.11261 5.64522 3
    endloop
  endfacet
  facet normal 0 0 1
    outer loop
      vertex 6.3 7.3 3
      vertex 4.93829 5.94714 3
      vertex 5.03204 5.79999 3
    endloop
  endfacet
  facet normal 0 0 1
    outer loop
      vertex 6.3 7.3 3
      vertex 4.83208 6.08556 3
      vertex 4.93829 5.94714 3
    endloop
  endfacet
  facet normal 0 0 1
    outer loop
      vertex 6.3 7.3 3
      vertex 4.7142 6.2142 3
      vertex 4.83208 6.08556 3
    endloop
  endfacet
  facet normal 0 0 1
    outer loop
      vertex 6.3 7.3 3
      vertex 4.58556 6.33208 3
      vertex 4.7142 6.2142 3
    endloop
  endfacet
  facet normal 0 0 1
    outer loop
      vertex 6.3 7.3 3
      vertex 4.44714 6.43829 3
      vertex 4.58556 6.33208 3
    endloop
  endfacet
  facet normal 0 0 1
    outer loop
      vertex 6.3 7.3 3
      vertex 4.29999 6.53204 3
      vertex 4.44714 6.43829 3
    endloop
  endfacet
  facet normal 0 0 1
    outer loop
      vertex 6.3 7.3 3
      vertex 4.14522 6.61261 3
      vertex 4.29999 6.53204 3
    endloop
  endfacet
  facet normal 0 0 1
    outer loop
      vertex 6.3 7.3 3
      vertex 3.98402 6.67937 3
      vertex 4.14522 6.61261 3
    endloop
  endfacet
  facet normal 0 0 1
    outer loop
      vertex 6.3 7.3 3
      vertex 3.81763 6.73184 3
      vertex 3.98402 6.67937 3
    endloop
  endfacet
  facet normal 0 0 1
    outer loop
      vertex 6.3 7.3 3
      vertex 3.64728 6.76961 3
      vertex 3.81763 6.73184 3
    endloop
  endfacet
  facet normal 0 0 1
    outer loop
      vertex 6.3 7.3 3
      vertex 3.4743 6.79237 3
      vertex 3.64728 6.76961 3
    endloop
  endfacet
  facet normal 0 0 1
    outer loop
      vertex 6.3 7.3 3
      vertex 3.29999 6.79999 3
      vertex 3.4743 6.79237 3
    endloop
  endfacet
  facet normal 0 0 1
    outer loop
      vertex 6.3 7.3 3
      vertex -3.29999 6.79999 3
      vertex 3.29999 6.79999 3
    endloop
  endfacet
  facet normal -0 0 1
    outer loop
      vertex -6.3 7.3 3
      vertex -3.29999 6.79999 3
      vertex 6.3 7.3 3
    endloop
  endfacet
  facet normal 0 0 1
    outer loop
      vertex -5.29999 4.79999 3
      vertex -6.3 7.3 3
      vertex -5.29999 -2.79999 3
    endloop
  endfacet
  facet normal 0 0 1
    outer loop
      vertex -5.29237 4.9743 3
      vertex -6.3 7.3 3
      vertex -5.29999 4.79999 3
    endloop
  endfacet
  facet normal 0 0 1
    outer loop
      vertex -5.26961 5.14728 3
      vertex -6.3 7.3 3
      vertex -5.29237 4.9743 3
    endloop
  endfacet
  facet normal 0 0 1
    outer loop
      vertex -5.23184 5.31763 3
      vertex -6.3 7.3 3
      vertex -5.26961 5.14728 3
    endloop
  endfacet
  facet normal 0 0 1
    outer loop
      vertex -5.17937 5.48402 3
      vertex -6.3 7.3 3
      vertex -5.23184 5.31763 3
    endloop
  endfacet
  facet normal 0 0 1
    outer loop
      vertex -5.11261 5.64522 3
      vertex -6.3 7.3 3
      vertex -5.17937 5.48402 3
    endloop
  endfacet
  facet normal 0 0 1
    outer loop
      vertex -5.03204 5.79999 3
      vertex -6.3 7.3 3
      vertex -5.11261 5.64522 3
    endloop
  endfacet
  facet normal 0 0 1
    outer loop
      vertex -4.93829 5.94714 3
      vertex -6.3 7.3 3
      vertex -5.03204 5.79999 3
    endloop
  endfacet
  facet normal 0 0 1
    outer loop
      vertex -4.83208 6.08556 3
      vertex -6.3 7.3 3
      vertex -4.93829 5.94714 3
    endloop
  endfacet
  facet normal 0 0 1
    outer loop
      vertex -4.7142 6.2142 3
      vertex -6.3 7.3 3
      vertex -4.83208 6.08556 3
    endloop
  endfacet
  facet normal 0 0 1
    outer loop
      vertex -4.58556 6.33208 3
      vertex -6.3 7.3 3
      vertex -4.7142 6.2142 3
    endloop
  endfacet
  facet normal 0 0 1
    outer loop
      vertex -4.44714 6.43829 3
      vertex -6.3 7.3 3
      vertex -4.58556 6.33208 3
    endloop
  endfacet
  facet normal 0 0 1
    outer loop
      vertex -4.29999 6.53204 3
      vertex -6.3 7.3 3
      vertex -4.44714 6.43829 3
    endloop
  endfacet
  facet normal 0 0 1
    outer loop
      vertex -4.14522 6.61261 3
      vertex -6.3 7.3 3
      vertex -4.29999 6.53204 3
    endloop
  endfacet
  facet normal 0 0 1
    outer loop
      vertex -3.98402 6.67937 3
      vertex -6.3 7.3 3
      vertex -4.14522 6.61261 3
    endloop
  endfacet
  facet normal 0 0 1
    outer loop
      vertex -3.81763 6.73184 3
      vertex -6.3 7.3 3
      vertex -3.98402 6.67937 3
    endloop
  endfacet
  facet normal 0 0 1
    outer loop
      vertex -3.64728 6.76961 3
      vertex -6.3 7.3 3
      vertex -3.81763 6.73184 3
    endloop
  endfacet
  facet normal 0 0 1
    outer loop
      vertex -3.4743 6.79237 3
      vertex -6.3 7.3 3
      vertex -3.64728 6.76961 3
    endloop
  endfacet
  facet normal 0 0 1
    outer loop
      vertex -3.29999 6.79999 3
      vertex -6.3 7.3 3
      vertex -3.4743 6.79237 3
    endloop
  endfacet
  facet normal -0 0 1
    outer loop
      vertex 5.29999 -2.79999 3
      vertex 6.3 -5.3 3
      vertex 5.29999 4.79999 3
    endloop
  endfacet
  facet normal -0 0 1
    outer loop
      vertex 5.29237 -2.9743 3
      vertex 6.3 -5.3 3
      vertex 5.29999 -2.79999 3
    endloop
  endfacet
  facet normal -0 0 1
    outer loop
      vertex 5.26961 -3.14728 3
      vertex 6.3 -5.3 3
      vertex 5.29237 -2.9743 3
    endloop
  endfacet
  facet normal -0 0 1
    outer loop
      vertex 5.23184 -3.31763 3
      vertex 6.3 -5.3 3
      vertex 5.26961 -3.14728 3
    endloop
  endfacet
  facet normal -0 0 1
    outer loop
      vertex 5.17937 -3.48402 3
      vertex 6.3 -5.3 3
      vertex 5.23184 -3.31763 3
    endloop
  endfacet
  facet normal -0 0 1
    outer loop
      vertex 5.11261 -3.64522 3
      vertex 6.3 -5.3 3
      vertex 5.17937 -3.48402 3
    endloop
  endfacet
  facet normal -0 0 1
    outer loop
      vertex 5.03204 -3.79999 3
      vertex 6.3 -5.3 3
      vertex 5.11261 -3.64522 3
    endloop
  endfacet
  facet normal -0 0 1
    outer loop
      vertex 4.93829 -3.94714 3
      vertex 6.3 -5.3 3
      vertex 5.03204 -3.79999 3
    endloop
  endfacet
  facet normal -0 0 1
    outer loop
      vertex 4.83208 -4.08556 3
      vertex 6.3 -5.3 3
      vertex 4.93829 -3.94714 3
    endloop
  endfacet
  facet normal -0 0 1
    outer loop
      vertex 4.7142 -4.2142 3
      vertex 6.3 -5.3 3
      vertex 4.83208 -4.08556 3
    endloop
  endfacet
  facet normal -0 0 1
    outer loop
      vertex 4.58556 -4.33208 3
      vertex 6.3 -5.3 3
      vertex 4.7142 -4.2142 3
    endloop
  endfacet
  facet normal -0 0 1
    outer loop
      vertex 4.44714 -4.43829 3
      vertex 6.3 -5.3 3
      vertex 4.58556 -4.33208 3
    endloop
  endfacet
  facet normal -0 0 1
    outer loop
      vertex 4.29999 -4.53204 3
      vertex 6.3 -5.3 3
      vertex 4.44714 -4.43829 3
    endloop
  endfacet
  facet normal -0 0 1
    outer loop
      vertex 4.14522 -4.61261 3
      vertex 6.3 -5.3 3
      vertex 4.29999 -4.53204 3
    endloop
  endfacet
  facet normal -0 0 1
    outer loop
      vertex 3.98402 -4.67937 3
      vertex 6.3 -5.3 3
      vertex 4.14522 -4.61261 3
    endloop
  endfacet
  facet normal 0 0 1
    outer loop
      vertex 3 -5.3 3
      vertex 3.98402 -4.67937 3
      vertex 3.81763 -4.73184 3
    endloop
  endfacet
  facet normal 0 0 1
    outer loop
      vertex 3 -5.3 3
      vertex 3.81763 -4.73184 3
      vertex 3.64728 -4.76961 3
    endloop
  endfacet
  facet normal 0 0 1
    outer loop
      vertex 3 -5.3 3
      vertex 3.64728 -4.76961 3
      vertex 3.4743 -4.79237 3
    endloop
  endfacet
  facet normal 0 0 1
    outer loop
      vertex 3 -5.3 3
      vertex 3.4743 -4.79237 3
      vertex 3.29999 -4.79999 3
    endloop
  endfacet
  facet normal 0 0 1
    outer loop
      vertex 3.98402 -4.67937 3
      vertex 3 -5.3 3
      vertex 6.3 -5.3 3
    endloop
  endfacet
  facet normal 0 0 1
    outer loop
      vertex 3.29999 -4.79999 3
      vertex 2.85183 -5.30647 3
      vertex 3 -5.3 3
    endloop
  endfacet
  facet normal 0 0 1
    outer loop
      vertex 3.29999 -4.79999 3
      vertex 2.7048 -5.32583 3
      vertex 2.85183 -5.30647 3
    endloop
  endfacet
  facet normal 0 0 1
    outer loop
      vertex 3.29999 -4.79999 3
      vertex 2.56001 -5.35793 3
      vertex 2.7048 -5.32583 3
    endloop
  endfacet
  facet normal 0 0 1
    outer loop
      vertex 3.29999 -4.79999 3
      vertex 2.41857 -5.40252 3
      vertex 2.56001 -5.35793 3
    endloop
  endfacet
  facet normal 0 0 1
    outer loop
      vertex 3.29999 -4.79999 3
      vertex 2.28155 -5.45928 3
      vertex 2.41857 -5.40252 3
    endloop
  endfacet
  facet normal 0 0 1
    outer loop
      vertex -2.28155 -5.45928 3
      vertex 2.28155 -5.45928 3
      vertex 3.29999 -4.79999 3
    endloop
  endfacet
  facet normal 0 0 1
    outer loop
      vertex 1.30647 -6.85183 3
      vertex -1.3 -7 3
      vertex 1.3 -7 3
    endloop
  endfacet
  facet normal 0 0 1
    outer loop
      vertex -1.30647 -6.85183 3
      vertex 1.30647 -6.85183 3
      vertex 1.32583 -6.7048 3
    endloop
  endfacet
  facet normal 0 0 1
    outer loop
      vertex -1.32583 -6.7048 3
      vertex 1.32583 -6.7048 3
      vertex 1.35793 -6.56001 3
    endloop
  endfacet
  facet normal 0 0 1
    outer loop
      vertex -1.35793 -6.56001 3
      vertex 1.35793 -6.56001 3
      vertex 1.40252 -6.41857 3
    endloop
  endfacet
  facet normal 0 0 1
    outer loop
      vertex -1.40252 -6.41857 3
      vertex 1.40252 -6.41857 3
      vertex 1.45928 -6.28155 3
    endloop
  endfacet
  facet normal 0 0 1
    outer loop
      vertex -1.45928 -6.28155 3
      vertex 1.45928 -6.28155 3
      vertex 1.52776 -6.15 3
    endloop
  endfacet
  facet normal 0 0 1
    outer loop
      vertex -1.52776 -6.15 3
      vertex 1.52776 -6.15 3
      vertex 1.60744 -6.02492 3
    endloop
  endfacet
  facet normal 0 0 1
    outer loop
      vertex -1.60744 -6.02492 3
      vertex 1.60744 -6.02492 3
      vertex 1.69772 -5.90726 3
    endloop
  endfacet
  facet normal 0 0 1
    outer loop
      vertex -1.69772 -5.90726 3
      vertex 1.69772 -5.90726 3
      vertex 1.79792 -5.79792 3
    endloop
  endfacet
  facet normal 0 0 1
    outer loop
      vertex -1.79792 -5.79792 3
      vertex 1.79792 -5.79792 3
      vertex 1.90726 -5.69772 3
    endloop
  endfacet
  facet normal 0 0 1
    outer loop
      vertex -1.90726 -5.69772 3
      vertex 1.90726 -5.69772 3
      vertex 2.02492 -5.60744 3
    endloop
  endfacet
  facet normal 0 0 1
    outer loop
      vertex -2.02492 -5.60744 3
      vertex 2.02492 -5.60744 3
      vertex 2.15 -5.52776 3
    endloop
  endfacet
  facet normal 0 0 1
    outer loop
      vertex 2.28155 -5.45928 3
      vertex -2.28155 -5.45928 3
      vertex 2.15 -5.52776 3
    endloop
  endfacet
  facet normal 0 0 1
    outer loop
      vertex 1.30647 -6.85183 3
      vertex -1.30647 -6.85183 3
      vertex -1.3 -7 3
    endloop
  endfacet
  facet normal 0 0 1
    outer loop
      vertex 1.32583 -6.7048 3
      vertex -1.32583 -6.7048 3
      vertex -1.30647 -6.85183 3
    endloop
  endfacet
  facet normal 0 0 1
    outer loop
      vertex 1.35793 -6.56001 3
      vertex -1.35793 -6.56001 3
      vertex -1.32583 -6.7048 3
    endloop
  endfacet
  facet normal 0 0 1
    outer loop
      vertex 1.40252 -6.41857 3
      vertex -1.40252 -6.41857 3
      vertex -1.35793 -6.56001 3
    endloop
  endfacet
  facet normal 0 0 1
    outer loop
      vertex 1.45928 -6.28155 3
      vertex -1.45928 -6.28155 3
      vertex -1.40252 -6.41857 3
    endloop
  endfacet
  facet normal 0 0 1
    outer loop
      vertex 1.52776 -6.15 3
      vertex -1.52776 -6.15 3
      vertex -1.45928 -6.28155 3
    endloop
  endfacet
  facet normal 0 0 1
    outer loop
      vertex 1.60744 -6.02492 3
      vertex -1.60744 -6.02492 3
      vertex -1.52776 -6.15 3
    endloop
  endfacet
  facet normal 0 0 1
    outer loop
      vertex 1.69772 -5.90726 3
      vertex -1.69772 -5.90726 3
      vertex -1.60744 -6.02492 3
    endloop
  endfacet
  facet normal 0 0 1
    outer loop
      vertex 1.79792 -5.79792 3
      vertex -1.79792 -5.79792 3
      vertex -1.69772 -5.90726 3
    endloop
  endfacet
  facet normal 0 0 1
    outer loop
      vertex 1.90726 -5.69772 3
      vertex -1.90726 -5.69772 3
      vertex -1.79792 -5.79792 3
    endloop
  endfacet
  facet normal 0 0 1
    outer loop
      vertex 2.02492 -5.60744 3
      vertex -2.02492 -5.60744 3
      vertex -1.90726 -5.69772 3
    endloop
  endfacet
  facet normal 0 0 1
    outer loop
      vertex 2.15 -5.52776 3
      vertex -2.15 -5.52776 3
      vertex -2.02492 -5.60744 3
    endloop
  endfacet
  facet normal 0 0 1
    outer loop
      vertex 2.15 -5.52776 3
      vertex -2.28155 -5.45928 3
      vertex -2.15 -5.52776 3
    endloop
  endfacet
  facet normal -0 0 1
    outer loop
      vertex -3.29999 -4.79999 3
      vertex -2.28155 -5.45928 3
      vertex 3.29999 -4.79999 3
    endloop
  endfacet
  facet normal 0 0 1
    outer loop
      vertex -2.28155 -5.45928 3
      vertex -3.29999 -4.79999 3
      vertex -2.41857 -5.40252 3
    endloop
  endfacet
  facet normal 0 0 1
    outer loop
      vertex -2.41857 -5.40252 3
      vertex -3.29999 -4.79999 3
      vertex -2.56001 -5.35793 3
    endloop
  endfacet
  facet normal 0 0 1
    outer loop
      vertex -2.56001 -5.35793 3
      vertex -3.29999 -4.79999 3
      vertex -2.7048 -5.32583 3
    endloop
  endfacet
  facet normal 0 0 1
    outer loop
      vertex -2.7048 -5.32583 3
      vertex -3.29999 -4.79999 3
      vertex -2.85183 -5.30647 3
    endloop
  endfacet
  facet normal 0 0 1
    outer loop
      vertex -2.85183 -5.30647 3
      vertex -3.29999 -4.79999 3
      vertex -3 -5.3 3
    endloop
  endfacet
  facet normal 0 0 1
    outer loop
      vertex -3.4743 -4.79237 3
      vertex -3 -5.3 3
      vertex -3.29999 -4.79999 3
    endloop
  endfacet
  facet normal 0 0 1
    outer loop
      vertex -3.64728 -4.76961 3
      vertex -3 -5.3 3
      vertex -3.4743 -4.79237 3
    endloop
  endfacet
  facet normal 0 0 1
    outer loop
      vertex -3.81763 -4.73184 3
      vertex -3 -5.3 3
      vertex -3.64728 -4.76961 3
    endloop
  endfacet
  facet normal 0 0 1
    outer loop
      vertex -3.98402 -4.67937 3
      vertex -3 -5.3 3
      vertex -3.81763 -4.73184 3
    endloop
  endfacet
  facet normal 0 0 1
    outer loop
      vertex -6.3 -5.3 3
      vertex -3.98402 -4.67937 3
      vertex -4.14522 -4.61261 3
    endloop
  endfacet
  facet normal 0 0 1
    outer loop
      vertex -6.3 -5.3 3
      vertex -4.14522 -4.61261 3
      vertex -4.29999 -4.53204 3
    endloop
  endfacet
  facet normal 0 0 1
    outer loop
      vertex -6.3 -5.3 3
      vertex -5.29999 -2.79999 3
      vertex -6.3 7.3 3
    endloop
  endfacet
  facet normal 0 0 1
    outer loop
      vertex -3.98402 -4.67937 3
      vertex -6.3 -5.3 3
      vertex -3 -5.3 3
    endloop
  endfacet
  facet normal 0 0 1
    outer loop
      vertex -4.44714 -4.43829 3
      vertex -6.3 -5.3 3
      vertex -4.29999 -4.53204 3
    endloop
  endfacet
  facet normal 0 0 1
    outer loop
      vertex -4.58556 -4.33208 3
      vertex -6.3 -5.3 3
      vertex -4.44714 -4.43829 3
    endloop
  endfacet
  facet normal 0 0 1
    outer loop
      vertex -4.7142 -4.2142 3
      vertex -6.3 -5.3 3
      vertex -4.58556 -4.33208 3
    endloop
  endfacet
  facet normal 0 0 1
    outer loop
      vertex -4.83208 -4.08556 3
      vertex -6.3 -5.3 3
      vertex -4.7142 -4.2142 3
    endloop
  endfacet
  facet normal 0 0 1
    outer loop
      vertex -4.93829 -3.94714 3
      vertex -6.3 -5.3 3
      vertex -4.83208 -4.08556 3
    endloop
  endfacet
  facet normal 0 0 1
    outer loop
      vertex -5.03204 -3.79999 3
      vertex -6.3 -5.3 3
      vertex -4.93829 -3.94714 3
    endloop
  endfacet
  facet normal 0 0 1
    outer loop
      vertex -5.11261 -3.64522 3
      vertex -6.3 -5.3 3
      vertex -5.03204 -3.79999 3
    endloop
  endfacet
  facet normal 0 0 1
    outer loop
      vertex -5.17937 -3.48402 3
      vertex -6.3 -5.3 3
      vertex -5.11261 -3.64522 3
    endloop
  endfacet
  facet normal 0 0 1
    outer loop
      vertex -5.23184 -3.31763 3
      vertex -6.3 -5.3 3
      vertex -5.17937 -3.48402 3
    endloop
  endfacet
  facet normal 0 0 1
    outer loop
      vertex -5.26961 -3.14728 3
      vertex -6.3 -5.3 3
      vertex -5.23184 -3.31763 3
    endloop
  endfacet
  facet normal 0 0 1
    outer loop
      vertex -5.29237 -2.9743 3
      vertex -6.3 -5.3 3
      vertex -5.26961 -3.14728 3
    endloop
  endfacet
  facet normal 0 0 1
    outer loop
      vertex -5.29999 -2.79999 3
      vertex -6.3 -5.3 3
      vertex -5.29237 -2.9743 3
    endloop
  endfacet
  facet normal 0 0 1
    outer loop
      vertex 9 12 3
      vertex -8.3 9.3 3
      vertex 8.3 9.3 3
    endloop
  endfacet
  facet normal -0 0 1
    outer loop
      vertex -9 12 3
      vertex -8.3 9.3 3
      vertex 9 12 3
    endloop
  endfacet
  facet normal -0 0 1
    outer loop
      vertex -9.34862 11.9848 3
      vertex -8.3 9.3 3
      vertex -9 12 3
    endloop
  endfacet
  facet normal -0 0 1
    outer loop
      vertex -9.6946 11.9392 3
      vertex -8.3 9.3 3
      vertex -9.34862 11.9848 3
    endloop
  endfacet
  facet normal -0 0 1
    outer loop
      vertex -10.0353 11.8637 3
      vertex -8.3 9.3 3
      vertex -9.6946 11.9392 3
    endloop
  endfacet
  facet normal -0 0 1
    outer loop
      vertex -10.3681 11.7588 3
      vertex -8.3 9.3 3
      vertex -10.0353 11.8637 3
    endloop
  endfacet
  facet normal -0 0 1
    outer loop
      vertex -10.6905 11.6252 3
      vertex -8.3 9.3 3
      vertex -10.3681 11.7588 3
    endloop
  endfacet
  facet normal -0 0 1
    outer loop
      vertex -11 11.4641 3
      vertex -8.3 9.3 3
      vertex -10.6905 11.6252 3
    endloop
  endfacet
  facet normal -0 0 1
    outer loop
      vertex -11.2943 11.2766 3
      vertex -8.3 9.3 3
      vertex -11 11.4641 3
    endloop
  endfacet
  facet normal 0 0 1
    outer loop
      vertex -8.3 9.3 3
      vertex -13 8 3
      vertex -8.3 -5.3 3
    endloop
  endfacet
  facet normal 0 0 1
    outer loop
      vertex -8.3 -5.3 3
      vertex -13 8 3
      vertex -11 -5.3 3
    endloop
  endfacet
  facet normal -0 0 1
    outer loop
      vertex -11.5712 11.0642 3
      vertex -8.3 9.3 3
      vertex -11.2943 11.2766 3
    endloop
  endfacet
  facet normal 0 0 1
    outer loop
      vertex -11 -5.3 3
      vertex -13 8 3
      vertex -11.1482 -5.30647 3
    endloop
  endfacet
  facet normal 0 0 1
    outer loop
      vertex -11.1482 -5.30647 3
      vertex -13 8 3
      vertex -11.2952 -5.32583 3
    endloop
  endfacet
  facet normal -0 0 1
    outer loop
      vertex -11.8284 10.8284 3
      vertex -8.3 9.3 3
      vertex -11.5712 11.0642 3
    endloop
  endfacet
  facet normal 0 0 1
    outer loop
      vertex -11.2952 -5.32583 3
      vertex -13 8 3
      vertex -11.44 -5.35793 3
    endloop
  endfacet
  facet normal 0 0 1
    outer loop
      vertex -11.44 -5.35793 3
      vertex -13 8 3
      vertex -11.5814 -5.40252 3
    endloop
  endfacet
  facet normal -0 0 1
    outer loop
      vertex -12.0642 10.5712 3
      vertex -8.3 9.3 3
      vertex -11.8284 10.8284 3
    endloop
  endfacet
  facet normal 0 0 1
    outer loop
      vertex -11.5814 -5.40252 3
      vertex -13 8 3
      vertex -11.7185 -5.45928 3
    endloop
  endfacet
  facet normal 0 0 1
    outer loop
      vertex -11.7185 -5.45928 3
      vertex -13 8 3
      vertex -11.85 -5.52776 3
    endloop
  endfacet
  facet normal -0 0 1
    outer loop
      vertex -12.2766 10.2943 3
      vertex -8.3 9.3 3
      vertex -12.0642 10.5712 3
    endloop
  endfacet
  facet normal 0 0 1
    outer loop
      vertex -11.85 -5.52776 3
      vertex -13 8 3
      vertex -11.9751 -5.60744 3
    endloop
  endfacet
  facet normal 0 0 1
    outer loop
      vertex -11.9751 -5.60744 3
      vertex -13 8 3
      vertex -12.0927 -5.69772 3
    endloop
  endfacet
  facet normal -0 0 1
    outer loop
      vertex -12.4641 10 3
      vertex -8.3 9.3 3
      vertex -12.2766 10.2943 3
    endloop
  endfacet
  facet normal 0 0 1
    outer loop
      vertex -12.0927 -5.69772 3
      vertex -13 8 3
      vertex -12.2021 -5.79792 3
    endloop
  endfacet
  facet normal 0 0 1
    outer loop
      vertex -12.2021 -5.79792 3
      vertex -13 8 3
      vertex -12.3023 -5.90726 3
    endloop
  endfacet
  facet normal -0 0 1
    outer loop
      vertex -12.6252 9.69048 3
      vertex -8.3 9.3 3
      vertex -12.4641 10 3
    endloop
  endfacet
  facet normal 0 0 1
    outer loop
      vertex -12.3023 -5.90726 3
      vertex -13 8 3
      vertex -12.3926 -6.02492 3
    endloop
  endfacet
  facet normal 0 0 1
    outer loop
      vertex -12.3926 -6.02492 3
      vertex -13 8 3
      vertex -12.4722 -6.15 3
    endloop
  endfacet
  facet normal 0 0 1
    outer loop
      vertex -12.4722 -6.15 3
      vertex -13 8 3
      vertex -12.5407 -6.28155 3
    endloop
  endfacet
  facet normal -0 0 1
    outer loop
      vertex -12.7588 9.36809 3
      vertex -8.3 9.3 3
      vertex -12.6252 9.69048 3
    endloop
  endfacet
  facet normal 0 0 1
    outer loop
      vertex -12.5407 -6.28155 3
      vertex -13 8 3
      vertex -12.5975 -6.41857 3
    endloop
  endfacet
  facet normal 0 0 1
    outer loop
      vertex -12.5975 -6.41857 3
      vertex -13 8 3
      vertex -12.6421 -6.56001 3
    endloop
  endfacet
  facet normal 0 0 1
    outer loop
      vertex -12.6421 -6.56001 3
      vertex -13 8 3
      vertex -12.6742 -6.7048 3
    endloop
  endfacet
  facet normal 0 0 1
    outer loop
      vertex -13 -8 3
      vertex -12.6742 -6.7048 3
      vertex -13 8 3
    endloop
  endfacet
  facet normal 0 0 1
    outer loop
      vertex -12.8637 9.03528 3
      vertex -8.3 9.3 3
      vertex -12.7588 9.36809 3
    endloop
  endfacet
  facet normal 0 0 1
    outer loop
      vertex 8.3 9.3 3
      vertex 13 8 3
      vertex 12.9848 8.34862 3
    endloop
  endfacet
  facet normal 0 0 1
    outer loop
      vertex 13 8 3
      vertex 12.6742 -6.7048 3
      vertex 13 -8 3
    endloop
  endfacet
  facet normal 0 0 1
    outer loop
      vertex 8.3 9.3 3
      vertex 12.9848 8.34862 3
      vertex 12.9392 8.6946 3
    endloop
  endfacet
  facet normal -0 -0 1
    outer loop
      vertex 12.6935 -6.85183 3
      vertex 13 -8 3
      vertex 12.6742 -6.7048 3
    endloop
  endfacet
  facet normal 0 0 1
    outer loop
      vertex 8.3 9.3 3
      vertex 12.9392 8.6946 3
      vertex 12.8637 9.03528 3
    endloop
  endfacet
  facet normal -0 0 1
    outer loop
      vertex 12.6935 -7.14816 3
      vertex 13 -8 3
      vertex 12.7 -7 3
    endloop
  endfacet
  facet normal -0 0 1
    outer loop
      vertex 8.3 9.3 3
      vertex 12.8637 9.03528 3
      vertex 12.7588 9.36809 3
    endloop
  endfacet
  facet normal -0 0 1
    outer loop
      vertex 12.6742 -7.2952 3
      vertex 13 -8 3
      vertex 12.6935 -7.14816 3
    endloop
  endfacet
  facet normal -0 0 1
    outer loop
      vertex 12.5975 -7.58143 3
      vertex 13 -8 3
      vertex 12.6421 -7.43999 3
    endloop
  endfacet
  facet normal -0 0 1
    outer loop
      vertex 12.6421 -7.43999 3
      vertex 13 -8 3
      vertex 12.6742 -7.2952 3
    endloop
  endfacet
  facet normal -0 -0 1
    outer loop
      vertex 12.7 -7 3
      vertex 13 -8 3
      vertex 12.6935 -6.85183 3
    endloop
  endfacet
  facet normal 0 0 1
    outer loop
      vertex 13 8 3
      vertex 12.6421 -6.56001 3
      vertex 12.6742 -6.7048 3
    endloop
  endfacet
  facet normal 0 0 1
    outer loop
      vertex 8.3 9.3 3
      vertex 12.7588 9.36809 3
      vertex 12.6252 9.69048 3
    endloop
  endfacet
  facet normal 0 0 1
    outer loop
      vertex 13 8 3
      vertex 12.5975 -6.41857 3
      vertex 12.6421 -6.56001 3
    endloop
  endfacet
  facet normal 0 0 1
    outer loop
      vertex 13 8 3
      vertex 12.5407 -6.28155 3
      vertex 12.5975 -6.41857 3
    endloop
  endfacet
  facet normal 0 0 1
    outer loop
      vertex 13 8 3
      vertex 12.4722 -6.15 3
      vertex 12.5407 -6.28155 3
    endloop
  endfacet
  facet normal 0 0 1
    outer loop
      vertex 8.3 9.3 3
      vertex 12.6252 9.69048 3
      vertex 12.4641 10 3
    endloop
  endfacet
  facet normal 0 0 1
    outer loop
      vertex 13 8 3
      vertex 12.3926 -6.02492 3
      vertex 12.4722 -6.15 3
    endloop
  endfacet
  facet normal 0 0 1
    outer loop
      vertex 13 8 3
      vertex 12.3023 -5.90726 3
      vertex 12.3926 -6.02492 3
    endloop
  endfacet
  facet normal 0 0 1
    outer loop
      vertex 8.3 9.3 3
      vertex 12.4641 10 3
      vertex 12.2766 10.2943 3
    endloop
  endfacet
  facet normal 0 0 1
    outer loop
      vertex 13 8 3
      vertex 12.2021 -5.79792 3
      vertex 12.3023 -5.90726 3
    endloop
  endfacet
  facet normal 0 0 1
    outer loop
      vertex 13 8 3
      vertex 12.0927 -5.69772 3
      vertex 12.2021 -5.79792 3
    endloop
  endfacet
  facet normal 0 0 1
    outer loop
      vertex 8.3 9.3 3
      vertex 12.2766 10.2943 3
      vertex 12.0642 10.5712 3
    endloop
  endfacet
  facet normal 0 0 1
    outer loop
      vertex 13 8 3
      vertex 11.9751 -5.60744 3
      vertex 12.0927 -5.69772 3
    endloop
  endfacet
  facet normal 0 0 1
    outer loop
      vertex 13 8 3
      vertex 11.85 -5.52776 3
      vertex 11.9751 -5.60744 3
    endloop
  endfacet
  facet normal 0 0 1
    outer loop
      vertex 8.3 9.3 3
      vertex 12.0642 10.5712 3
      vertex 11.8284 10.8284 3
    endloop
  endfacet
  facet normal 0 0 1
    outer loop
      vertex 13 8 3
      vertex 11.7185 -5.45928 3
      vertex 11.85 -5.52776 3
    endloop
  endfacet
  facet normal 0 0 1
    outer loop
      vertex 13 8 3
      vertex 11.5814 -5.40252 3
      vertex 11.7185 -5.45928 3
    endloop
  endfacet
  facet normal 0 0 1
    outer loop
      vertex 8.3 9.3 3
      vertex 11.8284 10.8284 3
      vertex 11.5712 11.0642 3
    endloop
  endfacet
  facet normal 0 0 1
    outer loop
      vertex 13 8 3
      vertex 11.44 -5.35793 3
      vertex 11.5814 -5.40252 3
    endloop
  endfacet
  facet normal 0 0 1
    outer loop
      vertex 13 8 3
      vertex 8.3 9.3 3
      vertex 8.3 -5.3 3
    endloop
  endfacet
  facet normal 0 0 1
    outer loop
      vertex 8.3 9.3 3
      vertex 11.5712 11.0642 3
      vertex 11.2943 11.2766 3
    endloop
  endfacet
  facet normal 0 0 1
    outer loop
      vertex 13 8 3
      vertex 11.2952 -5.32583 3
      vertex 11.44 -5.35793 3
    endloop
  endfacet
  facet normal 0 0 1
    outer loop
      vertex 8.3 9.3 3
      vertex 11.2943 11.2766 3
      vertex 11 11.4641 3
    endloop
  endfacet
  facet normal 0 0 1
    outer loop
      vertex 13 8 3
      vertex 11.1482 -5.30647 3
      vertex 11.2952 -5.32583 3
    endloop
  endfacet
  facet normal 0 0 1
    outer loop
      vertex 8.3 9.3 3
      vertex 11 11.4641 3
      vertex 10.6905 11.6252 3
    endloop
  endfacet
  facet normal 0 0 1
    outer loop
      vertex 8.3 9.3 3
      vertex 10.6905 11.6252 3
      vertex 10.3681 11.7588 3
    endloop
  endfacet
  facet normal 0 0 1
    outer loop
      vertex 8.3 9.3 3
      vertex 10.3681 11.7588 3
      vertex 10.0353 11.8637 3
    endloop
  endfacet
  facet normal 0 0 1
    outer loop
      vertex 8.3 9.3 3
      vertex 10.0353 11.8637 3
      vertex 9.6946 11.9392 3
    endloop
  endfacet
  facet normal 0 0 1
    outer loop
      vertex 8.3 9.3 3
      vertex 9.6946 11.9392 3
      vertex 9.34862 11.9848 3
    endloop
  endfacet
  facet normal 0 0 1
    outer loop
      vertex 8.3 9.3 3
      vertex 9.34862 11.9848 3
      vertex 9 12 3
    endloop
  endfacet
  facet normal 0 0 1
    outer loop
      vertex 13 8 3
      vertex 11 -5.3 3
      vertex 11.1482 -5.30647 3
    endloop
  endfacet
  facet normal 0 0 1
    outer loop
      vertex 13 8 3
      vertex 8.3 -5.3 3
      vertex 11 -5.3 3
    endloop
  endfacet
  facet normal -0 0 1
    outer loop
      vertex 12.5407 -7.71845 3
      vertex 13 -8 3
      vertex 12.5975 -7.58143 3
    endloop
  endfacet
  facet normal -0 0 1
    outer loop
      vertex 12.4722 -7.85 3
      vertex 13 -8 3
      vertex 12.5407 -7.71845 3
    endloop
  endfacet
  facet normal -0 0 1
    outer loop
      vertex 12.3926 -7.97508 3
      vertex 13 -8 3
      vertex 12.4722 -7.85 3
    endloop
  endfacet
  facet normal 0 0 1
    outer loop
      vertex 13 -8 3
      vertex 12.3926 -7.97508 3
      vertex 12.9848 -8.34862 3
    endloop
  endfacet
  facet normal -0 0 1
    outer loop
      vertex 12.3023 -8.09274 3
      vertex 12.9848 -8.34862 3
      vertex 12.3926 -7.97508 3
    endloop
  endfacet
  facet normal -0 0 1
    outer loop
      vertex 12.2021 -8.20208 3
      vertex 12.9848 -8.34862 3
      vertex 12.3023 -8.09274 3
    endloop
  endfacet
  facet normal 0 0 1
    outer loop
      vertex 12.9848 -8.34862 3
      vertex 12.2021 -8.20208 3
      vertex 12.9392 -8.6946 3
    endloop
  endfacet
  facet normal -0 0 1
    outer loop
      vertex 12.0927 -8.30227 3
      vertex 12.9392 -8.6946 3
      vertex 12.2021 -8.20208 3
    endloop
  endfacet
  facet normal 0 0 1
    outer loop
      vertex 12.9392 -8.6946 3
      vertex 12.0927 -8.30227 3
      vertex 12.8637 -9.03528 3
    endloop
  endfacet
  facet normal -0 0 1
    outer loop
      vertex 11.9751 -8.39256 3
      vertex 12.8637 -9.03528 3
      vertex 12.0927 -8.30227 3
    endloop
  endfacet
  facet normal -0 0 1
    outer loop
      vertex 11.85 -8.47224 3
      vertex 12.8637 -9.03528 3
      vertex 11.9751 -8.39256 3
    endloop
  endfacet
  facet normal 0 0 1
    outer loop
      vertex 12.8637 -9.03528 3
      vertex 11.85 -8.47224 3
      vertex 12.7588 -9.36809 3
    endloop
  endfacet
  facet normal -0 0 1
    outer loop
      vertex 11.7185 -8.54072 3
      vertex 12.7588 -9.36809 3
      vertex 11.85 -8.47224 3
    endloop
  endfacet
  facet normal 0 0 1
    outer loop
      vertex 12.7588 -9.36809 3
      vertex 11.7185 -8.54072 3
      vertex 12.6252 -9.69048 3
    endloop
  endfacet
  facet normal -0 0 1
    outer loop
      vertex 11.5814 -8.59748 3
      vertex 12.6252 -9.69048 3
      vertex 11.7185 -8.54072 3
    endloop
  endfacet
  facet normal 0 0 1
    outer loop
      vertex 12.6252 -9.69048 3
      vertex 11.5814 -8.59748 3
      vertex 12.4641 -10 3
    endloop
  endfacet
  facet normal -0 0 1
    outer loop
      vertex 11.44 -8.64207 3
      vertex 12.4641 -10 3
      vertex 11.5814 -8.59748 3
    endloop
  endfacet
  facet normal -0 0 1
    outer loop
      vertex 11.2952 -8.67417 3
      vertex 12.4641 -10 3
      vertex 11.44 -8.64207 3
    endloop
  endfacet
  facet normal 0 0 1
    outer loop
      vertex 12.4641 -10 3
      vertex 11.2952 -8.67417 3
      vertex 12.2766 -10.2943 3
    endloop
  endfacet
  facet normal -0 0 1
    outer loop
      vertex 11.1482 -8.69353 3
      vertex 12.2766 -10.2943 3
      vertex 11.2952 -8.67417 3
    endloop
  endfacet
  facet normal 0 0 1
    outer loop
      vertex 12.2766 -10.2943 3
      vertex 11.1482 -8.69353 3
      vertex 12.0642 -10.5712 3
    endloop
  endfacet
  facet normal -0 0 1
    outer loop
      vertex 11 -8.7 3
      vertex 12.0642 -10.5712 3
      vertex 11.1482 -8.69353 3
    endloop
  endfacet
  facet normal 0 0 1
    outer loop
      vertex 12.0642 -10.5712 3
      vertex 11 -8.7 3
      vertex 11.8284 -10.8284 3
    endloop
  endfacet
  facet normal 0 0 1
    outer loop
      vertex 11.8284 -10.8284 3
      vertex 11 -8.7 3
      vertex 11.5712 -11.0642 3
    endloop
  endfacet
  facet normal 0 0 1
    outer loop
      vertex 11.5712 -11.0642 3
      vertex 11 -8.7 3
      vertex 11.2943 -11.2766 3
    endloop
  endfacet
  facet normal 0 0 1
    outer loop
      vertex 11 -8.7 3
      vertex 11 -11.4641 3
      vertex 11.2943 -11.2766 3
    endloop
  endfacet
  facet normal 0 0 1
    outer loop
      vertex 11 -8.7 3
      vertex 10.6905 -11.6252 3
      vertex 11 -11.4641 3
    endloop
  endfacet
  facet normal 0 0 1
    outer loop
      vertex 11 -8.7 3
      vertex 10.3681 -11.7588 3
      vertex 10.6905 -11.6252 3
    endloop
  endfacet
  facet normal 0 0 1
    outer loop
      vertex 11 -8.7 3
      vertex 10.0353 -11.8637 3
      vertex 10.3681 -11.7588 3
    endloop
  endfacet
  facet normal 0 0 1
    outer loop
      vertex 11 -8.7 3
      vertex 9.6946 -11.9392 3
      vertex 10.0353 -11.8637 3
    endloop
  endfacet
  facet normal 0 0 1
    outer loop
      vertex 11 -8.7 3
      vertex 9.34862 -11.9848 3
      vertex 9.6946 -11.9392 3
    endloop
  endfacet
  facet normal 0 0 1
    outer loop
      vertex 11 -8.7 3
      vertex 9 -12 3
      vertex 9.34862 -11.9848 3
    endloop
  endfacet
  facet normal -0 0 1
    outer loop
      vertex 3 -8.7 3
      vertex 9 -12 3
      vertex 11 -8.7 3
    endloop
  endfacet
  facet normal 0 0 1
    outer loop
      vertex 2.85183 -8.69353 3
      vertex 9 -12 3
      vertex 3 -8.7 3
    endloop
  endfacet
  facet normal 0 0 1
    outer loop
      vertex 2.7048 -8.67417 3
      vertex 9 -12 3
      vertex 2.85183 -8.69353 3
    endloop
  endfacet
  facet normal 0 0 1
    outer loop
      vertex -2.7048 -8.67417 3
      vertex 2.7048 -8.67417 3
      vertex 2.56001 -8.64207 3
    endloop
  endfacet
  facet normal 0 0 1
    outer loop
      vertex -2.56001 -8.64207 3
      vertex 2.56001 -8.64207 3
      vertex 2.41857 -8.59748 3
    endloop
  endfacet
  facet normal 0 0 1
    outer loop
      vertex -2.41857 -8.59748 3
      vertex 2.41857 -8.59748 3
      vertex 2.28155 -8.54072 3
    endloop
  endfacet
  facet normal -0 0 1
    outer loop
      vertex -1.3 -7 3
      vertex 1.30647 -7.14816 3
      vertex 1.3 -7 3
    endloop
  endfacet
  facet normal 0 0 1
    outer loop
      vertex -1.30647 -7.14816 3
      vertex 1.30647 -7.14816 3
      vertex -1.3 -7 3
    endloop
  endfacet
  facet normal 0 0 1
    outer loop
      vertex 1.30647 -7.14816 3
      vertex -1.30647 -7.14816 3
      vertex 1.32583 -7.2952 3
    endloop
  endfacet
  facet normal 0 0 1
    outer loop
      vertex -1.32583 -7.2952 3
      vertex 1.32583 -7.2952 3
      vertex -1.30647 -7.14816 3
    endloop
  endfacet
  facet normal 0 0 1
    outer loop
      vertex 1.32583 -7.2952 3
      vertex -1.32583 -7.2952 3
      vertex 1.35793 -7.43999 3
    endloop
  endfacet
  facet normal 0 0 1
    outer loop
      vertex -1.35793 -7.43999 3
      vertex 1.35793 -7.43999 3
      vertex -1.32583 -7.2952 3
    endloop
  endfacet
  facet normal 0 0 1
    outer loop
      vertex 1.35793 -7.43999 3
      vertex -1.35793 -7.43999 3
      vertex 1.40252 -7.58143 3
    endloop
  endfacet
  facet normal 0 0 1
    outer loop
      vertex -1.40252 -7.58143 3
      vertex 1.40252 -7.58143 3
      vertex -1.35793 -7.43999 3
    endloop
  endfacet
  facet normal 0 0 1
    outer loop
      vertex 1.40252 -7.58143 3
      vertex -1.40252 -7.58143 3
      vertex 1.45928 -7.71845 3
    endloop
  endfacet
  facet normal 0 0 1
    outer loop
      vertex -1.45928 -7.71845 3
      vertex 1.45928 -7.71845 3
      vertex -1.40252 -7.58143 3
    endloop
  endfacet
  facet normal 0 0 1
    outer loop
      vertex 1.45928 -7.71845 3
      vertex -1.45928 -7.71845 3
      vertex 1.52776 -7.85 3
    endloop
  endfacet
  facet normal 0 0 1
    outer loop
      vertex -1.52776 -7.85 3
      vertex 1.52776 -7.85 3
      vertex -1.45928 -7.71845 3
    endloop
  endfacet
  facet normal 0 0 1
    outer loop
      vertex 1.52776 -7.85 3
      vertex -1.52776 -7.85 3
      vertex 1.60744 -7.97508 3
    endloop
  endfacet
  facet normal 0 0 1
    outer loop
      vertex -1.60744 -7.97508 3
      vertex 1.60744 -7.97508 3
      vertex -1.52776 -7.85 3
    endloop
  endfacet
  facet normal 0 0 1
    outer loop
      vertex 1.60744 -7.97508 3
      vertex -1.60744 -7.97508 3
      vertex 1.69772 -8.09274 3
    endloop
  endfacet
  facet normal 0 0 1
    outer loop
      vertex -1.69772 -8.09274 3
      vertex 1.69772 -8.09274 3
      vertex -1.60744 -7.97508 3
    endloop
  endfacet
  facet normal 0 0 1
    outer loop
      vertex 1.69772 -8.09274 3
      vertex -1.69772 -8.09274 3
      vertex 1.79792 -8.20208 3
    endloop
  endfacet
  facet normal 0 0 1
    outer loop
      vertex -1.79792 -8.20208 3
      vertex 1.79792 -8.20208 3
      vertex -1.69772 -8.09274 3
    endloop
  endfacet
  facet normal 0 0 1
    outer loop
      vertex 1.79792 -8.20208 3
      vertex -1.79792 -8.20208 3
      vertex 1.90726 -8.30227 3
    endloop
  endfacet
  facet normal 0 0 1
    outer loop
      vertex -1.90726 -8.30227 3
      vertex 1.90726 -8.30227 3
      vertex -1.79792 -8.20208 3
    endloop
  endfacet
  facet normal 0 0 1
    outer loop
      vertex 1.90726 -8.30227 3
      vertex -1.90726 -8.30227 3
      vertex 2.02492 -8.39256 3
    endloop
  endfacet
  facet normal 0 0 1
    outer loop
      vertex -2.02492 -8.39256 3
      vertex 2.02492 -8.39256 3
      vertex -1.90726 -8.30227 3
    endloop
  endfacet
  facet normal 0 0 1
    outer loop
      vertex 2.02492 -8.39256 3
      vertex -2.02492 -8.39256 3
      vertex 2.15 -8.47224 3
    endloop
  endfacet
  facet normal 0 0 1
    outer loop
      vertex -2.15 -8.47224 3
      vertex 2.15 -8.47224 3
      vertex -2.02492 -8.39256 3
    endloop
  endfacet
  facet normal 0 0 1
    outer loop
      vertex 2.15 -8.47224 3
      vertex -2.15 -8.47224 3
      vertex 2.28155 -8.54072 3
    endloop
  endfacet
  facet normal 0 0 1
    outer loop
      vertex -2.28155 -8.54072 3
      vertex 2.28155 -8.54072 3
      vertex -2.15 -8.47224 3
    endloop
  endfacet
  facet normal 0 0 1
    outer loop
      vertex -2.41857 -8.59748 3
      vertex 2.28155 -8.54072 3
      vertex -2.28155 -8.54072 3
    endloop
  endfacet
  facet normal 0 0 1
    outer loop
      vertex 2.41857 -8.59748 3
      vertex -2.41857 -8.59748 3
      vertex -2.56001 -8.64207 3
    endloop
  endfacet
  facet normal 0 0 1
    outer loop
      vertex -2.7048 -8.67417 3
      vertex 2.56001 -8.64207 3
      vertex -2.56001 -8.64207 3
    endloop
  endfacet
  facet normal 0 0 1
    outer loop
      vertex 2.7048 -8.67417 3
      vertex -2.7048 -8.67417 3
      vertex 9 -12 3
    endloop
  endfacet
  facet normal 0 0 1
    outer loop
      vertex -9 -12 3
      vertex -2.7048 -8.67417 3
      vertex -2.85183 -8.69353 3
    endloop
  endfacet
  facet normal 0 0 1
    outer loop
      vertex -9 -12 3
      vertex -2.85183 -8.69353 3
      vertex -3 -8.7 3
    endloop
  endfacet
  facet normal 0 0 1
    outer loop
      vertex -2.7048 -8.67417 3
      vertex -9 -12 3
      vertex 9 -12 3
    endloop
  endfacet
  facet normal -0 0 1
    outer loop
      vertex -11 -8.7 3
      vertex -9 -12 3
      vertex -3 -8.7 3
    endloop
  endfacet
  facet normal 0 0 1
    outer loop
      vertex -9 -12 3
      vertex -11 -8.7 3
      vertex -9.34862 -11.9848 3
    endloop
  endfacet
  facet normal 0 0 1
    outer loop
      vertex -9.34862 -11.9848 3
      vertex -11 -8.7 3
      vertex -9.6946 -11.9392 3
    endloop
  endfacet
  facet normal 0 0 1
    outer loop
      vertex -9.6946 -11.9392 3
      vertex -11 -8.7 3
      vertex -10.0353 -11.8637 3
    endloop
  endfacet
  facet normal 0 0 1
    outer loop
      vertex -10.0353 -11.8637 3
      vertex -11 -8.7 3
      vertex -10.3681 -11.7588 3
    endloop
  endfacet
  facet normal 0 0 1
    outer loop
      vertex -10.3681 -11.7588 3
      vertex -11 -8.7 3
      vertex -10.6905 -11.6252 3
    endloop
  endfacet
  facet normal 0 0 1
    outer loop
      vertex -11 -8.7 3
      vertex -11 -11.4641 3
      vertex -10.6905 -11.6252 3
    endloop
  endfacet
  facet normal 0 0 1
    outer loop
      vertex -12.0642 -10.5712 3
      vertex -11 -8.7 3
      vertex -11.1482 -8.69353 3
    endloop
  endfacet
  facet normal 0 0 1
    outer loop
      vertex -11 -8.7 3
      vertex -11.2943 -11.2766 3
      vertex -11 -11.4641 3
    endloop
  endfacet
  facet normal 0 0 1
    outer loop
      vertex -12.2766 -10.2943 3
      vertex -11.1482 -8.69353 3
      vertex -11.2952 -8.67417 3
    endloop
  endfacet
  facet normal 0 0 1
    outer loop
      vertex -12.4641 -10 3
      vertex -11.2952 -8.67417 3
      vertex -11.44 -8.64207 3
    endloop
  endfacet
  facet normal 0 0 1
    outer loop
      vertex -11 -8.7 3
      vertex -11.5712 -11.0642 3
      vertex -11.2943 -11.2766 3
    endloop
  endfacet
  facet normal 0 0 1
    outer loop
      vertex -12.4641 -10 3
      vertex -11.44 -8.64207 3
      vertex -11.5814 -8.59748 3
    endloop
  endfacet
  facet normal 0 0 1
    outer loop
      vertex -12.6252 -9.69048 3
      vertex -11.5814 -8.59748 3
      vertex -11.7185 -8.54072 3
    endloop
  endfacet
  facet normal 0 0 1
    outer loop
      vertex -11 -8.7 3
      vertex -11.8284 -10.8284 3
      vertex -11.5712 -11.0642 3
    endloop
  endfacet
  facet normal 0 0 1
    outer loop
      vertex -12.7588 -9.36809 3
      vertex -11.7185 -8.54072 3
      vertex -11.85 -8.47224 3
    endloop
  endfacet
  facet normal 0 0 1
    outer loop
      vertex -12.8637 -9.03528 3
      vertex -11.85 -8.47224 3
      vertex -11.9751 -8.39256 3
    endloop
  endfacet
  facet normal 0 0 1
    outer loop
      vertex -11 -8.7 3
      vertex -12.0642 -10.5712 3
      vertex -11.8284 -10.8284 3
    endloop
  endfacet
  facet normal 0 0 1
    outer loop
      vertex -12.8637 -9.03528 3
      vertex -11.9751 -8.39256 3
      vertex -12.0927 -8.30227 3
    endloop
  endfacet
  facet normal 0 0 1
    outer loop
      vertex -12.9392 -8.6946 3
      vertex -12.0927 -8.30227 3
      vertex -12.2021 -8.20208 3
    endloop
  endfacet
  facet normal 0 0 1
    outer loop
      vertex -11.1482 -8.69353 3
      vertex -12.2766 -10.2943 3
      vertex -12.0642 -10.5712 3
    endloop
  endfacet
  facet normal 0 0 1
    outer loop
      vertex -12.9848 -8.34862 3
      vertex -12.2021 -8.20208 3
      vertex -12.3023 -8.09274 3
    endloop
  endfacet
  facet normal 0 0 1
    outer loop
      vertex -12.9848 -8.34862 3
      vertex -12.3023 -8.09274 3
      vertex -12.3926 -7.97508 3
    endloop
  endfacet
  facet normal 0 0 1
    outer loop
      vertex -11.2952 -8.67417 3
      vertex -12.4641 -10 3
      vertex -12.2766 -10.2943 3
    endloop
  endfacet
  facet normal 0 0 1
    outer loop
      vertex -13 -8 3
      vertex -12.3926 -7.97508 3
      vertex -12.4722 -7.85 3
    endloop
  endfacet
  facet normal 0 0 1
    outer loop
      vertex -13 -8 3
      vertex -12.4722 -7.85 3
      vertex -12.5407 -7.71845 3
    endloop
  endfacet
  facet normal 0 0 1
    outer loop
      vertex -13 -8 3
      vertex -12.5407 -7.71845 3
      vertex -12.5975 -7.58143 3
    endloop
  endfacet
  facet normal 0 0 1
    outer loop
      vertex -11.5814 -8.59748 3
      vertex -12.6252 -9.69048 3
      vertex -12.4641 -10 3
    endloop
  endfacet
  facet normal 0 0 1
    outer loop
      vertex -13 -8 3
      vertex -12.5975 -7.58143 3
      vertex -12.6421 -7.43999 3
    endloop
  endfacet
  facet normal 0 0 1
    outer loop
      vertex -13 -8 3
      vertex -12.6421 -7.43999 3
      vertex -12.6742 -7.2952 3
    endloop
  endfacet
  facet normal 0 0 1
    outer loop
      vertex -13 -8 3
      vertex -12.6742 -7.2952 3
      vertex -12.6935 -7.14816 3
    endloop
  endfacet
  facet normal 0 0 1
    outer loop
      vertex -13 -8 3
      vertex -12.6935 -7.14816 3
      vertex -12.7 -7 3
    endloop
  endfacet
  facet normal 0 0 1
    outer loop
      vertex -11.7185 -8.54072 3
      vertex -12.7588 -9.36809 3
      vertex -12.6252 -9.69048 3
    endloop
  endfacet
  facet normal 0 0 1
    outer loop
      vertex -12.6742 -6.7048 3
      vertex -13 -8 3
      vertex -12.6935 -6.85183 3
    endloop
  endfacet
  facet normal 0 0 1
    outer loop
      vertex -12.9392 8.6946 3
      vertex -8.3 9.3 3
      vertex -12.8637 9.03528 3
    endloop
  endfacet
  facet normal 0 0 1
    outer loop
      vertex -12.6935 -6.85183 3
      vertex -13 -8 3
      vertex -12.7 -7 3
    endloop
  endfacet
  facet normal 0 0 1
    outer loop
      vertex -12.9848 8.34862 3
      vertex -8.3 9.3 3
      vertex -12.9392 8.6946 3
    endloop
  endfacet
  facet normal 0 0 1
    outer loop
      vertex -12.3926 -7.97508 3
      vertex -13 -8 3
      vertex -12.9848 -8.34862 3
    endloop
  endfacet
  facet normal 0 0 1
    outer loop
      vertex -8.3 9.3 3
      vertex -12.9848 8.34862 3
      vertex -13 8 3
    endloop
  endfacet
  facet normal 0 0 1
    outer loop
      vertex -11.85 -8.47224 3
      vertex -12.8637 -9.03528 3
      vertex -12.7588 -9.36809 3
    endloop
  endfacet
  facet normal 0 0 1
    outer loop
      vertex -12.0927 -8.30227 3
      vertex -12.9392 -8.6946 3
      vertex -12.8637 -9.03528 3
    endloop
  endfacet
  facet normal 0 0 1
    outer loop
      vertex -12.2021 -8.20208 3
      vertex -12.9848 -8.34862 3
      vertex -12.9392 -8.6946 3
    endloop
  endfacet
  facet normal -1 0 0
    outer loop
      vertex -8.3 -5.3 3.2
      vertex -8.3 9.3 3
      vertex -8.3 -5.3 3
    endloop
  endfacet
  facet normal -1 0 0
    outer loop
      vertex -8.3 9.3 3
      vertex -8.3 -5.3 3.2
      vertex -8.3 9.3 8.5
    endloop
  endfacet
  facet normal -1 0 0
    outer loop
      vertex -8.3 -5.8 8.5
      vertex -8.3 -5.3 3.2
      vertex -8.3 -5.8 3.2
    endloop
  endfacet
  facet normal -1 0 0
    outer loop
      vertex -8.3 -5.3 3.2
      vertex -8.3 -5.8 8.5
      vertex -8.3 9.3 8.5
    endloop
  endfacet
  facet normal 0 -1 0
    outer loop
      vertex -8.3 -5.8 3.2
      vertex -6.3 -5.8 8.5
      vertex -8.3 -5.8 8.5
    endloop
  endfacet
  facet normal 0 -1 -0
    outer loop
      vertex -6.3 -5.8 8.5
      vertex -8.3 -5.8 3.2
      vertex -6.3 -5.8 3.2
    endloop
  endfacet
  facet normal 1 0 0
    outer loop
      vertex 8.3 9.3 8.5
      vertex 8.3 -5.3 3.2
      vertex 8.3 9.3 3
    endloop
  endfacet
  facet normal 1 -0 0
    outer loop
      vertex 8.3 -5.8 8.5
      vertex 8.3 -5.3 3.2
      vertex 8.3 9.3 8.5
    endloop
  endfacet
  facet normal 1 0 0
    outer loop
      vertex 8.3 -5.3 3.2
      vertex 8.3 -5.8 8.5
      vertex 8.3 -5.8 3.2
    endloop
  endfacet
  facet normal 1 0 0
    outer loop
      vertex 8.3 9.3 3
      vertex 8.3 -5.3 3.2
      vertex 8.3 -5.3 3
    endloop
  endfacet
  facet normal -1 0 0
    outer loop
      vertex 6.3 -5.3 3.2
      vertex 6.3 7.3 3
      vertex 6.3 -5.3 3
    endloop
  endfacet
  facet normal -1 0 0
    outer loop
      vertex 6.3 7.3 3
      vertex 6.3 -5.3 3.2
      vertex 6.3 7.3 8.5
    endloop
  endfacet
  facet normal -1 0 0
    outer loop
      vertex 6.3 -5.8 8.5
      vertex 6.3 -5.3 3.2
      vertex 6.3 -5.8 3.2
    endloop
  endfacet
  facet normal -1 0 0
    outer loop
      vertex 6.3 -5.3 3.2
      vertex 6.3 -5.8 8.5
      vertex 6.3 7.3 8.5
    endloop
  endfacet
  facet normal 0 -1 0
    outer loop
      vertex 6.3 -5.8 3.2
      vertex 8.3 -5.8 8.5
      vertex 6.3 -5.8 8.5
    endloop
  endfacet
  facet normal 0 -1 -0
    outer loop
      vertex 8.3 -5.8 8.5
      vertex 6.3 -5.8 3.2
      vertex 8.3 -5.8 3.2
    endloop
  endfacet
  facet normal 0.300624 -0.953743 0
    outer loop
      vertex 10.0353 -11.8637 0
      vertex 10.3681 -11.7588 3
      vertex 10.0353 -11.8637 3
    endloop
  endfacet
  facet normal 0.300624 -0.953743 0
    outer loop
      vertex 10.3681 -11.7588 3
      vertex 10.0353 -11.8637 0
      vertex 10.3681 -11.7588 0
    endloop
  endfacet
  facet normal 0.53732 -0.843378 0
    outer loop
      vertex 11 -11.4641 0
      vertex 11.2943 -11.2766 3
      vertex 11 -11.4641 3
    endloop
  endfacet
  facet normal 0.53732 -0.843378 0
    outer loop
      vertex 11.2943 -11.2766 3
      vertex 11 -11.4641 0
      vertex 11.2943 -11.2766 0
    endloop
  endfacet
  facet normal 0.991426 -0.130669 0
    outer loop
      vertex 12.9392 -8.6946 3
      vertex 12.9848 -8.34862 0
      vertex 12.9848 -8.34862 3
    endloop
  endfacet
  facet normal 0.991426 -0.130669 0
    outer loop
      vertex 12.9848 -8.34862 0
      vertex 12.9392 -8.6946 3
      vertex 12.9392 -8.6946 0
    endloop
  endfacet
  facet normal 0.216354 0.976315 -0
    outer loop
      vertex 10.0353 11.8637 0
      vertex 9.6946 11.9392 3
      vertex 10.0353 11.8637 3
    endloop
  endfacet
  facet normal 0.216354 0.976315 0
    outer loop
      vertex 9.6946 11.9392 3
      vertex 10.0353 11.8637 0
      vertex 9.6946 11.9392 0
    endloop
  endfacet
  facet normal -0.0435591 0.999051 0
    outer loop
      vertex -9 12 0
      vertex -9.34862 11.9848 3
      vertex -9 12 3
    endloop
  endfacet
  facet normal -0.0435591 0.999051 0
    outer loop
      vertex -9.34862 11.9848 3
      vertex -9 12 0
      vertex -9.34862 11.9848 0
    endloop
  endfacet
  facet normal 0.130669 0.991426 -0
    outer loop
      vertex 9.6946 11.9392 0
      vertex 9.34862 11.9848 3
      vertex 9.6946 11.9392 3
    endloop
  endfacet
  facet normal 0.130669 0.991426 0
    outer loop
      vertex 9.34862 11.9848 3
      vertex 9.6946 11.9392 0
      vertex 9.34862 11.9848 0
    endloop
  endfacet
  facet normal 0.976312 0.216366 0
    outer loop
      vertex 12.9392 8.6946 3
      vertex 12.8637 9.03528 0
      vertex 12.8637 9.03528 3
    endloop
  endfacet
  facet normal 0.976312 0.216366 0
    outer loop
      vertex 12.8637 9.03528 0
      vertex 12.9392 8.6946 3
      vertex 12.9392 8.6946 0
    endloop
  endfacet
  facet normal 0.461714 0.887029 -0
    outer loop
      vertex 11 11.4641 0
      vertex 10.6905 11.6252 3
      vertex 11 11.4641 3
    endloop
  endfacet
  facet normal 0.461714 0.887029 0
    outer loop
      vertex 10.6905 11.6252 3
      vertex 11 11.4641 0
      vertex 10.6905 11.6252 0
    endloop
  endfacet
  facet normal 0.0435591 -0.999051 0
    outer loop
      vertex 9 -12 0
      vertex 9.34862 -11.9848 3
      vertex 9 -12 3
    endloop
  endfacet
  facet normal 0.0435591 -0.999051 0
    outer loop
      vertex 9.34862 -11.9848 3
      vertex 9 -12 0
      vertex 9.34862 -11.9848 0
    endloop
  endfacet
  facet normal 0.461714 -0.887029 0
    outer loop
      vertex 10.6905 -11.6252 0
      vertex 11 -11.4641 3
      vertex 10.6905 -11.6252 3
    endloop
  endfacet
  facet normal 0.461714 -0.887029 0
    outer loop
      vertex 11 -11.4641 3
      vertex 10.6905 -11.6252 0
      vertex 11 -11.4641 0
    endloop
  endfacet
  facet normal 0.60863 0.793454 -0
    outer loop
      vertex 11.5712 11.0642 0
      vertex 11.2943 11.2766 3
      vertex 11.5712 11.0642 3
    endloop
  endfacet
  facet normal 0.60863 0.793454 0
    outer loop
      vertex 11.2943 11.2766 3
      vertex 11.5712 11.0642 0
      vertex 11.2943 11.2766 0
    endloop
  endfacet
  facet normal 0.793454 -0.60863 0
    outer loop
      vertex 12.0642 -10.5712 3
      vertex 12.2766 -10.2943 0
      vertex 12.2766 -10.2943 3
    endloop
  endfacet
  facet normal 0.793454 -0.60863 0
    outer loop
      vertex 12.2766 -10.2943 0
      vertex 12.0642 -10.5712 3
      vertex 12.0642 -10.5712 0
    endloop
  endfacet
  facet normal -0.53732 -0.843378 0
    outer loop
      vertex -11.2943 -11.2766 0
      vertex -11 -11.4641 3
      vertex -11.2943 -11.2766 3
    endloop
  endfacet
  facet normal -0.53732 -0.843378 -0
    outer loop
      vertex -11 -11.4641 3
      vertex -11.2943 -11.2766 0
      vertex -11 -11.4641 0
    endloop
  endfacet
  facet normal 0.675777 0.737107 -0
    outer loop
      vertex 11.8284 10.8284 0
      vertex 11.5712 11.0642 3
      vertex 11.8284 10.8284 3
    endloop
  endfacet
  facet normal 0.675777 0.737107 0
    outer loop
      vertex 11.5712 11.0642 3
      vertex 11.8284 10.8284 0
      vertex 11.5712 11.0642 0
    endloop
  endfacet
  facet normal 0.887041 -0.46169 0
    outer loop
      vertex 12.4641 -10 3
      vertex 12.6252 -9.69048 0
      vertex 12.6252 -9.69048 3
    endloop
  endfacet
  facet normal 0.887041 -0.46169 0
    outer loop
      vertex 12.6252 -9.69048 0
      vertex 12.4641 -10 3
      vertex 12.4641 -10 0
    endloop
  endfacet
  facet normal 0.382824 -0.923821 0
    outer loop
      vertex 10.3681 -11.7588 0
      vertex 10.6905 -11.6252 3
      vertex 10.3681 -11.7588 3
    endloop
  endfacet
  facet normal 0.382824 -0.923821 0
    outer loop
      vertex 10.6905 -11.6252 3
      vertex 10.3681 -11.7588 0
      vertex 10.6905 -11.6252 0
    endloop
  endfacet
  facet normal 0.382824 0.923821 -0
    outer loop
      vertex 10.6905 11.6252 0
      vertex 10.3681 11.7588 3
      vertex 10.6905 11.6252 3
    endloop
  endfacet
  facet normal 0.382824 0.923821 0
    outer loop
      vertex 10.3681 11.7588 3
      vertex 10.6905 11.6252 0
      vertex 10.3681 11.7588 0
    endloop
  endfacet
  facet normal 0 -1 0
    outer loop
      vertex -9 -12 0
      vertex 9 -12 3
      vertex -9 -12 3
    endloop
  endfacet
  facet normal 0 -1 -0
    outer loop
      vertex 9 -12 3
      vertex -9 -12 0
      vertex 9 -12 0
    endloop
  endfacet
  facet normal 0.53732 0.843378 -0
    outer loop
      vertex 11.2943 11.2766 0
      vertex 11 11.4641 3
      vertex 11.2943 11.2766 3
    endloop
  endfacet
  facet normal 0.53732 0.843378 0
    outer loop
      vertex 11 11.4641 3
      vertex 11.2943 11.2766 0
      vertex 11 11.4641 0
    endloop
  endfacet
  facet normal -0.300624 0.953743 0
    outer loop
      vertex -10.0353 11.8637 0
      vertex -10.3681 11.7588 3
      vertex -10.0353 11.8637 3
    endloop
  endfacet
  facet normal -0.300624 0.953743 0
    outer loop
      vertex -10.3681 11.7588 3
      vertex -10.0353 11.8637 0
      vertex -10.3681 11.7588 0
    endloop
  endfacet
  facet normal -0.999051 -0.0435591 0
    outer loop
      vertex -12.9848 -8.34862 0
      vertex -13 -8 3
      vertex -13 -8 0
    endloop
  endfacet
  facet normal -0.999051 -0.0435591 0
    outer loop
      vertex -13 -8 3
      vertex -12.9848 -8.34862 0
      vertex -12.9848 -8.34862 3
    endloop
  endfacet
  facet normal 0.0435591 0.999051 -0
    outer loop
      vertex 9.34862 11.9848 0
      vertex 9 12 3
      vertex 9.34862 11.9848 3
    endloop
  endfacet
  facet normal 0.0435591 0.999051 0
    outer loop
      vertex 9 12 3
      vertex 9.34862 11.9848 0
      vertex 9 12 0
    endloop
  endfacet
  facet normal -0.887041 0.46169 0
    outer loop
      vertex -12.6252 9.69048 0
      vertex -12.4641 10 3
      vertex -12.4641 10 0
    endloop
  endfacet
  facet normal -0.887041 0.46169 0
    outer loop
      vertex -12.4641 10 3
      vertex -12.6252 9.69048 0
      vertex -12.6252 9.69048 3
    endloop
  endfacet
  facet normal 0.999051 -0.0435591 0
    outer loop
      vertex 12.9848 -8.34862 3
      vertex 13 -8 0
      vertex 13 -8 3
    endloop
  endfacet
  facet normal 0.999051 -0.0435591 0
    outer loop
      vertex 13 -8 0
      vertex 12.9848 -8.34862 3
      vertex 12.9848 -8.34862 0
    endloop
  endfacet
  facet normal 0 1 -0
    outer loop
      vertex 9 12 0
      vertex -9 12 3
      vertex 9 12 3
    endloop
  endfacet
  facet normal 0 1 0
    outer loop
      vertex -9 12 3
      vertex 9 12 0
      vertex -9 12 0
    endloop
  endfacet
  facet normal 0.130669 -0.991426 0
    outer loop
      vertex 9.34862 -11.9848 0
      vertex 9.6946 -11.9392 3
      vertex 9.34862 -11.9848 3
    endloop
  endfacet
  facet normal 0.130669 -0.991426 0
    outer loop
      vertex 9.6946 -11.9392 3
      vertex 9.34862 -11.9848 0
      vertex 9.6946 -11.9392 0
    endloop
  endfacet
  facet normal 0.216354 -0.976315 0
    outer loop
      vertex 9.6946 -11.9392 0
      vertex 10.0353 -11.8637 3
      vertex 9.6946 -11.9392 3
    endloop
  endfacet
  facet normal 0.216354 -0.976315 0
    outer loop
      vertex 10.0353 -11.8637 3
      vertex 9.6946 -11.9392 0
      vertex 10.0353 -11.8637 0
    endloop
  endfacet
  facet normal 0.923817 -0.382834 0
    outer loop
      vertex 12.6252 -9.69048 3
      vertex 12.7588 -9.36809 0
      vertex 12.7588 -9.36809 3
    endloop
  endfacet
  facet normal 0.923817 -0.382834 0
    outer loop
      vertex 12.7588 -9.36809 0
      vertex 12.6252 -9.69048 3
      vertex 12.6252 -9.69048 0
    endloop
  endfacet
  facet normal -0.675777 -0.737107 0
    outer loop
      vertex -11.8284 -10.8284 0
      vertex -11.5712 -11.0642 3
      vertex -11.8284 -10.8284 3
    endloop
  endfacet
  facet normal -0.675777 -0.737107 -0
    outer loop
      vertex -11.5712 -11.0642 3
      vertex -11.8284 -10.8284 0
      vertex -11.5712 -11.0642 0
    endloop
  endfacet
  facet normal -0.675777 0.737107 0
    outer loop
      vertex -11.5712 11.0642 0
      vertex -11.8284 10.8284 3
      vertex -11.5712 11.0642 3
    endloop
  endfacet
  facet normal -0.675777 0.737107 0
    outer loop
      vertex -11.8284 10.8284 3
      vertex -11.5712 11.0642 0
      vertex -11.8284 10.8284 0
    endloop
  endfacet
  facet normal 0.991426 0.130669 0
    outer loop
      vertex 12.9848 8.34862 3
      vertex 12.9392 8.6946 0
      vertex 12.9392 8.6946 3
    endloop
  endfacet
  facet normal 0.991426 0.130669 0
    outer loop
      vertex 12.9392 8.6946 0
      vertex 12.9848 8.34862 3
      vertex 12.9848 8.34862 0
    endloop
  endfacet
  facet normal -0.130669 -0.991426 0
    outer loop
      vertex -9.6946 -11.9392 0
      vertex -9.34862 -11.9848 3
      vertex -9.6946 -11.9392 3
    endloop
  endfacet
  facet normal -0.130669 -0.991426 -0
    outer loop
      vertex -9.34862 -11.9848 3
      vertex -9.6946 -11.9392 0
      vertex -9.34862 -11.9848 0
    endloop
  endfacet
  facet normal 0.953745 -0.300616 0
    outer loop
      vertex 12.7588 -9.36809 3
      vertex 12.8637 -9.03528 0
      vertex 12.8637 -9.03528 3
    endloop
  endfacet
  facet normal 0.953745 -0.300616 0
    outer loop
      vertex 12.8637 -9.03528 0
      vertex 12.7588 -9.36809 3
      vertex 12.7588 -9.36809 0
    endloop
  endfacet
  facet normal -0.60863 0.793454 0
    outer loop
      vertex -11.2943 11.2766 0
      vertex -11.5712 11.0642 3
      vertex -11.2943 11.2766 3
    endloop
  endfacet
  facet normal -0.60863 0.793454 0
    outer loop
      vertex -11.5712 11.0642 3
      vertex -11.2943 11.2766 0
      vertex -11.5712 11.0642 0
    endloop
  endfacet
  facet normal -0.461714 -0.887029 0
    outer loop
      vertex -11 -11.4641 0
      vertex -10.6905 -11.6252 3
      vertex -11 -11.4641 3
    endloop
  endfacet
  facet normal -0.461714 -0.887029 -0
    outer loop
      vertex -10.6905 -11.6252 3
      vertex -11 -11.4641 0
      vertex -10.6905 -11.6252 0
    endloop
  endfacet
  facet normal -0.216354 0.976315 0
    outer loop
      vertex -9.6946 11.9392 0
      vertex -10.0353 11.8637 3
      vertex -9.6946 11.9392 3
    endloop
  endfacet
  facet normal -0.216354 0.976315 0
    outer loop
      vertex -10.0353 11.8637 3
      vertex -9.6946 11.9392 0
      vertex -10.0353 11.8637 0
    endloop
  endfacet
  facet normal -0.923817 -0.382834 0
    outer loop
      vertex -12.6252 -9.69048 0
      vertex -12.7588 -9.36809 3
      vertex -12.7588 -9.36809 0
    endloop
  endfacet
  facet normal -0.923817 -0.382834 0
    outer loop
      vertex -12.7588 -9.36809 3
      vertex -12.6252 -9.69048 0
      vertex -12.6252 -9.69048 3
    endloop
  endfacet
  facet normal -0.60863 -0.793454 0
    outer loop
      vertex -11.5712 -11.0642 0
      vertex -11.2943 -11.2766 3
      vertex -11.5712 -11.0642 3
    endloop
  endfacet
  facet normal -0.60863 -0.793454 -0
    outer loop
      vertex -11.2943 -11.2766 3
      vertex -11.5712 -11.0642 0
      vertex -11.2943 -11.2766 0
    endloop
  endfacet
  facet normal 1 -0 0
    outer loop
      vertex 13 -8 3
      vertex 13 8 0
      vertex 13 8 3
    endloop
  endfacet
  facet normal 1 0 0
    outer loop
      vertex 13 8 0
      vertex 13 -8 3
      vertex 13 -8 0
    endloop
  endfacet
  facet normal -0.887041 -0.46169 0
    outer loop
      vertex -12.4641 -10 0
      vertex -12.6252 -9.69048 3
      vertex -12.6252 -9.69048 0
    endloop
  endfacet
  facet normal -0.887041 -0.46169 0
    outer loop
      vertex -12.6252 -9.69048 3
      vertex -12.4641 -10 0
      vertex -12.4641 -10 3
    endloop
  endfacet
  facet normal -0.999051 0.0435591 0
    outer loop
      vertex -13 8 0
      vertex -12.9848 8.34862 3
      vertex -12.9848 8.34862 0
    endloop
  endfacet
  facet normal -0.999051 0.0435591 0
    outer loop
      vertex -12.9848 8.34862 3
      vertex -13 8 0
      vertex -13 8 3
    endloop
  endfacet
  facet normal 0.675777 -0.737107 0
    outer loop
      vertex 11.5712 -11.0642 0
      vertex 11.8284 -10.8284 3
      vertex 11.5712 -11.0642 3
    endloop
  endfacet
  facet normal 0.675777 -0.737107 0
    outer loop
      vertex 11.8284 -10.8284 3
      vertex 11.5712 -11.0642 0
      vertex 11.8284 -10.8284 0
    endloop
  endfacet
  facet normal -0.793454 -0.60863 0
    outer loop
      vertex -12.0642 -10.5712 0
      vertex -12.2766 -10.2943 3
      vertex -12.2766 -10.2943 0
    endloop
  endfacet
  facet normal -0.793454 -0.60863 0
    outer loop
      vertex -12.2766 -10.2943 3
      vertex -12.0642 -10.5712 0
      vertex -12.0642 -10.5712 3
    endloop
  endfacet
  facet normal -0.130669 0.991426 0
    outer loop
      vertex -9.34862 11.9848 0
      vertex -9.6946 11.9392 3
      vertex -9.34862 11.9848 3
    endloop
  endfacet
  facet normal -0.130669 0.991426 0
    outer loop
      vertex -9.6946 11.9392 3
      vertex -9.34862 11.9848 0
      vertex -9.6946 11.9392 0
    endloop
  endfacet
  facet normal -0.53732 0.843378 0
    outer loop
      vertex -11 11.4641 0
      vertex -11.2943 11.2766 3
      vertex -11 11.4641 3
    endloop
  endfacet
  facet normal -0.53732 0.843378 0
    outer loop
      vertex -11.2943 11.2766 3
      vertex -11 11.4641 0
      vertex -11.2943 11.2766 0
    endloop
  endfacet
  facet normal -0.953745 -0.300616 0
    outer loop
      vertex -12.7588 -9.36809 0
      vertex -12.8637 -9.03528 3
      vertex -12.8637 -9.03528 0
    endloop
  endfacet
  facet normal -0.953745 -0.300616 0
    outer loop
      vertex -12.8637 -9.03528 3
      vertex -12.7588 -9.36809 0
      vertex -12.7588 -9.36809 3
    endloop
  endfacet
  facet normal -0.976312 0.216366 0
    outer loop
      vertex -12.9392 8.6946 0
      vertex -12.8637 9.03528 3
      vertex -12.8637 9.03528 0
    endloop
  endfacet
  facet normal -0.976312 0.216366 0
    outer loop
      vertex -12.8637 9.03528 3
      vertex -12.9392 8.6946 0
      vertex -12.9392 8.6946 3
    endloop
  endfacet
  facet normal -0.737107 0.675777 0
    outer loop
      vertex -12.0642 10.5712 0
      vertex -11.8284 10.8284 3
      vertex -11.8284 10.8284 0
    endloop
  endfacet
  facet normal -0.737107 0.675777 0
    outer loop
      vertex -11.8284 10.8284 3
      vertex -12.0642 10.5712 0
      vertex -12.0642 10.5712 3
    endloop
  endfacet
  facet normal -0.923817 0.382834 0
    outer loop
      vertex -12.7588 9.36809 0
      vertex -12.6252 9.69048 3
      vertex -12.6252 9.69048 0
    endloop
  endfacet
  facet normal -0.923817 0.382834 0
    outer loop
      vertex -12.6252 9.69048 3
      vertex -12.7588 9.36809 0
      vertex -12.7588 9.36809 3
    endloop
  endfacet
  facet normal 0.300624 0.953743 -0
    outer loop
      vertex 10.3681 11.7588 0
      vertex 10.0353 11.8637 3
      vertex 10.3681 11.7588 3
    endloop
  endfacet
  facet normal 0.300624 0.953743 0
    outer loop
      vertex 10.0353 11.8637 3
      vertex 10.3681 11.7588 0
      vertex 10.0353 11.8637 0
    endloop
  endfacet
  facet normal 0.737107 -0.675777 0
    outer loop
      vertex 11.8284 -10.8284 3
      vertex 12.0642 -10.5712 0
      vertex 12.0642 -10.5712 3
    endloop
  endfacet
  facet normal 0.737107 -0.675777 0
    outer loop
      vertex 12.0642 -10.5712 0
      vertex 11.8284 -10.8284 3
      vertex 11.8284 -10.8284 0
    endloop
  endfacet
  facet normal -0.737107 -0.675777 0
    outer loop
      vertex -11.8284 -10.8284 0
      vertex -12.0642 -10.5712 3
      vertex -12.0642 -10.5712 0
    endloop
  endfacet
  facet normal -0.737107 -0.675777 0
    outer loop
      vertex -12.0642 -10.5712 3
      vertex -11.8284 -10.8284 0
      vertex -11.8284 -10.8284 3
    endloop
  endfacet
  facet normal -0.216354 -0.976315 0
    outer loop
      vertex -10.0353 -11.8637 0
      vertex -9.6946 -11.9392 3
      vertex -10.0353 -11.8637 3
    endloop
  endfacet
  facet normal -0.216354 -0.976315 -0
    outer loop
      vertex -9.6946 -11.9392 3
      vertex -10.0353 -11.8637 0
      vertex -9.6946 -11.9392 0
    endloop
  endfacet
  facet normal 0.60863 -0.793454 0
    outer loop
      vertex 11.2943 -11.2766 0
      vertex 11.5712 -11.0642 3
      vertex 11.2943 -11.2766 3
    endloop
  endfacet
  facet normal 0.60863 -0.793454 0
    outer loop
      vertex 11.5712 -11.0642 3
      vertex 11.2943 -11.2766 0
      vertex 11.5712 -11.0642 0
    endloop
  endfacet
  facet normal 0.923817 0.382834 0
    outer loop
      vertex 12.7588 9.36809 3
      vertex 12.6252 9.69048 0
      vertex 12.6252 9.69048 3
    endloop
  endfacet
  facet normal 0.923817 0.382834 0
    outer loop
      vertex 12.6252 9.69048 0
      vertex 12.7588 9.36809 3
      vertex 12.7588 9.36809 0
    endloop
  endfacet
  facet normal -0.382824 0.923821 0
    outer loop
      vertex -10.3681 11.7588 0
      vertex -10.6905 11.6252 3
      vertex -10.3681 11.7588 3
    endloop
  endfacet
  facet normal -0.382824 0.923821 0
    outer loop
      vertex -10.6905 11.6252 3
      vertex -10.3681 11.7588 0
      vertex -10.6905 11.6252 0
    endloop
  endfacet
  facet normal 0.999051 0.0435591 0
    outer loop
      vertex 13 8 3
      vertex 12.9848 8.34862 0
      vertex 12.9848 8.34862 3
    endloop
  endfacet
  facet normal 0.999051 0.0435591 0
    outer loop
      vertex 12.9848 8.34862 0
      vertex 13 8 3
      vertex 13 8 0
    endloop
  endfacet
  facet normal 0.976312 -0.216366 0
    outer loop
      vertex 12.8637 -9.03528 3
      vertex 12.9392 -8.6946 0
      vertex 12.9392 -8.6946 3
    endloop
  endfacet
  facet normal 0.976312 -0.216366 0
    outer loop
      vertex 12.9392 -8.6946 0
      vertex 12.8637 -9.03528 3
      vertex 12.8637 -9.03528 0
    endloop
  endfacet
  facet normal -0.461714 0.887029 0
    outer loop
      vertex -10.6905 11.6252 0
      vertex -11 11.4641 3
      vertex -10.6905 11.6252 3
    endloop
  endfacet
  facet normal -0.461714 0.887029 0
    outer loop
      vertex -11 11.4641 3
      vertex -10.6905 11.6252 0
      vertex -11 11.4641 0
    endloop
  endfacet
  facet normal 0.737107 0.675777 0
    outer loop
      vertex 12.0642 10.5712 3
      vertex 11.8284 10.8284 0
      vertex 11.8284 10.8284 3
    endloop
  endfacet
  facet normal 0.737107 0.675777 0
    outer loop
      vertex 11.8284 10.8284 0
      vertex 12.0642 10.5712 3
      vertex 12.0642 10.5712 0
    endloop
  endfacet
  facet normal 0.887041 0.46169 0
    outer loop
      vertex 12.6252 9.69048 3
      vertex 12.4641 10 0
      vertex 12.4641 10 3
    endloop
  endfacet
  facet normal 0.887041 0.46169 0
    outer loop
      vertex 12.4641 10 0
      vertex 12.6252 9.69048 3
      vertex 12.6252 9.69048 0
    endloop
  endfacet
  facet normal -0.976312 -0.216366 0
    outer loop
      vertex -12.8637 -9.03528 0
      vertex -12.9392 -8.6946 3
      vertex -12.9392 -8.6946 0
    endloop
  endfacet
  facet normal -0.976312 -0.216366 0
    outer loop
      vertex -12.9392 -8.6946 3
      vertex -12.8637 -9.03528 0
      vertex -12.8637 -9.03528 3
    endloop
  endfacet
  facet normal -0.991426 -0.130669 0
    outer loop
      vertex -12.9392 -8.6946 0
      vertex -12.9848 -8.34862 3
      vertex -12.9848 -8.34862 0
    endloop
  endfacet
  facet normal -0.991426 -0.130669 0
    outer loop
      vertex -12.9848 -8.34862 3
      vertex -12.9392 -8.6946 0
      vertex -12.9392 -8.6946 3
    endloop
  endfacet
  facet normal -0.300624 -0.953743 0
    outer loop
      vertex -10.3681 -11.7588 0
      vertex -10.0353 -11.8637 3
      vertex -10.3681 -11.7588 3
    endloop
  endfacet
  facet normal -0.300624 -0.953743 -0
    outer loop
      vertex -10.0353 -11.8637 3
      vertex -10.3681 -11.7588 0
      vertex -10.0353 -11.8637 0
    endloop
  endfacet
  facet normal -0.0435591 -0.999051 0
    outer loop
      vertex -9.34862 -11.9848 0
      vertex -9 -12 3
      vertex -9.34862 -11.9848 3
    endloop
  endfacet
  facet normal -0.0435591 -0.999051 -0
    outer loop
      vertex -9 -12 3
      vertex -9.34862 -11.9848 0
      vertex -9 -12 0
    endloop
  endfacet
  facet normal 0.953745 0.300616 0
    outer loop
      vertex 12.8637 9.03528 3
      vertex 12.7588 9.36809 0
      vertex 12.7588 9.36809 3
    endloop
  endfacet
  facet normal 0.953745 0.300616 0
    outer loop
      vertex 12.7588 9.36809 0
      vertex 12.8637 9.03528 3
      vertex 12.8637 9.03528 0
    endloop
  endfacet
  facet normal -1 0 0
    outer loop
      vertex -13 -8 0
      vertex -13 8 3
      vertex -13 8 0
    endloop
  endfacet
  facet normal -1 -0 0
    outer loop
      vertex -13 8 3
      vertex -13 -8 0
      vertex -13 -8 3
    endloop
  endfacet
  facet normal -0.382824 -0.923821 0
    outer loop
      vertex -10.6905 -11.6252 0
      vertex -10.3681 -11.7588 3
      vertex -10.6905 -11.6252 3
    endloop
  endfacet
  facet normal -0.382824 -0.923821 -0
    outer loop
      vertex -10.3681 -11.7588 3
      vertex -10.6905 -11.6252 0
      vertex -10.3681 -11.7588 0
    endloop
  endfacet
  facet normal -0.843378 -0.53732 0
    outer loop
      vertex -12.2766 -10.2943 0
      vertex -12.4641 -10 3
      vertex -12.4641 -10 0
    endloop
  endfacet
  facet normal -0.843378 -0.53732 0
    outer loop
      vertex -12.4641 -10 3
      vertex -12.2766 -10.2943 0
      vertex -12.2766 -10.2943 3
    endloop
  endfacet
  facet normal 0.793454 0.60863 0
    outer loop
      vertex 12.2766 10.2943 3
      vertex 12.0642 10.5712 0
      vertex 12.0642 10.5712 3
    endloop
  endfacet
  facet normal 0.793454 0.60863 0
    outer loop
      vertex 12.0642 10.5712 0
      vertex 12.2766 10.2943 3
      vertex 12.2766 10.2943 0
    endloop
  endfacet
  facet normal -0.953745 0.300616 0
    outer loop
      vertex -12.8637 9.03528 0
      vertex -12.7588 9.36809 3
      vertex -12.7588 9.36809 0
    endloop
  endfacet
  facet normal -0.953745 0.300616 0
    outer loop
      vertex -12.7588 9.36809 3
      vertex -12.8637 9.03528 0
      vertex -12.8637 9.03528 3
    endloop
  endfacet
  facet normal 0.843378 0.53732 0
    outer loop
      vertex 12.4641 10 3
      vertex 12.2766 10.2943 0
      vertex 12.2766 10.2943 3
    endloop
  endfacet
  facet normal 0.843378 0.53732 0
    outer loop
      vertex 12.2766 10.2943 0
      vertex 12.4641 10 3
      vertex 12.4641 10 0
    endloop
  endfacet
  facet normal -0.991426 0.130669 0
    outer loop
      vertex -12.9848 8.34862 0
      vertex -12.9392 8.6946 3
      vertex -12.9392 8.6946 0
    endloop
  endfacet
  facet normal -0.991426 0.130669 0
    outer loop
      vertex -12.9392 8.6946 3
      vertex -12.9848 8.34862 0
      vertex -12.9848 8.34862 3
    endloop
  endfacet
  facet normal -0.843378 0.53732 0
    outer loop
      vertex -12.4641 10 0
      vertex -12.2766 10.2943 3
      vertex -12.2766 10.2943 0
    endloop
  endfacet
  facet normal -0.843378 0.53732 0
    outer loop
      vertex -12.2766 10.2943 3
      vertex -12.4641 10 0
      vertex -12.4641 10 3
    endloop
  endfacet
  facet normal -0.793454 0.60863 0
    outer loop
      vertex -12.2766 10.2943 0
      vertex -12.0642 10.5712 3
      vertex -12.0642 10.5712 0
    endloop
  endfacet
  facet normal -0.793454 0.60863 0
    outer loop
      vertex -12.0642 10.5712 3
      vertex -12.2766 10.2943 0
      vertex -12.2766 10.2943 3
    endloop
  endfacet
  facet normal 0.843378 -0.53732 0
    outer loop
      vertex 12.2766 -10.2943 3
      vertex 12.4641 -10 0
      vertex 12.4641 -10 3
    endloop
  endfacet
  facet normal 0.843378 -0.53732 0
    outer loop
      vertex 12.4641 -10 0
      vertex 12.2766 -10.2943 3
      vertex 12.2766 -10.2943 0
    endloop
  endfacet
  facet normal 0 0 -1
    outer loop
      vertex 12.3926 -7.97508 0
      vertex 13 -8 0
      vertex 12.9848 -8.34862 0
    endloop
  endfacet
  facet normal 0 0 -1
    outer loop
      vertex 13 -8 0
      vertex 12.6742 -6.7048 0
      vertex 13 8 0
    endloop
  endfacet
  facet normal 0 0 -1
    outer loop
      vertex 12.2021 -8.20208 0
      vertex 12.9848 -8.34862 0
      vertex 12.9392 -8.6946 0
    endloop
  endfacet
  facet normal 0 0 -1
    outer loop
      vertex 13 -8 0
      vertex 12.6935 -6.85183 0
      vertex 12.6742 -6.7048 0
    endloop
  endfacet
  facet normal 0 0 -1
    outer loop
      vertex 12.0927 -8.30227 0
      vertex 12.9392 -8.6946 0
      vertex 12.8637 -9.03528 0
    endloop
  endfacet
  facet normal 0 0 -1
    outer loop
      vertex 12.6421 -6.56001 0
      vertex 13 8 0
      vertex 12.6742 -6.7048 0
    endloop
  endfacet
  facet normal 0 0 -1
    outer loop
      vertex 11.85 -8.47224 0
      vertex 12.8637 -9.03528 0
      vertex 12.7588 -9.36809 0
    endloop
  endfacet
  facet normal 0 0 -1
    outer loop
      vertex 13 -8 0
      vertex 12.7 -7 0
      vertex 12.6935 -6.85183 0
    endloop
  endfacet
  facet normal 0 0 -1
    outer loop
      vertex 12.5975 -6.41857 0
      vertex 13 8 0
      vertex 12.6421 -6.56001 0
    endloop
  endfacet
  facet normal 0 0 -1
    outer loop
      vertex 13 -8 0
      vertex 12.6935 -7.14816 0
      vertex 12.7 -7 0
    endloop
  endfacet
  facet normal 0 0 -1
    outer loop
      vertex 13 -8 0
      vertex 12.6742 -7.2952 0
      vertex 12.6935 -7.14816 0
    endloop
  endfacet
  facet normal 0 0 -1
    outer loop
      vertex 13 -8 0
      vertex 12.6421 -7.43999 0
      vertex 12.6742 -7.2952 0
    endloop
  endfacet
  facet normal 0 0 -1
    outer loop
      vertex 11.7185 -8.54072 0
      vertex 12.7588 -9.36809 0
      vertex 12.6252 -9.69048 0
    endloop
  endfacet
  facet normal 0 0 -1
    outer loop
      vertex 13 -8 0
      vertex 12.5975 -7.58143 0
      vertex 12.6421 -7.43999 0
    endloop
  endfacet
  facet normal 0 0 -1
    outer loop
      vertex 13 -8 0
      vertex 12.5407 -7.71845 0
      vertex 12.5975 -7.58143 0
    endloop
  endfacet
  facet normal 0 0 -1
    outer loop
      vertex 13 -8 0
      vertex 12.4722 -7.85 0
      vertex 12.5407 -7.71845 0
    endloop
  endfacet
  facet normal 0 0 -1
    outer loop
      vertex 11.5814 -8.59748 0
      vertex 12.6252 -9.69048 0
      vertex 12.4641 -10 0
    endloop
  endfacet
  facet normal 0 0 -1
    outer loop
      vertex 13 -8 0
      vertex 12.3926 -7.97508 0
      vertex 12.4722 -7.85 0
    endloop
  endfacet
  facet normal 0 0 -1
    outer loop
      vertex 12.9848 -8.34862 0
      vertex 12.3023 -8.09274 0
      vertex 12.3926 -7.97508 0
    endloop
  endfacet
  facet normal 0 0 -1
    outer loop
      vertex 11.2952 -8.67417 0
      vertex 12.4641 -10 0
      vertex 12.2766 -10.2943 0
    endloop
  endfacet
  facet normal 0 0 -1
    outer loop
      vertex 12.9848 -8.34862 0
      vertex 12.2021 -8.20208 0
      vertex 12.3023 -8.09274 0
    endloop
  endfacet
  facet normal 0 0 -1
    outer loop
      vertex 12.9392 -8.6946 0
      vertex 12.0927 -8.30227 0
      vertex 12.2021 -8.20208 0
    endloop
  endfacet
  facet normal 0 0 -1
    outer loop
      vertex 11.1482 -8.69353 0
      vertex 12.2766 -10.2943 0
      vertex 12.0642 -10.5712 0
    endloop
  endfacet
  facet normal 0 0 -1
    outer loop
      vertex 12.8637 -9.03528 0
      vertex 11.9751 -8.39256 0
      vertex 12.0927 -8.30227 0
    endloop
  endfacet
  facet normal 0 0 -1
    outer loop
      vertex 12.8637 -9.03528 0
      vertex 11.85 -8.47224 0
      vertex 11.9751 -8.39256 0
    endloop
  endfacet
  facet normal 0 0 -1
    outer loop
      vertex 11 -8.7 0
      vertex 12.0642 -10.5712 0
      vertex 11.8284 -10.8284 0
    endloop
  endfacet
  facet normal 0 0 -1
    outer loop
      vertex 12.7588 -9.36809 0
      vertex 11.7185 -8.54072 0
      vertex 11.85 -8.47224 0
    endloop
  endfacet
  facet normal 0 0 -1
    outer loop
      vertex 12.6252 -9.69048 0
      vertex 11.5814 -8.59748 0
      vertex 11.7185 -8.54072 0
    endloop
  endfacet
  facet normal 0 0 -1
    outer loop
      vertex 11 -8.7 0
      vertex 11.8284 -10.8284 0
      vertex 11.5712 -11.0642 0
    endloop
  endfacet
  facet normal 0 0 -1
    outer loop
      vertex 12.4641 -10 0
      vertex 11.44 -8.64207 0
      vertex 11.5814 -8.59748 0
    endloop
  endfacet
  facet normal 0 0 -1
    outer loop
      vertex 12.4641 -10 0
      vertex 11.2952 -8.67417 0
      vertex 11.44 -8.64207 0
    endloop
  endfacet
  facet normal 0 0 -1
    outer loop
      vertex 11 -8.7 0
      vertex 11.5712 -11.0642 0
      vertex 11.2943 -11.2766 0
    endloop
  endfacet
  facet normal 0 0 -1
    outer loop
      vertex 12.2766 -10.2943 0
      vertex 11.1482 -8.69353 0
      vertex 11.2952 -8.67417 0
    endloop
  endfacet
  facet normal 0 0 -1
    outer loop
      vertex 11 -8.7 0
      vertex 11.2943 -11.2766 0
      vertex 11 -11.4641 0
    endloop
  endfacet
  facet normal 0 0 -1
    outer loop
      vertex 12.0642 -10.5712 0
      vertex 11 -8.7 0
      vertex 11.1482 -8.69353 0
    endloop
  endfacet
  facet normal 0 0 -1
    outer loop
      vertex 10.6905 -11.6252 0
      vertex 11 -8.7 0
      vertex 11 -11.4641 0
    endloop
  endfacet
  facet normal 0 0 -1
    outer loop
      vertex 10.3681 -11.7588 0
      vertex 11 -8.7 0
      vertex 10.6905 -11.6252 0
    endloop
  endfacet
  facet normal 0 0 -1
    outer loop
      vertex 10.0353 -11.8637 0
      vertex 11 -8.7 0
      vertex 10.3681 -11.7588 0
    endloop
  endfacet
  facet normal 0 0 -1
    outer loop
      vertex 9.6946 -11.9392 0
      vertex 11 -8.7 0
      vertex 10.0353 -11.8637 0
    endloop
  endfacet
  facet normal 0 0 -1
    outer loop
      vertex 9.34862 -11.9848 0
      vertex 11 -8.7 0
      vertex 9.6946 -11.9392 0
    endloop
  endfacet
  facet normal 0 0 -1
    outer loop
      vertex 9 -12 0
      vertex 11 -8.7 0
      vertex 9.34862 -11.9848 0
    endloop
  endfacet
  facet normal 0 0 -1
    outer loop
      vertex 9 -12 0
      vertex 3 -8.7 0
      vertex 11 -8.7 0
    endloop
  endfacet
  facet normal 0 0 -1
    outer loop
      vertex 9 -12 0
      vertex 2.85183 -8.69353 0
      vertex 3 -8.7 0
    endloop
  endfacet
  facet normal 0 0 -1
    outer loop
      vertex 9 -12 0
      vertex 2.7048 -8.67417 0
      vertex 2.85183 -8.69353 0
    endloop
  endfacet
  facet normal 0 0 -1
    outer loop
      vertex -2.7048 -8.67417 0
      vertex 2.7048 -8.67417 0
      vertex 9 -12 0
    endloop
  endfacet
  facet normal 0 0 -1
    outer loop
      vertex 2.7048 -8.67417 0
      vertex -2.7048 -8.67417 0
      vertex 2.56001 -8.64207 0
    endloop
  endfacet
  facet normal 0 0 -1
    outer loop
      vertex 2.56001 -8.64207 0
      vertex -2.56001 -8.64207 0
      vertex 2.41857 -8.59748 0
    endloop
  endfacet
  facet normal 0 0 -1
    outer loop
      vertex 1.30647 -7.14816 0
      vertex -1.3 -7 0
      vertex 1.3 -7 0
    endloop
  endfacet
  facet normal 0 0 -1
    outer loop
      vertex -1.30647 -7.14816 0
      vertex 1.30647 -7.14816 0
      vertex 1.32583 -7.2952 0
    endloop
  endfacet
  facet normal 0 0 -1
    outer loop
      vertex -1.32583 -7.2952 0
      vertex 1.32583 -7.2952 0
      vertex 1.35793 -7.43999 0
    endloop
  endfacet
  facet normal 0 0 -1
    outer loop
      vertex -1.35793 -7.43999 0
      vertex 1.35793 -7.43999 0
      vertex 1.40252 -7.58143 0
    endloop
  endfacet
  facet normal 0 0 -1
    outer loop
      vertex -1.40252 -7.58143 0
      vertex 1.40252 -7.58143 0
      vertex 1.45928 -7.71845 0
    endloop
  endfacet
  facet normal 0 0 -1
    outer loop
      vertex -1.45928 -7.71845 0
      vertex 1.45928 -7.71845 0
      vertex 1.52776 -7.85 0
    endloop
  endfacet
  facet normal 0 0 -1
    outer loop
      vertex -1.52776 -7.85 0
      vertex 1.52776 -7.85 0
      vertex 1.60744 -7.97508 0
    endloop
  endfacet
  facet normal 0 0 -1
    outer loop
      vertex -1.60744 -7.97508 0
      vertex 1.60744 -7.97508 0
      vertex 1.69772 -8.09274 0
    endloop
  endfacet
  facet normal 0 0 -1
    outer loop
      vertex -1.69772 -8.09274 0
      vertex 1.69772 -8.09274 0
      vertex 1.79792 -8.20208 0
    endloop
  endfacet
  facet normal 0 0 -1
    outer loop
      vertex -1.79792 -8.20208 0
      vertex 1.79792 -8.20208 0
      vertex 1.90726 -8.30227 0
    endloop
  endfacet
  facet normal 0 0 -1
    outer loop
      vertex -1.90726 -8.30227 0
      vertex 1.90726 -8.30227 0
      vertex 2.02492 -8.39256 0
    endloop
  endfacet
  facet normal 0 0 -1
    outer loop
      vertex -2.02492 -8.39256 0
      vertex 2.02492 -8.39256 0
      vertex 2.15 -8.47224 0
    endloop
  endfacet
  facet normal 0 0 -1
    outer loop
      vertex -2.15 -8.47224 0
      vertex 2.15 -8.47224 0
      vertex 2.28155 -8.54072 0
    endloop
  endfacet
  facet normal 0 -0 -1
    outer loop
      vertex -2.41857 -8.59748 0
      vertex 2.41857 -8.59748 0
      vertex -2.56001 -8.64207 0
    endloop
  endfacet
  facet normal 0 0 -1
    outer loop
      vertex 1.30647 -7.14816 0
      vertex -1.30647 -7.14816 0
      vertex -1.3 -7 0
    endloop
  endfacet
  facet normal 0 0 -1
    outer loop
      vertex 1.32583 -7.2952 0
      vertex -1.32583 -7.2952 0
      vertex -1.30647 -7.14816 0
    endloop
  endfacet
  facet normal 0 0 -1
    outer loop
      vertex 1.35793 -7.43999 0
      vertex -1.35793 -7.43999 0
      vertex -1.32583 -7.2952 0
    endloop
  endfacet
  facet normal 0 0 -1
    outer loop
      vertex 1.40252 -7.58143 0
      vertex -1.40252 -7.58143 0
      vertex -1.35793 -7.43999 0
    endloop
  endfacet
  facet normal 0 0 -1
    outer loop
      vertex 1.45928 -7.71845 0
      vertex -1.45928 -7.71845 0
      vertex -1.40252 -7.58143 0
    endloop
  endfacet
  facet normal 0 0 -1
    outer loop
      vertex 1.52776 -7.85 0
      vertex -1.52776 -7.85 0
      vertex -1.45928 -7.71845 0
    endloop
  endfacet
  facet normal 0 0 -1
    outer loop
      vertex 1.60744 -7.97508 0
      vertex -1.60744 -7.97508 0
      vertex -1.52776 -7.85 0
    endloop
  endfacet
  facet normal 0 0 -1
    outer loop
      vertex 1.69772 -8.09274 0
      vertex -1.69772 -8.09274 0
      vertex -1.60744 -7.97508 0
    endloop
  endfacet
  facet normal 0 0 -1
    outer loop
      vertex 1.79792 -8.20208 0
      vertex -1.79792 -8.20208 0
      vertex -1.69772 -8.09274 0
    endloop
  endfacet
  facet normal 0 0 -1
    outer loop
      vertex 1.90726 -8.30227 0
      vertex -1.90726 -8.30227 0
      vertex -1.79792 -8.20208 0
    endloop
  endfacet
  facet normal 0 0 -1
    outer loop
      vertex 2.02492 -8.39256 0
      vertex -2.02492 -8.39256 0
      vertex -1.90726 -8.30227 0
    endloop
  endfacet
  facet normal 0 0 -1
    outer loop
      vertex 2.15 -8.47224 0
      vertex -2.15 -8.47224 0
      vertex -2.02492 -8.39256 0
    endloop
  endfacet
  facet normal 0 0 -1
    outer loop
      vertex 2.28155 -8.54072 0
      vertex -2.28155 -8.54072 0
      vertex -2.15 -8.47224 0
    endloop
  endfacet
  facet normal -0 0 -1
    outer loop
      vertex 2.28155 -8.54072 0
      vertex -2.41857 -8.59748 0
      vertex -2.28155 -8.54072 0
    endloop
  endfacet
  facet normal 0 0 -1
    outer loop
      vertex 2.41857 -8.59748 0
      vertex -2.41857 -8.59748 0
      vertex 2.28155 -8.54072 0
    endloop
  endfacet
  facet normal -0 0 -1
    outer loop
      vertex 2.56001 -8.64207 0
      vertex -2.7048 -8.67417 0
      vertex -2.56001 -8.64207 0
    endloop
  endfacet
  facet normal 0 0 -1
    outer loop
      vertex -9 -12 0
      vertex -2.7048 -8.67417 0
      vertex 9 -12 0
    endloop
  endfacet
  facet normal 0 0 -1
    outer loop
      vertex -2.7048 -8.67417 0
      vertex -9 -12 0
      vertex -2.85183 -8.69353 0
    endloop
  endfacet
  facet normal 0 0 -1
    outer loop
      vertex -2.85183 -8.69353 0
      vertex -9 -12 0
      vertex -3 -8.7 0
    endloop
  endfacet
  facet normal 0 0 -1
    outer loop
      vertex -11 -8.7 0
      vertex -9 -12 0
      vertex -9.34862 -11.9848 0
    endloop
  endfacet
  facet normal 0 0 -1
    outer loop
      vertex -11 -8.7 0
      vertex -9.34862 -11.9848 0
      vertex -9.6946 -11.9392 0
    endloop
  endfacet
  facet normal 0 0 -1
    outer loop
      vertex -11 -8.7 0
      vertex -9.6946 -11.9392 0
      vertex -10.0353 -11.8637 0
    endloop
  endfacet
  facet normal 0 0 -1
    outer loop
      vertex -11 -8.7 0
      vertex -10.0353 -11.8637 0
      vertex -10.3681 -11.7588 0
    endloop
  endfacet
  facet normal 0 0 -1
    outer loop
      vertex -11 -8.7 0
      vertex -10.3681 -11.7588 0
      vertex -10.6905 -11.6252 0
    endloop
  endfacet
  facet normal 0 0 -1
    outer loop
      vertex -11 -8.7 0
      vertex -10.6905 -11.6252 0
      vertex -11 -11.4641 0
    endloop
  endfacet
  facet normal 0 0 -1
    outer loop
      vertex -9 -12 0
      vertex -11 -8.7 0
      vertex -3 -8.7 0
    endloop
  endfacet
  facet normal 0 0 -1
    outer loop
      vertex -11.2943 -11.2766 0
      vertex -11 -8.7 0
      vertex -11 -11.4641 0
    endloop
  endfacet
  facet normal 0 0 -1
    outer loop
      vertex -11.5712 -11.0642 0
      vertex -11 -8.7 0
      vertex -11.2943 -11.2766 0
    endloop
  endfacet
  facet normal 0 0 -1
    outer loop
      vertex -11.8284 -10.8284 0
      vertex -11 -8.7 0
      vertex -11.5712 -11.0642 0
    endloop
  endfacet
  facet normal 0 0 -1
    outer loop
      vertex -12.0642 -10.5712 0
      vertex -11 -8.7 0
      vertex -11.8284 -10.8284 0
    endloop
  endfacet
  facet normal -0 0 -1
    outer loop
      vertex -11 -8.7 0
      vertex -12.0642 -10.5712 0
      vertex -11.1482 -8.69353 0
    endloop
  endfacet
  facet normal 0 0 -1
    outer loop
      vertex -12.2766 -10.2943 0
      vertex -11.1482 -8.69353 0
      vertex -12.0642 -10.5712 0
    endloop
  endfacet
  facet normal -0 0 -1
    outer loop
      vertex -11.1482 -8.69353 0
      vertex -12.2766 -10.2943 0
      vertex -11.2952 -8.67417 0
    endloop
  endfacet
  facet normal 0 0 -1
    outer loop
      vertex -12.4641 -10 0
      vertex -11.2952 -8.67417 0
      vertex -12.2766 -10.2943 0
    endloop
  endfacet
  facet normal -0 0 -1
    outer loop
      vertex -11.2952 -8.67417 0
      vertex -12.4641 -10 0
      vertex -11.44 -8.64207 0
    endloop
  endfacet
  facet normal -0 0 -1
    outer loop
      vertex -11.44 -8.64207 0
      vertex -12.4641 -10 0
      vertex -11.5814 -8.59748 0
    endloop
  endfacet
  facet normal 0 0 -1
    outer loop
      vertex -12.6252 -9.69048 0
      vertex -11.5814 -8.59748 0
      vertex -12.4641 -10 0
    endloop
  endfacet
  facet normal -0 0 -1
    outer loop
      vertex -11.5814 -8.59748 0
      vertex -12.6252 -9.69048 0
      vertex -11.7185 -8.54072 0
    endloop
  endfacet
  facet normal 0 0 -1
    outer loop
      vertex -12.7588 -9.36809 0
      vertex -11.7185 -8.54072 0
      vertex -12.6252 -9.69048 0
    endloop
  endfacet
  facet normal -0 0 -1
    outer loop
      vertex -11.7185 -8.54072 0
      vertex -12.7588 -9.36809 0
      vertex -11.85 -8.47224 0
    endloop
  endfacet
  facet normal 0 0 -1
    outer loop
      vertex -12.8637 -9.03528 0
      vertex -11.85 -8.47224 0
      vertex -12.7588 -9.36809 0
    endloop
  endfacet
  facet normal -0 0 -1
    outer loop
      vertex -11.85 -8.47224 0
      vertex -12.8637 -9.03528 0
      vertex -11.9751 -8.39256 0
    endloop
  endfacet
  facet normal -0 0 -1
    outer loop
      vertex -11.9751 -8.39256 0
      vertex -12.8637 -9.03528 0
      vertex -12.0927 -8.30227 0
    endloop
  endfacet
  facet normal 0 0 -1
    outer loop
      vertex -12.9392 -8.6946 0
      vertex -12.0927 -8.30227 0
      vertex -12.8637 -9.03528 0
    endloop
  endfacet
  facet normal -0 0 -1
    outer loop
      vertex -12.0927 -8.30227 0
      vertex -12.9392 -8.6946 0
      vertex -12.2021 -8.20208 0
    endloop
  endfacet
  facet normal 0 0 -1
    outer loop
      vertex -12.9848 -8.34862 0
      vertex -12.2021 -8.20208 0
      vertex -12.9392 -8.6946 0
    endloop
  endfacet
  facet normal -0 0 -1
    outer loop
      vertex -12.2021 -8.20208 0
      vertex -12.9848 -8.34862 0
      vertex -12.3023 -8.09274 0
    endloop
  endfacet
  facet normal -0 0 -1
    outer loop
      vertex -12.3023 -8.09274 0
      vertex -12.9848 -8.34862 0
      vertex -12.3926 -7.97508 0
    endloop
  endfacet
  facet normal 0 0 -1
    outer loop
      vertex -13 -8 0
      vertex -12.3926 -7.97508 0
      vertex -12.9848 -8.34862 0
    endloop
  endfacet
  facet normal -0 0 -1
    outer loop
      vertex -12.3926 -7.97508 0
      vertex -13 -8 0
      vertex -12.4722 -7.85 0
    endloop
  endfacet
  facet normal -0 0 -1
    outer loop
      vertex -12.4722 -7.85 0
      vertex -13 -8 0
      vertex -12.5407 -7.71845 0
    endloop
  endfacet
  facet normal -0 0 -1
    outer loop
      vertex -12.5407 -7.71845 0
      vertex -13 -8 0
      vertex -12.5975 -7.58143 0
    endloop
  endfacet
  facet normal 0 0 -1
    outer loop
      vertex 12.5407 -6.28155 0
      vertex 13 8 0
      vertex 12.5975 -6.41857 0
    endloop
  endfacet
  facet normal 0 0 -1
    outer loop
      vertex 12.4722 -6.15 0
      vertex 13 8 0
      vertex 12.5407 -6.28155 0
    endloop
  endfacet
  facet normal 0 0 -1
    outer loop
      vertex 12.3926 -6.02492 0
      vertex 13 8 0
      vertex 12.4722 -6.15 0
    endloop
  endfacet
  facet normal 0 0 -1
    outer loop
      vertex 12.3023 -5.90726 0
      vertex 13 8 0
      vertex 12.3926 -6.02492 0
    endloop
  endfacet
  facet normal 0 0 -1
    outer loop
      vertex 12.2021 -5.79792 0
      vertex 13 8 0
      vertex 12.3023 -5.90726 0
    endloop
  endfacet
  facet normal 0 0 -1
    outer loop
      vertex 12.0927 -5.69772 0
      vertex 13 8 0
      vertex 12.2021 -5.79792 0
    endloop
  endfacet
  facet normal 0 0 -1
    outer loop
      vertex 11.9751 -5.60744 0
      vertex 13 8 0
      vertex 12.0927 -5.69772 0
    endloop
  endfacet
  facet normal 0 0 -1
    outer loop
      vertex 11.85 -5.52776 0
      vertex 13 8 0
      vertex 11.9751 -5.60744 0
    endloop
  endfacet
  facet normal 0 0 -1
    outer loop
      vertex 11.7185 -5.45928 0
      vertex 13 8 0
      vertex 11.85 -5.52776 0
    endloop
  endfacet
  facet normal 0 0 -1
    outer loop
      vertex 11.5814 -5.40252 0
      vertex 13 8 0
      vertex 11.7185 -5.45928 0
    endloop
  endfacet
  facet normal 0 0 -1
    outer loop
      vertex 11.44 -5.35793 0
      vertex 13 8 0
      vertex 11.5814 -5.40252 0
    endloop
  endfacet
  facet normal 0 0 -1
    outer loop
      vertex 11.2952 -5.32583 0
      vertex 13 8 0
      vertex 11.44 -5.35793 0
    endloop
  endfacet
  facet normal 0 0 -1
    outer loop
      vertex 11.1482 -5.30647 0
      vertex 13 8 0
      vertex 11.2952 -5.32583 0
    endloop
  endfacet
  facet normal 0 0 -1
    outer loop
      vertex 11 -5.3 0
      vertex 13 8 0
      vertex 11.1482 -5.30647 0
    endloop
  endfacet
  facet normal 0 0 -1
    outer loop
      vertex 5.29237 4.9743 0
      vertex 13 8 0
      vertex 5.29999 4.79999 0
    endloop
  endfacet
  facet normal 0 0 -1
    outer loop
      vertex 5.26961 5.14728 0
      vertex 13 8 0
      vertex 5.29237 4.9743 0
    endloop
  endfacet
  facet normal 0 0 -1
    outer loop
      vertex 5.17937 5.48402 0
      vertex 13 8 0
      vertex 5.23184 5.31763 0
    endloop
  endfacet
  facet normal 0 0 -1
    outer loop
      vertex 5.11261 5.64522 0
      vertex 13 8 0
      vertex 5.17937 5.48402 0
    endloop
  endfacet
  facet normal -0 0 -1
    outer loop
      vertex 13 8 0
      vertex 5.11261 5.64522 0
      vertex 12.9848 8.34862 0
    endloop
  endfacet
  facet normal -0 0 -1
    outer loop
      vertex 12.9392 8.6946 0
      vertex 5.11261 5.64522 0
      vertex 12.8637 9.03528 0
    endloop
  endfacet
  facet normal -0 0 -1
    outer loop
      vertex 12.8637 9.03528 0
      vertex 5.11261 5.64522 0
      vertex 12.7588 9.36809 0
    endloop
  endfacet
  facet normal -0 0 -1
    outer loop
      vertex 12.9848 8.34862 0
      vertex 5.11261 5.64522 0
      vertex 12.9392 8.6946 0
    endloop
  endfacet
  facet normal -0 0 -1
    outer loop
      vertex 12.7588 9.36809 0
      vertex 5.11261 5.64522 0
      vertex 12.6252 9.69048 0
    endloop
  endfacet
  facet normal 0 0 -1
    outer loop
      vertex 5.23184 5.31763 0
      vertex 13 8 0
      vertex 5.26961 5.14728 0
    endloop
  endfacet
  facet normal 0 0 -1
    outer loop
      vertex 13 8 0
      vertex 11 -5.3 0
      vertex 5.29999 4.79999 0
    endloop
  endfacet
  facet normal -0 0 -1
    outer loop
      vertex 12.6252 9.69048 0
      vertex 5.11261 5.64522 0
      vertex 12.4641 10 0
    endloop
  endfacet
  facet normal -0 0 -1
    outer loop
      vertex 12.4641 10 0
      vertex 5.11261 5.64522 0
      vertex 12.2766 10.2943 0
    endloop
  endfacet
  facet normal -0 0 -1
    outer loop
      vertex 12.2766 10.2943 0
      vertex 5.11261 5.64522 0
      vertex 12.0642 10.5712 0
    endloop
  endfacet
  facet normal -0 0 -1
    outer loop
      vertex 12.0642 10.5712 0
      vertex 5.11261 5.64522 0
      vertex 11.8284 10.8284 0
    endloop
  endfacet
  facet normal -0 0 -1
    outer loop
      vertex 11.8284 10.8284 0
      vertex 5.11261 5.64522 0
      vertex 11.5712 11.0642 0
    endloop
  endfacet
  facet normal -0 0 -1
    outer loop
      vertex 11.5712 11.0642 0
      vertex 5.11261 5.64522 0
      vertex 11.2943 11.2766 0
    endloop
  endfacet
  facet normal -0 0 -1
    outer loop
      vertex 11.2943 11.2766 0
      vertex 5.11261 5.64522 0
      vertex 11 11.4641 0
    endloop
  endfacet
  facet normal 0 0 -1
    outer loop
      vertex 5.29999 4.79999 0
      vertex 11 -5.3 0
      vertex 5.29999 -2.79999 0
    endloop
  endfacet
  facet normal 0 0 -1
    outer loop
      vertex 11 -5.3 0
      vertex 5.29237 -2.9743 0
      vertex 5.29999 -2.79999 0
    endloop
  endfacet
  facet normal 0 0 -1
    outer loop
      vertex 11 -5.3 0
      vertex 5.26961 -3.14728 0
      vertex 5.29237 -2.9743 0
    endloop
  endfacet
  facet normal 0 0 -1
    outer loop
      vertex 11 -5.3 0
      vertex 5.23184 -3.31763 0
      vertex 5.26961 -3.14728 0
    endloop
  endfacet
  facet normal 0 0 -1
    outer loop
      vertex 11 -5.3 0
      vertex 5.17937 -3.48402 0
      vertex 5.23184 -3.31763 0
    endloop
  endfacet
  facet normal 0 0 -1
    outer loop
      vertex 11 -5.3 0
      vertex 5.11261 -3.64522 0
      vertex 5.17937 -3.48402 0
    endloop
  endfacet
  facet normal 0 0 -1
    outer loop
      vertex 11 -5.3 0
      vertex 5.03204 -3.79999 0
      vertex 5.11261 -3.64522 0
    endloop
  endfacet
  facet normal 0 0 -1
    outer loop
      vertex 11 -5.3 0
      vertex 4.93829 -3.94714 0
      vertex 5.03204 -3.79999 0
    endloop
  endfacet
  facet normal 0 0 -1
    outer loop
      vertex 11 -5.3 0
      vertex 4.83208 -4.08556 0
      vertex 4.93829 -3.94714 0
    endloop
  endfacet
  facet normal 0 0 -1
    outer loop
      vertex 11 -5.3 0
      vertex 4.7142 -4.2142 0
      vertex 4.83208 -4.08556 0
    endloop
  endfacet
  facet normal 0 0 -1
    outer loop
      vertex 11 -5.3 0
      vertex 4.58556 -4.33208 0
      vertex 4.7142 -4.2142 0
    endloop
  endfacet
  facet normal 0 0 -1
    outer loop
      vertex 11 -5.3 0
      vertex 4.44714 -4.43829 0
      vertex 4.58556 -4.33208 0
    endloop
  endfacet
  facet normal 0 0 -1
    outer loop
      vertex 11 -5.3 0
      vertex 4.29999 -4.53204 0
      vertex 4.44714 -4.43829 0
    endloop
  endfacet
  facet normal 0 0 -1
    outer loop
      vertex 11 -5.3 0
      vertex 4.14522 -4.61261 0
      vertex 4.29999 -4.53204 0
    endloop
  endfacet
  facet normal 0 0 -1
    outer loop
      vertex 3 -5.3 0
      vertex 4.14522 -4.61261 0
      vertex 11 -5.3 0
    endloop
  endfacet
  facet normal 0 0 -1
    outer loop
      vertex 4.14522 -4.61261 0
      vertex 3 -5.3 0
      vertex 3.98402 -4.67937 0
    endloop
  endfacet
  facet normal 0 0 -1
    outer loop
      vertex 3.98402 -4.67937 0
      vertex 3 -5.3 0
      vertex 3.81763 -4.73184 0
    endloop
  endfacet
  facet normal 0 0 -1
    outer loop
      vertex 3.81763 -4.73184 0
      vertex 3 -5.3 0
      vertex 3.64728 -4.76961 0
    endloop
  endfacet
  facet normal 0 0 -1
    outer loop
      vertex 3.64728 -4.76961 0
      vertex 3 -5.3 0
      vertex 3.4743 -4.79237 0
    endloop
  endfacet
  facet normal 0 0 -1
    outer loop
      vertex 3.4743 -4.79237 0
      vertex 3 -5.3 0
      vertex 3.29999 -4.79999 0
    endloop
  endfacet
  facet normal 0 0 -1
    outer loop
      vertex 2.85183 -5.30647 0
      vertex 3.29999 -4.79999 0
      vertex 3 -5.3 0
    endloop
  endfacet
  facet normal 0 0 -1
    outer loop
      vertex 2.7048 -5.32583 0
      vertex 3.29999 -4.79999 0
      vertex 2.85183 -5.30647 0
    endloop
  endfacet
  facet normal 0 0 -1
    outer loop
      vertex 2.56001 -5.35793 0
      vertex 3.29999 -4.79999 0
      vertex 2.7048 -5.32583 0
    endloop
  endfacet
  facet normal 0 0 -1
    outer loop
      vertex 2.41857 -5.40252 0
      vertex 3.29999 -4.79999 0
      vertex 2.56001 -5.35793 0
    endloop
  endfacet
  facet normal 0 0 -1
    outer loop
      vertex 2.28155 -5.45928 0
      vertex 3.29999 -4.79999 0
      vertex 2.41857 -5.40252 0
    endloop
  endfacet
  facet normal 0 0 -1
    outer loop
      vertex -2.28155 -5.45928 0
      vertex 2.28155 -5.45928 0
      vertex 2.15 -5.52776 0
    endloop
  endfacet
  facet normal 0 0 -1
    outer loop
      vertex -1.3 -7 0
      vertex 1.30647 -6.85183 0
      vertex 1.3 -7 0
    endloop
  endfacet
  facet normal 0 0 -1
    outer loop
      vertex -1.30647 -6.85183 0
      vertex 1.30647 -6.85183 0
      vertex -1.3 -7 0
    endloop
  endfacet
  facet normal 0 0 -1
    outer loop
      vertex 1.30647 -6.85183 0
      vertex -1.30647 -6.85183 0
      vertex 1.32583 -6.7048 0
    endloop
  endfacet
  facet normal 0 0 -1
    outer loop
      vertex -1.32583 -6.7048 0
      vertex 1.32583 -6.7048 0
      vertex -1.30647 -6.85183 0
    endloop
  endfacet
  facet normal 0 0 -1
    outer loop
      vertex 1.32583 -6.7048 0
      vertex -1.32583 -6.7048 0
      vertex 1.35793 -6.56001 0
    endloop
  endfacet
  facet normal 0 0 -1
    outer loop
      vertex -1.35793 -6.56001 0
      vertex 1.35793 -6.56001 0
      vertex -1.32583 -6.7048 0
    endloop
  endfacet
  facet normal 0 0 -1
    outer loop
      vertex 1.35793 -6.56001 0
      vertex -1.35793 -6.56001 0
      vertex 1.40252 -6.41857 0
    endloop
  endfacet
  facet normal 0 0 -1
    outer loop
      vertex -1.40252 -6.41857 0
      vertex 1.40252 -6.41857 0
      vertex -1.35793 -6.56001 0
    endloop
  endfacet
  facet normal 0 0 -1
    outer loop
      vertex 1.40252 -6.41857 0
      vertex -1.40252 -6.41857 0
      vertex 1.45928 -6.28155 0
    endloop
  endfacet
  facet normal 0 0 -1
    outer loop
      vertex -1.45928 -6.28155 0
      vertex 1.45928 -6.28155 0
      vertex -1.40252 -6.41857 0
    endloop
  endfacet
  facet normal 0 0 -1
    outer loop
      vertex 1.45928 -6.28155 0
      vertex -1.45928 -6.28155 0
      vertex 1.52776 -6.15 0
    endloop
  endfacet
  facet normal 0 0 -1
    outer loop
      vertex -1.52776 -6.15 0
      vertex 1.52776 -6.15 0
      vertex -1.45928 -6.28155 0
    endloop
  endfacet
  facet normal 0 0 -1
    outer loop
      vertex 1.52776 -6.15 0
      vertex -1.52776 -6.15 0
      vertex 1.60744 -6.02492 0
    endloop
  endfacet
  facet normal 0 0 -1
    outer loop
      vertex -1.60744 -6.02492 0
      vertex 1.60744 -6.02492 0
      vertex -1.52776 -6.15 0
    endloop
  endfacet
  facet normal 0 0 -1
    outer loop
      vertex 1.60744 -6.02492 0
      vertex -1.60744 -6.02492 0
      vertex 1.69772 -5.90726 0
    endloop
  endfacet
  facet normal 0 0 -1
    outer loop
      vertex -1.69772 -5.90726 0
      vertex 1.69772 -5.90726 0
      vertex -1.60744 -6.02492 0
    endloop
  endfacet
  facet normal 0 0 -1
    outer loop
      vertex 1.69772 -5.90726 0
      vertex -1.69772 -5.90726 0
      vertex 1.79792 -5.79792 0
    endloop
  endfacet
  facet normal 0 0 -1
    outer loop
      vertex -1.79792 -5.79792 0
      vertex 1.79792 -5.79792 0
      vertex -1.69772 -5.90726 0
    endloop
  endfacet
  facet normal 0 0 -1
    outer loop
      vertex 1.79792 -5.79792 0
      vertex -1.79792 -5.79792 0
      vertex 1.90726 -5.69772 0
    endloop
  endfacet
  facet normal 0 0 -1
    outer loop
      vertex -1.90726 -5.69772 0
      vertex 1.90726 -5.69772 0
      vertex -1.79792 -5.79792 0
    endloop
  endfacet
  facet normal 0 0 -1
    outer loop
      vertex 1.90726 -5.69772 0
      vertex -1.90726 -5.69772 0
      vertex 2.02492 -5.60744 0
    endloop
  endfacet
  facet normal 0 0 -1
    outer loop
      vertex -2.02492 -5.60744 0
      vertex 2.02492 -5.60744 0
      vertex -1.90726 -5.69772 0
    endloop
  endfacet
  facet normal 0 0 -1
    outer loop
      vertex 2.02492 -5.60744 0
      vertex -2.02492 -5.60744 0
      vertex 2.15 -5.52776 0
    endloop
  endfacet
  facet normal 0 0 -1
    outer loop
      vertex -2.15 -5.52776 0
      vertex 2.15 -5.52776 0
      vertex -2.02492 -5.60744 0
    endloop
  endfacet
  facet normal 0 0 -1
    outer loop
      vertex -2.28155 -5.45928 0
      vertex 2.15 -5.52776 0
      vertex -2.15 -5.52776 0
    endloop
  endfacet
  facet normal 0 0 -1
    outer loop
      vertex 2.28155 -5.45928 0
      vertex -2.28155 -5.45928 0
      vertex 3.29999 -4.79999 0
    endloop
  endfacet
  facet normal 0 0 -1
    outer loop
      vertex -3.29999 -4.79999 0
      vertex -2.28155 -5.45928 0
      vertex -2.41857 -5.40252 0
    endloop
  endfacet
  facet normal 0 0 -1
    outer loop
      vertex -3.29999 -4.79999 0
      vertex -2.41857 -5.40252 0
      vertex -2.56001 -5.35793 0
    endloop
  endfacet
  facet normal 0 0 -1
    outer loop
      vertex -3.29999 -4.79999 0
      vertex -2.56001 -5.35793 0
      vertex -2.7048 -5.32583 0
    endloop
  endfacet
  facet normal 0 0 -1
    outer loop
      vertex -3.29999 -4.79999 0
      vertex -2.7048 -5.32583 0
      vertex -2.85183 -5.30647 0
    endloop
  endfacet
  facet normal 0 0 -1
    outer loop
      vertex -3.29999 -4.79999 0
      vertex -2.85183 -5.30647 0
      vertex -3 -5.3 0
    endloop
  endfacet
  facet normal 0 0 -1
    outer loop
      vertex -2.28155 -5.45928 0
      vertex -3.29999 -4.79999 0
      vertex 3.29999 -4.79999 0
    endloop
  endfacet
  facet normal 0 0 -1
    outer loop
      vertex -3 -5.3 0
      vertex -3.4743 -4.79237 0
      vertex -3.29999 -4.79999 0
    endloop
  endfacet
  facet normal 0 0 -1
    outer loop
      vertex -3 -5.3 0
      vertex -3.64728 -4.76961 0
      vertex -3.4743 -4.79237 0
    endloop
  endfacet
  facet normal 0 0 -1
    outer loop
      vertex -3 -5.3 0
      vertex -3.81763 -4.73184 0
      vertex -3.64728 -4.76961 0
    endloop
  endfacet
  facet normal 0 0 -1
    outer loop
      vertex -3 -5.3 0
      vertex -3.98402 -4.67937 0
      vertex -3.81763 -4.73184 0
    endloop
  endfacet
  facet normal 0 0 -1
    outer loop
      vertex -3 -5.3 0
      vertex -4.14522 -4.61261 0
      vertex -3.98402 -4.67937 0
    endloop
  endfacet
  facet normal 0 0 -1
    outer loop
      vertex -11 -5.3 0
      vertex -4.14522 -4.61261 0
      vertex -3 -5.3 0
    endloop
  endfacet
  facet normal 0 0 -1
    outer loop
      vertex -11 -5.3 0
      vertex -5.29999 4.79999 0
      vertex -5.29999 -2.79999 0
    endloop
  endfacet
  facet normal 0 0 -1
    outer loop
      vertex -11 -5.3 0
      vertex -5.29999 -2.79999 0
      vertex -5.29237 -2.9743 0
    endloop
  endfacet
  facet normal 0 0 -1
    outer loop
      vertex -11 -5.3 0
      vertex -5.29237 -2.9743 0
      vertex -5.26961 -3.14728 0
    endloop
  endfacet
  facet normal 0 0 -1
    outer loop
      vertex -11 -5.3 0
      vertex -5.26961 -3.14728 0
      vertex -5.23184 -3.31763 0
    endloop
  endfacet
  facet normal 0 0 -1
    outer loop
      vertex -5.29999 4.79999 0
      vertex -13 8 0
      vertex -9 12 0
    endloop
  endfacet
  facet normal 0 0 -1
    outer loop
      vertex -9 12 0
      vertex -13 8 0
      vertex -9.34862 11.9848 0
    endloop
  endfacet
  facet normal 0 0 -1
    outer loop
      vertex -9.34862 11.9848 0
      vertex -13 8 0
      vertex -9.6946 11.9392 0
    endloop
  endfacet
  facet normal 0 0 -1
    outer loop
      vertex -11 -5.3 0
      vertex -5.23184 -3.31763 0
      vertex -5.17937 -3.48402 0
    endloop
  endfacet
  facet normal 0 0 -1
    outer loop
      vertex -9.6946 11.9392 0
      vertex -13 8 0
      vertex -10.0353 11.8637 0
    endloop
  endfacet
  facet normal 0 0 -1
    outer loop
      vertex -10.0353 11.8637 0
      vertex -13 8 0
      vertex -10.3681 11.7588 0
    endloop
  endfacet
  facet normal -0 0 -1
    outer loop
      vertex -4.14522 -4.61261 0
      vertex -11 -5.3 0
      vertex -4.29999 -4.53204 0
    endloop
  endfacet
  facet normal 0 0 -1
    outer loop
      vertex -11 -5.3 0
      vertex -4.44714 -4.43829 0
      vertex -4.29999 -4.53204 0
    endloop
  endfacet
  facet normal 0 0 -1
    outer loop
      vertex -11 -5.3 0
      vertex -4.58556 -4.33208 0
      vertex -4.44714 -4.43829 0
    endloop
  endfacet
  facet normal 0 0 -1
    outer loop
      vertex -11 -5.3 0
      vertex -4.7142 -4.2142 0
      vertex -4.58556 -4.33208 0
    endloop
  endfacet
  facet normal 0 0 -1
    outer loop
      vertex -11 -5.3 0
      vertex -4.83208 -4.08556 0
      vertex -4.7142 -4.2142 0
    endloop
  endfacet
  facet normal 0 0 -1
    outer loop
      vertex -11 -5.3 0
      vertex -4.93829 -3.94714 0
      vertex -4.83208 -4.08556 0
    endloop
  endfacet
  facet normal 0 0 -1
    outer loop
      vertex -11 -5.3 0
      vertex -5.03204 -3.79999 0
      vertex -4.93829 -3.94714 0
    endloop
  endfacet
  facet normal 0 0 -1
    outer loop
      vertex -11 -5.3 0
      vertex -5.11261 -3.64522 0
      vertex -5.03204 -3.79999 0
    endloop
  endfacet
  facet normal 0 0 -1
    outer loop
      vertex -11 -5.3 0
      vertex -5.17937 -3.48402 0
      vertex -5.11261 -3.64522 0
    endloop
  endfacet
  facet normal -0 0 -1
    outer loop
      vertex -5.29999 4.79999 0
      vertex -11 -5.3 0
      vertex -13 8 0
    endloop
  endfacet
  facet normal 0 0 -1
    outer loop
      vertex -10.3681 11.7588 0
      vertex -13 8 0
      vertex -10.6905 11.6252 0
    endloop
  endfacet
  facet normal 0 0 -1
    outer loop
      vertex -13 8 0
      vertex -11 -5.3 0
      vertex -11.1482 -5.30647 0
    endloop
  endfacet
  facet normal 0 0 -1
    outer loop
      vertex -10.6905 11.6252 0
      vertex -13 8 0
      vertex -11 11.4641 0
    endloop
  endfacet
  facet normal 0 0 -1
    outer loop
      vertex -13 8 0
      vertex -11.1482 -5.30647 0
      vertex -11.2952 -5.32583 0
    endloop
  endfacet
  facet normal 0 0 -1
    outer loop
      vertex -13 8 0
      vertex -11.2952 -5.32583 0
      vertex -11.44 -5.35793 0
    endloop
  endfacet
  facet normal 0 0 -1
    outer loop
      vertex -11 11.4641 0
      vertex -13 8 0
      vertex -11.2943 11.2766 0
    endloop
  endfacet
  facet normal 0 0 -1
    outer loop
      vertex -13 8 0
      vertex -11.44 -5.35793 0
      vertex -11.5814 -5.40252 0
    endloop
  endfacet
  facet normal 0 0 -1
    outer loop
      vertex -13 8 0
      vertex -11.5814 -5.40252 0
      vertex -11.7185 -5.45928 0
    endloop
  endfacet
  facet normal 0 0 -1
    outer loop
      vertex -11.2943 11.2766 0
      vertex -13 8 0
      vertex -11.5712 11.0642 0
    endloop
  endfacet
  facet normal 0 0 -1
    outer loop
      vertex -13 8 0
      vertex -11.7185 -5.45928 0
      vertex -11.85 -5.52776 0
    endloop
  endfacet
  facet normal 0 0 -1
    outer loop
      vertex -13 8 0
      vertex -11.85 -5.52776 0
      vertex -11.9751 -5.60744 0
    endloop
  endfacet
  facet normal 0 0 -1
    outer loop
      vertex -11.5712 11.0642 0
      vertex -13 8 0
      vertex -11.8284 10.8284 0
    endloop
  endfacet
  facet normal 0 0 -1
    outer loop
      vertex -13 8 0
      vertex -11.9751 -5.60744 0
      vertex -12.0927 -5.69772 0
    endloop
  endfacet
  facet normal 0 0 -1
    outer loop
      vertex -13 8 0
      vertex -12.0927 -5.69772 0
      vertex -12.2021 -5.79792 0
    endloop
  endfacet
  facet normal 0 0 -1
    outer loop
      vertex -11.8284 10.8284 0
      vertex -13 8 0
      vertex -12.0642 10.5712 0
    endloop
  endfacet
  facet normal 0 0 -1
    outer loop
      vertex -13 8 0
      vertex -12.2021 -5.79792 0
      vertex -12.3023 -5.90726 0
    endloop
  endfacet
  facet normal 0 0 -1
    outer loop
      vertex -13 8 0
      vertex -12.3023 -5.90726 0
      vertex -12.3926 -6.02492 0
    endloop
  endfacet
  facet normal 0 0 -1
    outer loop
      vertex -12.0642 10.5712 0
      vertex -13 8 0
      vertex -12.2766 10.2943 0
    endloop
  endfacet
  facet normal 0 0 -1
    outer loop
      vertex -13 8 0
      vertex -12.3926 -6.02492 0
      vertex -12.4722 -6.15 0
    endloop
  endfacet
  facet normal 0 0 -1
    outer loop
      vertex -13 8 0
      vertex -12.4722 -6.15 0
      vertex -12.5407 -6.28155 0
    endloop
  endfacet
  facet normal 0 0 -1
    outer loop
      vertex -13 8 0
      vertex -12.5407 -6.28155 0
      vertex -12.5975 -6.41857 0
    endloop
  endfacet
  facet normal 0 0 -1
    outer loop
      vertex -12.2766 10.2943 0
      vertex -13 8 0
      vertex -12.4641 10 0
    endloop
  endfacet
  facet normal 0 0 -1
    outer loop
      vertex -13 8 0
      vertex -12.5975 -6.41857 0
      vertex -12.6421 -6.56001 0
    endloop
  endfacet
  facet normal 0 0 -1
    outer loop
      vertex -13 8 0
      vertex -12.6421 -6.56001 0
      vertex -12.6742 -6.7048 0
    endloop
  endfacet
  facet normal 0 0 -1
    outer loop
      vertex -13 -8 0
      vertex -12.6742 -6.7048 0
      vertex -12.6935 -6.85183 0
    endloop
  endfacet
  facet normal 0 0 -1
    outer loop
      vertex -13 -8 0
      vertex -12.6935 -6.85183 0
      vertex -12.7 -7 0
    endloop
  endfacet
  facet normal -0 0 -1
    outer loop
      vertex -12.5975 -7.58143 0
      vertex -13 -8 0
      vertex -12.6421 -7.43999 0
    endloop
  endfacet
  facet normal -0 0 -1
    outer loop
      vertex -12.6742 -6.7048 0
      vertex -13 -8 0
      vertex -13 8 0
    endloop
  endfacet
  facet normal -0 0 -1
    outer loop
      vertex -12.6421 -7.43999 0
      vertex -13 -8 0
      vertex -12.6742 -7.2952 0
    endloop
  endfacet
  facet normal 0 0 -1
    outer loop
      vertex -12.4641 10 0
      vertex -13 8 0
      vertex -12.6252 9.69048 0
    endloop
  endfacet
  facet normal -0 0 -1
    outer loop
      vertex -12.6742 -7.2952 0
      vertex -13 -8 0
      vertex -12.6935 -7.14816 0
    endloop
  endfacet
  facet normal 0 0 -1
    outer loop
      vertex -12.6252 9.69048 0
      vertex -13 8 0
      vertex -12.7588 9.36809 0
    endloop
  endfacet
  facet normal -0 0 -1
    outer loop
      vertex -12.6935 -7.14816 0
      vertex -13 -8 0
      vertex -12.7 -7 0
    endloop
  endfacet
  facet normal 0 0 -1
    outer loop
      vertex -12.7588 9.36809 0
      vertex -13 8 0
      vertex -12.8637 9.03528 0
    endloop
  endfacet
  facet normal 0 0 -1
    outer loop
      vertex -12.8637 9.03528 0
      vertex -13 8 0
      vertex -12.9392 8.6946 0
    endloop
  endfacet
  facet normal 0 0 -1
    outer loop
      vertex -12.9392 8.6946 0
      vertex -13 8 0
      vertex -12.9848 8.34862 0
    endloop
  endfacet
  facet normal -0 0 -1
    outer loop
      vertex 11 11.4641 0
      vertex 5.11261 5.64522 0
      vertex 10.6905 11.6252 0
    endloop
  endfacet
  facet normal -0 0 -1
    outer loop
      vertex 10.6905 11.6252 0
      vertex 5.11261 5.64522 0
      vertex 10.3681 11.7588 0
    endloop
  endfacet
  facet normal -0 0 -1
    outer loop
      vertex 10.3681 11.7588 0
      vertex 5.11261 5.64522 0
      vertex 10.0353 11.8637 0
    endloop
  endfacet
  facet normal -0 0 -1
    outer loop
      vertex 10.0353 11.8637 0
      vertex 5.11261 5.64522 0
      vertex 9.6946 11.9392 0
    endloop
  endfacet
  facet normal -0 0 -1
    outer loop
      vertex 9.6946 11.9392 0
      vertex 5.11261 5.64522 0
      vertex 9.34862 11.9848 0
    endloop
  endfacet
  facet normal -0 0 -1
    outer loop
      vertex 9.34862 11.9848 0
      vertex 5.11261 5.64522 0
      vertex 9 12 0
    endloop
  endfacet
  facet normal 0 0 -1
    outer loop
      vertex 5.03204 5.79999 0
      vertex 9 12 0
      vertex 5.11261 5.64522 0
    endloop
  endfacet
  facet normal 0 0 -1
    outer loop
      vertex 4.93829 5.94714 0
      vertex 9 12 0
      vertex 5.03204 5.79999 0
    endloop
  endfacet
  facet normal 0 0 -1
    outer loop
      vertex 4.83208 6.08556 0
      vertex 9 12 0
      vertex 4.93829 5.94714 0
    endloop
  endfacet
  facet normal 0 0 -1
    outer loop
      vertex 4.7142 6.2142 0
      vertex 9 12 0
      vertex 4.83208 6.08556 0
    endloop
  endfacet
  facet normal 0 0 -1
    outer loop
      vertex 4.58556 6.33208 0
      vertex 9 12 0
      vertex 4.7142 6.2142 0
    endloop
  endfacet
  facet normal 0 0 -1
    outer loop
      vertex 4.44714 6.43829 0
      vertex 9 12 0
      vertex 4.58556 6.33208 0
    endloop
  endfacet
  facet normal 0 0 -1
    outer loop
      vertex 4.29999 6.53204 0
      vertex 9 12 0
      vertex 4.44714 6.43829 0
    endloop
  endfacet
  facet normal 0 0 -1
    outer loop
      vertex 4.14522 6.61261 0
      vertex 9 12 0
      vertex 4.29999 6.53204 0
    endloop
  endfacet
  facet normal 0 0 -1
    outer loop
      vertex 3.98402 6.67937 0
      vertex 9 12 0
      vertex 4.14522 6.61261 0
    endloop
  endfacet
  facet normal 0 0 -1
    outer loop
      vertex 3.81763 6.73184 0
      vertex 9 12 0
      vertex 3.98402 6.67937 0
    endloop
  endfacet
  facet normal 0 0 -1
    outer loop
      vertex 3.64728 6.76961 0
      vertex 9 12 0
      vertex 3.81763 6.73184 0
    endloop
  endfacet
  facet normal 0 0 -1
    outer loop
      vertex 3.4743 6.79237 0
      vertex 9 12 0
      vertex 3.64728 6.76961 0
    endloop
  endfacet
  facet normal 0 0 -1
    outer loop
      vertex 3.29999 6.79999 0
      vertex 9 12 0
      vertex 3.4743 6.79237 0
    endloop
  endfacet
  facet normal 0 0 -1
    outer loop
      vertex -3.29999 6.79999 0
      vertex 9 12 0
      vertex 3.29999 6.79999 0
    endloop
  endfacet
  facet normal 0 0 -1
    outer loop
      vertex -9 12 0
      vertex -3.29999 6.79999 0
      vertex -3.4743 6.79237 0
    endloop
  endfacet
  facet normal 0 0 -1
    outer loop
      vertex -9 12 0
      vertex -3.4743 6.79237 0
      vertex -3.64728 6.76961 0
    endloop
  endfacet
  facet normal 0 0 -1
    outer loop
      vertex -9 12 0
      vertex -3.64728 6.76961 0
      vertex -3.81763 6.73184 0
    endloop
  endfacet
  facet normal 0 0 -1
    outer loop
      vertex -9 12 0
      vertex -3.81763 6.73184 0
      vertex -3.98402 6.67937 0
    endloop
  endfacet
  facet normal 0 0 -1
    outer loop
      vertex -3.29999 6.79999 0
      vertex -9 12 0
      vertex 9 12 0
    endloop
  endfacet
  facet normal 0 0 -1
    outer loop
      vertex -4.14522 6.61261 0
      vertex -9 12 0
      vertex -3.98402 6.67937 0
    endloop
  endfacet
  facet normal 0 0 -1
    outer loop
      vertex -4.29999 6.53204 0
      vertex -9 12 0
      vertex -4.14522 6.61261 0
    endloop
  endfacet
  facet normal 0 0 -1
    outer loop
      vertex -4.44714 6.43829 0
      vertex -9 12 0
      vertex -4.29999 6.53204 0
    endloop
  endfacet
  facet normal 0 0 -1
    outer loop
      vertex -4.58556 6.33208 0
      vertex -9 12 0
      vertex -4.44714 6.43829 0
    endloop
  endfacet
  facet normal 0 0 -1
    outer loop
      vertex -4.7142 6.2142 0
      vertex -9 12 0
      vertex -4.58556 6.33208 0
    endloop
  endfacet
  facet normal 0 0 -1
    outer loop
      vertex -4.83208 6.08556 0
      vertex -9 12 0
      vertex -4.7142 6.2142 0
    endloop
  endfacet
  facet normal 0 0 -1
    outer loop
      vertex -4.93829 5.94714 0
      vertex -9 12 0
      vertex -4.83208 6.08556 0
    endloop
  endfacet
  facet normal 0 0 -1
    outer loop
      vertex -5.03204 5.79999 0
      vertex -9 12 0
      vertex -4.93829 5.94714 0
    endloop
  endfacet
  facet normal 0 0 -1
    outer loop
      vertex -5.11261 5.64522 0
      vertex -9 12 0
      vertex -5.03204 5.79999 0
    endloop
  endfacet
  facet normal 0 0 -1
    outer loop
      vertex -5.17937 5.48402 0
      vertex -9 12 0
      vertex -5.11261 5.64522 0
    endloop
  endfacet
  facet normal 0 0 -1
    outer loop
      vertex -5.23184 5.31763 0
      vertex -9 12 0
      vertex -5.17937 5.48402 0
    endloop
  endfacet
  facet normal 0 0 -1
    outer loop
      vertex -5.26961 5.14728 0
      vertex -9 12 0
      vertex -5.23184 5.31763 0
    endloop
  endfacet
  facet normal 0 0 -1
    outer loop
      vertex -5.29237 4.9743 0
      vertex -9 12 0
      vertex -5.26961 5.14728 0
    endloop
  endfacet
  facet normal 0 0 -1
    outer loop
      vertex -9 12 0
      vertex -5.29237 4.9743 0
      vertex -5.29999 4.79999 0
    endloop
  endfacet
  facet normal 0 1 -0
    outer loop
      vertex 8.3 9.3 3
      vertex -8.3 9.3 8.5
      vertex 8.3 9.3 8.5
    endloop
  endfacet
  facet normal 0 1 0
    outer loop
      vertex -8.3 9.3 8.5
      vertex 8.3 9.3 3
      vertex -8.3 9.3 3
    endloop
  endfacet
  facet normal 0 -1 0
    outer loop
      vertex -6.3 7.3 3
      vertex 6.3 7.3 8.5
      vertex -6.3 7.3 8.5
    endloop
  endfacet
  facet normal 0 -1 -0
    outer loop
      vertex 6.3 7.3 8.5
      vertex -6.3 7.3 3
      vertex 6.3 7.3 3
    endloop
  endfacet
  facet normal 0.991496 0.130141 0
    outer loop
      vertex -12.6742 -7.2952 3
      vertex -12.6935 -7.14816 0
      vertex -12.6935 -7.14816 3
    endloop
  endfacet
  facet normal 0.991496 0.130141 0
    outer loop
      vertex -12.6935 -7.14816 0
      vertex -12.6742 -7.2952 3
      vertex -12.6742 -7.2952 0
    endloop
  endfacet
  facet normal 0.923774 0.382939 0
    outer loop
      vertex -12.5407 -7.71845 3
      vertex -12.5975 -7.58143 0
      vertex -12.5975 -7.58143 3
    endloop
  endfacet
  facet normal 0.923774 0.382939 0
    outer loop
      vertex -12.5975 -7.58143 0
      vertex -12.5407 -7.71845 3
      vertex -12.5407 -7.71845 0
    endloop
  endfacet
  facet normal 0.999039 0.0438293 0
    outer loop
      vertex -12.6935 -7.14816 3
      vertex -12.7 -7 0
      vertex -12.7 -7 3
    endloop
  endfacet
  facet normal 0.999039 0.0438293 0
    outer loop
      vertex -12.7 -7 0
      vertex -12.6935 -7.14816 3
      vertex -12.6935 -7.14816 0
    endloop
  endfacet
  facet normal 0 -1 0
    outer loop
      vertex -11 -5.3 0
      vertex -8.3 -5.3 3
      vertex -11 -5.3 3
    endloop
  endfacet
  facet normal 0 -1 -0
    outer loop
      vertex -8.3 -5.3 3
      vertex -11 -5.3 0
      vertex -6.3 -5.3 3
    endloop
  endfacet
  facet normal 0 -1 0
    outer loop
      vertex -3 -5.3 0
      vertex -6.3 -5.3 3
      vertex -11 -5.3 0
    endloop
  endfacet
  facet normal 0 -1 0
    outer loop
      vertex -6.3 -5.3 3
      vertex -3 -5.3 0
      vertex -3 -5.3 3
    endloop
  endfacet
  facet normal 0 -1 0
    outer loop
      vertex -8.3 -5.3 3
      vertex -6.3 -5.3 3.2
      vertex -8.3 -5.3 3.2
    endloop
  endfacet
  facet normal 0 -1 -0
    outer loop
      vertex -6.3 -5.3 3.2
      vertex -8.3 -5.3 3
      vertex -6.3 -5.3 3
    endloop
  endfacet
  facet normal -0.216445 -0.976295 0
    outer loop
      vertex -2.7048 -5.32583 0
      vertex -2.56001 -5.35793 3
      vertex -2.7048 -5.32583 3
    endloop
  endfacet
  facet normal -0.216445 -0.976295 -0
    outer loop
      vertex -2.56001 -5.35793 3
      vertex -2.7048 -5.32583 0
      vertex -2.56001 -5.35793 0
    endloop
  endfacet
  facet normal -0.130547 -0.991442 0
    outer loop
      vertex -2.85183 -5.30647 0
      vertex -2.7048 -5.32583 3
      vertex -2.85183 -5.30647 3
    endloop
  endfacet
  facet normal -0.130547 -0.991442 -0
    outer loop
      vertex -2.7048 -5.32583 3
      vertex -2.85183 -5.30647 0
      vertex -2.7048 -5.32583 0
    endloop
  endfacet
  facet normal -0.0436245 -0.999048 0
    outer loop
      vertex -3 -5.3 0
      vertex -2.85183 -5.30647 3
      vertex -3 -5.3 3
    endloop
  endfacet
  facet normal -0.0436245 -0.999048 -0
    outer loop
      vertex -2.85183 -5.30647 3
      vertex -3 -5.3 0
      vertex -2.85183 -5.30647 0
    endloop
  endfacet
  facet normal -0.608746 -0.793365 0
    outer loop
      vertex -2.02492 -5.60744 0
      vertex -1.90726 -5.69772 3
      vertex -2.02492 -5.60744 3
    endloop
  endfacet
  facet normal -0.608746 -0.793365 -0
    outer loop
      vertex -1.90726 -5.69772 3
      vertex -2.02492 -5.60744 0
      vertex -1.90726 -5.69772 0
    endloop
  endfacet
  facet normal 0.84365 -0.536893 0
    outer loop
      vertex -12.4722 -6.15 3
      vertex -12.3926 -6.02492 0
      vertex -12.3926 -6.02492 3
    endloop
  endfacet
  facet normal 0.84365 -0.536893 0
    outer loop
      vertex -12.3926 -6.02492 0
      vertex -12.4722 -6.15 3
      vertex -12.4722 -6.15 0
    endloop
  endfacet
  facet normal 0.923774 -0.382939 0
    outer loop
      vertex -12.5975 -6.41857 3
      vertex -12.5407 -6.28155 0
      vertex -12.5407 -6.28155 3
    endloop
  endfacet
  facet normal 0.923774 -0.382939 0
    outer loop
      vertex -12.5407 -6.28155 0
      vertex -12.5975 -6.41857 3
      vertex -12.5975 -6.41857 0
    endloop
  endfacet
  facet normal 0.216431 -0.976298 0
    outer loop
      vertex -11.44 -5.35793 0
      vertex -11.2952 -5.32583 3
      vertex -11.44 -5.35793 3
    endloop
  endfacet
  facet normal 0.216431 -0.976298 0
    outer loop
      vertex -11.2952 -5.32583 3
      vertex -11.44 -5.35793 0
      vertex -11.2952 -5.32583 0
    endloop
  endfacet
  facet normal 0.886957 0.461852 0
    outer loop
      vertex -12.4722 -7.85 3
      vertex -12.5407 -7.71845 0
      vertex -12.5407 -7.71845 3
    endloop
  endfacet
  facet normal 0.886957 0.461852 0
    outer loop
      vertex -12.5407 -7.71845 0
      vertex -12.4722 -7.85 3
      vertex -12.4722 -7.85 0
    endloop
  endfacet
  facet normal -0.737249 -0.675621 0
    outer loop
      vertex -1.69772 -5.90726 0
      vertex -1.79792 -5.79792 3
      vertex -1.79792 -5.79792 0
    endloop
  endfacet
  facet normal -0.737249 -0.675621 0
    outer loop
      vertex -1.79792 -5.79792 3
      vertex -1.69772 -5.90726 0
      vertex -1.69772 -5.90726 3
    endloop
  endfacet
  facet normal 0.382518 -0.923948 0
    outer loop
      vertex -11.7185 -5.45928 0
      vertex -11.5814 -5.40252 3
      vertex -11.7185 -5.45928 3
    endloop
  endfacet
  facet normal 0.382518 -0.923948 0
    outer loop
      vertex -11.5814 -5.40252 3
      vertex -11.7185 -5.45928 0
      vertex -11.5814 -5.40252 0
    endloop
  endfacet
  facet normal 0.130573 0.991439 -0
    outer loop
      vertex -11.1482 -8.69353 0
      vertex -11.2952 -8.67417 3
      vertex -11.1482 -8.69353 3
    endloop
  endfacet
  facet normal 0.130573 0.991439 0
    outer loop
      vertex -11.2952 -8.67417 3
      vertex -11.1482 -8.69353 0
      vertex -11.2952 -8.67417 0
    endloop
  endfacet
  facet normal -0.953728 -0.30067 0
    outer loop
      vertex -1.35793 -6.56001 0
      vertex -1.40252 -6.41857 3
      vertex -1.40252 -6.41857 0
    endloop
  endfacet
  facet normal -0.953728 -0.30067 0
    outer loop
      vertex -1.40252 -6.41857 3
      vertex -1.35793 -6.56001 0
      vertex -1.35793 -6.56001 3
    endloop
  endfacet
  facet normal 0.0436157 0.999048 -0
    outer loop
      vertex -11 -8.7 0
      vertex -11.1482 -8.69353 3
      vertex -11 -8.7 3
    endloop
  endfacet
  facet normal 0.0436157 0.999048 0
    outer loop
      vertex -11.1482 -8.69353 3
      vertex -11 -8.7 0
      vertex -11.1482 -8.69353 0
    endloop
  endfacet
  facet normal -0.976295 -0.216445 0
    outer loop
      vertex -1.32583 -6.7048 0
      vertex -1.35793 -6.56001 3
      vertex -1.35793 -6.56001 0
    endloop
  endfacet
  facet normal -0.976295 -0.216445 0
    outer loop
      vertex -1.35793 -6.56001 3
      vertex -1.32583 -6.7048 0
      vertex -1.32583 -6.7048 3
    endloop
  endfacet
  facet normal 0.7933 -0.608831 0
    outer loop
      vertex -12.3926 -6.02492 3
      vertex -12.3023 -5.90726 0
      vertex -12.3023 -5.90726 3
    endloop
  endfacet
  facet normal 0.7933 -0.608831 0
    outer loop
      vertex -12.3023 -5.90726 0
      vertex -12.3926 -6.02492 3
      vertex -12.3926 -6.02492 0
    endloop
  endfacet
  facet normal -0.793365 0.608746 0
    outer loop
      vertex -1.69772 -8.09274 0
      vertex -1.60744 -7.97508 3
      vertex -1.60744 -7.97508 0
    endloop
  endfacet
  facet normal -0.793365 0.608746 0
    outer loop
      vertex -1.60744 -7.97508 3
      vertex -1.69772 -8.09274 0
      vertex -1.69772 -8.09274 3
    endloop
  endfacet
  facet normal 0.976295 -0.216445 0
    outer loop
      vertex -12.6742 -6.7048 3
      vertex -12.6421 -6.56001 0
      vertex -12.6421 -6.56001 3
    endloop
  endfacet
  facet normal 0.976295 -0.216445 0
    outer loop
      vertex -12.6421 -6.56001 0
      vertex -12.6742 -6.7048 3
      vertex -12.6742 -6.7048 0
    endloop
  endfacet
  facet normal -0.216445 0.976295 0
    outer loop
      vertex -2.56001 -8.64207 0
      vertex -2.7048 -8.67417 3
      vertex -2.56001 -8.64207 3
    endloop
  endfacet
  facet normal -0.216445 0.976295 0
    outer loop
      vertex -2.7048 -8.67417 3
      vertex -2.56001 -8.64207 0
      vertex -2.7048 -8.67417 0
    endloop
  endfacet
  facet normal -0.537277 -0.843406 0
    outer loop
      vertex -2.15 -5.52776 0
      vertex -2.02492 -5.60744 3
      vertex -2.15 -5.52776 3
    endloop
  endfacet
  facet normal -0.537277 -0.843406 -0
    outer loop
      vertex -2.02492 -5.60744 3
      vertex -2.15 -5.52776 0
      vertex -2.02492 -5.60744 0
    endloop
  endfacet
  facet normal 0 1 -0
    outer loop
      vertex -3 -8.7 0
      vertex -11 -8.7 3
      vertex -3 -8.7 3
    endloop
  endfacet
  facet normal 0 1 0
    outer loop
      vertex -11 -8.7 3
      vertex -3 -8.7 0
      vertex -11 -8.7 0
    endloop
  endfacet
  facet normal 0.130573 -0.991439 0
    outer loop
      vertex -11.2952 -5.32583 0
      vertex -11.1482 -5.30647 3
      vertex -11.2952 -5.32583 3
    endloop
  endfacet
  facet normal 0.130573 -0.991439 0
    outer loop
      vertex -11.1482 -5.30647 3
      vertex -11.2952 -5.32583 0
      vertex -11.1482 -5.30647 0
    endloop
  endfacet
  facet normal -0.976295 0.216445 0
    outer loop
      vertex -1.35793 -7.43999 0
      vertex -1.32583 -7.2952 3
      vertex -1.32583 -7.2952 0
    endloop
  endfacet
  facet normal -0.976295 0.216445 0
    outer loop
      vertex -1.32583 -7.2952 3
      vertex -1.35793 -7.43999 0
      vertex -1.35793 -7.43999 3
    endloop
  endfacet
  facet normal 0.737249 -0.675621 0
    outer loop
      vertex -12.3023 -5.90726 3
      vertex -12.2021 -5.79792 0
      vertex -12.2021 -5.79792 3
    endloop
  endfacet
  facet normal 0.737249 -0.675621 0
    outer loop
      vertex -12.2021 -5.79792 0
      vertex -12.3023 -5.90726 3
      vertex -12.3023 -5.90726 0
    endloop
  endfacet
  facet normal 0.300747 -0.953704 0
    outer loop
      vertex -11.5814 -5.40252 0
      vertex -11.44 -5.35793 3
      vertex -11.5814 -5.40252 3
    endloop
  endfacet
  facet normal 0.300747 -0.953704 0
    outer loop
      vertex -11.44 -5.35793 3
      vertex -11.5814 -5.40252 0
      vertex -11.44 -5.35793 0
    endloop
  endfacet
  facet normal -0.923869 -0.382709 0
    outer loop
      vertex -1.40252 -6.41857 0
      vertex -1.45928 -6.28155 3
      vertex -1.45928 -6.28155 0
    endloop
  endfacet
  facet normal -0.923869 -0.382709 0
    outer loop
      vertex -1.45928 -6.28155 3
      vertex -1.40252 -6.41857 0
      vertex -1.40252 -6.41857 3
    endloop
  endfacet
  facet normal -0.461745 0.887012 0
    outer loop
      vertex -2.15 -8.47224 0
      vertex -2.28155 -8.54072 3
      vertex -2.15 -8.47224 3
    endloop
  endfacet
  facet normal -0.461745 0.887012 0
    outer loop
      vertex -2.28155 -8.54072 3
      vertex -2.15 -8.47224 0
      vertex -2.28155 -8.54072 0
    endloop
  endfacet
  facet normal -0.843406 0.537277 0
    outer loop
      vertex -1.60744 -7.97508 0
      vertex -1.52776 -7.85 3
      vertex -1.52776 -7.85 0
    endloop
  endfacet
  facet normal -0.843406 0.537277 0
    outer loop
      vertex -1.52776 -7.85 3
      vertex -1.60744 -7.97508 0
      vertex -1.60744 -7.97508 3
    endloop
  endfacet
  facet normal 0.537216 -0.843445 0
    outer loop
      vertex -11.9751 -5.60744 0
      vertex -11.85 -5.52776 3
      vertex -11.9751 -5.60744 3
    endloop
  endfacet
  facet normal 0.537216 -0.843445 0
    outer loop
      vertex -11.85 -5.52776 3
      vertex -11.9751 -5.60744 0
      vertex -11.85 -5.52776 0
    endloop
  endfacet
  facet normal -0.382709 -0.923869 0
    outer loop
      vertex -2.41857 -5.40252 0
      vertex -2.28155 -5.45928 3
      vertex -2.41857 -5.40252 3
    endloop
  endfacet
  facet normal -0.382709 -0.923869 -0
    outer loop
      vertex -2.28155 -5.45928 3
      vertex -2.41857 -5.40252 0
      vertex -2.28155 -5.45928 0
    endloop
  endfacet
  facet normal 0.461884 -0.886941 0
    outer loop
      vertex -11.85 -5.52776 0
      vertex -11.7185 -5.45928 3
      vertex -11.85 -5.52776 3
    endloop
  endfacet
  facet normal 0.461884 -0.886941 0
    outer loop
      vertex -11.7185 -5.45928 3
      vertex -11.85 -5.52776 0
      vertex -11.7185 -5.45928 0
    endloop
  endfacet
  facet normal 0.886957 -0.461852 0
    outer loop
      vertex -12.5407 -6.28155 3
      vertex -12.4722 -6.15 0
      vertex -12.4722 -6.15 3
    endloop
  endfacet
  facet normal 0.886957 -0.461852 0
    outer loop
      vertex -12.4722 -6.15 0
      vertex -12.5407 -6.28155 3
      vertex -12.5407 -6.28155 0
    endloop
  endfacet
  facet normal -0.461745 -0.887012 0
    outer loop
      vertex -2.28155 -5.45928 0
      vertex -2.15 -5.52776 3
      vertex -2.28155 -5.45928 3
    endloop
  endfacet
  facet normal -0.461745 -0.887012 -0
    outer loop
      vertex -2.15 -5.52776 3
      vertex -2.28155 -5.45928 0
      vertex -2.15 -5.52776 0
    endloop
  endfacet
  facet normal 0.953709 -0.300731 0
    outer loop
      vertex -12.6421 -6.56001 3
      vertex -12.5975 -6.41857 0
      vertex -12.5975 -6.41857 3
    endloop
  endfacet
  facet normal 0.953709 -0.300731 0
    outer loop
      vertex -12.5975 -6.41857 0
      vertex -12.6421 -6.56001 3
      vertex -12.6421 -6.56001 0
    endloop
  endfacet
  facet normal -0.999048 -0.0436245 0
    outer loop
      vertex -1.3 -7 0
      vertex -1.30647 -6.85183 3
      vertex -1.30647 -6.85183 0
    endloop
  endfacet
  facet normal -0.999048 -0.0436245 0
    outer loop
      vertex -1.30647 -6.85183 3
      vertex -1.3 -7 0
      vertex -1.3 -7 3
    endloop
  endfacet
  facet normal 0.608941 -0.793215 0
    outer loop
      vertex -12.0927 -5.69772 0
      vertex -11.9751 -5.60744 3
      vertex -12.0927 -5.69772 3
    endloop
  endfacet
  facet normal 0.608941 -0.793215 0
    outer loop
      vertex -11.9751 -5.60744 3
      vertex -12.0927 -5.69772 0
      vertex -11.9751 -5.60744 0
    endloop
  endfacet
  facet normal -0.999048 0.0436274 0
    outer loop
      vertex -1.30647 -7.14816 0
      vertex -1.3 -7 3
      vertex -1.3 -7 0
    endloop
  endfacet
  facet normal -0.999048 0.0436274 0
    outer loop
      vertex -1.3 -7 3
      vertex -1.30647 -7.14816 0
      vertex -1.30647 -7.14816 3
    endloop
  endfacet
  facet normal -0.923869 0.382709 0
    outer loop
      vertex -1.45928 -7.71845 0
      vertex -1.40252 -7.58143 3
      vertex -1.40252 -7.58143 0
    endloop
  endfacet
  facet normal -0.923869 0.382709 0
    outer loop
      vertex -1.40252 -7.58143 3
      vertex -1.45928 -7.71845 0
      vertex -1.45928 -7.71845 3
    endloop
  endfacet
  facet normal -0.953728 0.30067 0
    outer loop
      vertex -1.40252 -7.58143 0
      vertex -1.35793 -7.43999 3
      vertex -1.35793 -7.43999 0
    endloop
  endfacet
  facet normal -0.953728 0.30067 0
    outer loop
      vertex -1.35793 -7.43999 3
      vertex -1.40252 -7.58143 0
      vertex -1.40252 -7.58143 3
    endloop
  endfacet
  facet normal 0.675383 0.737467 -0
    outer loop
      vertex -12.0927 -8.30227 0
      vertex -12.2021 -8.20208 3
      vertex -12.0927 -8.30227 3
    endloop
  endfacet
  facet normal 0.675383 0.737467 0
    outer loop
      vertex -12.2021 -8.20208 3
      vertex -12.0927 -8.30227 0
      vertex -12.2021 -8.20208 0
    endloop
  endfacet
  facet normal 0.737249 0.675621 0
    outer loop
      vertex -12.2021 -8.20208 3
      vertex -12.3023 -8.09274 0
      vertex -12.3023 -8.09274 3
    endloop
  endfacet
  facet normal 0.737249 0.675621 0
    outer loop
      vertex -12.3023 -8.09274 0
      vertex -12.2021 -8.20208 3
      vertex -12.2021 -8.20208 0
    endloop
  endfacet
  facet normal -0.991442 -0.130547 0
    outer loop
      vertex -1.30647 -6.85183 0
      vertex -1.32583 -6.7048 3
      vertex -1.32583 -6.7048 0
    endloop
  endfacet
  facet normal -0.991442 -0.130547 0
    outer loop
      vertex -1.32583 -6.7048 3
      vertex -1.30647 -6.85183 0
      vertex -1.30647 -6.85183 3
    endloop
  endfacet
  facet normal 0.675419 -0.737434 0
    outer loop
      vertex -12.2021 -5.79792 0
      vertex -12.0927 -5.69772 3
      vertex -12.2021 -5.79792 3
    endloop
  endfacet
  facet normal 0.675419 -0.737434 0
    outer loop
      vertex -12.0927 -5.69772 3
      vertex -12.2021 -5.79792 0
      vertex -12.0927 -5.69772 0
    endloop
  endfacet
  facet normal 0.0436157 -0.999048 0
    outer loop
      vertex -11.1482 -5.30647 0
      vertex -11 -5.3 3
      vertex -11.1482 -5.30647 3
    endloop
  endfacet
  facet normal 0.0436157 -0.999048 0
    outer loop
      vertex -11 -5.3 3
      vertex -11.1482 -5.30647 0
      vertex -11 -5.3 0
    endloop
  endfacet
  facet normal -0.843406 -0.537277 0
    outer loop
      vertex -1.52776 -6.15 0
      vertex -1.60744 -6.02492 3
      vertex -1.60744 -6.02492 0
    endloop
  endfacet
  facet normal -0.843406 -0.537277 0
    outer loop
      vertex -1.60744 -6.02492 3
      vertex -1.52776 -6.15 0
      vertex -1.52776 -6.15 3
    endloop
  endfacet
  facet normal -0.675621 -0.737249 0
    outer loop
      vertex -1.90726 -5.69772 0
      vertex -1.79792 -5.79792 3
      vertex -1.90726 -5.69772 3
    endloop
  endfacet
  facet normal -0.675621 -0.737249 -0
    outer loop
      vertex -1.79792 -5.79792 3
      vertex -1.90726 -5.69772 0
      vertex -1.79792 -5.79792 0
    endloop
  endfacet
  facet normal 0.84365 0.536893 0
    outer loop
      vertex -12.3926 -7.97508 3
      vertex -12.4722 -7.85 0
      vertex -12.4722 -7.85 3
    endloop
  endfacet
  facet normal 0.84365 0.536893 0
    outer loop
      vertex -12.4722 -7.85 0
      vertex -12.3926 -7.97508 3
      vertex -12.3926 -7.97508 0
    endloop
  endfacet
  facet normal -0.130547 0.991442 0
    outer loop
      vertex -2.7048 -8.67417 0
      vertex -2.85183 -8.69353 3
      vertex -2.7048 -8.67417 3
    endloop
  endfacet
  facet normal -0.130547 0.991442 0
    outer loop
      vertex -2.85183 -8.69353 3
      vertex -2.7048 -8.67417 0
      vertex -2.85183 -8.69353 0
    endloop
  endfacet
  facet normal -0.887012 -0.461745 0
    outer loop
      vertex -1.45928 -6.28155 0
      vertex -1.52776 -6.15 3
      vertex -1.52776 -6.15 0
    endloop
  endfacet
  facet normal -0.887012 -0.461745 0
    outer loop
      vertex -1.52776 -6.15 3
      vertex -1.45928 -6.28155 0
      vertex -1.45928 -6.28155 3
    endloop
  endfacet
  facet normal 0.991494 -0.130149 0
    outer loop
      vertex -12.6935 -6.85183 3
      vertex -12.6742 -6.7048 0
      vertex -12.6742 -6.7048 3
    endloop
  endfacet
  facet normal 0.991494 -0.130149 0
    outer loop
      vertex -12.6742 -6.7048 0
      vertex -12.6935 -6.85183 3
      vertex -12.6935 -6.85183 0
    endloop
  endfacet
  facet normal 0.999039 -0.0438264 0
    outer loop
      vertex -12.7 -7 3
      vertex -12.6935 -6.85183 0
      vertex -12.6935 -6.85183 3
    endloop
  endfacet
  facet normal 0.999039 -0.0438264 0
    outer loop
      vertex -12.6935 -6.85183 0
      vertex -12.7 -7 3
      vertex -12.7 -7 0
    endloop
  endfacet
  facet normal -0.537277 0.843406 0
    outer loop
      vertex -2.02492 -8.39256 0
      vertex -2.15 -8.47224 3
      vertex -2.02492 -8.39256 3
    endloop
  endfacet
  facet normal -0.537277 0.843406 0
    outer loop
      vertex -2.15 -8.47224 3
      vertex -2.02492 -8.39256 0
      vertex -2.15 -8.47224 0
    endloop
  endfacet
  facet normal -0.793365 -0.608746 0
    outer loop
      vertex -1.60744 -6.02492 0
      vertex -1.69772 -5.90726 3
      vertex -1.69772 -5.90726 0
    endloop
  endfacet
  facet normal -0.793365 -0.608746 0
    outer loop
      vertex -1.69772 -5.90726 3
      vertex -1.60744 -6.02492 0
      vertex -1.60744 -6.02492 3
    endloop
  endfacet
  facet normal 0.976295 0.216445 0
    outer loop
      vertex -12.6421 -7.43999 3
      vertex -12.6742 -7.2952 0
      vertex -12.6742 -7.2952 3
    endloop
  endfacet
  facet normal 0.976295 0.216445 0
    outer loop
      vertex -12.6742 -7.2952 0
      vertex -12.6421 -7.43999 3
      vertex -12.6421 -7.43999 0
    endloop
  endfacet
  facet normal -0.991443 0.130538 0
    outer loop
      vertex -1.32583 -7.2952 0
      vertex -1.30647 -7.14816 3
      vertex -1.30647 -7.14816 0
    endloop
  endfacet
  facet normal -0.991443 0.130538 0
    outer loop
      vertex -1.30647 -7.14816 3
      vertex -1.32583 -7.2952 0
      vertex -1.32583 -7.2952 3
    endloop
  endfacet
  facet normal 0.537216 0.843445 -0
    outer loop
      vertex -11.85 -8.47224 0
      vertex -11.9751 -8.39256 3
      vertex -11.85 -8.47224 3
    endloop
  endfacet
  facet normal 0.537216 0.843445 0
    outer loop
      vertex -11.9751 -8.39256 3
      vertex -11.85 -8.47224 0
      vertex -11.9751 -8.39256 0
    endloop
  endfacet
  facet normal 0.300747 0.953704 -0
    outer loop
      vertex -11.44 -8.64207 0
      vertex -11.5814 -8.59748 3
      vertex -11.44 -8.64207 3
    endloop
  endfacet
  facet normal 0.300747 0.953704 0
    outer loop
      vertex -11.5814 -8.59748 3
      vertex -11.44 -8.64207 0
      vertex -11.5814 -8.59748 0
    endloop
  endfacet
  facet normal -0.382709 0.923869 0
    outer loop
      vertex -2.28155 -8.54072 0
      vertex -2.41857 -8.59748 3
      vertex -2.28155 -8.54072 3
    endloop
  endfacet
  facet normal -0.382709 0.923869 0
    outer loop
      vertex -2.41857 -8.59748 3
      vertex -2.28155 -8.54072 0
      vertex -2.41857 -8.59748 0
    endloop
  endfacet
  facet normal -0.30067 0.953728 0
    outer loop
      vertex -2.41857 -8.59748 0
      vertex -2.56001 -8.64207 3
      vertex -2.41857 -8.59748 3
    endloop
  endfacet
  facet normal -0.30067 0.953728 0
    outer loop
      vertex -2.56001 -8.64207 3
      vertex -2.41857 -8.59748 0
      vertex -2.56001 -8.64207 0
    endloop
  endfacet
  facet normal 0 0 -1
    outer loop
      vertex -8.3 -5.8 3.2
      vertex -6.3 -5.3 3.2
      vertex -6.3 -5.8 3.2
    endloop
  endfacet
  facet normal -0 0 -1
    outer loop
      vertex -6.3 -5.3 3.2
      vertex -8.3 -5.8 3.2
      vertex -8.3 -5.3 3.2
    endloop
  endfacet
  facet normal 0.461884 0.886941 -0
    outer loop
      vertex -11.7185 -8.54072 0
      vertex -11.85 -8.47224 3
      vertex -11.7185 -8.54072 3
    endloop
  endfacet
  facet normal 0.461884 0.886941 0
    outer loop
      vertex -11.85 -8.47224 3
      vertex -11.7185 -8.54072 0
      vertex -11.85 -8.47224 0
    endloop
  endfacet
  facet normal 0.953709 0.300731 0
    outer loop
      vertex -12.5975 -7.58143 3
      vertex -12.6421 -7.43999 0
      vertex -12.6421 -7.43999 3
    endloop
  endfacet
  facet normal 0.953709 0.300731 0
    outer loop
      vertex -12.6421 -7.43999 0
      vertex -12.5975 -7.58143 3
      vertex -12.5975 -7.58143 0
    endloop
  endfacet
  facet normal -0.0436245 0.999048 0
    outer loop
      vertex -2.85183 -8.69353 0
      vertex -3 -8.7 3
      vertex -2.85183 -8.69353 3
    endloop
  endfacet
  facet normal -0.0436245 0.999048 0
    outer loop
      vertex -3 -8.7 3
      vertex -2.85183 -8.69353 0
      vertex -3 -8.7 0
    endloop
  endfacet
  facet normal -0.887012 0.461745 0
    outer loop
      vertex -1.52776 -7.85 0
      vertex -1.45928 -7.71845 3
      vertex -1.45928 -7.71845 0
    endloop
  endfacet
  facet normal -0.887012 0.461745 0
    outer loop
      vertex -1.45928 -7.71845 3
      vertex -1.52776 -7.85 0
      vertex -1.52776 -7.85 3
    endloop
  endfacet
  facet normal 0.608984 0.793183 -0
    outer loop
      vertex -11.9751 -8.39256 0
      vertex -12.0927 -8.30227 3
      vertex -11.9751 -8.39256 3
    endloop
  endfacet
  facet normal 0.608984 0.793183 0
    outer loop
      vertex -12.0927 -8.30227 3
      vertex -11.9751 -8.39256 0
      vertex -12.0927 -8.30227 0
    endloop
  endfacet
  facet normal -0.737249 0.675621 0
    outer loop
      vertex -1.79792 -8.20208 0
      vertex -1.69772 -8.09274 3
      vertex -1.69772 -8.09274 0
    endloop
  endfacet
  facet normal -0.737249 0.675621 0
    outer loop
      vertex -1.69772 -8.09274 3
      vertex -1.79792 -8.20208 0
      vertex -1.79792 -8.20208 3
    endloop
  endfacet
  facet normal 0.216431 0.976298 -0
    outer loop
      vertex -11.2952 -8.67417 0
      vertex -11.44 -8.64207 3
      vertex -11.2952 -8.67417 3
    endloop
  endfacet
  facet normal 0.216431 0.976298 0
    outer loop
      vertex -11.44 -8.64207 3
      vertex -11.2952 -8.67417 0
      vertex -11.44 -8.64207 0
    endloop
  endfacet
  facet normal -0.608788 0.793333 0
    outer loop
      vertex -1.90726 -8.30227 0
      vertex -2.02492 -8.39256 3
      vertex -1.90726 -8.30227 3
    endloop
  endfacet
  facet normal -0.608788 0.793333 0
    outer loop
      vertex -2.02492 -8.39256 3
      vertex -1.90726 -8.30227 0
      vertex -2.02492 -8.39256 0
    endloop
  endfacet
  facet normal -0.675584 0.737283 0
    outer loop
      vertex -1.79792 -8.20208 0
      vertex -1.90726 -8.30227 3
      vertex -1.79792 -8.20208 3
    endloop
  endfacet
  facet normal -0.675584 0.737283 0
    outer loop
      vertex -1.90726 -8.30227 3
      vertex -1.79792 -8.20208 0
      vertex -1.90726 -8.30227 0
    endloop
  endfacet
  facet normal -0.30067 -0.953728 0
    outer loop
      vertex -2.56001 -5.35793 0
      vertex -2.41857 -5.40252 3
      vertex -2.56001 -5.35793 3
    endloop
  endfacet
  facet normal -0.30067 -0.953728 -0
    outer loop
      vertex -2.41857 -5.40252 3
      vertex -2.56001 -5.35793 0
      vertex -2.41857 -5.40252 0
    endloop
  endfacet
  facet normal 0.382518 0.923948 -0
    outer loop
      vertex -11.5814 -8.59748 0
      vertex -11.7185 -8.54072 3
      vertex -11.5814 -8.59748 3
    endloop
  endfacet
  facet normal 0.382518 0.923948 0
    outer loop
      vertex -11.7185 -8.54072 3
      vertex -11.5814 -8.59748 0
      vertex -11.7185 -8.54072 0
    endloop
  endfacet
  facet normal 0.7933 0.608831 0
    outer loop
      vertex -12.3023 -8.09274 3
      vertex -12.3926 -7.97508 0
      vertex -12.3926 -7.97508 3
    endloop
  endfacet
  facet normal 0.7933 0.608831 0
    outer loop
      vertex -12.3926 -7.97508 0
      vertex -12.3023 -8.09274 3
      vertex -12.3023 -8.09274 0
    endloop
  endfacet
  facet normal 0.991443 0.130538 0
    outer loop
      vertex 1.32583 -7.2952 3
      vertex 1.30647 -7.14816 0
      vertex 1.30647 -7.14816 3
    endloop
  endfacet
  facet normal 0.991443 0.130538 0
    outer loop
      vertex 1.30647 -7.14816 0
      vertex 1.32583 -7.2952 3
      vertex 1.32583 -7.2952 0
    endloop
  endfacet
  facet normal 0.923869 0.382709 0
    outer loop
      vertex 1.45928 -7.71845 3
      vertex 1.40252 -7.58143 0
      vertex 1.40252 -7.58143 3
    endloop
  endfacet
  facet normal 0.923869 0.382709 0
    outer loop
      vertex 1.40252 -7.58143 0
      vertex 1.45928 -7.71845 3
      vertex 1.45928 -7.71845 0
    endloop
  endfacet
  facet normal 0.999048 0.0436274 0
    outer loop
      vertex 1.30647 -7.14816 3
      vertex 1.3 -7 0
      vertex 1.3 -7 3
    endloop
  endfacet
  facet normal 0.999048 0.0436274 0
    outer loop
      vertex 1.3 -7 0
      vertex 1.30647 -7.14816 3
      vertex 1.30647 -7.14816 0
    endloop
  endfacet
  facet normal 0 -1 0
    outer loop
      vertex 3 -5.3 0
      vertex 6.3 -5.3 3
      vertex 3 -5.3 3
    endloop
  endfacet
  facet normal 0 -1 0
    outer loop
      vertex 11 -5.3 0
      vertex 6.3 -5.3 3
      vertex 3 -5.3 0
    endloop
  endfacet
  facet normal 0 -1 0
    outer loop
      vertex 6.3 -5.3 3
      vertex 11 -5.3 0
      vertex 8.3 -5.3 3
    endloop
  endfacet
  facet normal 0 -1 0
    outer loop
      vertex 8.3 -5.3 3
      vertex 11 -5.3 0
      vertex 11 -5.3 3
    endloop
  endfacet
  facet normal 0 -1 0
    outer loop
      vertex 6.3 -5.3 3
      vertex 8.3 -5.3 3.2
      vertex 6.3 -5.3 3.2
    endloop
  endfacet
  facet normal 0 -1 -0
    outer loop
      vertex 8.3 -5.3 3.2
      vertex 6.3 -5.3 3
      vertex 8.3 -5.3 3
    endloop
  endfacet
  facet normal -0.216431 -0.976298 0
    outer loop
      vertex 11.2952 -5.32583 0
      vertex 11.44 -5.35793 3
      vertex 11.2952 -5.32583 3
    endloop
  endfacet
  facet normal -0.216431 -0.976298 -0
    outer loop
      vertex 11.44 -5.35793 3
      vertex 11.2952 -5.32583 0
      vertex 11.44 -5.35793 0
    endloop
  endfacet
  facet normal -0.130573 -0.991439 0
    outer loop
      vertex 11.1482 -5.30647 0
      vertex 11.2952 -5.32583 3
      vertex 11.1482 -5.30647 3
    endloop
  endfacet
  facet normal -0.130573 -0.991439 -0
    outer loop
      vertex 11.2952 -5.32583 3
      vertex 11.1482 -5.30647 0
      vertex 11.2952 -5.32583 0
    endloop
  endfacet
  facet normal -0.0436157 -0.999048 0
    outer loop
      vertex 11 -5.3 0
      vertex 11.1482 -5.30647 3
      vertex 11 -5.3 3
    endloop
  endfacet
  facet normal -0.0436157 -0.999048 -0
    outer loop
      vertex 11.1482 -5.30647 3
      vertex 11 -5.3 0
      vertex 11.1482 -5.30647 0
    endloop
  endfacet
  facet normal -0.608941 -0.793215 0
    outer loop
      vertex 11.9751 -5.60744 0
      vertex 12.0927 -5.69772 3
      vertex 11.9751 -5.60744 3
    endloop
  endfacet
  facet normal -0.608941 -0.793215 -0
    outer loop
      vertex 12.0927 -5.69772 3
      vertex 11.9751 -5.60744 0
      vertex 12.0927 -5.69772 0
    endloop
  endfacet
  facet normal 0.843406 -0.537277 0
    outer loop
      vertex 1.52776 -6.15 3
      vertex 1.60744 -6.02492 0
      vertex 1.60744 -6.02492 3
    endloop
  endfacet
  facet normal 0.843406 -0.537277 0
    outer loop
      vertex 1.60744 -6.02492 0
      vertex 1.52776 -6.15 3
      vertex 1.52776 -6.15 0
    endloop
  endfacet
  facet normal 0.923869 -0.382709 0
    outer loop
      vertex 1.40252 -6.41857 3
      vertex 1.45928 -6.28155 0
      vertex 1.45928 -6.28155 3
    endloop
  endfacet
  facet normal 0.923869 -0.382709 0
    outer loop
      vertex 1.45928 -6.28155 0
      vertex 1.40252 -6.41857 3
      vertex 1.40252 -6.41857 0
    endloop
  endfacet
  facet normal 0.216445 -0.976295 0
    outer loop
      vertex 2.56001 -5.35793 0
      vertex 2.7048 -5.32583 3
      vertex 2.56001 -5.35793 3
    endloop
  endfacet
  facet normal 0.216445 -0.976295 0
    outer loop
      vertex 2.7048 -5.32583 3
      vertex 2.56001 -5.35793 0
      vertex 2.7048 -5.32583 0
    endloop
  endfacet
  facet normal 0.887012 0.461745 0
    outer loop
      vertex 1.52776 -7.85 3
      vertex 1.45928 -7.71845 0
      vertex 1.45928 -7.71845 3
    endloop
  endfacet
  facet normal 0.887012 0.461745 0
    outer loop
      vertex 1.45928 -7.71845 0
      vertex 1.52776 -7.85 3
      vertex 1.52776 -7.85 0
    endloop
  endfacet
  facet normal -0.737249 -0.675621 0
    outer loop
      vertex 12.3023 -5.90726 0
      vertex 12.2021 -5.79792 3
      vertex 12.2021 -5.79792 0
    endloop
  endfacet
  facet normal -0.737249 -0.675621 0
    outer loop
      vertex 12.2021 -5.79792 3
      vertex 12.3023 -5.90726 0
      vertex 12.3023 -5.90726 3
    endloop
  endfacet
  facet normal 0.382709 -0.923869 0
    outer loop
      vertex 2.28155 -5.45928 0
      vertex 2.41857 -5.40252 3
      vertex 2.28155 -5.45928 3
    endloop
  endfacet
  facet normal 0.382709 -0.923869 0
    outer loop
      vertex 2.41857 -5.40252 3
      vertex 2.28155 -5.45928 0
      vertex 2.41857 -5.40252 0
    endloop
  endfacet
  facet normal 0.130547 0.991442 -0
    outer loop
      vertex 2.85183 -8.69353 0
      vertex 2.7048 -8.67417 3
      vertex 2.85183 -8.69353 3
    endloop
  endfacet
  facet normal 0.130547 0.991442 0
    outer loop
      vertex 2.7048 -8.67417 3
      vertex 2.85183 -8.69353 0
      vertex 2.7048 -8.67417 0
    endloop
  endfacet
  facet normal -0.953709 -0.300731 0
    outer loop
      vertex 12.6421 -6.56001 0
      vertex 12.5975 -6.41857 3
      vertex 12.5975 -6.41857 0
    endloop
  endfacet
  facet normal -0.953709 -0.300731 0
    outer loop
      vertex 12.5975 -6.41857 3
      vertex 12.6421 -6.56001 0
      vertex 12.6421 -6.56001 3
    endloop
  endfacet
  facet normal 0.0436245 0.999048 -0
    outer loop
      vertex 3 -8.7 0
      vertex 2.85183 -8.69353 3
      vertex 3 -8.7 3
    endloop
  endfacet
  facet normal 0.0436245 0.999048 0
    outer loop
      vertex 2.85183 -8.69353 3
      vertex 3 -8.7 0
      vertex 2.85183 -8.69353 0
    endloop
  endfacet
  facet normal -0.976295 -0.216445 0
    outer loop
      vertex 12.6742 -6.7048 0
      vertex 12.6421 -6.56001 3
      vertex 12.6421 -6.56001 0
    endloop
  endfacet
  facet normal -0.976295 -0.216445 0
    outer loop
      vertex 12.6421 -6.56001 3
      vertex 12.6742 -6.7048 0
      vertex 12.6742 -6.7048 3
    endloop
  endfacet
  facet normal 0.793365 -0.608746 0
    outer loop
      vertex 1.60744 -6.02492 3
      vertex 1.69772 -5.90726 0
      vertex 1.69772 -5.90726 3
    endloop
  endfacet
  facet normal 0.793365 -0.608746 0
    outer loop
      vertex 1.69772 -5.90726 0
      vertex 1.60744 -6.02492 3
      vertex 1.60744 -6.02492 0
    endloop
  endfacet
  facet normal -0.7933 0.608831 0
    outer loop
      vertex 12.3023 -8.09274 0
      vertex 12.3926 -7.97508 3
      vertex 12.3926 -7.97508 0
    endloop
  endfacet
  facet normal -0.7933 0.608831 0
    outer loop
      vertex 12.3926 -7.97508 3
      vertex 12.3023 -8.09274 0
      vertex 12.3023 -8.09274 3
    endloop
  endfacet
  facet normal 0.976295 -0.216445 0
    outer loop
      vertex 1.32583 -6.7048 3
      vertex 1.35793 -6.56001 0
      vertex 1.35793 -6.56001 3
    endloop
  endfacet
  facet normal 0.976295 -0.216445 0
    outer loop
      vertex 1.35793 -6.56001 0
      vertex 1.32583 -6.7048 3
      vertex 1.32583 -6.7048 0
    endloop
  endfacet
  facet normal -0.216431 0.976298 0
    outer loop
      vertex 11.44 -8.64207 0
      vertex 11.2952 -8.67417 3
      vertex 11.44 -8.64207 3
    endloop
  endfacet
  facet normal -0.216431 0.976298 0
    outer loop
      vertex 11.2952 -8.67417 3
      vertex 11.44 -8.64207 0
      vertex 11.2952 -8.67417 0
    endloop
  endfacet
  facet normal -0.537216 -0.843445 0
    outer loop
      vertex 11.85 -5.52776 0
      vertex 11.9751 -5.60744 3
      vertex 11.85 -5.52776 3
    endloop
  endfacet
  facet normal -0.537216 -0.843445 -0
    outer loop
      vertex 11.9751 -5.60744 3
      vertex 11.85 -5.52776 0
      vertex 11.9751 -5.60744 0
    endloop
  endfacet
  facet normal 0 1 -0
    outer loop
      vertex 11 -8.7 0
      vertex 3 -8.7 3
      vertex 11 -8.7 3
    endloop
  endfacet
  facet normal 0 1 0
    outer loop
      vertex 3 -8.7 3
      vertex 11 -8.7 0
      vertex 3 -8.7 0
    endloop
  endfacet
  facet normal 0.130547 -0.991442 0
    outer loop
      vertex 2.7048 -5.32583 0
      vertex 2.85183 -5.30647 3
      vertex 2.7048 -5.32583 3
    endloop
  endfacet
  facet normal 0.130547 -0.991442 0
    outer loop
      vertex 2.85183 -5.30647 3
      vertex 2.7048 -5.32583 0
      vertex 2.85183 -5.30647 0
    endloop
  endfacet
  facet normal -0.976295 0.216445 0
    outer loop
      vertex 12.6421 -7.43999 0
      vertex 12.6742 -7.2952 3
      vertex 12.6742 -7.2952 0
    endloop
  endfacet
  facet normal -0.976295 0.216445 0
    outer loop
      vertex 12.6742 -7.2952 3
      vertex 12.6421 -7.43999 0
      vertex 12.6421 -7.43999 3
    endloop
  endfacet
  facet normal 0.737249 -0.675621 0
    outer loop
      vertex 1.69772 -5.90726 3
      vertex 1.79792 -5.79792 0
      vertex 1.79792 -5.79792 3
    endloop
  endfacet
  facet normal 0.737249 -0.675621 0
    outer loop
      vertex 1.79792 -5.79792 0
      vertex 1.69772 -5.90726 3
      vertex 1.69772 -5.90726 0
    endloop
  endfacet
  facet normal 0.30067 -0.953728 0
    outer loop
      vertex 2.41857 -5.40252 0
      vertex 2.56001 -5.35793 3
      vertex 2.41857 -5.40252 3
    endloop
  endfacet
  facet normal 0.30067 -0.953728 0
    outer loop
      vertex 2.56001 -5.35793 3
      vertex 2.41857 -5.40252 0
      vertex 2.56001 -5.35793 0
    endloop
  endfacet
  facet normal -0.923774 -0.382939 0
    outer loop
      vertex 12.5975 -6.41857 0
      vertex 12.5407 -6.28155 3
      vertex 12.5407 -6.28155 0
    endloop
  endfacet
  facet normal -0.923774 -0.382939 0
    outer loop
      vertex 12.5407 -6.28155 3
      vertex 12.5975 -6.41857 0
      vertex 12.5975 -6.41857 3
    endloop
  endfacet
  facet normal -0.461884 0.886941 0
    outer loop
      vertex 11.85 -8.47224 0
      vertex 11.7185 -8.54072 3
      vertex 11.85 -8.47224 3
    endloop
  endfacet
  facet normal -0.461884 0.886941 0
    outer loop
      vertex 11.7185 -8.54072 3
      vertex 11.85 -8.47224 0
      vertex 11.7185 -8.54072 0
    endloop
  endfacet
  facet normal -0.84365 0.536893 0
    outer loop
      vertex 12.3926 -7.97508 0
      vertex 12.4722 -7.85 3
      vertex 12.4722 -7.85 0
    endloop
  endfacet
  facet normal -0.84365 0.536893 0
    outer loop
      vertex 12.4722 -7.85 3
      vertex 12.3926 -7.97508 0
      vertex 12.3926 -7.97508 3
    endloop
  endfacet
  facet normal 0.537277 -0.843406 0
    outer loop
      vertex 2.02492 -5.60744 0
      vertex 2.15 -5.52776 3
      vertex 2.02492 -5.60744 3
    endloop
  endfacet
  facet normal 0.537277 -0.843406 0
    outer loop
      vertex 2.15 -5.52776 3
      vertex 2.02492 -5.60744 0
      vertex 2.15 -5.52776 0
    endloop
  endfacet
  facet normal 0.461745 -0.887012 0
    outer loop
      vertex 2.15 -5.52776 0
      vertex 2.28155 -5.45928 3
      vertex 2.15 -5.52776 3
    endloop
  endfacet
  facet normal 0.461745 -0.887012 0
    outer loop
      vertex 2.28155 -5.45928 3
      vertex 2.15 -5.52776 0
      vertex 2.28155 -5.45928 0
    endloop
  endfacet
  facet normal 0.887012 -0.461745 0
    outer loop
      vertex 1.45928 -6.28155 3
      vertex 1.52776 -6.15 0
      vertex 1.52776 -6.15 3
    endloop
  endfacet
  facet normal 0.887012 -0.461745 0
    outer loop
      vertex 1.52776 -6.15 0
      vertex 1.45928 -6.28155 3
      vertex 1.45928 -6.28155 0
    endloop
  endfacet
  facet normal -0.461884 -0.886941 0
    outer loop
      vertex 11.7185 -5.45928 0
      vertex 11.85 -5.52776 3
      vertex 11.7185 -5.45928 3
    endloop
  endfacet
  facet normal -0.461884 -0.886941 -0
    outer loop
      vertex 11.85 -5.52776 3
      vertex 11.7185 -5.45928 0
      vertex 11.85 -5.52776 0
    endloop
  endfacet
  facet normal 0.953728 -0.30067 0
    outer loop
      vertex 1.35793 -6.56001 3
      vertex 1.40252 -6.41857 0
      vertex 1.40252 -6.41857 3
    endloop
  endfacet
  facet normal 0.953728 -0.30067 0
    outer loop
      vertex 1.40252 -6.41857 0
      vertex 1.35793 -6.56001 3
      vertex 1.35793 -6.56001 0
    endloop
  endfacet
  facet normal -0.999039 -0.0438264 0
    outer loop
      vertex 12.7 -7 0
      vertex 12.6935 -6.85183 3
      vertex 12.6935 -6.85183 0
    endloop
  endfacet
  facet normal -0.999039 -0.0438264 0
    outer loop
      vertex 12.6935 -6.85183 3
      vertex 12.7 -7 0
      vertex 12.7 -7 3
    endloop
  endfacet
  facet normal 0.608746 -0.793365 0
    outer loop
      vertex 1.90726 -5.69772 0
      vertex 2.02492 -5.60744 3
      vertex 1.90726 -5.69772 3
    endloop
  endfacet
  facet normal 0.608746 -0.793365 0
    outer loop
      vertex 2.02492 -5.60744 3
      vertex 1.90726 -5.69772 0
      vertex 2.02492 -5.60744 0
    endloop
  endfacet
  facet normal -0.999039 0.0438293 0
    outer loop
      vertex 12.6935 -7.14816 0
      vertex 12.7 -7 3
      vertex 12.7 -7 0
    endloop
  endfacet
  facet normal -0.999039 0.0438293 0
    outer loop
      vertex 12.7 -7 3
      vertex 12.6935 -7.14816 0
      vertex 12.6935 -7.14816 3
    endloop
  endfacet
  facet normal -0.923774 0.382939 0
    outer loop
      vertex 12.5407 -7.71845 0
      vertex 12.5975 -7.58143 3
      vertex 12.5975 -7.58143 0
    endloop
  endfacet
  facet normal -0.923774 0.382939 0
    outer loop
      vertex 12.5975 -7.58143 3
      vertex 12.5407 -7.71845 0
      vertex 12.5407 -7.71845 3
    endloop
  endfacet
  facet normal -0.953709 0.300731 0
    outer loop
      vertex 12.5975 -7.58143 0
      vertex 12.6421 -7.43999 3
      vertex 12.6421 -7.43999 0
    endloop
  endfacet
  facet normal -0.953709 0.300731 0
    outer loop
      vertex 12.6421 -7.43999 3
      vertex 12.5975 -7.58143 0
      vertex 12.5975 -7.58143 3
    endloop
  endfacet
  facet normal 0.675584 0.737283 -0
    outer loop
      vertex 1.90726 -8.30227 0
      vertex 1.79792 -8.20208 3
      vertex 1.90726 -8.30227 3
    endloop
  endfacet
  facet normal 0.675584 0.737283 0
    outer loop
      vertex 1.79792 -8.20208 3
      vertex 1.90726 -8.30227 0
      vertex 1.79792 -8.20208 0
    endloop
  endfacet
  facet normal 0.737249 0.675621 0
    outer loop
      vertex 1.79792 -8.20208 3
      vertex 1.69772 -8.09274 0
      vertex 1.69772 -8.09274 3
    endloop
  endfacet
  facet normal 0.737249 0.675621 0
    outer loop
      vertex 1.69772 -8.09274 0
      vertex 1.79792 -8.20208 3
      vertex 1.79792 -8.20208 0
    endloop
  endfacet
  facet normal -0.991494 -0.130149 0
    outer loop
      vertex 12.6935 -6.85183 0
      vertex 12.6742 -6.7048 3
      vertex 12.6742 -6.7048 0
    endloop
  endfacet
  facet normal -0.991494 -0.130149 0
    outer loop
      vertex 12.6742 -6.7048 3
      vertex 12.6935 -6.85183 0
      vertex 12.6935 -6.85183 3
    endloop
  endfacet
  facet normal 0.675621 -0.737249 0
    outer loop
      vertex 1.79792 -5.79792 0
      vertex 1.90726 -5.69772 3
      vertex 1.79792 -5.79792 3
    endloop
  endfacet
  facet normal 0.675621 -0.737249 0
    outer loop
      vertex 1.90726 -5.69772 3
      vertex 1.79792 -5.79792 0
      vertex 1.90726 -5.69772 0
    endloop
  endfacet
  facet normal 0.0436245 -0.999048 0
    outer loop
      vertex 2.85183 -5.30647 0
      vertex 3 -5.3 3
      vertex 2.85183 -5.30647 3
    endloop
  endfacet
  facet normal 0.0436245 -0.999048 0
    outer loop
      vertex 3 -5.3 3
      vertex 2.85183 -5.30647 0
      vertex 3 -5.3 0
    endloop
  endfacet
  facet normal -0.84365 -0.536893 0
    outer loop
      vertex 12.4722 -6.15 0
      vertex 12.3926 -6.02492 3
      vertex 12.3926 -6.02492 0
    endloop
  endfacet
  facet normal -0.84365 -0.536893 0
    outer loop
      vertex 12.3926 -6.02492 3
      vertex 12.4722 -6.15 0
      vertex 12.4722 -6.15 3
    endloop
  endfacet
  facet normal -0.675419 -0.737434 0
    outer loop
      vertex 12.0927 -5.69772 0
      vertex 12.2021 -5.79792 3
      vertex 12.0927 -5.69772 3
    endloop
  endfacet
  facet normal -0.675419 -0.737434 -0
    outer loop
      vertex 12.2021 -5.79792 3
      vertex 12.0927 -5.69772 0
      vertex 12.2021 -5.79792 0
    endloop
  endfacet
  facet normal 0.843406 0.537277 0
    outer loop
      vertex 1.60744 -7.97508 3
      vertex 1.52776 -7.85 0
      vertex 1.52776 -7.85 3
    endloop
  endfacet
  facet normal 0.843406 0.537277 0
    outer loop
      vertex 1.52776 -7.85 0
      vertex 1.60744 -7.97508 3
      vertex 1.60744 -7.97508 0
    endloop
  endfacet
  facet normal -0.130573 0.991439 0
    outer loop
      vertex 11.2952 -8.67417 0
      vertex 11.1482 -8.69353 3
      vertex 11.2952 -8.67417 3
    endloop
  endfacet
  facet normal -0.130573 0.991439 0
    outer loop
      vertex 11.1482 -8.69353 3
      vertex 11.2952 -8.67417 0
      vertex 11.1482 -8.69353 0
    endloop
  endfacet
  facet normal -0.886957 -0.461852 0
    outer loop
      vertex 12.5407 -6.28155 0
      vertex 12.4722 -6.15 3
      vertex 12.4722 -6.15 0
    endloop
  endfacet
  facet normal -0.886957 -0.461852 0
    outer loop
      vertex 12.4722 -6.15 3
      vertex 12.5407 -6.28155 0
      vertex 12.5407 -6.28155 3
    endloop
  endfacet
  facet normal 0.991442 -0.130547 0
    outer loop
      vertex 1.30647 -6.85183 3
      vertex 1.32583 -6.7048 0
      vertex 1.32583 -6.7048 3
    endloop
  endfacet
  facet normal 0.991442 -0.130547 0
    outer loop
      vertex 1.32583 -6.7048 0
      vertex 1.30647 -6.85183 3
      vertex 1.30647 -6.85183 0
    endloop
  endfacet
  facet normal 0.999048 -0.0436245 0
    outer loop
      vertex 1.3 -7 3
      vertex 1.30647 -6.85183 0
      vertex 1.30647 -6.85183 3
    endloop
  endfacet
  facet normal 0.999048 -0.0436245 0
    outer loop
      vertex 1.30647 -6.85183 0
      vertex 1.3 -7 3
      vertex 1.3 -7 0
    endloop
  endfacet
  facet normal -0.537216 0.843445 0
    outer loop
      vertex 11.9751 -8.39256 0
      vertex 11.85 -8.47224 3
      vertex 11.9751 -8.39256 3
    endloop
  endfacet
  facet normal -0.537216 0.843445 0
    outer loop
      vertex 11.85 -8.47224 3
      vertex 11.9751 -8.39256 0
      vertex 11.85 -8.47224 0
    endloop
  endfacet
  facet normal -0.7933 -0.608831 0
    outer loop
      vertex 12.3926 -6.02492 0
      vertex 12.3023 -5.90726 3
      vertex 12.3023 -5.90726 0
    endloop
  endfacet
  facet normal -0.7933 -0.608831 0
    outer loop
      vertex 12.3023 -5.90726 3
      vertex 12.3926 -6.02492 0
      vertex 12.3926 -6.02492 3
    endloop
  endfacet
  facet normal 0.976295 0.216445 0
    outer loop
      vertex 1.35793 -7.43999 3
      vertex 1.32583 -7.2952 0
      vertex 1.32583 -7.2952 3
    endloop
  endfacet
  facet normal 0.976295 0.216445 0
    outer loop
      vertex 1.32583 -7.2952 0
      vertex 1.35793 -7.43999 3
      vertex 1.35793 -7.43999 0
    endloop
  endfacet
  facet normal -0.991496 0.130141 0
    outer loop
      vertex 12.6742 -7.2952 0
      vertex 12.6935 -7.14816 3
      vertex 12.6935 -7.14816 0
    endloop
  endfacet
  facet normal -0.991496 0.130141 0
    outer loop
      vertex 12.6935 -7.14816 3
      vertex 12.6742 -7.2952 0
      vertex 12.6742 -7.2952 3
    endloop
  endfacet
  facet normal 0.537277 0.843406 -0
    outer loop
      vertex 2.15 -8.47224 0
      vertex 2.02492 -8.39256 3
      vertex 2.15 -8.47224 3
    endloop
  endfacet
  facet normal 0.537277 0.843406 0
    outer loop
      vertex 2.02492 -8.39256 3
      vertex 2.15 -8.47224 0
      vertex 2.02492 -8.39256 0
    endloop
  endfacet
  facet normal 0.30067 0.953728 -0
    outer loop
      vertex 2.56001 -8.64207 0
      vertex 2.41857 -8.59748 3
      vertex 2.56001 -8.64207 3
    endloop
  endfacet
  facet normal 0.30067 0.953728 0
    outer loop
      vertex 2.41857 -8.59748 3
      vertex 2.56001 -8.64207 0
      vertex 2.41857 -8.59748 0
    endloop
  endfacet
  facet normal -0.382518 0.923948 0
    outer loop
      vertex 11.7185 -8.54072 0
      vertex 11.5814 -8.59748 3
      vertex 11.7185 -8.54072 3
    endloop
  endfacet
  facet normal -0.382518 0.923948 0
    outer loop
      vertex 11.5814 -8.59748 3
      vertex 11.7185 -8.54072 0
      vertex 11.5814 -8.59748 0
    endloop
  endfacet
  facet normal -0.300747 0.953704 0
    outer loop
      vertex 11.5814 -8.59748 0
      vertex 11.44 -8.64207 3
      vertex 11.5814 -8.59748 3
    endloop
  endfacet
  facet normal -0.300747 0.953704 0
    outer loop
      vertex 11.44 -8.64207 3
      vertex 11.5814 -8.59748 0
      vertex 11.44 -8.64207 0
    endloop
  endfacet
  facet normal 0 0 -1
    outer loop
      vertex 6.3 -5.8 3.2
      vertex 8.3 -5.3 3.2
      vertex 8.3 -5.8 3.2
    endloop
  endfacet
  facet normal -0 0 -1
    outer loop
      vertex 8.3 -5.3 3.2
      vertex 6.3 -5.8 3.2
      vertex 6.3 -5.3 3.2
    endloop
  endfacet
  facet normal 0.461745 0.887012 -0
    outer loop
      vertex 2.28155 -8.54072 0
      vertex 2.15 -8.47224 3
      vertex 2.28155 -8.54072 3
    endloop
  endfacet
  facet normal 0.461745 0.887012 0
    outer loop
      vertex 2.15 -8.47224 3
      vertex 2.28155 -8.54072 0
      vertex 2.15 -8.47224 0
    endloop
  endfacet
  facet normal 0.953728 0.30067 0
    outer loop
      vertex 1.40252 -7.58143 3
      vertex 1.35793 -7.43999 0
      vertex 1.35793 -7.43999 3
    endloop
  endfacet
  facet normal 0.953728 0.30067 0
    outer loop
      vertex 1.35793 -7.43999 0
      vertex 1.40252 -7.58143 3
      vertex 1.40252 -7.58143 0
    endloop
  endfacet
  facet normal -0.0436157 0.999048 0
    outer loop
      vertex 11.1482 -8.69353 0
      vertex 11 -8.7 3
      vertex 11.1482 -8.69353 3
    endloop
  endfacet
  facet normal -0.0436157 0.999048 0
    outer loop
      vertex 11 -8.7 3
      vertex 11.1482 -8.69353 0
      vertex 11 -8.7 0
    endloop
  endfacet
  facet normal -0.886957 0.461852 0
    outer loop
      vertex 12.4722 -7.85 0
      vertex 12.5407 -7.71845 3
      vertex 12.5407 -7.71845 0
    endloop
  endfacet
  facet normal -0.886957 0.461852 0
    outer loop
      vertex 12.5407 -7.71845 3
      vertex 12.4722 -7.85 0
      vertex 12.4722 -7.85 3
    endloop
  endfacet
  facet normal 0.608788 0.793333 -0
    outer loop
      vertex 2.02492 -8.39256 0
      vertex 1.90726 -8.30227 3
      vertex 2.02492 -8.39256 3
    endloop
  endfacet
  facet normal 0.608788 0.793333 0
    outer loop
      vertex 1.90726 -8.30227 3
      vertex 2.02492 -8.39256 0
      vertex 1.90726 -8.30227 0
    endloop
  endfacet
  facet normal -0.737249 0.675621 0
    outer loop
      vertex 12.2021 -8.20208 0
      vertex 12.3023 -8.09274 3
      vertex 12.3023 -8.09274 0
    endloop
  endfacet
  facet normal -0.737249 0.675621 0
    outer loop
      vertex 12.3023 -8.09274 3
      vertex 12.2021 -8.20208 0
      vertex 12.2021 -8.20208 3
    endloop
  endfacet
  facet normal -0.382518 -0.923948 0
    outer loop
      vertex 11.5814 -5.40252 0
      vertex 11.7185 -5.45928 3
      vertex 11.5814 -5.40252 3
    endloop
  endfacet
  facet normal -0.382518 -0.923948 -0
    outer loop
      vertex 11.7185 -5.45928 3
      vertex 11.5814 -5.40252 0
      vertex 11.7185 -5.45928 0
    endloop
  endfacet
  facet normal 0.216445 0.976295 -0
    outer loop
      vertex 2.7048 -8.67417 0
      vertex 2.56001 -8.64207 3
      vertex 2.7048 -8.67417 3
    endloop
  endfacet
  facet normal 0.216445 0.976295 0
    outer loop
      vertex 2.56001 -8.64207 3
      vertex 2.7048 -8.67417 0
      vertex 2.56001 -8.64207 0
    endloop
  endfacet
  facet normal -0.608984 0.793183 0
    outer loop
      vertex 12.0927 -8.30227 0
      vertex 11.9751 -8.39256 3
      vertex 12.0927 -8.30227 3
    endloop
  endfacet
  facet normal -0.608984 0.793183 0
    outer loop
      vertex 11.9751 -8.39256 3
      vertex 12.0927 -8.30227 0
      vertex 11.9751 -8.39256 0
    endloop
  endfacet
  facet normal -0.675383 0.737467 0
    outer loop
      vertex 12.2021 -8.20208 0
      vertex 12.0927 -8.30227 3
      vertex 12.2021 -8.20208 3
    endloop
  endfacet
  facet normal -0.675383 0.737467 0
    outer loop
      vertex 12.0927 -8.30227 3
      vertex 12.2021 -8.20208 0
      vertex 12.0927 -8.30227 0
    endloop
  endfacet
  facet normal -0.300747 -0.953704 0
    outer loop
      vertex 11.44 -5.35793 0
      vertex 11.5814 -5.40252 3
      vertex 11.44 -5.35793 3
    endloop
  endfacet
  facet normal -0.300747 -0.953704 -0
    outer loop
      vertex 11.5814 -5.40252 3
      vertex 11.44 -5.35793 0
      vertex 11.5814 -5.40252 0
    endloop
  endfacet
  facet normal 0.382709 0.923869 -0
    outer loop
      vertex 2.41857 -8.59748 0
      vertex 2.28155 -8.54072 3
      vertex 2.41857 -8.59748 3
    endloop
  endfacet
  facet normal 0.382709 0.923869 0
    outer loop
      vertex 2.28155 -8.54072 3
      vertex 2.41857 -8.59748 0
      vertex 2.28155 -8.54072 0
    endloop
  endfacet
  facet normal 0.793365 0.608746 0
    outer loop
      vertex 1.69772 -8.09274 3
      vertex 1.60744 -7.97508 0
      vertex 1.60744 -7.97508 3
    endloop
  endfacet
  facet normal 0.793365 0.608746 0
    outer loop
      vertex 1.60744 -7.97508 0
      vertex 1.69772 -8.09274 3
      vertex 1.69772 -8.09274 0
    endloop
  endfacet
  facet normal 0.6756 0.737268 -0
    outer loop
      vertex -4.58556 -4.33208 0
      vertex -4.7142 -4.2142 3
      vertex -4.58556 -4.33208 3
    endloop
  endfacet
  facet normal 0.6756 0.737268 0
    outer loop
      vertex -4.7142 -4.2142 3
      vertex -4.58556 -4.33208 0
      vertex -4.7142 -4.2142 0
    endloop
  endfacet
  facet normal -0.216463 0.976291 0
    outer loop
      vertex 3.81763 -4.73184 0
      vertex 3.64728 -4.76961 3
      vertex 3.81763 -4.73184 3
    endloop
  endfacet
  facet normal -0.216463 0.976291 0
    outer loop
      vertex 3.64728 -4.76961 3
      vertex 3.81763 -4.73184 0
      vertex 3.64728 -4.76961 0
    endloop
  endfacet
  facet normal 0.976291 0.216463 0
    outer loop
      vertex -5.23184 -3.31763 3
      vertex -5.26961 -3.14728 0
      vertex -5.26961 -3.14728 3
    endloop
  endfacet
  facet normal 0.976291 0.216463 0
    outer loop
      vertex -5.26961 -3.14728 0
      vertex -5.23184 -3.31763 3
      vertex -5.23184 -3.31763 0
    endloop
  endfacet
  facet normal 0.300745 -0.953705 0
    outer loop
      vertex -3.98402 6.67937 0
      vertex -3.81763 6.73184 3
      vertex -3.98402 6.67937 3
    endloop
  endfacet
  facet normal 0.300745 -0.953705 0
    outer loop
      vertex -3.81763 6.73184 3
      vertex -3.98402 6.67937 0
      vertex -3.81763 6.73184 0
    endloop
  endfacet
  facet normal 0.216463 -0.976291 0
    outer loop
      vertex -3.81763 6.73184 0
      vertex -3.64728 6.76961 3
      vertex -3.81763 6.73184 3
    endloop
  endfacet
  facet normal 0.216463 -0.976291 0
    outer loop
      vertex -3.64728 6.76961 3
      vertex -3.81763 6.73184 0
      vertex -3.64728 6.76961 0
    endloop
  endfacet
  facet normal -0.843378 0.53732 0
    outer loop
      vertex 4.93829 -3.94714 0
      vertex 5.03204 -3.79999 3
      vertex 5.03204 -3.79999 0
    endloop
  endfacet
  facet normal -0.843378 0.53732 0
    outer loop
      vertex 5.03204 -3.79999 3
      vertex 4.93829 -3.94714 0
      vertex 4.93829 -3.94714 3
    endloop
  endfacet
  facet normal 0 -1 0
    outer loop
      vertex -3.29999 6.79999 0
      vertex 3.29999 6.79999 3
      vertex -3.29999 6.79999 3
    endloop
  endfacet
  facet normal 0 -1 -0
    outer loop
      vertex 3.29999 6.79999 3
      vertex -3.29999 6.79999 0
      vertex 3.29999 6.79999 0
    endloop
  endfacet
  facet normal 0.953705 -0.300745 0
    outer loop
      vertex -5.23184 5.31763 3
      vertex -5.17937 5.48402 0
      vertex -5.17937 5.48402 3
    endloop
  endfacet
  facet normal 0.953705 -0.300745 0
    outer loop
      vertex -5.17937 5.48402 0
      vertex -5.23184 5.31763 3
      vertex -5.23184 5.31763 0
    endloop
  endfacet
  facet normal 0.923902 0.382629 0
    outer loop
      vertex -5.11261 -3.64522 3
      vertex -5.17937 -3.48402 0
      vertex -5.17937 -3.48402 3
    endloop
  endfacet
  facet normal 0.923902 0.382629 0
    outer loop
      vertex -5.17937 -3.48402 0
      vertex -5.11261 -3.64522 3
      vertex -5.11261 -3.64522 0
    endloop
  endfacet
  facet normal -0.999046 0.0436735 0
    outer loop
      vertex 5.29237 -2.9743 0
      vertex 5.29999 -2.79999 3
      vertex 5.29999 -2.79999 0
    endloop
  endfacet
  facet normal -0.999046 0.0436735 0
    outer loop
      vertex 5.29999 -2.79999 3
      vertex 5.29237 -2.9743 0
      vertex 5.29237 -2.9743 3
    endloop
  endfacet
  facet normal -0.991455 0.130452 0
    outer loop
      vertex 5.26961 -3.14728 0
      vertex 5.29237 -2.9743 3
      vertex 5.29237 -2.9743 0
    endloop
  endfacet
  facet normal -0.991455 0.130452 0
    outer loop
      vertex 5.29237 -2.9743 3
      vertex 5.26961 -3.14728 0
      vertex 5.26961 -3.14728 3
    endloop
  endfacet
  facet normal 0.887007 0.461757 0
    outer loop
      vertex -5.03204 -3.79999 3
      vertex -5.11261 -3.64522 0
      vertex -5.11261 -3.64522 3
    endloop
  endfacet
  facet normal 0.887007 0.461757 0
    outer loop
      vertex -5.11261 -3.64522 0
      vertex -5.03204 -3.79999 3
      vertex -5.03204 -3.79999 0
    endloop
  endfacet
  facet normal -0.382629 -0.923902 0
    outer loop
      vertex 3.98402 6.67937 0
      vertex 4.14522 6.61261 3
      vertex 3.98402 6.67937 3
    endloop
  endfacet
  facet normal -0.382629 -0.923902 -0
    outer loop
      vertex 4.14522 6.61261 3
      vertex 3.98402 6.67937 0
      vertex 4.14522 6.61261 0
    endloop
  endfacet
  facet normal 0.999046 -0.0436735 0
    outer loop
      vertex -5.29999 4.79999 3
      vertex -5.29237 4.9743 0
      vertex -5.29237 4.9743 3
    endloop
  endfacet
  facet normal 0.999046 -0.0436735 0
    outer loop
      vertex -5.29237 4.9743 0
      vertex -5.29999 4.79999 3
      vertex -5.29999 4.79999 0
    endloop
  endfacet
  facet normal -0.300745 -0.953705 0
    outer loop
      vertex 3.81763 6.73184 0
      vertex 3.98402 6.67937 3
      vertex 3.81763 6.73184 3
    endloop
  endfacet
  facet normal -0.300745 -0.953705 -0
    outer loop
      vertex 3.98402 6.67937 3
      vertex 3.81763 6.73184 0
      vertex 3.98402 6.67937 0
    endloop
  endfacet
  facet normal 0.887007 -0.461757 0
    outer loop
      vertex -5.11261 5.64522 3
      vertex -5.03204 5.79999 0
      vertex -5.03204 5.79999 3
    endloop
  endfacet
  facet normal 0.887007 -0.461757 0
    outer loop
      vertex -5.03204 5.79999 0
      vertex -5.11261 5.64522 3
      vertex -5.11261 5.64522 0
    endloop
  endfacet
  facet normal -0.6756 0.737268 0
    outer loop
      vertex 4.7142 -4.2142 0
      vertex 4.58556 -4.33208 3
      vertex 4.7142 -4.2142 3
    endloop
  endfacet
  facet normal -0.6756 0.737268 0
    outer loop
      vertex 4.58556 -4.33208 3
      vertex 4.7142 -4.2142 0
      vertex 4.58556 -4.33208 0
    endloop
  endfacet
  facet normal -0.53732 -0.843378 0
    outer loop
      vertex 4.29999 6.53204 0
      vertex 4.44714 6.43829 3
      vertex 4.29999 6.53204 3
    endloop
  endfacet
  facet normal -0.53732 -0.843378 -0
    outer loop
      vertex 4.44714 6.43829 3
      vertex 4.29999 6.53204 0
      vertex 4.44714 6.43829 0
    endloop
  endfacet
  facet normal 0.130452 -0.991455 0
    outer loop
      vertex -3.64728 6.76961 0
      vertex -3.4743 6.79237 3
      vertex -3.64728 6.76961 3
    endloop
  endfacet
  facet normal 0.130452 -0.991455 0
    outer loop
      vertex -3.4743 6.79237 3
      vertex -3.64728 6.76961 0
      vertex -3.4743 6.79237 0
    endloop
  endfacet
  facet normal 0.461757 -0.887007 0
    outer loop
      vertex -4.29999 6.53204 0
      vertex -4.14522 6.61261 3
      vertex -4.29999 6.53204 3
    endloop
  endfacet
  facet normal 0.461757 -0.887007 0
    outer loop
      vertex -4.14522 6.61261 3
      vertex -4.29999 6.53204 0
      vertex -4.14522 6.61261 0
    endloop
  endfacet
  facet normal -1 0 0
    outer loop
      vertex 5.29999 -2.79999 0
      vertex 5.29999 4.79999 3
      vertex 5.29999 4.79999 0
    endloop
  endfacet
  facet normal -1 -0 0
    outer loop
      vertex 5.29999 4.79999 3
      vertex 5.29999 -2.79999 0
      vertex 5.29999 -2.79999 3
    endloop
  endfacet
  facet normal -0.793363 -0.608749 0
    outer loop
      vertex 4.93829 5.94714 0
      vertex 4.83208 6.08556 3
      vertex 4.83208 6.08556 0
    endloop
  endfacet
  facet normal -0.793363 -0.608749 0
    outer loop
      vertex 4.83208 6.08556 3
      vertex 4.93829 5.94714 0
      vertex 4.93829 5.94714 3
    endloop
  endfacet
  facet normal -0.991455 -0.130452 0
    outer loop
      vertex 5.29237 4.9743 0
      vertex 5.26961 5.14728 3
      vertex 5.26961 5.14728 0
    endloop
  endfacet
  facet normal -0.991455 -0.130452 0
    outer loop
      vertex 5.26961 5.14728 3
      vertex 5.29237 4.9743 0
      vertex 5.29237 4.9743 3
    endloop
  endfacet
  facet normal 0.216463 0.976291 -0
    outer loop
      vertex -3.64728 -4.76961 0
      vertex -3.81763 -4.73184 3
      vertex -3.64728 -4.76961 3
    endloop
  endfacet
  facet normal 0.216463 0.976291 0
    outer loop
      vertex -3.81763 -4.73184 3
      vertex -3.64728 -4.76961 0
      vertex -3.81763 -4.73184 0
    endloop
  endfacet
  facet normal -0.0436735 -0.999046 0
    outer loop
      vertex 3.29999 6.79999 0
      vertex 3.4743 6.79237 3
      vertex 3.29999 6.79999 3
    endloop
  endfacet
  facet normal -0.0436735 -0.999046 -0
    outer loop
      vertex 3.4743 6.79237 3
      vertex 3.29999 6.79999 0
      vertex 3.4743 6.79237 0
    endloop
  endfacet
  facet normal 0.923902 -0.382629 0
    outer loop
      vertex -5.17937 5.48402 3
      vertex -5.11261 5.64522 0
      vertex -5.11261 5.64522 3
    endloop
  endfacet
  facet normal 0.923902 -0.382629 0
    outer loop
      vertex -5.11261 5.64522 0
      vertex -5.17937 5.48402 3
      vertex -5.17937 5.48402 0
    endloop
  endfacet
  facet normal 0.130452 0.991455 -0
    outer loop
      vertex -3.4743 -4.79237 0
      vertex -3.64728 -4.76961 3
      vertex -3.4743 -4.79237 3
    endloop
  endfacet
  facet normal 0.130452 0.991455 0
    outer loop
      vertex -3.64728 -4.76961 3
      vertex -3.4743 -4.79237 0
      vertex -3.64728 -4.76961 0
    endloop
  endfacet
  facet normal 1 -0 0
    outer loop
      vertex -5.29999 -2.79999 3
      vertex -5.29999 4.79999 0
      vertex -5.29999 4.79999 3
    endloop
  endfacet
  facet normal 1 0 0
    outer loop
      vertex -5.29999 4.79999 0
      vertex -5.29999 -2.79999 3
      vertex -5.29999 -2.79999 0
    endloop
  endfacet
  facet normal 0.0436735 0.999046 -0
    outer loop
      vertex -3.29999 -4.79999 0
      vertex -3.4743 -4.79237 3
      vertex -3.29999 -4.79999 3
    endloop
  endfacet
  facet normal 0.0436735 0.999046 0
    outer loop
      vertex -3.4743 -4.79237 3
      vertex -3.29999 -4.79999 0
      vertex -3.4743 -4.79237 0
    endloop
  endfacet
  facet normal 0 1 -0
    outer loop
      vertex 3.29999 -4.79999 0
      vertex -3.29999 -4.79999 3
      vertex 3.29999 -4.79999 3
    endloop
  endfacet
  facet normal 0 1 0
    outer loop
      vertex -3.29999 -4.79999 3
      vertex 3.29999 -4.79999 0
      vertex -3.29999 -4.79999 0
    endloop
  endfacet
  facet normal -0.461757 0.887007 0
    outer loop
      vertex 4.29999 -4.53204 0
      vertex 4.14522 -4.61261 3
      vertex 4.29999 -4.53204 3
    endloop
  endfacet
  facet normal -0.461757 0.887007 0
    outer loop
      vertex 4.14522 -4.61261 3
      vertex 4.29999 -4.53204 0
      vertex 4.14522 -4.61261 0
    endloop
  endfacet
  facet normal -0.216463 -0.976291 0
    outer loop
      vertex 3.64728 6.76961 0
      vertex 3.81763 6.73184 3
      vertex 3.64728 6.76961 3
    endloop
  endfacet
  facet normal -0.216463 -0.976291 -0
    outer loop
      vertex 3.81763 6.73184 3
      vertex 3.64728 6.76961 0
      vertex 3.81763 6.73184 0
    endloop
  endfacet
  facet normal -0.0436735 0.999046 0
    outer loop
      vertex 3.4743 -4.79237 0
      vertex 3.29999 -4.79999 3
      vertex 3.4743 -4.79237 3
    endloop
  endfacet
  facet normal -0.0436735 0.999046 0
    outer loop
      vertex 3.29999 -4.79999 3
      vertex 3.4743 -4.79237 0
      vertex 3.29999 -4.79999 0
    endloop
  endfacet
  facet normal -0.300745 0.953705 0
    outer loop
      vertex 3.98402 -4.67937 0
      vertex 3.81763 -4.73184 3
      vertex 3.98402 -4.67937 3
    endloop
  endfacet
  facet normal -0.300745 0.953705 0
    outer loop
      vertex 3.81763 -4.73184 3
      vertex 3.98402 -4.67937 0
      vertex 3.81763 -4.73184 0
    endloop
  endfacet
  facet normal -0.130452 0.991455 0
    outer loop
      vertex 3.64728 -4.76961 0
      vertex 3.4743 -4.79237 3
      vertex 3.64728 -4.76961 3
    endloop
  endfacet
  facet normal -0.130452 0.991455 0
    outer loop
      vertex 3.4743 -4.79237 3
      vertex 3.64728 -4.76961 0
      vertex 3.4743 -4.79237 0
    endloop
  endfacet
  facet normal -0.887007 -0.461757 0
    outer loop
      vertex 5.11261 5.64522 0
      vertex 5.03204 5.79999 3
      vertex 5.03204 5.79999 0
    endloop
  endfacet
  facet normal -0.887007 -0.461757 0
    outer loop
      vertex 5.03204 5.79999 3
      vertex 5.11261 5.64522 0
      vertex 5.11261 5.64522 3
    endloop
  endfacet
  facet normal -0.999046 -0.0436735 0
    outer loop
      vertex 5.29999 4.79999 0
      vertex 5.29237 4.9743 3
      vertex 5.29237 4.9743 0
    endloop
  endfacet
  facet normal -0.999046 -0.0436735 0
    outer loop
      vertex 5.29237 4.9743 3
      vertex 5.29999 4.79999 0
      vertex 5.29999 4.79999 3
    endloop
  endfacet
  facet normal -0.793363 0.608749 0
    outer loop
      vertex 4.83208 -4.08556 0
      vertex 4.93829 -3.94714 3
      vertex 4.93829 -3.94714 0
    endloop
  endfacet
  facet normal -0.793363 0.608749 0
    outer loop
      vertex 4.93829 -3.94714 3
      vertex 4.83208 -4.08556 0
      vertex 4.83208 -4.08556 3
    endloop
  endfacet
  facet normal -0.130452 -0.991455 0
    outer loop
      vertex 3.4743 6.79237 0
      vertex 3.64728 6.76961 3
      vertex 3.4743 6.79237 3
    endloop
  endfacet
  facet normal -0.130452 -0.991455 -0
    outer loop
      vertex 3.64728 6.76961 3
      vertex 3.4743 6.79237 0
      vertex 3.64728 6.76961 0
    endloop
  endfacet
  facet normal -0.923902 0.382629 0
    outer loop
      vertex 5.11261 -3.64522 0
      vertex 5.17937 -3.48402 3
      vertex 5.17937 -3.48402 0
    endloop
  endfacet
  facet normal -0.923902 0.382629 0
    outer loop
      vertex 5.17937 -3.48402 3
      vertex 5.11261 -3.64522 0
      vertex 5.11261 -3.64522 3
    endloop
  endfacet
  facet normal 0.608749 0.793363 -0
    outer loop
      vertex -4.44714 -4.43829 0
      vertex -4.58556 -4.33208 3
      vertex -4.44714 -4.43829 3
    endloop
  endfacet
  facet normal 0.608749 0.793363 0
    outer loop
      vertex -4.58556 -4.33208 3
      vertex -4.44714 -4.43829 0
      vertex -4.58556 -4.33208 0
    endloop
  endfacet
  facet normal 0.0436735 -0.999046 0
    outer loop
      vertex -3.4743 6.79237 0
      vertex -3.29999 6.79999 3
      vertex -3.4743 6.79237 3
    endloop
  endfacet
  facet normal 0.0436735 -0.999046 0
    outer loop
      vertex -3.29999 6.79999 3
      vertex -3.4743 6.79237 0
      vertex -3.29999 6.79999 0
    endloop
  endfacet
  facet normal 0.461757 0.887007 -0
    outer loop
      vertex -4.14522 -4.61261 0
      vertex -4.29999 -4.53204 3
      vertex -4.14522 -4.61261 3
    endloop
  endfacet
  facet normal 0.461757 0.887007 0
    outer loop
      vertex -4.29999 -4.53204 3
      vertex -4.14522 -4.61261 0
      vertex -4.29999 -4.53204 0
    endloop
  endfacet
  facet normal -0.976291 -0.216463 0
    outer loop
      vertex 5.26961 5.14728 0
      vertex 5.23184 5.31763 3
      vertex 5.23184 5.31763 0
    endloop
  endfacet
  facet normal -0.976291 -0.216463 0
    outer loop
      vertex 5.23184 5.31763 3
      vertex 5.26961 5.14728 0
      vertex 5.26961 5.14728 3
    endloop
  endfacet
  facet normal 0.843378 0.53732 0
    outer loop
      vertex -4.93829 -3.94714 3
      vertex -5.03204 -3.79999 0
      vertex -5.03204 -3.79999 3
    endloop
  endfacet
  facet normal 0.843378 0.53732 0
    outer loop
      vertex -5.03204 -3.79999 0
      vertex -4.93829 -3.94714 3
      vertex -4.93829 -3.94714 0
    endloop
  endfacet
  facet normal 0.793363 0.608749 0
    outer loop
      vertex -4.83208 -4.08556 3
      vertex -4.93829 -3.94714 0
      vertex -4.93829 -3.94714 3
    endloop
  endfacet
  facet normal 0.793363 0.608749 0
    outer loop
      vertex -4.93829 -3.94714 0
      vertex -4.83208 -4.08556 3
      vertex -4.83208 -4.08556 0
    endloop
  endfacet
  facet normal 0.53732 -0.843378 0
    outer loop
      vertex -4.44714 6.43829 0
      vertex -4.29999 6.53204 3
      vertex -4.44714 6.43829 3
    endloop
  endfacet
  facet normal 0.53732 -0.843378 0
    outer loop
      vertex -4.29999 6.53204 3
      vertex -4.44714 6.43829 0
      vertex -4.29999 6.53204 0
    endloop
  endfacet
  facet normal 0.793363 -0.608749 0
    outer loop
      vertex -4.93829 5.94714 3
      vertex -4.83208 6.08556 0
      vertex -4.83208 6.08556 3
    endloop
  endfacet
  facet normal 0.793363 -0.608749 0
    outer loop
      vertex -4.83208 6.08556 0
      vertex -4.93829 5.94714 3
      vertex -4.93829 5.94714 0
    endloop
  endfacet
  facet normal 0.53732 0.843378 -0
    outer loop
      vertex -4.29999 -4.53204 0
      vertex -4.44714 -4.43829 3
      vertex -4.29999 -4.53204 3
    endloop
  endfacet
  facet normal 0.53732 0.843378 0
    outer loop
      vertex -4.44714 -4.43829 3
      vertex -4.29999 -4.53204 0
      vertex -4.44714 -4.43829 0
    endloop
  endfacet
  facet normal -0.976291 0.216463 0
    outer loop
      vertex 5.23184 -3.31763 0
      vertex 5.26961 -3.14728 3
      vertex 5.26961 -3.14728 0
    endloop
  endfacet
  facet normal -0.976291 0.216463 0
    outer loop
      vertex 5.26961 -3.14728 3
      vertex 5.23184 -3.31763 0
      vertex 5.23184 -3.31763 3
    endloop
  endfacet
  facet normal 0.976291 -0.216463 0
    outer loop
      vertex -5.26961 5.14728 3
      vertex -5.23184 5.31763 0
      vertex -5.23184 5.31763 3
    endloop
  endfacet
  facet normal 0.976291 -0.216463 0
    outer loop
      vertex -5.23184 5.31763 0
      vertex -5.26961 5.14728 3
      vertex -5.26961 5.14728 0
    endloop
  endfacet
  facet normal -0.953705 0.300745 0
    outer loop
      vertex 5.17937 -3.48402 0
      vertex 5.23184 -3.31763 3
      vertex 5.23184 -3.31763 0
    endloop
  endfacet
  facet normal -0.953705 0.300745 0
    outer loop
      vertex 5.23184 -3.31763 3
      vertex 5.17937 -3.48402 0
      vertex 5.17937 -3.48402 3
    endloop
  endfacet
  facet normal -0.737268 -0.6756 0
    outer loop
      vertex 4.83208 6.08556 0
      vertex 4.7142 6.2142 3
      vertex 4.7142 6.2142 0
    endloop
  endfacet
  facet normal -0.737268 -0.6756 0
    outer loop
      vertex 4.7142 6.2142 3
      vertex 4.83208 6.08556 0
      vertex 4.83208 6.08556 3
    endloop
  endfacet
  facet normal 0.953705 0.300745 0
    outer loop
      vertex -5.17937 -3.48402 3
      vertex -5.23184 -3.31763 0
      vertex -5.23184 -3.31763 3
    endloop
  endfacet
  facet normal 0.953705 0.300745 0
    outer loop
      vertex -5.23184 -3.31763 0
      vertex -5.17937 -3.48402 3
      vertex -5.17937 -3.48402 0
    endloop
  endfacet
  facet normal -0.608749 0.793363 0
    outer loop
      vertex 4.58556 -4.33208 0
      vertex 4.44714 -4.43829 3
      vertex 4.58556 -4.33208 3
    endloop
  endfacet
  facet normal -0.608749 0.793363 0
    outer loop
      vertex 4.44714 -4.43829 3
      vertex 4.58556 -4.33208 0
      vertex 4.44714 -4.43829 0
    endloop
  endfacet
  facet normal 0.608749 -0.793363 0
    outer loop
      vertex -4.58556 6.33208 0
      vertex -4.44714 6.43829 3
      vertex -4.58556 6.33208 3
    endloop
  endfacet
  facet normal 0.608749 -0.793363 0
    outer loop
      vertex -4.44714 6.43829 3
      vertex -4.58556 6.33208 0
      vertex -4.44714 6.43829 0
    endloop
  endfacet
  facet normal -0.461757 -0.887007 0
    outer loop
      vertex 4.14522 6.61261 0
      vertex 4.29999 6.53204 3
      vertex 4.14522 6.61261 3
    endloop
  endfacet
  facet normal -0.461757 -0.887007 -0
    outer loop
      vertex 4.29999 6.53204 3
      vertex 4.14522 6.61261 0
      vertex 4.29999 6.53204 0
    endloop
  endfacet
  facet normal 0.300745 0.953705 -0
    outer loop
      vertex -3.81763 -4.73184 0
      vertex -3.98402 -4.67937 3
      vertex -3.81763 -4.73184 3
    endloop
  endfacet
  facet normal 0.300745 0.953705 0
    outer loop
      vertex -3.98402 -4.67937 3
      vertex -3.81763 -4.73184 0
      vertex -3.98402 -4.67937 0
    endloop
  endfacet
  facet normal 0.382629 0.923902 -0
    outer loop
      vertex -3.98402 -4.67937 0
      vertex -4.14522 -4.61261 3
      vertex -3.98402 -4.67937 3
    endloop
  endfacet
  facet normal 0.382629 0.923902 0
    outer loop
      vertex -4.14522 -4.61261 3
      vertex -3.98402 -4.67937 0
      vertex -4.14522 -4.61261 0
    endloop
  endfacet
  facet normal -0.843378 -0.53732 0
    outer loop
      vertex 5.03204 5.79999 0
      vertex 4.93829 5.94714 3
      vertex 4.93829 5.94714 0
    endloop
  endfacet
  facet normal -0.843378 -0.53732 0
    outer loop
      vertex 4.93829 5.94714 3
      vertex 5.03204 5.79999 0
      vertex 5.03204 5.79999 3
    endloop
  endfacet
  facet normal -0.382629 0.923902 0
    outer loop
      vertex 4.14522 -4.61261 0
      vertex 3.98402 -4.67937 3
      vertex 4.14522 -4.61261 3
    endloop
  endfacet
  facet normal -0.382629 0.923902 0
    outer loop
      vertex 3.98402 -4.67937 3
      vertex 4.14522 -4.61261 0
      vertex 3.98402 -4.67937 0
    endloop
  endfacet
  facet normal -0.887007 0.461757 0
    outer loop
      vertex 5.03204 -3.79999 0
      vertex 5.11261 -3.64522 3
      vertex 5.11261 -3.64522 0
    endloop
  endfacet
  facet normal -0.887007 0.461757 0
    outer loop
      vertex 5.11261 -3.64522 3
      vertex 5.03204 -3.79999 0
      vertex 5.03204 -3.79999 3
    endloop
  endfacet
  facet normal 0.737268 0.6756 0
    outer loop
      vertex -4.7142 -4.2142 3
      vertex -4.83208 -4.08556 0
      vertex -4.83208 -4.08556 3
    endloop
  endfacet
  facet normal 0.737268 0.6756 0
    outer loop
      vertex -4.83208 -4.08556 0
      vertex -4.7142 -4.2142 3
      vertex -4.7142 -4.2142 0
    endloop
  endfacet
  facet normal 0.999046 0.0436735 0
    outer loop
      vertex -5.29237 -2.9743 3
      vertex -5.29999 -2.79999 0
      vertex -5.29999 -2.79999 3
    endloop
  endfacet
  facet normal 0.999046 0.0436735 0
    outer loop
      vertex -5.29999 -2.79999 0
      vertex -5.29237 -2.9743 3
      vertex -5.29237 -2.9743 0
    endloop
  endfacet
  facet normal 0.991455 0.130452 0
    outer loop
      vertex -5.26961 -3.14728 3
      vertex -5.29237 -2.9743 0
      vertex -5.29237 -2.9743 3
    endloop
  endfacet
  facet normal 0.991455 0.130452 0
    outer loop
      vertex -5.29237 -2.9743 0
      vertex -5.26961 -3.14728 3
      vertex -5.26961 -3.14728 0
    endloop
  endfacet
  facet normal -0.6756 -0.737268 0
    outer loop
      vertex 4.58556 6.33208 0
      vertex 4.7142 6.2142 3
      vertex 4.58556 6.33208 3
    endloop
  endfacet
  facet normal -0.6756 -0.737268 -0
    outer loop
      vertex 4.7142 6.2142 3
      vertex 4.58556 6.33208 0
      vertex 4.7142 6.2142 0
    endloop
  endfacet
  facet normal 0.382629 -0.923902 0
    outer loop
      vertex -4.14522 6.61261 0
      vertex -3.98402 6.67937 3
      vertex -4.14522 6.61261 3
    endloop
  endfacet
  facet normal 0.382629 -0.923902 0
    outer loop
      vertex -3.98402 6.67937 3
      vertex -4.14522 6.61261 0
      vertex -3.98402 6.67937 0
    endloop
  endfacet
  facet normal -0.737268 0.6756 0
    outer loop
      vertex 4.7142 -4.2142 0
      vertex 4.83208 -4.08556 3
      vertex 4.83208 -4.08556 0
    endloop
  endfacet
  facet normal -0.737268 0.6756 0
    outer loop
      vertex 4.83208 -4.08556 3
      vertex 4.7142 -4.2142 0
      vertex 4.7142 -4.2142 3
    endloop
  endfacet
  facet normal 0.737268 -0.6756 0
    outer loop
      vertex -4.83208 6.08556 3
      vertex -4.7142 6.2142 0
      vertex -4.7142 6.2142 3
    endloop
  endfacet
  facet normal 0.737268 -0.6756 0
    outer loop
      vertex -4.7142 6.2142 0
      vertex -4.83208 6.08556 3
      vertex -4.83208 6.08556 0
    endloop
  endfacet
  facet normal -0.923902 -0.382629 0
    outer loop
      vertex 5.17937 5.48402 0
      vertex 5.11261 5.64522 3
      vertex 5.11261 5.64522 0
    endloop
  endfacet
  facet normal -0.923902 -0.382629 0
    outer loop
      vertex 5.11261 5.64522 3
      vertex 5.17937 5.48402 0
      vertex 5.17937 5.48402 3
    endloop
  endfacet
  facet normal -0.608749 -0.793363 0
    outer loop
      vertex 4.44714 6.43829 0
      vertex 4.58556 6.33208 3
      vertex 4.44714 6.43829 3
    endloop
  endfacet
  facet normal -0.608749 -0.793363 -0
    outer loop
      vertex 4.58556 6.33208 3
      vertex 4.44714 6.43829 0
      vertex 4.58556 6.33208 0
    endloop
  endfacet
  facet normal 0.843378 -0.53732 0
    outer loop
      vertex -5.03204 5.79999 3
      vertex -4.93829 5.94714 0
      vertex -4.93829 5.94714 3
    endloop
  endfacet
  facet normal 0.843378 -0.53732 0
    outer loop
      vertex -4.93829 5.94714 0
      vertex -5.03204 5.79999 3
      vertex -5.03204 5.79999 0
    endloop
  endfacet
  facet normal -0.953705 -0.300745 0
    outer loop
      vertex 5.23184 5.31763 0
      vertex 5.17937 5.48402 3
      vertex 5.17937 5.48402 0
    endloop
  endfacet
  facet normal -0.953705 -0.300745 0
    outer loop
      vertex 5.17937 5.48402 3
      vertex 5.23184 5.31763 0
      vertex 5.23184 5.31763 3
    endloop
  endfacet
  facet normal 0.6756 -0.737268 0
    outer loop
      vertex -4.7142 6.2142 0
      vertex -4.58556 6.33208 3
      vertex -4.7142 6.2142 3
    endloop
  endfacet
  facet normal 0.6756 -0.737268 0
    outer loop
      vertex -4.58556 6.33208 3
      vertex -4.7142 6.2142 0
      vertex -4.58556 6.33208 0
    endloop
  endfacet
  facet normal 0.991455 -0.130452 0
    outer loop
      vertex -5.29237 4.9743 3
      vertex -5.26961 5.14728 0
      vertex -5.26961 5.14728 3
    endloop
  endfacet
  facet normal 0.991455 -0.130452 0
    outer loop
      vertex -5.26961 5.14728 0
      vertex -5.29237 4.9743 3
      vertex -5.29237 4.9743 0
    endloop
  endfacet
  facet normal -0.53732 0.843378 0
    outer loop
      vertex 4.44714 -4.43829 0
      vertex 4.29999 -4.53204 3
      vertex 4.44714 -4.43829 3
    endloop
  endfacet
  facet normal -0.53732 0.843378 0
    outer loop
      vertex 4.29999 -4.53204 3
      vertex 4.44714 -4.43829 0
      vertex 4.29999 -4.53204 0
    endloop
  endfacet
endsolid OpenSCAD_Model
