solid OpenSCAD_Model
  facet normal 1 -0 0
    outer loop
      vertex -34.4 -69 7.9
      vertex -34.4 69 2.4
      vertex -34.4 69 7.9
    endloop
  endfacet
  facet normal 1 0 0
    outer loop
      vertex -34.4 69 2.4
      vertex -34.4 -69 7.9
      vertex -34.4 -69 2.4
    endloop
  endfacet
  facet normal -0 0 1
    outer loop
      vertex -36.9 69 7.9
      vertex -34.4 -69 7.9
      vertex -34.4 69 7.9
    endloop
  endfacet
  facet normal 0 0 1
    outer loop
      vertex -34.4 -69 7.9
      vertex -36.9 69 7.9
      vertex -36.9 -69 7.9
    endloop
  endfacet
  facet normal -1 0 0
    outer loop
      vertex -36.9 -69 2.4
      vertex -36.9 69 7.9
      vertex -36.9 69 2.4
    endloop
  endfacet
  facet normal -1 -0 0
    outer loop
      vertex -36.9 69 7.9
      vertex -36.9 -69 2.4
      vertex -36.9 -69 7.9
    endloop
  endfacet
  facet normal 0 1 -0
    outer loop
      vertex -34.4 69 2.4
      vertex -36.9 69 7.9
      vertex -34.4 69 7.9
    endloop
  endfacet
  facet normal 0 1 0
    outer loop
      vertex -36.9 69 7.9
      vertex -34.4 69 2.4
      vertex -36.9 69 2.4
    endloop
  endfacet
  facet normal 0 -1 0
    outer loop
      vertex -36.9 -69 2.4
      vertex -34.4 -69 7.9
      vertex -36.9 -69 7.9
    endloop
  endfacet
  facet normal 0 -1 -0
    outer loop
      vertex -34.4 -69 7.9
      vertex -36.9 -69 2.4
      vertex -34.4 -69 2.4
    endloop
  endfacet
  facet normal 1 -0 0
    outer loop
      vertex 36.9 -69 7.9
      vertex 36.9 69 2.4
      vertex 36.9 69 7.9
    endloop
  endfacet
  facet normal 1 0 0
    outer loop
      vertex 36.9 69 2.4
      vertex 36.9 -69 7.9
      vertex 36.9 -69 2.4
    endloop
  endfacet
  facet normal -0 0 1
    outer loop
      vertex 34.4 69 7.9
      vertex 36.9 -69 7.9
      vertex 36.9 69 7.9
    endloop
  endfacet
  facet normal 0 0 1
    outer loop
      vertex 36.9 -69 7.9
      vertex 34.4 69 7.9
      vertex 34.4 -69 7.9
    endloop
  endfacet
  facet normal -1 0 0
    outer loop
      vertex 34.4 -69 2.4
      vertex 34.4 69 7.9
      vertex 34.4 69 2.4
    endloop
  endfacet
  facet normal -1 -0 0
    outer loop
      vertex 34.4 69 7.9
      vertex 34.4 -69 2.4
      vertex 34.4 -69 7.9
    endloop
  endfacet
  facet normal 0 1 -0
    outer loop
      vertex 36.9 69 2.4
      vertex 34.4 69 7.9
      vertex 36.9 69 7.9
    endloop
  endfacet
  facet normal 0 1 0
    outer loop
      vertex 34.4 69 7.9
      vertex 36.9 69 2.4
      vertex 34.4 69 2.4
    endloop
  endfacet
  facet normal 0 -1 0
    outer loop
      vertex 34.4 -69 2.4
      vertex 36.9 -69 7.9
      vertex 34.4 -69 7.9
    endloop
  endfacet
  facet normal 0 -1 -0
    outer loop
      vertex 36.9 -69 7.9
      vertex 34.4 -69 2.4
      vertex 36.9 -69 2.4
    endloop
  endfacet
  facet normal -0.843362 -0.537345 0
    outer loop
      vertex -40.9149 -70.4415 0
      vertex -41.1962 -70 2.4
      vertex -41.1962 -70 0
    endloop
  endfacet
  facet normal -0.843362 -0.537345 0
    outer loop
      vertex -41.1962 -70 2.4
      vertex -40.9149 -70.4415 0
      vertex -40.9149 -70.4415 2.4
    endloop
  endfacet
  facet normal 0.0435616 -0.999051 0
    outer loop
      vertex 36 -73 0
      vertex 36.5229 -72.9772 2.4
      vertex 36 -73 2.4
    endloop
  endfacet
  facet normal 0.0435616 -0.999051 0
    outer loop
      vertex 36.5229 -72.9772 2.4
      vertex 36 -73 0
      vertex 36.5229 -72.9772 0
    endloop
  endfacet
  facet normal -0.537345 -0.843362 0
    outer loop
      vertex -39.4415 -71.9149 0
      vertex -39 -72.1962 2.4
      vertex -39.4415 -71.9149 2.4
    endloop
  endfacet
  facet normal -0.537345 -0.843362 -0
    outer loop
      vertex -39 -72.1962 2.4
      vertex -39.4415 -71.9149 0
      vertex -39 -72.1962 0
    endloop
  endfacet
  facet normal -0.300537 0.95377 0
    outer loop
      vertex -37.5529 72.7955 0
      vertex -38.0521 72.6382 2.4
      vertex -37.5529 72.7955 2.4
    endloop
  endfacet
  facet normal -0.300537 0.95377 0
    outer loop
      vertex -38.0521 72.6382 2.4
      vertex -37.5529 72.7955 0
      vertex -38.0521 72.6382 0
    endloop
  endfacet
  facet normal 0 1 -0
    outer loop
      vertex 36 73 0
      vertex -36 73 2.4
      vertex 36 73 2.4
    endloop
  endfacet
  facet normal 0 1 0
    outer loop
      vertex -36 73 2.4
      vertex 36 73 0
      vertex -36 73 0
    endloop
  endfacet
  facet normal -0.0435616 -0.999051 0
    outer loop
      vertex -36.5229 -72.9772 0
      vertex -36 -73 2.4
      vertex -36.5229 -72.9772 2.4
    endloop
  endfacet
  facet normal -0.0435616 -0.999051 -0
    outer loop
      vertex -36 -73 2.4
      vertex -36.5229 -72.9772 0
      vertex -36 -73 0
    endloop
  endfacet
  facet normal -0.991427 -0.130662 0
    outer loop
      vertex -41.9088 -68.0419 0
      vertex -41.9772 -67.5229 2.4
      vertex -41.9772 -67.5229 0
    endloop
  endfacet
  facet normal -0.991427 -0.130662 0
    outer loop
      vertex -41.9772 -67.5229 2.4
      vertex -41.9088 -68.0419 0
      vertex -41.9088 -68.0419 2.4
    endloop
  endfacet
  facet normal 0.216465 0.97629 -0
    outer loop
      vertex 37.5529 72.7955 0
      vertex 37.0419 72.9088 2.4
      vertex 37.5529 72.7955 2.4
    endloop
  endfacet
  facet normal 0.216465 0.97629 0
    outer loop
      vertex 37.0419 72.9088 2.4
      vertex 37.5529 72.7955 0
      vertex 37.0419 72.9088 0
    endloop
  endfacet
  facet normal -0.843362 0.537345 0
    outer loop
      vertex -41.1962 70 0
      vertex -40.9149 70.4415 2.4
      vertex -40.9149 70.4415 0
    endloop
  endfacet
  facet normal -0.843362 0.537345 0
    outer loop
      vertex -40.9149 70.4415 2.4
      vertex -41.1962 70 0
      vertex -41.1962 70 2.4
    endloop
  endfacet
  facet normal -0.999051 0.0435616 0
    outer loop
      vertex -42 67 0
      vertex -41.9772 67.5229 2.4
      vertex -41.9772 67.5229 0
    endloop
  endfacet
  facet normal -0.999051 0.0435616 0
    outer loop
      vertex -41.9772 67.5229 2.4
      vertex -42 67 0
      vertex -42 67 2.4
    endloop
  endfacet
  facet normal 0.88701 -0.46175 0
    outer loop
      vertex 41.1962 -70 2.4
      vertex 41.4379 -69.5357 0
      vertex 41.4379 -69.5357 2.4
    endloop
  endfacet
  facet normal 0.88701 -0.46175 0
    outer loop
      vertex 41.4379 -69.5357 0
      vertex 41.1962 -70 2.4
      vertex 41.1962 -70 0
    endloop
  endfacet
  facet normal -0.382661 -0.923889 0
    outer loop
      vertex -38.5357 -72.4379 0
      vertex -38.0521 -72.6382 2.4
      vertex -38.5357 -72.4379 2.4
    endloop
  endfacet
  facet normal -0.382661 -0.923889 -0
    outer loop
      vertex -38.0521 -72.6382 2.4
      vertex -38.5357 -72.4379 0
      vertex -38.0521 -72.6382 0
    endloop
  endfacet
  facet normal 0.675681 0.737194 -0
    outer loop
      vertex 40.2426 71.2426 0
      vertex 39.8567 71.5963 2.4
      vertex 40.2426 71.2426 2.4
    endloop
  endfacet
  facet normal 0.675681 0.737194 0
    outer loop
      vertex 39.8567 71.5963 2.4
      vertex 40.2426 71.2426 0
      vertex 39.8567 71.5963 0
    endloop
  endfacet
  facet normal 0.382661 -0.923889 0
    outer loop
      vertex 38.0521 -72.6382 0
      vertex 38.5357 -72.4379 2.4
      vertex 38.0521 -72.6382 2.4
    endloop
  endfacet
  facet normal 0.382661 -0.923889 0
    outer loop
      vertex 38.5357 -72.4379 2.4
      vertex 38.0521 -72.6382 0
      vertex 38.5357 -72.4379 0
    endloop
  endfacet
  facet normal 0.216465 -0.97629 0
    outer loop
      vertex 37.0419 -72.9088 0
      vertex 37.5529 -72.7955 2.4
      vertex 37.0419 -72.9088 2.4
    endloop
  endfacet
  facet normal 0.216465 -0.97629 0
    outer loop
      vertex 37.5529 -72.7955 2.4
      vertex 37.0419 -72.9088 0
      vertex 37.5529 -72.7955 0
    endloop
  endfacet
  facet normal -0.0435616 0.999051 0
    outer loop
      vertex -36 73 0
      vertex -36.5229 72.9772 2.4
      vertex -36 73 2.4
    endloop
  endfacet
  facet normal -0.0435616 0.999051 0
    outer loop
      vertex -36.5229 72.9772 2.4
      vertex -36 73 0
      vertex -36.5229 72.9772 0
    endloop
  endfacet
  facet normal 0.88701 0.46175 0
    outer loop
      vertex 41.4379 69.5357 2.4
      vertex 41.1962 70 0
      vertex 41.1962 70 2.4
    endloop
  endfacet
  facet normal 0.88701 0.46175 0
    outer loop
      vertex 41.1962 70 0
      vertex 41.4379 69.5357 2.4
      vertex 41.4379 69.5357 0
    endloop
  endfacet
  facet normal -1 0 0
    outer loop
      vertex -42 -67 0
      vertex -42 67 2.4
      vertex -42 67 0
    endloop
  endfacet
  facet normal -1 -0 0
    outer loop
      vertex -42 67 2.4
      vertex -42 -67 0
      vertex -42 -67 2.4
    endloop
  endfacet
  facet normal 0 -1 0
    outer loop
      vertex -36 -73 0
      vertex 36 -73 2.4
      vertex -36 -73 2.4
    endloop
  endfacet
  facet normal 0 -1 -0
    outer loop
      vertex 36 -73 2.4
      vertex -36 -73 0
      vertex 36 -73 0
    endloop
  endfacet
  facet normal 0.46175 -0.88701 0
    outer loop
      vertex 38.5357 -72.4379 0
      vertex 39 -72.1962 2.4
      vertex 38.5357 -72.4379 2.4
    endloop
  endfacet
  facet normal 0.46175 -0.88701 0
    outer loop
      vertex 39 -72.1962 2.4
      vertex 38.5357 -72.4379 0
      vertex 39 -72.1962 0
    endloop
  endfacet
  facet normal -0.216465 0.97629 0
    outer loop
      vertex -37.0419 72.9088 0
      vertex -37.5529 72.7955 2.4
      vertex -37.0419 72.9088 2.4
    endloop
  endfacet
  facet normal -0.216465 0.97629 0
    outer loop
      vertex -37.5529 72.7955 2.4
      vertex -37.0419 72.9088 0
      vertex -37.5529 72.7955 0
    endloop
  endfacet
  facet normal -0.737194 -0.675681 0
    outer loop
      vertex -40.2426 -71.2426 0
      vertex -40.5963 -70.8567 2.4
      vertex -40.5963 -70.8567 0
    endloop
  endfacet
  facet normal -0.737194 -0.675681 0
    outer loop
      vertex -40.5963 -70.8567 2.4
      vertex -40.2426 -71.2426 0
      vertex -40.2426 -71.2426 2.4
    endloop
  endfacet
  facet normal -0.793348 0.608768 0
    outer loop
      vertex -40.9149 70.4415 0
      vertex -40.5963 70.8567 2.4
      vertex -40.5963 70.8567 0
    endloop
  endfacet
  facet normal -0.793348 0.608768 0
    outer loop
      vertex -40.5963 70.8567 2.4
      vertex -40.9149 70.4415 0
      vertex -40.9149 70.4415 2.4
    endloop
  endfacet
  facet normal 0.843362 0.537345 0
    outer loop
      vertex 41.1962 70 2.4
      vertex 40.9149 70.4415 0
      vertex 40.9149 70.4415 2.4
    endloop
  endfacet
  facet normal 0.843362 0.537345 0
    outer loop
      vertex 40.9149 70.4415 0
      vertex 41.1962 70 2.4
      vertex 41.1962 70 0
    endloop
  endfacet
  facet normal 0.675681 -0.737194 0
    outer loop
      vertex 39.8567 -71.5963 0
      vertex 40.2426 -71.2426 2.4
      vertex 39.8567 -71.5963 2.4
    endloop
  endfacet
  facet normal 0.675681 -0.737194 0
    outer loop
      vertex 40.2426 -71.2426 2.4
      vertex 39.8567 -71.5963 0
      vertex 40.2426 -71.2426 0
    endloop
  endfacet
  facet normal 1 -0 0
    outer loop
      vertex 42 -67 2.4
      vertex 42 67 0
      vertex 42 67 2.4
    endloop
  endfacet
  facet normal 1 0 0
    outer loop
      vertex 42 67 0
      vertex 42 -67 2.4
      vertex 42 -67 0
    endloop
  endfacet
  facet normal -0.537345 0.843362 0
    outer loop
      vertex -39 72.1962 0
      vertex -39.4415 71.9149 2.4
      vertex -39 72.1962 2.4
    endloop
  endfacet
  facet normal -0.537345 0.843362 0
    outer loop
      vertex -39.4415 71.9149 2.4
      vertex -39 72.1962 0
      vertex -39.4415 71.9149 0
    endloop
  endfacet
  facet normal -0.991427 0.130662 0
    outer loop
      vertex -41.9772 67.5229 0
      vertex -41.9088 68.0419 2.4
      vertex -41.9088 68.0419 0
    endloop
  endfacet
  facet normal -0.991427 0.130662 0
    outer loop
      vertex -41.9088 68.0419 2.4
      vertex -41.9772 67.5229 0
      vertex -41.9772 67.5229 2.4
    endloop
  endfacet
  facet normal -0.608768 0.793348 0
    outer loop
      vertex -39.4415 71.9149 0
      vertex -39.8567 71.5963 2.4
      vertex -39.4415 71.9149 2.4
    endloop
  endfacet
  facet normal -0.608768 0.793348 0
    outer loop
      vertex -39.8567 71.5963 2.4
      vertex -39.4415 71.9149 0
      vertex -39.8567 71.5963 0
    endloop
  endfacet
  facet normal 0.608768 -0.793348 0
    outer loop
      vertex 39.4415 -71.9149 0
      vertex 39.8567 -71.5963 2.4
      vertex 39.4415 -71.9149 2.4
    endloop
  endfacet
  facet normal 0.608768 -0.793348 0
    outer loop
      vertex 39.8567 -71.5963 2.4
      vertex 39.4415 -71.9149 0
      vertex 39.8567 -71.5963 0
    endloop
  endfacet
  facet normal 0.382661 0.923889 -0
    outer loop
      vertex 38.5357 72.4379 0
      vertex 38.0521 72.6382 2.4
      vertex 38.5357 72.4379 2.4
    endloop
  endfacet
  facet normal 0.382661 0.923889 0
    outer loop
      vertex 38.0521 72.6382 2.4
      vertex 38.5357 72.4379 0
      vertex 38.0521 72.6382 0
    endloop
  endfacet
  facet normal 0.793348 0.608768 0
    outer loop
      vertex 40.9149 70.4415 2.4
      vertex 40.5963 70.8567 0
      vertex 40.5963 70.8567 2.4
    endloop
  endfacet
  facet normal 0.793348 0.608768 0
    outer loop
      vertex 40.5963 70.8567 0
      vertex 40.9149 70.4415 2.4
      vertex 40.9149 70.4415 0
    endloop
  endfacet
  facet normal 0.737194 0.675681 0
    outer loop
      vertex 40.5963 70.8567 2.4
      vertex 40.2426 71.2426 0
      vertex 40.2426 71.2426 2.4
    endloop
  endfacet
  facet normal 0.737194 0.675681 0
    outer loop
      vertex 40.2426 71.2426 0
      vertex 40.5963 70.8567 2.4
      vertex 40.5963 70.8567 0
    endloop
  endfacet
  facet normal -0 0 1
    outer loop
      vertex -37.3065 54.8518 2.4
      vertex -37.3 -55 2.4
      vertex -37.3 55 2.4
    endloop
  endfacet
  facet normal 0 0 1
    outer loop
      vertex -37.3065 54.8518 2.4
      vertex -37.3065 -54.8518 2.4
      vertex -37.3 -55 2.4
    endloop
  endfacet
  facet normal -0 0 1
    outer loop
      vertex -37.3258 54.7048 2.4
      vertex -37.3065 -54.8518 2.4
      vertex -37.3065 54.8518 2.4
    endloop
  endfacet
  facet normal 0 0 1
    outer loop
      vertex -37.3258 54.7048 2.4
      vertex -37.3258 -54.7048 2.4
      vertex -37.3065 -54.8518 2.4
    endloop
  endfacet
  facet normal -0 0 1
    outer loop
      vertex -37.3579 54.56 2.4
      vertex -37.3258 -54.7048 2.4
      vertex -37.3258 54.7048 2.4
    endloop
  endfacet
  facet normal 0 0 1
    outer loop
      vertex -37.3579 54.56 2.4
      vertex -37.3579 -54.56 2.4
      vertex -37.3258 -54.7048 2.4
    endloop
  endfacet
  facet normal -0 0 1
    outer loop
      vertex -37.4025 54.4186 2.4
      vertex -37.3579 -54.56 2.4
      vertex -37.3579 54.56 2.4
    endloop
  endfacet
  facet normal 0 0 1
    outer loop
      vertex -37.4025 54.4186 2.4
      vertex -37.4025 -54.4186 2.4
      vertex -37.3579 -54.56 2.4
    endloop
  endfacet
  facet normal -0 0 1
    outer loop
      vertex -37.4593 54.2815 2.4
      vertex -37.4025 -54.4186 2.4
      vertex -37.4025 54.4186 2.4
    endloop
  endfacet
  facet normal 0 0 1
    outer loop
      vertex -37.4593 54.2815 2.4
      vertex -37.4593 -54.2815 2.4
      vertex -37.4025 -54.4186 2.4
    endloop
  endfacet
  facet normal -0 0 1
    outer loop
      vertex -37.5278 54.15 2.4
      vertex -37.4593 -54.2815 2.4
      vertex -37.4593 54.2815 2.4
    endloop
  endfacet
  facet normal 0 0 1
    outer loop
      vertex -37.5278 54.15 2.4
      vertex -37.5278 -54.15 2.4
      vertex -37.4593 -54.2815 2.4
    endloop
  endfacet
  facet normal -0 0 1
    outer loop
      vertex -37.6074 54.0249 2.4
      vertex -37.5278 -54.15 2.4
      vertex -37.5278 54.15 2.4
    endloop
  endfacet
  facet normal 0 0 1
    outer loop
      vertex -37.6074 54.0249 2.4
      vertex -37.6074 -54.0249 2.4
      vertex -37.5278 -54.15 2.4
    endloop
  endfacet
  facet normal -0 0 1
    outer loop
      vertex -37.6977 53.9073 2.4
      vertex -37.6074 -54.0249 2.4
      vertex -37.6074 54.0249 2.4
    endloop
  endfacet
  facet normal 0 0 1
    outer loop
      vertex -37.6977 53.9073 2.4
      vertex -37.6977 -53.9073 2.4
      vertex -37.6074 -54.0249 2.4
    endloop
  endfacet
  facet normal -0 0 1
    outer loop
      vertex -37.7979 53.7979 2.4
      vertex -37.6977 -53.9073 2.4
      vertex -37.6977 53.9073 2.4
    endloop
  endfacet
  facet normal 0 0 1
    outer loop
      vertex -37.7979 53.7979 2.4
      vertex -37.7979 -53.7979 2.4
      vertex -37.6977 -53.9073 2.4
    endloop
  endfacet
  facet normal -0 0 1
    outer loop
      vertex -37.9073 53.6977 2.4
      vertex -37.7979 -53.7979 2.4
      vertex -37.7979 53.7979 2.4
    endloop
  endfacet
  facet normal 0 0 1
    outer loop
      vertex -37.9073 53.6977 2.4
      vertex -37.9073 -53.6977 2.4
      vertex -37.7979 -53.7979 2.4
    endloop
  endfacet
  facet normal -0 0 1
    outer loop
      vertex -38.0249 53.6074 2.4
      vertex -37.9073 -53.6977 2.4
      vertex -37.9073 53.6977 2.4
    endloop
  endfacet
  facet normal 0 0 1
    outer loop
      vertex -38.0249 53.6074 2.4
      vertex -38.0249 -53.6074 2.4
      vertex -37.9073 -53.6977 2.4
    endloop
  endfacet
  facet normal -0 0 1
    outer loop
      vertex -38.15 53.5278 2.4
      vertex -38.0249 -53.6074 2.4
      vertex -38.0249 53.6074 2.4
    endloop
  endfacet
  facet normal 0 0 1
    outer loop
      vertex -38.15 53.5278 2.4
      vertex -38.15 -53.5278 2.4
      vertex -38.0249 -53.6074 2.4
    endloop
  endfacet
  facet normal -0 0 1
    outer loop
      vertex -38.2815 53.4593 2.4
      vertex -38.15 -53.5278 2.4
      vertex -38.15 53.5278 2.4
    endloop
  endfacet
  facet normal 0 0 1
    outer loop
      vertex -38.2815 53.4593 2.4
      vertex -38.2815 -53.4593 2.4
      vertex -38.15 -53.5278 2.4
    endloop
  endfacet
  facet normal -0 0 1
    outer loop
      vertex -38.4186 53.4025 2.4
      vertex -38.2815 -53.4593 2.4
      vertex -38.2815 53.4593 2.4
    endloop
  endfacet
  facet normal 0 0 1
    outer loop
      vertex -38.4186 53.4025 2.4
      vertex -38.4186 -53.4025 2.4
      vertex -38.2815 -53.4593 2.4
    endloop
  endfacet
  facet normal -0 0 1
    outer loop
      vertex -38.56 53.3579 2.4
      vertex -38.4186 -53.4025 2.4
      vertex -38.4186 53.4025 2.4
    endloop
  endfacet
  facet normal 0 0 1
    outer loop
      vertex -38.56 53.3579 2.4
      vertex -38.56 -53.3579 2.4
      vertex -38.4186 -53.4025 2.4
    endloop
  endfacet
  facet normal -0 0 1
    outer loop
      vertex -38.7048 53.3258 2.4
      vertex -38.56 -53.3579 2.4
      vertex -38.56 53.3579 2.4
    endloop
  endfacet
  facet normal 0 0 1
    outer loop
      vertex -38.7048 53.3258 2.4
      vertex -38.7048 -53.3258 2.4
      vertex -38.56 -53.3579 2.4
    endloop
  endfacet
  facet normal -0 0 1
    outer loop
      vertex -38.8518 53.3065 2.4
      vertex -38.7048 -53.3258 2.4
      vertex -38.7048 53.3258 2.4
    endloop
  endfacet
  facet normal 0 0 1
    outer loop
      vertex -38.8518 53.3065 2.4
      vertex -38.8518 -53.3065 2.4
      vertex -38.7048 -53.3258 2.4
    endloop
  endfacet
  facet normal -0 0 1
    outer loop
      vertex -39 53.3 2.4
      vertex -38.8518 -53.3065 2.4
      vertex -38.8518 53.3065 2.4
    endloop
  endfacet
  facet normal 0 0 1
    outer loop
      vertex -39 53.3 2.4
      vertex -39 -53.3 2.4
      vertex -38.8518 -53.3065 2.4
    endloop
  endfacet
  facet normal 0 0 1
    outer loop
      vertex -39.1482 53.3065 2.4
      vertex -39 -53.3 2.4
      vertex -39 53.3 2.4
    endloop
  endfacet
  facet normal 0 0 1
    outer loop
      vertex -39.1482 53.3065 2.4
      vertex -39.1482 -53.3065 2.4
      vertex -39 -53.3 2.4
    endloop
  endfacet
  facet normal 0 0 1
    outer loop
      vertex -39.2952 53.3258 2.4
      vertex -39.1482 -53.3065 2.4
      vertex -39.1482 53.3065 2.4
    endloop
  endfacet
  facet normal 0 0 1
    outer loop
      vertex -39.2952 53.3258 2.4
      vertex -39.2952 -53.3258 2.4
      vertex -39.1482 -53.3065 2.4
    endloop
  endfacet
  facet normal 0 0 1
    outer loop
      vertex -39.44 53.3579 2.4
      vertex -39.2952 -53.3258 2.4
      vertex -39.2952 53.3258 2.4
    endloop
  endfacet
  facet normal 0 0 1
    outer loop
      vertex -39.44 53.3579 2.4
      vertex -39.44 -53.3579 2.4
      vertex -39.2952 -53.3258 2.4
    endloop
  endfacet
  facet normal 0 0 1
    outer loop
      vertex -39.5814 53.4025 2.4
      vertex -39.44 -53.3579 2.4
      vertex -39.44 53.3579 2.4
    endloop
  endfacet
  facet normal 0 0 1
    outer loop
      vertex -39.5814 53.4025 2.4
      vertex -39.5814 -53.4025 2.4
      vertex -39.44 -53.3579 2.4
    endloop
  endfacet
  facet normal 0 0 1
    outer loop
      vertex -39.7185 53.4593 2.4
      vertex -39.5814 -53.4025 2.4
      vertex -39.5814 53.4025 2.4
    endloop
  endfacet
  facet normal 0 0 1
    outer loop
      vertex -39.7185 53.4593 2.4
      vertex -39.7185 -53.4593 2.4
      vertex -39.5814 -53.4025 2.4
    endloop
  endfacet
  facet normal 0 0 1
    outer loop
      vertex -39.85 53.5278 2.4
      vertex -39.7185 -53.4593 2.4
      vertex -39.7185 53.4593 2.4
    endloop
  endfacet
  facet normal 0 0 1
    outer loop
      vertex -39.85 53.5278 2.4
      vertex -39.85 -53.5278 2.4
      vertex -39.7185 -53.4593 2.4
    endloop
  endfacet
  facet normal 0 0 1
    outer loop
      vertex -39.9751 53.6074 2.4
      vertex -39.85 -53.5278 2.4
      vertex -39.85 53.5278 2.4
    endloop
  endfacet
  facet normal 0 0 1
    outer loop
      vertex -39.9751 53.6074 2.4
      vertex -39.9751 -53.6074 2.4
      vertex -39.85 -53.5278 2.4
    endloop
  endfacet
  facet normal 0 0 1
    outer loop
      vertex -40.0927 53.6977 2.4
      vertex -39.9751 -53.6074 2.4
      vertex -39.9751 53.6074 2.4
    endloop
  endfacet
  facet normal 0 0 1
    outer loop
      vertex -40.0927 53.6977 2.4
      vertex -40.0927 -53.6977 2.4
      vertex -39.9751 -53.6074 2.4
    endloop
  endfacet
  facet normal 0 0 1
    outer loop
      vertex -40.2021 53.7979 2.4
      vertex -40.0927 -53.6977 2.4
      vertex -40.0927 53.6977 2.4
    endloop
  endfacet
  facet normal 0 0 1
    outer loop
      vertex -40.2021 53.7979 2.4
      vertex -40.2021 -53.7979 2.4
      vertex -40.0927 -53.6977 2.4
    endloop
  endfacet
  facet normal 0 0 1
    outer loop
      vertex -40.3023 53.9073 2.4
      vertex -40.2021 -53.7979 2.4
      vertex -40.2021 53.7979 2.4
    endloop
  endfacet
  facet normal 0 0 1
    outer loop
      vertex -40.3023 53.9073 2.4
      vertex -40.3023 -53.9073 2.4
      vertex -40.2021 -53.7979 2.4
    endloop
  endfacet
  facet normal 0 0 1
    outer loop
      vertex -40.3926 54.0249 2.4
      vertex -40.3023 -53.9073 2.4
      vertex -40.3023 53.9073 2.4
    endloop
  endfacet
  facet normal 0 0 1
    outer loop
      vertex -40.3926 54.0249 2.4
      vertex -40.3926 -54.0249 2.4
      vertex -40.3023 -53.9073 2.4
    endloop
  endfacet
  facet normal 0 0 1
    outer loop
      vertex -40.4722 54.15 2.4
      vertex -40.3926 -54.0249 2.4
      vertex -40.3926 54.0249 2.4
    endloop
  endfacet
  facet normal 0 0 1
    outer loop
      vertex -40.4722 54.15 2.4
      vertex -40.4722 -54.15 2.4
      vertex -40.3926 -54.0249 2.4
    endloop
  endfacet
  facet normal 0 0 1
    outer loop
      vertex -40.5407 54.2815 2.4
      vertex -40.4722 -54.15 2.4
      vertex -40.4722 54.15 2.4
    endloop
  endfacet
  facet normal 0 0 1
    outer loop
      vertex -40.5407 54.2815 2.4
      vertex -40.5407 -54.2815 2.4
      vertex -40.4722 -54.15 2.4
    endloop
  endfacet
  facet normal 0 0 1
    outer loop
      vertex -40.5975 54.4186 2.4
      vertex -40.5407 -54.2815 2.4
      vertex -40.5407 54.2815 2.4
    endloop
  endfacet
  facet normal 0 0 1
    outer loop
      vertex -40.5975 54.4186 2.4
      vertex -40.5975 -54.4186 2.4
      vertex -40.5407 -54.2815 2.4
    endloop
  endfacet
  facet normal 0 0 1
    outer loop
      vertex -40.6421 54.56 2.4
      vertex -40.5975 -54.4186 2.4
      vertex -40.5975 54.4186 2.4
    endloop
  endfacet
  facet normal 0 0 1
    outer loop
      vertex -40.6421 54.56 2.4
      vertex -40.6421 -54.56 2.4
      vertex -40.5975 -54.4186 2.4
    endloop
  endfacet
  facet normal 0 0 1
    outer loop
      vertex -40.6742 54.7048 2.4
      vertex -40.6421 -54.56 2.4
      vertex -40.6421 54.56 2.4
    endloop
  endfacet
  facet normal 0 0 1
    outer loop
      vertex -40.6742 54.7048 2.4
      vertex -40.6742 -54.7048 2.4
      vertex -40.6421 -54.56 2.4
    endloop
  endfacet
  facet normal 0 0 1
    outer loop
      vertex -40.6935 54.8518 2.4
      vertex -40.6742 -54.7048 2.4
      vertex -40.6742 54.7048 2.4
    endloop
  endfacet
  facet normal 0 0 1
    outer loop
      vertex -40.6935 54.8518 2.4
      vertex -40.6935 -54.8518 2.4
      vertex -40.6742 -54.7048 2.4
    endloop
  endfacet
  facet normal 0 0 1
    outer loop
      vertex -42 67 2.4
      vertex -40.6935 54.8518 2.4
      vertex -40.7 55 2.4
    endloop
  endfacet
  facet normal 0 0 1
    outer loop
      vertex -40.6935 54.8518 2.4
      vertex -42 67 2.4
      vertex -40.6935 -54.8518 2.4
    endloop
  endfacet
  facet normal -0 0 1
    outer loop
      vertex -37.3065 -55.1482 2.4
      vertex -36.9 -69 2.4
      vertex -37.3 -55 2.4
    endloop
  endfacet
  facet normal -0 0 1
    outer loop
      vertex -37.3258 -55.2952 2.4
      vertex -36.9 -69 2.4
      vertex -37.3065 -55.1482 2.4
    endloop
  endfacet
  facet normal -0 0 1
    outer loop
      vertex -37.3579 -55.44 2.4
      vertex -36.9 -69 2.4
      vertex -37.3258 -55.2952 2.4
    endloop
  endfacet
  facet normal -0 0 1
    outer loop
      vertex -37.4025 -55.5814 2.4
      vertex -36.9 -69 2.4
      vertex -37.3579 -55.44 2.4
    endloop
  endfacet
  facet normal -0 0 1
    outer loop
      vertex -37.4593 -55.7185 2.4
      vertex -36.9 -69 2.4
      vertex -37.4025 -55.5814 2.4
    endloop
  endfacet
  facet normal -0 0 1
    outer loop
      vertex -37.5278 -55.85 2.4
      vertex -36.9 -69 2.4
      vertex -37.4593 -55.7185 2.4
    endloop
  endfacet
  facet normal -0 0 1
    outer loop
      vertex -37.6074 -55.9751 2.4
      vertex -36.9 -69 2.4
      vertex -37.5278 -55.85 2.4
    endloop
  endfacet
  facet normal -0 0 1
    outer loop
      vertex -37.6977 -56.0927 2.4
      vertex -36.9 -69 2.4
      vertex -37.6074 -55.9751 2.4
    endloop
  endfacet
  facet normal -0 0 1
    outer loop
      vertex -37.7979 -56.2021 2.4
      vertex -36.9 -69 2.4
      vertex -37.6977 -56.0927 2.4
    endloop
  endfacet
  facet normal -0 0 1
    outer loop
      vertex -37.9073 -56.3023 2.4
      vertex -36.9 -69 2.4
      vertex -37.7979 -56.2021 2.4
    endloop
  endfacet
  facet normal -0 0 1
    outer loop
      vertex -38.0249 -56.3926 2.4
      vertex -36.9 -69 2.4
      vertex -37.9073 -56.3023 2.4
    endloop
  endfacet
  facet normal -0 0 1
    outer loop
      vertex -38.15 -56.4722 2.4
      vertex -36.9 -69 2.4
      vertex -38.0249 -56.3926 2.4
    endloop
  endfacet
  facet normal -0 -0 1
    outer loop
      vertex -41.9772 -67.5229 2.4
      vertex -36.9 -69 2.4
      vertex -42 -67 2.4
    endloop
  endfacet
  facet normal 0 0 1
    outer loop
      vertex -36.9 -69 2.4
      vertex -37.5529 -72.7955 2.4
      vertex -37.0419 -72.9088 2.4
    endloop
  endfacet
  facet normal -0 0 1
    outer loop
      vertex -38.2815 -56.5407 2.4
      vertex -36.9 -69 2.4
      vertex -38.15 -56.4722 2.4
    endloop
  endfacet
  facet normal -0 0 1
    outer loop
      vertex -38.4186 -56.5975 2.4
      vertex -36.9 -69 2.4
      vertex -38.2815 -56.5407 2.4
    endloop
  endfacet
  facet normal -0 0 1
    outer loop
      vertex -38.56 -56.6421 2.4
      vertex -36.9 -69 2.4
      vertex -38.4186 -56.5975 2.4
    endloop
  endfacet
  facet normal 0 0 1
    outer loop
      vertex -36.9 -69 2.4
      vertex -38.0521 -72.6382 2.4
      vertex -37.5529 -72.7955 2.4
    endloop
  endfacet
  facet normal -0 0 1
    outer loop
      vertex -38.7048 -56.6742 2.4
      vertex -36.9 -69 2.4
      vertex -38.56 -56.6421 2.4
    endloop
  endfacet
  facet normal 0 0 1
    outer loop
      vertex -36.9 -69 2.4
      vertex -38.7048 -56.6742 2.4
      vertex -42 -67 2.4
    endloop
  endfacet
  facet normal 0 0 1
    outer loop
      vertex -42 -67 2.4
      vertex -38.7048 -56.6742 2.4
      vertex -38.8518 -56.6935 2.4
    endloop
  endfacet
  facet normal 0 0 1
    outer loop
      vertex -42 -67 2.4
      vertex -38.8518 -56.6935 2.4
      vertex -39 -56.7 2.4
    endloop
  endfacet
  facet normal 0 0 1
    outer loop
      vertex -36.9 -69 2.4
      vertex -38.5357 -72.4379 2.4
      vertex -38.0521 -72.6382 2.4
    endloop
  endfacet
  facet normal 0 0 1
    outer loop
      vertex -42 -67 2.4
      vertex -39 -56.7 2.4
      vertex -39.1482 -56.6935 2.4
    endloop
  endfacet
  facet normal 0 0 1
    outer loop
      vertex -42 -67 2.4
      vertex -39.1482 -56.6935 2.4
      vertex -39.2952 -56.6742 2.4
    endloop
  endfacet
  facet normal 0 0 1
    outer loop
      vertex -42 -67 2.4
      vertex -39.2952 -56.6742 2.4
      vertex -39.44 -56.6421 2.4
    endloop
  endfacet
  facet normal 0 0 1
    outer loop
      vertex -36.9 -69 2.4
      vertex -39 -72.1962 2.4
      vertex -38.5357 -72.4379 2.4
    endloop
  endfacet
  facet normal 0 0 1
    outer loop
      vertex -42 -67 2.4
      vertex -39.44 -56.6421 2.4
      vertex -39.5814 -56.5975 2.4
    endloop
  endfacet
  facet normal 0 0 1
    outer loop
      vertex -42 -67 2.4
      vertex -39.5814 -56.5975 2.4
      vertex -39.7185 -56.5407 2.4
    endloop
  endfacet
  facet normal 0 0 1
    outer loop
      vertex -42 -67 2.4
      vertex -39.7185 -56.5407 2.4
      vertex -39.85 -56.4722 2.4
    endloop
  endfacet
  facet normal 0 0 1
    outer loop
      vertex -36.9 -69 2.4
      vertex -39.4415 -71.9149 2.4
      vertex -39 -72.1962 2.4
    endloop
  endfacet
  facet normal 0 0 1
    outer loop
      vertex -42 -67 2.4
      vertex -39.85 -56.4722 2.4
      vertex -39.9751 -56.3926 2.4
    endloop
  endfacet
  facet normal 0 0 1
    outer loop
      vertex -42 -67 2.4
      vertex -39.9751 -56.3926 2.4
      vertex -40.0927 -56.3023 2.4
    endloop
  endfacet
  facet normal 0 0 1
    outer loop
      vertex -42 -67 2.4
      vertex -40.0927 -56.3023 2.4
      vertex -40.2021 -56.2021 2.4
    endloop
  endfacet
  facet normal 0 0 1
    outer loop
      vertex -36.9 -69 2.4
      vertex -39.8567 -71.5963 2.4
      vertex -39.4415 -71.9149 2.4
    endloop
  endfacet
  facet normal 0 0 1
    outer loop
      vertex -42 -67 2.4
      vertex -40.2021 -56.2021 2.4
      vertex -40.3023 -56.0927 2.4
    endloop
  endfacet
  facet normal 0 0 1
    outer loop
      vertex -42 -67 2.4
      vertex -40.3023 -56.0927 2.4
      vertex -40.3926 -55.9751 2.4
    endloop
  endfacet
  facet normal 0 0 1
    outer loop
      vertex -42 -67 2.4
      vertex -40.3926 -55.9751 2.4
      vertex -40.4722 -55.85 2.4
    endloop
  endfacet
  facet normal 0 0 1
    outer loop
      vertex -42 -67 2.4
      vertex -40.4722 -55.85 2.4
      vertex -40.5407 -55.7185 2.4
    endloop
  endfacet
  facet normal 0 0 1
    outer loop
      vertex -36.9 -69 2.4
      vertex -40.2426 -71.2426 2.4
      vertex -39.8567 -71.5963 2.4
    endloop
  endfacet
  facet normal 0 0 1
    outer loop
      vertex -42 -67 2.4
      vertex -40.5407 -55.7185 2.4
      vertex -40.5975 -55.5814 2.4
    endloop
  endfacet
  facet normal 0 0 1
    outer loop
      vertex -42 -67 2.4
      vertex -40.5975 -55.5814 2.4
      vertex -40.6421 -55.44 2.4
    endloop
  endfacet
  facet normal 0 0 1
    outer loop
      vertex -42 -67 2.4
      vertex -40.6421 -55.44 2.4
      vertex -40.6742 -55.2952 2.4
    endloop
  endfacet
  facet normal 0 0 1
    outer loop
      vertex -42 -67 2.4
      vertex -40.6742 -55.2952 2.4
      vertex -40.6935 -55.1482 2.4
    endloop
  endfacet
  facet normal 0 0 1
    outer loop
      vertex -42 -67 2.4
      vertex -40.6935 -55.1482 2.4
      vertex -40.7 -55 2.4
    endloop
  endfacet
  facet normal 0 0 1
    outer loop
      vertex -36.9 -69 2.4
      vertex -40.5963 -70.8567 2.4
      vertex -40.2426 -71.2426 2.4
    endloop
  endfacet
  facet normal 0 0 1
    outer loop
      vertex -42 -67 2.4
      vertex -40.6935 -54.8518 2.4
      vertex -42 67 2.4
    endloop
  endfacet
  facet normal 0 0 1
    outer loop
      vertex -42 67 2.4
      vertex -40.9149 70.4415 2.4
      vertex -41.1962 70 2.4
    endloop
  endfacet
  facet normal 0 0 1
    outer loop
      vertex -40.6935 -54.8518 2.4
      vertex -42 -67 2.4
      vertex -40.7 -55 2.4
    endloop
  endfacet
  facet normal 0 0 1
    outer loop
      vertex -42 67 2.4
      vertex -41.1962 70 2.4
      vertex -41.4379 69.5357 2.4
    endloop
  endfacet
  facet normal 0 0 1
    outer loop
      vertex -36.9 -69 2.4
      vertex -40.9149 -70.4415 2.4
      vertex -40.5963 -70.8567 2.4
    endloop
  endfacet
  facet normal 0 0 1
    outer loop
      vertex -42 67 2.4
      vertex -41.4379 69.5357 2.4
      vertex -41.6382 69.0521 2.4
    endloop
  endfacet
  facet normal 0 0 1
    outer loop
      vertex -36.9 -69 2.4
      vertex -41.1962 -70 2.4
      vertex -40.9149 -70.4415 2.4
    endloop
  endfacet
  facet normal 0 0 1
    outer loop
      vertex -42 67 2.4
      vertex -41.6382 69.0521 2.4
      vertex -41.7955 68.5529 2.4
    endloop
  endfacet
  facet normal 0 0 1
    outer loop
      vertex -36.9 -69 2.4
      vertex -41.4379 -69.5357 2.4
      vertex -41.1962 -70 2.4
    endloop
  endfacet
  facet normal 0 0 1
    outer loop
      vertex -42 67 2.4
      vertex -41.7955 68.5529 2.4
      vertex -41.9088 68.0419 2.4
    endloop
  endfacet
  facet normal 0 0 1
    outer loop
      vertex -36.9 -69 2.4
      vertex -41.6382 -69.0521 2.4
      vertex -41.4379 -69.5357 2.4
    endloop
  endfacet
  facet normal 0 0 1
    outer loop
      vertex -42 67 2.4
      vertex -41.9088 68.0419 2.4
      vertex -41.9772 67.5229 2.4
    endloop
  endfacet
  facet normal 0 0 1
    outer loop
      vertex -36.9 -69 2.4
      vertex -41.7955 -68.5529 2.4
      vertex -41.6382 -69.0521 2.4
    endloop
  endfacet
  facet normal 0 0 1
    outer loop
      vertex -36.9 -69 2.4
      vertex -41.9088 -68.0419 2.4
      vertex -41.7955 -68.5529 2.4
    endloop
  endfacet
  facet normal 0 0 1
    outer loop
      vertex -36.9 -69 2.4
      vertex -41.9772 -67.5229 2.4
      vertex -41.9088 -68.0419 2.4
    endloop
  endfacet
  facet normal -0 0 1
    outer loop
      vertex -28.8894 32.0409 2.4
      vertex -19.5479 18.9339 2.4
      vertex -28.7896 32.0724 2.4
    endloop
  endfacet
  facet normal 0 0 1
    outer loop
      vertex -19.962 -14.0659 2.4
      vertex -28.0046 -33.0954 2.4
      vertex -28 -33.2 2.4
    endloop
  endfacet
  facet normal 0 0 1
    outer loop
      vertex -19.5479 18.9339 2.4
      vertex -28.8894 32.0409 2.4
      vertex -19.6651 18.75 2.4
    endloop
  endfacet
  facet normal 0 0 1
    outer loop
      vertex -19.962 -14.0659 2.4
      vertex -28.0182 -32.9916 2.4
      vertex -28.0046 -33.0954 2.4
    endloop
  endfacet
  facet normal -0 0 1
    outer loop
      vertex -28.9916 32.0182 2.4
      vertex -19.6651 18.75 2.4
      vertex -28.8894 32.0409 2.4
    endloop
  endfacet
  facet normal 0 0 1
    outer loop
      vertex -19.962 -14.0659 2.4
      vertex -28.0409 -32.8894 2.4
      vertex -28.0182 -32.9916 2.4
    endloop
  endfacet
  facet normal 0 0 1
    outer loop
      vertex -19.6651 18.75 2.4
      vertex -28.9916 32.0182 2.4
      vertex -19.7658 18.5565 2.4
    endloop
  endfacet
  facet normal 0 0 1
    outer loop
      vertex -19.962 -14.0659 2.4
      vertex -28.0724 -32.7896 2.4
      vertex -28.0409 -32.8894 2.4
    endloop
  endfacet
  facet normal -0 0 1
    outer loop
      vertex -29.0954 32.0046 2.4
      vertex -19.7658 18.5565 2.4
      vertex -28.9916 32.0182 2.4
    endloop
  endfacet
  facet normal 0 0 1
    outer loop
      vertex -19.962 -14.0659 2.4
      vertex -28.1124 -32.6929 2.4
      vertex -28.0724 -32.7896 2.4
    endloop
  endfacet
  facet normal -0 0 1
    outer loop
      vertex -29.2 32 2.4
      vertex -19.7658 18.5565 2.4
      vertex -29.0954 32.0046 2.4
    endloop
  endfacet
  facet normal 0 0 1
    outer loop
      vertex -19.962 -14.0659 2.4
      vertex -28.1608 -32.6 2.4
      vertex -28.1124 -32.6929 2.4
    endloop
  endfacet
  facet normal 0 0 1
    outer loop
      vertex -19.7658 18.5565 2.4
      vertex -29.2 32 2.4
      vertex -19.8492 18.3551 2.4
    endloop
  endfacet
  facet normal 0 0 1
    outer loop
      vertex -19.962 -14.0659 2.4
      vertex -28.217 -32.5117 2.4
      vertex -28.1608 -32.6 2.4
    endloop
  endfacet
  facet normal 0 0 1
    outer loop
      vertex -19.8492 18.3551 2.4
      vertex -29.2 32 2.4
      vertex -19.9148 18.147 2.4
    endloop
  endfacet
  facet normal 0 0 1
    outer loop
      vertex -19.962 -14.0659 2.4
      vertex -28.2808 -32.4287 2.4
      vertex -28.217 -32.5117 2.4
    endloop
  endfacet
  facet normal -0 0 1
    outer loop
      vertex -30.8 32 2.4
      vertex -19.9148 18.147 2.4
      vertex -29.2 32 2.4
    endloop
  endfacet
  facet normal 0 0 1
    outer loop
      vertex -19.962 -14.0659 2.4
      vertex -28.3515 -32.3515 2.4
      vertex -28.2808 -32.4287 2.4
    endloop
  endfacet
  facet normal 0 0 1
    outer loop
      vertex -19.9148 18.147 2.4
      vertex -30.8 32 2.4
      vertex -19.962 17.9341 2.4
    endloop
  endfacet
  facet normal 0 0 1
    outer loop
      vertex -19.962 -14.0659 2.4
      vertex -28.4287 -32.2808 2.4
      vertex -28.3515 -32.3515 2.4
    endloop
  endfacet
  facet normal 0 0 1
    outer loop
      vertex -30.9046 32.0046 2.4
      vertex -19.962 17.9341 2.4
      vertex -30.8 32 2.4
    endloop
  endfacet
  facet normal 0 0 1
    outer loop
      vertex -19.962 -14.0659 2.4
      vertex -28.5117 -32.217 2.4
      vertex -28.4287 -32.2808 2.4
    endloop
  endfacet
  facet normal 0 0 1
    outer loop
      vertex -19.962 17.9341 2.4
      vertex -30.9046 32.0046 2.4
      vertex -19.9905 17.7179 2.4
    endloop
  endfacet
  facet normal 0 0 1
    outer loop
      vertex -19.962 -14.0659 2.4
      vertex -28.6 -32.1608 2.4
      vertex -28.5117 -32.217 2.4
    endloop
  endfacet
  facet normal 0 0 1
    outer loop
      vertex -31.0084 32.0182 2.4
      vertex -19.9905 17.7179 2.4
      vertex -30.9046 32.0046 2.4
    endloop
  endfacet
  facet normal 0 0 1
    outer loop
      vertex -19.962 -14.0659 2.4
      vertex -28.6929 -32.1124 2.4
      vertex -28.6 -32.1608 2.4
    endloop
  endfacet
  facet normal 0 0 1
    outer loop
      vertex -19.9905 17.7179 2.4
      vertex -31.0084 32.0182 2.4
      vertex -20 17.5 2.4
    endloop
  endfacet
  facet normal 0 0 1
    outer loop
      vertex -19.962 -14.0659 2.4
      vertex -28.7896 -32.0724 2.4
      vertex -28.6929 -32.1124 2.4
    endloop
  endfacet
  facet normal 0 0 1
    outer loop
      vertex -31.1106 32.0409 2.4
      vertex -20 17.5 2.4
      vertex -31.0084 32.0182 2.4
    endloop
  endfacet
  facet normal 0 0 1
    outer loop
      vertex -19.962 -14.0659 2.4
      vertex -28.8894 -32.0409 2.4
      vertex -28.7896 -32.0724 2.4
    endloop
  endfacet
  facet normal 0 0 1
    outer loop
      vertex -31.2104 32.0724 2.4
      vertex -20 17.5 2.4
      vertex -31.1106 32.0409 2.4
    endloop
  endfacet
  facet normal 0 0 1
    outer loop
      vertex -19.962 -14.0659 2.4
      vertex -28.9916 -32.0182 2.4
      vertex -28.8894 -32.0409 2.4
    endloop
  endfacet
  facet normal 0 0 1
    outer loop
      vertex -20 17.5 2.4
      vertex -31.2104 32.0724 2.4
      vertex -20 14.5 2.4
    endloop
  endfacet
  facet normal 0 0 1
    outer loop
      vertex -19.962 -14.0659 2.4
      vertex -29.0954 -32.0046 2.4
      vertex -28.9916 -32.0182 2.4
    endloop
  endfacet
  facet normal 0 0 1
    outer loop
      vertex -31.3071 32.1124 2.4
      vertex -20 14.5 2.4
      vertex -31.2104 32.0724 2.4
    endloop
  endfacet
  facet normal 0 0 1
    outer loop
      vertex -19.962 -14.0659 2.4
      vertex -29.2 -32 2.4
      vertex -29.0954 -32.0046 2.4
    endloop
  endfacet
  facet normal 0 0 1
    outer loop
      vertex -20 14.5 2.4
      vertex -31.3071 32.1124 2.4
      vertex -19.9905 14.2821 2.4
    endloop
  endfacet
  facet normal 0 0 1
    outer loop
      vertex -19.962 -14.0659 2.4
      vertex -30.8 -32 2.4
      vertex -29.2 -32 2.4
    endloop
  endfacet
  facet normal 0 0 1
    outer loop
      vertex -31.4 32.1608 2.4
      vertex -19.9905 14.2821 2.4
      vertex -31.3071 32.1124 2.4
    endloop
  endfacet
  facet normal 0 0 1
    outer loop
      vertex -19.962 -14.0659 2.4
      vertex -30.9046 -32.0046 2.4
      vertex -30.8 -32 2.4
    endloop
  endfacet
  facet normal 0 0 1
    outer loop
      vertex -19.9905 14.2821 2.4
      vertex -31.4 32.1608 2.4
      vertex -19.962 14.0659 2.4
    endloop
  endfacet
  facet normal 0 0 1
    outer loop
      vertex -19.962 -14.0659 2.4
      vertex -31.0084 -32.0182 2.4
      vertex -30.9046 -32.0046 2.4
    endloop
  endfacet
  facet normal 0 0 1
    outer loop
      vertex -31.4883 32.217 2.4
      vertex -19.962 14.0659 2.4
      vertex -31.4 32.1608 2.4
    endloop
  endfacet
  facet normal 0 0 1
    outer loop
      vertex -19.962 -14.0659 2.4
      vertex -31.1106 -32.0409 2.4
      vertex -31.0084 -32.0182 2.4
    endloop
  endfacet
  facet normal 0 0 1
    outer loop
      vertex -19.962 14.0659 2.4
      vertex -31.4883 32.217 2.4
      vertex -19.9148 13.853 2.4
    endloop
  endfacet
  facet normal 0 0 1
    outer loop
      vertex -19.962 -14.0659 2.4
      vertex -31.2104 -32.0724 2.4
      vertex -31.1106 -32.0409 2.4
    endloop
  endfacet
  facet normal 0 0 1
    outer loop
      vertex -31.5713 32.2808 2.4
      vertex -19.9148 13.853 2.4
      vertex -31.4883 32.217 2.4
    endloop
  endfacet
  facet normal 0 0 1
    outer loop
      vertex -19.962 -14.0659 2.4
      vertex -31.3071 -32.1124 2.4
      vertex -31.2104 -32.0724 2.4
    endloop
  endfacet
  facet normal 0 0 1
    outer loop
      vertex -31.6485 32.3515 2.4
      vertex -19.9148 13.853 2.4
      vertex -31.5713 32.2808 2.4
    endloop
  endfacet
  facet normal 0 0 1
    outer loop
      vertex -19.962 -14.0659 2.4
      vertex -31.4 -32.1608 2.4
      vertex -31.3071 -32.1124 2.4
    endloop
  endfacet
  facet normal 0 0 1
    outer loop
      vertex -19.9148 13.853 2.4
      vertex -31.6485 32.3515 2.4
      vertex -19.9148 -13.853 2.4
    endloop
  endfacet
  facet normal 0 0 1
    outer loop
      vertex -19.962 -14.0659 2.4
      vertex -31.4883 -32.217 2.4
      vertex -31.4 -32.1608 2.4
    endloop
  endfacet
  facet normal 0 0 1
    outer loop
      vertex -31.6485 -32.3515 2.4
      vertex -19.9148 -13.853 2.4
      vertex -31.6485 32.3515 2.4
    endloop
  endfacet
  facet normal 0 0 1
    outer loop
      vertex -19.962 -14.0659 2.4
      vertex -31.5713 -32.2808 2.4
      vertex -31.4883 -32.217 2.4
    endloop
  endfacet
  facet normal 0 -0 1
    outer loop
      vertex -31.5713 -32.2808 2.4
      vertex -19.9148 -13.853 2.4
      vertex -31.6485 -32.3515 2.4
    endloop
  endfacet
  facet normal 0 0 1
    outer loop
      vertex -19.9148 -13.853 2.4
      vertex -31.5713 -32.2808 2.4
      vertex -19.962 -14.0659 2.4
    endloop
  endfacet
  facet normal 0 0 1
    outer loop
      vertex -31.7192 32.4287 2.4
      vertex -31.6485 -32.3515 2.4
      vertex -31.6485 32.3515 2.4
    endloop
  endfacet
  facet normal 0 0 1
    outer loop
      vertex -31.7192 32.4287 2.4
      vertex -31.7192 -32.4287 2.4
      vertex -31.6485 -32.3515 2.4
    endloop
  endfacet
  facet normal 0 0 1
    outer loop
      vertex -31.783 32.5117 2.4
      vertex -31.7192 -32.4287 2.4
      vertex -31.7192 32.4287 2.4
    endloop
  endfacet
  facet normal 0 0 1
    outer loop
      vertex -31.783 32.5117 2.4
      vertex -31.783 -32.5117 2.4
      vertex -31.7192 -32.4287 2.4
    endloop
  endfacet
  facet normal 0 0 1
    outer loop
      vertex -31.8392 32.6 2.4
      vertex -31.783 -32.5117 2.4
      vertex -31.783 32.5117 2.4
    endloop
  endfacet
  facet normal 0 0 1
    outer loop
      vertex -31.8392 32.6 2.4
      vertex -31.8392 -32.6 2.4
      vertex -31.783 -32.5117 2.4
    endloop
  endfacet
  facet normal 0 0 1
    outer loop
      vertex -31.8876 32.6929 2.4
      vertex -31.8392 -32.6 2.4
      vertex -31.8392 32.6 2.4
    endloop
  endfacet
  facet normal 0 0 1
    outer loop
      vertex -31.8876 32.6929 2.4
      vertex -31.8876 -32.6929 2.4
      vertex -31.8392 -32.6 2.4
    endloop
  endfacet
  facet normal 0 0 1
    outer loop
      vertex -31.9276 32.7896 2.4
      vertex -31.8876 -32.6929 2.4
      vertex -31.8876 32.6929 2.4
    endloop
  endfacet
  facet normal 0 0 1
    outer loop
      vertex -31.9276 32.7896 2.4
      vertex -31.9276 -32.7896 2.4
      vertex -31.8876 -32.6929 2.4
    endloop
  endfacet
  facet normal 0 0 1
    outer loop
      vertex -31.9591 32.8894 2.4
      vertex -31.9276 -32.7896 2.4
      vertex -31.9276 32.7896 2.4
    endloop
  endfacet
  facet normal 0 0 1
    outer loop
      vertex -31.9591 32.8894 2.4
      vertex -31.9591 -32.8894 2.4
      vertex -31.9276 -32.7896 2.4
    endloop
  endfacet
  facet normal 0 0 1
    outer loop
      vertex -31.9818 32.9916 2.4
      vertex -31.9591 -32.8894 2.4
      vertex -31.9591 32.8894 2.4
    endloop
  endfacet
  facet normal 0 0 1
    outer loop
      vertex -31.9818 32.9916 2.4
      vertex -31.9818 -32.9916 2.4
      vertex -31.9591 -32.8894 2.4
    endloop
  endfacet
  facet normal 0 0 1
    outer loop
      vertex -31.9954 33.0954 2.4
      vertex -31.9818 -32.9916 2.4
      vertex -31.9818 32.9916 2.4
    endloop
  endfacet
  facet normal 0 0 1
    outer loop
      vertex -31.9954 33.0954 2.4
      vertex -31.9954 -33.0954 2.4
      vertex -31.9818 -32.9916 2.4
    endloop
  endfacet
  facet normal 0 0 1
    outer loop
      vertex -32 33.2 2.4
      vertex -31.9954 -33.0954 2.4
      vertex -31.9954 33.0954 2.4
    endloop
  endfacet
  facet normal 0 0 1
    outer loop
      vertex -31.9954 -33.0954 2.4
      vertex -32 33.2 2.4
      vertex -32 -33.2 2.4
    endloop
  endfacet
  facet normal 0 0 1
    outer loop
      vertex 28.5117 -32.217 2.4
      vertex 18.9339 -19.5479 2.4
      vertex 28.4287 -32.2808 2.4
    endloop
  endfacet
  facet normal 0 0 1
    outer loop
      vertex 28.0046 -33.0954 2.4
      vertex 19.9905 -46.2821 2.4
      vertex 20 -46.5 2.4
    endloop
  endfacet
  facet normal -0 0 1
    outer loop
      vertex 18.75 -19.6651 2.4
      vertex 28.4287 -32.2808 2.4
      vertex 18.9339 -19.5479 2.4
    endloop
  endfacet
  facet normal 0 0 1
    outer loop
      vertex 28.0046 -33.0954 2.4
      vertex 19.962 -46.0659 2.4
      vertex 19.9905 -46.2821 2.4
    endloop
  endfacet
  facet normal 0 0 1
    outer loop
      vertex 28.4287 -32.2808 2.4
      vertex 18.75 -19.6651 2.4
      vertex 28.3515 -32.3515 2.4
    endloop
  endfacet
  facet normal 0 0 1
    outer loop
      vertex 28.0046 -33.0954 2.4
      vertex 19.9148 -45.853 2.4
      vertex 19.962 -46.0659 2.4
    endloop
  endfacet
  facet normal 0 0 1
    outer loop
      vertex 28.3515 -32.3515 2.4
      vertex 18.75 -19.6651 2.4
      vertex 28.2808 -32.4287 2.4
    endloop
  endfacet
  facet normal 0 0 1
    outer loop
      vertex 28.0046 -33.0954 2.4
      vertex 19.8492 -45.6449 2.4
      vertex 19.9148 -45.853 2.4
    endloop
  endfacet
  facet normal -0 0 1
    outer loop
      vertex 18.5565 -19.7658 2.4
      vertex 28.2808 -32.4287 2.4
      vertex 18.75 -19.6651 2.4
    endloop
  endfacet
  facet normal 0 0 1
    outer loop
      vertex 28.0046 -33.0954 2.4
      vertex 19.7658 -45.4435 2.4
      vertex 19.8492 -45.6449 2.4
    endloop
  endfacet
  facet normal 0 0 1
    outer loop
      vertex 28.2808 -32.4287 2.4
      vertex 18.5565 -19.7658 2.4
      vertex 28.217 -32.5117 2.4
    endloop
  endfacet
  facet normal 0 0 1
    outer loop
      vertex 28.0046 -33.0954 2.4
      vertex 19.6651 -45.25 2.4
      vertex 19.7658 -45.4435 2.4
    endloop
  endfacet
  facet normal -0 0 1
    outer loop
      vertex 18.3551 -19.8492 2.4
      vertex 28.217 -32.5117 2.4
      vertex 18.5565 -19.7658 2.4
    endloop
  endfacet
  facet normal 0 0 1
    outer loop
      vertex 28.0046 -33.0954 2.4
      vertex 19.5479 -45.0661 2.4
      vertex 19.6651 -45.25 2.4
    endloop
  endfacet
  facet normal 0 0 1
    outer loop
      vertex 28.217 -32.5117 2.4
      vertex 18.3551 -19.8492 2.4
      vertex 28.1608 -32.6 2.4
    endloop
  endfacet
  facet normal 0 0 1
    outer loop
      vertex 28.0046 -33.0954 2.4
      vertex 19.4151 -44.893 2.4
      vertex 19.5479 -45.0661 2.4
    endloop
  endfacet
  facet normal -0 0 1
    outer loop
      vertex 18.147 -19.9148 2.4
      vertex 28.1608 -32.6 2.4
      vertex 18.3551 -19.8492 2.4
    endloop
  endfacet
  facet normal 0 0 1
    outer loop
      vertex 28.0046 -33.0954 2.4
      vertex 19.2678 -44.7322 2.4
      vertex 19.4151 -44.893 2.4
    endloop
  endfacet
  facet normal 0 0 1
    outer loop
      vertex 28.1608 -32.6 2.4
      vertex 18.147 -19.9148 2.4
      vertex 28.1124 -32.6929 2.4
    endloop
  endfacet
  facet normal 0 0 1
    outer loop
      vertex 28.0046 -33.0954 2.4
      vertex 19.107 -44.5849 2.4
      vertex 19.2678 -44.7322 2.4
    endloop
  endfacet
  facet normal -0 0 1
    outer loop
      vertex 17.9341 -19.962 2.4
      vertex 28.1124 -32.6929 2.4
      vertex 18.147 -19.9148 2.4
    endloop
  endfacet
  facet normal 0 0 1
    outer loop
      vertex 28.0046 -33.0954 2.4
      vertex 18.9339 -44.4521 2.4
      vertex 19.107 -44.5849 2.4
    endloop
  endfacet
  facet normal 0 0 1
    outer loop
      vertex 28.1124 -32.6929 2.4
      vertex 17.9341 -19.962 2.4
      vertex 28.0724 -32.7896 2.4
    endloop
  endfacet
  facet normal 0 0 1
    outer loop
      vertex 28.0046 -33.0954 2.4
      vertex 18.75 -44.3349 2.4
      vertex 18.9339 -44.4521 2.4
    endloop
  endfacet
  facet normal -0 0 1
    outer loop
      vertex 17.7179 -19.9905 2.4
      vertex 28.0724 -32.7896 2.4
      vertex 17.9341 -19.962 2.4
    endloop
  endfacet
  facet normal 0 0 1
    outer loop
      vertex 28.0046 -33.0954 2.4
      vertex 18.5565 -44.2342 2.4
      vertex 18.75 -44.3349 2.4
    endloop
  endfacet
  facet normal 0 0 1
    outer loop
      vertex 28.0724 -32.7896 2.4
      vertex 17.7179 -19.9905 2.4
      vertex 28.0409 -32.8894 2.4
    endloop
  endfacet
  facet normal 0 0 1
    outer loop
      vertex 28.0046 -33.0954 2.4
      vertex 18.3551 -44.1508 2.4
      vertex 18.5565 -44.2342 2.4
    endloop
  endfacet
  facet normal -0 0 1
    outer loop
      vertex 17.5 -20 2.4
      vertex 28.0409 -32.8894 2.4
      vertex 17.7179 -19.9905 2.4
    endloop
  endfacet
  facet normal 0 0 1
    outer loop
      vertex 28.0046 -33.0954 2.4
      vertex 18.147 -44.0852 2.4
      vertex 18.3551 -44.1508 2.4
    endloop
  endfacet
  facet normal 0 0 1
    outer loop
      vertex 28.0409 -32.8894 2.4
      vertex 17.5 -20 2.4
      vertex 28.0182 -32.9916 2.4
    endloop
  endfacet
  facet normal 0 0 1
    outer loop
      vertex 28.0046 -33.0954 2.4
      vertex 17.9341 -44.038 2.4
      vertex 18.147 -44.0852 2.4
    endloop
  endfacet
  facet normal 0 0 1
    outer loop
      vertex 28.0182 -32.9916 2.4
      vertex 17.5 -20 2.4
      vertex 28.0046 -33.0954 2.4
    endloop
  endfacet
  facet normal 0 0 1
    outer loop
      vertex 28.0046 -33.0954 2.4
      vertex 17.7179 -44.0095 2.4
      vertex 17.9341 -44.038 2.4
    endloop
  endfacet
  facet normal 0 0 1
    outer loop
      vertex 17.5 -44 2.4
      vertex 28.0046 -33.0954 2.4
      vertex 17.5 -20 2.4
    endloop
  endfacet
  facet normal 0 0 1
    outer loop
      vertex 28.0046 -33.0954 2.4
      vertex 17.5 -44 2.4
      vertex 17.7179 -44.0095 2.4
    endloop
  endfacet
  facet normal -0 0 1
    outer loop
      vertex -17.5 -20 2.4
      vertex 17.5 -44 2.4
      vertex 17.5 -20 2.4
    endloop
  endfacet
  facet normal 0 0 1
    outer loop
      vertex -17.5 -20 2.4
      vertex -17.5 -44 2.4
      vertex 17.5 -44 2.4
    endloop
  endfacet
  facet normal 0 0 1
    outer loop
      vertex -28 -33.2 2.4
      vertex -17.5 -20 2.4
      vertex -17.7179 -19.9905 2.4
    endloop
  endfacet
  facet normal 0 0 1
    outer loop
      vertex -17.5 -20 2.4
      vertex -28 -33.2 2.4
      vertex -17.5 -44 2.4
    endloop
  endfacet
  facet normal 0 0 1
    outer loop
      vertex -28 -33.2 2.4
      vertex -17.7179 -19.9905 2.4
      vertex -17.9341 -19.962 2.4
    endloop
  endfacet
  facet normal 0 0 1
    outer loop
      vertex -17.5 -44 2.4
      vertex -28 -33.2 2.4
      vertex -17.7179 -44.0095 2.4
    endloop
  endfacet
  facet normal 0 0 1
    outer loop
      vertex -28 -33.2 2.4
      vertex -17.9341 -19.962 2.4
      vertex -18.147 -19.9148 2.4
    endloop
  endfacet
  facet normal 0 0 1
    outer loop
      vertex -17.7179 -44.0095 2.4
      vertex -28 -33.2 2.4
      vertex -17.9341 -44.038 2.4
    endloop
  endfacet
  facet normal 0 0 1
    outer loop
      vertex -28 -33.2 2.4
      vertex -18.147 -19.9148 2.4
      vertex -18.3551 -19.8492 2.4
    endloop
  endfacet
  facet normal 0 0 1
    outer loop
      vertex -17.9341 -44.038 2.4
      vertex -28 -33.2 2.4
      vertex -18.147 -44.0852 2.4
    endloop
  endfacet
  facet normal 0 0 1
    outer loop
      vertex -28 -33.2 2.4
      vertex -18.3551 -19.8492 2.4
      vertex -18.5565 -19.7658 2.4
    endloop
  endfacet
  facet normal 0 0 1
    outer loop
      vertex -18.147 -44.0852 2.4
      vertex -28 -33.2 2.4
      vertex -18.3551 -44.1508 2.4
    endloop
  endfacet
  facet normal 0 0 1
    outer loop
      vertex -28 -33.2 2.4
      vertex -18.5565 -19.7658 2.4
      vertex -18.75 -19.6651 2.4
    endloop
  endfacet
  facet normal 0 0 1
    outer loop
      vertex -18.3551 -44.1508 2.4
      vertex -28 -33.2 2.4
      vertex -18.5565 -44.2342 2.4
    endloop
  endfacet
  facet normal 0 0 1
    outer loop
      vertex -28 -33.2 2.4
      vertex -18.75 -19.6651 2.4
      vertex -18.9339 -19.5479 2.4
    endloop
  endfacet
  facet normal 0 0 1
    outer loop
      vertex -18.5565 -44.2342 2.4
      vertex -28 -33.2 2.4
      vertex -18.75 -44.3349 2.4
    endloop
  endfacet
  facet normal 0 0 1
    outer loop
      vertex -28 -33.2 2.4
      vertex -18.9339 -19.5479 2.4
      vertex -19.107 -19.4151 2.4
    endloop
  endfacet
  facet normal 0 0 1
    outer loop
      vertex -18.75 -44.3349 2.4
      vertex -28 -33.2 2.4
      vertex -18.9339 -44.4521 2.4
    endloop
  endfacet
  facet normal 0 0 1
    outer loop
      vertex -28 -33.2 2.4
      vertex -19.107 -19.4151 2.4
      vertex -19.2678 -19.2678 2.4
    endloop
  endfacet
  facet normal 0 0 1
    outer loop
      vertex -18.9339 -44.4521 2.4
      vertex -28 -33.2 2.4
      vertex -19.107 -44.5849 2.4
    endloop
  endfacet
  facet normal 0 0 1
    outer loop
      vertex -28 -33.2 2.4
      vertex -19.2678 -19.2678 2.4
      vertex -19.4151 -19.107 2.4
    endloop
  endfacet
  facet normal 0 0 1
    outer loop
      vertex -19.107 -44.5849 2.4
      vertex -28 -33.2 2.4
      vertex -19.2678 -44.7322 2.4
    endloop
  endfacet
  facet normal 0 0 1
    outer loop
      vertex -28 -33.2 2.4
      vertex -19.4151 -19.107 2.4
      vertex -19.5479 -18.9339 2.4
    endloop
  endfacet
  facet normal 0 0 1
    outer loop
      vertex -19.2678 -44.7322 2.4
      vertex -28 -33.2 2.4
      vertex -19.4151 -44.893 2.4
    endloop
  endfacet
  facet normal 0 0 1
    outer loop
      vertex -28 -33.2 2.4
      vertex -19.5479 -18.9339 2.4
      vertex -19.6651 -18.75 2.4
    endloop
  endfacet
  facet normal 0 0 1
    outer loop
      vertex -19.4151 -44.893 2.4
      vertex -28 -33.2 2.4
      vertex -19.5479 -45.0661 2.4
    endloop
  endfacet
  facet normal 0 0 1
    outer loop
      vertex -28 -33.2 2.4
      vertex -19.6651 -18.75 2.4
      vertex -19.7658 -18.5565 2.4
    endloop
  endfacet
  facet normal 0 0 1
    outer loop
      vertex -19.5479 -45.0661 2.4
      vertex -28 -33.2 2.4
      vertex -19.6651 -45.25 2.4
    endloop
  endfacet
  facet normal 0 0 1
    outer loop
      vertex -28 -33.2 2.4
      vertex -19.7658 -18.5565 2.4
      vertex -19.8492 -18.3551 2.4
    endloop
  endfacet
  facet normal 0 0 1
    outer loop
      vertex -19.6651 -45.25 2.4
      vertex -28 -33.2 2.4
      vertex -19.7658 -45.4435 2.4
    endloop
  endfacet
  facet normal 0 0 1
    outer loop
      vertex -28 -33.2 2.4
      vertex -19.8492 -18.3551 2.4
      vertex -19.9148 -18.147 2.4
    endloop
  endfacet
  facet normal 0 0 1
    outer loop
      vertex -28 -50.8 2.4
      vertex -19.7658 -45.4435 2.4
      vertex -28 -33.2 2.4
    endloop
  endfacet
  facet normal 0 0 1
    outer loop
      vertex -28 -33.2 2.4
      vertex -19.9148 -18.147 2.4
      vertex -19.962 -17.9341 2.4
    endloop
  endfacet
  facet normal 0 0 1
    outer loop
      vertex -19.7658 -45.4435 2.4
      vertex -28 -50.8 2.4
      vertex -19.8492 -45.6449 2.4
    endloop
  endfacet
  facet normal 0 0 1
    outer loop
      vertex -28 -33.2 2.4
      vertex -19.962 -17.9341 2.4
      vertex -19.9905 -17.7179 2.4
    endloop
  endfacet
  facet normal 0 0 1
    outer loop
      vertex -19.8492 -45.6449 2.4
      vertex -28 -50.8 2.4
      vertex -19.9148 -45.853 2.4
    endloop
  endfacet
  facet normal 0 0 1
    outer loop
      vertex -28 -33.2 2.4
      vertex -19.9905 -17.7179 2.4
      vertex -20 -17.5 2.4
    endloop
  endfacet
  facet normal 0 0 1
    outer loop
      vertex -19.9148 -45.853 2.4
      vertex -28 -50.8 2.4
      vertex -19.962 -46.0659 2.4
    endloop
  endfacet
  facet normal 0 0 1
    outer loop
      vertex 31.6485 32.3515 2.4
      vertex 19.9148 13.853 2.4
      vertex 31.6485 -32.3515 2.4
    endloop
  endfacet
  facet normal 0 0 1
    outer loop
      vertex 31.5713 -32.2808 2.4
      vertex 19.9905 -14.2821 2.4
      vertex 20 -14.5 2.4
    endloop
  endfacet
  facet normal -0 0 1
    outer loop
      vertex 19.9148 -13.853 2.4
      vertex 31.6485 -32.3515 2.4
      vertex 19.9148 13.853 2.4
    endloop
  endfacet
  facet normal 0 0 1
    outer loop
      vertex 31.5713 -32.2808 2.4
      vertex 19.962 -14.0659 2.4
      vertex 19.9905 -14.2821 2.4
    endloop
  endfacet
  facet normal 0 0 1
    outer loop
      vertex 31.6485 -32.3515 2.4
      vertex 19.9148 -13.853 2.4
      vertex 31.5713 -32.2808 2.4
    endloop
  endfacet
  facet normal 0 0 1
    outer loop
      vertex 31.5713 -32.2808 2.4
      vertex 19.9148 -13.853 2.4
      vertex 19.962 -14.0659 2.4
    endloop
  endfacet
  facet normal -0 0 1
    outer loop
      vertex 19.8492 13.6449 2.4
      vertex 19.9148 -13.853 2.4
      vertex 19.9148 13.853 2.4
    endloop
  endfacet
  facet normal 0 0 1
    outer loop
      vertex 19.8492 13.6449 2.4
      vertex 19.8492 -13.6449 2.4
      vertex 19.9148 -13.853 2.4
    endloop
  endfacet
  facet normal -0 0 1
    outer loop
      vertex 19.7658 13.4435 2.4
      vertex 19.8492 -13.6449 2.4
      vertex 19.8492 13.6449 2.4
    endloop
  endfacet
  facet normal 0 0 1
    outer loop
      vertex 19.7658 13.4435 2.4
      vertex 19.7658 -13.4435 2.4
      vertex 19.8492 -13.6449 2.4
    endloop
  endfacet
  facet normal -0 0 1
    outer loop
      vertex 19.6651 13.25 2.4
      vertex 19.7658 -13.4435 2.4
      vertex 19.7658 13.4435 2.4
    endloop
  endfacet
  facet normal 0 0 1
    outer loop
      vertex 19.6651 13.25 2.4
      vertex 19.6651 -13.25 2.4
      vertex 19.7658 -13.4435 2.4
    endloop
  endfacet
  facet normal -0 0 1
    outer loop
      vertex 19.5479 13.0661 2.4
      vertex 19.6651 -13.25 2.4
      vertex 19.6651 13.25 2.4
    endloop
  endfacet
  facet normal 0 0 1
    outer loop
      vertex 19.5479 13.0661 2.4
      vertex 19.5479 -13.0661 2.4
      vertex 19.6651 -13.25 2.4
    endloop
  endfacet
  facet normal -0 0 1
    outer loop
      vertex 19.4151 12.893 2.4
      vertex 19.5479 -13.0661 2.4
      vertex 19.5479 13.0661 2.4
    endloop
  endfacet
  facet normal 0 0 1
    outer loop
      vertex 19.4151 12.893 2.4
      vertex 19.4151 -12.893 2.4
      vertex 19.5479 -13.0661 2.4
    endloop
  endfacet
  facet normal -0 0 1
    outer loop
      vertex 19.2678 12.7322 2.4
      vertex 19.4151 -12.893 2.4
      vertex 19.4151 12.893 2.4
    endloop
  endfacet
  facet normal 0 0 1
    outer loop
      vertex 19.2678 12.7322 2.4
      vertex 19.2678 -12.7322 2.4
      vertex 19.4151 -12.893 2.4
    endloop
  endfacet
  facet normal -0 0 1
    outer loop
      vertex 19.107 12.5849 2.4
      vertex 19.2678 -12.7322 2.4
      vertex 19.2678 12.7322 2.4
    endloop
  endfacet
  facet normal 0 0 1
    outer loop
      vertex 19.107 12.5849 2.4
      vertex 19.107 -12.5849 2.4
      vertex 19.2678 -12.7322 2.4
    endloop
  endfacet
  facet normal -0 0 1
    outer loop
      vertex 18.9339 12.4521 2.4
      vertex 19.107 -12.5849 2.4
      vertex 19.107 12.5849 2.4
    endloop
  endfacet
  facet normal 0 0 1
    outer loop
      vertex 18.9339 12.4521 2.4
      vertex 18.9339 -12.4521 2.4
      vertex 19.107 -12.5849 2.4
    endloop
  endfacet
  facet normal -0 0 1
    outer loop
      vertex 18.75 12.3349 2.4
      vertex 18.9339 -12.4521 2.4
      vertex 18.9339 12.4521 2.4
    endloop
  endfacet
  facet normal 0 0 1
    outer loop
      vertex 18.75 12.3349 2.4
      vertex 18.75 -12.3349 2.4
      vertex 18.9339 -12.4521 2.4
    endloop
  endfacet
  facet normal -0 0 1
    outer loop
      vertex 18.5565 12.2342 2.4
      vertex 18.75 -12.3349 2.4
      vertex 18.75 12.3349 2.4
    endloop
  endfacet
  facet normal 0 0 1
    outer loop
      vertex 18.5565 12.2342 2.4
      vertex 18.5565 -12.2342 2.4
      vertex 18.75 -12.3349 2.4
    endloop
  endfacet
  facet normal -0 0 1
    outer loop
      vertex 18.3551 12.1508 2.4
      vertex 18.5565 -12.2342 2.4
      vertex 18.5565 12.2342 2.4
    endloop
  endfacet
  facet normal 0 0 1
    outer loop
      vertex 18.3551 12.1508 2.4
      vertex 18.3551 -12.1508 2.4
      vertex 18.5565 -12.2342 2.4
    endloop
  endfacet
  facet normal -0 0 1
    outer loop
      vertex 18.147 12.0852 2.4
      vertex 18.3551 -12.1508 2.4
      vertex 18.3551 12.1508 2.4
    endloop
  endfacet
  facet normal 0 0 1
    outer loop
      vertex 18.147 12.0852 2.4
      vertex 18.147 -12.0852 2.4
      vertex 18.3551 -12.1508 2.4
    endloop
  endfacet
  facet normal -0 0 1
    outer loop
      vertex 17.9341 12.038 2.4
      vertex 18.147 -12.0852 2.4
      vertex 18.147 12.0852 2.4
    endloop
  endfacet
  facet normal 0 0 1
    outer loop
      vertex 17.9341 12.038 2.4
      vertex 17.9341 -12.038 2.4
      vertex 18.147 -12.0852 2.4
    endloop
  endfacet
  facet normal -0 0 1
    outer loop
      vertex 17.7179 12.0095 2.4
      vertex 17.9341 -12.038 2.4
      vertex 17.9341 12.038 2.4
    endloop
  endfacet
  facet normal 0 0 1
    outer loop
      vertex 17.7179 12.0095 2.4
      vertex 17.7179 -12.0095 2.4
      vertex 17.9341 -12.038 2.4
    endloop
  endfacet
  facet normal -0 0 1
    outer loop
      vertex 17.5 12 2.4
      vertex 17.7179 -12.0095 2.4
      vertex 17.7179 12.0095 2.4
    endloop
  endfacet
  facet normal 0 0 1
    outer loop
      vertex 17.5 12 2.4
      vertex 17.5 -12 2.4
      vertex 17.7179 -12.0095 2.4
    endloop
  endfacet
  facet normal -0 0 1
    outer loop
      vertex -17.5 12 2.4
      vertex 17.5 -12 2.4
      vertex 17.5 12 2.4
    endloop
  endfacet
  facet normal 0 0 1
    outer loop
      vertex -17.5 12 2.4
      vertex -17.5 -12 2.4
      vertex 17.5 -12 2.4
    endloop
  endfacet
  facet normal 0 0 1
    outer loop
      vertex -17.7179 12.0095 2.4
      vertex -17.5 -12 2.4
      vertex -17.5 12 2.4
    endloop
  endfacet
  facet normal 0 0 1
    outer loop
      vertex -17.7179 12.0095 2.4
      vertex -17.7179 -12.0095 2.4
      vertex -17.5 -12 2.4
    endloop
  endfacet
  facet normal 0 0 1
    outer loop
      vertex -17.9341 12.038 2.4
      vertex -17.7179 -12.0095 2.4
      vertex -17.7179 12.0095 2.4
    endloop
  endfacet
  facet normal 0 0 1
    outer loop
      vertex -17.9341 12.038 2.4
      vertex -17.9341 -12.038 2.4
      vertex -17.7179 -12.0095 2.4
    endloop
  endfacet
  facet normal 0 0 1
    outer loop
      vertex -18.147 12.0852 2.4
      vertex -17.9341 -12.038 2.4
      vertex -17.9341 12.038 2.4
    endloop
  endfacet
  facet normal 0 0 1
    outer loop
      vertex -18.147 12.0852 2.4
      vertex -18.147 -12.0852 2.4
      vertex -17.9341 -12.038 2.4
    endloop
  endfacet
  facet normal 0 0 1
    outer loop
      vertex -18.3551 12.1508 2.4
      vertex -18.147 -12.0852 2.4
      vertex -18.147 12.0852 2.4
    endloop
  endfacet
  facet normal 0 0 1
    outer loop
      vertex -18.3551 12.1508 2.4
      vertex -18.3551 -12.1508 2.4
      vertex -18.147 -12.0852 2.4
    endloop
  endfacet
  facet normal 0 0 1
    outer loop
      vertex -18.5565 12.2342 2.4
      vertex -18.3551 -12.1508 2.4
      vertex -18.3551 12.1508 2.4
    endloop
  endfacet
  facet normal 0 0 1
    outer loop
      vertex -18.5565 12.2342 2.4
      vertex -18.5565 -12.2342 2.4
      vertex -18.3551 -12.1508 2.4
    endloop
  endfacet
  facet normal 0 0 1
    outer loop
      vertex -18.75 12.3349 2.4
      vertex -18.5565 -12.2342 2.4
      vertex -18.5565 12.2342 2.4
    endloop
  endfacet
  facet normal 0 0 1
    outer loop
      vertex -18.75 12.3349 2.4
      vertex -18.75 -12.3349 2.4
      vertex -18.5565 -12.2342 2.4
    endloop
  endfacet
  facet normal 0 0 1
    outer loop
      vertex -18.9339 12.4521 2.4
      vertex -18.75 -12.3349 2.4
      vertex -18.75 12.3349 2.4
    endloop
  endfacet
  facet normal 0 0 1
    outer loop
      vertex -18.9339 12.4521 2.4
      vertex -18.9339 -12.4521 2.4
      vertex -18.75 -12.3349 2.4
    endloop
  endfacet
  facet normal 0 0 1
    outer loop
      vertex -19.107 12.5849 2.4
      vertex -18.9339 -12.4521 2.4
      vertex -18.9339 12.4521 2.4
    endloop
  endfacet
  facet normal 0 0 1
    outer loop
      vertex -19.107 12.5849 2.4
      vertex -19.107 -12.5849 2.4
      vertex -18.9339 -12.4521 2.4
    endloop
  endfacet
  facet normal 0 0 1
    outer loop
      vertex -19.2678 12.7322 2.4
      vertex -19.107 -12.5849 2.4
      vertex -19.107 12.5849 2.4
    endloop
  endfacet
  facet normal 0 0 1
    outer loop
      vertex -19.2678 12.7322 2.4
      vertex -19.2678 -12.7322 2.4
      vertex -19.107 -12.5849 2.4
    endloop
  endfacet
  facet normal 0 0 1
    outer loop
      vertex -19.4151 12.893 2.4
      vertex -19.2678 -12.7322 2.4
      vertex -19.2678 12.7322 2.4
    endloop
  endfacet
  facet normal 0 0 1
    outer loop
      vertex -19.4151 12.893 2.4
      vertex -19.4151 -12.893 2.4
      vertex -19.2678 -12.7322 2.4
    endloop
  endfacet
  facet normal 0 0 1
    outer loop
      vertex -19.5479 13.0661 2.4
      vertex -19.4151 -12.893 2.4
      vertex -19.4151 12.893 2.4
    endloop
  endfacet
  facet normal 0 0 1
    outer loop
      vertex -19.5479 13.0661 2.4
      vertex -19.5479 -13.0661 2.4
      vertex -19.4151 -12.893 2.4
    endloop
  endfacet
  facet normal 0 0 1
    outer loop
      vertex -19.6651 13.25 2.4
      vertex -19.5479 -13.0661 2.4
      vertex -19.5479 13.0661 2.4
    endloop
  endfacet
  facet normal 0 0 1
    outer loop
      vertex -19.6651 13.25 2.4
      vertex -19.6651 -13.25 2.4
      vertex -19.5479 -13.0661 2.4
    endloop
  endfacet
  facet normal 0 0 1
    outer loop
      vertex -19.7658 13.4435 2.4
      vertex -19.6651 -13.25 2.4
      vertex -19.6651 13.25 2.4
    endloop
  endfacet
  facet normal 0 0 1
    outer loop
      vertex -19.7658 13.4435 2.4
      vertex -19.7658 -13.4435 2.4
      vertex -19.6651 -13.25 2.4
    endloop
  endfacet
  facet normal 0 0 1
    outer loop
      vertex -19.8492 13.6449 2.4
      vertex -19.7658 -13.4435 2.4
      vertex -19.7658 13.4435 2.4
    endloop
  endfacet
  facet normal 0 0 1
    outer loop
      vertex -19.8492 13.6449 2.4
      vertex -19.8492 -13.6449 2.4
      vertex -19.7658 -13.4435 2.4
    endloop
  endfacet
  facet normal 0 0 1
    outer loop
      vertex -19.9148 13.853 2.4
      vertex -19.8492 -13.6449 2.4
      vertex -19.8492 13.6449 2.4
    endloop
  endfacet
  facet normal 0 0 1
    outer loop
      vertex -19.9148 13.853 2.4
      vertex -19.9148 -13.853 2.4
      vertex -19.8492 -13.6449 2.4
    endloop
  endfacet
  facet normal 0 0 1
    outer loop
      vertex -19.2678 19.2678 2.4
      vertex -28.6929 32.1124 2.4
      vertex -19.4151 19.107 2.4
    endloop
  endfacet
  facet normal -0 0 1
    outer loop
      vertex -28.7896 32.0724 2.4
      vertex -19.4151 19.107 2.4
      vertex -28.6929 32.1124 2.4
    endloop
  endfacet
  facet normal 0 0 1
    outer loop
      vertex -19.107 19.4151 2.4
      vertex -28.6 32.1608 2.4
      vertex -19.2678 19.2678 2.4
    endloop
  endfacet
  facet normal -0 0 1
    outer loop
      vertex -28.6929 32.1124 2.4
      vertex -19.2678 19.2678 2.4
      vertex -28.6 32.1608 2.4
    endloop
  endfacet
  facet normal -0 0 1
    outer loop
      vertex -28.6 32.1608 2.4
      vertex -19.107 19.4151 2.4
      vertex -28.5117 32.217 2.4
    endloop
  endfacet
  facet normal 0 0 1
    outer loop
      vertex -19.4151 19.107 2.4
      vertex -28.7896 32.0724 2.4
      vertex -19.5479 18.9339 2.4
    endloop
  endfacet
  facet normal 0 0 1
    outer loop
      vertex 19.8492 45.6449 2.4
      vertex 28 50.8 2.4
      vertex 19.9148 45.853 2.4
    endloop
  endfacet
  facet normal 0 0 1
    outer loop
      vertex 28.0046 33.0954 2.4
      vertex 19.9905 17.7179 2.4
      vertex 20 17.5 2.4
    endloop
  endfacet
  facet normal 0 0 1
    outer loop
      vertex 19.7658 45.4435 2.4
      vertex 28 50.8 2.4
      vertex 19.8492 45.6449 2.4
    endloop
  endfacet
  facet normal 0 0 1
    outer loop
      vertex 28.0046 33.0954 2.4
      vertex 19.962 17.9341 2.4
      vertex 19.9905 17.7179 2.4
    endloop
  endfacet
  facet normal 0 0 1
    outer loop
      vertex 28 50.8 2.4
      vertex 19.7658 45.4435 2.4
      vertex 28 33.2 2.4
    endloop
  endfacet
  facet normal 0 0 1
    outer loop
      vertex 28.0046 33.0954 2.4
      vertex 19.9148 18.147 2.4
      vertex 19.962 17.9341 2.4
    endloop
  endfacet
  facet normal -0 0 1
    outer loop
      vertex 19.6651 45.25 2.4
      vertex 28 33.2 2.4
      vertex 19.7658 45.4435 2.4
    endloop
  endfacet
  facet normal 0 0 1
    outer loop
      vertex 28.0046 33.0954 2.4
      vertex 19.8492 18.3551 2.4
      vertex 19.9148 18.147 2.4
    endloop
  endfacet
  facet normal -0 0 1
    outer loop
      vertex 19.5479 45.0661 2.4
      vertex 28 33.2 2.4
      vertex 19.6651 45.25 2.4
    endloop
  endfacet
  facet normal 0 0 1
    outer loop
      vertex 28.0046 33.0954 2.4
      vertex 19.7658 18.5565 2.4
      vertex 19.8492 18.3551 2.4
    endloop
  endfacet
  facet normal -0 0 1
    outer loop
      vertex 19.4151 44.893 2.4
      vertex 28 33.2 2.4
      vertex 19.5479 45.0661 2.4
    endloop
  endfacet
  facet normal 0 0 1
    outer loop
      vertex 28.0046 33.0954 2.4
      vertex 19.6651 18.75 2.4
      vertex 19.7658 18.5565 2.4
    endloop
  endfacet
  facet normal -0 0 1
    outer loop
      vertex 19.2678 44.7322 2.4
      vertex 28 33.2 2.4
      vertex 19.4151 44.893 2.4
    endloop
  endfacet
  facet normal 0 0 1
    outer loop
      vertex 28.0046 33.0954 2.4
      vertex 19.5479 18.9339 2.4
      vertex 19.6651 18.75 2.4
    endloop
  endfacet
  facet normal -0 0 1
    outer loop
      vertex 19.107 44.5849 2.4
      vertex 28 33.2 2.4
      vertex 19.2678 44.7322 2.4
    endloop
  endfacet
  facet normal 0 0 1
    outer loop
      vertex 28.0046 33.0954 2.4
      vertex 19.4151 19.107 2.4
      vertex 19.5479 18.9339 2.4
    endloop
  endfacet
  facet normal -0 0 1
    outer loop
      vertex 18.9339 44.4521 2.4
      vertex 28 33.2 2.4
      vertex 19.107 44.5849 2.4
    endloop
  endfacet
  facet normal 0 0 1
    outer loop
      vertex 28.0046 33.0954 2.4
      vertex 19.2678 19.2678 2.4
      vertex 19.4151 19.107 2.4
    endloop
  endfacet
  facet normal -0 0 1
    outer loop
      vertex 18.75 44.3349 2.4
      vertex 28 33.2 2.4
      vertex 18.9339 44.4521 2.4
    endloop
  endfacet
  facet normal 0 0 1
    outer loop
      vertex 28.0046 33.0954 2.4
      vertex 19.107 19.4151 2.4
      vertex 19.2678 19.2678 2.4
    endloop
  endfacet
  facet normal -0 0 1
    outer loop
      vertex 18.5565 44.2342 2.4
      vertex 28 33.2 2.4
      vertex 18.75 44.3349 2.4
    endloop
  endfacet
  facet normal 0 0 1
    outer loop
      vertex 28.0046 33.0954 2.4
      vertex 18.9339 19.5479 2.4
      vertex 19.107 19.4151 2.4
    endloop
  endfacet
  facet normal -0 0 1
    outer loop
      vertex 18.3551 44.1508 2.4
      vertex 28 33.2 2.4
      vertex 18.5565 44.2342 2.4
    endloop
  endfacet
  facet normal 0 0 1
    outer loop
      vertex 28.0046 33.0954 2.4
      vertex 18.75 19.6651 2.4
      vertex 18.9339 19.5479 2.4
    endloop
  endfacet
  facet normal -0 0 1
    outer loop
      vertex 18.147 44.0852 2.4
      vertex 28 33.2 2.4
      vertex 18.3551 44.1508 2.4
    endloop
  endfacet
  facet normal 0 0 1
    outer loop
      vertex 28.0046 33.0954 2.4
      vertex 18.5565 19.7658 2.4
      vertex 18.75 19.6651 2.4
    endloop
  endfacet
  facet normal -0 0 1
    outer loop
      vertex 17.9341 44.038 2.4
      vertex 28 33.2 2.4
      vertex 18.147 44.0852 2.4
    endloop
  endfacet
  facet normal 0 0 1
    outer loop
      vertex 28.0046 33.0954 2.4
      vertex 18.3551 19.8492 2.4
      vertex 18.5565 19.7658 2.4
    endloop
  endfacet
  facet normal -0 0 1
    outer loop
      vertex 17.7179 44.0095 2.4
      vertex 28 33.2 2.4
      vertex 17.9341 44.038 2.4
    endloop
  endfacet
  facet normal 0 0 1
    outer loop
      vertex 28.0046 33.0954 2.4
      vertex 18.147 19.9148 2.4
      vertex 18.3551 19.8492 2.4
    endloop
  endfacet
  facet normal -0 0 1
    outer loop
      vertex 17.5 44 2.4
      vertex 28 33.2 2.4
      vertex 17.7179 44.0095 2.4
    endloop
  endfacet
  facet normal 0 0 1
    outer loop
      vertex 28.0046 33.0954 2.4
      vertex 17.9341 19.962 2.4
      vertex 18.147 19.9148 2.4
    endloop
  endfacet
  facet normal 0 0 1
    outer loop
      vertex 28 33.2 2.4
      vertex 17.5 44 2.4
      vertex 28.0046 33.0954 2.4
    endloop
  endfacet
  facet normal 0 0 1
    outer loop
      vertex 28.0046 33.0954 2.4
      vertex 17.7179 19.9905 2.4
      vertex 17.9341 19.962 2.4
    endloop
  endfacet
  facet normal 0 0 1
    outer loop
      vertex 17.5 20 2.4
      vertex 28.0046 33.0954 2.4
      vertex 17.5 44 2.4
    endloop
  endfacet
  facet normal 0 0 1
    outer loop
      vertex 28.0046 33.0954 2.4
      vertex 17.5 20 2.4
      vertex 17.7179 19.9905 2.4
    endloop
  endfacet
  facet normal -0 0 1
    outer loop
      vertex -17.5 44 2.4
      vertex 17.5 20 2.4
      vertex 17.5 44 2.4
    endloop
  endfacet
  facet normal 0 0 1
    outer loop
      vertex -17.5 44 2.4
      vertex -17.5 20 2.4
      vertex 17.5 20 2.4
    endloop
  endfacet
  facet normal 0 0 1
    outer loop
      vertex -28 33.2 2.4
      vertex -17.5 44 2.4
      vertex -17.7179 44.0095 2.4
    endloop
  endfacet
  facet normal 0 0 1
    outer loop
      vertex -28.0046 33.0954 2.4
      vertex -17.5 44 2.4
      vertex -28 33.2 2.4
    endloop
  endfacet
  facet normal 0 0 1
    outer loop
      vertex -28 33.2 2.4
      vertex -17.7179 44.0095 2.4
      vertex -17.9341 44.038 2.4
    endloop
  endfacet
  facet normal 0 0 1
    outer loop
      vertex -17.5 44 2.4
      vertex -28.0046 33.0954 2.4
      vertex -17.5 20 2.4
    endloop
  endfacet
  facet normal 0 0 1
    outer loop
      vertex -28 33.2 2.4
      vertex -17.9341 44.038 2.4
      vertex -18.147 44.0852 2.4
    endloop
  endfacet
  facet normal -0 0 1
    outer loop
      vertex -28.0182 32.9916 2.4
      vertex -17.5 20 2.4
      vertex -28.0046 33.0954 2.4
    endloop
  endfacet
  facet normal 0 0 1
    outer loop
      vertex -28 33.2 2.4
      vertex -18.147 44.0852 2.4
      vertex -18.3551 44.1508 2.4
    endloop
  endfacet
  facet normal -0 0 1
    outer loop
      vertex -28.0409 32.8894 2.4
      vertex -17.5 20 2.4
      vertex -28.0182 32.9916 2.4
    endloop
  endfacet
  facet normal 0 0 1
    outer loop
      vertex -28 33.2 2.4
      vertex -18.3551 44.1508 2.4
      vertex -18.5565 44.2342 2.4
    endloop
  endfacet
  facet normal 0 0 1
    outer loop
      vertex -17.5 20 2.4
      vertex -28.0409 32.8894 2.4
      vertex -17.7179 19.9905 2.4
    endloop
  endfacet
  facet normal 0 0 1
    outer loop
      vertex -28 33.2 2.4
      vertex -18.5565 44.2342 2.4
      vertex -18.75 44.3349 2.4
    endloop
  endfacet
  facet normal -0 0 1
    outer loop
      vertex -28.0724 32.7896 2.4
      vertex -17.7179 19.9905 2.4
      vertex -28.0409 32.8894 2.4
    endloop
  endfacet
  facet normal 0 0 1
    outer loop
      vertex -28 33.2 2.4
      vertex -18.75 44.3349 2.4
      vertex -18.9339 44.4521 2.4
    endloop
  endfacet
  facet normal 0 0 1
    outer loop
      vertex -17.7179 19.9905 2.4
      vertex -28.0724 32.7896 2.4
      vertex -17.9341 19.962 2.4
    endloop
  endfacet
  facet normal 0 0 1
    outer loop
      vertex -28 33.2 2.4
      vertex -18.9339 44.4521 2.4
      vertex -19.107 44.5849 2.4
    endloop
  endfacet
  facet normal -0 0 1
    outer loop
      vertex -28.1124 32.6929 2.4
      vertex -17.9341 19.962 2.4
      vertex -28.0724 32.7896 2.4
    endloop
  endfacet
  facet normal 0 0 1
    outer loop
      vertex -28 33.2 2.4
      vertex -19.107 44.5849 2.4
      vertex -19.2678 44.7322 2.4
    endloop
  endfacet
  facet normal 0 0 1
    outer loop
      vertex -17.9341 19.962 2.4
      vertex -28.1124 32.6929 2.4
      vertex -18.147 19.9148 2.4
    endloop
  endfacet
  facet normal 0 0 1
    outer loop
      vertex -28 33.2 2.4
      vertex -19.2678 44.7322 2.4
      vertex -19.4151 44.893 2.4
    endloop
  endfacet
  facet normal -0 0 1
    outer loop
      vertex -28.1608 32.6 2.4
      vertex -18.147 19.9148 2.4
      vertex -28.1124 32.6929 2.4
    endloop
  endfacet
  facet normal 0 0 1
    outer loop
      vertex -28 33.2 2.4
      vertex -19.4151 44.893 2.4
      vertex -19.5479 45.0661 2.4
    endloop
  endfacet
  facet normal 0 0 1
    outer loop
      vertex -18.147 19.9148 2.4
      vertex -28.1608 32.6 2.4
      vertex -18.3551 19.8492 2.4
    endloop
  endfacet
  facet normal 0 0 1
    outer loop
      vertex -28 33.2 2.4
      vertex -19.5479 45.0661 2.4
      vertex -19.6651 45.25 2.4
    endloop
  endfacet
  facet normal -0 0 1
    outer loop
      vertex -28.217 32.5117 2.4
      vertex -18.3551 19.8492 2.4
      vertex -28.1608 32.6 2.4
    endloop
  endfacet
  facet normal 0 0 1
    outer loop
      vertex -28 33.2 2.4
      vertex -19.6651 45.25 2.4
      vertex -19.7658 45.4435 2.4
    endloop
  endfacet
  facet normal 0 0 1
    outer loop
      vertex -18.3551 19.8492 2.4
      vertex -28.217 32.5117 2.4
      vertex -18.5565 19.7658 2.4
    endloop
  endfacet
  facet normal 0 0 1
    outer loop
      vertex -28 50.8 2.4
      vertex -19.7658 45.4435 2.4
      vertex -19.8492 45.6449 2.4
    endloop
  endfacet
  facet normal -0 0 1
    outer loop
      vertex -28.2808 32.4287 2.4
      vertex -18.5565 19.7658 2.4
      vertex -28.217 32.5117 2.4
    endloop
  endfacet
  facet normal 0 0 1
    outer loop
      vertex -28 50.8 2.4
      vertex -19.8492 45.6449 2.4
      vertex -19.9148 45.853 2.4
    endloop
  endfacet
  facet normal 0 0 1
    outer loop
      vertex -18.5565 19.7658 2.4
      vertex -28.2808 32.4287 2.4
      vertex -18.75 19.6651 2.4
    endloop
  endfacet
  facet normal 0 0 1
    outer loop
      vertex -28 50.8 2.4
      vertex -19.9148 45.853 2.4
      vertex -19.962 46.0659 2.4
    endloop
  endfacet
  facet normal -0 0 1
    outer loop
      vertex -28.3515 32.3515 2.4
      vertex -18.75 19.6651 2.4
      vertex -28.2808 32.4287 2.4
    endloop
  endfacet
  facet normal 0 0 1
    outer loop
      vertex -28 50.8 2.4
      vertex -19.962 46.0659 2.4
      vertex -19.9905 46.2821 2.4
    endloop
  endfacet
  facet normal -0 0 1
    outer loop
      vertex -28.4287 32.2808 2.4
      vertex -18.75 19.6651 2.4
      vertex -28.3515 32.3515 2.4
    endloop
  endfacet
  facet normal 0 0 1
    outer loop
      vertex -28 50.8 2.4
      vertex -19.9905 46.2821 2.4
      vertex -20 46.5 2.4
    endloop
  endfacet
  facet normal 0 0 1
    outer loop
      vertex -18.75 19.6651 2.4
      vertex -28.4287 32.2808 2.4
      vertex -18.9339 19.5479 2.4
    endloop
  endfacet
  facet normal -0 0 1
    outer loop
      vertex 31.9954 33.0954 2.4
      vertex 32 -33.2 2.4
      vertex 32 33.2 2.4
    endloop
  endfacet
  facet normal 0 0 1
    outer loop
      vertex 31.9954 33.0954 2.4
      vertex 31.9954 -33.0954 2.4
      vertex 32 -33.2 2.4
    endloop
  endfacet
  facet normal -0 0 1
    outer loop
      vertex 31.9818 32.9916 2.4
      vertex 31.9954 -33.0954 2.4
      vertex 31.9954 33.0954 2.4
    endloop
  endfacet
  facet normal 0 0 1
    outer loop
      vertex 31.9818 32.9916 2.4
      vertex 31.9818 -32.9916 2.4
      vertex 31.9954 -33.0954 2.4
    endloop
  endfacet
  facet normal -0 0 1
    outer loop
      vertex 31.9591 32.8894 2.4
      vertex 31.9818 -32.9916 2.4
      vertex 31.9818 32.9916 2.4
    endloop
  endfacet
  facet normal 0 0 1
    outer loop
      vertex 31.9591 32.8894 2.4
      vertex 31.9591 -32.8894 2.4
      vertex 31.9818 -32.9916 2.4
    endloop
  endfacet
  facet normal -0 0 1
    outer loop
      vertex 31.9276 32.7896 2.4
      vertex 31.9591 -32.8894 2.4
      vertex 31.9591 32.8894 2.4
    endloop
  endfacet
  facet normal 0 0 1
    outer loop
      vertex 31.9276 32.7896 2.4
      vertex 31.9276 -32.7896 2.4
      vertex 31.9591 -32.8894 2.4
    endloop
  endfacet
  facet normal -0 0 1
    outer loop
      vertex 31.8876 32.6929 2.4
      vertex 31.9276 -32.7896 2.4
      vertex 31.9276 32.7896 2.4
    endloop
  endfacet
  facet normal 0 0 1
    outer loop
      vertex 31.8876 32.6929 2.4
      vertex 31.8876 -32.6929 2.4
      vertex 31.9276 -32.7896 2.4
    endloop
  endfacet
  facet normal -0 0 1
    outer loop
      vertex 31.8392 32.6 2.4
      vertex 31.8876 -32.6929 2.4
      vertex 31.8876 32.6929 2.4
    endloop
  endfacet
  facet normal 0 0 1
    outer loop
      vertex 31.8392 32.6 2.4
      vertex 31.8392 -32.6 2.4
      vertex 31.8876 -32.6929 2.4
    endloop
  endfacet
  facet normal -0 0 1
    outer loop
      vertex 31.783 32.5117 2.4
      vertex 31.8392 -32.6 2.4
      vertex 31.8392 32.6 2.4
    endloop
  endfacet
  facet normal 0 0 1
    outer loop
      vertex 31.783 32.5117 2.4
      vertex 31.783 -32.5117 2.4
      vertex 31.8392 -32.6 2.4
    endloop
  endfacet
  facet normal -0 0 1
    outer loop
      vertex 31.7192 32.4287 2.4
      vertex 31.783 -32.5117 2.4
      vertex 31.783 32.5117 2.4
    endloop
  endfacet
  facet normal 0 0 1
    outer loop
      vertex 31.7192 32.4287 2.4
      vertex 31.7192 -32.4287 2.4
      vertex 31.783 -32.5117 2.4
    endloop
  endfacet
  facet normal -0 0 1
    outer loop
      vertex 31.6485 32.3515 2.4
      vertex 31.7192 -32.4287 2.4
      vertex 31.7192 32.4287 2.4
    endloop
  endfacet
  facet normal 0 0 1
    outer loop
      vertex 31.6485 32.3515 2.4
      vertex 31.6485 -32.3515 2.4
      vertex 31.7192 -32.4287 2.4
    endloop
  endfacet
  facet normal -0 0 1
    outer loop
      vertex 31.4883 32.217 2.4
      vertex 19.962 14.0659 2.4
      vertex 31.5713 32.2808 2.4
    endloop
  endfacet
  facet normal 0 0 1
    outer loop
      vertex 19.9148 13.853 2.4
      vertex 31.5713 32.2808 2.4
      vertex 19.962 14.0659 2.4
    endloop
  endfacet
  facet normal -0 0 1
    outer loop
      vertex 31.4 32.1608 2.4
      vertex 19.9905 14.2821 2.4
      vertex 31.4883 32.217 2.4
    endloop
  endfacet
  facet normal 0 0 1
    outer loop
      vertex 19.962 14.0659 2.4
      vertex 31.4883 32.217 2.4
      vertex 19.9905 14.2821 2.4
    endloop
  endfacet
  facet normal 0 0 1
    outer loop
      vertex 19.9905 14.2821 2.4
      vertex 31.4 32.1608 2.4
      vertex 20 14.5 2.4
    endloop
  endfacet
  facet normal -0 0 1
    outer loop
      vertex 31.5713 32.2808 2.4
      vertex 19.9148 13.853 2.4
      vertex 31.6485 32.3515 2.4
    endloop
  endfacet
  facet normal 0 0 1
    outer loop
      vertex 20 14.5 2.4
      vertex 31.4 32.1608 2.4
      vertex 31.3071 32.1124 2.4
    endloop
  endfacet
  facet normal 0 0 1
    outer loop
      vertex 31.5713 -32.2808 2.4
      vertex 20 -14.5 2.4
      vertex 31.4883 -32.217 2.4
    endloop
  endfacet
  facet normal 0 0 1
    outer loop
      vertex 20 14.5 2.4
      vertex 31.3071 32.1124 2.4
      vertex 31.2104 32.0724 2.4
    endloop
  endfacet
  facet normal 0 0 1
    outer loop
      vertex 31.4883 -32.217 2.4
      vertex 20 -14.5 2.4
      vertex 31.4 -32.1608 2.4
    endloop
  endfacet
  facet normal 0 0 1
    outer loop
      vertex 20 17.5 2.4
      vertex 31.2104 32.0724 2.4
      vertex 31.1106 32.0409 2.4
    endloop
  endfacet
  facet normal 0 0 1
    outer loop
      vertex 31.4 -32.1608 2.4
      vertex 20 -14.5 2.4
      vertex 31.3071 -32.1124 2.4
    endloop
  endfacet
  facet normal 0 0 1
    outer loop
      vertex 20 17.5 2.4
      vertex 31.1106 32.0409 2.4
      vertex 31.0084 32.0182 2.4
    endloop
  endfacet
  facet normal 0 0 1
    outer loop
      vertex 31.3071 -32.1124 2.4
      vertex 20 -14.5 2.4
      vertex 31.2104 -32.0724 2.4
    endloop
  endfacet
  facet normal 0 0 1
    outer loop
      vertex 20 17.5 2.4
      vertex 31.0084 32.0182 2.4
      vertex 30.9046 32.0046 2.4
    endloop
  endfacet
  facet normal -0 0 1
    outer loop
      vertex 20 -17.5 2.4
      vertex 31.2104 -32.0724 2.4
      vertex 20 -14.5 2.4
    endloop
  endfacet
  facet normal 0 0 1
    outer loop
      vertex 20 17.5 2.4
      vertex 30.9046 32.0046 2.4
      vertex 30.8 32 2.4
    endloop
  endfacet
  facet normal 0 0 1
    outer loop
      vertex 31.2104 -32.0724 2.4
      vertex 20 -17.5 2.4
      vertex 31.1106 -32.0409 2.4
    endloop
  endfacet
  facet normal 0 0 1
    outer loop
      vertex 20 17.5 2.4
      vertex 30.8 32 2.4
      vertex 29.2 32 2.4
    endloop
  endfacet
  facet normal 0 0 1
    outer loop
      vertex 31.1106 -32.0409 2.4
      vertex 20 -17.5 2.4
      vertex 31.0084 -32.0182 2.4
    endloop
  endfacet
  facet normal 0 0 1
    outer loop
      vertex 20 17.5 2.4
      vertex 29.2 32 2.4
      vertex 29.0954 32.0046 2.4
    endloop
  endfacet
  facet normal -0 0 1
    outer loop
      vertex 19.9905 -17.7179 2.4
      vertex 31.0084 -32.0182 2.4
      vertex 20 -17.5 2.4
    endloop
  endfacet
  facet normal 0 0 1
    outer loop
      vertex 20 17.5 2.4
      vertex 29.0954 32.0046 2.4
      vertex 28.9916 32.0182 2.4
    endloop
  endfacet
  facet normal 0 0 1
    outer loop
      vertex 31.0084 -32.0182 2.4
      vertex 19.9905 -17.7179 2.4
      vertex 30.9046 -32.0046 2.4
    endloop
  endfacet
  facet normal 0 0 1
    outer loop
      vertex 20 17.5 2.4
      vertex 28.9916 32.0182 2.4
      vertex 28.8894 32.0409 2.4
    endloop
  endfacet
  facet normal -0 0 1
    outer loop
      vertex 19.962 -17.9341 2.4
      vertex 30.9046 -32.0046 2.4
      vertex 19.9905 -17.7179 2.4
    endloop
  endfacet
  facet normal 0 0 1
    outer loop
      vertex 20 17.5 2.4
      vertex 28.8894 32.0409 2.4
      vertex 28.7896 32.0724 2.4
    endloop
  endfacet
  facet normal 0 0 1
    outer loop
      vertex 30.9046 -32.0046 2.4
      vertex 19.962 -17.9341 2.4
      vertex 30.8 -32 2.4
    endloop
  endfacet
  facet normal 0 0 1
    outer loop
      vertex 20 17.5 2.4
      vertex 28.7896 32.0724 2.4
      vertex 28.6929 32.1124 2.4
    endloop
  endfacet
  facet normal -0 0 1
    outer loop
      vertex 19.9148 -18.147 2.4
      vertex 30.8 -32 2.4
      vertex 19.962 -17.9341 2.4
    endloop
  endfacet
  facet normal 0 0 1
    outer loop
      vertex 20 17.5 2.4
      vertex 28.6929 32.1124 2.4
      vertex 28.6 32.1608 2.4
    endloop
  endfacet
  facet normal 0 0 1
    outer loop
      vertex 30.8 -32 2.4
      vertex 19.9148 -18.147 2.4
      vertex 29.2 -32 2.4
    endloop
  endfacet
  facet normal 0 0 1
    outer loop
      vertex 20 17.5 2.4
      vertex 28.6 32.1608 2.4
      vertex 28.5117 32.217 2.4
    endloop
  endfacet
  facet normal -0 0 1
    outer loop
      vertex 19.8492 -18.3551 2.4
      vertex 29.2 -32 2.4
      vertex 19.9148 -18.147 2.4
    endloop
  endfacet
  facet normal 0 0 1
    outer loop
      vertex 20 17.5 2.4
      vertex 28.5117 32.217 2.4
      vertex 28.4287 32.2808 2.4
    endloop
  endfacet
  facet normal -0 0 1
    outer loop
      vertex 19.7658 -18.5565 2.4
      vertex 29.2 -32 2.4
      vertex 19.8492 -18.3551 2.4
    endloop
  endfacet
  facet normal 0 0 1
    outer loop
      vertex 20 17.5 2.4
      vertex 28.4287 32.2808 2.4
      vertex 28.3515 32.3515 2.4
    endloop
  endfacet
  facet normal 0 0 1
    outer loop
      vertex 29.2 -32 2.4
      vertex 19.7658 -18.5565 2.4
      vertex 29.0954 -32.0046 2.4
    endloop
  endfacet
  facet normal 0 0 1
    outer loop
      vertex 20 17.5 2.4
      vertex 28.3515 32.3515 2.4
      vertex 28.2808 32.4287 2.4
    endloop
  endfacet
  facet normal 0 0 1
    outer loop
      vertex 29.0954 -32.0046 2.4
      vertex 19.7658 -18.5565 2.4
      vertex 28.9916 -32.0182 2.4
    endloop
  endfacet
  facet normal 0 0 1
    outer loop
      vertex 20 17.5 2.4
      vertex 28.2808 32.4287 2.4
      vertex 28.217 32.5117 2.4
    endloop
  endfacet
  facet normal -0 0 1
    outer loop
      vertex 19.6651 -18.75 2.4
      vertex 28.9916 -32.0182 2.4
      vertex 19.7658 -18.5565 2.4
    endloop
  endfacet
  facet normal 0 0 1
    outer loop
      vertex 20 17.5 2.4
      vertex 28.217 32.5117 2.4
      vertex 28.1608 32.6 2.4
    endloop
  endfacet
  facet normal 0 0 1
    outer loop
      vertex 28.9916 -32.0182 2.4
      vertex 19.6651 -18.75 2.4
      vertex 28.8894 -32.0409 2.4
    endloop
  endfacet
  facet normal 0 0 1
    outer loop
      vertex 20 17.5 2.4
      vertex 28.1608 32.6 2.4
      vertex 28.1124 32.6929 2.4
    endloop
  endfacet
  facet normal -0 0 1
    outer loop
      vertex 19.5479 -18.9339 2.4
      vertex 28.8894 -32.0409 2.4
      vertex 19.6651 -18.75 2.4
    endloop
  endfacet
  facet normal 0 0 1
    outer loop
      vertex 20 17.5 2.4
      vertex 28.1124 32.6929 2.4
      vertex 28.0724 32.7896 2.4
    endloop
  endfacet
  facet normal 0 0 1
    outer loop
      vertex 28.8894 -32.0409 2.4
      vertex 19.5479 -18.9339 2.4
      vertex 28.7896 -32.0724 2.4
    endloop
  endfacet
  facet normal 0 0 1
    outer loop
      vertex 20 17.5 2.4
      vertex 28.0724 32.7896 2.4
      vertex 28.0409 32.8894 2.4
    endloop
  endfacet
  facet normal -0 0 1
    outer loop
      vertex 19.4151 -19.107 2.4
      vertex 28.7896 -32.0724 2.4
      vertex 19.5479 -18.9339 2.4
    endloop
  endfacet
  facet normal 0 0 1
    outer loop
      vertex 20 17.5 2.4
      vertex 28.0409 32.8894 2.4
      vertex 28.0182 32.9916 2.4
    endloop
  endfacet
  facet normal 0 0 1
    outer loop
      vertex 28.7896 -32.0724 2.4
      vertex 19.4151 -19.107 2.4
      vertex 28.6929 -32.1124 2.4
    endloop
  endfacet
  facet normal 0 0 1
    outer loop
      vertex 20 17.5 2.4
      vertex 28.0182 32.9916 2.4
      vertex 28.0046 33.0954 2.4
    endloop
  endfacet
  facet normal -0 0 1
    outer loop
      vertex 19.2678 -19.2678 2.4
      vertex 28.6929 -32.1124 2.4
      vertex 19.4151 -19.107 2.4
    endloop
  endfacet
  facet normal 0 0 1
    outer loop
      vertex 19.962 46.0659 2.4
      vertex 28 50.8 2.4
      vertex 19.9905 46.2821 2.4
    endloop
  endfacet
  facet normal 0 0 1
    outer loop
      vertex 28.6929 -32.1124 2.4
      vertex 19.2678 -19.2678 2.4
      vertex 28.6 -32.1608 2.4
    endloop
  endfacet
  facet normal 0 0 1
    outer loop
      vertex 37.5529 -72.7955 2.4
      vertex 36.9 -69 2.4
      vertex 37.0419 -72.9088 2.4
    endloop
  endfacet
  facet normal 0 0 1
    outer loop
      vertex 36.9 -69 2.4
      vertex 36.5229 -72.9772 2.4
      vertex 37.0419 -72.9088 2.4
    endloop
  endfacet
  facet normal 0 0 1
    outer loop
      vertex 36.9 -69 2.4
      vertex 36 -73 2.4
      vertex 36.5229 -72.9772 2.4
    endloop
  endfacet
  facet normal -0 0 1
    outer loop
      vertex 34.4 -69 2.4
      vertex 36 -73 2.4
      vertex 36.9 -69 2.4
    endloop
  endfacet
  facet normal 0 0 1
    outer loop
      vertex 34.4 69 2.4
      vertex 32 33.2 2.4
      vertex 34.4 -69 2.4
    endloop
  endfacet
  facet normal -0 0 1
    outer loop
      vertex 32 -33.2 2.4
      vertex 34.4 -69 2.4
      vertex 32 33.2 2.4
    endloop
  endfacet
  facet normal -0 0 1
    outer loop
      vertex 32 -50.8 2.4
      vertex 34.4 -69 2.4
      vertex 32 -33.2 2.4
    endloop
  endfacet
  facet normal -0 0 1
    outer loop
      vertex 31.9954 -50.9046 2.4
      vertex 34.4 -69 2.4
      vertex 32 -50.8 2.4
    endloop
  endfacet
  facet normal -0 0 1
    outer loop
      vertex 31.9818 -51.0084 2.4
      vertex 34.4 -69 2.4
      vertex 31.9954 -50.9046 2.4
    endloop
  endfacet
  facet normal -0 0 1
    outer loop
      vertex 31.9591 -51.1106 2.4
      vertex 34.4 -69 2.4
      vertex 31.9818 -51.0084 2.4
    endloop
  endfacet
  facet normal -0 0 1
    outer loop
      vertex 31.9276 -51.2104 2.4
      vertex 34.4 -69 2.4
      vertex 31.9591 -51.1106 2.4
    endloop
  endfacet
  facet normal -0 0 1
    outer loop
      vertex 31.8876 -51.3071 2.4
      vertex 34.4 -69 2.4
      vertex 31.9276 -51.2104 2.4
    endloop
  endfacet
  facet normal -0 0 1
    outer loop
      vertex 31.8392 -51.4 2.4
      vertex 34.4 -69 2.4
      vertex 31.8876 -51.3071 2.4
    endloop
  endfacet
  facet normal -0 0 1
    outer loop
      vertex 31.783 -51.4883 2.4
      vertex 34.4 -69 2.4
      vertex 31.8392 -51.4 2.4
    endloop
  endfacet
  facet normal -0 0 1
    outer loop
      vertex 31.7192 -51.5713 2.4
      vertex 34.4 -69 2.4
      vertex 31.783 -51.4883 2.4
    endloop
  endfacet
  facet normal -0 0 1
    outer loop
      vertex 31.6485 -51.6485 2.4
      vertex 34.4 -69 2.4
      vertex 31.7192 -51.5713 2.4
    endloop
  endfacet
  facet normal -0 0 1
    outer loop
      vertex 31.5713 -51.7192 2.4
      vertex 34.4 -69 2.4
      vertex 31.6485 -51.6485 2.4
    endloop
  endfacet
  facet normal -0 0 1
    outer loop
      vertex 31.4883 -51.783 2.4
      vertex 34.4 -69 2.4
      vertex 31.5713 -51.7192 2.4
    endloop
  endfacet
  facet normal -0 0 1
    outer loop
      vertex 31.4 -51.8392 2.4
      vertex 34.4 -69 2.4
      vertex 31.4883 -51.783 2.4
    endloop
  endfacet
  facet normal -0 0 1
    outer loop
      vertex 31.3071 -51.8876 2.4
      vertex 34.4 -69 2.4
      vertex 31.4 -51.8392 2.4
    endloop
  endfacet
  facet normal -0 0 1
    outer loop
      vertex 31.2104 -51.9276 2.4
      vertex 34.4 -69 2.4
      vertex 31.3071 -51.8876 2.4
    endloop
  endfacet
  facet normal -0 0 1
    outer loop
      vertex 31.1106 -51.9591 2.4
      vertex 34.4 -69 2.4
      vertex 31.2104 -51.9276 2.4
    endloop
  endfacet
  facet normal -0 0 1
    outer loop
      vertex 31.0084 -51.9818 2.4
      vertex 34.4 -69 2.4
      vertex 31.1106 -51.9591 2.4
    endloop
  endfacet
  facet normal -0 0 1
    outer loop
      vertex 30.9046 -51.9954 2.4
      vertex 34.4 -69 2.4
      vertex 31.0084 -51.9818 2.4
    endloop
  endfacet
  facet normal -0 0 1
    outer loop
      vertex 30.8 -52 2.4
      vertex 34.4 -69 2.4
      vertex 30.9046 -51.9954 2.4
    endloop
  endfacet
  facet normal -0 0 1
    outer loop
      vertex 29.2 -52 2.4
      vertex 34.4 -69 2.4
      vertex 30.8 -52 2.4
    endloop
  endfacet
  facet normal 0 0 1
    outer loop
      vertex 29.0954 -51.9954 2.4
      vertex 34.4 -69 2.4
      vertex 29.2 -52 2.4
    endloop
  endfacet
  facet normal 0 0 1
    outer loop
      vertex 28.9916 -51.9818 2.4
      vertex 34.4 -69 2.4
      vertex 29.0954 -51.9954 2.4
    endloop
  endfacet
  facet normal 0 0 1
    outer loop
      vertex 28.8894 -51.9591 2.4
      vertex 34.4 -69 2.4
      vertex 28.9916 -51.9818 2.4
    endloop
  endfacet
  facet normal 0 0 1
    outer loop
      vertex 28.7896 -51.9276 2.4
      vertex 34.4 -69 2.4
      vertex 28.8894 -51.9591 2.4
    endloop
  endfacet
  facet normal 0 0 1
    outer loop
      vertex 28.6929 -51.8876 2.4
      vertex 34.4 -69 2.4
      vertex 28.7896 -51.9276 2.4
    endloop
  endfacet
  facet normal 0 0 1
    outer loop
      vertex 18.5565 -51.7658 2.4
      vertex 28.6929 -51.8876 2.4
      vertex 28.6 -51.8392 2.4
    endloop
  endfacet
  facet normal 0 0 1
    outer loop
      vertex 18.75 -51.6651 2.4
      vertex 28.6 -51.8392 2.4
      vertex 28.5117 -51.783 2.4
    endloop
  endfacet
  facet normal 0 0 1
    outer loop
      vertex 18.9339 -51.5479 2.4
      vertex 28.5117 -51.783 2.4
      vertex 28.4287 -51.7192 2.4
    endloop
  endfacet
  facet normal 0 0 1
    outer loop
      vertex 19.107 -51.4151 2.4
      vertex 28.4287 -51.7192 2.4
      vertex 28.3515 -51.6485 2.4
    endloop
  endfacet
  facet normal 0 0 1
    outer loop
      vertex 19.2678 -51.2678 2.4
      vertex 28.3515 -51.6485 2.4
      vertex 28.2808 -51.5713 2.4
    endloop
  endfacet
  facet normal 0 0 1
    outer loop
      vertex 19.4151 -51.107 2.4
      vertex 28.2808 -51.5713 2.4
      vertex 28.217 -51.4883 2.4
    endloop
  endfacet
  facet normal 0 0 1
    outer loop
      vertex 19.4151 -51.107 2.4
      vertex 28.217 -51.4883 2.4
      vertex 28.1608 -51.4 2.4
    endloop
  endfacet
  facet normal 0 0 1
    outer loop
      vertex 19.5479 -50.9339 2.4
      vertex 28.1608 -51.4 2.4
      vertex 28.1124 -51.3071 2.4
    endloop
  endfacet
  facet normal 0 0 1
    outer loop
      vertex 19.6651 -50.75 2.4
      vertex 28.1124 -51.3071 2.4
      vertex 28.0724 -51.2104 2.4
    endloop
  endfacet
  facet normal 0 0 1
    outer loop
      vertex 31.2104 32.0724 2.4
      vertex 20 17.5 2.4
      vertex 20 14.5 2.4
    endloop
  endfacet
  facet normal -0 0 1
    outer loop
      vertex 19.107 -19.4151 2.4
      vertex 28.6 -32.1608 2.4
      vertex 19.2678 -19.2678 2.4
    endloop
  endfacet
  facet normal 0 0 1
    outer loop
      vertex 28.6 -32.1608 2.4
      vertex 19.107 -19.4151 2.4
      vertex 28.5117 -32.217 2.4
    endloop
  endfacet
  facet normal -0 0 1
    outer loop
      vertex 18.9339 -19.5479 2.4
      vertex 28.5117 -32.217 2.4
      vertex 19.107 -19.4151 2.4
    endloop
  endfacet
  facet normal 0 0 1
    outer loop
      vertex 28.0046 -33.0954 2.4
      vertex 20 -46.5 2.4
      vertex 28 -33.2 2.4
    endloop
  endfacet
  facet normal 0 0 1
    outer loop
      vertex 28 -33.2 2.4
      vertex 20 -46.5 2.4
      vertex 28 -50.8 2.4
    endloop
  endfacet
  facet normal -0 0 1
    outer loop
      vertex 20 -49.5 2.4
      vertex 28 -50.8 2.4
      vertex 20 -46.5 2.4
    endloop
  endfacet
  facet normal -0 0 1
    outer loop
      vertex 19.9905 -49.7179 2.4
      vertex 28 -50.8 2.4
      vertex 20 -49.5 2.4
    endloop
  endfacet
  facet normal -0 0 1
    outer loop
      vertex 19.962 -49.9341 2.4
      vertex 28 -50.8 2.4
      vertex 19.9905 -49.7179 2.4
    endloop
  endfacet
  facet normal -0 0 1
    outer loop
      vertex 19.9148 -50.147 2.4
      vertex 28 -50.8 2.4
      vertex 19.962 -49.9341 2.4
    endloop
  endfacet
  facet normal 0 0 1
    outer loop
      vertex 28 -50.8 2.4
      vertex 19.9148 -50.147 2.4
      vertex 28.0046 -50.9046 2.4
    endloop
  endfacet
  facet normal 0 0 1
    outer loop
      vertex 28.0046 -50.9046 2.4
      vertex 19.9148 -50.147 2.4
      vertex 28.0182 -51.0084 2.4
    endloop
  endfacet
  facet normal -0 0 1
    outer loop
      vertex 19.8492 -50.3551 2.4
      vertex 28.0182 -51.0084 2.4
      vertex 19.9148 -50.147 2.4
    endloop
  endfacet
  facet normal 0 0 1
    outer loop
      vertex 28.0182 -51.0084 2.4
      vertex 19.8492 -50.3551 2.4
      vertex 28.0409 -51.1106 2.4
    endloop
  endfacet
  facet normal -0 0 1
    outer loop
      vertex 19.7658 -50.5565 2.4
      vertex 28.0409 -51.1106 2.4
      vertex 19.8492 -50.3551 2.4
    endloop
  endfacet
  facet normal 0 0 1
    outer loop
      vertex 28.0409 -51.1106 2.4
      vertex 19.7658 -50.5565 2.4
      vertex 28.0724 -51.2104 2.4
    endloop
  endfacet
  facet normal -0 0 1
    outer loop
      vertex 19.6651 -50.75 2.4
      vertex 28.0724 -51.2104 2.4
      vertex 19.7658 -50.5565 2.4
    endloop
  endfacet
  facet normal 0 0 1
    outer loop
      vertex 28.1124 -51.3071 2.4
      vertex 19.6651 -50.75 2.4
      vertex 19.5479 -50.9339 2.4
    endloop
  endfacet
  facet normal 0 0 1
    outer loop
      vertex 28.1608 -51.4 2.4
      vertex 19.5479 -50.9339 2.4
      vertex 19.4151 -51.107 2.4
    endloop
  endfacet
  facet normal 0 0 1
    outer loop
      vertex 28.2808 -51.5713 2.4
      vertex 19.4151 -51.107 2.4
      vertex 19.2678 -51.2678 2.4
    endloop
  endfacet
  facet normal 0 0 1
    outer loop
      vertex 28.3515 -51.6485 2.4
      vertex 19.2678 -51.2678 2.4
      vertex 19.107 -51.4151 2.4
    endloop
  endfacet
  facet normal 0 0 1
    outer loop
      vertex 28.4287 -51.7192 2.4
      vertex 19.107 -51.4151 2.4
      vertex 18.9339 -51.5479 2.4
    endloop
  endfacet
  facet normal 0 0 1
    outer loop
      vertex 28.5117 -51.783 2.4
      vertex 18.9339 -51.5479 2.4
      vertex 18.75 -51.6651 2.4
    endloop
  endfacet
  facet normal 0 0 1
    outer loop
      vertex 28.6 -51.8392 2.4
      vertex 18.75 -51.6651 2.4
      vertex 18.5565 -51.7658 2.4
    endloop
  endfacet
  facet normal 0 0 1
    outer loop
      vertex 28.6929 -51.8876 2.4
      vertex 18.5565 -51.7658 2.4
      vertex 34.4 -69 2.4
    endloop
  endfacet
  facet normal -0 0 1
    outer loop
      vertex 18.3551 -51.8492 2.4
      vertex 34.4 -69 2.4
      vertex 18.5565 -51.7658 2.4
    endloop
  endfacet
  facet normal -0 0 1
    outer loop
      vertex 18.147 -51.9148 2.4
      vertex 34.4 -69 2.4
      vertex 18.3551 -51.8492 2.4
    endloop
  endfacet
  facet normal -0 0 1
    outer loop
      vertex 17.9341 -51.962 2.4
      vertex 34.4 -69 2.4
      vertex 18.147 -51.9148 2.4
    endloop
  endfacet
  facet normal -0 0 1
    outer loop
      vertex 17.7179 -51.9905 2.4
      vertex 34.4 -69 2.4
      vertex 17.9341 -51.962 2.4
    endloop
  endfacet
  facet normal -0 0 1
    outer loop
      vertex 17.5 -52 2.4
      vertex 34.4 -69 2.4
      vertex 17.7179 -51.9905 2.4
    endloop
  endfacet
  facet normal 0 0 1
    outer loop
      vertex 34.4 -69 2.4
      vertex 17.5 -52 2.4
      vertex 36 -73 2.4
    endloop
  endfacet
  facet normal -0 0 1
    outer loop
      vertex -17.5 -52 2.4
      vertex 36 -73 2.4
      vertex 17.5 -52 2.4
    endloop
  endfacet
  facet normal 0 0 1
    outer loop
      vertex -34.4 -69 2.4
      vertex -17.5 -52 2.4
      vertex -17.7179 -51.9905 2.4
    endloop
  endfacet
  facet normal 0 0 1
    outer loop
      vertex -34.4 -69 2.4
      vertex -17.7179 -51.9905 2.4
      vertex -17.9341 -51.962 2.4
    endloop
  endfacet
  facet normal 0 0 1
    outer loop
      vertex -34.4 -69 2.4
      vertex -17.9341 -51.962 2.4
      vertex -18.147 -51.9148 2.4
    endloop
  endfacet
  facet normal 0 0 1
    outer loop
      vertex -34.4 -69 2.4
      vertex -18.147 -51.9148 2.4
      vertex -18.3551 -51.8492 2.4
    endloop
  endfacet
  facet normal 0 0 1
    outer loop
      vertex -19.962 -46.0659 2.4
      vertex -28 -50.8 2.4
      vertex -19.9905 -46.2821 2.4
    endloop
  endfacet
  facet normal 0 0 1
    outer loop
      vertex -19.9905 -46.2821 2.4
      vertex -28 -50.8 2.4
      vertex -20 -46.5 2.4
    endloop
  endfacet
  facet normal 0 0 1
    outer loop
      vertex -20 -46.5 2.4
      vertex -28 -50.8 2.4
      vertex -20 -49.5 2.4
    endloop
  endfacet
  facet normal 0 0 1
    outer loop
      vertex -20 -49.5 2.4
      vertex -28 -50.8 2.4
      vertex -19.9905 -49.7179 2.4
    endloop
  endfacet
  facet normal 0 0 1
    outer loop
      vertex -19.9905 -49.7179 2.4
      vertex -28 -50.8 2.4
      vertex -19.962 -49.9341 2.4
    endloop
  endfacet
  facet normal 0 0 1
    outer loop
      vertex -19.962 -49.9341 2.4
      vertex -28 -50.8 2.4
      vertex -19.9148 -50.147 2.4
    endloop
  endfacet
  facet normal 0 0 1
    outer loop
      vertex -28.0046 -50.9046 2.4
      vertex -19.9148 -50.147 2.4
      vertex -28 -50.8 2.4
    endloop
  endfacet
  facet normal 0 0 1
    outer loop
      vertex -19.9148 -50.147 2.4
      vertex -28.0046 -50.9046 2.4
      vertex -19.8492 -50.3551 2.4
    endloop
  endfacet
  facet normal 0 0 1
    outer loop
      vertex -28.0182 -51.0084 2.4
      vertex -19.8492 -50.3551 2.4
      vertex -28.0046 -50.9046 2.4
    endloop
  endfacet
  facet normal 0 0 1
    outer loop
      vertex -28.0409 -51.1106 2.4
      vertex -19.8492 -50.3551 2.4
      vertex -28.0182 -51.0084 2.4
    endloop
  endfacet
  facet normal 0 0 1
    outer loop
      vertex -19.8492 -50.3551 2.4
      vertex -28.0409 -51.1106 2.4
      vertex -19.7658 -50.5565 2.4
    endloop
  endfacet
  facet normal 0 0 1
    outer loop
      vertex -28.0724 -51.2104 2.4
      vertex -19.7658 -50.5565 2.4
      vertex -28.0409 -51.1106 2.4
    endloop
  endfacet
  facet normal 0 0 1
    outer loop
      vertex -19.7658 -50.5565 2.4
      vertex -28.0724 -51.2104 2.4
      vertex -19.6651 -50.75 2.4
    endloop
  endfacet
  facet normal 0 0 1
    outer loop
      vertex -28.1124 -51.3071 2.4
      vertex -19.6651 -50.75 2.4
      vertex -28.0724 -51.2104 2.4
    endloop
  endfacet
  facet normal 0 0 1
    outer loop
      vertex -19.6651 -50.75 2.4
      vertex -28.1124 -51.3071 2.4
      vertex -19.5479 -50.9339 2.4
    endloop
  endfacet
  facet normal 0 0 1
    outer loop
      vertex -28.1608 -51.4 2.4
      vertex -19.5479 -50.9339 2.4
      vertex -28.1124 -51.3071 2.4
    endloop
  endfacet
  facet normal 0 0 1
    outer loop
      vertex -19.5479 -50.9339 2.4
      vertex -28.1608 -51.4 2.4
      vertex -19.4151 -51.107 2.4
    endloop
  endfacet
  facet normal 0 0 1
    outer loop
      vertex -28.217 -51.4883 2.4
      vertex -19.4151 -51.107 2.4
      vertex -28.1608 -51.4 2.4
    endloop
  endfacet
  facet normal 0 0 1
    outer loop
      vertex -28.2808 -51.5713 2.4
      vertex -19.4151 -51.107 2.4
      vertex -28.217 -51.4883 2.4
    endloop
  endfacet
  facet normal 0 0 1
    outer loop
      vertex -19.4151 -51.107 2.4
      vertex -28.2808 -51.5713 2.4
      vertex -19.2678 -51.2678 2.4
    endloop
  endfacet
  facet normal 0 0 1
    outer loop
      vertex -28.3515 -51.6485 2.4
      vertex -19.2678 -51.2678 2.4
      vertex -28.2808 -51.5713 2.4
    endloop
  endfacet
  facet normal 0 0 1
    outer loop
      vertex -19.2678 -51.2678 2.4
      vertex -28.3515 -51.6485 2.4
      vertex -19.107 -51.4151 2.4
    endloop
  endfacet
  facet normal 0 0 1
    outer loop
      vertex -28.4287 -51.7192 2.4
      vertex -19.107 -51.4151 2.4
      vertex -28.3515 -51.6485 2.4
    endloop
  endfacet
  facet normal 0 0 1
    outer loop
      vertex -19.107 -51.4151 2.4
      vertex -28.4287 -51.7192 2.4
      vertex -18.9339 -51.5479 2.4
    endloop
  endfacet
  facet normal 0 0 1
    outer loop
      vertex -28.5117 -51.783 2.4
      vertex -18.9339 -51.5479 2.4
      vertex -28.4287 -51.7192 2.4
    endloop
  endfacet
  facet normal 0 0 1
    outer loop
      vertex -18.9339 -51.5479 2.4
      vertex -28.5117 -51.783 2.4
      vertex -18.75 -51.6651 2.4
    endloop
  endfacet
  facet normal 0 0 1
    outer loop
      vertex -28.6 -51.8392 2.4
      vertex -18.75 -51.6651 2.4
      vertex -28.5117 -51.783 2.4
    endloop
  endfacet
  facet normal 0 0 1
    outer loop
      vertex -18.75 -51.6651 2.4
      vertex -28.6 -51.8392 2.4
      vertex -18.5565 -51.7658 2.4
    endloop
  endfacet
  facet normal 0 0 1
    outer loop
      vertex -28.6929 -51.8876 2.4
      vertex -18.5565 -51.7658 2.4
      vertex -28.6 -51.8392 2.4
    endloop
  endfacet
  facet normal 0 0 1
    outer loop
      vertex -34.4 -69 2.4
      vertex -18.5565 -51.7658 2.4
      vertex -28.6929 -51.8876 2.4
    endloop
  endfacet
  facet normal 0 0 1
    outer loop
      vertex -18.5565 -51.7658 2.4
      vertex -34.4 -69 2.4
      vertex -18.3551 -51.8492 2.4
    endloop
  endfacet
  facet normal 0 0 1
    outer loop
      vertex -34.4 -69 2.4
      vertex -28.6929 -51.8876 2.4
      vertex -28.7896 -51.9276 2.4
    endloop
  endfacet
  facet normal 0 0 1
    outer loop
      vertex -34.4 -69 2.4
      vertex -28.7896 -51.9276 2.4
      vertex -28.8894 -51.9591 2.4
    endloop
  endfacet
  facet normal 0 0 1
    outer loop
      vertex -34.4 -69 2.4
      vertex -28.8894 -51.9591 2.4
      vertex -28.9916 -51.9818 2.4
    endloop
  endfacet
  facet normal 0 0 1
    outer loop
      vertex -34.4 -69 2.4
      vertex -28.9916 -51.9818 2.4
      vertex -29.0954 -51.9954 2.4
    endloop
  endfacet
  facet normal 0 0 1
    outer loop
      vertex -34.4 -69 2.4
      vertex -29.0954 -51.9954 2.4
      vertex -29.2 -52 2.4
    endloop
  endfacet
  facet normal 0 0 1
    outer loop
      vertex -34.4 -69 2.4
      vertex -29.2 -52 2.4
      vertex -30.8 -52 2.4
    endloop
  endfacet
  facet normal 0 0 1
    outer loop
      vertex -34.4 -69 2.4
      vertex -30.8 -52 2.4
      vertex -30.9046 -51.9954 2.4
    endloop
  endfacet
  facet normal 0 0 1
    outer loop
      vertex -34.4 -69 2.4
      vertex -30.9046 -51.9954 2.4
      vertex -31.0084 -51.9818 2.4
    endloop
  endfacet
  facet normal 0 0 1
    outer loop
      vertex -34.4 -69 2.4
      vertex -31.0084 -51.9818 2.4
      vertex -31.1106 -51.9591 2.4
    endloop
  endfacet
  facet normal 0 0 1
    outer loop
      vertex -32 -33.2 2.4
      vertex -34.4 -69 2.4
      vertex -32 -50.8 2.4
    endloop
  endfacet
  facet normal 0 0 1
    outer loop
      vertex -34.4 -69 2.4
      vertex -31.9954 -50.9046 2.4
      vertex -32 -50.8 2.4
    endloop
  endfacet
  facet normal 0 0 1
    outer loop
      vertex -34.4 -69 2.4
      vertex -31.9818 -51.0084 2.4
      vertex -31.9954 -50.9046 2.4
    endloop
  endfacet
  facet normal 0 0 1
    outer loop
      vertex -34.4 -69 2.4
      vertex -31.9591 -51.1106 2.4
      vertex -31.9818 -51.0084 2.4
    endloop
  endfacet
  facet normal 0 0 1
    outer loop
      vertex -34.4 -69 2.4
      vertex -31.9276 -51.2104 2.4
      vertex -31.9591 -51.1106 2.4
    endloop
  endfacet
  facet normal 0 0 1
    outer loop
      vertex -34.4 -69 2.4
      vertex -31.8876 -51.3071 2.4
      vertex -31.9276 -51.2104 2.4
    endloop
  endfacet
  facet normal 0 0 1
    outer loop
      vertex -34.4 -69 2.4
      vertex -31.8392 -51.4 2.4
      vertex -31.8876 -51.3071 2.4
    endloop
  endfacet
  facet normal 0 0 1
    outer loop
      vertex -34.4 -69 2.4
      vertex -31.783 -51.4883 2.4
      vertex -31.8392 -51.4 2.4
    endloop
  endfacet
  facet normal 0 0 1
    outer loop
      vertex -34.4 -69 2.4
      vertex -31.7192 -51.5713 2.4
      vertex -31.783 -51.4883 2.4
    endloop
  endfacet
  facet normal 0 0 1
    outer loop
      vertex -34.4 -69 2.4
      vertex -31.6485 -51.6485 2.4
      vertex -31.7192 -51.5713 2.4
    endloop
  endfacet
  facet normal 0 0 1
    outer loop
      vertex -34.4 -69 2.4
      vertex -31.5713 -51.7192 2.4
      vertex -31.6485 -51.6485 2.4
    endloop
  endfacet
  facet normal 0 0 1
    outer loop
      vertex -34.4 -69 2.4
      vertex -31.4883 -51.783 2.4
      vertex -31.5713 -51.7192 2.4
    endloop
  endfacet
  facet normal 0 0 1
    outer loop
      vertex -34.4 -69 2.4
      vertex -31.4 -51.8392 2.4
      vertex -31.4883 -51.783 2.4
    endloop
  endfacet
  facet normal 0 0 1
    outer loop
      vertex -34.4 -69 2.4
      vertex -31.3071 -51.8876 2.4
      vertex -31.4 -51.8392 2.4
    endloop
  endfacet
  facet normal 0 0 1
    outer loop
      vertex -34.4 -69 2.4
      vertex -31.2104 -51.9276 2.4
      vertex -31.3071 -51.8876 2.4
    endloop
  endfacet
  facet normal 0 0 1
    outer loop
      vertex -34.4 -69 2.4
      vertex -31.1106 -51.9591 2.4
      vertex -31.2104 -51.9276 2.4
    endloop
  endfacet
  facet normal 0 0 1
    outer loop
      vertex -17.5 -52 2.4
      vertex -34.4 -69 2.4
      vertex -36 -73 2.4
    endloop
  endfacet
  facet normal 0 0 1
    outer loop
      vertex -17.5 -52 2.4
      vertex -36 -73 2.4
      vertex 36 -73 2.4
    endloop
  endfacet
  facet normal -0 0 1
    outer loop
      vertex -36.9 -69 2.4
      vertex -36 -73 2.4
      vertex -34.4 -69 2.4
    endloop
  endfacet
  facet normal 0 0 1
    outer loop
      vertex -36 -73 2.4
      vertex -36.9 -69 2.4
      vertex -36.5229 -72.9772 2.4
    endloop
  endfacet
  facet normal 0 0 1
    outer loop
      vertex -36.9 -69 2.4
      vertex -37.0419 -72.9088 2.4
      vertex -36.5229 -72.9772 2.4
    endloop
  endfacet
  facet normal 0 0 1
    outer loop
      vertex -36.9 69 2.4
      vertex -37.3 55 2.4
      vertex -36.9 -69 2.4
    endloop
  endfacet
  facet normal -0 0 1
    outer loop
      vertex -37.3 -55 2.4
      vertex -36.9 -69 2.4
      vertex -37.3 55 2.4
    endloop
  endfacet
  facet normal 0 0 1
    outer loop
      vertex -37.0419 72.9088 2.4
      vertex -37.3065 55.1482 2.4
      vertex -37.3 55 2.4
    endloop
  endfacet
  facet normal 0 0 1
    outer loop
      vertex -37.0419 72.9088 2.4
      vertex -37.3258 55.2952 2.4
      vertex -37.3065 55.1482 2.4
    endloop
  endfacet
  facet normal 0 0 1
    outer loop
      vertex -37.0419 72.9088 2.4
      vertex -37.3579 55.44 2.4
      vertex -37.3258 55.2952 2.4
    endloop
  endfacet
  facet normal 0 0 1
    outer loop
      vertex -37.0419 72.9088 2.4
      vertex -37.4025 55.5814 2.4
      vertex -37.3579 55.44 2.4
    endloop
  endfacet
  facet normal 0 0 1
    outer loop
      vertex -37.0419 72.9088 2.4
      vertex -37.4593 55.7185 2.4
      vertex -37.4025 55.5814 2.4
    endloop
  endfacet
  facet normal 0 0 1
    outer loop
      vertex -37.0419 72.9088 2.4
      vertex -37.5278 55.85 2.4
      vertex -37.4593 55.7185 2.4
    endloop
  endfacet
  facet normal 0 0 1
    outer loop
      vertex -40.9149 70.4415 2.4
      vertex -37.0419 72.9088 2.4
      vertex -37.5529 72.7955 2.4
    endloop
  endfacet
  facet normal 0 0 1
    outer loop
      vertex -37.0419 72.9088 2.4
      vertex -37.6074 55.9751 2.4
      vertex -37.5278 55.85 2.4
    endloop
  endfacet
  facet normal 0 0 1
    outer loop
      vertex -37.0419 72.9088 2.4
      vertex -37.6977 56.0927 2.4
      vertex -37.6074 55.9751 2.4
    endloop
  endfacet
  facet normal 0 0 1
    outer loop
      vertex -37.0419 72.9088 2.4
      vertex -37.7979 56.2021 2.4
      vertex -37.6977 56.0927 2.4
    endloop
  endfacet
  facet normal 0 0 1
    outer loop
      vertex -37.0419 72.9088 2.4
      vertex -37.9073 56.3023 2.4
      vertex -37.7979 56.2021 2.4
    endloop
  endfacet
  facet normal 0 0 1
    outer loop
      vertex -37.0419 72.9088 2.4
      vertex -38.0249 56.3926 2.4
      vertex -37.9073 56.3023 2.4
    endloop
  endfacet
  facet normal 0 0 1
    outer loop
      vertex -40.9149 70.4415 2.4
      vertex -37.5529 72.7955 2.4
      vertex -38.0521 72.6382 2.4
    endloop
  endfacet
  facet normal -0 0 1
    outer loop
      vertex -42 67 2.4
      vertex -38.0249 56.3926 2.4
      vertex -37.0419 72.9088 2.4
    endloop
  endfacet
  facet normal 0 0 1
    outer loop
      vertex -38.0249 56.3926 2.4
      vertex -42 67 2.4
      vertex -38.15 56.4722 2.4
    endloop
  endfacet
  facet normal 0 0 1
    outer loop
      vertex -42 67 2.4
      vertex -37.0419 72.9088 2.4
      vertex -40.9149 70.4415 2.4
    endloop
  endfacet
  facet normal 0 0 1
    outer loop
      vertex -40.9149 70.4415 2.4
      vertex -38.0521 72.6382 2.4
      vertex -38.5357 72.4379 2.4
    endloop
  endfacet
  facet normal 0 0 1
    outer loop
      vertex -38.15 56.4722 2.4
      vertex -42 67 2.4
      vertex -38.2815 56.5407 2.4
    endloop
  endfacet
  facet normal 0 0 1
    outer loop
      vertex -38.2815 56.5407 2.4
      vertex -42 67 2.4
      vertex -38.4186 56.5975 2.4
    endloop
  endfacet
  facet normal 0 0 1
    outer loop
      vertex -38.4186 56.5975 2.4
      vertex -42 67 2.4
      vertex -38.56 56.6421 2.4
    endloop
  endfacet
  facet normal 0 0 1
    outer loop
      vertex -40.9149 70.4415 2.4
      vertex -38.5357 72.4379 2.4
      vertex -39 72.1962 2.4
    endloop
  endfacet
  facet normal 0 0 1
    outer loop
      vertex -38.56 56.6421 2.4
      vertex -42 67 2.4
      vertex -38.7048 56.6742 2.4
    endloop
  endfacet
  facet normal 0 0 1
    outer loop
      vertex -38.7048 56.6742 2.4
      vertex -42 67 2.4
      vertex -38.8518 56.6935 2.4
    endloop
  endfacet
  facet normal 0 0 1
    outer loop
      vertex -38.8518 56.6935 2.4
      vertex -42 67 2.4
      vertex -39 56.7 2.4
    endloop
  endfacet
  facet normal 0 0 1
    outer loop
      vertex -39 56.7 2.4
      vertex -42 67 2.4
      vertex -39.1482 56.6935 2.4
    endloop
  endfacet
  facet normal 0 0 1
    outer loop
      vertex -40.9149 70.4415 2.4
      vertex -39 72.1962 2.4
      vertex -39.4415 71.9149 2.4
    endloop
  endfacet
  facet normal 0 0 1
    outer loop
      vertex -39.1482 56.6935 2.4
      vertex -42 67 2.4
      vertex -39.2952 56.6742 2.4
    endloop
  endfacet
  facet normal 0 0 1
    outer loop
      vertex -39.2952 56.6742 2.4
      vertex -42 67 2.4
      vertex -39.44 56.6421 2.4
    endloop
  endfacet
  facet normal 0 0 1
    outer loop
      vertex -39.44 56.6421 2.4
      vertex -42 67 2.4
      vertex -39.5814 56.5975 2.4
    endloop
  endfacet
  facet normal 0 0 1
    outer loop
      vertex -40.9149 70.4415 2.4
      vertex -39.4415 71.9149 2.4
      vertex -39.8567 71.5963 2.4
    endloop
  endfacet
  facet normal 0 0 1
    outer loop
      vertex -39.5814 56.5975 2.4
      vertex -42 67 2.4
      vertex -39.7185 56.5407 2.4
    endloop
  endfacet
  facet normal 0 0 1
    outer loop
      vertex -39.7185 56.5407 2.4
      vertex -42 67 2.4
      vertex -39.85 56.4722 2.4
    endloop
  endfacet
  facet normal 0 0 1
    outer loop
      vertex -39.85 56.4722 2.4
      vertex -42 67 2.4
      vertex -39.9751 56.3926 2.4
    endloop
  endfacet
  facet normal 0 0 1
    outer loop
      vertex -40.9149 70.4415 2.4
      vertex -39.8567 71.5963 2.4
      vertex -40.2426 71.2426 2.4
    endloop
  endfacet
  facet normal 0 0 1
    outer loop
      vertex -39.9751 56.3926 2.4
      vertex -42 67 2.4
      vertex -40.0927 56.3023 2.4
    endloop
  endfacet
  facet normal 0 0 1
    outer loop
      vertex -40.0927 56.3023 2.4
      vertex -42 67 2.4
      vertex -40.2021 56.2021 2.4
    endloop
  endfacet
  facet normal 0 0 1
    outer loop
      vertex -40.2021 56.2021 2.4
      vertex -42 67 2.4
      vertex -40.3023 56.0927 2.4
    endloop
  endfacet
  facet normal 0 0 1
    outer loop
      vertex -40.3023 56.0927 2.4
      vertex -42 67 2.4
      vertex -40.3926 55.9751 2.4
    endloop
  endfacet
  facet normal 0 0 1
    outer loop
      vertex -40.9149 70.4415 2.4
      vertex -40.2426 71.2426 2.4
      vertex -40.5963 70.8567 2.4
    endloop
  endfacet
  facet normal 0 0 1
    outer loop
      vertex -40.3926 55.9751 2.4
      vertex -42 67 2.4
      vertex -40.4722 55.85 2.4
    endloop
  endfacet
  facet normal 0 0 1
    outer loop
      vertex -40.4722 55.85 2.4
      vertex -42 67 2.4
      vertex -40.5407 55.7185 2.4
    endloop
  endfacet
  facet normal 0 0 1
    outer loop
      vertex -40.5407 55.7185 2.4
      vertex -42 67 2.4
      vertex -40.5975 55.5814 2.4
    endloop
  endfacet
  facet normal 0 0 1
    outer loop
      vertex -40.5975 55.5814 2.4
      vertex -42 67 2.4
      vertex -40.6421 55.44 2.4
    endloop
  endfacet
  facet normal 0 0 1
    outer loop
      vertex -40.6421 55.44 2.4
      vertex -42 67 2.4
      vertex -40.6742 55.2952 2.4
    endloop
  endfacet
  facet normal 0 0 1
    outer loop
      vertex -40.6935 55.1482 2.4
      vertex -42 67 2.4
      vertex -40.7 55 2.4
    endloop
  endfacet
  facet normal 0 0 1
    outer loop
      vertex -40.6742 55.2952 2.4
      vertex -42 67 2.4
      vertex -40.6935 55.1482 2.4
    endloop
  endfacet
  facet normal -0 0 1
    outer loop
      vertex 40.6935 -54.8518 2.4
      vertex 42 -67 2.4
      vertex 40.6935 54.8518 2.4
    endloop
  endfacet
  facet normal 0 0 1
    outer loop
      vertex 42 -67 2.4
      vertex 40.6935 -54.8518 2.4
      vertex 40.7 -55 2.4
    endloop
  endfacet
  facet normal -0 0 1
    outer loop
      vertex 40.6742 54.7048 2.4
      vertex 40.6935 -54.8518 2.4
      vertex 40.6935 54.8518 2.4
    endloop
  endfacet
  facet normal 0 0 1
    outer loop
      vertex 40.6742 54.7048 2.4
      vertex 40.6742 -54.7048 2.4
      vertex 40.6935 -54.8518 2.4
    endloop
  endfacet
  facet normal -0 0 1
    outer loop
      vertex 40.6421 54.56 2.4
      vertex 40.6742 -54.7048 2.4
      vertex 40.6742 54.7048 2.4
    endloop
  endfacet
  facet normal 0 0 1
    outer loop
      vertex 40.6421 54.56 2.4
      vertex 40.6421 -54.56 2.4
      vertex 40.6742 -54.7048 2.4
    endloop
  endfacet
  facet normal -0 0 1
    outer loop
      vertex 40.5975 54.4186 2.4
      vertex 40.6421 -54.56 2.4
      vertex 40.6421 54.56 2.4
    endloop
  endfacet
  facet normal 0 0 1
    outer loop
      vertex 40.5975 54.4186 2.4
      vertex 40.5975 -54.4186 2.4
      vertex 40.6421 -54.56 2.4
    endloop
  endfacet
  facet normal -0 0 1
    outer loop
      vertex 40.5407 54.2815 2.4
      vertex 40.5975 -54.4186 2.4
      vertex 40.5975 54.4186 2.4
    endloop
  endfacet
  facet normal 0 0 1
    outer loop
      vertex 40.5407 54.2815 2.4
      vertex 40.5407 -54.2815 2.4
      vertex 40.5975 -54.4186 2.4
    endloop
  endfacet
  facet normal -0 0 1
    outer loop
      vertex 40.4722 54.15 2.4
      vertex 40.5407 -54.2815 2.4
      vertex 40.5407 54.2815 2.4
    endloop
  endfacet
  facet normal 0 0 1
    outer loop
      vertex 40.4722 54.15 2.4
      vertex 40.4722 -54.15 2.4
      vertex 40.5407 -54.2815 2.4
    endloop
  endfacet
  facet normal -0 0 1
    outer loop
      vertex 40.3926 54.0249 2.4
      vertex 40.4722 -54.15 2.4
      vertex 40.4722 54.15 2.4
    endloop
  endfacet
  facet normal 0 0 1
    outer loop
      vertex 40.3926 54.0249 2.4
      vertex 40.3926 -54.0249 2.4
      vertex 40.4722 -54.15 2.4
    endloop
  endfacet
  facet normal -0 0 1
    outer loop
      vertex 40.3023 53.9073 2.4
      vertex 40.3926 -54.0249 2.4
      vertex 40.3926 54.0249 2.4
    endloop
  endfacet
  facet normal 0 0 1
    outer loop
      vertex 40.3023 53.9073 2.4
      vertex 40.3023 -53.9073 2.4
      vertex 40.3926 -54.0249 2.4
    endloop
  endfacet
  facet normal -0 0 1
    outer loop
      vertex 40.2021 53.7979 2.4
      vertex 40.3023 -53.9073 2.4
      vertex 40.3023 53.9073 2.4
    endloop
  endfacet
  facet normal 0 0 1
    outer loop
      vertex 40.2021 53.7979 2.4
      vertex 40.2021 -53.7979 2.4
      vertex 40.3023 -53.9073 2.4
    endloop
  endfacet
  facet normal -0 0 1
    outer loop
      vertex 40.0927 53.6977 2.4
      vertex 40.2021 -53.7979 2.4
      vertex 40.2021 53.7979 2.4
    endloop
  endfacet
  facet normal 0 0 1
    outer loop
      vertex 40.0927 53.6977 2.4
      vertex 40.0927 -53.6977 2.4
      vertex 40.2021 -53.7979 2.4
    endloop
  endfacet
  facet normal -0 0 1
    outer loop
      vertex 39.9751 53.6074 2.4
      vertex 40.0927 -53.6977 2.4
      vertex 40.0927 53.6977 2.4
    endloop
  endfacet
  facet normal 0 0 1
    outer loop
      vertex 39.9751 53.6074 2.4
      vertex 39.9751 -53.6074 2.4
      vertex 40.0927 -53.6977 2.4
    endloop
  endfacet
  facet normal -0 0 1
    outer loop
      vertex 39.85 53.5278 2.4
      vertex 39.9751 -53.6074 2.4
      vertex 39.9751 53.6074 2.4
    endloop
  endfacet
  facet normal 0 0 1
    outer loop
      vertex 39.85 53.5278 2.4
      vertex 39.85 -53.5278 2.4
      vertex 39.9751 -53.6074 2.4
    endloop
  endfacet
  facet normal -0 0 1
    outer loop
      vertex 39.7185 53.4593 2.4
      vertex 39.85 -53.5278 2.4
      vertex 39.85 53.5278 2.4
    endloop
  endfacet
  facet normal 0 0 1
    outer loop
      vertex 39.7185 53.4593 2.4
      vertex 39.7185 -53.4593 2.4
      vertex 39.85 -53.5278 2.4
    endloop
  endfacet
  facet normal -0 0 1
    outer loop
      vertex 39.5814 53.4025 2.4
      vertex 39.7185 -53.4593 2.4
      vertex 39.7185 53.4593 2.4
    endloop
  endfacet
  facet normal 0 0 1
    outer loop
      vertex 39.5814 53.4025 2.4
      vertex 39.5814 -53.4025 2.4
      vertex 39.7185 -53.4593 2.4
    endloop
  endfacet
  facet normal -0 0 1
    outer loop
      vertex 39.44 53.3579 2.4
      vertex 39.5814 -53.4025 2.4
      vertex 39.5814 53.4025 2.4
    endloop
  endfacet
  facet normal 0 0 1
    outer loop
      vertex 39.44 53.3579 2.4
      vertex 39.44 -53.3579 2.4
      vertex 39.5814 -53.4025 2.4
    endloop
  endfacet
  facet normal -0 0 1
    outer loop
      vertex 39.2952 53.3258 2.4
      vertex 39.44 -53.3579 2.4
      vertex 39.44 53.3579 2.4
    endloop
  endfacet
  facet normal 0 0 1
    outer loop
      vertex 39.2952 53.3258 2.4
      vertex 39.2952 -53.3258 2.4
      vertex 39.44 -53.3579 2.4
    endloop
  endfacet
  facet normal -0 0 1
    outer loop
      vertex 39.1482 53.3065 2.4
      vertex 39.2952 -53.3258 2.4
      vertex 39.2952 53.3258 2.4
    endloop
  endfacet
  facet normal 0 0 1
    outer loop
      vertex 39.1482 53.3065 2.4
      vertex 39.1482 -53.3065 2.4
      vertex 39.2952 -53.3258 2.4
    endloop
  endfacet
  facet normal -0 0 1
    outer loop
      vertex 39 53.3 2.4
      vertex 39.1482 -53.3065 2.4
      vertex 39.1482 53.3065 2.4
    endloop
  endfacet
  facet normal 0 0 1
    outer loop
      vertex 39 53.3 2.4
      vertex 39 -53.3 2.4
      vertex 39.1482 -53.3065 2.4
    endloop
  endfacet
  facet normal 0 0 1
    outer loop
      vertex 38.8518 53.3065 2.4
      vertex 39 -53.3 2.4
      vertex 39 53.3 2.4
    endloop
  endfacet
  facet normal 0 0 1
    outer loop
      vertex 38.8518 53.3065 2.4
      vertex 38.8518 -53.3065 2.4
      vertex 39 -53.3 2.4
    endloop
  endfacet
  facet normal 0 0 1
    outer loop
      vertex 38.7048 53.3258 2.4
      vertex 38.8518 -53.3065 2.4
      vertex 38.8518 53.3065 2.4
    endloop
  endfacet
  facet normal 0 0 1
    outer loop
      vertex 38.7048 53.3258 2.4
      vertex 38.7048 -53.3258 2.4
      vertex 38.8518 -53.3065 2.4
    endloop
  endfacet
  facet normal 0 0 1
    outer loop
      vertex 38.56 53.3579 2.4
      vertex 38.7048 -53.3258 2.4
      vertex 38.7048 53.3258 2.4
    endloop
  endfacet
  facet normal 0 0 1
    outer loop
      vertex 38.56 53.3579 2.4
      vertex 38.56 -53.3579 2.4
      vertex 38.7048 -53.3258 2.4
    endloop
  endfacet
  facet normal 0 0 1
    outer loop
      vertex 38.4186 53.4025 2.4
      vertex 38.56 -53.3579 2.4
      vertex 38.56 53.3579 2.4
    endloop
  endfacet
  facet normal 0 0 1
    outer loop
      vertex 38.4186 53.4025 2.4
      vertex 38.4186 -53.4025 2.4
      vertex 38.56 -53.3579 2.4
    endloop
  endfacet
  facet normal 0 0 1
    outer loop
      vertex 38.2815 53.4593 2.4
      vertex 38.4186 -53.4025 2.4
      vertex 38.4186 53.4025 2.4
    endloop
  endfacet
  facet normal 0 0 1
    outer loop
      vertex 38.2815 53.4593 2.4
      vertex 38.2815 -53.4593 2.4
      vertex 38.4186 -53.4025 2.4
    endloop
  endfacet
  facet normal 0 0 1
    outer loop
      vertex 38.15 53.5278 2.4
      vertex 38.2815 -53.4593 2.4
      vertex 38.2815 53.4593 2.4
    endloop
  endfacet
  facet normal 0 0 1
    outer loop
      vertex 38.15 53.5278 2.4
      vertex 38.15 -53.5278 2.4
      vertex 38.2815 -53.4593 2.4
    endloop
  endfacet
  facet normal 0 0 1
    outer loop
      vertex 38.0249 53.6074 2.4
      vertex 38.15 -53.5278 2.4
      vertex 38.15 53.5278 2.4
    endloop
  endfacet
  facet normal 0 0 1
    outer loop
      vertex 38.0249 53.6074 2.4
      vertex 38.0249 -53.6074 2.4
      vertex 38.15 -53.5278 2.4
    endloop
  endfacet
  facet normal 0 0 1
    outer loop
      vertex 37.9073 53.6977 2.4
      vertex 38.0249 -53.6074 2.4
      vertex 38.0249 53.6074 2.4
    endloop
  endfacet
  facet normal 0 0 1
    outer loop
      vertex 37.9073 53.6977 2.4
      vertex 37.9073 -53.6977 2.4
      vertex 38.0249 -53.6074 2.4
    endloop
  endfacet
  facet normal 0 0 1
    outer loop
      vertex 37.7979 53.7979 2.4
      vertex 37.9073 -53.6977 2.4
      vertex 37.9073 53.6977 2.4
    endloop
  endfacet
  facet normal 0 0 1
    outer loop
      vertex 37.7979 53.7979 2.4
      vertex 37.7979 -53.7979 2.4
      vertex 37.9073 -53.6977 2.4
    endloop
  endfacet
  facet normal 0 0 1
    outer loop
      vertex 37.6977 53.9073 2.4
      vertex 37.7979 -53.7979 2.4
      vertex 37.7979 53.7979 2.4
    endloop
  endfacet
  facet normal 0 0 1
    outer loop
      vertex 37.6977 53.9073 2.4
      vertex 37.6977 -53.9073 2.4
      vertex 37.7979 -53.7979 2.4
    endloop
  endfacet
  facet normal 0 0 1
    outer loop
      vertex 37.6074 54.0249 2.4
      vertex 37.6977 -53.9073 2.4
      vertex 37.6977 53.9073 2.4
    endloop
  endfacet
  facet normal 0 0 1
    outer loop
      vertex 37.6074 54.0249 2.4
      vertex 37.6074 -54.0249 2.4
      vertex 37.6977 -53.9073 2.4
    endloop
  endfacet
  facet normal 0 0 1
    outer loop
      vertex 37.5278 54.15 2.4
      vertex 37.6074 -54.0249 2.4
      vertex 37.6074 54.0249 2.4
    endloop
  endfacet
  facet normal 0 0 1
    outer loop
      vertex 37.5278 54.15 2.4
      vertex 37.5278 -54.15 2.4
      vertex 37.6074 -54.0249 2.4
    endloop
  endfacet
  facet normal 0 0 1
    outer loop
      vertex 37.4593 54.2815 2.4
      vertex 37.5278 -54.15 2.4
      vertex 37.5278 54.15 2.4
    endloop
  endfacet
  facet normal 0 0 1
    outer loop
      vertex 37.4593 54.2815 2.4
      vertex 37.4593 -54.2815 2.4
      vertex 37.5278 -54.15 2.4
    endloop
  endfacet
  facet normal 0 0 1
    outer loop
      vertex 37.4025 54.4186 2.4
      vertex 37.4593 -54.2815 2.4
      vertex 37.4593 54.2815 2.4
    endloop
  endfacet
  facet normal 0 0 1
    outer loop
      vertex 37.4025 54.4186 2.4
      vertex 37.4025 -54.4186 2.4
      vertex 37.4593 -54.2815 2.4
    endloop
  endfacet
  facet normal 0 0 1
    outer loop
      vertex 37.3579 54.56 2.4
      vertex 37.4025 -54.4186 2.4
      vertex 37.4025 54.4186 2.4
    endloop
  endfacet
  facet normal 0 0 1
    outer loop
      vertex 37.3579 54.56 2.4
      vertex 37.3579 -54.56 2.4
      vertex 37.4025 -54.4186 2.4
    endloop
  endfacet
  facet normal 0 0 1
    outer loop
      vertex 37.3258 54.7048 2.4
      vertex 37.3579 -54.56 2.4
      vertex 37.3579 54.56 2.4
    endloop
  endfacet
  facet normal 0 0 1
    outer loop
      vertex 37.3258 54.7048 2.4
      vertex 37.3258 -54.7048 2.4
      vertex 37.3579 -54.56 2.4
    endloop
  endfacet
  facet normal 0 0 1
    outer loop
      vertex 37.3065 54.8518 2.4
      vertex 37.3258 -54.7048 2.4
      vertex 37.3258 54.7048 2.4
    endloop
  endfacet
  facet normal 0 0 1
    outer loop
      vertex 37.3065 54.8518 2.4
      vertex 37.3065 -54.8518 2.4
      vertex 37.3258 -54.7048 2.4
    endloop
  endfacet
  facet normal 0 0 1
    outer loop
      vertex 37.3 55 2.4
      vertex 37.3065 -54.8518 2.4
      vertex 37.3065 54.8518 2.4
    endloop
  endfacet
  facet normal 0 0 1
    outer loop
      vertex 37.3065 -54.8518 2.4
      vertex 37.3 55 2.4
      vertex 37.3 -55 2.4
    endloop
  endfacet
  facet normal 0 0 1
    outer loop
      vertex 36.9 69 2.4
      vertex 42 67 2.4
      vertex 41.9772 67.5229 2.4
    endloop
  endfacet
  facet normal 0 0 1
    outer loop
      vertex 40.6935 54.8518 2.4
      vertex 42 67 2.4
      vertex 40.7 55 2.4
    endloop
  endfacet
  facet normal 0 0 1
    outer loop
      vertex 36.9 69 2.4
      vertex 41.9772 67.5229 2.4
      vertex 41.9088 68.0419 2.4
    endloop
  endfacet
  facet normal 0 0 1
    outer loop
      vertex 42 67 2.4
      vertex 40.6935 54.8518 2.4
      vertex 42 -67 2.4
    endloop
  endfacet
  facet normal 0 0 1
    outer loop
      vertex 36.9 69 2.4
      vertex 41.9088 68.0419 2.4
      vertex 41.7955 68.5529 2.4
    endloop
  endfacet
  facet normal -0 0 1
    outer loop
      vertex 40.6935 -55.1482 2.4
      vertex 42 -67 2.4
      vertex 40.7 -55 2.4
    endloop
  endfacet
  facet normal -0 0 1
    outer loop
      vertex 36.9 69 2.4
      vertex 41.7955 68.5529 2.4
      vertex 41.6382 69.0521 2.4
    endloop
  endfacet
  facet normal -0 0 1
    outer loop
      vertex 40.6742 -55.2952 2.4
      vertex 42 -67 2.4
      vertex 40.6935 -55.1482 2.4
    endloop
  endfacet
  facet normal 0 0 1
    outer loop
      vertex 36.9 69 2.4
      vertex 41.6382 69.0521 2.4
      vertex 41.4379 69.5357 2.4
    endloop
  endfacet
  facet normal -0 0 1
    outer loop
      vertex 40.6421 -55.44 2.4
      vertex 42 -67 2.4
      vertex 40.6742 -55.2952 2.4
    endloop
  endfacet
  facet normal 0 0 1
    outer loop
      vertex 36.9 69 2.4
      vertex 41.4379 69.5357 2.4
      vertex 41.1962 70 2.4
    endloop
  endfacet
  facet normal -0 0 1
    outer loop
      vertex 40.5975 -55.5814 2.4
      vertex 42 -67 2.4
      vertex 40.6421 -55.44 2.4
    endloop
  endfacet
  facet normal 0 0 1
    outer loop
      vertex 36.9 69 2.4
      vertex 41.1962 70 2.4
      vertex 40.9149 70.4415 2.4
    endloop
  endfacet
  facet normal -0 0 1
    outer loop
      vertex 40.5407 -55.7185 2.4
      vertex 42 -67 2.4
      vertex 40.5975 -55.5814 2.4
    endloop
  endfacet
  facet normal -0 0 1
    outer loop
      vertex 40.4722 -55.85 2.4
      vertex 42 -67 2.4
      vertex 40.5407 -55.7185 2.4
    endloop
  endfacet
  facet normal 0 0 1
    outer loop
      vertex 42 67 2.4
      vertex 40.6935 55.1482 2.4
      vertex 40.7 55 2.4
    endloop
  endfacet
  facet normal 0 0 1
    outer loop
      vertex 42 67 2.4
      vertex 40.6742 55.2952 2.4
      vertex 40.6935 55.1482 2.4
    endloop
  endfacet
  facet normal 0 0 1
    outer loop
      vertex 42 67 2.4
      vertex 40.6421 55.44 2.4
      vertex 40.6742 55.2952 2.4
    endloop
  endfacet
  facet normal 0 0 1
    outer loop
      vertex 42 67 2.4
      vertex 40.5975 55.5814 2.4
      vertex 40.6421 55.44 2.4
    endloop
  endfacet
  facet normal 0 0 1
    outer loop
      vertex 36.9 69 2.4
      vertex 40.9149 70.4415 2.4
      vertex 40.5963 70.8567 2.4
    endloop
  endfacet
  facet normal 0 0 1
    outer loop
      vertex 42 67 2.4
      vertex 40.5407 55.7185 2.4
      vertex 40.5975 55.5814 2.4
    endloop
  endfacet
  facet normal 0 0 1
    outer loop
      vertex 42 67 2.4
      vertex 40.4722 55.85 2.4
      vertex 40.5407 55.7185 2.4
    endloop
  endfacet
  facet normal 0 0 1
    outer loop
      vertex 42 67 2.4
      vertex 40.3926 55.9751 2.4
      vertex 40.4722 55.85 2.4
    endloop
  endfacet
  facet normal 0 0 1
    outer loop
      vertex 42 67 2.4
      vertex 40.3023 56.0927 2.4
      vertex 40.3926 55.9751 2.4
    endloop
  endfacet
  facet normal 0 0 1
    outer loop
      vertex 36.9 69 2.4
      vertex 40.5963 70.8567 2.4
      vertex 40.2426 71.2426 2.4
    endloop
  endfacet
  facet normal 0 0 1
    outer loop
      vertex 42 67 2.4
      vertex 40.2021 56.2021 2.4
      vertex 40.3023 56.0927 2.4
    endloop
  endfacet
  facet normal 0 0 1
    outer loop
      vertex 42 67 2.4
      vertex 40.0927 56.3023 2.4
      vertex 40.2021 56.2021 2.4
    endloop
  endfacet
  facet normal 0 0 1
    outer loop
      vertex 42 67 2.4
      vertex 39.9751 56.3926 2.4
      vertex 40.0927 56.3023 2.4
    endloop
  endfacet
  facet normal 0 0 1
    outer loop
      vertex 36.9 69 2.4
      vertex 40.2426 71.2426 2.4
      vertex 39.8567 71.5963 2.4
    endloop
  endfacet
  facet normal 0 0 1
    outer loop
      vertex 42 67 2.4
      vertex 39.85 56.4722 2.4
      vertex 39.9751 56.3926 2.4
    endloop
  endfacet
  facet normal 0 0 1
    outer loop
      vertex 42 67 2.4
      vertex 36.9 69 2.4
      vertex 38.7048 56.6742 2.4
    endloop
  endfacet
  facet normal 0 0 1
    outer loop
      vertex 42 67 2.4
      vertex 39.7185 56.5407 2.4
      vertex 39.85 56.4722 2.4
    endloop
  endfacet
  facet normal 0 0 1
    outer loop
      vertex 36.9 69 2.4
      vertex 39.8567 71.5963 2.4
      vertex 39.4415 71.9149 2.4
    endloop
  endfacet
  facet normal 0 0 1
    outer loop
      vertex 42 67 2.4
      vertex 39.5814 56.5975 2.4
      vertex 39.7185 56.5407 2.4
    endloop
  endfacet
  facet normal 0 0 1
    outer loop
      vertex 42 67 2.4
      vertex 39.44 56.6421 2.4
      vertex 39.5814 56.5975 2.4
    endloop
  endfacet
  facet normal 0 0 1
    outer loop
      vertex 42 67 2.4
      vertex 39.2952 56.6742 2.4
      vertex 39.44 56.6421 2.4
    endloop
  endfacet
  facet normal 0 0 1
    outer loop
      vertex 36.9 69 2.4
      vertex 39.4415 71.9149 2.4
      vertex 39 72.1962 2.4
    endloop
  endfacet
  facet normal 0 0 1
    outer loop
      vertex 42 67 2.4
      vertex 39.1482 56.6935 2.4
      vertex 39.2952 56.6742 2.4
    endloop
  endfacet
  facet normal 0 0 1
    outer loop
      vertex 42 67 2.4
      vertex 39 56.7 2.4
      vertex 39.1482 56.6935 2.4
    endloop
  endfacet
  facet normal 0 0 1
    outer loop
      vertex 42 67 2.4
      vertex 38.8518 56.6935 2.4
      vertex 39 56.7 2.4
    endloop
  endfacet
  facet normal 0 0 1
    outer loop
      vertex 42 67 2.4
      vertex 38.7048 56.6742 2.4
      vertex 38.8518 56.6935 2.4
    endloop
  endfacet
  facet normal 0 0 1
    outer loop
      vertex 36.9 69 2.4
      vertex 39 72.1962 2.4
      vertex 38.5357 72.4379 2.4
    endloop
  endfacet
  facet normal 0 0 1
    outer loop
      vertex 38.7048 56.6742 2.4
      vertex 36.9 69 2.4
      vertex 38.56 56.6421 2.4
    endloop
  endfacet
  facet normal 0 0 1
    outer loop
      vertex 38.56 56.6421 2.4
      vertex 36.9 69 2.4
      vertex 38.4186 56.5975 2.4
    endloop
  endfacet
  facet normal 0 0 1
    outer loop
      vertex 38.4186 56.5975 2.4
      vertex 36.9 69 2.4
      vertex 38.2815 56.5407 2.4
    endloop
  endfacet
  facet normal 0 0 1
    outer loop
      vertex 36.9 69 2.4
      vertex 38.5357 72.4379 2.4
      vertex 38.0521 72.6382 2.4
    endloop
  endfacet
  facet normal 0 0 1
    outer loop
      vertex 38.2815 56.5407 2.4
      vertex 36.9 69 2.4
      vertex 38.15 56.4722 2.4
    endloop
  endfacet
  facet normal 0 0 1
    outer loop
      vertex 38.15 56.4722 2.4
      vertex 36.9 69 2.4
      vertex 38.0249 56.3926 2.4
    endloop
  endfacet
  facet normal 0 0 1
    outer loop
      vertex 38.0249 56.3926 2.4
      vertex 36.9 69 2.4
      vertex 37.9073 56.3023 2.4
    endloop
  endfacet
  facet normal 0 0 1
    outer loop
      vertex 37.9073 56.3023 2.4
      vertex 36.9 69 2.4
      vertex 37.7979 56.2021 2.4
    endloop
  endfacet
  facet normal 0 0 1
    outer loop
      vertex 37.7979 56.2021 2.4
      vertex 36.9 69 2.4
      vertex 37.6977 56.0927 2.4
    endloop
  endfacet
  facet normal 0 0 1
    outer loop
      vertex 36.9 69 2.4
      vertex 38.0521 72.6382 2.4
      vertex 37.5529 72.7955 2.4
    endloop
  endfacet
  facet normal 0 0 1
    outer loop
      vertex 37.6977 56.0927 2.4
      vertex 36.9 69 2.4
      vertex 37.6074 55.9751 2.4
    endloop
  endfacet
  facet normal 0 0 1
    outer loop
      vertex 37.6074 55.9751 2.4
      vertex 36.9 69 2.4
      vertex 37.5278 55.85 2.4
    endloop
  endfacet
  facet normal 0 0 1
    outer loop
      vertex 37.5278 55.85 2.4
      vertex 36.9 69 2.4
      vertex 37.4593 55.7185 2.4
    endloop
  endfacet
  facet normal 0 0 1
    outer loop
      vertex 37.4593 55.7185 2.4
      vertex 36.9 69 2.4
      vertex 37.4025 55.5814 2.4
    endloop
  endfacet
  facet normal 0 0 1
    outer loop
      vertex 37.4025 55.5814 2.4
      vertex 36.9 69 2.4
      vertex 37.3579 55.44 2.4
    endloop
  endfacet
  facet normal 0 0 1
    outer loop
      vertex 37.3579 55.44 2.4
      vertex 36.9 69 2.4
      vertex 37.3258 55.2952 2.4
    endloop
  endfacet
  facet normal 0 0 1
    outer loop
      vertex 37.3258 55.2952 2.4
      vertex 36.9 69 2.4
      vertex 37.3065 55.1482 2.4
    endloop
  endfacet
  facet normal 0 0 1
    outer loop
      vertex 37.3065 55.1482 2.4
      vertex 36.9 69 2.4
      vertex 37.3 55 2.4
    endloop
  endfacet
  facet normal 0 0 1
    outer loop
      vertex 36.9 69 2.4
      vertex 37.5529 72.7955 2.4
      vertex 37.0419 72.9088 2.4
    endloop
  endfacet
  facet normal -0 0 1
    outer loop
      vertex 40.3926 -55.9751 2.4
      vertex 42 -67 2.4
      vertex 40.4722 -55.85 2.4
    endloop
  endfacet
  facet normal -0 0 1
    outer loop
      vertex 40.3023 -56.0927 2.4
      vertex 42 -67 2.4
      vertex 40.3926 -55.9751 2.4
    endloop
  endfacet
  facet normal -0 0 1
    outer loop
      vertex 40.2021 -56.2021 2.4
      vertex 42 -67 2.4
      vertex 40.3023 -56.0927 2.4
    endloop
  endfacet
  facet normal -0 0 1
    outer loop
      vertex 40.0927 -56.3023 2.4
      vertex 42 -67 2.4
      vertex 40.2021 -56.2021 2.4
    endloop
  endfacet
  facet normal -0 0 1
    outer loop
      vertex 39.9751 -56.3926 2.4
      vertex 42 -67 2.4
      vertex 40.0927 -56.3023 2.4
    endloop
  endfacet
  facet normal -0 0 1
    outer loop
      vertex 39.85 -56.4722 2.4
      vertex 42 -67 2.4
      vertex 39.9751 -56.3926 2.4
    endloop
  endfacet
  facet normal -0 0 1
    outer loop
      vertex 39.7185 -56.5407 2.4
      vertex 42 -67 2.4
      vertex 39.85 -56.4722 2.4
    endloop
  endfacet
  facet normal -0 0 1
    outer loop
      vertex 39.5814 -56.5975 2.4
      vertex 42 -67 2.4
      vertex 39.7185 -56.5407 2.4
    endloop
  endfacet
  facet normal -0 0 1
    outer loop
      vertex 39.44 -56.6421 2.4
      vertex 42 -67 2.4
      vertex 39.5814 -56.5975 2.4
    endloop
  endfacet
  facet normal -0 0 1
    outer loop
      vertex 39.2952 -56.6742 2.4
      vertex 42 -67 2.4
      vertex 39.44 -56.6421 2.4
    endloop
  endfacet
  facet normal -0 0 1
    outer loop
      vertex 39.1482 -56.6935 2.4
      vertex 42 -67 2.4
      vertex 39.2952 -56.6742 2.4
    endloop
  endfacet
  facet normal -0 0 1
    outer loop
      vertex 39 -56.7 2.4
      vertex 42 -67 2.4
      vertex 39.1482 -56.6935 2.4
    endloop
  endfacet
  facet normal 0 0 1
    outer loop
      vertex 38.8518 -56.6935 2.4
      vertex 42 -67 2.4
      vertex 39 -56.7 2.4
    endloop
  endfacet
  facet normal 0 0 1
    outer loop
      vertex 38.7048 -56.6742 2.4
      vertex 42 -67 2.4
      vertex 38.8518 -56.6935 2.4
    endloop
  endfacet
  facet normal 0 0 1
    outer loop
      vertex 36.9 -69 2.4
      vertex 38.7048 -56.6742 2.4
      vertex 38.56 -56.6421 2.4
    endloop
  endfacet
  facet normal 0 0 1
    outer loop
      vertex 36.9 -69 2.4
      vertex 38.56 -56.6421 2.4
      vertex 38.4186 -56.5975 2.4
    endloop
  endfacet
  facet normal 0 0 1
    outer loop
      vertex 36.9 -69 2.4
      vertex 38.4186 -56.5975 2.4
      vertex 38.2815 -56.5407 2.4
    endloop
  endfacet
  facet normal 0 0 1
    outer loop
      vertex 36.9 -69 2.4
      vertex 38.2815 -56.5407 2.4
      vertex 38.15 -56.4722 2.4
    endloop
  endfacet
  facet normal 0 0 1
    outer loop
      vertex 36.9 -69 2.4
      vertex 38.15 -56.4722 2.4
      vertex 38.0249 -56.3926 2.4
    endloop
  endfacet
  facet normal 0 0 1
    outer loop
      vertex 36.9 -69 2.4
      vertex 41.9772 -67.5229 2.4
      vertex 42 -67 2.4
    endloop
  endfacet
  facet normal 0 0 1
    outer loop
      vertex 36.9 -69 2.4
      vertex 41.9088 -68.0419 2.4
      vertex 41.9772 -67.5229 2.4
    endloop
  endfacet
  facet normal 0 0 1
    outer loop
      vertex 36.9 -69 2.4
      vertex 41.7955 -68.5529 2.4
      vertex 41.9088 -68.0419 2.4
    endloop
  endfacet
  facet normal 0 0 1
    outer loop
      vertex 36.9 -69 2.4
      vertex 41.4379 -69.5357 2.4
      vertex 41.6382 -69.0521 2.4
    endloop
  endfacet
  facet normal 0 0 1
    outer loop
      vertex 36.9 -69 2.4
      vertex 41.1962 -70 2.4
      vertex 41.4379 -69.5357 2.4
    endloop
  endfacet
  facet normal 0 0 1
    outer loop
      vertex 36.9 -69 2.4
      vertex 40.9149 -70.4415 2.4
      vertex 41.1962 -70 2.4
    endloop
  endfacet
  facet normal 0 0 1
    outer loop
      vertex 36.9 -69 2.4
      vertex 40.5963 -70.8567 2.4
      vertex 40.9149 -70.4415 2.4
    endloop
  endfacet
  facet normal 0 0 1
    outer loop
      vertex 36.9 -69 2.4
      vertex 40.2426 -71.2426 2.4
      vertex 40.5963 -70.8567 2.4
    endloop
  endfacet
  facet normal 0 0 1
    outer loop
      vertex 36.9 -69 2.4
      vertex 39.4415 -71.9149 2.4
      vertex 39.8567 -71.5963 2.4
    endloop
  endfacet
  facet normal 0 0 1
    outer loop
      vertex 36.9 -69 2.4
      vertex 39 -72.1962 2.4
      vertex 39.4415 -71.9149 2.4
    endloop
  endfacet
  facet normal 0 0 1
    outer loop
      vertex 36.9 -69 2.4
      vertex 39.8567 -71.5963 2.4
      vertex 40.2426 -71.2426 2.4
    endloop
  endfacet
  facet normal -0 0 1
    outer loop
      vertex 36.9 -69 2.4
      vertex 41.6382 -69.0521 2.4
      vertex 41.7955 -68.5529 2.4
    endloop
  endfacet
  facet normal 0 0 1
    outer loop
      vertex 36.9 -69 2.4
      vertex 38.5357 -72.4379 2.4
      vertex 39 -72.1962 2.4
    endloop
  endfacet
  facet normal 0 0 1
    outer loop
      vertex 38.7048 -56.6742 2.4
      vertex 36.9 -69 2.4
      vertex 42 -67 2.4
    endloop
  endfacet
  facet normal 0 0 1
    outer loop
      vertex 36.9 -69 2.4
      vertex 38.0249 -56.3926 2.4
      vertex 37.9073 -56.3023 2.4
    endloop
  endfacet
  facet normal 0 0 1
    outer loop
      vertex 36.9 -69 2.4
      vertex 37.9073 -56.3023 2.4
      vertex 37.7979 -56.2021 2.4
    endloop
  endfacet
  facet normal 0 0 1
    outer loop
      vertex 36.9 -69 2.4
      vertex 37.7979 -56.2021 2.4
      vertex 37.6977 -56.0927 2.4
    endloop
  endfacet
  facet normal 0 0 1
    outer loop
      vertex 36.9 -69 2.4
      vertex 37.6977 -56.0927 2.4
      vertex 37.6074 -55.9751 2.4
    endloop
  endfacet
  facet normal 0 0 1
    outer loop
      vertex 36.9 -69 2.4
      vertex 38.0521 -72.6382 2.4
      vertex 38.5357 -72.4379 2.4
    endloop
  endfacet
  facet normal 0 0 1
    outer loop
      vertex 36.9 -69 2.4
      vertex 37.6074 -55.9751 2.4
      vertex 37.5278 -55.85 2.4
    endloop
  endfacet
  facet normal 0 0 1
    outer loop
      vertex 36.9 -69 2.4
      vertex 37.5278 -55.85 2.4
      vertex 37.4593 -55.7185 2.4
    endloop
  endfacet
  facet normal 0 0 1
    outer loop
      vertex 36.9 -69 2.4
      vertex 37.4593 -55.7185 2.4
      vertex 37.4025 -55.5814 2.4
    endloop
  endfacet
  facet normal 0 0 1
    outer loop
      vertex 36.9 -69 2.4
      vertex 37.4025 -55.5814 2.4
      vertex 37.3579 -55.44 2.4
    endloop
  endfacet
  facet normal 0 0 1
    outer loop
      vertex 36.9 -69 2.4
      vertex 37.3579 -55.44 2.4
      vertex 37.3258 -55.2952 2.4
    endloop
  endfacet
  facet normal 0 0 1
    outer loop
      vertex 36.9 -69 2.4
      vertex 37.3258 -55.2952 2.4
      vertex 37.3065 -55.1482 2.4
    endloop
  endfacet
  facet normal 0 0 1
    outer loop
      vertex 36.9 -69 2.4
      vertex 37.3065 -55.1482 2.4
      vertex 37.3 -55 2.4
    endloop
  endfacet
  facet normal 0 0 1
    outer loop
      vertex 36.9 -69 2.4
      vertex 37.5529 -72.7955 2.4
      vertex 38.0521 -72.6382 2.4
    endloop
  endfacet
  facet normal 0 0 1
    outer loop
      vertex 37.3 55 2.4
      vertex 36.9 69 2.4
      vertex 37.3 -55 2.4
    endloop
  endfacet
  facet normal 0 0 1
    outer loop
      vertex 36.9 -69 2.4
      vertex 37.3 -55 2.4
      vertex 36.9 69 2.4
    endloop
  endfacet
  facet normal 0 0 1
    outer loop
      vertex 36.5229 72.9772 2.4
      vertex 36.9 69 2.4
      vertex 37.0419 72.9088 2.4
    endloop
  endfacet
  facet normal 0 0 1
    outer loop
      vertex 36 73 2.4
      vertex 36.9 69 2.4
      vertex 36.5229 72.9772 2.4
    endloop
  endfacet
  facet normal 0 0 1
    outer loop
      vertex 36 73 2.4
      vertex 34.4 69 2.4
      vertex 36.9 69 2.4
    endloop
  endfacet
  facet normal 0 0 1
    outer loop
      vertex 32 33.2 2.4
      vertex 34.4 69 2.4
      vertex 32 50.8 2.4
    endloop
  endfacet
  facet normal 0 0 1
    outer loop
      vertex 34.4 69 2.4
      vertex 31.9954 50.9046 2.4
      vertex 32 50.8 2.4
    endloop
  endfacet
  facet normal 0 0 1
    outer loop
      vertex 34.4 69 2.4
      vertex 31.9818 51.0084 2.4
      vertex 31.9954 50.9046 2.4
    endloop
  endfacet
  facet normal 0 0 1
    outer loop
      vertex 34.4 69 2.4
      vertex 31.9591 51.1106 2.4
      vertex 31.9818 51.0084 2.4
    endloop
  endfacet
  facet normal 0 0 1
    outer loop
      vertex 34.4 69 2.4
      vertex 31.9276 51.2104 2.4
      vertex 31.9591 51.1106 2.4
    endloop
  endfacet
  facet normal 0 0 1
    outer loop
      vertex 34.4 69 2.4
      vertex 31.8876 51.3071 2.4
      vertex 31.9276 51.2104 2.4
    endloop
  endfacet
  facet normal 0 0 1
    outer loop
      vertex 34.4 69 2.4
      vertex 31.8392 51.4 2.4
      vertex 31.8876 51.3071 2.4
    endloop
  endfacet
  facet normal 0 0 1
    outer loop
      vertex 34.4 69 2.4
      vertex 31.783 51.4883 2.4
      vertex 31.8392 51.4 2.4
    endloop
  endfacet
  facet normal 0 0 1
    outer loop
      vertex 34.4 69 2.4
      vertex 31.7192 51.5713 2.4
      vertex 31.783 51.4883 2.4
    endloop
  endfacet
  facet normal 0 0 1
    outer loop
      vertex 34.4 69 2.4
      vertex 31.6485 51.6485 2.4
      vertex 31.7192 51.5713 2.4
    endloop
  endfacet
  facet normal 0 0 1
    outer loop
      vertex 34.4 69 2.4
      vertex 31.5713 51.7192 2.4
      vertex 31.6485 51.6485 2.4
    endloop
  endfacet
  facet normal 0 0 1
    outer loop
      vertex 34.4 69 2.4
      vertex 31.4883 51.783 2.4
      vertex 31.5713 51.7192 2.4
    endloop
  endfacet
  facet normal 0 0 1
    outer loop
      vertex 34.4 69 2.4
      vertex 31.4 51.8392 2.4
      vertex 31.4883 51.783 2.4
    endloop
  endfacet
  facet normal 0 0 1
    outer loop
      vertex 34.4 69 2.4
      vertex 31.3071 51.8876 2.4
      vertex 31.4 51.8392 2.4
    endloop
  endfacet
  facet normal 0 0 1
    outer loop
      vertex 34.4 69 2.4
      vertex 31.2104 51.9276 2.4
      vertex 31.3071 51.8876 2.4
    endloop
  endfacet
  facet normal 0 0 1
    outer loop
      vertex 34.4 69 2.4
      vertex 31.1106 51.9591 2.4
      vertex 31.2104 51.9276 2.4
    endloop
  endfacet
  facet normal 0 0 1
    outer loop
      vertex 34.4 69 2.4
      vertex 31.0084 51.9818 2.4
      vertex 31.1106 51.9591 2.4
    endloop
  endfacet
  facet normal 0 0 1
    outer loop
      vertex 34.4 69 2.4
      vertex 30.9046 51.9954 2.4
      vertex 31.0084 51.9818 2.4
    endloop
  endfacet
  facet normal 0 0 1
    outer loop
      vertex 34.4 69 2.4
      vertex 30.8 52 2.4
      vertex 30.9046 51.9954 2.4
    endloop
  endfacet
  facet normal 0 0 1
    outer loop
      vertex 34.4 69 2.4
      vertex 29.2 52 2.4
      vertex 30.8 52 2.4
    endloop
  endfacet
  facet normal 0 0 1
    outer loop
      vertex 34.4 69 2.4
      vertex 29.0954 51.9954 2.4
      vertex 29.2 52 2.4
    endloop
  endfacet
  facet normal 0 0 1
    outer loop
      vertex 34.4 69 2.4
      vertex 28.9916 51.9818 2.4
      vertex 29.0954 51.9954 2.4
    endloop
  endfacet
  facet normal 0 0 1
    outer loop
      vertex 34.4 69 2.4
      vertex 28.8894 51.9591 2.4
      vertex 28.9916 51.9818 2.4
    endloop
  endfacet
  facet normal 0 0 1
    outer loop
      vertex 34.4 69 2.4
      vertex 28.7896 51.9276 2.4
      vertex 28.8894 51.9591 2.4
    endloop
  endfacet
  facet normal 0 0 1
    outer loop
      vertex 34.4 69 2.4
      vertex 28.6929 51.8876 2.4
      vertex 28.7896 51.9276 2.4
    endloop
  endfacet
  facet normal 0 0 1
    outer loop
      vertex 18.5565 51.7658 2.4
      vertex 28.6929 51.8876 2.4
      vertex 34.4 69 2.4
    endloop
  endfacet
  facet normal 0 0 1
    outer loop
      vertex 28.6929 51.8876 2.4
      vertex 18.5565 51.7658 2.4
      vertex 28.6 51.8392 2.4
    endloop
  endfacet
  facet normal 0 -0 1
    outer loop
      vertex 18.75 51.6651 2.4
      vertex 28.6 51.8392 2.4
      vertex 18.5565 51.7658 2.4
    endloop
  endfacet
  facet normal 0 0 1
    outer loop
      vertex 28.6 51.8392 2.4
      vertex 18.75 51.6651 2.4
      vertex 28.5117 51.783 2.4
    endloop
  endfacet
  facet normal 0 -0 1
    outer loop
      vertex 18.9339 51.5479 2.4
      vertex 28.5117 51.783 2.4
      vertex 18.75 51.6651 2.4
    endloop
  endfacet
  facet normal 0 0 1
    outer loop
      vertex 28.5117 51.783 2.4
      vertex 18.9339 51.5479 2.4
      vertex 28.4287 51.7192 2.4
    endloop
  endfacet
  facet normal 0 -0 1
    outer loop
      vertex 19.107 51.4151 2.4
      vertex 28.4287 51.7192 2.4
      vertex 18.9339 51.5479 2.4
    endloop
  endfacet
  facet normal 0 0 1
    outer loop
      vertex 28.4287 51.7192 2.4
      vertex 19.107 51.4151 2.4
      vertex 28.3515 51.6485 2.4
    endloop
  endfacet
  facet normal 0 -0 1
    outer loop
      vertex 19.2678 51.2678 2.4
      vertex 28.3515 51.6485 2.4
      vertex 19.107 51.4151 2.4
    endloop
  endfacet
  facet normal 0 0 1
    outer loop
      vertex 20 46.5 2.4
      vertex 28 50.8 2.4
      vertex 20 49.5 2.4
    endloop
  endfacet
  facet normal 0 0 1
    outer loop
      vertex 19.9905 46.2821 2.4
      vertex 28 50.8 2.4
      vertex 20 46.5 2.4
    endloop
  endfacet
  facet normal 0 0 1
    outer loop
      vertex 19.9148 45.853 2.4
      vertex 28 50.8 2.4
      vertex 19.962 46.0659 2.4
    endloop
  endfacet
  facet normal 0 0 1
    outer loop
      vertex 19.9148 50.147 2.4
      vertex 28 50.8 2.4
      vertex 28.0046 50.9046 2.4
    endloop
  endfacet
  facet normal 0 0 1
    outer loop
      vertex 19.9148 50.147 2.4
      vertex 28.0046 50.9046 2.4
      vertex 28.0182 51.0084 2.4
    endloop
  endfacet
  facet normal 0 0 1
    outer loop
      vertex 19.8492 50.3551 2.4
      vertex 28.0182 51.0084 2.4
      vertex 28.0409 51.1106 2.4
    endloop
  endfacet
  facet normal 0 0 1
    outer loop
      vertex 19.7658 50.5565 2.4
      vertex 28.0409 51.1106 2.4
      vertex 28.0724 51.2104 2.4
    endloop
  endfacet
  facet normal 0 0 1
    outer loop
      vertex 28.3515 51.6485 2.4
      vertex 19.2678 51.2678 2.4
      vertex 28.2808 51.5713 2.4
    endloop
  endfacet
  facet normal 0 0 1
    outer loop
      vertex 17.5 52 2.4
      vertex 34.4 69 2.4
      vertex 36 73 2.4
    endloop
  endfacet
  facet normal 0 0 1
    outer loop
      vertex 28 50.8 2.4
      vertex 19.9905 49.7179 2.4
      vertex 20 49.5 2.4
    endloop
  endfacet
  facet normal 0 0 1
    outer loop
      vertex 28 50.8 2.4
      vertex 19.962 49.9341 2.4
      vertex 19.9905 49.7179 2.4
    endloop
  endfacet
  facet normal 0 0 1
    outer loop
      vertex 28 50.8 2.4
      vertex 19.9148 50.147 2.4
      vertex 19.962 49.9341 2.4
    endloop
  endfacet
  facet normal 0 0 1
    outer loop
      vertex 28.0182 51.0084 2.4
      vertex 19.8492 50.3551 2.4
      vertex 19.9148 50.147 2.4
    endloop
  endfacet
  facet normal 0 0 1
    outer loop
      vertex 28.0409 51.1106 2.4
      vertex 19.7658 50.5565 2.4
      vertex 19.8492 50.3551 2.4
    endloop
  endfacet
  facet normal 0 0 1
    outer loop
      vertex 28.0724 51.2104 2.4
      vertex 19.6651 50.75 2.4
      vertex 19.7658 50.5565 2.4
    endloop
  endfacet
  facet normal 0 0 1
    outer loop
      vertex 28.1124 51.3071 2.4
      vertex 19.6651 50.75 2.4
      vertex 28.0724 51.2104 2.4
    endloop
  endfacet
  facet normal 0 -0 1
    outer loop
      vertex 19.6651 50.75 2.4
      vertex 28.1124 51.3071 2.4
      vertex 19.5479 50.9339 2.4
    endloop
  endfacet
  facet normal 0 0 1
    outer loop
      vertex 28.1608 51.4 2.4
      vertex 19.5479 50.9339 2.4
      vertex 28.1124 51.3071 2.4
    endloop
  endfacet
  facet normal 0 -0 1
    outer loop
      vertex 19.5479 50.9339 2.4
      vertex 28.1608 51.4 2.4
      vertex 19.4151 51.107 2.4
    endloop
  endfacet
  facet normal 0 0 1
    outer loop
      vertex 28.217 51.4883 2.4
      vertex 19.4151 51.107 2.4
      vertex 28.1608 51.4 2.4
    endloop
  endfacet
  facet normal 0 0 1
    outer loop
      vertex 28.2808 51.5713 2.4
      vertex 19.4151 51.107 2.4
      vertex 28.217 51.4883 2.4
    endloop
  endfacet
  facet normal 0 -0 1
    outer loop
      vertex 19.4151 51.107 2.4
      vertex 28.2808 51.5713 2.4
      vertex 19.2678 51.2678 2.4
    endloop
  endfacet
  facet normal 0 0 1
    outer loop
      vertex 34.4 69 2.4
      vertex 18.3551 51.8492 2.4
      vertex 18.5565 51.7658 2.4
    endloop
  endfacet
  facet normal 0 0 1
    outer loop
      vertex 34.4 69 2.4
      vertex 18.147 51.9148 2.4
      vertex 18.3551 51.8492 2.4
    endloop
  endfacet
  facet normal 0 0 1
    outer loop
      vertex 34.4 69 2.4
      vertex 17.9341 51.962 2.4
      vertex 18.147 51.9148 2.4
    endloop
  endfacet
  facet normal 0 0 1
    outer loop
      vertex 34.4 69 2.4
      vertex 17.7179 51.9905 2.4
      vertex 17.9341 51.962 2.4
    endloop
  endfacet
  facet normal 0 0 1
    outer loop
      vertex 34.4 69 2.4
      vertex 17.5 52 2.4
      vertex 17.7179 51.9905 2.4
    endloop
  endfacet
  facet normal 0 0 1
    outer loop
      vertex 36 73 2.4
      vertex -17.5 52 2.4
      vertex 17.5 52 2.4
    endloop
  endfacet
  facet normal -0 0 1
    outer loop
      vertex -36 73 2.4
      vertex -17.5 52 2.4
      vertex 36 73 2.4
    endloop
  endfacet
  facet normal -0 -0 1
    outer loop
      vertex -34.4 69 2.4
      vertex -17.5 52 2.4
      vertex -36 73 2.4
    endloop
  endfacet
  facet normal 0 0 1
    outer loop
      vertex -17.5 52 2.4
      vertex -34.4 69 2.4
      vertex -17.7179 51.9905 2.4
    endloop
  endfacet
  facet normal 0 0 1
    outer loop
      vertex -17.9341 51.962 2.4
      vertex -34.4 69 2.4
      vertex -18.147 51.9148 2.4
    endloop
  endfacet
  facet normal 0 0 1
    outer loop
      vertex -28 50.8 2.4
      vertex -20 46.5 2.4
      vertex -20 49.5 2.4
    endloop
  endfacet
  facet normal 0 0 1
    outer loop
      vertex -19.7658 45.4435 2.4
      vertex -28 50.8 2.4
      vertex -28 33.2 2.4
    endloop
  endfacet
  facet normal -0 0 1
    outer loop
      vertex -28.5117 32.217 2.4
      vertex -18.9339 19.5479 2.4
      vertex -28.4287 32.2808 2.4
    endloop
  endfacet
  facet normal 0 0 1
    outer loop
      vertex -18.9339 19.5479 2.4
      vertex -28.5117 32.217 2.4
      vertex -19.107 19.4151 2.4
    endloop
  endfacet
  facet normal 0 0 1
    outer loop
      vertex -19.962 -14.0659 2.4
      vertex -28 -33.2 2.4
      vertex -19.9905 -14.2821 2.4
    endloop
  endfacet
  facet normal 0 0 1
    outer loop
      vertex -19.9905 -14.2821 2.4
      vertex -28 -33.2 2.4
      vertex -20 -14.5 2.4
    endloop
  endfacet
  facet normal 0 0 1
    outer loop
      vertex -20 -14.5 2.4
      vertex -28 -33.2 2.4
      vertex -20 -17.5 2.4
    endloop
  endfacet
  facet normal 0 0 1
    outer loop
      vertex -19.9905 49.7179 2.4
      vertex -28 50.8 2.4
      vertex -20 49.5 2.4
    endloop
  endfacet
  facet normal 0 0 1
    outer loop
      vertex -19.962 49.9341 2.4
      vertex -28 50.8 2.4
      vertex -19.9905 49.7179 2.4
    endloop
  endfacet
  facet normal 0 0 1
    outer loop
      vertex -19.9148 50.147 2.4
      vertex -28 50.8 2.4
      vertex -19.962 49.9341 2.4
    endloop
  endfacet
  facet normal 0 0 1
    outer loop
      vertex -28.0046 50.9046 2.4
      vertex -19.9148 50.147 2.4
      vertex -19.8492 50.3551 2.4
    endloop
  endfacet
  facet normal 0 0 1
    outer loop
      vertex -28.0409 51.1106 2.4
      vertex -19.8492 50.3551 2.4
      vertex -19.7658 50.5565 2.4
    endloop
  endfacet
  facet normal 0 0 1
    outer loop
      vertex -28.0724 51.2104 2.4
      vertex -19.7658 50.5565 2.4
      vertex -19.6651 50.75 2.4
    endloop
  endfacet
  facet normal 0 0 1
    outer loop
      vertex -28.1124 51.3071 2.4
      vertex -19.6651 50.75 2.4
      vertex -19.5479 50.9339 2.4
    endloop
  endfacet
  facet normal 0 0 1
    outer loop
      vertex -28.1608 51.4 2.4
      vertex -19.5479 50.9339 2.4
      vertex -19.4151 51.107 2.4
    endloop
  endfacet
  facet normal 0 0 1
    outer loop
      vertex -28.2808 51.5713 2.4
      vertex -19.4151 51.107 2.4
      vertex -19.2678 51.2678 2.4
    endloop
  endfacet
  facet normal 0 0 1
    outer loop
      vertex -28.3515 51.6485 2.4
      vertex -19.2678 51.2678 2.4
      vertex -19.107 51.4151 2.4
    endloop
  endfacet
  facet normal 0 0 1
    outer loop
      vertex -28.4287 51.7192 2.4
      vertex -19.107 51.4151 2.4
      vertex -18.9339 51.5479 2.4
    endloop
  endfacet
  facet normal 0 0 1
    outer loop
      vertex -28.5117 51.783 2.4
      vertex -18.9339 51.5479 2.4
      vertex -18.75 51.6651 2.4
    endloop
  endfacet
  facet normal 0 0 1
    outer loop
      vertex -28.6 51.8392 2.4
      vertex -18.75 51.6651 2.4
      vertex -18.5565 51.7658 2.4
    endloop
  endfacet
  facet normal 0 0 1
    outer loop
      vertex -34.4 69 2.4
      vertex -18.5565 51.7658 2.4
      vertex -18.3551 51.8492 2.4
    endloop
  endfacet
  facet normal 0 0 1
    outer loop
      vertex -18.147 51.9148 2.4
      vertex -34.4 69 2.4
      vertex -18.3551 51.8492 2.4
    endloop
  endfacet
  facet normal 0 0 1
    outer loop
      vertex -19.9148 50.147 2.4
      vertex -28.0046 50.9046 2.4
      vertex -28 50.8 2.4
    endloop
  endfacet
  facet normal 0 0 1
    outer loop
      vertex -19.8492 50.3551 2.4
      vertex -28.0182 51.0084 2.4
      vertex -28.0046 50.9046 2.4
    endloop
  endfacet
  facet normal 0 0 1
    outer loop
      vertex -19.8492 50.3551 2.4
      vertex -28.0409 51.1106 2.4
      vertex -28.0182 51.0084 2.4
    endloop
  endfacet
  facet normal 0 0 1
    outer loop
      vertex -19.7658 50.5565 2.4
      vertex -28.0724 51.2104 2.4
      vertex -28.0409 51.1106 2.4
    endloop
  endfacet
  facet normal 0 0 1
    outer loop
      vertex -19.6651 50.75 2.4
      vertex -28.1124 51.3071 2.4
      vertex -28.0724 51.2104 2.4
    endloop
  endfacet
  facet normal 0 0 1
    outer loop
      vertex -19.5479 50.9339 2.4
      vertex -28.1608 51.4 2.4
      vertex -28.1124 51.3071 2.4
    endloop
  endfacet
  facet normal 0 0 1
    outer loop
      vertex -19.4151 51.107 2.4
      vertex -28.217 51.4883 2.4
      vertex -28.1608 51.4 2.4
    endloop
  endfacet
  facet normal 0 0 1
    outer loop
      vertex -18.5565 51.7658 2.4
      vertex -34.4 69 2.4
      vertex -28.6929 51.8876 2.4
    endloop
  endfacet
  facet normal 0 0 1
    outer loop
      vertex -19.4151 51.107 2.4
      vertex -28.2808 51.5713 2.4
      vertex -28.217 51.4883 2.4
    endloop
  endfacet
  facet normal 0 0 1
    outer loop
      vertex -19.2678 51.2678 2.4
      vertex -28.3515 51.6485 2.4
      vertex -28.2808 51.5713 2.4
    endloop
  endfacet
  facet normal 0 0 1
    outer loop
      vertex -19.107 51.4151 2.4
      vertex -28.4287 51.7192 2.4
      vertex -28.3515 51.6485 2.4
    endloop
  endfacet
  facet normal 0 0 1
    outer loop
      vertex -18.9339 51.5479 2.4
      vertex -28.5117 51.783 2.4
      vertex -28.4287 51.7192 2.4
    endloop
  endfacet
  facet normal 0 0 1
    outer loop
      vertex -18.75 51.6651 2.4
      vertex -28.6 51.8392 2.4
      vertex -28.5117 51.783 2.4
    endloop
  endfacet
  facet normal 0 0 1
    outer loop
      vertex -18.5565 51.7658 2.4
      vertex -28.6929 51.8876 2.4
      vertex -28.6 51.8392 2.4
    endloop
  endfacet
  facet normal 0 0 1
    outer loop
      vertex -28.6929 51.8876 2.4
      vertex -34.4 69 2.4
      vertex -28.7896 51.9276 2.4
    endloop
  endfacet
  facet normal 0 0 1
    outer loop
      vertex -28.7896 51.9276 2.4
      vertex -34.4 69 2.4
      vertex -28.8894 51.9591 2.4
    endloop
  endfacet
  facet normal 0 0 1
    outer loop
      vertex -28.8894 51.9591 2.4
      vertex -34.4 69 2.4
      vertex -28.9916 51.9818 2.4
    endloop
  endfacet
  facet normal 0 0 1
    outer loop
      vertex -28.9916 51.9818 2.4
      vertex -34.4 69 2.4
      vertex -29.0954 51.9954 2.4
    endloop
  endfacet
  facet normal 0 0 1
    outer loop
      vertex -29.0954 51.9954 2.4
      vertex -34.4 69 2.4
      vertex -29.2 52 2.4
    endloop
  endfacet
  facet normal 0 0 1
    outer loop
      vertex -29.2 52 2.4
      vertex -34.4 69 2.4
      vertex -30.8 52 2.4
    endloop
  endfacet
  facet normal 0 0 1
    outer loop
      vertex -30.8 52 2.4
      vertex -34.4 69 2.4
      vertex -30.9046 51.9954 2.4
    endloop
  endfacet
  facet normal 0 0 1
    outer loop
      vertex -30.9046 51.9954 2.4
      vertex -34.4 69 2.4
      vertex -31.0084 51.9818 2.4
    endloop
  endfacet
  facet normal 0 0 1
    outer loop
      vertex -34.4 69 2.4
      vertex -32 33.2 2.4
      vertex -32 50.8 2.4
    endloop
  endfacet
  facet normal 0 0 1
    outer loop
      vertex -32 33.2 2.4
      vertex -34.4 69 2.4
      vertex -32 -33.2 2.4
    endloop
  endfacet
  facet normal 0 0 1
    outer loop
      vertex -34.4 -69 2.4
      vertex -32 -33.2 2.4
      vertex -34.4 69 2.4
    endloop
  endfacet
  facet normal 0 0 1
    outer loop
      vertex -31.9954 50.9046 2.4
      vertex -34.4 69 2.4
      vertex -32 50.8 2.4
    endloop
  endfacet
  facet normal 0 0 1
    outer loop
      vertex -31.9818 51.0084 2.4
      vertex -34.4 69 2.4
      vertex -31.9954 50.9046 2.4
    endloop
  endfacet
  facet normal 0 0 1
    outer loop
      vertex -31.9591 51.1106 2.4
      vertex -34.4 69 2.4
      vertex -31.9818 51.0084 2.4
    endloop
  endfacet
  facet normal 0 0 1
    outer loop
      vertex -31.9276 51.2104 2.4
      vertex -34.4 69 2.4
      vertex -31.9591 51.1106 2.4
    endloop
  endfacet
  facet normal 0 0 1
    outer loop
      vertex -31.8876 51.3071 2.4
      vertex -34.4 69 2.4
      vertex -31.9276 51.2104 2.4
    endloop
  endfacet
  facet normal 0 0 1
    outer loop
      vertex -31.8392 51.4 2.4
      vertex -34.4 69 2.4
      vertex -31.8876 51.3071 2.4
    endloop
  endfacet
  facet normal 0 0 1
    outer loop
      vertex -31.783 51.4883 2.4
      vertex -34.4 69 2.4
      vertex -31.8392 51.4 2.4
    endloop
  endfacet
  facet normal 0 0 1
    outer loop
      vertex -31.7192 51.5713 2.4
      vertex -34.4 69 2.4
      vertex -31.783 51.4883 2.4
    endloop
  endfacet
  facet normal 0 0 1
    outer loop
      vertex -31.6485 51.6485 2.4
      vertex -34.4 69 2.4
      vertex -31.7192 51.5713 2.4
    endloop
  endfacet
  facet normal 0 0 1
    outer loop
      vertex -31.5713 51.7192 2.4
      vertex -34.4 69 2.4
      vertex -31.6485 51.6485 2.4
    endloop
  endfacet
  facet normal 0 0 1
    outer loop
      vertex -31.4883 51.783 2.4
      vertex -34.4 69 2.4
      vertex -31.5713 51.7192 2.4
    endloop
  endfacet
  facet normal 0 0 1
    outer loop
      vertex -31.4 51.8392 2.4
      vertex -34.4 69 2.4
      vertex -31.4883 51.783 2.4
    endloop
  endfacet
  facet normal 0 0 1
    outer loop
      vertex -31.3071 51.8876 2.4
      vertex -34.4 69 2.4
      vertex -31.4 51.8392 2.4
    endloop
  endfacet
  facet normal 0 0 1
    outer loop
      vertex -31.2104 51.9276 2.4
      vertex -34.4 69 2.4
      vertex -31.3071 51.8876 2.4
    endloop
  endfacet
  facet normal 0 0 1
    outer loop
      vertex -31.1106 51.9591 2.4
      vertex -34.4 69 2.4
      vertex -31.2104 51.9276 2.4
    endloop
  endfacet
  facet normal 0 0 1
    outer loop
      vertex -31.0084 51.9818 2.4
      vertex -34.4 69 2.4
      vertex -31.1106 51.9591 2.4
    endloop
  endfacet
  facet normal 0 0 1
    outer loop
      vertex -17.7179 51.9905 2.4
      vertex -34.4 69 2.4
      vertex -17.9341 51.962 2.4
    endloop
  endfacet
  facet normal 0 0 1
    outer loop
      vertex -36.9 69 2.4
      vertex -36 73 2.4
      vertex -36.5229 72.9772 2.4
    endloop
  endfacet
  facet normal 0 0 1
    outer loop
      vertex -36 73 2.4
      vertex -36.9 69 2.4
      vertex -34.4 69 2.4
    endloop
  endfacet
  facet normal 0 0 1
    outer loop
      vertex -37.3 55 2.4
      vertex -36.9 69 2.4
      vertex -37.0419 72.9088 2.4
    endloop
  endfacet
  facet normal -0 0 1
    outer loop
      vertex -37.0419 72.9088 2.4
      vertex -36.9 69 2.4
      vertex -36.5229 72.9772 2.4
    endloop
  endfacet
  facet normal 0.300537 -0.95377 0
    outer loop
      vertex 37.5529 -72.7955 0
      vertex 38.0521 -72.6382 2.4
      vertex 37.5529 -72.7955 2.4
    endloop
  endfacet
  facet normal 0.300537 -0.95377 0
    outer loop
      vertex 38.0521 -72.6382 2.4
      vertex 37.5529 -72.7955 0
      vertex 38.0521 -72.6382 0
    endloop
  endfacet
  facet normal 0.0435616 0.999051 -0
    outer loop
      vertex 36.5229 72.9772 0
      vertex 36 73 2.4
      vertex 36.5229 72.9772 2.4
    endloop
  endfacet
  facet normal 0.0435616 0.999051 0
    outer loop
      vertex 36 73 2.4
      vertex 36.5229 72.9772 0
      vertex 36 73 0
    endloop
  endfacet
  facet normal -0.608768 -0.793348 0
    outer loop
      vertex -39.8567 -71.5963 0
      vertex -39.4415 -71.9149 2.4
      vertex -39.8567 -71.5963 2.4
    endloop
  endfacet
  facet normal -0.608768 -0.793348 -0
    outer loop
      vertex -39.4415 -71.9149 2.4
      vertex -39.8567 -71.5963 0
      vertex -39.4415 -71.9149 0
    endloop
  endfacet
  facet normal -0.382661 0.923889 0
    outer loop
      vertex -38.0521 72.6382 0
      vertex -38.5357 72.4379 2.4
      vertex -38.0521 72.6382 2.4
    endloop
  endfacet
  facet normal -0.382661 0.923889 0
    outer loop
      vertex -38.5357 72.4379 2.4
      vertex -38.0521 72.6382 0
      vertex -38.5357 72.4379 0
    endloop
  endfacet
  facet normal 0.999051 -0.0435616 0
    outer loop
      vertex 41.9772 -67.5229 2.4
      vertex 42 -67 0
      vertex 42 -67 2.4
    endloop
  endfacet
  facet normal 0.999051 -0.0435616 0
    outer loop
      vertex 42 -67 0
      vertex 41.9772 -67.5229 2.4
      vertex 41.9772 -67.5229 0
    endloop
  endfacet
  facet normal 0.991427 -0.130662 0
    outer loop
      vertex 41.9088 -68.0419 2.4
      vertex 41.9772 -67.5229 0
      vertex 41.9772 -67.5229 2.4
    endloop
  endfacet
  facet normal 0.991427 -0.130662 0
    outer loop
      vertex 41.9772 -67.5229 0
      vertex 41.9088 -68.0419 2.4
      vertex 41.9088 -68.0419 0
    endloop
  endfacet
  facet normal 0.793348 -0.608768 0
    outer loop
      vertex 40.5963 -70.8567 2.4
      vertex 40.9149 -70.4415 0
      vertex 40.9149 -70.4415 2.4
    endloop
  endfacet
  facet normal 0.793348 -0.608768 0
    outer loop
      vertex 40.9149 -70.4415 0
      vertex 40.5963 -70.8567 2.4
      vertex 40.5963 -70.8567 0
    endloop
  endfacet
  facet normal -0.675681 -0.737194 0
    outer loop
      vertex -40.2426 -71.2426 0
      vertex -39.8567 -71.5963 2.4
      vertex -40.2426 -71.2426 2.4
    endloop
  endfacet
  facet normal -0.675681 -0.737194 -0
    outer loop
      vertex -39.8567 -71.5963 2.4
      vertex -40.2426 -71.2426 0
      vertex -39.8567 -71.5963 0
    endloop
  endfacet
  facet normal -0.130662 -0.991427 0
    outer loop
      vertex -37.0419 -72.9088 0
      vertex -36.5229 -72.9772 2.4
      vertex -37.0419 -72.9088 2.4
    endloop
  endfacet
  facet normal -0.130662 -0.991427 -0
    outer loop
      vertex -36.5229 -72.9772 2.4
      vertex -37.0419 -72.9088 0
      vertex -36.5229 -72.9772 0
    endloop
  endfacet
  facet normal 0.923889 -0.382661 0
    outer loop
      vertex 41.4379 -69.5357 2.4
      vertex 41.6382 -69.0521 0
      vertex 41.6382 -69.0521 2.4
    endloop
  endfacet
  facet normal 0.923889 -0.382661 0
    outer loop
      vertex 41.6382 -69.0521 0
      vertex 41.4379 -69.5357 2.4
      vertex 41.4379 -69.5357 0
    endloop
  endfacet
  facet normal -0.88701 0.46175 0
    outer loop
      vertex -41.4379 69.5357 0
      vertex -41.1962 70 2.4
      vertex -41.1962 70 0
    endloop
  endfacet
  facet normal -0.88701 0.46175 0
    outer loop
      vertex -41.1962 70 2.4
      vertex -41.4379 69.5357 0
      vertex -41.4379 69.5357 2.4
    endloop
  endfacet
  facet normal -0.130662 0.991427 0
    outer loop
      vertex -36.5229 72.9772 0
      vertex -37.0419 72.9088 2.4
      vertex -36.5229 72.9772 2.4
    endloop
  endfacet
  facet normal -0.130662 0.991427 0
    outer loop
      vertex -37.0419 72.9088 2.4
      vertex -36.5229 72.9772 0
      vertex -37.0419 72.9088 0
    endloop
  endfacet
  facet normal -0.216465 -0.97629 0
    outer loop
      vertex -37.5529 -72.7955 0
      vertex -37.0419 -72.9088 2.4
      vertex -37.5529 -72.7955 2.4
    endloop
  endfacet
  facet normal -0.216465 -0.97629 -0
    outer loop
      vertex -37.0419 -72.9088 2.4
      vertex -37.5529 -72.7955 0
      vertex -37.0419 -72.9088 0
    endloop
  endfacet
  facet normal -0.300537 -0.95377 0
    outer loop
      vertex -38.0521 -72.6382 0
      vertex -37.5529 -72.7955 2.4
      vertex -38.0521 -72.6382 2.4
    endloop
  endfacet
  facet normal -0.300537 -0.95377 -0
    outer loop
      vertex -37.5529 -72.7955 2.4
      vertex -38.0521 -72.6382 0
      vertex -37.5529 -72.7955 0
    endloop
  endfacet
  facet normal 0.130662 0.991427 -0
    outer loop
      vertex 37.0419 72.9088 0
      vertex 36.5229 72.9772 2.4
      vertex 37.0419 72.9088 2.4
    endloop
  endfacet
  facet normal 0.130662 0.991427 0
    outer loop
      vertex 36.5229 72.9772 2.4
      vertex 37.0419 72.9088 0
      vertex 36.5229 72.9772 0
    endloop
  endfacet
  facet normal -0.793348 -0.608768 0
    outer loop
      vertex -40.5963 -70.8567 0
      vertex -40.9149 -70.4415 2.4
      vertex -40.9149 -70.4415 0
    endloop
  endfacet
  facet normal -0.793348 -0.608768 0
    outer loop
      vertex -40.9149 -70.4415 2.4
      vertex -40.5963 -70.8567 0
      vertex -40.5963 -70.8567 2.4
    endloop
  endfacet
  facet normal 0.95377 0.300537 0
    outer loop
      vertex 41.7955 68.5529 2.4
      vertex 41.6382 69.0521 0
      vertex 41.6382 69.0521 2.4
    endloop
  endfacet
  facet normal 0.95377 0.300537 0
    outer loop
      vertex 41.6382 69.0521 0
      vertex 41.7955 68.5529 2.4
      vertex 41.7955 68.5529 0
    endloop
  endfacet
  facet normal 0.608768 0.793348 -0
    outer loop
      vertex 39.8567 71.5963 0
      vertex 39.4415 71.9149 2.4
      vertex 39.8567 71.5963 2.4
    endloop
  endfacet
  facet normal 0.608768 0.793348 0
    outer loop
      vertex 39.4415 71.9149 2.4
      vertex 39.8567 71.5963 0
      vertex 39.4415 71.9149 0
    endloop
  endfacet
  facet normal 0.999051 0.0435616 0
    outer loop
      vertex 42 67 2.4
      vertex 41.9772 67.5229 0
      vertex 41.9772 67.5229 2.4
    endloop
  endfacet
  facet normal 0.999051 0.0435616 0
    outer loop
      vertex 41.9772 67.5229 0
      vertex 42 67 2.4
      vertex 42 67 0
    endloop
  endfacet
  facet normal 0.991427 0.130662 0
    outer loop
      vertex 41.9772 67.5229 2.4
      vertex 41.9088 68.0419 0
      vertex 41.9088 68.0419 2.4
    endloop
  endfacet
  facet normal 0.991427 0.130662 0
    outer loop
      vertex 41.9088 68.0419 0
      vertex 41.9772 67.5229 2.4
      vertex 41.9772 67.5229 0
    endloop
  endfacet
  facet normal 0.130662 -0.991427 0
    outer loop
      vertex 36.5229 -72.9772 0
      vertex 37.0419 -72.9088 2.4
      vertex 36.5229 -72.9772 2.4
    endloop
  endfacet
  facet normal 0.130662 -0.991427 0
    outer loop
      vertex 37.0419 -72.9088 2.4
      vertex 36.5229 -72.9772 0
      vertex 37.0419 -72.9088 0
    endloop
  endfacet
  facet normal -0.46175 -0.88701 0
    outer loop
      vertex -39 -72.1962 0
      vertex -38.5357 -72.4379 2.4
      vertex -39 -72.1962 2.4
    endloop
  endfacet
  facet normal -0.46175 -0.88701 -0
    outer loop
      vertex -38.5357 -72.4379 2.4
      vertex -39 -72.1962 0
      vertex -38.5357 -72.4379 0
    endloop
  endfacet
  facet normal -0.999051 -0.0435616 0
    outer loop
      vertex -41.9772 -67.5229 0
      vertex -42 -67 2.4
      vertex -42 -67 0
    endloop
  endfacet
  facet normal -0.999051 -0.0435616 0
    outer loop
      vertex -42 -67 2.4
      vertex -41.9772 -67.5229 0
      vertex -41.9772 -67.5229 2.4
    endloop
  endfacet
  facet normal 0.300537 0.95377 -0
    outer loop
      vertex 38.0521 72.6382 0
      vertex 37.5529 72.7955 2.4
      vertex 38.0521 72.6382 2.4
    endloop
  endfacet
  facet normal 0.300537 0.95377 0
    outer loop
      vertex 37.5529 72.7955 2.4
      vertex 38.0521 72.6382 0
      vertex 37.5529 72.7955 0
    endloop
  endfacet
  facet normal -0.923889 0.382661 0
    outer loop
      vertex -41.6382 69.0521 0
      vertex -41.4379 69.5357 2.4
      vertex -41.4379 69.5357 0
    endloop
  endfacet
  facet normal -0.923889 0.382661 0
    outer loop
      vertex -41.4379 69.5357 2.4
      vertex -41.6382 69.0521 0
      vertex -41.6382 69.0521 2.4
    endloop
  endfacet
  facet normal 0.97629 0.216465 0
    outer loop
      vertex 41.9088 68.0419 2.4
      vertex 41.7955 68.5529 0
      vertex 41.7955 68.5529 2.4
    endloop
  endfacet
  facet normal 0.97629 0.216465 0
    outer loop
      vertex 41.7955 68.5529 0
      vertex 41.9088 68.0419 2.4
      vertex 41.9088 68.0419 0
    endloop
  endfacet
  facet normal -0.95377 0.300537 0
    outer loop
      vertex -41.7955 68.5529 0
      vertex -41.6382 69.0521 2.4
      vertex -41.6382 69.0521 0
    endloop
  endfacet
  facet normal -0.95377 0.300537 0
    outer loop
      vertex -41.6382 69.0521 2.4
      vertex -41.7955 68.5529 0
      vertex -41.7955 68.5529 2.4
    endloop
  endfacet
  facet normal -0.737194 0.675681 0
    outer loop
      vertex -40.5963 70.8567 0
      vertex -40.2426 71.2426 2.4
      vertex -40.2426 71.2426 0
    endloop
  endfacet
  facet normal -0.737194 0.675681 0
    outer loop
      vertex -40.2426 71.2426 2.4
      vertex -40.5963 70.8567 0
      vertex -40.5963 70.8567 2.4
    endloop
  endfacet
  facet normal 0.46175 0.88701 -0
    outer loop
      vertex 39 72.1962 0
      vertex 38.5357 72.4379 2.4
      vertex 39 72.1962 2.4
    endloop
  endfacet
  facet normal 0.46175 0.88701 0
    outer loop
      vertex 38.5357 72.4379 2.4
      vertex 39 72.1962 0
      vertex 38.5357 72.4379 0
    endloop
  endfacet
  facet normal 0.95377 -0.300537 0
    outer loop
      vertex 41.6382 -69.0521 2.4
      vertex 41.7955 -68.5529 0
      vertex 41.7955 -68.5529 2.4
    endloop
  endfacet
  facet normal 0.95377 -0.300537 0
    outer loop
      vertex 41.7955 -68.5529 0
      vertex 41.6382 -69.0521 2.4
      vertex 41.6382 -69.0521 0
    endloop
  endfacet
  facet normal -0.88701 -0.46175 0
    outer loop
      vertex -41.1962 -70 0
      vertex -41.4379 -69.5357 2.4
      vertex -41.4379 -69.5357 0
    endloop
  endfacet
  facet normal -0.88701 -0.46175 0
    outer loop
      vertex -41.4379 -69.5357 2.4
      vertex -41.1962 -70 0
      vertex -41.1962 -70 2.4
    endloop
  endfacet
  facet normal -0.675681 0.737194 0
    outer loop
      vertex -39.8567 71.5963 0
      vertex -40.2426 71.2426 2.4
      vertex -39.8567 71.5963 2.4
    endloop
  endfacet
  facet normal -0.675681 0.737194 0
    outer loop
      vertex -40.2426 71.2426 2.4
      vertex -39.8567 71.5963 0
      vertex -40.2426 71.2426 0
    endloop
  endfacet
  facet normal 0.97629 -0.216465 0
    outer loop
      vertex 41.7955 -68.5529 2.4
      vertex 41.9088 -68.0419 0
      vertex 41.9088 -68.0419 2.4
    endloop
  endfacet
  facet normal 0.97629 -0.216465 0
    outer loop
      vertex 41.9088 -68.0419 0
      vertex 41.7955 -68.5529 2.4
      vertex 41.7955 -68.5529 0
    endloop
  endfacet
  facet normal -0.923889 -0.382661 0
    outer loop
      vertex -41.4379 -69.5357 0
      vertex -41.6382 -69.0521 2.4
      vertex -41.6382 -69.0521 0
    endloop
  endfacet
  facet normal -0.923889 -0.382661 0
    outer loop
      vertex -41.6382 -69.0521 2.4
      vertex -41.4379 -69.5357 0
      vertex -41.4379 -69.5357 2.4
    endloop
  endfacet
  facet normal 0.737194 -0.675681 0
    outer loop
      vertex 40.2426 -71.2426 2.4
      vertex 40.5963 -70.8567 0
      vertex 40.5963 -70.8567 2.4
    endloop
  endfacet
  facet normal 0.737194 -0.675681 0
    outer loop
      vertex 40.5963 -70.8567 0
      vertex 40.2426 -71.2426 2.4
      vertex 40.2426 -71.2426 0
    endloop
  endfacet
  facet normal 0.843362 -0.537345 0
    outer loop
      vertex 40.9149 -70.4415 2.4
      vertex 41.1962 -70 0
      vertex 41.1962 -70 2.4
    endloop
  endfacet
  facet normal 0.843362 -0.537345 0
    outer loop
      vertex 41.1962 -70 0
      vertex 40.9149 -70.4415 2.4
      vertex 40.9149 -70.4415 0
    endloop
  endfacet
  facet normal 0.537345 0.843362 -0
    outer loop
      vertex 39.4415 71.9149 0
      vertex 39 72.1962 2.4
      vertex 39.4415 71.9149 2.4
    endloop
  endfacet
  facet normal 0.537345 0.843362 0
    outer loop
      vertex 39 72.1962 2.4
      vertex 39.4415 71.9149 0
      vertex 39 72.1962 0
    endloop
  endfacet
  facet normal -0.46175 0.88701 0
    outer loop
      vertex -38.5357 72.4379 0
      vertex -39 72.1962 2.4
      vertex -38.5357 72.4379 2.4
    endloop
  endfacet
  facet normal -0.46175 0.88701 0
    outer loop
      vertex -39 72.1962 2.4
      vertex -38.5357 72.4379 0
      vertex -39 72.1962 0
    endloop
  endfacet
  facet normal -0.97629 -0.216465 0
    outer loop
      vertex -41.7955 -68.5529 0
      vertex -41.9088 -68.0419 2.4
      vertex -41.9088 -68.0419 0
    endloop
  endfacet
  facet normal -0.97629 -0.216465 0
    outer loop
      vertex -41.9088 -68.0419 2.4
      vertex -41.7955 -68.5529 0
      vertex -41.7955 -68.5529 2.4
    endloop
  endfacet
  facet normal -0.97629 0.216465 0
    outer loop
      vertex -41.9088 68.0419 0
      vertex -41.7955 68.5529 2.4
      vertex -41.7955 68.5529 0
    endloop
  endfacet
  facet normal -0.97629 0.216465 0
    outer loop
      vertex -41.7955 68.5529 2.4
      vertex -41.9088 68.0419 0
      vertex -41.9088 68.0419 2.4
    endloop
  endfacet
  facet normal 0.537345 -0.843362 0
    outer loop
      vertex 39 -72.1962 0
      vertex 39.4415 -71.9149 2.4
      vertex 39 -72.1962 2.4
    endloop
  endfacet
  facet normal 0.537345 -0.843362 0
    outer loop
      vertex 39.4415 -71.9149 2.4
      vertex 39 -72.1962 0
      vertex 39.4415 -71.9149 0
    endloop
  endfacet
  facet normal -0.95377 -0.300537 0
    outer loop
      vertex -41.6382 -69.0521 0
      vertex -41.7955 -68.5529 2.4
      vertex -41.7955 -68.5529 0
    endloop
  endfacet
  facet normal -0.95377 -0.300537 0
    outer loop
      vertex -41.7955 -68.5529 2.4
      vertex -41.6382 -69.0521 0
      vertex -41.6382 -69.0521 2.4
    endloop
  endfacet
  facet normal 0.923889 0.382661 0
    outer loop
      vertex 41.6382 69.0521 2.4
      vertex 41.4379 69.5357 0
      vertex 41.4379 69.5357 2.4
    endloop
  endfacet
  facet normal 0.923889 0.382661 0
    outer loop
      vertex 41.4379 69.5357 0
      vertex 41.6382 69.0521 2.4
      vertex 41.6382 69.0521 0
    endloop
  endfacet
  facet normal -0 0 -1
    outer loop
      vertex -31.9591 -51.1106 0
      vertex -37.6977 -53.9073 0
      vertex -31.9818 -51.0084 0
    endloop
  endfacet
  facet normal 0 0 -1
    outer loop
      vertex -31.9818 32.9916 0
      vertex -37.3065 54.8518 0
      vertex -37.3 55 0
    endloop
  endfacet
  facet normal 0 0 -1
    outer loop
      vertex -37.7979 -53.7979 0
      vertex -31.9818 -51.0084 0
      vertex -37.6977 -53.9073 0
    endloop
  endfacet
  facet normal 0 0 -1
    outer loop
      vertex -31.9818 32.9916 0
      vertex -37.3258 54.7048 0
      vertex -37.3065 54.8518 0
    endloop
  endfacet
  facet normal -0 0 -1
    outer loop
      vertex -31.9818 -51.0084 0
      vertex -37.7979 -53.7979 0
      vertex -31.9954 -50.9046 0
    endloop
  endfacet
  facet normal 0 0 -1
    outer loop
      vertex -31.9818 32.9916 0
      vertex -37.3579 54.56 0
      vertex -37.3258 54.7048 0
    endloop
  endfacet
  facet normal 0 0 -1
    outer loop
      vertex -37.9073 -53.6977 0
      vertex -31.9954 -50.9046 0
      vertex -37.7979 -53.7979 0
    endloop
  endfacet
  facet normal 0 0 -1
    outer loop
      vertex -31.9818 32.9916 0
      vertex -37.4025 54.4186 0
      vertex -37.3579 54.56 0
    endloop
  endfacet
  facet normal -0 0 -1
    outer loop
      vertex -31.9954 -50.9046 0
      vertex -37.9073 -53.6977 0
      vertex -32 -50.8 0
    endloop
  endfacet
  facet normal 0 0 -1
    outer loop
      vertex -31.9818 32.9916 0
      vertex -37.4593 54.2815 0
      vertex -37.4025 54.4186 0
    endloop
  endfacet
  facet normal 0 0 -1
    outer loop
      vertex -38.0249 -53.6074 0
      vertex -32 -50.8 0
      vertex -37.9073 -53.6977 0
    endloop
  endfacet
  facet normal 0 0 -1
    outer loop
      vertex -31.9818 32.9916 0
      vertex -37.5278 54.15 0
      vertex -37.4593 54.2815 0
    endloop
  endfacet
  facet normal 0 0 -1
    outer loop
      vertex -38.15 -53.5278 0
      vertex -32 -50.8 0
      vertex -38.0249 -53.6074 0
    endloop
  endfacet
  facet normal 0 0 -1
    outer loop
      vertex -31.9818 32.9916 0
      vertex -37.6074 54.0249 0
      vertex -37.5278 54.15 0
    endloop
  endfacet
  facet normal 0 0 -1
    outer loop
      vertex -38.2815 -53.4593 0
      vertex -32 -50.8 0
      vertex -38.15 -53.5278 0
    endloop
  endfacet
  facet normal 0 0 -1
    outer loop
      vertex -31.9818 32.9916 0
      vertex -37.6977 53.9073 0
      vertex -37.6074 54.0249 0
    endloop
  endfacet
  facet normal 0 0 -1
    outer loop
      vertex -38.4186 -53.4025 0
      vertex -32 -50.8 0
      vertex -38.2815 -53.4593 0
    endloop
  endfacet
  facet normal 0 0 -1
    outer loop
      vertex -31.9818 32.9916 0
      vertex -37.7979 53.7979 0
      vertex -37.6977 53.9073 0
    endloop
  endfacet
  facet normal 0 0 -1
    outer loop
      vertex -38.56 -53.3579 0
      vertex -32 -50.8 0
      vertex -38.4186 -53.4025 0
    endloop
  endfacet
  facet normal 0 0 -1
    outer loop
      vertex -31.9818 32.9916 0
      vertex -37.9073 53.6977 0
      vertex -37.7979 53.7979 0
    endloop
  endfacet
  facet normal 0 0 -1
    outer loop
      vertex -38.7048 -53.3258 0
      vertex -32 -50.8 0
      vertex -38.56 -53.3579 0
    endloop
  endfacet
  facet normal 0 0 -1
    outer loop
      vertex -31.9818 32.9916 0
      vertex -38.0249 53.6074 0
      vertex -37.9073 53.6977 0
    endloop
  endfacet
  facet normal 0 0 -1
    outer loop
      vertex -38.8518 -53.3065 0
      vertex -32 -50.8 0
      vertex -38.7048 -53.3258 0
    endloop
  endfacet
  facet normal 0 0 -1
    outer loop
      vertex -31.9818 32.9916 0
      vertex -38.15 53.5278 0
      vertex -38.0249 53.6074 0
    endloop
  endfacet
  facet normal 0 0 -1
    outer loop
      vertex -39 -53.3 0
      vertex -32 -50.8 0
      vertex -38.8518 -53.3065 0
    endloop
  endfacet
  facet normal 0 0 -1
    outer loop
      vertex -31.9818 32.9916 0
      vertex -38.2815 53.4593 0
      vertex -38.15 53.5278 0
    endloop
  endfacet
  facet normal -0 0 -1
    outer loop
      vertex -32 -50.8 0
      vertex -39 -53.3 0
      vertex -32 -33.2 0
    endloop
  endfacet
  facet normal 0 0 -1
    outer loop
      vertex -31.9818 32.9916 0
      vertex -38.4186 53.4025 0
      vertex -38.2815 53.4593 0
    endloop
  endfacet
  facet normal 0 0 -1
    outer loop
      vertex -39.1482 -53.3065 0
      vertex -32 -33.2 0
      vertex -39 -53.3 0
    endloop
  endfacet
  facet normal 0 0 -1
    outer loop
      vertex -31.9818 32.9916 0
      vertex -38.56 53.3579 0
      vertex -38.4186 53.4025 0
    endloop
  endfacet
  facet normal 0 0 -1
    outer loop
      vertex -39.2952 -53.3258 0
      vertex -32 -33.2 0
      vertex -39.1482 -53.3065 0
    endloop
  endfacet
  facet normal 0 0 -1
    outer loop
      vertex -31.9818 32.9916 0
      vertex -38.7048 53.3258 0
      vertex -38.56 53.3579 0
    endloop
  endfacet
  facet normal 0 0 -1
    outer loop
      vertex -39.44 -53.3579 0
      vertex -32 -33.2 0
      vertex -39.2952 -53.3258 0
    endloop
  endfacet
  facet normal 0 0 -1
    outer loop
      vertex -31.9818 32.9916 0
      vertex -38.8518 53.3065 0
      vertex -38.7048 53.3258 0
    endloop
  endfacet
  facet normal 0 0 -1
    outer loop
      vertex -39.5814 -53.4025 0
      vertex -32 -33.2 0
      vertex -39.44 -53.3579 0
    endloop
  endfacet
  facet normal 0 0 -1
    outer loop
      vertex -31.9818 32.9916 0
      vertex -39 53.3 0
      vertex -38.8518 53.3065 0
    endloop
  endfacet
  facet normal 0 0 -1
    outer loop
      vertex -39.7185 -53.4593 0
      vertex -32 -33.2 0
      vertex -39.5814 -53.4025 0
    endloop
  endfacet
  facet normal 0 0 -1
    outer loop
      vertex -31.9818 32.9916 0
      vertex -39.1482 53.3065 0
      vertex -39 53.3 0
    endloop
  endfacet
  facet normal 0 0 -1
    outer loop
      vertex -39.85 -53.5278 0
      vertex -32 -33.2 0
      vertex -39.7185 -53.4593 0
    endloop
  endfacet
  facet normal 0 0 -1
    outer loop
      vertex -31.9818 32.9916 0
      vertex -39.2952 53.3258 0
      vertex -39.1482 53.3065 0
    endloop
  endfacet
  facet normal 0 0 -1
    outer loop
      vertex -39.9751 -53.6074 0
      vertex -32 -33.2 0
      vertex -39.85 -53.5278 0
    endloop
  endfacet
  facet normal 0 0 -1
    outer loop
      vertex -31.9818 32.9916 0
      vertex -39.44 53.3579 0
      vertex -39.2952 53.3258 0
    endloop
  endfacet
  facet normal 0 0 -1
    outer loop
      vertex -40.0927 -53.6977 0
      vertex -32 -33.2 0
      vertex -39.9751 -53.6074 0
    endloop
  endfacet
  facet normal 0 0 -1
    outer loop
      vertex -31.9818 32.9916 0
      vertex -39.5814 53.4025 0
      vertex -39.44 53.3579 0
    endloop
  endfacet
  facet normal 0 0 -1
    outer loop
      vertex -40.2021 -53.7979 0
      vertex -32 -33.2 0
      vertex -40.0927 -53.6977 0
    endloop
  endfacet
  facet normal 0 0 -1
    outer loop
      vertex -31.9818 32.9916 0
      vertex -39.7185 53.4593 0
      vertex -39.5814 53.4025 0
    endloop
  endfacet
  facet normal 0 0 -1
    outer loop
      vertex -40.3023 -53.9073 0
      vertex -32 -33.2 0
      vertex -40.2021 -53.7979 0
    endloop
  endfacet
  facet normal 0 0 -1
    outer loop
      vertex -31.9818 32.9916 0
      vertex -39.85 53.5278 0
      vertex -39.7185 53.4593 0
    endloop
  endfacet
  facet normal -0 0 -1
    outer loop
      vertex -32 -33.2 0
      vertex -40.3023 -53.9073 0
      vertex -31.9954 -33.0954 0
    endloop
  endfacet
  facet normal 0 0 -1
    outer loop
      vertex -31.9818 32.9916 0
      vertex -39.9751 53.6074 0
      vertex -39.85 53.5278 0
    endloop
  endfacet
  facet normal 0 0 -1
    outer loop
      vertex -40.3926 -54.0249 0
      vertex -31.9954 -33.0954 0
      vertex -40.3023 -53.9073 0
    endloop
  endfacet
  facet normal 0 0 -1
    outer loop
      vertex -31.9818 32.9916 0
      vertex -40.0927 53.6977 0
      vertex -39.9751 53.6074 0
    endloop
  endfacet
  facet normal -0 0 -1
    outer loop
      vertex -31.9954 -33.0954 0
      vertex -40.3926 -54.0249 0
      vertex -31.9818 -32.9916 0
    endloop
  endfacet
  facet normal 0 0 -1
    outer loop
      vertex -31.9818 32.9916 0
      vertex -40.2021 53.7979 0
      vertex -40.0927 53.6977 0
    endloop
  endfacet
  facet normal 0 0 -1
    outer loop
      vertex -40.4722 -54.15 0
      vertex -31.9818 -32.9916 0
      vertex -40.3926 -54.0249 0
    endloop
  endfacet
  facet normal 0 0 -1
    outer loop
      vertex -31.9818 32.9916 0
      vertex -40.3023 53.9073 0
      vertex -40.2021 53.7979 0
    endloop
  endfacet
  facet normal -0 0 -1
    outer loop
      vertex -31.9818 -32.9916 0
      vertex -40.4722 -54.15 0
      vertex -31.9818 32.9916 0
    endloop
  endfacet
  facet normal 0 0 -1
    outer loop
      vertex -31.9818 32.9916 0
      vertex -40.3926 54.0249 0
      vertex -40.3023 53.9073 0
    endloop
  endfacet
  facet normal 0 0 -1
    outer loop
      vertex -40.4722 54.15 0
      vertex -31.9818 32.9916 0
      vertex -40.4722 -54.15 0
    endloop
  endfacet
  facet normal 0 0 -1
    outer loop
      vertex -31.9818 32.9916 0
      vertex -40.4722 54.15 0
      vertex -40.3926 54.0249 0
    endloop
  endfacet
  facet normal 0 0 -1
    outer loop
      vertex -40.5407 -54.2815 0
      vertex -40.4722 54.15 0
      vertex -40.4722 -54.15 0
    endloop
  endfacet
  facet normal 0 0 -1
    outer loop
      vertex -40.5407 -54.2815 0
      vertex -40.5407 54.2815 0
      vertex -40.4722 54.15 0
    endloop
  endfacet
  facet normal 0 0 -1
    outer loop
      vertex -40.5975 -54.4186 0
      vertex -40.5407 54.2815 0
      vertex -40.5407 -54.2815 0
    endloop
  endfacet
  facet normal 0 0 -1
    outer loop
      vertex -40.5975 -54.4186 0
      vertex -40.5975 54.4186 0
      vertex -40.5407 54.2815 0
    endloop
  endfacet
  facet normal 0 0 -1
    outer loop
      vertex -40.6421 -54.56 0
      vertex -40.5975 54.4186 0
      vertex -40.5975 -54.4186 0
    endloop
  endfacet
  facet normal 0 0 -1
    outer loop
      vertex -40.6421 -54.56 0
      vertex -40.6421 54.56 0
      vertex -40.5975 54.4186 0
    endloop
  endfacet
  facet normal 0 0 -1
    outer loop
      vertex -40.6742 -54.7048 0
      vertex -40.6421 54.56 0
      vertex -40.6421 -54.56 0
    endloop
  endfacet
  facet normal 0 0 -1
    outer loop
      vertex -40.6742 -54.7048 0
      vertex -40.6742 54.7048 0
      vertex -40.6421 54.56 0
    endloop
  endfacet
  facet normal 0 0 -1
    outer loop
      vertex -40.6935 -54.8518 0
      vertex -40.6742 54.7048 0
      vertex -40.6742 -54.7048 0
    endloop
  endfacet
  facet normal 0 0 -1
    outer loop
      vertex -40.6935 -54.8518 0
      vertex -40.6935 54.8518 0
      vertex -40.6742 54.7048 0
    endloop
  endfacet
  facet normal 0 0 -1
    outer loop
      vertex -42 -67 0
      vertex -40.6935 -54.8518 0
      vertex -40.7 -55 0
    endloop
  endfacet
  facet normal -0 0 -1
    outer loop
      vertex -40.6935 -54.8518 0
      vertex -42 -67 0
      vertex -40.6935 54.8518 0
    endloop
  endfacet
  facet normal 0 0 -1
    outer loop
      vertex -37.4593 55.7185 0
      vertex -31.0084 51.9818 0
      vertex -37.4025 55.5814 0
    endloop
  endfacet
  facet normal 0 0 -1
    outer loop
      vertex -31.0084 51.9818 0
      vertex -37.4593 55.7185 0
      vertex -30.9046 51.9954 0
    endloop
  endfacet
  facet normal 0 0 -1
    outer loop
      vertex -37.5278 55.85 0
      vertex -30.9046 51.9954 0
      vertex -37.4593 55.7185 0
    endloop
  endfacet
  facet normal 0 0 -1
    outer loop
      vertex -30.9046 51.9954 0
      vertex -37.5278 55.85 0
      vertex -30.8 52 0
    endloop
  endfacet
  facet normal 0 0 -1
    outer loop
      vertex -37.6074 55.9751 0
      vertex -30.8 52 0
      vertex -37.5278 55.85 0
    endloop
  endfacet
  facet normal 0 0 -1
    outer loop
      vertex -30.8 52 0
      vertex -37.6074 55.9751 0
      vertex -29.2 52 0
    endloop
  endfacet
  facet normal 0 0 -1
    outer loop
      vertex -37.6977 56.0927 0
      vertex -29.2 52 0
      vertex -37.6074 55.9751 0
    endloop
  endfacet
  facet normal 0 0 -1
    outer loop
      vertex -29.2 52 0
      vertex -37.6977 56.0927 0
      vertex -36 73 0
    endloop
  endfacet
  facet normal 0 0 -1
    outer loop
      vertex -37.7979 56.2021 0
      vertex -36 73 0
      vertex -37.6977 56.0927 0
    endloop
  endfacet
  facet normal 0 0 -1
    outer loop
      vertex -37.9073 56.3023 0
      vertex -36 73 0
      vertex -37.7979 56.2021 0
    endloop
  endfacet
  facet normal 0 0 -1
    outer loop
      vertex -38.0249 56.3926 0
      vertex -36 73 0
      vertex -37.9073 56.3023 0
    endloop
  endfacet
  facet normal 0 0 -1
    outer loop
      vertex -38.15 56.4722 0
      vertex -36 73 0
      vertex -38.0249 56.3926 0
    endloop
  endfacet
  facet normal 0 0 -1
    outer loop
      vertex -36 73 0
      vertex -42 67 0
      vertex -37.0419 72.9088 0
    endloop
  endfacet
  facet normal 0 0 -1
    outer loop
      vertex -37.0419 72.9088 0
      vertex -42 67 0
      vertex -37.5529 72.7955 0
    endloop
  endfacet
  facet normal 0 0 -1
    outer loop
      vertex -36 73 0
      vertex -38.15 56.4722 0
      vertex -42 67 0
    endloop
  endfacet
  facet normal 0 0 -1
    outer loop
      vertex -42 67 0
      vertex -38.15 56.4722 0
      vertex -38.2815 56.5407 0
    endloop
  endfacet
  facet normal 0 0 -1
    outer loop
      vertex -42 67 0
      vertex -38.2815 56.5407 0
      vertex -38.4186 56.5975 0
    endloop
  endfacet
  facet normal 0 0 -1
    outer loop
      vertex -37.5529 72.7955 0
      vertex -42 67 0
      vertex -38.0521 72.6382 0
    endloop
  endfacet
  facet normal 0 0 -1
    outer loop
      vertex -42 67 0
      vertex -38.4186 56.5975 0
      vertex -38.56 56.6421 0
    endloop
  endfacet
  facet normal 0 0 -1
    outer loop
      vertex -42 67 0
      vertex -38.56 56.6421 0
      vertex -38.7048 56.6742 0
    endloop
  endfacet
  facet normal 0 0 -1
    outer loop
      vertex -42 67 0
      vertex -38.7048 56.6742 0
      vertex -38.8518 56.6935 0
    endloop
  endfacet
  facet normal 0 0 -1
    outer loop
      vertex -42 67 0
      vertex -38.8518 56.6935 0
      vertex -39 56.7 0
    endloop
  endfacet
  facet normal 0 0 -1
    outer loop
      vertex -38.0521 72.6382 0
      vertex -42 67 0
      vertex -38.5357 72.4379 0
    endloop
  endfacet
  facet normal 0 0 -1
    outer loop
      vertex -42 67 0
      vertex -39 56.7 0
      vertex -39.1482 56.6935 0
    endloop
  endfacet
  facet normal 0 0 -1
    outer loop
      vertex -42 67 0
      vertex -39.1482 56.6935 0
      vertex -39.2952 56.6742 0
    endloop
  endfacet
  facet normal 0 0 -1
    outer loop
      vertex -42 67 0
      vertex -39.2952 56.6742 0
      vertex -39.44 56.6421 0
    endloop
  endfacet
  facet normal 0 0 -1
    outer loop
      vertex -38.5357 72.4379 0
      vertex -42 67 0
      vertex -39 72.1962 0
    endloop
  endfacet
  facet normal 0 0 -1
    outer loop
      vertex -42 67 0
      vertex -39.44 56.6421 0
      vertex -39.5814 56.5975 0
    endloop
  endfacet
  facet normal 0 0 -1
    outer loop
      vertex -42 67 0
      vertex -39.5814 56.5975 0
      vertex -39.7185 56.5407 0
    endloop
  endfacet
  facet normal 0 0 -1
    outer loop
      vertex -42 67 0
      vertex -39.7185 56.5407 0
      vertex -39.85 56.4722 0
    endloop
  endfacet
  facet normal 0 0 -1
    outer loop
      vertex -39 72.1962 0
      vertex -42 67 0
      vertex -39.4415 71.9149 0
    endloop
  endfacet
  facet normal 0 0 -1
    outer loop
      vertex -42 67 0
      vertex -39.85 56.4722 0
      vertex -39.9751 56.3926 0
    endloop
  endfacet
  facet normal 0 0 -1
    outer loop
      vertex -42 67 0
      vertex -39.9751 56.3926 0
      vertex -40.0927 56.3023 0
    endloop
  endfacet
  facet normal 0 0 -1
    outer loop
      vertex -42 67 0
      vertex -40.0927 56.3023 0
      vertex -40.2021 56.2021 0
    endloop
  endfacet
  facet normal 0 0 -1
    outer loop
      vertex -39.4415 71.9149 0
      vertex -42 67 0
      vertex -39.8567 71.5963 0
    endloop
  endfacet
  facet normal 0 0 -1
    outer loop
      vertex -42 67 0
      vertex -40.2021 56.2021 0
      vertex -40.3023 56.0927 0
    endloop
  endfacet
  facet normal 0 0 -1
    outer loop
      vertex -42 67 0
      vertex -40.3023 56.0927 0
      vertex -40.3926 55.9751 0
    endloop
  endfacet
  facet normal 0 0 -1
    outer loop
      vertex -42 67 0
      vertex -40.3926 55.9751 0
      vertex -40.4722 55.85 0
    endloop
  endfacet
  facet normal 0 0 -1
    outer loop
      vertex -42 67 0
      vertex -40.4722 55.85 0
      vertex -40.5407 55.7185 0
    endloop
  endfacet
  facet normal 0 0 -1
    outer loop
      vertex -39.8567 71.5963 0
      vertex -42 67 0
      vertex -40.2426 71.2426 0
    endloop
  endfacet
  facet normal 0 0 -1
    outer loop
      vertex -42 67 0
      vertex -40.5407 55.7185 0
      vertex -40.5975 55.5814 0
    endloop
  endfacet
  facet normal 0 0 -1
    outer loop
      vertex -42 67 0
      vertex -40.5975 55.5814 0
      vertex -40.6421 55.44 0
    endloop
  endfacet
  facet normal 0 0 -1
    outer loop
      vertex -42 67 0
      vertex -40.6421 55.44 0
      vertex -40.6742 55.2952 0
    endloop
  endfacet
  facet normal 0 0 -1
    outer loop
      vertex -42 67 0
      vertex -40.6742 55.2952 0
      vertex -40.6935 55.1482 0
    endloop
  endfacet
  facet normal 0 0 -1
    outer loop
      vertex -42 67 0
      vertex -40.6935 55.1482 0
      vertex -40.7 55 0
    endloop
  endfacet
  facet normal 0 0 -1
    outer loop
      vertex -40.2426 71.2426 0
      vertex -42 67 0
      vertex -40.5963 70.8567 0
    endloop
  endfacet
  facet normal 0 0 -1
    outer loop
      vertex -42 67 0
      vertex -40.6935 54.8518 0
      vertex -42 -67 0
    endloop
  endfacet
  facet normal 0 0 -1
    outer loop
      vertex -42 -67 0
      vertex -40.9149 -70.4415 0
      vertex -41.1962 -70 0
    endloop
  endfacet
  facet normal 0 0 -1
    outer loop
      vertex -40.6935 54.8518 0
      vertex -42 67 0
      vertex -40.7 55 0
    endloop
  endfacet
  facet normal 0 0 -1
    outer loop
      vertex -42 -67 0
      vertex -41.1962 -70 0
      vertex -41.4379 -69.5357 0
    endloop
  endfacet
  facet normal 0 0 -1
    outer loop
      vertex -40.5963 70.8567 0
      vertex -42 67 0
      vertex -40.9149 70.4415 0
    endloop
  endfacet
  facet normal 0 0 -1
    outer loop
      vertex -42 -67 0
      vertex -41.4379 -69.5357 0
      vertex -41.6382 -69.0521 0
    endloop
  endfacet
  facet normal 0 0 -1
    outer loop
      vertex -40.9149 70.4415 0
      vertex -42 67 0
      vertex -41.1962 70 0
    endloop
  endfacet
  facet normal 0 0 -1
    outer loop
      vertex -42 -67 0
      vertex -41.6382 -69.0521 0
      vertex -41.7955 -68.5529 0
    endloop
  endfacet
  facet normal 0 0 -1
    outer loop
      vertex -41.1962 70 0
      vertex -42 67 0
      vertex -41.4379 69.5357 0
    endloop
  endfacet
  facet normal 0 0 -1
    outer loop
      vertex -42 -67 0
      vertex -41.7955 -68.5529 0
      vertex -41.9088 -68.0419 0
    endloop
  endfacet
  facet normal 0 0 -1
    outer loop
      vertex -41.4379 69.5357 0
      vertex -42 67 0
      vertex -41.6382 69.0521 0
    endloop
  endfacet
  facet normal 0 0 -1
    outer loop
      vertex -42 -67 0
      vertex -41.9088 -68.0419 0
      vertex -41.9772 -67.5229 0
    endloop
  endfacet
  facet normal 0 0 -1
    outer loop
      vertex -41.6382 69.0521 0
      vertex -42 67 0
      vertex -41.7955 68.5529 0
    endloop
  endfacet
  facet normal 0 0 -1
    outer loop
      vertex -41.7955 68.5529 0
      vertex -42 67 0
      vertex -41.9088 68.0419 0
    endloop
  endfacet
  facet normal 0 0 -1
    outer loop
      vertex -41.9088 68.0419 0
      vertex -42 67 0
      vertex -41.9772 67.5229 0
    endloop
  endfacet
  facet normal 0 0 -1
    outer loop
      vertex -28.8894 -32.0409 0
      vertex -19.5479 -18.9339 0
      vertex -28.7896 -32.0724 0
    endloop
  endfacet
  facet normal 0 0 -1
    outer loop
      vertex -19.962 14.0659 0
      vertex -28.0046 33.0954 0
      vertex -28 33.2 0
    endloop
  endfacet
  facet normal -0 0 -1
    outer loop
      vertex -19.5479 -18.9339 0
      vertex -28.8894 -32.0409 0
      vertex -19.6651 -18.75 0
    endloop
  endfacet
  facet normal 0 0 -1
    outer loop
      vertex -19.962 14.0659 0
      vertex -28.0182 32.9916 0
      vertex -28.0046 33.0954 0
    endloop
  endfacet
  facet normal 0 0 -1
    outer loop
      vertex -28.9916 -32.0182 0
      vertex -19.6651 -18.75 0
      vertex -28.8894 -32.0409 0
    endloop
  endfacet
  facet normal 0 0 -1
    outer loop
      vertex -19.962 14.0659 0
      vertex -28.0409 32.8894 0
      vertex -28.0182 32.9916 0
    endloop
  endfacet
  facet normal -0 0 -1
    outer loop
      vertex -19.6651 -18.75 0
      vertex -28.9916 -32.0182 0
      vertex -19.7658 -18.5565 0
    endloop
  endfacet
  facet normal 0 0 -1
    outer loop
      vertex -19.962 14.0659 0
      vertex -28.0724 32.7896 0
      vertex -28.0409 32.8894 0
    endloop
  endfacet
  facet normal 0 0 -1
    outer loop
      vertex -29.0954 -32.0046 0
      vertex -19.7658 -18.5565 0
      vertex -28.9916 -32.0182 0
    endloop
  endfacet
  facet normal 0 0 -1
    outer loop
      vertex -19.962 14.0659 0
      vertex -28.1124 32.6929 0
      vertex -28.0724 32.7896 0
    endloop
  endfacet
  facet normal 0 0 -1
    outer loop
      vertex -29.2 -32 0
      vertex -19.7658 -18.5565 0
      vertex -29.0954 -32.0046 0
    endloop
  endfacet
  facet normal 0 0 -1
    outer loop
      vertex -19.962 14.0659 0
      vertex -28.1608 32.6 0
      vertex -28.1124 32.6929 0
    endloop
  endfacet
  facet normal -0 0 -1
    outer loop
      vertex -19.7658 -18.5565 0
      vertex -29.2 -32 0
      vertex -19.8492 -18.3551 0
    endloop
  endfacet
  facet normal 0 0 -1
    outer loop
      vertex -19.962 14.0659 0
      vertex -28.217 32.5117 0
      vertex -28.1608 32.6 0
    endloop
  endfacet
  facet normal -0 0 -1
    outer loop
      vertex -19.8492 -18.3551 0
      vertex -29.2 -32 0
      vertex -19.9148 -18.147 0
    endloop
  endfacet
  facet normal 0 0 -1
    outer loop
      vertex -19.962 14.0659 0
      vertex -28.2808 32.4287 0
      vertex -28.217 32.5117 0
    endloop
  endfacet
  facet normal 0 0 -1
    outer loop
      vertex -30.8 -32 0
      vertex -19.9148 -18.147 0
      vertex -29.2 -32 0
    endloop
  endfacet
  facet normal 0 0 -1
    outer loop
      vertex -19.962 14.0659 0
      vertex -28.3515 32.3515 0
      vertex -28.2808 32.4287 0
    endloop
  endfacet
  facet normal -0 0 -1
    outer loop
      vertex -19.9148 -18.147 0
      vertex -30.8 -32 0
      vertex -19.962 -17.9341 0
    endloop
  endfacet
  facet normal 0 0 -1
    outer loop
      vertex -19.962 14.0659 0
      vertex -28.4287 32.2808 0
      vertex -28.3515 32.3515 0
    endloop
  endfacet
  facet normal 0 0 -1
    outer loop
      vertex -30.9046 -32.0046 0
      vertex -19.962 -17.9341 0
      vertex -30.8 -32 0
    endloop
  endfacet
  facet normal 0 0 -1
    outer loop
      vertex -19.962 14.0659 0
      vertex -28.5117 32.217 0
      vertex -28.4287 32.2808 0
    endloop
  endfacet
  facet normal -0 0 -1
    outer loop
      vertex -19.962 -17.9341 0
      vertex -30.9046 -32.0046 0
      vertex -19.9905 -17.7179 0
    endloop
  endfacet
  facet normal 0 0 -1
    outer loop
      vertex -19.962 14.0659 0
      vertex -28.6 32.1608 0
      vertex -28.5117 32.217 0
    endloop
  endfacet
  facet normal 0 0 -1
    outer loop
      vertex -31.0084 -32.0182 0
      vertex -19.9905 -17.7179 0
      vertex -30.9046 -32.0046 0
    endloop
  endfacet
  facet normal 0 0 -1
    outer loop
      vertex -19.962 14.0659 0
      vertex -28.6929 32.1124 0
      vertex -28.6 32.1608 0
    endloop
  endfacet
  facet normal -0 0 -1
    outer loop
      vertex -19.9905 -17.7179 0
      vertex -31.0084 -32.0182 0
      vertex -20 -17.5 0
    endloop
  endfacet
  facet normal 0 0 -1
    outer loop
      vertex -19.962 14.0659 0
      vertex -28.7896 32.0724 0
      vertex -28.6929 32.1124 0
    endloop
  endfacet
  facet normal 0 0 -1
    outer loop
      vertex -31.1106 -32.0409 0
      vertex -20 -17.5 0
      vertex -31.0084 -32.0182 0
    endloop
  endfacet
  facet normal 0 0 -1
    outer loop
      vertex -19.962 14.0659 0
      vertex -28.8894 32.0409 0
      vertex -28.7896 32.0724 0
    endloop
  endfacet
  facet normal 0 0 -1
    outer loop
      vertex -31.2104 -32.0724 0
      vertex -20 -17.5 0
      vertex -31.1106 -32.0409 0
    endloop
  endfacet
  facet normal 0 0 -1
    outer loop
      vertex -19.962 14.0659 0
      vertex -28.9916 32.0182 0
      vertex -28.8894 32.0409 0
    endloop
  endfacet
  facet normal -0 0 -1
    outer loop
      vertex -20 -17.5 0
      vertex -31.2104 -32.0724 0
      vertex -20 -14.5 0
    endloop
  endfacet
  facet normal 0 0 -1
    outer loop
      vertex -19.962 14.0659 0
      vertex -29.0954 32.0046 0
      vertex -28.9916 32.0182 0
    endloop
  endfacet
  facet normal 0 0 -1
    outer loop
      vertex -31.3071 -32.1124 0
      vertex -20 -14.5 0
      vertex -31.2104 -32.0724 0
    endloop
  endfacet
  facet normal 0 0 -1
    outer loop
      vertex -19.962 14.0659 0
      vertex -29.2 32 0
      vertex -29.0954 32.0046 0
    endloop
  endfacet
  facet normal -0 0 -1
    outer loop
      vertex -20 -14.5 0
      vertex -31.3071 -32.1124 0
      vertex -19.9905 -14.2821 0
    endloop
  endfacet
  facet normal 0 0 -1
    outer loop
      vertex -19.962 14.0659 0
      vertex -30.8 32 0
      vertex -29.2 32 0
    endloop
  endfacet
  facet normal 0 0 -1
    outer loop
      vertex -31.4 -32.1608 0
      vertex -19.9905 -14.2821 0
      vertex -31.3071 -32.1124 0
    endloop
  endfacet
  facet normal 0 0 -1
    outer loop
      vertex -19.962 14.0659 0
      vertex -30.9046 32.0046 0
      vertex -30.8 32 0
    endloop
  endfacet
  facet normal -0 0 -1
    outer loop
      vertex -19.9905 -14.2821 0
      vertex -31.4 -32.1608 0
      vertex -19.962 -14.0659 0
    endloop
  endfacet
  facet normal 0 0 -1
    outer loop
      vertex -19.962 14.0659 0
      vertex -31.0084 32.0182 0
      vertex -30.9046 32.0046 0
    endloop
  endfacet
  facet normal 0 0 -1
    outer loop
      vertex -31.4883 -32.217 0
      vertex -19.962 -14.0659 0
      vertex -31.4 -32.1608 0
    endloop
  endfacet
  facet normal 0 0 -1
    outer loop
      vertex -19.962 14.0659 0
      vertex -31.1106 32.0409 0
      vertex -31.0084 32.0182 0
    endloop
  endfacet
  facet normal -0 0 -1
    outer loop
      vertex -19.962 -14.0659 0
      vertex -31.4883 -32.217 0
      vertex -19.9148 -13.853 0
    endloop
  endfacet
  facet normal 0 0 -1
    outer loop
      vertex -19.962 14.0659 0
      vertex -31.2104 32.0724 0
      vertex -31.1106 32.0409 0
    endloop
  endfacet
  facet normal 0 0 -1
    outer loop
      vertex -31.5713 -32.2808 0
      vertex -19.9148 -13.853 0
      vertex -31.4883 -32.217 0
    endloop
  endfacet
  facet normal 0 0 -1
    outer loop
      vertex -19.962 14.0659 0
      vertex -31.3071 32.1124 0
      vertex -31.2104 32.0724 0
    endloop
  endfacet
  facet normal 0 0 -1
    outer loop
      vertex -31.6485 -32.3515 0
      vertex -19.9148 -13.853 0
      vertex -31.5713 -32.2808 0
    endloop
  endfacet
  facet normal 0 0 -1
    outer loop
      vertex -19.962 14.0659 0
      vertex -31.4 32.1608 0
      vertex -31.3071 32.1124 0
    endloop
  endfacet
  facet normal -0 0 -1
    outer loop
      vertex -19.9148 -13.853 0
      vertex -31.6485 -32.3515 0
      vertex -19.9148 13.853 0
    endloop
  endfacet
  facet normal 0 0 -1
    outer loop
      vertex -19.962 14.0659 0
      vertex -31.4883 32.217 0
      vertex -31.4 32.1608 0
    endloop
  endfacet
  facet normal 0 0 -1
    outer loop
      vertex -31.6485 32.3515 0
      vertex -19.9148 13.853 0
      vertex -31.6485 -32.3515 0
    endloop
  endfacet
  facet normal 0 0 -1
    outer loop
      vertex -19.962 14.0659 0
      vertex -31.5713 32.2808 0
      vertex -31.4883 32.217 0
    endloop
  endfacet
  facet normal -0 -0 -1
    outer loop
      vertex -31.5713 32.2808 0
      vertex -19.9148 13.853 0
      vertex -31.6485 32.3515 0
    endloop
  endfacet
  facet normal 0 0 -1
    outer loop
      vertex -19.9148 13.853 0
      vertex -31.5713 32.2808 0
      vertex -19.962 14.0659 0
    endloop
  endfacet
  facet normal 0 0 -1
    outer loop
      vertex -31.7192 -32.4287 0
      vertex -31.6485 32.3515 0
      vertex -31.6485 -32.3515 0
    endloop
  endfacet
  facet normal 0 0 -1
    outer loop
      vertex -31.7192 -32.4287 0
      vertex -31.7192 32.4287 0
      vertex -31.6485 32.3515 0
    endloop
  endfacet
  facet normal 0 0 -1
    outer loop
      vertex -31.783 -32.5117 0
      vertex -31.7192 32.4287 0
      vertex -31.7192 -32.4287 0
    endloop
  endfacet
  facet normal 0 0 -1
    outer loop
      vertex -31.783 -32.5117 0
      vertex -31.783 32.5117 0
      vertex -31.7192 32.4287 0
    endloop
  endfacet
  facet normal 0 0 -1
    outer loop
      vertex -31.8392 -32.6 0
      vertex -31.783 32.5117 0
      vertex -31.783 -32.5117 0
    endloop
  endfacet
  facet normal 0 0 -1
    outer loop
      vertex -31.8392 -32.6 0
      vertex -31.8392 32.6 0
      vertex -31.783 32.5117 0
    endloop
  endfacet
  facet normal 0 0 -1
    outer loop
      vertex -31.8876 -32.6929 0
      vertex -31.8392 32.6 0
      vertex -31.8392 -32.6 0
    endloop
  endfacet
  facet normal 0 0 -1
    outer loop
      vertex -31.8876 -32.6929 0
      vertex -31.8876 32.6929 0
      vertex -31.8392 32.6 0
    endloop
  endfacet
  facet normal 0 0 -1
    outer loop
      vertex -31.9276 -32.7896 0
      vertex -31.8876 32.6929 0
      vertex -31.8876 -32.6929 0
    endloop
  endfacet
  facet normal 0 0 -1
    outer loop
      vertex -31.9276 -32.7896 0
      vertex -31.9276 32.7896 0
      vertex -31.8876 32.6929 0
    endloop
  endfacet
  facet normal 0 0 -1
    outer loop
      vertex -31.9591 -32.8894 0
      vertex -31.9276 32.7896 0
      vertex -31.9276 -32.7896 0
    endloop
  endfacet
  facet normal 0 0 -1
    outer loop
      vertex -31.9591 -32.8894 0
      vertex -31.9591 32.8894 0
      vertex -31.9276 32.7896 0
    endloop
  endfacet
  facet normal 0 0 -1
    outer loop
      vertex -31.9818 -32.9916 0
      vertex -31.9591 32.8894 0
      vertex -31.9591 -32.8894 0
    endloop
  endfacet
  facet normal 0 0 -1
    outer loop
      vertex -31.9818 -32.9916 0
      vertex -31.9818 32.9916 0
      vertex -31.9591 32.8894 0
    endloop
  endfacet
  facet normal 0 0 -1
    outer loop
      vertex -37.6074 -54.0249 0
      vertex -31.9276 -51.2104 0
      vertex -37.5278 -54.15 0
    endloop
  endfacet
  facet normal -0 0 -1
    outer loop
      vertex -31.9276 -51.2104 0
      vertex -37.6074 -54.0249 0
      vertex -31.9591 -51.1106 0
    endloop
  endfacet
  facet normal -0 0 -1
    outer loop
      vertex -31.8876 -51.3071 0
      vertex -37.5278 -54.15 0
      vertex -31.9276 -51.2104 0
    endloop
  endfacet
  facet normal 0 0 -1
    outer loop
      vertex -37.6977 -53.9073 0
      vertex -31.9591 -51.1106 0
      vertex -37.6074 -54.0249 0
    endloop
  endfacet
  facet normal -0 0 -1
    outer loop
      vertex 28.5117 32.217 0
      vertex 18.9339 19.5479 0
      vertex 28.4287 32.2808 0
    endloop
  endfacet
  facet normal 0 0 -1
    outer loop
      vertex 28.0046 33.0954 0
      vertex 19.9905 46.2821 0
      vertex 20 46.5 0
    endloop
  endfacet
  facet normal 0 0 -1
    outer loop
      vertex 18.75 19.6651 0
      vertex 28.4287 32.2808 0
      vertex 18.9339 19.5479 0
    endloop
  endfacet
  facet normal 0 0 -1
    outer loop
      vertex 28.0046 33.0954 0
      vertex 19.962 46.0659 0
      vertex 19.9905 46.2821 0
    endloop
  endfacet
  facet normal -0 0 -1
    outer loop
      vertex 28.4287 32.2808 0
      vertex 18.75 19.6651 0
      vertex 28.3515 32.3515 0
    endloop
  endfacet
  facet normal 0 0 -1
    outer loop
      vertex 28.0046 33.0954 0
      vertex 19.9148 45.853 0
      vertex 19.962 46.0659 0
    endloop
  endfacet
  facet normal -0 0 -1
    outer loop
      vertex 28.3515 32.3515 0
      vertex 18.75 19.6651 0
      vertex 28.2808 32.4287 0
    endloop
  endfacet
  facet normal 0 0 -1
    outer loop
      vertex 28.0046 33.0954 0
      vertex 19.8492 45.6449 0
      vertex 19.9148 45.853 0
    endloop
  endfacet
  facet normal 0 0 -1
    outer loop
      vertex 18.5565 19.7658 0
      vertex 28.2808 32.4287 0
      vertex 18.75 19.6651 0
    endloop
  endfacet
  facet normal 0 0 -1
    outer loop
      vertex 28.0046 33.0954 0
      vertex 19.7658 45.4435 0
      vertex 19.8492 45.6449 0
    endloop
  endfacet
  facet normal -0 0 -1
    outer loop
      vertex 28.2808 32.4287 0
      vertex 18.5565 19.7658 0
      vertex 28.217 32.5117 0
    endloop
  endfacet
  facet normal 0 0 -1
    outer loop
      vertex 28.0046 33.0954 0
      vertex 19.6651 45.25 0
      vertex 19.7658 45.4435 0
    endloop
  endfacet
  facet normal 0 0 -1
    outer loop
      vertex 18.3551 19.8492 0
      vertex 28.217 32.5117 0
      vertex 18.5565 19.7658 0
    endloop
  endfacet
  facet normal 0 0 -1
    outer loop
      vertex 28.0046 33.0954 0
      vertex 19.5479 45.0661 0
      vertex 19.6651 45.25 0
    endloop
  endfacet
  facet normal -0 0 -1
    outer loop
      vertex 28.217 32.5117 0
      vertex 18.3551 19.8492 0
      vertex 28.1608 32.6 0
    endloop
  endfacet
  facet normal 0 0 -1
    outer loop
      vertex 28.0046 33.0954 0
      vertex 19.4151 44.893 0
      vertex 19.5479 45.0661 0
    endloop
  endfacet
  facet normal 0 0 -1
    outer loop
      vertex 18.147 19.9148 0
      vertex 28.1608 32.6 0
      vertex 18.3551 19.8492 0
    endloop
  endfacet
  facet normal 0 0 -1
    outer loop
      vertex 28.0046 33.0954 0
      vertex 19.2678 44.7322 0
      vertex 19.4151 44.893 0
    endloop
  endfacet
  facet normal -0 0 -1
    outer loop
      vertex 28.1608 32.6 0
      vertex 18.147 19.9148 0
      vertex 28.1124 32.6929 0
    endloop
  endfacet
  facet normal 0 0 -1
    outer loop
      vertex 28.0046 33.0954 0
      vertex 19.107 44.5849 0
      vertex 19.2678 44.7322 0
    endloop
  endfacet
  facet normal 0 0 -1
    outer loop
      vertex 17.9341 19.962 0
      vertex 28.1124 32.6929 0
      vertex 18.147 19.9148 0
    endloop
  endfacet
  facet normal 0 0 -1
    outer loop
      vertex 28.0046 33.0954 0
      vertex 18.9339 44.4521 0
      vertex 19.107 44.5849 0
    endloop
  endfacet
  facet normal -0 0 -1
    outer loop
      vertex 28.1124 32.6929 0
      vertex 17.9341 19.962 0
      vertex 28.0724 32.7896 0
    endloop
  endfacet
  facet normal 0 0 -1
    outer loop
      vertex 28.0046 33.0954 0
      vertex 18.75 44.3349 0
      vertex 18.9339 44.4521 0
    endloop
  endfacet
  facet normal 0 0 -1
    outer loop
      vertex 17.7179 19.9905 0
      vertex 28.0724 32.7896 0
      vertex 17.9341 19.962 0
    endloop
  endfacet
  facet normal 0 0 -1
    outer loop
      vertex 28.0046 33.0954 0
      vertex 18.5565 44.2342 0
      vertex 18.75 44.3349 0
    endloop
  endfacet
  facet normal -0 0 -1
    outer loop
      vertex 28.0724 32.7896 0
      vertex 17.7179 19.9905 0
      vertex 28.0409 32.8894 0
    endloop
  endfacet
  facet normal 0 0 -1
    outer loop
      vertex 28.0046 33.0954 0
      vertex 18.3551 44.1508 0
      vertex 18.5565 44.2342 0
    endloop
  endfacet
  facet normal 0 0 -1
    outer loop
      vertex 17.5 20 0
      vertex 28.0409 32.8894 0
      vertex 17.7179 19.9905 0
    endloop
  endfacet
  facet normal 0 0 -1
    outer loop
      vertex 28.0046 33.0954 0
      vertex 18.147 44.0852 0
      vertex 18.3551 44.1508 0
    endloop
  endfacet
  facet normal -0 0 -1
    outer loop
      vertex 28.0409 32.8894 0
      vertex 17.5 20 0
      vertex 28.0182 32.9916 0
    endloop
  endfacet
  facet normal 0 0 -1
    outer loop
      vertex 28.0046 33.0954 0
      vertex 17.9341 44.038 0
      vertex 18.147 44.0852 0
    endloop
  endfacet
  facet normal -0 0 -1
    outer loop
      vertex 28.0182 32.9916 0
      vertex 17.5 20 0
      vertex 28.0046 33.0954 0
    endloop
  endfacet
  facet normal 0 0 -1
    outer loop
      vertex 28.0046 33.0954 0
      vertex 17.7179 44.0095 0
      vertex 17.9341 44.038 0
    endloop
  endfacet
  facet normal 0 0 -1
    outer loop
      vertex 17.5 44 0
      vertex 28.0046 33.0954 0
      vertex 17.5 20 0
    endloop
  endfacet
  facet normal 0 0 -1
    outer loop
      vertex 28.0046 33.0954 0
      vertex 17.5 44 0
      vertex 17.7179 44.0095 0
    endloop
  endfacet
  facet normal 0 0 -1
    outer loop
      vertex -17.5 20 0
      vertex 17.5 44 0
      vertex 17.5 20 0
    endloop
  endfacet
  facet normal 0 0 -1
    outer loop
      vertex -17.5 20 0
      vertex -17.5 44 0
      vertex 17.5 44 0
    endloop
  endfacet
  facet normal 0 0 -1
    outer loop
      vertex -28 33.2 0
      vertex -17.5 20 0
      vertex -17.7179 19.9905 0
    endloop
  endfacet
  facet normal 0 0 -1
    outer loop
      vertex -17.5 20 0
      vertex -28 33.2 0
      vertex -17.5 44 0
    endloop
  endfacet
  facet normal 0 0 -1
    outer loop
      vertex -28 33.2 0
      vertex -17.7179 19.9905 0
      vertex -17.9341 19.962 0
    endloop
  endfacet
  facet normal -0 0 -1
    outer loop
      vertex -17.5 44 0
      vertex -28 33.2 0
      vertex -17.7179 44.0095 0
    endloop
  endfacet
  facet normal 0 0 -1
    outer loop
      vertex -28 33.2 0
      vertex -17.9341 19.962 0
      vertex -18.147 19.9148 0
    endloop
  endfacet
  facet normal -0 0 -1
    outer loop
      vertex -17.7179 44.0095 0
      vertex -28 33.2 0
      vertex -17.9341 44.038 0
    endloop
  endfacet
  facet normal 0 0 -1
    outer loop
      vertex -28 33.2 0
      vertex -18.147 19.9148 0
      vertex -18.3551 19.8492 0
    endloop
  endfacet
  facet normal -0 0 -1
    outer loop
      vertex -17.9341 44.038 0
      vertex -28 33.2 0
      vertex -18.147 44.0852 0
    endloop
  endfacet
  facet normal 0 0 -1
    outer loop
      vertex -28 33.2 0
      vertex -18.3551 19.8492 0
      vertex -18.5565 19.7658 0
    endloop
  endfacet
  facet normal -0 0 -1
    outer loop
      vertex -18.147 44.0852 0
      vertex -28 33.2 0
      vertex -18.3551 44.1508 0
    endloop
  endfacet
  facet normal 0 0 -1
    outer loop
      vertex -28 33.2 0
      vertex -18.5565 19.7658 0
      vertex -18.75 19.6651 0
    endloop
  endfacet
  facet normal -0 0 -1
    outer loop
      vertex -18.3551 44.1508 0
      vertex -28 33.2 0
      vertex -18.5565 44.2342 0
    endloop
  endfacet
  facet normal 0 0 -1
    outer loop
      vertex -28 33.2 0
      vertex -18.75 19.6651 0
      vertex -18.9339 19.5479 0
    endloop
  endfacet
  facet normal -0 0 -1
    outer loop
      vertex -18.5565 44.2342 0
      vertex -28 33.2 0
      vertex -18.75 44.3349 0
    endloop
  endfacet
  facet normal 0 0 -1
    outer loop
      vertex -28 33.2 0
      vertex -18.9339 19.5479 0
      vertex -19.107 19.4151 0
    endloop
  endfacet
  facet normal -0 0 -1
    outer loop
      vertex -18.75 44.3349 0
      vertex -28 33.2 0
      vertex -18.9339 44.4521 0
    endloop
  endfacet
  facet normal 0 0 -1
    outer loop
      vertex -28 33.2 0
      vertex -19.107 19.4151 0
      vertex -19.2678 19.2678 0
    endloop
  endfacet
  facet normal -0 0 -1
    outer loop
      vertex -18.9339 44.4521 0
      vertex -28 33.2 0
      vertex -19.107 44.5849 0
    endloop
  endfacet
  facet normal 0 0 -1
    outer loop
      vertex -28 33.2 0
      vertex -19.2678 19.2678 0
      vertex -19.4151 19.107 0
    endloop
  endfacet
  facet normal -0 0 -1
    outer loop
      vertex -19.107 44.5849 0
      vertex -28 33.2 0
      vertex -19.2678 44.7322 0
    endloop
  endfacet
  facet normal 0 0 -1
    outer loop
      vertex -28 33.2 0
      vertex -19.4151 19.107 0
      vertex -19.5479 18.9339 0
    endloop
  endfacet
  facet normal -0 0 -1
    outer loop
      vertex -19.2678 44.7322 0
      vertex -28 33.2 0
      vertex -19.4151 44.893 0
    endloop
  endfacet
  facet normal 0 0 -1
    outer loop
      vertex -28 33.2 0
      vertex -19.5479 18.9339 0
      vertex -19.6651 18.75 0
    endloop
  endfacet
  facet normal -0 0 -1
    outer loop
      vertex -19.4151 44.893 0
      vertex -28 33.2 0
      vertex -19.5479 45.0661 0
    endloop
  endfacet
  facet normal 0 0 -1
    outer loop
      vertex -28 33.2 0
      vertex -19.6651 18.75 0
      vertex -19.7658 18.5565 0
    endloop
  endfacet
  facet normal -0 0 -1
    outer loop
      vertex -19.5479 45.0661 0
      vertex -28 33.2 0
      vertex -19.6651 45.25 0
    endloop
  endfacet
  facet normal 0 0 -1
    outer loop
      vertex -28 33.2 0
      vertex -19.7658 18.5565 0
      vertex -19.8492 18.3551 0
    endloop
  endfacet
  facet normal -0 0 -1
    outer loop
      vertex -19.6651 45.25 0
      vertex -28 33.2 0
      vertex -19.7658 45.4435 0
    endloop
  endfacet
  facet normal 0 0 -1
    outer loop
      vertex -28 33.2 0
      vertex -19.8492 18.3551 0
      vertex -19.9148 18.147 0
    endloop
  endfacet
  facet normal 0 0 -1
    outer loop
      vertex -28 50.8 0
      vertex -19.7658 45.4435 0
      vertex -28 33.2 0
    endloop
  endfacet
  facet normal 0 0 -1
    outer loop
      vertex -28 33.2 0
      vertex -19.9148 18.147 0
      vertex -19.962 17.9341 0
    endloop
  endfacet
  facet normal 0 0 -1
    outer loop
      vertex -19.7658 45.4435 0
      vertex -28 50.8 0
      vertex -19.8492 45.6449 0
    endloop
  endfacet
  facet normal 0 0 -1
    outer loop
      vertex -28 33.2 0
      vertex -19.962 17.9341 0
      vertex -19.9905 17.7179 0
    endloop
  endfacet
  facet normal 0 0 -1
    outer loop
      vertex -19.8492 45.6449 0
      vertex -28 50.8 0
      vertex -19.9148 45.853 0
    endloop
  endfacet
  facet normal 0 0 -1
    outer loop
      vertex -28 33.2 0
      vertex -19.9905 17.7179 0
      vertex -20 17.5 0
    endloop
  endfacet
  facet normal 0 0 -1
    outer loop
      vertex -19.9148 45.853 0
      vertex -28 50.8 0
      vertex -19.962 46.0659 0
    endloop
  endfacet
  facet normal 0 0 -1
    outer loop
      vertex 31.6485 -32.3515 0
      vertex 19.9148 -13.853 0
      vertex 31.6485 32.3515 0
    endloop
  endfacet
  facet normal 0 0 -1
    outer loop
      vertex 31.5713 32.2808 0
      vertex 19.9905 14.2821 0
      vertex 20 14.5 0
    endloop
  endfacet
  facet normal 0 0 -1
    outer loop
      vertex 19.9148 13.853 0
      vertex 31.6485 32.3515 0
      vertex 19.9148 -13.853 0
    endloop
  endfacet
  facet normal 0 0 -1
    outer loop
      vertex 31.5713 32.2808 0
      vertex 19.962 14.0659 0
      vertex 19.9905 14.2821 0
    endloop
  endfacet
  facet normal 0 0 -1
    outer loop
      vertex 31.6485 32.3515 0
      vertex 19.9148 13.853 0
      vertex 31.5713 32.2808 0
    endloop
  endfacet
  facet normal 0 0 -1
    outer loop
      vertex 31.5713 32.2808 0
      vertex 19.9148 13.853 0
      vertex 19.962 14.0659 0
    endloop
  endfacet
  facet normal 0 0 -1
    outer loop
      vertex 19.8492 -13.6449 0
      vertex 19.9148 13.853 0
      vertex 19.9148 -13.853 0
    endloop
  endfacet
  facet normal 0 0 -1
    outer loop
      vertex 19.8492 -13.6449 0
      vertex 19.8492 13.6449 0
      vertex 19.9148 13.853 0
    endloop
  endfacet
  facet normal 0 0 -1
    outer loop
      vertex 19.7658 -13.4435 0
      vertex 19.8492 13.6449 0
      vertex 19.8492 -13.6449 0
    endloop
  endfacet
  facet normal 0 0 -1
    outer loop
      vertex 19.7658 -13.4435 0
      vertex 19.7658 13.4435 0
      vertex 19.8492 13.6449 0
    endloop
  endfacet
  facet normal 0 0 -1
    outer loop
      vertex 19.6651 -13.25 0
      vertex 19.7658 13.4435 0
      vertex 19.7658 -13.4435 0
    endloop
  endfacet
  facet normal 0 0 -1
    outer loop
      vertex 19.6651 -13.25 0
      vertex 19.6651 13.25 0
      vertex 19.7658 13.4435 0
    endloop
  endfacet
  facet normal 0 0 -1
    outer loop
      vertex 19.5479 -13.0661 0
      vertex 19.6651 13.25 0
      vertex 19.6651 -13.25 0
    endloop
  endfacet
  facet normal 0 0 -1
    outer loop
      vertex 19.5479 -13.0661 0
      vertex 19.5479 13.0661 0
      vertex 19.6651 13.25 0
    endloop
  endfacet
  facet normal 0 0 -1
    outer loop
      vertex 19.4151 -12.893 0
      vertex 19.5479 13.0661 0
      vertex 19.5479 -13.0661 0
    endloop
  endfacet
  facet normal 0 0 -1
    outer loop
      vertex 19.4151 -12.893 0
      vertex 19.4151 12.893 0
      vertex 19.5479 13.0661 0
    endloop
  endfacet
  facet normal 0 0 -1
    outer loop
      vertex 19.2678 -12.7322 0
      vertex 19.4151 12.893 0
      vertex 19.4151 -12.893 0
    endloop
  endfacet
  facet normal 0 0 -1
    outer loop
      vertex 19.2678 -12.7322 0
      vertex 19.2678 12.7322 0
      vertex 19.4151 12.893 0
    endloop
  endfacet
  facet normal 0 0 -1
    outer loop
      vertex 19.107 -12.5849 0
      vertex 19.2678 12.7322 0
      vertex 19.2678 -12.7322 0
    endloop
  endfacet
  facet normal 0 0 -1
    outer loop
      vertex 19.107 -12.5849 0
      vertex 19.107 12.5849 0
      vertex 19.2678 12.7322 0
    endloop
  endfacet
  facet normal 0 0 -1
    outer loop
      vertex 18.9339 -12.4521 0
      vertex 19.107 12.5849 0
      vertex 19.107 -12.5849 0
    endloop
  endfacet
  facet normal 0 0 -1
    outer loop
      vertex 18.9339 -12.4521 0
      vertex 18.9339 12.4521 0
      vertex 19.107 12.5849 0
    endloop
  endfacet
  facet normal 0 0 -1
    outer loop
      vertex 18.75 -12.3349 0
      vertex 18.9339 12.4521 0
      vertex 18.9339 -12.4521 0
    endloop
  endfacet
  facet normal 0 0 -1
    outer loop
      vertex 18.75 -12.3349 0
      vertex 18.75 12.3349 0
      vertex 18.9339 12.4521 0
    endloop
  endfacet
  facet normal 0 0 -1
    outer loop
      vertex 18.5565 -12.2342 0
      vertex 18.75 12.3349 0
      vertex 18.75 -12.3349 0
    endloop
  endfacet
  facet normal 0 0 -1
    outer loop
      vertex 18.5565 -12.2342 0
      vertex 18.5565 12.2342 0
      vertex 18.75 12.3349 0
    endloop
  endfacet
  facet normal 0 0 -1
    outer loop
      vertex 18.3551 -12.1508 0
      vertex 18.5565 12.2342 0
      vertex 18.5565 -12.2342 0
    endloop
  endfacet
  facet normal 0 0 -1
    outer loop
      vertex 18.3551 -12.1508 0
      vertex 18.3551 12.1508 0
      vertex 18.5565 12.2342 0
    endloop
  endfacet
  facet normal 0 0 -1
    outer loop
      vertex 18.147 -12.0852 0
      vertex 18.3551 12.1508 0
      vertex 18.3551 -12.1508 0
    endloop
  endfacet
  facet normal 0 0 -1
    outer loop
      vertex 18.147 -12.0852 0
      vertex 18.147 12.0852 0
      vertex 18.3551 12.1508 0
    endloop
  endfacet
  facet normal 0 0 -1
    outer loop
      vertex 17.9341 -12.038 0
      vertex 18.147 12.0852 0
      vertex 18.147 -12.0852 0
    endloop
  endfacet
  facet normal 0 0 -1
    outer loop
      vertex 17.9341 -12.038 0
      vertex 17.9341 12.038 0
      vertex 18.147 12.0852 0
    endloop
  endfacet
  facet normal 0 0 -1
    outer loop
      vertex 17.7179 -12.0095 0
      vertex 17.9341 12.038 0
      vertex 17.9341 -12.038 0
    endloop
  endfacet
  facet normal 0 0 -1
    outer loop
      vertex 17.7179 -12.0095 0
      vertex 17.7179 12.0095 0
      vertex 17.9341 12.038 0
    endloop
  endfacet
  facet normal 0 0 -1
    outer loop
      vertex 17.5 -12 0
      vertex 17.7179 12.0095 0
      vertex 17.7179 -12.0095 0
    endloop
  endfacet
  facet normal 0 0 -1
    outer loop
      vertex 17.5 -12 0
      vertex 17.5 12 0
      vertex 17.7179 12.0095 0
    endloop
  endfacet
  facet normal 0 0 -1
    outer loop
      vertex -17.5 -12 0
      vertex 17.5 12 0
      vertex 17.5 -12 0
    endloop
  endfacet
  facet normal 0 0 -1
    outer loop
      vertex -17.5 -12 0
      vertex -17.5 12 0
      vertex 17.5 12 0
    endloop
  endfacet
  facet normal 0 0 -1
    outer loop
      vertex -17.7179 -12.0095 0
      vertex -17.5 12 0
      vertex -17.5 -12 0
    endloop
  endfacet
  facet normal 0 0 -1
    outer loop
      vertex -17.7179 -12.0095 0
      vertex -17.7179 12.0095 0
      vertex -17.5 12 0
    endloop
  endfacet
  facet normal 0 0 -1
    outer loop
      vertex -17.9341 -12.038 0
      vertex -17.7179 12.0095 0
      vertex -17.7179 -12.0095 0
    endloop
  endfacet
  facet normal 0 0 -1
    outer loop
      vertex -17.9341 -12.038 0
      vertex -17.9341 12.038 0
      vertex -17.7179 12.0095 0
    endloop
  endfacet
  facet normal 0 0 -1
    outer loop
      vertex -18.147 -12.0852 0
      vertex -17.9341 12.038 0
      vertex -17.9341 -12.038 0
    endloop
  endfacet
  facet normal 0 0 -1
    outer loop
      vertex -18.147 -12.0852 0
      vertex -18.147 12.0852 0
      vertex -17.9341 12.038 0
    endloop
  endfacet
  facet normal 0 0 -1
    outer loop
      vertex -18.3551 -12.1508 0
      vertex -18.147 12.0852 0
      vertex -18.147 -12.0852 0
    endloop
  endfacet
  facet normal 0 0 -1
    outer loop
      vertex -18.3551 -12.1508 0
      vertex -18.3551 12.1508 0
      vertex -18.147 12.0852 0
    endloop
  endfacet
  facet normal 0 0 -1
    outer loop
      vertex -18.5565 -12.2342 0
      vertex -18.3551 12.1508 0
      vertex -18.3551 -12.1508 0
    endloop
  endfacet
  facet normal 0 0 -1
    outer loop
      vertex -18.5565 -12.2342 0
      vertex -18.5565 12.2342 0
      vertex -18.3551 12.1508 0
    endloop
  endfacet
  facet normal 0 0 -1
    outer loop
      vertex -18.75 -12.3349 0
      vertex -18.5565 12.2342 0
      vertex -18.5565 -12.2342 0
    endloop
  endfacet
  facet normal 0 0 -1
    outer loop
      vertex -18.75 -12.3349 0
      vertex -18.75 12.3349 0
      vertex -18.5565 12.2342 0
    endloop
  endfacet
  facet normal 0 0 -1
    outer loop
      vertex -18.9339 -12.4521 0
      vertex -18.75 12.3349 0
      vertex -18.75 -12.3349 0
    endloop
  endfacet
  facet normal 0 0 -1
    outer loop
      vertex -18.9339 -12.4521 0
      vertex -18.9339 12.4521 0
      vertex -18.75 12.3349 0
    endloop
  endfacet
  facet normal 0 0 -1
    outer loop
      vertex -19.107 -12.5849 0
      vertex -18.9339 12.4521 0
      vertex -18.9339 -12.4521 0
    endloop
  endfacet
  facet normal 0 0 -1
    outer loop
      vertex -19.107 -12.5849 0
      vertex -19.107 12.5849 0
      vertex -18.9339 12.4521 0
    endloop
  endfacet
  facet normal 0 0 -1
    outer loop
      vertex -19.2678 -12.7322 0
      vertex -19.107 12.5849 0
      vertex -19.107 -12.5849 0
    endloop
  endfacet
  facet normal 0 0 -1
    outer loop
      vertex -19.2678 -12.7322 0
      vertex -19.2678 12.7322 0
      vertex -19.107 12.5849 0
    endloop
  endfacet
  facet normal 0 0 -1
    outer loop
      vertex -19.4151 -12.893 0
      vertex -19.2678 12.7322 0
      vertex -19.2678 -12.7322 0
    endloop
  endfacet
  facet normal 0 0 -1
    outer loop
      vertex -19.4151 -12.893 0
      vertex -19.4151 12.893 0
      vertex -19.2678 12.7322 0
    endloop
  endfacet
  facet normal 0 0 -1
    outer loop
      vertex -19.5479 -13.0661 0
      vertex -19.4151 12.893 0
      vertex -19.4151 -12.893 0
    endloop
  endfacet
  facet normal 0 0 -1
    outer loop
      vertex -19.5479 -13.0661 0
      vertex -19.5479 13.0661 0
      vertex -19.4151 12.893 0
    endloop
  endfacet
  facet normal 0 0 -1
    outer loop
      vertex -19.6651 -13.25 0
      vertex -19.5479 13.0661 0
      vertex -19.5479 -13.0661 0
    endloop
  endfacet
  facet normal 0 0 -1
    outer loop
      vertex -19.6651 -13.25 0
      vertex -19.6651 13.25 0
      vertex -19.5479 13.0661 0
    endloop
  endfacet
  facet normal 0 0 -1
    outer loop
      vertex -19.7658 -13.4435 0
      vertex -19.6651 13.25 0
      vertex -19.6651 -13.25 0
    endloop
  endfacet
  facet normal 0 0 -1
    outer loop
      vertex -19.7658 -13.4435 0
      vertex -19.7658 13.4435 0
      vertex -19.6651 13.25 0
    endloop
  endfacet
  facet normal 0 0 -1
    outer loop
      vertex -19.8492 -13.6449 0
      vertex -19.7658 13.4435 0
      vertex -19.7658 -13.4435 0
    endloop
  endfacet
  facet normal 0 0 -1
    outer loop
      vertex -19.8492 -13.6449 0
      vertex -19.8492 13.6449 0
      vertex -19.7658 13.4435 0
    endloop
  endfacet
  facet normal 0 0 -1
    outer loop
      vertex -19.9148 -13.853 0
      vertex -19.8492 13.6449 0
      vertex -19.8492 -13.6449 0
    endloop
  endfacet
  facet normal 0 0 -1
    outer loop
      vertex -19.9148 -13.853 0
      vertex -19.9148 13.853 0
      vertex -19.8492 13.6449 0
    endloop
  endfacet
  facet normal -0 0 -1
    outer loop
      vertex -19.2678 -19.2678 0
      vertex -28.6929 -32.1124 0
      vertex -19.4151 -19.107 0
    endloop
  endfacet
  facet normal 0 0 -1
    outer loop
      vertex -28.7896 -32.0724 0
      vertex -19.4151 -19.107 0
      vertex -28.6929 -32.1124 0
    endloop
  endfacet
  facet normal -0 0 -1
    outer loop
      vertex -19.107 -19.4151 0
      vertex -28.6 -32.1608 0
      vertex -19.2678 -19.2678 0
    endloop
  endfacet
  facet normal 0 0 -1
    outer loop
      vertex -28.6929 -32.1124 0
      vertex -19.2678 -19.2678 0
      vertex -28.6 -32.1608 0
    endloop
  endfacet
  facet normal 0 0 -1
    outer loop
      vertex -28.6 -32.1608 0
      vertex -19.107 -19.4151 0
      vertex -28.5117 -32.217 0
    endloop
  endfacet
  facet normal -0 0 -1
    outer loop
      vertex -19.4151 -19.107 0
      vertex -28.7896 -32.0724 0
      vertex -19.5479 -18.9339 0
    endloop
  endfacet
  facet normal 0 0 -1
    outer loop
      vertex 19.8492 -45.6449 0
      vertex 28 -50.8 0
      vertex 19.9148 -45.853 0
    endloop
  endfacet
  facet normal 0 0 -1
    outer loop
      vertex 28.0046 -33.0954 0
      vertex 19.9905 -17.7179 0
      vertex 20 -17.5 0
    endloop
  endfacet
  facet normal 0 0 -1
    outer loop
      vertex 19.7658 -45.4435 0
      vertex 28 -50.8 0
      vertex 19.8492 -45.6449 0
    endloop
  endfacet
  facet normal 0 0 -1
    outer loop
      vertex 28.0046 -33.0954 0
      vertex 19.962 -17.9341 0
      vertex 19.9905 -17.7179 0
    endloop
  endfacet
  facet normal 0 0 -1
    outer loop
      vertex 28 -50.8 0
      vertex 19.7658 -45.4435 0
      vertex 28 -33.2 0
    endloop
  endfacet
  facet normal 0 0 -1
    outer loop
      vertex 28.0046 -33.0954 0
      vertex 19.9148 -18.147 0
      vertex 19.962 -17.9341 0
    endloop
  endfacet
  facet normal 0 0 -1
    outer loop
      vertex 19.6651 -45.25 0
      vertex 28 -33.2 0
      vertex 19.7658 -45.4435 0
    endloop
  endfacet
  facet normal 0 0 -1
    outer loop
      vertex 28.0046 -33.0954 0
      vertex 19.8492 -18.3551 0
      vertex 19.9148 -18.147 0
    endloop
  endfacet
  facet normal 0 0 -1
    outer loop
      vertex 19.5479 -45.0661 0
      vertex 28 -33.2 0
      vertex 19.6651 -45.25 0
    endloop
  endfacet
  facet normal 0 0 -1
    outer loop
      vertex 28.0046 -33.0954 0
      vertex 19.7658 -18.5565 0
      vertex 19.8492 -18.3551 0
    endloop
  endfacet
  facet normal 0 0 -1
    outer loop
      vertex 19.4151 -44.893 0
      vertex 28 -33.2 0
      vertex 19.5479 -45.0661 0
    endloop
  endfacet
  facet normal 0 0 -1
    outer loop
      vertex 28.0046 -33.0954 0
      vertex 19.6651 -18.75 0
      vertex 19.7658 -18.5565 0
    endloop
  endfacet
  facet normal 0 0 -1
    outer loop
      vertex 19.2678 -44.7322 0
      vertex 28 -33.2 0
      vertex 19.4151 -44.893 0
    endloop
  endfacet
  facet normal 0 0 -1
    outer loop
      vertex 28.0046 -33.0954 0
      vertex 19.5479 -18.9339 0
      vertex 19.6651 -18.75 0
    endloop
  endfacet
  facet normal 0 0 -1
    outer loop
      vertex 19.107 -44.5849 0
      vertex 28 -33.2 0
      vertex 19.2678 -44.7322 0
    endloop
  endfacet
  facet normal 0 0 -1
    outer loop
      vertex 28.0046 -33.0954 0
      vertex 19.4151 -19.107 0
      vertex 19.5479 -18.9339 0
    endloop
  endfacet
  facet normal 0 0 -1
    outer loop
      vertex 18.9339 -44.4521 0
      vertex 28 -33.2 0
      vertex 19.107 -44.5849 0
    endloop
  endfacet
  facet normal 0 0 -1
    outer loop
      vertex 28.0046 -33.0954 0
      vertex 19.2678 -19.2678 0
      vertex 19.4151 -19.107 0
    endloop
  endfacet
  facet normal 0 0 -1
    outer loop
      vertex 18.75 -44.3349 0
      vertex 28 -33.2 0
      vertex 18.9339 -44.4521 0
    endloop
  endfacet
  facet normal 0 0 -1
    outer loop
      vertex 28.0046 -33.0954 0
      vertex 19.107 -19.4151 0
      vertex 19.2678 -19.2678 0
    endloop
  endfacet
  facet normal 0 0 -1
    outer loop
      vertex 18.5565 -44.2342 0
      vertex 28 -33.2 0
      vertex 18.75 -44.3349 0
    endloop
  endfacet
  facet normal 0 0 -1
    outer loop
      vertex 28.0046 -33.0954 0
      vertex 18.9339 -19.5479 0
      vertex 19.107 -19.4151 0
    endloop
  endfacet
  facet normal 0 0 -1
    outer loop
      vertex 18.3551 -44.1508 0
      vertex 28 -33.2 0
      vertex 18.5565 -44.2342 0
    endloop
  endfacet
  facet normal 0 0 -1
    outer loop
      vertex 28.0046 -33.0954 0
      vertex 18.75 -19.6651 0
      vertex 18.9339 -19.5479 0
    endloop
  endfacet
  facet normal 0 0 -1
    outer loop
      vertex 18.147 -44.0852 0
      vertex 28 -33.2 0
      vertex 18.3551 -44.1508 0
    endloop
  endfacet
  facet normal 0 0 -1
    outer loop
      vertex 28.0046 -33.0954 0
      vertex 18.5565 -19.7658 0
      vertex 18.75 -19.6651 0
    endloop
  endfacet
  facet normal 0 0 -1
    outer loop
      vertex 17.9341 -44.038 0
      vertex 28 -33.2 0
      vertex 18.147 -44.0852 0
    endloop
  endfacet
  facet normal 0 0 -1
    outer loop
      vertex 28.0046 -33.0954 0
      vertex 18.3551 -19.8492 0
      vertex 18.5565 -19.7658 0
    endloop
  endfacet
  facet normal 0 0 -1
    outer loop
      vertex 17.7179 -44.0095 0
      vertex 28 -33.2 0
      vertex 17.9341 -44.038 0
    endloop
  endfacet
  facet normal 0 0 -1
    outer loop
      vertex 28.0046 -33.0954 0
      vertex 18.147 -19.9148 0
      vertex 18.3551 -19.8492 0
    endloop
  endfacet
  facet normal 0 0 -1
    outer loop
      vertex 17.5 -44 0
      vertex 28 -33.2 0
      vertex 17.7179 -44.0095 0
    endloop
  endfacet
  facet normal 0 0 -1
    outer loop
      vertex 28.0046 -33.0954 0
      vertex 17.9341 -19.962 0
      vertex 18.147 -19.9148 0
    endloop
  endfacet
  facet normal -0 0 -1
    outer loop
      vertex 28 -33.2 0
      vertex 17.5 -44 0
      vertex 28.0046 -33.0954 0
    endloop
  endfacet
  facet normal 0 0 -1
    outer loop
      vertex 28.0046 -33.0954 0
      vertex 17.7179 -19.9905 0
      vertex 17.9341 -19.962 0
    endloop
  endfacet
  facet normal 0 0 -1
    outer loop
      vertex 17.5 -20 0
      vertex 28.0046 -33.0954 0
      vertex 17.5 -44 0
    endloop
  endfacet
  facet normal 0 0 -1
    outer loop
      vertex 28.0046 -33.0954 0
      vertex 17.5 -20 0
      vertex 17.7179 -19.9905 0
    endloop
  endfacet
  facet normal 0 0 -1
    outer loop
      vertex -17.5 -44 0
      vertex 17.5 -20 0
      vertex 17.5 -44 0
    endloop
  endfacet
  facet normal 0 0 -1
    outer loop
      vertex -17.5 -44 0
      vertex -17.5 -20 0
      vertex 17.5 -20 0
    endloop
  endfacet
  facet normal 0 0 -1
    outer loop
      vertex -28 -33.2 0
      vertex -17.5 -44 0
      vertex -17.7179 -44.0095 0
    endloop
  endfacet
  facet normal 0 0 -1
    outer loop
      vertex -28.0046 -33.0954 0
      vertex -17.5 -44 0
      vertex -28 -33.2 0
    endloop
  endfacet
  facet normal 0 0 -1
    outer loop
      vertex -28 -33.2 0
      vertex -17.7179 -44.0095 0
      vertex -17.9341 -44.038 0
    endloop
  endfacet
  facet normal 0 0 -1
    outer loop
      vertex -17.5 -44 0
      vertex -28.0046 -33.0954 0
      vertex -17.5 -20 0
    endloop
  endfacet
  facet normal 0 0 -1
    outer loop
      vertex -28 -33.2 0
      vertex -17.9341 -44.038 0
      vertex -18.147 -44.0852 0
    endloop
  endfacet
  facet normal 0 0 -1
    outer loop
      vertex -28.0182 -32.9916 0
      vertex -17.5 -20 0
      vertex -28.0046 -33.0954 0
    endloop
  endfacet
  facet normal 0 0 -1
    outer loop
      vertex -28 -33.2 0
      vertex -18.147 -44.0852 0
      vertex -18.3551 -44.1508 0
    endloop
  endfacet
  facet normal 0 0 -1
    outer loop
      vertex -28.0409 -32.8894 0
      vertex -17.5 -20 0
      vertex -28.0182 -32.9916 0
    endloop
  endfacet
  facet normal 0 0 -1
    outer loop
      vertex -28 -33.2 0
      vertex -18.3551 -44.1508 0
      vertex -18.5565 -44.2342 0
    endloop
  endfacet
  facet normal -0 0 -1
    outer loop
      vertex -17.5 -20 0
      vertex -28.0409 -32.8894 0
      vertex -17.7179 -19.9905 0
    endloop
  endfacet
  facet normal 0 0 -1
    outer loop
      vertex -28 -33.2 0
      vertex -18.5565 -44.2342 0
      vertex -18.75 -44.3349 0
    endloop
  endfacet
  facet normal 0 0 -1
    outer loop
      vertex -28.0724 -32.7896 0
      vertex -17.7179 -19.9905 0
      vertex -28.0409 -32.8894 0
    endloop
  endfacet
  facet normal 0 0 -1
    outer loop
      vertex -28 -33.2 0
      vertex -18.75 -44.3349 0
      vertex -18.9339 -44.4521 0
    endloop
  endfacet
  facet normal -0 0 -1
    outer loop
      vertex -17.7179 -19.9905 0
      vertex -28.0724 -32.7896 0
      vertex -17.9341 -19.962 0
    endloop
  endfacet
  facet normal 0 0 -1
    outer loop
      vertex -28 -33.2 0
      vertex -18.9339 -44.4521 0
      vertex -19.107 -44.5849 0
    endloop
  endfacet
  facet normal 0 0 -1
    outer loop
      vertex -28.1124 -32.6929 0
      vertex -17.9341 -19.962 0
      vertex -28.0724 -32.7896 0
    endloop
  endfacet
  facet normal 0 0 -1
    outer loop
      vertex -28 -33.2 0
      vertex -19.107 -44.5849 0
      vertex -19.2678 -44.7322 0
    endloop
  endfacet
  facet normal -0 0 -1
    outer loop
      vertex -17.9341 -19.962 0
      vertex -28.1124 -32.6929 0
      vertex -18.147 -19.9148 0
    endloop
  endfacet
  facet normal 0 0 -1
    outer loop
      vertex -28 -33.2 0
      vertex -19.2678 -44.7322 0
      vertex -19.4151 -44.893 0
    endloop
  endfacet
  facet normal 0 0 -1
    outer loop
      vertex -28.1608 -32.6 0
      vertex -18.147 -19.9148 0
      vertex -28.1124 -32.6929 0
    endloop
  endfacet
  facet normal 0 0 -1
    outer loop
      vertex -28 -33.2 0
      vertex -19.4151 -44.893 0
      vertex -19.5479 -45.0661 0
    endloop
  endfacet
  facet normal -0 0 -1
    outer loop
      vertex -18.147 -19.9148 0
      vertex -28.1608 -32.6 0
      vertex -18.3551 -19.8492 0
    endloop
  endfacet
  facet normal 0 0 -1
    outer loop
      vertex -28 -33.2 0
      vertex -19.5479 -45.0661 0
      vertex -19.6651 -45.25 0
    endloop
  endfacet
  facet normal 0 0 -1
    outer loop
      vertex -28.217 -32.5117 0
      vertex -18.3551 -19.8492 0
      vertex -28.1608 -32.6 0
    endloop
  endfacet
  facet normal 0 0 -1
    outer loop
      vertex -28 -33.2 0
      vertex -19.6651 -45.25 0
      vertex -19.7658 -45.4435 0
    endloop
  endfacet
  facet normal -0 0 -1
    outer loop
      vertex -18.3551 -19.8492 0
      vertex -28.217 -32.5117 0
      vertex -18.5565 -19.7658 0
    endloop
  endfacet
  facet normal 0 0 -1
    outer loop
      vertex -28 -50.8 0
      vertex -19.7658 -45.4435 0
      vertex -19.8492 -45.6449 0
    endloop
  endfacet
  facet normal 0 0 -1
    outer loop
      vertex -28.2808 -32.4287 0
      vertex -18.5565 -19.7658 0
      vertex -28.217 -32.5117 0
    endloop
  endfacet
  facet normal 0 0 -1
    outer loop
      vertex -28 -50.8 0
      vertex -19.8492 -45.6449 0
      vertex -19.9148 -45.853 0
    endloop
  endfacet
  facet normal -0 0 -1
    outer loop
      vertex -18.5565 -19.7658 0
      vertex -28.2808 -32.4287 0
      vertex -18.75 -19.6651 0
    endloop
  endfacet
  facet normal 0 0 -1
    outer loop
      vertex -28 -50.8 0
      vertex -19.9148 -45.853 0
      vertex -19.962 -46.0659 0
    endloop
  endfacet
  facet normal 0 0 -1
    outer loop
      vertex -28.3515 -32.3515 0
      vertex -18.75 -19.6651 0
      vertex -28.2808 -32.4287 0
    endloop
  endfacet
  facet normal 0 0 -1
    outer loop
      vertex -28 -50.8 0
      vertex -19.962 -46.0659 0
      vertex -19.9905 -46.2821 0
    endloop
  endfacet
  facet normal 0 0 -1
    outer loop
      vertex -28.4287 -32.2808 0
      vertex -18.75 -19.6651 0
      vertex -28.3515 -32.3515 0
    endloop
  endfacet
  facet normal 0 0 -1
    outer loop
      vertex -28 -50.8 0
      vertex -19.9905 -46.2821 0
      vertex -20 -46.5 0
    endloop
  endfacet
  facet normal -0 0 -1
    outer loop
      vertex -18.75 -19.6651 0
      vertex -28.4287 -32.2808 0
      vertex -18.9339 -19.5479 0
    endloop
  endfacet
  facet normal 0 0 -1
    outer loop
      vertex 31.9591 -32.8894 0
      vertex 40.4722 -54.15 0
      vertex 31.9818 -32.9916 0
    endloop
  endfacet
  facet normal 0 0 -1
    outer loop
      vertex 40.4722 54.15 0
      vertex 31.9954 33.0954 0
      vertex 32 33.2 0
    endloop
  endfacet
  facet normal 0 0 -1
    outer loop
      vertex 40.4722 -54.15 0
      vertex 31.9591 -32.8894 0
      vertex 40.4722 54.15 0
    endloop
  endfacet
  facet normal 0 0 -1
    outer loop
      vertex 40.4722 54.15 0
      vertex 31.9818 32.9916 0
      vertex 31.9954 33.0954 0
    endloop
  endfacet
  facet normal 0 0 -1
    outer loop
      vertex 31.9591 32.8894 0
      vertex 40.4722 54.15 0
      vertex 31.9591 -32.8894 0
    endloop
  endfacet
  facet normal 0 0 -1
    outer loop
      vertex 40.4722 54.15 0
      vertex 31.9591 32.8894 0
      vertex 31.9818 32.9916 0
    endloop
  endfacet
  facet normal 0 0 -1
    outer loop
      vertex 31.9276 -32.7896 0
      vertex 31.9591 32.8894 0
      vertex 31.9591 -32.8894 0
    endloop
  endfacet
  facet normal 0 0 -1
    outer loop
      vertex 31.9276 -32.7896 0
      vertex 31.9276 32.7896 0
      vertex 31.9591 32.8894 0
    endloop
  endfacet
  facet normal 0 0 -1
    outer loop
      vertex 31.8876 -32.6929 0
      vertex 31.9276 32.7896 0
      vertex 31.9276 -32.7896 0
    endloop
  endfacet
  facet normal 0 0 -1
    outer loop
      vertex 31.8876 -32.6929 0
      vertex 31.8876 32.6929 0
      vertex 31.9276 32.7896 0
    endloop
  endfacet
  facet normal 0 0 -1
    outer loop
      vertex 31.8392 -32.6 0
      vertex 31.8876 32.6929 0
      vertex 31.8876 -32.6929 0
    endloop
  endfacet
  facet normal 0 0 -1
    outer loop
      vertex 31.8392 -32.6 0
      vertex 31.8392 32.6 0
      vertex 31.8876 32.6929 0
    endloop
  endfacet
  facet normal 0 0 -1
    outer loop
      vertex 31.783 -32.5117 0
      vertex 31.8392 32.6 0
      vertex 31.8392 -32.6 0
    endloop
  endfacet
  facet normal 0 0 -1
    outer loop
      vertex 31.783 -32.5117 0
      vertex 31.783 32.5117 0
      vertex 31.8392 32.6 0
    endloop
  endfacet
  facet normal 0 0 -1
    outer loop
      vertex 31.7192 -32.4287 0
      vertex 31.783 32.5117 0
      vertex 31.783 -32.5117 0
    endloop
  endfacet
  facet normal 0 0 -1
    outer loop
      vertex 31.7192 -32.4287 0
      vertex 31.7192 32.4287 0
      vertex 31.783 32.5117 0
    endloop
  endfacet
  facet normal 0 0 -1
    outer loop
      vertex 31.6485 -32.3515 0
      vertex 31.7192 32.4287 0
      vertex 31.7192 -32.4287 0
    endloop
  endfacet
  facet normal 0 0 -1
    outer loop
      vertex 31.6485 -32.3515 0
      vertex 31.6485 32.3515 0
      vertex 31.7192 32.4287 0
    endloop
  endfacet
  facet normal 0 0 -1
    outer loop
      vertex 31.4883 -32.217 0
      vertex 19.962 -14.0659 0
      vertex 31.5713 -32.2808 0
    endloop
  endfacet
  facet normal 0 0 -1
    outer loop
      vertex 19.9148 -13.853 0
      vertex 31.5713 -32.2808 0
      vertex 19.962 -14.0659 0
    endloop
  endfacet
  facet normal 0 0 -1
    outer loop
      vertex 31.4 -32.1608 0
      vertex 19.9905 -14.2821 0
      vertex 31.4883 -32.217 0
    endloop
  endfacet
  facet normal 0 0 -1
    outer loop
      vertex 19.962 -14.0659 0
      vertex 31.4883 -32.217 0
      vertex 19.9905 -14.2821 0
    endloop
  endfacet
  facet normal 0 0 -1
    outer loop
      vertex 19.9905 -14.2821 0
      vertex 31.4 -32.1608 0
      vertex 20 -14.5 0
    endloop
  endfacet
  facet normal 0 0 -1
    outer loop
      vertex 31.5713 -32.2808 0
      vertex 19.9148 -13.853 0
      vertex 31.6485 -32.3515 0
    endloop
  endfacet
  facet normal 0 0 -1
    outer loop
      vertex 20 -14.5 0
      vertex 31.4 -32.1608 0
      vertex 31.3071 -32.1124 0
    endloop
  endfacet
  facet normal 0 0 -1
    outer loop
      vertex 31.5713 32.2808 0
      vertex 20 14.5 0
      vertex 31.4883 32.217 0
    endloop
  endfacet
  facet normal 0 0 -1
    outer loop
      vertex 20 -14.5 0
      vertex 31.3071 -32.1124 0
      vertex 31.2104 -32.0724 0
    endloop
  endfacet
  facet normal 0 0 -1
    outer loop
      vertex 31.4883 32.217 0
      vertex 20 14.5 0
      vertex 31.4 32.1608 0
    endloop
  endfacet
  facet normal 0 0 -1
    outer loop
      vertex 20 -17.5 0
      vertex 31.2104 -32.0724 0
      vertex 31.1106 -32.0409 0
    endloop
  endfacet
  facet normal 0 0 -1
    outer loop
      vertex 31.4 32.1608 0
      vertex 20 14.5 0
      vertex 31.3071 32.1124 0
    endloop
  endfacet
  facet normal 0 0 -1
    outer loop
      vertex 20 -17.5 0
      vertex 31.1106 -32.0409 0
      vertex 31.0084 -32.0182 0
    endloop
  endfacet
  facet normal 0 0 -1
    outer loop
      vertex 31.3071 32.1124 0
      vertex 20 14.5 0
      vertex 31.2104 32.0724 0
    endloop
  endfacet
  facet normal 0 0 -1
    outer loop
      vertex 20 -17.5 0
      vertex 31.0084 -32.0182 0
      vertex 30.9046 -32.0046 0
    endloop
  endfacet
  facet normal 0 0 -1
    outer loop
      vertex 20 17.5 0
      vertex 31.2104 32.0724 0
      vertex 20 14.5 0
    endloop
  endfacet
  facet normal 0 0 -1
    outer loop
      vertex 20 -17.5 0
      vertex 30.9046 -32.0046 0
      vertex 30.8 -32 0
    endloop
  endfacet
  facet normal 0 0 -1
    outer loop
      vertex 31.2104 32.0724 0
      vertex 20 17.5 0
      vertex 31.1106 32.0409 0
    endloop
  endfacet
  facet normal 0 0 -1
    outer loop
      vertex 20 -17.5 0
      vertex 30.8 -32 0
      vertex 29.2 -32 0
    endloop
  endfacet
  facet normal 0 0 -1
    outer loop
      vertex 31.1106 32.0409 0
      vertex 20 17.5 0
      vertex 31.0084 32.0182 0
    endloop
  endfacet
  facet normal 0 0 -1
    outer loop
      vertex 20 -17.5 0
      vertex 29.2 -32 0
      vertex 29.0954 -32.0046 0
    endloop
  endfacet
  facet normal 0 0 -1
    outer loop
      vertex 19.9905 17.7179 0
      vertex 31.0084 32.0182 0
      vertex 20 17.5 0
    endloop
  endfacet
  facet normal 0 0 -1
    outer loop
      vertex 20 -17.5 0
      vertex 29.0954 -32.0046 0
      vertex 28.9916 -32.0182 0
    endloop
  endfacet
  facet normal 0 0 -1
    outer loop
      vertex 31.0084 32.0182 0
      vertex 19.9905 17.7179 0
      vertex 30.9046 32.0046 0
    endloop
  endfacet
  facet normal 0 0 -1
    outer loop
      vertex 20 -17.5 0
      vertex 28.9916 -32.0182 0
      vertex 28.8894 -32.0409 0
    endloop
  endfacet
  facet normal 0 0 -1
    outer loop
      vertex 19.962 17.9341 0
      vertex 30.9046 32.0046 0
      vertex 19.9905 17.7179 0
    endloop
  endfacet
  facet normal 0 0 -1
    outer loop
      vertex 20 -17.5 0
      vertex 28.8894 -32.0409 0
      vertex 28.7896 -32.0724 0
    endloop
  endfacet
  facet normal 0 0 -1
    outer loop
      vertex 30.9046 32.0046 0
      vertex 19.962 17.9341 0
      vertex 30.8 32 0
    endloop
  endfacet
  facet normal 0 0 -1
    outer loop
      vertex 20 -17.5 0
      vertex 28.7896 -32.0724 0
      vertex 28.6929 -32.1124 0
    endloop
  endfacet
  facet normal 0 0 -1
    outer loop
      vertex 19.9148 18.147 0
      vertex 30.8 32 0
      vertex 19.962 17.9341 0
    endloop
  endfacet
  facet normal 0 0 -1
    outer loop
      vertex 20 -17.5 0
      vertex 28.6929 -32.1124 0
      vertex 28.6 -32.1608 0
    endloop
  endfacet
  facet normal -0 0 -1
    outer loop
      vertex 30.8 32 0
      vertex 19.9148 18.147 0
      vertex 29.2 32 0
    endloop
  endfacet
  facet normal 0 0 -1
    outer loop
      vertex 20 -17.5 0
      vertex 28.6 -32.1608 0
      vertex 28.5117 -32.217 0
    endloop
  endfacet
  facet normal 0 0 -1
    outer loop
      vertex 19.8492 18.3551 0
      vertex 29.2 32 0
      vertex 19.9148 18.147 0
    endloop
  endfacet
  facet normal 0 0 -1
    outer loop
      vertex 20 -17.5 0
      vertex 28.5117 -32.217 0
      vertex 28.4287 -32.2808 0
    endloop
  endfacet
  facet normal 0 0 -1
    outer loop
      vertex 19.7658 18.5565 0
      vertex 29.2 32 0
      vertex 19.8492 18.3551 0
    endloop
  endfacet
  facet normal 0 0 -1
    outer loop
      vertex 20 -17.5 0
      vertex 28.4287 -32.2808 0
      vertex 28.3515 -32.3515 0
    endloop
  endfacet
  facet normal -0 0 -1
    outer loop
      vertex 29.2 32 0
      vertex 19.7658 18.5565 0
      vertex 29.0954 32.0046 0
    endloop
  endfacet
  facet normal 0 0 -1
    outer loop
      vertex 20 -17.5 0
      vertex 28.3515 -32.3515 0
      vertex 28.2808 -32.4287 0
    endloop
  endfacet
  facet normal -0 0 -1
    outer loop
      vertex 29.0954 32.0046 0
      vertex 19.7658 18.5565 0
      vertex 28.9916 32.0182 0
    endloop
  endfacet
  facet normal 0 0 -1
    outer loop
      vertex 20 -17.5 0
      vertex 28.2808 -32.4287 0
      vertex 28.217 -32.5117 0
    endloop
  endfacet
  facet normal 0 0 -1
    outer loop
      vertex 19.6651 18.75 0
      vertex 28.9916 32.0182 0
      vertex 19.7658 18.5565 0
    endloop
  endfacet
  facet normal 0 0 -1
    outer loop
      vertex 20 -17.5 0
      vertex 28.217 -32.5117 0
      vertex 28.1608 -32.6 0
    endloop
  endfacet
  facet normal -0 0 -1
    outer loop
      vertex 28.9916 32.0182 0
      vertex 19.6651 18.75 0
      vertex 28.8894 32.0409 0
    endloop
  endfacet
  facet normal 0 0 -1
    outer loop
      vertex 20 -17.5 0
      vertex 28.1608 -32.6 0
      vertex 28.1124 -32.6929 0
    endloop
  endfacet
  facet normal 0 0 -1
    outer loop
      vertex 19.5479 18.9339 0
      vertex 28.8894 32.0409 0
      vertex 19.6651 18.75 0
    endloop
  endfacet
  facet normal 0 0 -1
    outer loop
      vertex 20 -17.5 0
      vertex 28.1124 -32.6929 0
      vertex 28.0724 -32.7896 0
    endloop
  endfacet
  facet normal -0 0 -1
    outer loop
      vertex 28.8894 32.0409 0
      vertex 19.5479 18.9339 0
      vertex 28.7896 32.0724 0
    endloop
  endfacet
  facet normal 0 0 -1
    outer loop
      vertex 20 -17.5 0
      vertex 28.0724 -32.7896 0
      vertex 28.0409 -32.8894 0
    endloop
  endfacet
  facet normal 0 0 -1
    outer loop
      vertex 19.4151 19.107 0
      vertex 28.7896 32.0724 0
      vertex 19.5479 18.9339 0
    endloop
  endfacet
  facet normal 0 0 -1
    outer loop
      vertex 20 -17.5 0
      vertex 28.0409 -32.8894 0
      vertex 28.0182 -32.9916 0
    endloop
  endfacet
  facet normal -0 0 -1
    outer loop
      vertex 28.7896 32.0724 0
      vertex 19.4151 19.107 0
      vertex 28.6929 32.1124 0
    endloop
  endfacet
  facet normal 0 0 -1
    outer loop
      vertex 20 -17.5 0
      vertex 28.0182 -32.9916 0
      vertex 28.0046 -33.0954 0
    endloop
  endfacet
  facet normal 0 0 -1
    outer loop
      vertex 19.2678 19.2678 0
      vertex 28.6929 32.1124 0
      vertex 19.4151 19.107 0
    endloop
  endfacet
  facet normal 0 0 -1
    outer loop
      vertex 19.962 -46.0659 0
      vertex 28 -50.8 0
      vertex 19.9905 -46.2821 0
    endloop
  endfacet
  facet normal -0 0 -1
    outer loop
      vertex 28.6929 32.1124 0
      vertex 19.2678 19.2678 0
      vertex 28.6 32.1608 0
    endloop
  endfacet
  facet normal -0 0 -1
    outer loop
      vertex 37.6074 54.0249 0
      vertex 31.9276 51.2104 0
      vertex 37.5278 54.15 0
    endloop
  endfacet
  facet normal 0 0 -1
    outer loop
      vertex 31.8876 51.3071 0
      vertex 37.5278 54.15 0
      vertex 31.9276 51.2104 0
    endloop
  endfacet
  facet normal -0 0 -1
    outer loop
      vertex 37.5278 54.15 0
      vertex 31.8876 51.3071 0
      vertex 37.4593 54.2815 0
    endloop
  endfacet
  facet normal 0 0 -1
    outer loop
      vertex 31.8392 51.4 0
      vertex 37.4593 54.2815 0
      vertex 31.8876 51.3071 0
    endloop
  endfacet
  facet normal -0 0 -1
    outer loop
      vertex 37.4593 54.2815 0
      vertex 31.8392 51.4 0
      vertex 37.4025 54.4186 0
    endloop
  endfacet
  facet normal 0 0 -1
    outer loop
      vertex 31.783 51.4883 0
      vertex 37.4025 54.4186 0
      vertex 31.8392 51.4 0
    endloop
  endfacet
  facet normal -0 0 -1
    outer loop
      vertex 37.4025 54.4186 0
      vertex 31.783 51.4883 0
      vertex 37.3579 54.56 0
    endloop
  endfacet
  facet normal 0 0 -1
    outer loop
      vertex 31.7192 51.5713 0
      vertex 37.3579 54.56 0
      vertex 31.783 51.4883 0
    endloop
  endfacet
  facet normal 0 0 -1
    outer loop
      vertex 31.6485 51.6485 0
      vertex 37.3579 54.56 0
      vertex 31.7192 51.5713 0
    endloop
  endfacet
  facet normal -0 0 -1
    outer loop
      vertex 37.3579 54.56 0
      vertex 31.6485 51.6485 0
      vertex 37.3258 54.7048 0
    endloop
  endfacet
  facet normal 0 0 -1
    outer loop
      vertex 31.5713 51.7192 0
      vertex 37.3258 54.7048 0
      vertex 31.6485 51.6485 0
    endloop
  endfacet
  facet normal -0 0 -1
    outer loop
      vertex 37.3258 54.7048 0
      vertex 31.5713 51.7192 0
      vertex 37.3065 54.8518 0
    endloop
  endfacet
  facet normal 0 0 -1
    outer loop
      vertex 31.4883 51.783 0
      vertex 37.3065 54.8518 0
      vertex 31.5713 51.7192 0
    endloop
  endfacet
  facet normal 0 0 -1
    outer loop
      vertex 31.4 51.8392 0
      vertex 37.3065 54.8518 0
      vertex 31.4883 51.783 0
    endloop
  endfacet
  facet normal 0 0 -1
    outer loop
      vertex 31.3071 51.8876 0
      vertex 37.3065 54.8518 0
      vertex 31.4 51.8392 0
    endloop
  endfacet
  facet normal 0 0 -1
    outer loop
      vertex 31.2104 51.9276 0
      vertex 37.3065 54.8518 0
      vertex 31.3071 51.8876 0
    endloop
  endfacet
  facet normal 0 0 -1
    outer loop
      vertex 31.1106 51.9591 0
      vertex 37.3065 54.8518 0
      vertex 31.2104 51.9276 0
    endloop
  endfacet
  facet normal 0 0 -1
    outer loop
      vertex 31.0084 51.9818 0
      vertex 37.3065 54.8518 0
      vertex 31.1106 51.9591 0
    endloop
  endfacet
  facet normal 0 0 -1
    outer loop
      vertex 30.9046 51.9954 0
      vertex 37.3065 54.8518 0
      vertex 31.0084 51.9818 0
    endloop
  endfacet
  facet normal 0 0 -1
    outer loop
      vertex 30.8 52 0
      vertex 37.3065 54.8518 0
      vertex 30.9046 51.9954 0
    endloop
  endfacet
  facet normal 0 0 -1
    outer loop
      vertex 29.2 52 0
      vertex 37.3065 54.8518 0
      vertex 30.8 52 0
    endloop
  endfacet
  facet normal -0 0 -1
    outer loop
      vertex 37.3065 54.8518 0
      vertex 29.2 52 0
      vertex 36 73 0
    endloop
  endfacet
  facet normal 0 0 -1
    outer loop
      vertex 29.0954 51.9954 0
      vertex 36 73 0
      vertex 29.2 52 0
    endloop
  endfacet
  facet normal 0 0 -1
    outer loop
      vertex 28.9916 51.9818 0
      vertex 36 73 0
      vertex 29.0954 51.9954 0
    endloop
  endfacet
  facet normal 0 0 -1
    outer loop
      vertex 28.8894 51.9591 0
      vertex 36 73 0
      vertex 28.9916 51.9818 0
    endloop
  endfacet
  facet normal 0 0 -1
    outer loop
      vertex 28.7896 51.9276 0
      vertex 36 73 0
      vertex 28.8894 51.9591 0
    endloop
  endfacet
  facet normal 0 0 -1
    outer loop
      vertex 18.3551 51.8492 0
      vertex 28.7896 51.9276 0
      vertex 28.6929 51.8876 0
    endloop
  endfacet
  facet normal 0 0 -1
    outer loop
      vertex 18.5565 51.7658 0
      vertex 28.6929 51.8876 0
      vertex 28.6 51.8392 0
    endloop
  endfacet
  facet normal 0 0 -1
    outer loop
      vertex 18.75 51.6651 0
      vertex 28.6 51.8392 0
      vertex 28.5117 51.783 0
    endloop
  endfacet
  facet normal 0 0 -1
    outer loop
      vertex 18.9339 51.5479 0
      vertex 28.5117 51.783 0
      vertex 28.4287 51.7192 0
    endloop
  endfacet
  facet normal 0 0 -1
    outer loop
      vertex 19.107 51.4151 0
      vertex 28.4287 51.7192 0
      vertex 28.3515 51.6485 0
    endloop
  endfacet
  facet normal 0 0 -1
    outer loop
      vertex 19.2678 51.2678 0
      vertex 28.3515 51.6485 0
      vertex 28.2808 51.5713 0
    endloop
  endfacet
  facet normal 0 0 -1
    outer loop
      vertex 19.4151 51.107 0
      vertex 28.2808 51.5713 0
      vertex 28.217 51.4883 0
    endloop
  endfacet
  facet normal 0 0 -1
    outer loop
      vertex 19.4151 51.107 0
      vertex 28.217 51.4883 0
      vertex 28.1608 51.4 0
    endloop
  endfacet
  facet normal 0 0 -1
    outer loop
      vertex 19.5479 50.9339 0
      vertex 28.1608 51.4 0
      vertex 28.1124 51.3071 0
    endloop
  endfacet
  facet normal 0 0 -1
    outer loop
      vertex 19.6651 50.75 0
      vertex 28.1124 51.3071 0
      vertex 28.0724 51.2104 0
    endloop
  endfacet
  facet normal 0 0 -1
    outer loop
      vertex 31.2104 -32.0724 0
      vertex 20 -17.5 0
      vertex 20 -14.5 0
    endloop
  endfacet
  facet normal 0 0 -1
    outer loop
      vertex 19.107 19.4151 0
      vertex 28.6 32.1608 0
      vertex 19.2678 19.2678 0
    endloop
  endfacet
  facet normal -0 0 -1
    outer loop
      vertex 28.6 32.1608 0
      vertex 19.107 19.4151 0
      vertex 28.5117 32.217 0
    endloop
  endfacet
  facet normal 0 0 -1
    outer loop
      vertex 18.9339 19.5479 0
      vertex 28.5117 32.217 0
      vertex 19.107 19.4151 0
    endloop
  endfacet
  facet normal 0 0 -1
    outer loop
      vertex 28.0046 33.0954 0
      vertex 20 46.5 0
      vertex 28 33.2 0
    endloop
  endfacet
  facet normal 0 0 -1
    outer loop
      vertex 28 33.2 0
      vertex 20 46.5 0
      vertex 28 50.8 0
    endloop
  endfacet
  facet normal 0 0 -1
    outer loop
      vertex 20 49.5 0
      vertex 28 50.8 0
      vertex 20 46.5 0
    endloop
  endfacet
  facet normal 0 0 -1
    outer loop
      vertex 19.9905 49.7179 0
      vertex 28 50.8 0
      vertex 20 49.5 0
    endloop
  endfacet
  facet normal 0 0 -1
    outer loop
      vertex 19.962 49.9341 0
      vertex 28 50.8 0
      vertex 19.9905 49.7179 0
    endloop
  endfacet
  facet normal 0 0 -1
    outer loop
      vertex 19.9148 50.147 0
      vertex 28 50.8 0
      vertex 19.962 49.9341 0
    endloop
  endfacet
  facet normal -0 0 -1
    outer loop
      vertex 28 50.8 0
      vertex 19.9148 50.147 0
      vertex 28.0046 50.9046 0
    endloop
  endfacet
  facet normal -0 0 -1
    outer loop
      vertex 28.0046 50.9046 0
      vertex 19.9148 50.147 0
      vertex 28.0182 51.0084 0
    endloop
  endfacet
  facet normal 0 0 -1
    outer loop
      vertex 19.8492 50.3551 0
      vertex 28.0182 51.0084 0
      vertex 19.9148 50.147 0
    endloop
  endfacet
  facet normal -0 0 -1
    outer loop
      vertex 28.0182 51.0084 0
      vertex 19.8492 50.3551 0
      vertex 28.0409 51.1106 0
    endloop
  endfacet
  facet normal 0 0 -1
    outer loop
      vertex 19.7658 50.5565 0
      vertex 28.0409 51.1106 0
      vertex 19.8492 50.3551 0
    endloop
  endfacet
  facet normal -0 0 -1
    outer loop
      vertex 28.0409 51.1106 0
      vertex 19.7658 50.5565 0
      vertex 28.0724 51.2104 0
    endloop
  endfacet
  facet normal 0 0 -1
    outer loop
      vertex 19.6651 50.75 0
      vertex 28.0724 51.2104 0
      vertex 19.7658 50.5565 0
    endloop
  endfacet
  facet normal 0 0 -1
    outer loop
      vertex 28.1124 51.3071 0
      vertex 19.6651 50.75 0
      vertex 19.5479 50.9339 0
    endloop
  endfacet
  facet normal 0 0 -1
    outer loop
      vertex 28.1608 51.4 0
      vertex 19.5479 50.9339 0
      vertex 19.4151 51.107 0
    endloop
  endfacet
  facet normal 0 0 -1
    outer loop
      vertex 28.2808 51.5713 0
      vertex 19.4151 51.107 0
      vertex 19.2678 51.2678 0
    endloop
  endfacet
  facet normal 0 0 -1
    outer loop
      vertex 28.3515 51.6485 0
      vertex 19.2678 51.2678 0
      vertex 19.107 51.4151 0
    endloop
  endfacet
  facet normal 0 0 -1
    outer loop
      vertex 28.4287 51.7192 0
      vertex 19.107 51.4151 0
      vertex 18.9339 51.5479 0
    endloop
  endfacet
  facet normal 0 0 -1
    outer loop
      vertex 28.5117 51.783 0
      vertex 18.9339 51.5479 0
      vertex 18.75 51.6651 0
    endloop
  endfacet
  facet normal 0 0 -1
    outer loop
      vertex 28.6 51.8392 0
      vertex 18.75 51.6651 0
      vertex 18.5565 51.7658 0
    endloop
  endfacet
  facet normal 0 0 -1
    outer loop
      vertex 28.6929 51.8876 0
      vertex 18.5565 51.7658 0
      vertex 18.3551 51.8492 0
    endloop
  endfacet
  facet normal -0 0 -1
    outer loop
      vertex 28.7896 51.9276 0
      vertex 18.3551 51.8492 0
      vertex 36 73 0
    endloop
  endfacet
  facet normal 0 0 -1
    outer loop
      vertex 18.147 51.9148 0
      vertex 36 73 0
      vertex 18.3551 51.8492 0
    endloop
  endfacet
  facet normal 0 0 -1
    outer loop
      vertex 17.9341 51.962 0
      vertex 36 73 0
      vertex 18.147 51.9148 0
    endloop
  endfacet
  facet normal 0 0 -1
    outer loop
      vertex 17.7179 51.9905 0
      vertex 36 73 0
      vertex 17.9341 51.962 0
    endloop
  endfacet
  facet normal 0 0 -1
    outer loop
      vertex 17.5 52 0
      vertex 36 73 0
      vertex 17.7179 51.9905 0
    endloop
  endfacet
  facet normal 0 0 -1
    outer loop
      vertex -17.5 52 0
      vertex 36 73 0
      vertex 17.5 52 0
    endloop
  endfacet
  facet normal 0 0 -1
    outer loop
      vertex -36 73 0
      vertex -17.5 52 0
      vertex -17.7179 51.9905 0
    endloop
  endfacet
  facet normal 0 0 -1
    outer loop
      vertex -36 73 0
      vertex -17.7179 51.9905 0
      vertex -17.9341 51.962 0
    endloop
  endfacet
  facet normal 0 0 -1
    outer loop
      vertex -36 73 0
      vertex -17.9341 51.962 0
      vertex -18.147 51.9148 0
    endloop
  endfacet
  facet normal 0 0 -1
    outer loop
      vertex -36 73 0
      vertex -18.147 51.9148 0
      vertex -18.3551 51.8492 0
    endloop
  endfacet
  facet normal 0 0 -1
    outer loop
      vertex -19.962 46.0659 0
      vertex -28 50.8 0
      vertex -19.9905 46.2821 0
    endloop
  endfacet
  facet normal 0 0 -1
    outer loop
      vertex -19.9905 46.2821 0
      vertex -28 50.8 0
      vertex -20 46.5 0
    endloop
  endfacet
  facet normal 0 0 -1
    outer loop
      vertex -20 46.5 0
      vertex -28 50.8 0
      vertex -20 49.5 0
    endloop
  endfacet
  facet normal 0 0 -1
    outer loop
      vertex -20 49.5 0
      vertex -28 50.8 0
      vertex -19.9905 49.7179 0
    endloop
  endfacet
  facet normal 0 0 -1
    outer loop
      vertex -19.9905 49.7179 0
      vertex -28 50.8 0
      vertex -19.962 49.9341 0
    endloop
  endfacet
  facet normal 0 0 -1
    outer loop
      vertex -19.962 49.9341 0
      vertex -28 50.8 0
      vertex -19.9148 50.147 0
    endloop
  endfacet
  facet normal 0 0 -1
    outer loop
      vertex -28.0046 50.9046 0
      vertex -19.9148 50.147 0
      vertex -28 50.8 0
    endloop
  endfacet
  facet normal 0 0 -1
    outer loop
      vertex -19.9148 50.147 0
      vertex -28.0046 50.9046 0
      vertex -19.8492 50.3551 0
    endloop
  endfacet
  facet normal 0 0 -1
    outer loop
      vertex -28.0182 51.0084 0
      vertex -19.8492 50.3551 0
      vertex -28.0046 50.9046 0
    endloop
  endfacet
  facet normal 0 0 -1
    outer loop
      vertex -28.0409 51.1106 0
      vertex -19.8492 50.3551 0
      vertex -28.0182 51.0084 0
    endloop
  endfacet
  facet normal 0 0 -1
    outer loop
      vertex -19.8492 50.3551 0
      vertex -28.0409 51.1106 0
      vertex -19.7658 50.5565 0
    endloop
  endfacet
  facet normal 0 0 -1
    outer loop
      vertex -28.0724 51.2104 0
      vertex -19.7658 50.5565 0
      vertex -28.0409 51.1106 0
    endloop
  endfacet
  facet normal 0 0 -1
    outer loop
      vertex -19.7658 50.5565 0
      vertex -28.0724 51.2104 0
      vertex -19.6651 50.75 0
    endloop
  endfacet
  facet normal 0 0 -1
    outer loop
      vertex -28.1124 51.3071 0
      vertex -19.6651 50.75 0
      vertex -28.0724 51.2104 0
    endloop
  endfacet
  facet normal 0 0 -1
    outer loop
      vertex -19.6651 50.75 0
      vertex -28.1124 51.3071 0
      vertex -19.5479 50.9339 0
    endloop
  endfacet
  facet normal 0 0 -1
    outer loop
      vertex -28.1608 51.4 0
      vertex -19.5479 50.9339 0
      vertex -28.1124 51.3071 0
    endloop
  endfacet
  facet normal 0 0 -1
    outer loop
      vertex -19.5479 50.9339 0
      vertex -28.1608 51.4 0
      vertex -19.4151 51.107 0
    endloop
  endfacet
  facet normal 0 0 -1
    outer loop
      vertex -28.217 51.4883 0
      vertex -19.4151 51.107 0
      vertex -28.1608 51.4 0
    endloop
  endfacet
  facet normal 0 0 -1
    outer loop
      vertex -28.2808 51.5713 0
      vertex -19.4151 51.107 0
      vertex -28.217 51.4883 0
    endloop
  endfacet
  facet normal 0 0 -1
    outer loop
      vertex -19.4151 51.107 0
      vertex -28.2808 51.5713 0
      vertex -19.2678 51.2678 0
    endloop
  endfacet
  facet normal 0 0 -1
    outer loop
      vertex -28.3515 51.6485 0
      vertex -19.2678 51.2678 0
      vertex -28.2808 51.5713 0
    endloop
  endfacet
  facet normal 0 0 -1
    outer loop
      vertex -19.2678 51.2678 0
      vertex -28.3515 51.6485 0
      vertex -19.107 51.4151 0
    endloop
  endfacet
  facet normal 0 0 -1
    outer loop
      vertex -28.4287 51.7192 0
      vertex -19.107 51.4151 0
      vertex -28.3515 51.6485 0
    endloop
  endfacet
  facet normal 0 0 -1
    outer loop
      vertex -19.107 51.4151 0
      vertex -28.4287 51.7192 0
      vertex -18.9339 51.5479 0
    endloop
  endfacet
  facet normal 0 0 -1
    outer loop
      vertex -28.5117 51.783 0
      vertex -18.9339 51.5479 0
      vertex -28.4287 51.7192 0
    endloop
  endfacet
  facet normal 0 0 -1
    outer loop
      vertex -18.9339 51.5479 0
      vertex -28.5117 51.783 0
      vertex -18.75 51.6651 0
    endloop
  endfacet
  facet normal 0 0 -1
    outer loop
      vertex -28.6 51.8392 0
      vertex -18.75 51.6651 0
      vertex -28.5117 51.783 0
    endloop
  endfacet
  facet normal 0 0 -1
    outer loop
      vertex -18.75 51.6651 0
      vertex -28.6 51.8392 0
      vertex -18.5565 51.7658 0
    endloop
  endfacet
  facet normal 0 0 -1
    outer loop
      vertex -28.6929 51.8876 0
      vertex -18.5565 51.7658 0
      vertex -28.6 51.8392 0
    endloop
  endfacet
  facet normal 0 0 -1
    outer loop
      vertex -18.5565 51.7658 0
      vertex -28.6929 51.8876 0
      vertex -18.3551 51.8492 0
    endloop
  endfacet
  facet normal 0 0 -1
    outer loop
      vertex -28.7896 51.9276 0
      vertex -18.3551 51.8492 0
      vertex -28.6929 51.8876 0
    endloop
  endfacet
  facet normal 0 0 -1
    outer loop
      vertex -18.3551 51.8492 0
      vertex -28.7896 51.9276 0
      vertex -36 73 0
    endloop
  endfacet
  facet normal 0 0 -1
    outer loop
      vertex -36 73 0
      vertex -28.7896 51.9276 0
      vertex -28.8894 51.9591 0
    endloop
  endfacet
  facet normal 0 0 -1
    outer loop
      vertex -36 73 0
      vertex -28.8894 51.9591 0
      vertex -28.9916 51.9818 0
    endloop
  endfacet
  facet normal 0 0 -1
    outer loop
      vertex -36 73 0
      vertex -28.9916 51.9818 0
      vertex -29.0954 51.9954 0
    endloop
  endfacet
  facet normal 0 0 -1
    outer loop
      vertex -36 73 0
      vertex -29.0954 51.9954 0
      vertex -29.2 52 0
    endloop
  endfacet
  facet normal 0 0 -1
    outer loop
      vertex -37.4025 55.5814 0
      vertex -31.1106 51.9591 0
      vertex -37.3579 55.44 0
    endloop
  endfacet
  facet normal 0 0 -1
    outer loop
      vertex -31.2104 51.9276 0
      vertex -37.3579 55.44 0
      vertex -31.1106 51.9591 0
    endloop
  endfacet
  facet normal 0 0 -1
    outer loop
      vertex -37.3579 55.44 0
      vertex -31.2104 51.9276 0
      vertex -37.3258 55.2952 0
    endloop
  endfacet
  facet normal 0 0 -1
    outer loop
      vertex -31.3071 51.8876 0
      vertex -37.3258 55.2952 0
      vertex -31.2104 51.9276 0
    endloop
  endfacet
  facet normal 0 0 -1
    outer loop
      vertex -17.5 52 0
      vertex -36 73 0
      vertex 36 73 0
    endloop
  endfacet
  facet normal 0 0 -1
    outer loop
      vertex -37.3258 55.2952 0
      vertex -31.3071 51.8876 0
      vertex -37.3065 55.1482 0
    endloop
  endfacet
  facet normal 0 0 -1
    outer loop
      vertex -31.4 51.8392 0
      vertex -37.3065 55.1482 0
      vertex -31.3071 51.8876 0
    endloop
  endfacet
  facet normal 0 0 -1
    outer loop
      vertex -37.3065 55.1482 0
      vertex -31.4 51.8392 0
      vertex -37.3 55 0
    endloop
  endfacet
  facet normal 0 0 -1
    outer loop
      vertex -37.3 55 0
      vertex -31.4 51.8392 0
      vertex -31.4883 51.783 0
    endloop
  endfacet
  facet normal 0 0 -1
    outer loop
      vertex -37.3 55 0
      vertex -31.4883 51.783 0
      vertex -31.5713 51.7192 0
    endloop
  endfacet
  facet normal 0 0 -1
    outer loop
      vertex -37.3 55 0
      vertex -31.5713 51.7192 0
      vertex -31.6485 51.6485 0
    endloop
  endfacet
  facet normal 0 0 -1
    outer loop
      vertex -37.3 55 0
      vertex -31.6485 51.6485 0
      vertex -31.7192 51.5713 0
    endloop
  endfacet
  facet normal 0 0 -1
    outer loop
      vertex -37.3 55 0
      vertex -31.7192 51.5713 0
      vertex -31.783 51.4883 0
    endloop
  endfacet
  facet normal 0 0 -1
    outer loop
      vertex -37.3 55 0
      vertex -31.783 51.4883 0
      vertex -31.8392 51.4 0
    endloop
  endfacet
  facet normal 0 0 -1
    outer loop
      vertex -37.3 55 0
      vertex -31.8392 51.4 0
      vertex -31.8876 51.3071 0
    endloop
  endfacet
  facet normal 0 0 -1
    outer loop
      vertex -37.3 55 0
      vertex -31.8876 51.3071 0
      vertex -31.9276 51.2104 0
    endloop
  endfacet
  facet normal 0 0 -1
    outer loop
      vertex -37.3 55 0
      vertex -31.9276 51.2104 0
      vertex -31.9591 51.1106 0
    endloop
  endfacet
  facet normal 0 0 -1
    outer loop
      vertex -37.3 55 0
      vertex -31.9591 51.1106 0
      vertex -31.9818 51.0084 0
    endloop
  endfacet
  facet normal 0 0 -1
    outer loop
      vertex -37.3 55 0
      vertex -31.9818 51.0084 0
      vertex -31.9954 50.9046 0
    endloop
  endfacet
  facet normal 0 0 -1
    outer loop
      vertex -37.3 55 0
      vertex -31.9954 50.9046 0
      vertex -32 50.8 0
    endloop
  endfacet
  facet normal 0 0 -1
    outer loop
      vertex -37.3 55 0
      vertex -32 50.8 0
      vertex -32 33.2 0
    endloop
  endfacet
  facet normal 0 0 -1
    outer loop
      vertex -40.9149 -70.4415 0
      vertex -36 -73 0
      vertex -36.5229 -72.9772 0
    endloop
  endfacet
  facet normal 0 0 -1
    outer loop
      vertex -37.3 55 0
      vertex -32 33.2 0
      vertex -31.9954 33.0954 0
    endloop
  endfacet
  facet normal 0 0 -1
    outer loop
      vertex -40.9149 -70.4415 0
      vertex -36.5229 -72.9772 0
      vertex -37.0419 -72.9088 0
    endloop
  endfacet
  facet normal 0 0 -1
    outer loop
      vertex -31.1106 51.9591 0
      vertex -37.4025 55.5814 0
      vertex -31.0084 51.9818 0
    endloop
  endfacet
  facet normal 0 0 -1
    outer loop
      vertex -36 73 0
      vertex -37.0419 72.9088 0
      vertex -36.5229 72.9772 0
    endloop
  endfacet
  facet normal 0 0 -1
    outer loop
      vertex -36 -73 0
      vertex -37.3065 -55.1482 0
      vertex -37.3 -55 0
    endloop
  endfacet
  facet normal 0 0 -1
    outer loop
      vertex -36 -73 0
      vertex -37.3258 -55.2952 0
      vertex -37.3065 -55.1482 0
    endloop
  endfacet
  facet normal 0 0 -1
    outer loop
      vertex -36 -73 0
      vertex -37.3579 -55.44 0
      vertex -37.3258 -55.2952 0
    endloop
  endfacet
  facet normal 0 0 -1
    outer loop
      vertex -36 -73 0
      vertex -37.4025 -55.5814 0
      vertex -37.3579 -55.44 0
    endloop
  endfacet
  facet normal 0 0 -1
    outer loop
      vertex -36 -73 0
      vertex -37.4593 -55.7185 0
      vertex -37.4025 -55.5814 0
    endloop
  endfacet
  facet normal 0 0 -1
    outer loop
      vertex -36 -73 0
      vertex -37.5278 -55.85 0
      vertex -37.4593 -55.7185 0
    endloop
  endfacet
  facet normal 0 0 -1
    outer loop
      vertex -40.9149 -70.4415 0
      vertex -37.0419 -72.9088 0
      vertex -37.5529 -72.7955 0
    endloop
  endfacet
  facet normal 0 0 -1
    outer loop
      vertex -36 -73 0
      vertex -37.6074 -55.9751 0
      vertex -37.5278 -55.85 0
    endloop
  endfacet
  facet normal 0 0 -1
    outer loop
      vertex -36 -73 0
      vertex -37.6977 -56.0927 0
      vertex -37.6074 -55.9751 0
    endloop
  endfacet
  facet normal 0 0 -1
    outer loop
      vertex -36 -73 0
      vertex -37.7979 -56.2021 0
      vertex -37.6977 -56.0927 0
    endloop
  endfacet
  facet normal 0 0 -1
    outer loop
      vertex -36 -73 0
      vertex -37.9073 -56.3023 0
      vertex -37.7979 -56.2021 0
    endloop
  endfacet
  facet normal 0 0 -1
    outer loop
      vertex -36 -73 0
      vertex -38.0249 -56.3926 0
      vertex -37.9073 -56.3023 0
    endloop
  endfacet
  facet normal 0 0 -1
    outer loop
      vertex -40.9149 -70.4415 0
      vertex -37.5529 -72.7955 0
      vertex -38.0521 -72.6382 0
    endloop
  endfacet
  facet normal 0 0 -1
    outer loop
      vertex -36 -73 0
      vertex -38.15 -56.4722 0
      vertex -38.0249 -56.3926 0
    endloop
  endfacet
  facet normal 0 0 -1
    outer loop
      vertex -42 -67 0
      vertex -38.15 -56.4722 0
      vertex -36 -73 0
    endloop
  endfacet
  facet normal 0 0 -1
    outer loop
      vertex -42 -67 0
      vertex -36 -73 0
      vertex -40.9149 -70.4415 0
    endloop
  endfacet
  facet normal 0 0 -1
    outer loop
      vertex -40.9149 -70.4415 0
      vertex -38.0521 -72.6382 0
      vertex -38.5357 -72.4379 0
    endloop
  endfacet
  facet normal 0 0 -1
    outer loop
      vertex -38.15 -56.4722 0
      vertex -42 -67 0
      vertex -38.2815 -56.5407 0
    endloop
  endfacet
  facet normal 0 0 -1
    outer loop
      vertex -38.2815 -56.5407 0
      vertex -42 -67 0
      vertex -38.4186 -56.5975 0
    endloop
  endfacet
  facet normal 0 0 -1
    outer loop
      vertex -38.4186 -56.5975 0
      vertex -42 -67 0
      vertex -38.56 -56.6421 0
    endloop
  endfacet
  facet normal 0 0 -1
    outer loop
      vertex -40.9149 -70.4415 0
      vertex -38.5357 -72.4379 0
      vertex -39 -72.1962 0
    endloop
  endfacet
  facet normal 0 0 -1
    outer loop
      vertex -38.56 -56.6421 0
      vertex -42 -67 0
      vertex -38.7048 -56.6742 0
    endloop
  endfacet
  facet normal 0 0 -1
    outer loop
      vertex -38.7048 -56.6742 0
      vertex -42 -67 0
      vertex -38.8518 -56.6935 0
    endloop
  endfacet
  facet normal 0 0 -1
    outer loop
      vertex -38.8518 -56.6935 0
      vertex -42 -67 0
      vertex -39 -56.7 0
    endloop
  endfacet
  facet normal -0 0 -1
    outer loop
      vertex -39 -56.7 0
      vertex -42 -67 0
      vertex -39.1482 -56.6935 0
    endloop
  endfacet
  facet normal 0 0 -1
    outer loop
      vertex -40.9149 -70.4415 0
      vertex -39 -72.1962 0
      vertex -39.4415 -71.9149 0
    endloop
  endfacet
  facet normal -0 0 -1
    outer loop
      vertex -39.1482 -56.6935 0
      vertex -42 -67 0
      vertex -39.2952 -56.6742 0
    endloop
  endfacet
  facet normal -0 0 -1
    outer loop
      vertex -39.2952 -56.6742 0
      vertex -42 -67 0
      vertex -39.44 -56.6421 0
    endloop
  endfacet
  facet normal -0 0 -1
    outer loop
      vertex -39.44 -56.6421 0
      vertex -42 -67 0
      vertex -39.5814 -56.5975 0
    endloop
  endfacet
  facet normal 0 0 -1
    outer loop
      vertex -40.9149 -70.4415 0
      vertex -39.4415 -71.9149 0
      vertex -39.8567 -71.5963 0
    endloop
  endfacet
  facet normal -0 0 -1
    outer loop
      vertex -39.5814 -56.5975 0
      vertex -42 -67 0
      vertex -39.7185 -56.5407 0
    endloop
  endfacet
  facet normal -0 0 -1
    outer loop
      vertex -39.7185 -56.5407 0
      vertex -42 -67 0
      vertex -39.85 -56.4722 0
    endloop
  endfacet
  facet normal -0 0 -1
    outer loop
      vertex -39.85 -56.4722 0
      vertex -42 -67 0
      vertex -39.9751 -56.3926 0
    endloop
  endfacet
  facet normal 0 0 -1
    outer loop
      vertex -40.9149 -70.4415 0
      vertex -39.8567 -71.5963 0
      vertex -40.2426 -71.2426 0
    endloop
  endfacet
  facet normal -0 0 -1
    outer loop
      vertex -39.9751 -56.3926 0
      vertex -42 -67 0
      vertex -40.0927 -56.3023 0
    endloop
  endfacet
  facet normal -0 0 -1
    outer loop
      vertex -40.0927 -56.3023 0
      vertex -42 -67 0
      vertex -40.2021 -56.2021 0
    endloop
  endfacet
  facet normal -0 0 -1
    outer loop
      vertex -40.2021 -56.2021 0
      vertex -42 -67 0
      vertex -40.3023 -56.0927 0
    endloop
  endfacet
  facet normal -0 0 -1
    outer loop
      vertex -40.3023 -56.0927 0
      vertex -42 -67 0
      vertex -40.3926 -55.9751 0
    endloop
  endfacet
  facet normal 0 0 -1
    outer loop
      vertex -40.9149 -70.4415 0
      vertex -40.2426 -71.2426 0
      vertex -40.5963 -70.8567 0
    endloop
  endfacet
  facet normal -0 0 -1
    outer loop
      vertex -40.3926 -55.9751 0
      vertex -42 -67 0
      vertex -40.4722 -55.85 0
    endloop
  endfacet
  facet normal -0 0 -1
    outer loop
      vertex -40.4722 -55.85 0
      vertex -42 -67 0
      vertex -40.5407 -55.7185 0
    endloop
  endfacet
  facet normal -0 0 -1
    outer loop
      vertex -40.5407 -55.7185 0
      vertex -42 -67 0
      vertex -40.5975 -55.5814 0
    endloop
  endfacet
  facet normal -0 0 -1
    outer loop
      vertex -40.5975 -55.5814 0
      vertex -42 -67 0
      vertex -40.6421 -55.44 0
    endloop
  endfacet
  facet normal -0 0 -1
    outer loop
      vertex -40.6421 -55.44 0
      vertex -42 -67 0
      vertex -40.6742 -55.2952 0
    endloop
  endfacet
  facet normal -0 0 -1
    outer loop
      vertex -40.6935 -55.1482 0
      vertex -42 -67 0
      vertex -40.7 -55 0
    endloop
  endfacet
  facet normal -0 0 -1
    outer loop
      vertex -40.6742 -55.2952 0
      vertex -42 -67 0
      vertex -40.6935 -55.1482 0
    endloop
  endfacet
  facet normal 0 0 -1
    outer loop
      vertex 40.6935 54.8518 0
      vertex 42 67 0
      vertex 40.6935 -54.8518 0
    endloop
  endfacet
  facet normal 0 0 -1
    outer loop
      vertex 42 67 0
      vertex 40.6935 54.8518 0
      vertex 40.7 55 0
    endloop
  endfacet
  facet normal 0 0 -1
    outer loop
      vertex 40.6742 -54.7048 0
      vertex 40.6935 54.8518 0
      vertex 40.6935 -54.8518 0
    endloop
  endfacet
  facet normal 0 0 -1
    outer loop
      vertex 40.6742 -54.7048 0
      vertex 40.6742 54.7048 0
      vertex 40.6935 54.8518 0
    endloop
  endfacet
  facet normal 0 0 -1
    outer loop
      vertex 40.6421 -54.56 0
      vertex 40.6742 54.7048 0
      vertex 40.6742 -54.7048 0
    endloop
  endfacet
  facet normal 0 0 -1
    outer loop
      vertex 40.6421 -54.56 0
      vertex 40.6421 54.56 0
      vertex 40.6742 54.7048 0
    endloop
  endfacet
  facet normal 0 0 -1
    outer loop
      vertex 40.5975 -54.4186 0
      vertex 40.6421 54.56 0
      vertex 40.6421 -54.56 0
    endloop
  endfacet
  facet normal 0 0 -1
    outer loop
      vertex 40.5975 -54.4186 0
      vertex 40.5975 54.4186 0
      vertex 40.6421 54.56 0
    endloop
  endfacet
  facet normal 0 0 -1
    outer loop
      vertex 40.5407 -54.2815 0
      vertex 40.5975 54.4186 0
      vertex 40.5975 -54.4186 0
    endloop
  endfacet
  facet normal 0 0 -1
    outer loop
      vertex 40.5407 -54.2815 0
      vertex 40.5407 54.2815 0
      vertex 40.5975 54.4186 0
    endloop
  endfacet
  facet normal 0 0 -1
    outer loop
      vertex 40.4722 -54.15 0
      vertex 40.5407 54.2815 0
      vertex 40.5407 -54.2815 0
    endloop
  endfacet
  facet normal 0 0 -1
    outer loop
      vertex 40.4722 -54.15 0
      vertex 40.4722 54.15 0
      vertex 40.5407 54.2815 0
    endloop
  endfacet
  facet normal 0 0 -1
    outer loop
      vertex 40.3023 -53.9073 0
      vertex 31.9954 -33.0954 0
      vertex 40.3926 -54.0249 0
    endloop
  endfacet
  facet normal 0 0 -1
    outer loop
      vertex 31.9818 -32.9916 0
      vertex 40.3926 -54.0249 0
      vertex 31.9954 -33.0954 0
    endloop
  endfacet
  facet normal 0 0 -1
    outer loop
      vertex 31.9954 -33.0954 0
      vertex 40.3023 -53.9073 0
      vertex 32 -33.2 0
    endloop
  endfacet
  facet normal 0 0 -1
    outer loop
      vertex 40.3926 -54.0249 0
      vertex 31.9818 -32.9916 0
      vertex 40.4722 -54.15 0
    endloop
  endfacet
  facet normal 0 0 -1
    outer loop
      vertex 32 -33.2 0
      vertex 40.3023 -53.9073 0
      vertex 40.2021 -53.7979 0
    endloop
  endfacet
  facet normal 0 0 -1
    outer loop
      vertex 40.4722 54.15 0
      vertex 32 33.2 0
      vertex 40.3926 54.0249 0
    endloop
  endfacet
  facet normal 0 0 -1
    outer loop
      vertex 32 -33.2 0
      vertex 40.2021 -53.7979 0
      vertex 40.0927 -53.6977 0
    endloop
  endfacet
  facet normal 0 0 -1
    outer loop
      vertex 40.3926 54.0249 0
      vertex 32 33.2 0
      vertex 40.3023 53.9073 0
    endloop
  endfacet
  facet normal 0 0 -1
    outer loop
      vertex 32 -33.2 0
      vertex 40.0927 -53.6977 0
      vertex 39.9751 -53.6074 0
    endloop
  endfacet
  facet normal 0 0 -1
    outer loop
      vertex 40.3023 53.9073 0
      vertex 32 33.2 0
      vertex 40.2021 53.7979 0
    endloop
  endfacet
  facet normal 0 0 -1
    outer loop
      vertex 32 -33.2 0
      vertex 39.9751 -53.6074 0
      vertex 39.85 -53.5278 0
    endloop
  endfacet
  facet normal 0 0 -1
    outer loop
      vertex 40.2021 53.7979 0
      vertex 32 33.2 0
      vertex 40.0927 53.6977 0
    endloop
  endfacet
  facet normal 0 0 -1
    outer loop
      vertex 32 -33.2 0
      vertex 39.85 -53.5278 0
      vertex 39.7185 -53.4593 0
    endloop
  endfacet
  facet normal 0 0 -1
    outer loop
      vertex 40.0927 53.6977 0
      vertex 32 33.2 0
      vertex 39.9751 53.6074 0
    endloop
  endfacet
  facet normal 0 0 -1
    outer loop
      vertex 32 -33.2 0
      vertex 39.7185 -53.4593 0
      vertex 39.5814 -53.4025 0
    endloop
  endfacet
  facet normal 0 0 -1
    outer loop
      vertex 39.9751 53.6074 0
      vertex 32 33.2 0
      vertex 39.85 53.5278 0
    endloop
  endfacet
  facet normal 0 0 -1
    outer loop
      vertex 32 -33.2 0
      vertex 39.5814 -53.4025 0
      vertex 39.44 -53.3579 0
    endloop
  endfacet
  facet normal 0 0 -1
    outer loop
      vertex 39.85 53.5278 0
      vertex 32 33.2 0
      vertex 39.7185 53.4593 0
    endloop
  endfacet
  facet normal 0 0 -1
    outer loop
      vertex 39.1482 -53.3065 0
      vertex 32 -33.2 0
      vertex 39.2952 -53.3258 0
    endloop
  endfacet
  facet normal 0 0 -1
    outer loop
      vertex 39.2952 -53.3258 0
      vertex 32 -33.2 0
      vertex 39.44 -53.3579 0
    endloop
  endfacet
  facet normal 0 0 -1
    outer loop
      vertex 39 -53.3 0
      vertex 32 -33.2 0
      vertex 39.1482 -53.3065 0
    endloop
  endfacet
  facet normal 0 0 -1
    outer loop
      vertex 39.7185 53.4593 0
      vertex 32 33.2 0
      vertex 39.5814 53.4025 0
    endloop
  endfacet
  facet normal 0 0 -1
    outer loop
      vertex 32 -33.2 0
      vertex 39 -53.3 0
      vertex 32 -50.8 0
    endloop
  endfacet
  facet normal 0 0 -1
    outer loop
      vertex 39.5814 53.4025 0
      vertex 32 33.2 0
      vertex 39.44 53.3579 0
    endloop
  endfacet
  facet normal 0 0 -1
    outer loop
      vertex 32 -50.8 0
      vertex 39 -53.3 0
      vertex 38.8518 -53.3065 0
    endloop
  endfacet
  facet normal 0 0 -1
    outer loop
      vertex 39.44 53.3579 0
      vertex 32 33.2 0
      vertex 39.2952 53.3258 0
    endloop
  endfacet
  facet normal 0 0 -1
    outer loop
      vertex 32 -50.8 0
      vertex 38.8518 -53.3065 0
      vertex 38.7048 -53.3258 0
    endloop
  endfacet
  facet normal 0 0 -1
    outer loop
      vertex 39.2952 53.3258 0
      vertex 32 33.2 0
      vertex 39.1482 53.3065 0
    endloop
  endfacet
  facet normal 0 0 -1
    outer loop
      vertex 32 -50.8 0
      vertex 38.7048 -53.3258 0
      vertex 38.56 -53.3579 0
    endloop
  endfacet
  facet normal 0 0 -1
    outer loop
      vertex 39.1482 53.3065 0
      vertex 32 33.2 0
      vertex 39 53.3 0
    endloop
  endfacet
  facet normal 0 0 -1
    outer loop
      vertex 32 -50.8 0
      vertex 38.56 -53.3579 0
      vertex 38.4186 -53.4025 0
    endloop
  endfacet
  facet normal 0 0 -1
    outer loop
      vertex 32 50.8 0
      vertex 39 53.3 0
      vertex 32 33.2 0
    endloop
  endfacet
  facet normal 0 0 -1
    outer loop
      vertex 32 -50.8 0
      vertex 38.4186 -53.4025 0
      vertex 38.2815 -53.4593 0
    endloop
  endfacet
  facet normal -0 0 -1
    outer loop
      vertex 39 53.3 0
      vertex 32 50.8 0
      vertex 38.8518 53.3065 0
    endloop
  endfacet
  facet normal 0 0 -1
    outer loop
      vertex 32 -50.8 0
      vertex 38.2815 -53.4593 0
      vertex 38.15 -53.5278 0
    endloop
  endfacet
  facet normal -0 0 -1
    outer loop
      vertex 38.8518 53.3065 0
      vertex 32 50.8 0
      vertex 38.7048 53.3258 0
    endloop
  endfacet
  facet normal 0 0 -1
    outer loop
      vertex 32 -50.8 0
      vertex 38.15 -53.5278 0
      vertex 38.0249 -53.6074 0
    endloop
  endfacet
  facet normal -0 0 -1
    outer loop
      vertex 38.7048 53.3258 0
      vertex 32 50.8 0
      vertex 38.56 53.3579 0
    endloop
  endfacet
  facet normal 0 0 -1
    outer loop
      vertex 32 -50.8 0
      vertex 38.0249 -53.6074 0
      vertex 37.9073 -53.6977 0
    endloop
  endfacet
  facet normal -0 0 -1
    outer loop
      vertex 38.56 53.3579 0
      vertex 32 50.8 0
      vertex 38.4186 53.4025 0
    endloop
  endfacet
  facet normal 0 0 -1
    outer loop
      vertex 31.9954 -50.9046 0
      vertex 37.9073 -53.6977 0
      vertex 37.7979 -53.7979 0
    endloop
  endfacet
  facet normal -0 0 -1
    outer loop
      vertex 38.4186 53.4025 0
      vertex 32 50.8 0
      vertex 38.2815 53.4593 0
    endloop
  endfacet
  facet normal 0 0 -1
    outer loop
      vertex 31.9818 -51.0084 0
      vertex 37.7979 -53.7979 0
      vertex 37.6977 -53.9073 0
    endloop
  endfacet
  facet normal -0 0 -1
    outer loop
      vertex 38.2815 53.4593 0
      vertex 32 50.8 0
      vertex 38.15 53.5278 0
    endloop
  endfacet
  facet normal 0 0 -1
    outer loop
      vertex 31.9591 -51.1106 0
      vertex 37.6977 -53.9073 0
      vertex 37.6074 -54.0249 0
    endloop
  endfacet
  facet normal -0 0 -1
    outer loop
      vertex 38.15 53.5278 0
      vertex 32 50.8 0
      vertex 38.0249 53.6074 0
    endloop
  endfacet
  facet normal 0 0 -1
    outer loop
      vertex 31.9276 -51.2104 0
      vertex 37.6074 -54.0249 0
      vertex 37.5278 -54.15 0
    endloop
  endfacet
  facet normal -0 0 -1
    outer loop
      vertex 38.0249 53.6074 0
      vertex 32 50.8 0
      vertex 37.9073 53.6977 0
    endloop
  endfacet
  facet normal 0 0 -1
    outer loop
      vertex 31.8876 -51.3071 0
      vertex 37.5278 -54.15 0
      vertex 37.4593 -54.2815 0
    endloop
  endfacet
  facet normal 0 0 -1
    outer loop
      vertex 31.9954 50.9046 0
      vertex 37.9073 53.6977 0
      vertex 32 50.8 0
    endloop
  endfacet
  facet normal 0 0 -1
    outer loop
      vertex 31.8392 -51.4 0
      vertex 37.4593 -54.2815 0
      vertex 37.4025 -54.4186 0
    endloop
  endfacet
  facet normal -0 0 -1
    outer loop
      vertex 37.9073 53.6977 0
      vertex 31.9954 50.9046 0
      vertex 37.7979 53.7979 0
    endloop
  endfacet
  facet normal 0 0 -1
    outer loop
      vertex 31.783 -51.4883 0
      vertex 37.4025 -54.4186 0
      vertex 37.3579 -54.56 0
    endloop
  endfacet
  facet normal 0 0 -1
    outer loop
      vertex 31.9818 51.0084 0
      vertex 37.7979 53.7979 0
      vertex 31.9954 50.9046 0
    endloop
  endfacet
  facet normal 0 0 -1
    outer loop
      vertex 31.6485 -51.6485 0
      vertex 37.3579 -54.56 0
      vertex 37.3258 -54.7048 0
    endloop
  endfacet
  facet normal -0 0 -1
    outer loop
      vertex 37.7979 53.7979 0
      vertex 31.9818 51.0084 0
      vertex 37.6977 53.9073 0
    endloop
  endfacet
  facet normal 0 0 -1
    outer loop
      vertex 31.5713 -51.7192 0
      vertex 37.3258 -54.7048 0
      vertex 37.3065 -54.8518 0
    endloop
  endfacet
  facet normal 0 0 -1
    outer loop
      vertex 31.9591 51.1106 0
      vertex 37.6977 53.9073 0
      vertex 31.9818 51.0084 0
    endloop
  endfacet
  facet normal 0 0 -1
    outer loop
      vertex 31.4883 -51.783 0
      vertex 37.3065 -54.8518 0
      vertex 37.3 -55 0
    endloop
  endfacet
  facet normal -0 0 -1
    outer loop
      vertex 37.6977 53.9073 0
      vertex 31.9591 51.1106 0
      vertex 37.6074 54.0249 0
    endloop
  endfacet
  facet normal 0 0 -1
    outer loop
      vertex 36 -73 0
      vertex 42 -67 0
      vertex 41.9772 -67.5229 0
    endloop
  endfacet
  facet normal 0 0 -1
    outer loop
      vertex 40.6935 -54.8518 0
      vertex 42 -67 0
      vertex 40.7 -55 0
    endloop
  endfacet
  facet normal 0 0 -1
    outer loop
      vertex 36 -73 0
      vertex 41.9772 -67.5229 0
      vertex 41.9088 -68.0419 0
    endloop
  endfacet
  facet normal 0 0 -1
    outer loop
      vertex 42 -67 0
      vertex 40.6935 -54.8518 0
      vertex 42 67 0
    endloop
  endfacet
  facet normal 0 0 -1
    outer loop
      vertex 36 -73 0
      vertex 41.9088 -68.0419 0
      vertex 41.7955 -68.5529 0
    endloop
  endfacet
  facet normal 0 0 -1
    outer loop
      vertex 40.6935 55.1482 0
      vertex 42 67 0
      vertex 40.7 55 0
    endloop
  endfacet
  facet normal 0 0 -1
    outer loop
      vertex 36 -73 0
      vertex 41.7955 -68.5529 0
      vertex 41.6382 -69.0521 0
    endloop
  endfacet
  facet normal 0 0 -1
    outer loop
      vertex 40.6742 55.2952 0
      vertex 42 67 0
      vertex 40.6935 55.1482 0
    endloop
  endfacet
  facet normal 0 0 -1
    outer loop
      vertex 36 -73 0
      vertex 41.6382 -69.0521 0
      vertex 41.4379 -69.5357 0
    endloop
  endfacet
  facet normal 0 0 -1
    outer loop
      vertex 40.6421 55.44 0
      vertex 42 67 0
      vertex 40.6742 55.2952 0
    endloop
  endfacet
  facet normal 0 0 -1
    outer loop
      vertex 36 -73 0
      vertex 41.4379 -69.5357 0
      vertex 41.1962 -70 0
    endloop
  endfacet
  facet normal 0 0 -1
    outer loop
      vertex 40.5975 55.5814 0
      vertex 42 67 0
      vertex 40.6421 55.44 0
    endloop
  endfacet
  facet normal 0 0 -1
    outer loop
      vertex 36 -73 0
      vertex 41.1962 -70 0
      vertex 40.9149 -70.4415 0
    endloop
  endfacet
  facet normal 0 0 -1
    outer loop
      vertex 40.5407 55.7185 0
      vertex 42 67 0
      vertex 40.5975 55.5814 0
    endloop
  endfacet
  facet normal 0 0 -1
    outer loop
      vertex 40.4722 55.85 0
      vertex 42 67 0
      vertex 40.5407 55.7185 0
    endloop
  endfacet
  facet normal 0 0 -1
    outer loop
      vertex 42 -67 0
      vertex 40.6935 -55.1482 0
      vertex 40.7 -55 0
    endloop
  endfacet
  facet normal 0 0 -1
    outer loop
      vertex 42 -67 0
      vertex 40.6742 -55.2952 0
      vertex 40.6935 -55.1482 0
    endloop
  endfacet
  facet normal 0 0 -1
    outer loop
      vertex 42 -67 0
      vertex 40.6421 -55.44 0
      vertex 40.6742 -55.2952 0
    endloop
  endfacet
  facet normal 0 0 -1
    outer loop
      vertex 42 -67 0
      vertex 40.5975 -55.5814 0
      vertex 40.6421 -55.44 0
    endloop
  endfacet
  facet normal 0 0 -1
    outer loop
      vertex 36 -73 0
      vertex 40.9149 -70.4415 0
      vertex 40.5963 -70.8567 0
    endloop
  endfacet
  facet normal 0 0 -1
    outer loop
      vertex 42 -67 0
      vertex 40.5407 -55.7185 0
      vertex 40.5975 -55.5814 0
    endloop
  endfacet
  facet normal 0 0 -1
    outer loop
      vertex 42 -67 0
      vertex 40.4722 -55.85 0
      vertex 40.5407 -55.7185 0
    endloop
  endfacet
  facet normal 0 0 -1
    outer loop
      vertex 42 -67 0
      vertex 40.3926 -55.9751 0
      vertex 40.4722 -55.85 0
    endloop
  endfacet
  facet normal 0 0 -1
    outer loop
      vertex 42 -67 0
      vertex 40.3023 -56.0927 0
      vertex 40.3926 -55.9751 0
    endloop
  endfacet
  facet normal 0 0 -1
    outer loop
      vertex 36 -73 0
      vertex 40.5963 -70.8567 0
      vertex 40.2426 -71.2426 0
    endloop
  endfacet
  facet normal 0 0 -1
    outer loop
      vertex 42 -67 0
      vertex 40.2021 -56.2021 0
      vertex 40.3023 -56.0927 0
    endloop
  endfacet
  facet normal 0 0 -1
    outer loop
      vertex 42 -67 0
      vertex 40.0927 -56.3023 0
      vertex 40.2021 -56.2021 0
    endloop
  endfacet
  facet normal 0 0 -1
    outer loop
      vertex 42 -67 0
      vertex 39.9751 -56.3926 0
      vertex 40.0927 -56.3023 0
    endloop
  endfacet
  facet normal 0 0 -1
    outer loop
      vertex 36 -73 0
      vertex 40.2426 -71.2426 0
      vertex 39.8567 -71.5963 0
    endloop
  endfacet
  facet normal 0 0 -1
    outer loop
      vertex 42 -67 0
      vertex 39.85 -56.4722 0
      vertex 39.9751 -56.3926 0
    endloop
  endfacet
  facet normal 0 0 -1
    outer loop
      vertex 42 -67 0
      vertex 39.7185 -56.5407 0
      vertex 39.85 -56.4722 0
    endloop
  endfacet
  facet normal 0 0 -1
    outer loop
      vertex 42 -67 0
      vertex 39.5814 -56.5975 0
      vertex 39.7185 -56.5407 0
    endloop
  endfacet
  facet normal 0 0 -1
    outer loop
      vertex 36 -73 0
      vertex 39.8567 -71.5963 0
      vertex 39.4415 -71.9149 0
    endloop
  endfacet
  facet normal 0 0 -1
    outer loop
      vertex 42 -67 0
      vertex 39.44 -56.6421 0
      vertex 39.5814 -56.5975 0
    endloop
  endfacet
  facet normal 0 0 -1
    outer loop
      vertex 42 -67 0
      vertex 39.2952 -56.6742 0
      vertex 39.44 -56.6421 0
    endloop
  endfacet
  facet normal 0 0 -1
    outer loop
      vertex 42 -67 0
      vertex 39.1482 -56.6935 0
      vertex 39.2952 -56.6742 0
    endloop
  endfacet
  facet normal 0 0 -1
    outer loop
      vertex 36 -73 0
      vertex 39.4415 -71.9149 0
      vertex 39 -72.1962 0
    endloop
  endfacet
  facet normal 0 0 -1
    outer loop
      vertex 42 -67 0
      vertex 39 -56.7 0
      vertex 39.1482 -56.6935 0
    endloop
  endfacet
  facet normal 0 0 -1
    outer loop
      vertex 42 -67 0
      vertex 38.8518 -56.6935 0
      vertex 39 -56.7 0
    endloop
  endfacet
  facet normal 0 0 -1
    outer loop
      vertex 42 -67 0
      vertex 38.7048 -56.6742 0
      vertex 38.8518 -56.6935 0
    endloop
  endfacet
  facet normal 0 0 -1
    outer loop
      vertex 42 -67 0
      vertex 38.56 -56.6421 0
      vertex 38.7048 -56.6742 0
    endloop
  endfacet
  facet normal 0 0 -1
    outer loop
      vertex 36 -73 0
      vertex 39 -72.1962 0
      vertex 38.5357 -72.4379 0
    endloop
  endfacet
  facet normal 0 0 -1
    outer loop
      vertex 42 -67 0
      vertex 38.4186 -56.5975 0
      vertex 38.56 -56.6421 0
    endloop
  endfacet
  facet normal -0 0 -1
    outer loop
      vertex 42 -67 0
      vertex 36 -73 0
      vertex 38.15 -56.4722 0
    endloop
  endfacet
  facet normal 0 0 -1
    outer loop
      vertex 42 -67 0
      vertex 38.2815 -56.5407 0
      vertex 38.4186 -56.5975 0
    endloop
  endfacet
  facet normal 0 0 -1
    outer loop
      vertex 36 -73 0
      vertex 38.5357 -72.4379 0
      vertex 38.0521 -72.6382 0
    endloop
  endfacet
  facet normal 0 0 -1
    outer loop
      vertex 42 -67 0
      vertex 38.15 -56.4722 0
      vertex 38.2815 -56.5407 0
    endloop
  endfacet
  facet normal -0 0 -1
    outer loop
      vertex 38.15 -56.4722 0
      vertex 36 -73 0
      vertex 38.0249 -56.3926 0
    endloop
  endfacet
  facet normal -0 0 -1
    outer loop
      vertex 38.0249 -56.3926 0
      vertex 36 -73 0
      vertex 37.9073 -56.3023 0
    endloop
  endfacet
  facet normal -0 0 -1
    outer loop
      vertex 37.9073 -56.3023 0
      vertex 36 -73 0
      vertex 37.7979 -56.2021 0
    endloop
  endfacet
  facet normal -0 0 -1
    outer loop
      vertex 37.7979 -56.2021 0
      vertex 36 -73 0
      vertex 37.6977 -56.0927 0
    endloop
  endfacet
  facet normal 0 0 -1
    outer loop
      vertex 36 -73 0
      vertex 38.0521 -72.6382 0
      vertex 37.5529 -72.7955 0
    endloop
  endfacet
  facet normal 0 0 -1
    outer loop
      vertex 29.2 -52 0
      vertex 37.6977 -56.0927 0
      vertex 36 -73 0
    endloop
  endfacet
  facet normal 0 0 -1
    outer loop
      vertex 37.6977 -56.0927 0
      vertex 29.2 -52 0
      vertex 37.6074 -55.9751 0
    endloop
  endfacet
  facet normal -0 -0 -1
    outer loop
      vertex 30.8 -52 0
      vertex 37.6074 -55.9751 0
      vertex 29.2 -52 0
    endloop
  endfacet
  facet normal 0 0 -1
    outer loop
      vertex 37.6074 -55.9751 0
      vertex 30.8 -52 0
      vertex 37.5278 -55.85 0
    endloop
  endfacet
  facet normal 0 -0 -1
    outer loop
      vertex 30.9046 -51.9954 0
      vertex 37.5278 -55.85 0
      vertex 30.8 -52 0
    endloop
  endfacet
  facet normal 0 0 -1
    outer loop
      vertex 37.5278 -55.85 0
      vertex 30.9046 -51.9954 0
      vertex 37.4593 -55.7185 0
    endloop
  endfacet
  facet normal 0 -0 -1
    outer loop
      vertex 31.0084 -51.9818 0
      vertex 37.4593 -55.7185 0
      vertex 30.9046 -51.9954 0
    endloop
  endfacet
  facet normal 0 0 -1
    outer loop
      vertex 37.4593 -55.7185 0
      vertex 31.0084 -51.9818 0
      vertex 37.4025 -55.5814 0
    endloop
  endfacet
  facet normal 0 0 -1
    outer loop
      vertex 36 -73 0
      vertex 37.5529 -72.7955 0
      vertex 37.0419 -72.9088 0
    endloop
  endfacet
  facet normal 0 0 -1
    outer loop
      vertex 40.3926 55.9751 0
      vertex 42 67 0
      vertex 40.4722 55.85 0
    endloop
  endfacet
  facet normal 0 0 -1
    outer loop
      vertex 40.3023 56.0927 0
      vertex 42 67 0
      vertex 40.3926 55.9751 0
    endloop
  endfacet
  facet normal 0 0 -1
    outer loop
      vertex 40.2021 56.2021 0
      vertex 42 67 0
      vertex 40.3023 56.0927 0
    endloop
  endfacet
  facet normal 0 0 -1
    outer loop
      vertex 40.0927 56.3023 0
      vertex 42 67 0
      vertex 40.2021 56.2021 0
    endloop
  endfacet
  facet normal 0 0 -1
    outer loop
      vertex 39.9751 56.3926 0
      vertex 42 67 0
      vertex 40.0927 56.3023 0
    endloop
  endfacet
  facet normal 0 0 -1
    outer loop
      vertex 39.85 56.4722 0
      vertex 42 67 0
      vertex 39.9751 56.3926 0
    endloop
  endfacet
  facet normal 0 0 -1
    outer loop
      vertex 39.7185 56.5407 0
      vertex 42 67 0
      vertex 39.85 56.4722 0
    endloop
  endfacet
  facet normal 0 0 -1
    outer loop
      vertex 39.5814 56.5975 0
      vertex 42 67 0
      vertex 39.7185 56.5407 0
    endloop
  endfacet
  facet normal 0 0 -1
    outer loop
      vertex 39.44 56.6421 0
      vertex 42 67 0
      vertex 39.5814 56.5975 0
    endloop
  endfacet
  facet normal 0 0 -1
    outer loop
      vertex 39.2952 56.6742 0
      vertex 42 67 0
      vertex 39.44 56.6421 0
    endloop
  endfacet
  facet normal 0 0 -1
    outer loop
      vertex 39.1482 56.6935 0
      vertex 42 67 0
      vertex 39.2952 56.6742 0
    endloop
  endfacet
  facet normal 0 0 -1
    outer loop
      vertex 39 56.7 0
      vertex 42 67 0
      vertex 39.1482 56.6935 0
    endloop
  endfacet
  facet normal 0 0 -1
    outer loop
      vertex 38.8518 56.6935 0
      vertex 42 67 0
      vertex 39 56.7 0
    endloop
  endfacet
  facet normal 0 0 -1
    outer loop
      vertex 38.7048 56.6742 0
      vertex 42 67 0
      vertex 38.8518 56.6935 0
    endloop
  endfacet
  facet normal 0 0 -1
    outer loop
      vertex 38.56 56.6421 0
      vertex 42 67 0
      vertex 38.7048 56.6742 0
    endloop
  endfacet
  facet normal 0 0 -1
    outer loop
      vertex 38.4186 56.5975 0
      vertex 42 67 0
      vertex 38.56 56.6421 0
    endloop
  endfacet
  facet normal 0 0 -1
    outer loop
      vertex 38.2815 56.5407 0
      vertex 42 67 0
      vertex 38.4186 56.5975 0
    endloop
  endfacet
  facet normal 0 0 -1
    outer loop
      vertex 38.15 56.4722 0
      vertex 42 67 0
      vertex 38.2815 56.5407 0
    endloop
  endfacet
  facet normal 0 0 -1
    outer loop
      vertex 36 73 0
      vertex 42 67 0
      vertex 38.15 56.4722 0
    endloop
  endfacet
  facet normal 0 0 -1
    outer loop
      vertex 42 67 0
      vertex 36 73 0
      vertex 41.9772 67.5229 0
    endloop
  endfacet
  facet normal 0 0 -1
    outer loop
      vertex 41.9772 67.5229 0
      vertex 36 73 0
      vertex 41.9088 68.0419 0
    endloop
  endfacet
  facet normal 0 0 -1
    outer loop
      vertex 41.7955 68.5529 0
      vertex 36 73 0
      vertex 41.6382 69.0521 0
    endloop
  endfacet
  facet normal 0 0 -1
    outer loop
      vertex 41.6382 69.0521 0
      vertex 36 73 0
      vertex 41.4379 69.5357 0
    endloop
  endfacet
  facet normal 0 0 -1
    outer loop
      vertex 41.4379 69.5357 0
      vertex 36 73 0
      vertex 41.1962 70 0
    endloop
  endfacet
  facet normal 0 0 -1
    outer loop
      vertex 41.1962 70 0
      vertex 36 73 0
      vertex 40.9149 70.4415 0
    endloop
  endfacet
  facet normal 0 0 -1
    outer loop
      vertex 40.9149 70.4415 0
      vertex 36 73 0
      vertex 40.5963 70.8567 0
    endloop
  endfacet
  facet normal 0 0 -1
    outer loop
      vertex 40.2426 71.2426 0
      vertex 36 73 0
      vertex 39.8567 71.5963 0
    endloop
  endfacet
  facet normal 0 0 -1
    outer loop
      vertex 39.8567 71.5963 0
      vertex 36 73 0
      vertex 39.4415 71.9149 0
    endloop
  endfacet
  facet normal 0 0 -1
    outer loop
      vertex 39.4415 71.9149 0
      vertex 36 73 0
      vertex 39 72.1962 0
    endloop
  endfacet
  facet normal 0 0 -1
    outer loop
      vertex 40.5963 70.8567 0
      vertex 36 73 0
      vertex 40.2426 71.2426 0
    endloop
  endfacet
  facet normal 0 0 -1
    outer loop
      vertex 41.9088 68.0419 0
      vertex 36 73 0
      vertex 41.7955 68.5529 0
    endloop
  endfacet
  facet normal 0 0 -1
    outer loop
      vertex 39 72.1962 0
      vertex 36 73 0
      vertex 38.5357 72.4379 0
    endloop
  endfacet
  facet normal 0 0 -1
    outer loop
      vertex 36 73 0
      vertex 38.15 56.4722 0
      vertex 38.0249 56.3926 0
    endloop
  endfacet
  facet normal 0 0 -1
    outer loop
      vertex 36 73 0
      vertex 38.0249 56.3926 0
      vertex 37.9073 56.3023 0
    endloop
  endfacet
  facet normal 0 0 -1
    outer loop
      vertex 36 73 0
      vertex 37.9073 56.3023 0
      vertex 37.7979 56.2021 0
    endloop
  endfacet
  facet normal 0 0 -1
    outer loop
      vertex 36 73 0
      vertex 37.7979 56.2021 0
      vertex 37.6977 56.0927 0
    endloop
  endfacet
  facet normal 0 0 -1
    outer loop
      vertex 36 73 0
      vertex 37.6977 56.0927 0
      vertex 37.6074 55.9751 0
    endloop
  endfacet
  facet normal 0 0 -1
    outer loop
      vertex 38.5357 72.4379 0
      vertex 36 73 0
      vertex 38.0521 72.6382 0
    endloop
  endfacet
  facet normal 0 0 -1
    outer loop
      vertex 36 73 0
      vertex 37.6074 55.9751 0
      vertex 37.5278 55.85 0
    endloop
  endfacet
  facet normal 0 0 -1
    outer loop
      vertex 36 73 0
      vertex 37.5278 55.85 0
      vertex 37.4593 55.7185 0
    endloop
  endfacet
  facet normal 0 0 -1
    outer loop
      vertex 36 73 0
      vertex 37.4593 55.7185 0
      vertex 37.4025 55.5814 0
    endloop
  endfacet
  facet normal 0 0 -1
    outer loop
      vertex 36 73 0
      vertex 37.4025 55.5814 0
      vertex 37.3579 55.44 0
    endloop
  endfacet
  facet normal 0 0 -1
    outer loop
      vertex 36 73 0
      vertex 37.3579 55.44 0
      vertex 37.3258 55.2952 0
    endloop
  endfacet
  facet normal 0 0 -1
    outer loop
      vertex 36 73 0
      vertex 37.3258 55.2952 0
      vertex 37.3065 55.1482 0
    endloop
  endfacet
  facet normal 0 0 -1
    outer loop
      vertex 36 73 0
      vertex 37.3065 55.1482 0
      vertex 37.3 55 0
    endloop
  endfacet
  facet normal 0 0 -1
    outer loop
      vertex 38.0521 72.6382 0
      vertex 36 73 0
      vertex 37.5529 72.7955 0
    endloop
  endfacet
  facet normal 0 0 -1
    outer loop
      vertex 31.9276 51.2104 0
      vertex 37.6074 54.0249 0
      vertex 31.9591 51.1106 0
    endloop
  endfacet
  facet normal 0 0 -1
    outer loop
      vertex 36 -73 0
      vertex 37.0419 -72.9088 0
      vertex 36.5229 -72.9772 0
    endloop
  endfacet
  facet normal 0 0 -1
    outer loop
      vertex 37.3065 54.8518 0
      vertex 36 73 0
      vertex 37.3 55 0
    endloop
  endfacet
  facet normal 0 -0 -1
    outer loop
      vertex 31.1106 -51.9591 0
      vertex 37.4025 -55.5814 0
      vertex 31.0084 -51.9818 0
    endloop
  endfacet
  facet normal 0 0 -1
    outer loop
      vertex 37.5529 72.7955 0
      vertex 36 73 0
      vertex 37.0419 72.9088 0
    endloop
  endfacet
  facet normal 0 0 -1
    outer loop
      vertex 37.0419 72.9088 0
      vertex 36 73 0
      vertex 36.5229 72.9772 0
    endloop
  endfacet
  facet normal 0 0 -1
    outer loop
      vertex 37.9073 -53.6977 0
      vertex 31.9954 -50.9046 0
      vertex 32 -50.8 0
    endloop
  endfacet
  facet normal 0 0 -1
    outer loop
      vertex 37.7979 -53.7979 0
      vertex 31.9818 -51.0084 0
      vertex 31.9954 -50.9046 0
    endloop
  endfacet
  facet normal 0 0 -1
    outer loop
      vertex 37.6977 -53.9073 0
      vertex 31.9591 -51.1106 0
      vertex 31.9818 -51.0084 0
    endloop
  endfacet
  facet normal 0 0 -1
    outer loop
      vertex 37.6074 -54.0249 0
      vertex 31.9276 -51.2104 0
      vertex 31.9591 -51.1106 0
    endloop
  endfacet
  facet normal 0 0 -1
    outer loop
      vertex 37.5278 -54.15 0
      vertex 31.8876 -51.3071 0
      vertex 31.9276 -51.2104 0
    endloop
  endfacet
  facet normal 0 0 -1
    outer loop
      vertex 37.4593 -54.2815 0
      vertex 31.8392 -51.4 0
      vertex 31.8876 -51.3071 0
    endloop
  endfacet
  facet normal 0 0 -1
    outer loop
      vertex 37.4025 -54.4186 0
      vertex 31.783 -51.4883 0
      vertex 31.8392 -51.4 0
    endloop
  endfacet
  facet normal 0 0 -1
    outer loop
      vertex 37.3579 -54.56 0
      vertex 31.7192 -51.5713 0
      vertex 31.783 -51.4883 0
    endloop
  endfacet
  facet normal 0 0 -1
    outer loop
      vertex 37.3579 -54.56 0
      vertex 31.6485 -51.6485 0
      vertex 31.7192 -51.5713 0
    endloop
  endfacet
  facet normal 0 0 -1
    outer loop
      vertex 37.3258 -54.7048 0
      vertex 31.5713 -51.7192 0
      vertex 31.6485 -51.6485 0
    endloop
  endfacet
  facet normal 0 0 -1
    outer loop
      vertex 37.3065 -54.8518 0
      vertex 31.4883 -51.783 0
      vertex 31.5713 -51.7192 0
    endloop
  endfacet
  facet normal 0 0 -1
    outer loop
      vertex 37.3 -55 0
      vertex 31.4 -51.8392 0
      vertex 31.4883 -51.783 0
    endloop
  endfacet
  facet normal 0 0 -1
    outer loop
      vertex 37.3065 -55.1482 0
      vertex 31.4 -51.8392 0
      vertex 37.3 -55 0
    endloop
  endfacet
  facet normal 0 -0 -1
    outer loop
      vertex 31.4 -51.8392 0
      vertex 37.3065 -55.1482 0
      vertex 31.3071 -51.8876 0
    endloop
  endfacet
  facet normal 0 0 -1
    outer loop
      vertex 37.3258 -55.2952 0
      vertex 31.3071 -51.8876 0
      vertex 37.3065 -55.1482 0
    endloop
  endfacet
  facet normal 0 -0 -1
    outer loop
      vertex 31.3071 -51.8876 0
      vertex 37.3258 -55.2952 0
      vertex 31.2104 -51.9276 0
    endloop
  endfacet
  facet normal 0 0 -1
    outer loop
      vertex 37.3579 -55.44 0
      vertex 31.2104 -51.9276 0
      vertex 37.3258 -55.2952 0
    endloop
  endfacet
  facet normal 0 -0 -1
    outer loop
      vertex 31.2104 -51.9276 0
      vertex 37.3579 -55.44 0
      vertex 31.1106 -51.9591 0
    endloop
  endfacet
  facet normal 0 0 -1
    outer loop
      vertex 37.4025 -55.5814 0
      vertex 31.1106 -51.9591 0
      vertex 37.3579 -55.44 0
    endloop
  endfacet
  facet normal 0 0 -1
    outer loop
      vertex 36 -73 0
      vertex 29.0954 -51.9954 0
      vertex 29.2 -52 0
    endloop
  endfacet
  facet normal 0 0 -1
    outer loop
      vertex 36 -73 0
      vertex 28.9916 -51.9818 0
      vertex 29.0954 -51.9954 0
    endloop
  endfacet
  facet normal 0 0 -1
    outer loop
      vertex 36 -73 0
      vertex 28.8894 -51.9591 0
      vertex 28.9916 -51.9818 0
    endloop
  endfacet
  facet normal 0 0 -1
    outer loop
      vertex 36 -73 0
      vertex 28.7896 -51.9276 0
      vertex 28.8894 -51.9591 0
    endloop
  endfacet
  facet normal 0 0 -1
    outer loop
      vertex 18.3551 -51.8492 0
      vertex 28.7896 -51.9276 0
      vertex 36 -73 0
    endloop
  endfacet
  facet normal 0 0 -1
    outer loop
      vertex 28.7896 -51.9276 0
      vertex 18.3551 -51.8492 0
      vertex 28.6929 -51.8876 0
    endloop
  endfacet
  facet normal 0 -0 -1
    outer loop
      vertex 18.5565 -51.7658 0
      vertex 28.6929 -51.8876 0
      vertex 18.3551 -51.8492 0
    endloop
  endfacet
  facet normal 0 0 -1
    outer loop
      vertex 28.6929 -51.8876 0
      vertex 18.5565 -51.7658 0
      vertex 28.6 -51.8392 0
    endloop
  endfacet
  facet normal 0 -0 -1
    outer loop
      vertex 18.75 -51.6651 0
      vertex 28.6 -51.8392 0
      vertex 18.5565 -51.7658 0
    endloop
  endfacet
  facet normal 0 0 -1
    outer loop
      vertex 28.6 -51.8392 0
      vertex 18.75 -51.6651 0
      vertex 28.5117 -51.783 0
    endloop
  endfacet
  facet normal 0 -0 -1
    outer loop
      vertex 18.9339 -51.5479 0
      vertex 28.5117 -51.783 0
      vertex 18.75 -51.6651 0
    endloop
  endfacet
  facet normal 0 0 -1
    outer loop
      vertex 28.5117 -51.783 0
      vertex 18.9339 -51.5479 0
      vertex 28.4287 -51.7192 0
    endloop
  endfacet
  facet normal 0 0 -1
    outer loop
      vertex 28.4287 -51.7192 0
      vertex 19.107 -51.4151 0
      vertex 28.3515 -51.6485 0
    endloop
  endfacet
  facet normal 0 -0 -1
    outer loop
      vertex 19.2678 -51.2678 0
      vertex 28.3515 -51.6485 0
      vertex 19.107 -51.4151 0
    endloop
  endfacet
  facet normal 0 0 -1
    outer loop
      vertex 20 -46.5 0
      vertex 28 -50.8 0
      vertex 20 -49.5 0
    endloop
  endfacet
  facet normal 0 0 -1
    outer loop
      vertex 19.9905 -46.2821 0
      vertex 28 -50.8 0
      vertex 20 -46.5 0
    endloop
  endfacet
  facet normal 0 0 -1
    outer loop
      vertex 19.9148 -45.853 0
      vertex 28 -50.8 0
      vertex 19.962 -46.0659 0
    endloop
  endfacet
  facet normal 0 0 -1
    outer loop
      vertex 19.9148 -50.147 0
      vertex 28 -50.8 0
      vertex 28.0046 -50.9046 0
    endloop
  endfacet
  facet normal 0 0 -1
    outer loop
      vertex 19.9148 -50.147 0
      vertex 28.0046 -50.9046 0
      vertex 28.0182 -51.0084 0
    endloop
  endfacet
  facet normal 0 0 -1
    outer loop
      vertex 19.8492 -50.3551 0
      vertex 28.0182 -51.0084 0
      vertex 28.0409 -51.1106 0
    endloop
  endfacet
  facet normal 0 0 -1
    outer loop
      vertex 19.7658 -50.5565 0
      vertex 28.0409 -51.1106 0
      vertex 28.0724 -51.2104 0
    endloop
  endfacet
  facet normal 0 0 -1
    outer loop
      vertex 28.3515 -51.6485 0
      vertex 19.2678 -51.2678 0
      vertex 28.2808 -51.5713 0
    endloop
  endfacet
  facet normal 0 0 -1
    outer loop
      vertex 28 -50.8 0
      vertex 19.9905 -49.7179 0
      vertex 20 -49.5 0
    endloop
  endfacet
  facet normal 0 0 -1
    outer loop
      vertex 28 -50.8 0
      vertex 19.962 -49.9341 0
      vertex 19.9905 -49.7179 0
    endloop
  endfacet
  facet normal 0 0 -1
    outer loop
      vertex 28 -50.8 0
      vertex 19.9148 -50.147 0
      vertex 19.962 -49.9341 0
    endloop
  endfacet
  facet normal 0 0 -1
    outer loop
      vertex 28.0182 -51.0084 0
      vertex 19.8492 -50.3551 0
      vertex 19.9148 -50.147 0
    endloop
  endfacet
  facet normal 0 0 -1
    outer loop
      vertex 28.0409 -51.1106 0
      vertex 19.7658 -50.5565 0
      vertex 19.8492 -50.3551 0
    endloop
  endfacet
  facet normal 0 0 -1
    outer loop
      vertex 28.0724 -51.2104 0
      vertex 19.6651 -50.75 0
      vertex 19.7658 -50.5565 0
    endloop
  endfacet
  facet normal 0 0 -1
    outer loop
      vertex 28.1124 -51.3071 0
      vertex 19.6651 -50.75 0
      vertex 28.0724 -51.2104 0
    endloop
  endfacet
  facet normal 0 -0 -1
    outer loop
      vertex 19.6651 -50.75 0
      vertex 28.1124 -51.3071 0
      vertex 19.5479 -50.9339 0
    endloop
  endfacet
  facet normal 0 0 -1
    outer loop
      vertex 28.1608 -51.4 0
      vertex 19.5479 -50.9339 0
      vertex 28.1124 -51.3071 0
    endloop
  endfacet
  facet normal 0 -0 -1
    outer loop
      vertex 19.5479 -50.9339 0
      vertex 28.1608 -51.4 0
      vertex 19.4151 -51.107 0
    endloop
  endfacet
  facet normal 0 0 -1
    outer loop
      vertex 28.217 -51.4883 0
      vertex 19.4151 -51.107 0
      vertex 28.1608 -51.4 0
    endloop
  endfacet
  facet normal 0 0 -1
    outer loop
      vertex 28.2808 -51.5713 0
      vertex 19.4151 -51.107 0
      vertex 28.217 -51.4883 0
    endloop
  endfacet
  facet normal 0 -0 -1
    outer loop
      vertex 19.4151 -51.107 0
      vertex 28.2808 -51.5713 0
      vertex 19.2678 -51.2678 0
    endloop
  endfacet
  facet normal 0 -0 -1
    outer loop
      vertex 19.107 -51.4151 0
      vertex 28.4287 -51.7192 0
      vertex 18.9339 -51.5479 0
    endloop
  endfacet
  facet normal 0 0 -1
    outer loop
      vertex 36 -73 0
      vertex 18.147 -51.9148 0
      vertex 18.3551 -51.8492 0
    endloop
  endfacet
  facet normal 0 0 -1
    outer loop
      vertex 36 -73 0
      vertex 17.9341 -51.962 0
      vertex 18.147 -51.9148 0
    endloop
  endfacet
  facet normal 0 0 -1
    outer loop
      vertex 36 -73 0
      vertex 17.7179 -51.9905 0
      vertex 17.9341 -51.962 0
    endloop
  endfacet
  facet normal 0 0 -1
    outer loop
      vertex 36 -73 0
      vertex 17.5 -52 0
      vertex 17.7179 -51.9905 0
    endloop
  endfacet
  facet normal 0 0 -1
    outer loop
      vertex 36 -73 0
      vertex -17.5 -52 0
      vertex 17.5 -52 0
    endloop
  endfacet
  facet normal 0 0 -1
    outer loop
      vertex -36 -73 0
      vertex -17.5 -52 0
      vertex 36 -73 0
    endloop
  endfacet
  facet normal -0 0 -1
    outer loop
      vertex -17.5 -52 0
      vertex -36 -73 0
      vertex -17.7179 -51.9905 0
    endloop
  endfacet
  facet normal -0 0 -1
    outer loop
      vertex -17.7179 -51.9905 0
      vertex -36 -73 0
      vertex -17.9341 -51.962 0
    endloop
  endfacet
  facet normal -0 0 -1
    outer loop
      vertex -17.9341 -51.962 0
      vertex -36 -73 0
      vertex -18.147 -51.9148 0
    endloop
  endfacet
  facet normal 0 0 -1
    outer loop
      vertex -28 -50.8 0
      vertex -20 -46.5 0
      vertex -20 -49.5 0
    endloop
  endfacet
  facet normal -0 0 -1
    outer loop
      vertex -19.7658 -45.4435 0
      vertex -28 -50.8 0
      vertex -28 -33.2 0
    endloop
  endfacet
  facet normal 0 0 -1
    outer loop
      vertex -28.5117 -32.217 0
      vertex -18.9339 -19.5479 0
      vertex -28.4287 -32.2808 0
    endloop
  endfacet
  facet normal -0 0 -1
    outer loop
      vertex -18.9339 -19.5479 0
      vertex -28.5117 -32.217 0
      vertex -19.107 -19.4151 0
    endloop
  endfacet
  facet normal 0 0 -1
    outer loop
      vertex -19.962 14.0659 0
      vertex -28 33.2 0
      vertex -19.9905 14.2821 0
    endloop
  endfacet
  facet normal 0 0 -1
    outer loop
      vertex -19.9905 14.2821 0
      vertex -28 33.2 0
      vertex -20 14.5 0
    endloop
  endfacet
  facet normal 0 0 -1
    outer loop
      vertex -20 14.5 0
      vertex -28 33.2 0
      vertex -20 17.5 0
    endloop
  endfacet
  facet normal -0 0 -1
    outer loop
      vertex -19.9905 -49.7179 0
      vertex -28 -50.8 0
      vertex -20 -49.5 0
    endloop
  endfacet
  facet normal -0 0 -1
    outer loop
      vertex -19.962 -49.9341 0
      vertex -28 -50.8 0
      vertex -19.9905 -49.7179 0
    endloop
  endfacet
  facet normal -0 0 -1
    outer loop
      vertex -19.9148 -50.147 0
      vertex -28 -50.8 0
      vertex -19.962 -49.9341 0
    endloop
  endfacet
  facet normal 0 0 -1
    outer loop
      vertex -28.0046 -50.9046 0
      vertex -19.9148 -50.147 0
      vertex -19.8492 -50.3551 0
    endloop
  endfacet
  facet normal 0 0 -1
    outer loop
      vertex -28.0409 -51.1106 0
      vertex -19.8492 -50.3551 0
      vertex -19.7658 -50.5565 0
    endloop
  endfacet
  facet normal 0 0 -1
    outer loop
      vertex -28.0724 -51.2104 0
      vertex -19.7658 -50.5565 0
      vertex -19.6651 -50.75 0
    endloop
  endfacet
  facet normal 0 0 -1
    outer loop
      vertex -28.1124 -51.3071 0
      vertex -19.6651 -50.75 0
      vertex -19.5479 -50.9339 0
    endloop
  endfacet
  facet normal 0 0 -1
    outer loop
      vertex -28.1608 -51.4 0
      vertex -19.5479 -50.9339 0
      vertex -19.4151 -51.107 0
    endloop
  endfacet
  facet normal 0 0 -1
    outer loop
      vertex -28.2808 -51.5713 0
      vertex -19.4151 -51.107 0
      vertex -19.2678 -51.2678 0
    endloop
  endfacet
  facet normal 0 0 -1
    outer loop
      vertex -28.3515 -51.6485 0
      vertex -19.2678 -51.2678 0
      vertex -19.107 -51.4151 0
    endloop
  endfacet
  facet normal 0 0 -1
    outer loop
      vertex -28.4287 -51.7192 0
      vertex -19.107 -51.4151 0
      vertex -18.9339 -51.5479 0
    endloop
  endfacet
  facet normal 0 0 -1
    outer loop
      vertex -28.5117 -51.783 0
      vertex -18.9339 -51.5479 0
      vertex -18.75 -51.6651 0
    endloop
  endfacet
  facet normal 0 0 -1
    outer loop
      vertex -28.6 -51.8392 0
      vertex -18.75 -51.6651 0
      vertex -18.5565 -51.7658 0
    endloop
  endfacet
  facet normal 0 0 -1
    outer loop
      vertex -28.6929 -51.8876 0
      vertex -18.5565 -51.7658 0
      vertex -18.3551 -51.8492 0
    endloop
  endfacet
  facet normal -0 0 -1
    outer loop
      vertex -18.147 -51.9148 0
      vertex -36 -73 0
      vertex -18.3551 -51.8492 0
    endloop
  endfacet
  facet normal 0 0 -1
    outer loop
      vertex -19.9148 -50.147 0
      vertex -28.0046 -50.9046 0
      vertex -28 -50.8 0
    endloop
  endfacet
  facet normal 0 0 -1
    outer loop
      vertex -19.8492 -50.3551 0
      vertex -28.0182 -51.0084 0
      vertex -28.0046 -50.9046 0
    endloop
  endfacet
  facet normal 0 0 -1
    outer loop
      vertex -19.8492 -50.3551 0
      vertex -28.0409 -51.1106 0
      vertex -28.0182 -51.0084 0
    endloop
  endfacet
  facet normal 0 0 -1
    outer loop
      vertex -19.7658 -50.5565 0
      vertex -28.0724 -51.2104 0
      vertex -28.0409 -51.1106 0
    endloop
  endfacet
  facet normal 0 0 -1
    outer loop
      vertex -19.6651 -50.75 0
      vertex -28.1124 -51.3071 0
      vertex -28.0724 -51.2104 0
    endloop
  endfacet
  facet normal 0 0 -1
    outer loop
      vertex -19.5479 -50.9339 0
      vertex -28.1608 -51.4 0
      vertex -28.1124 -51.3071 0
    endloop
  endfacet
  facet normal 0 0 -1
    outer loop
      vertex -19.4151 -51.107 0
      vertex -28.217 -51.4883 0
      vertex -28.1608 -51.4 0
    endloop
  endfacet
  facet normal 0 0 -1
    outer loop
      vertex -19.4151 -51.107 0
      vertex -28.2808 -51.5713 0
      vertex -28.217 -51.4883 0
    endloop
  endfacet
  facet normal 0 -0 -1
    outer loop
      vertex -28.7896 -51.9276 0
      vertex -18.3551 -51.8492 0
      vertex -36 -73 0
    endloop
  endfacet
  facet normal 0 0 -1
    outer loop
      vertex -19.2678 -51.2678 0
      vertex -28.3515 -51.6485 0
      vertex -28.2808 -51.5713 0
    endloop
  endfacet
  facet normal 0 0 -1
    outer loop
      vertex -19.107 -51.4151 0
      vertex -28.4287 -51.7192 0
      vertex -28.3515 -51.6485 0
    endloop
  endfacet
  facet normal 0 0 -1
    outer loop
      vertex -18.9339 -51.5479 0
      vertex -28.5117 -51.783 0
      vertex -28.4287 -51.7192 0
    endloop
  endfacet
  facet normal 0 0 -1
    outer loop
      vertex -18.75 -51.6651 0
      vertex -28.6 -51.8392 0
      vertex -28.5117 -51.783 0
    endloop
  endfacet
  facet normal 0 0 -1
    outer loop
      vertex -18.5565 -51.7658 0
      vertex -28.6929 -51.8876 0
      vertex -28.6 -51.8392 0
    endloop
  endfacet
  facet normal 0 0 -1
    outer loop
      vertex -18.3551 -51.8492 0
      vertex -28.7896 -51.9276 0
      vertex -28.6929 -51.8876 0
    endloop
  endfacet
  facet normal 0 0 -1
    outer loop
      vertex -28.7896 -51.9276 0
      vertex -36 -73 0
      vertex -28.8894 -51.9591 0
    endloop
  endfacet
  facet normal 0 0 -1
    outer loop
      vertex -28.8894 -51.9591 0
      vertex -36 -73 0
      vertex -28.9916 -51.9818 0
    endloop
  endfacet
  facet normal 0 0 -1
    outer loop
      vertex -28.9916 -51.9818 0
      vertex -36 -73 0
      vertex -29.0954 -51.9954 0
    endloop
  endfacet
  facet normal 0 0 -1
    outer loop
      vertex -29.0954 -51.9954 0
      vertex -36 -73 0
      vertex -29.2 -52 0
    endloop
  endfacet
  facet normal 0 0 -1
    outer loop
      vertex -37.3 -55 0
      vertex -29.2 -52 0
      vertex -36 -73 0
    endloop
  endfacet
  facet normal -0 0 -1
    outer loop
      vertex -29.2 -52 0
      vertex -37.3 -55 0
      vertex -30.8 -52 0
    endloop
  endfacet
  facet normal -0 0 -1
    outer loop
      vertex -30.8 -52 0
      vertex -37.3 -55 0
      vertex -30.9046 -51.9954 0
    endloop
  endfacet
  facet normal -0 0 -1
    outer loop
      vertex -31.8392 -51.4 0
      vertex -37.4593 -54.2815 0
      vertex -31.8876 -51.3071 0
    endloop
  endfacet
  facet normal 0 0 -1
    outer loop
      vertex -37.5278 -54.15 0
      vertex -31.8876 -51.3071 0
      vertex -37.4593 -54.2815 0
    endloop
  endfacet
  facet normal 0 0 -1
    outer loop
      vertex -31.9818 32.9916 0
      vertex -37.3 55 0
      vertex -31.9954 33.0954 0
    endloop
  endfacet
  facet normal 0 0 -1
    outer loop
      vertex -37.4593 -54.2815 0
      vertex -31.8392 -51.4 0
      vertex -37.4025 -54.4186 0
    endloop
  endfacet
  facet normal -0 0 -1
    outer loop
      vertex -31.783 -51.4883 0
      vertex -37.4025 -54.4186 0
      vertex -31.8392 -51.4 0
    endloop
  endfacet
  facet normal 0 0 -1
    outer loop
      vertex -37.4025 -54.4186 0
      vertex -31.783 -51.4883 0
      vertex -37.3579 -54.56 0
    endloop
  endfacet
  facet normal -0 0 -1
    outer loop
      vertex -31.7192 -51.5713 0
      vertex -37.3579 -54.56 0
      vertex -31.783 -51.4883 0
    endloop
  endfacet
  facet normal -0 0 -1
    outer loop
      vertex -31.6485 -51.6485 0
      vertex -37.3579 -54.56 0
      vertex -31.7192 -51.5713 0
    endloop
  endfacet
  facet normal 0 0 -1
    outer loop
      vertex -37.3579 -54.56 0
      vertex -31.6485 -51.6485 0
      vertex -37.3258 -54.7048 0
    endloop
  endfacet
  facet normal -0 0 -1
    outer loop
      vertex -31.5713 -51.7192 0
      vertex -37.3258 -54.7048 0
      vertex -31.6485 -51.6485 0
    endloop
  endfacet
  facet normal 0 0 -1
    outer loop
      vertex -37.3258 -54.7048 0
      vertex -31.5713 -51.7192 0
      vertex -37.3065 -54.8518 0
    endloop
  endfacet
  facet normal -0 0 -1
    outer loop
      vertex -31.4883 -51.783 0
      vertex -37.3065 -54.8518 0
      vertex -31.5713 -51.7192 0
    endloop
  endfacet
  facet normal 0 0 -1
    outer loop
      vertex -37.3065 -54.8518 0
      vertex -31.4883 -51.783 0
      vertex -37.3 -55 0
    endloop
  endfacet
  facet normal -0 0 -1
    outer loop
      vertex -31.4 -51.8392 0
      vertex -37.3 -55 0
      vertex -31.4883 -51.783 0
    endloop
  endfacet
  facet normal -0 0 -1
    outer loop
      vertex -31.3071 -51.8876 0
      vertex -37.3 -55 0
      vertex -31.4 -51.8392 0
    endloop
  endfacet
  facet normal -0 0 -1
    outer loop
      vertex -31.2104 -51.9276 0
      vertex -37.3 -55 0
      vertex -31.3071 -51.8876 0
    endloop
  endfacet
  facet normal -0 0 -1
    outer loop
      vertex -31.1106 -51.9591 0
      vertex -37.3 -55 0
      vertex -31.2104 -51.9276 0
    endloop
  endfacet
  facet normal -0 0 -1
    outer loop
      vertex -31.0084 -51.9818 0
      vertex -37.3 -55 0
      vertex -31.1106 -51.9591 0
    endloop
  endfacet
  facet normal -0 0 -1
    outer loop
      vertex -30.9046 -51.9954 0
      vertex -37.3 -55 0
      vertex -31.0084 -51.9818 0
    endloop
  endfacet
  facet normal -0.609026 0.79315 0
    outer loop
      vertex -37.9073 -56.3023 0
      vertex -38.0249 -56.3926 2.4
      vertex -37.9073 -56.3023 2.4
    endloop
  endfacet
  facet normal -0.609026 0.79315 0
    outer loop
      vertex -38.0249 -56.3926 2.4
      vertex -37.9073 -56.3023 0
      vertex -38.0249 -56.3926 0
    endloop
  endfacet
  facet normal -0.991491 -0.130175 0
    outer loop
      vertex -37.3065 -54.8518 0
      vertex -37.3258 -54.7048 2.4
      vertex -37.3258 -54.7048 0
    endloop
  endfacet
  facet normal -0.991491 -0.130175 0
    outer loop
      vertex -37.3258 -54.7048 2.4
      vertex -37.3065 -54.8518 0
      vertex -37.3065 -54.8518 2.4
    endloop
  endfacet
  facet normal -0.0438175 0.99904 0
    outer loop
      vertex -38.8518 -56.6935 0
      vertex -39 -56.7 2.4
      vertex -38.8518 -56.6935 2.4
    endloop
  endfacet
  facet normal -0.0438175 0.99904 0
    outer loop
      vertex -39 -56.7 2.4
      vertex -38.8518 -56.6935 0
      vertex -39 -56.7 0
    endloop
  endfacet
  facet normal 0.976298 -0.216431 0
    outer loop
      vertex -40.6742 -54.7048 2.4
      vertex -40.6421 -54.56 0
      vertex -40.6421 -54.56 2.4
    endloop
  endfacet
  facet normal 0.976298 -0.216431 0
    outer loop
      vertex -40.6421 -54.56 0
      vertex -40.6742 -54.7048 2.4
      vertex -40.6742 -54.7048 0
    endloop
  endfacet
  facet normal 0.991491 -0.130175 0
    outer loop
      vertex -40.6935 -54.8518 2.4
      vertex -40.6742 -54.7048 0
      vertex -40.6742 -54.7048 2.4
    endloop
  endfacet
  facet normal 0.991491 -0.130175 0
    outer loop
      vertex -40.6742 -54.7048 0
      vertex -40.6935 -54.8518 2.4
      vertex -40.6935 -54.8518 0
    endloop
  endfacet
  facet normal 0.953685 0.300809 0
    outer loop
      vertex -40.5975 -55.5814 2.4
      vertex -40.6421 -55.44 0
      vertex -40.6421 -55.44 2.4
    endloop
  endfacet
  facet normal 0.953685 0.300809 0
    outer loop
      vertex -40.6421 -55.44 0
      vertex -40.5975 -55.5814 2.4
      vertex -40.5975 -55.5814 0
    endloop
  endfacet
  facet normal -0.923853 -0.382749 0
    outer loop
      vertex -37.4025 -54.4186 0
      vertex -37.4593 -54.2815 2.4
      vertex -37.4593 -54.2815 0
    endloop
  endfacet
  facet normal -0.923853 -0.382749 0
    outer loop
      vertex -37.4593 -54.2815 2.4
      vertex -37.4025 -54.4186 0
      vertex -37.4025 -54.4186 2.4
    endloop
  endfacet
  facet normal -0.609026 -0.79315 0
    outer loop
      vertex -38.0249 -53.6074 0
      vertex -37.9073 -53.6977 2.4
      vertex -38.0249 -53.6074 2.4
    endloop
  endfacet
  facet normal -0.609026 -0.79315 -0
    outer loop
      vertex -37.9073 -53.6977 2.4
      vertex -38.0249 -53.6074 0
      vertex -37.9073 -53.6977 0
    endloop
  endfacet
  facet normal -0.953685 0.300809 0
    outer loop
      vertex -37.4025 -55.5814 0
      vertex -37.3579 -55.44 2.4
      vertex -37.3579 -55.44 0
    endloop
  endfacet
  facet normal -0.953685 0.300809 0
    outer loop
      vertex -37.3579 -55.44 2.4
      vertex -37.4025 -55.5814 0
      vertex -37.4025 -55.5814 2.4
    endloop
  endfacet
  facet normal 0.382749 -0.923853 0
    outer loop
      vertex -39.7185 -53.4593 0
      vertex -39.5814 -53.4025 2.4
      vertex -39.7185 -53.4593 2.4
    endloop
  endfacet
  facet normal 0.382749 -0.923853 0
    outer loop
      vertex -39.5814 -53.4025 2.4
      vertex -39.7185 -53.4593 0
      vertex -39.5814 -53.4025 0
    endloop
  endfacet
  facet normal 0.976298 0.216431 0
    outer loop
      vertex -40.6421 -55.44 2.4
      vertex -40.6742 -55.2952 0
      vertex -40.6742 -55.2952 2.4
    endloop
  endfacet
  facet normal 0.976298 0.216431 0
    outer loop
      vertex -40.6742 -55.2952 0
      vertex -40.6421 -55.44 2.4
      vertex -40.6421 -55.44 0
    endloop
  endfacet
  facet normal -0.843689 -0.536832 0
    outer loop
      vertex -37.5278 -54.15 0
      vertex -37.6074 -54.0249 2.4
      vertex -37.6074 -54.0249 0
    endloop
  endfacet
  facet normal -0.843689 -0.536832 0
    outer loop
      vertex -37.6074 -54.0249 2.4
      vertex -37.5278 -54.15 0
      vertex -37.5278 -54.15 2.4
    endloop
  endfacet
  facet normal -0.46199 -0.886885 0
    outer loop
      vertex -38.2815 -53.4593 0
      vertex -38.15 -53.5278 2.4
      vertex -38.2815 -53.4593 2.4
    endloop
  endfacet
  facet normal -0.46199 -0.886885 -0
    outer loop
      vertex -38.15 -53.5278 2.4
      vertex -38.2815 -53.4593 0
      vertex -38.15 -53.5278 0
    endloop
  endfacet
  facet normal -0.99904 -0.0438175 0
    outer loop
      vertex -37.3 -55 0
      vertex -37.3065 -54.8518 2.4
      vertex -37.3065 -54.8518 0
    endloop
  endfacet
  facet normal -0.99904 -0.0438175 0
    outer loop
      vertex -37.3065 -54.8518 2.4
      vertex -37.3 -55 0
      vertex -37.3 -55 2.4
    endloop
  endfacet
  facet normal 0.843689 0.536832 0
    outer loop
      vertex -40.3926 -55.9751 2.4
      vertex -40.4722 -55.85 0
      vertex -40.4722 -55.85 2.4
    endloop
  endfacet
  facet normal 0.843689 0.536832 0
    outer loop
      vertex -40.4722 -55.85 0
      vertex -40.3926 -55.9751 2.4
      vertex -40.3926 -55.9751 0
    endloop
  endfacet
  facet normal 0.923853 0.382749 0
    outer loop
      vertex -40.5407 -55.7185 2.4
      vertex -40.5975 -55.5814 0
      vertex -40.5975 -55.5814 2.4
    endloop
  endfacet
  facet normal 0.923853 0.382749 0
    outer loop
      vertex -40.5975 -55.5814 0
      vertex -40.5407 -55.7185 2.4
      vertex -40.5407 -55.7185 0
    endloop
  endfacet
  facet normal -0.675419 0.737434 0
    outer loop
      vertex -37.7979 -56.2021 0
      vertex -37.9073 -56.3023 2.4
      vertex -37.7979 -56.2021 2.4
    endloop
  endfacet
  facet normal -0.675419 0.737434 0
    outer loop
      vertex -37.9073 -56.3023 2.4
      vertex -37.7979 -56.2021 0
      vertex -37.9073 -56.3023 0
    endloop
  endfacet
  facet normal -0.382749 0.923853 0
    outer loop
      vertex -38.2815 -56.5407 0
      vertex -38.4186 -56.5975 2.4
      vertex -38.2815 -56.5407 2.4
    endloop
  endfacet
  facet normal -0.382749 0.923853 0
    outer loop
      vertex -38.4186 -56.5975 2.4
      vertex -38.2815 -56.5407 0
      vertex -38.4186 -56.5975 0
    endloop
  endfacet
  facet normal -0.216431 -0.976298 0
    outer loop
      vertex -38.7048 -53.3258 0
      vertex -38.56 -53.3579 2.4
      vertex -38.7048 -53.3258 2.4
    endloop
  endfacet
  facet normal -0.216431 -0.976298 -0
    outer loop
      vertex -38.56 -53.3579 2.4
      vertex -38.7048 -53.3258 0
      vertex -38.56 -53.3579 0
    endloop
  endfacet
  facet normal 0.46199 -0.886885 0
    outer loop
      vertex -39.85 -53.5278 0
      vertex -39.7185 -53.4593 2.4
      vertex -39.85 -53.5278 2.4
    endloop
  endfacet
  facet normal 0.46199 -0.886885 0
    outer loop
      vertex -39.7185 -53.4593 2.4
      vertex -39.85 -53.5278 0
      vertex -39.7185 -53.4593 0
    endloop
  endfacet
  facet normal -0.130175 0.991491 0
    outer loop
      vertex -38.7048 -56.6742 0
      vertex -38.8518 -56.6935 2.4
      vertex -38.7048 -56.6742 2.4
    endloop
  endfacet
  facet normal -0.130175 0.991491 0
    outer loop
      vertex -38.8518 -56.6935 2.4
      vertex -38.7048 -56.6742 0
      vertex -38.8518 -56.6935 0
    endloop
  endfacet
  facet normal -0.0438175 -0.99904 0
    outer loop
      vertex -39 -53.3 0
      vertex -38.8518 -53.3065 2.4
      vertex -39 -53.3 2.4
    endloop
  endfacet
  facet normal -0.0438175 -0.99904 -0
    outer loop
      vertex -38.8518 -53.3065 2.4
      vertex -39 -53.3 0
      vertex -38.8518 -53.3065 0
    endloop
  endfacet
  facet normal -0.99904 0.0438175 0
    outer loop
      vertex -37.3065 -55.1482 0
      vertex -37.3 -55 2.4
      vertex -37.3 -55 0
    endloop
  endfacet
  facet normal -0.99904 0.0438175 0
    outer loop
      vertex -37.3 -55 2.4
      vertex -37.3065 -55.1482 0
      vertex -37.3065 -55.1482 2.4
    endloop
  endfacet
  facet normal -0.991491 0.130175 0
    outer loop
      vertex -37.3258 -55.2952 0
      vertex -37.3065 -55.1482 2.4
      vertex -37.3065 -55.1482 0
    endloop
  endfacet
  facet normal -0.991491 0.130175 0
    outer loop
      vertex -37.3065 -55.1482 2.4
      vertex -37.3258 -55.2952 0
      vertex -37.3258 -55.2952 2.4
    endloop
  endfacet
  facet normal -0.976298 -0.216431 0
    outer loop
      vertex -37.3258 -54.7048 0
      vertex -37.3579 -54.56 2.4
      vertex -37.3579 -54.56 0
    endloop
  endfacet
  facet normal -0.976298 -0.216431 0
    outer loop
      vertex -37.3579 -54.56 2.4
      vertex -37.3258 -54.7048 0
      vertex -37.3258 -54.7048 2.4
    endloop
  endfacet
  facet normal 0.675419 -0.737434 0
    outer loop
      vertex -40.2021 -53.7979 0
      vertex -40.0927 -53.6977 2.4
      vertex -40.2021 -53.7979 2.4
    endloop
  endfacet
  facet normal 0.675419 -0.737434 0
    outer loop
      vertex -40.0927 -53.6977 2.4
      vertex -40.2021 -53.7979 0
      vertex -40.0927 -53.6977 0
    endloop
  endfacet
  facet normal 0.536832 0.843689 -0
    outer loop
      vertex -39.85 -56.4722 0
      vertex -39.9751 -56.3926 2.4
      vertex -39.85 -56.4722 2.4
    endloop
  endfacet
  facet normal 0.536832 0.843689 0
    outer loop
      vertex -39.9751 -56.3926 2.4
      vertex -39.85 -56.4722 0
      vertex -39.9751 -56.3926 0
    endloop
  endfacet
  facet normal -0.536832 0.843689 0
    outer loop
      vertex -38.0249 -56.3926 0
      vertex -38.15 -56.4722 2.4
      vertex -38.0249 -56.3926 2.4
    endloop
  endfacet
  facet normal -0.536832 0.843689 0
    outer loop
      vertex -38.15 -56.4722 2.4
      vertex -38.0249 -56.3926 0
      vertex -38.15 -56.4722 0
    endloop
  endfacet
  facet normal 0.79315 0.609026 0
    outer loop
      vertex -40.3023 -56.0927 2.4
      vertex -40.3926 -55.9751 0
      vertex -40.3926 -55.9751 2.4
    endloop
  endfacet
  facet normal 0.79315 0.609026 0
    outer loop
      vertex -40.3926 -55.9751 0
      vertex -40.3023 -56.0927 2.4
      vertex -40.3023 -56.0927 0
    endloop
  endfacet
  facet normal -0.737434 0.675419 0
    outer loop
      vertex -37.7979 -56.2021 0
      vertex -37.6977 -56.0927 2.4
      vertex -37.6977 -56.0927 0
    endloop
  endfacet
  facet normal -0.737434 0.675419 0
    outer loop
      vertex -37.6977 -56.0927 2.4
      vertex -37.7979 -56.2021 0
      vertex -37.7979 -56.2021 2.4
    endloop
  endfacet
  facet normal 0.46199 0.886885 -0
    outer loop
      vertex -39.7185 -56.5407 0
      vertex -39.85 -56.4722 2.4
      vertex -39.7185 -56.5407 2.4
    endloop
  endfacet
  facet normal 0.46199 0.886885 0
    outer loop
      vertex -39.85 -56.4722 2.4
      vertex -39.7185 -56.5407 0
      vertex -39.85 -56.4722 0
    endloop
  endfacet
  facet normal -0.216431 0.976298 0
    outer loop
      vertex -38.56 -56.6421 0
      vertex -38.7048 -56.6742 2.4
      vertex -38.56 -56.6421 2.4
    endloop
  endfacet
  facet normal -0.216431 0.976298 0
    outer loop
      vertex -38.7048 -56.6742 2.4
      vertex -38.56 -56.6421 0
      vertex -38.7048 -56.6742 0
    endloop
  endfacet
  facet normal -0.737434 -0.675419 0
    outer loop
      vertex -37.6977 -53.9073 0
      vertex -37.7979 -53.7979 2.4
      vertex -37.7979 -53.7979 0
    endloop
  endfacet
  facet normal -0.737434 -0.675419 0
    outer loop
      vertex -37.7979 -53.7979 2.4
      vertex -37.6977 -53.9073 0
      vertex -37.6977 -53.9073 2.4
    endloop
  endfacet
  facet normal 0.843689 -0.536832 0
    outer loop
      vertex -40.4722 -54.15 2.4
      vertex -40.3926 -54.0249 0
      vertex -40.3926 -54.0249 2.4
    endloop
  endfacet
  facet normal 0.843689 -0.536832 0
    outer loop
      vertex -40.3926 -54.0249 0
      vertex -40.4722 -54.15 2.4
      vertex -40.4722 -54.15 0
    endloop
  endfacet
  facet normal 0.216431 -0.976298 0
    outer loop
      vertex -39.44 -53.3579 0
      vertex -39.2952 -53.3258 2.4
      vertex -39.44 -53.3579 2.4
    endloop
  endfacet
  facet normal 0.216431 -0.976298 0
    outer loop
      vertex -39.2952 -53.3258 2.4
      vertex -39.44 -53.3579 0
      vertex -39.2952 -53.3258 0
    endloop
  endfacet
  facet normal 0.886885 0.46199 0
    outer loop
      vertex -40.4722 -55.85 2.4
      vertex -40.5407 -55.7185 0
      vertex -40.5407 -55.7185 2.4
    endloop
  endfacet
  facet normal 0.886885 0.46199 0
    outer loop
      vertex -40.5407 -55.7185 0
      vertex -40.4722 -55.85 2.4
      vertex -40.4722 -55.85 0
    endloop
  endfacet
  facet normal -0.976298 0.216431 0
    outer loop
      vertex -37.3579 -55.44 0
      vertex -37.3258 -55.2952 2.4
      vertex -37.3258 -55.2952 0
    endloop
  endfacet
  facet normal -0.976298 0.216431 0
    outer loop
      vertex -37.3258 -55.2952 2.4
      vertex -37.3579 -55.44 0
      vertex -37.3579 -55.44 2.4
    endloop
  endfacet
  facet normal -0.130175 -0.991491 0
    outer loop
      vertex -38.8518 -53.3065 0
      vertex -38.7048 -53.3258 2.4
      vertex -38.8518 -53.3065 2.4
    endloop
  endfacet
  facet normal -0.130175 -0.991491 -0
    outer loop
      vertex -38.7048 -53.3258 2.4
      vertex -38.8518 -53.3065 0
      vertex -38.7048 -53.3258 0
    endloop
  endfacet
  facet normal 0.79315 -0.609026 0
    outer loop
      vertex -40.3926 -54.0249 2.4
      vertex -40.3023 -53.9073 0
      vertex -40.3023 -53.9073 2.4
    endloop
  endfacet
  facet normal 0.79315 -0.609026 0
    outer loop
      vertex -40.3023 -53.9073 0
      vertex -40.3926 -54.0249 2.4
      vertex -40.3926 -54.0249 0
    endloop
  endfacet
  facet normal 0.923853 -0.382749 0
    outer loop
      vertex -40.5975 -54.4186 2.4
      vertex -40.5407 -54.2815 0
      vertex -40.5407 -54.2815 2.4
    endloop
  endfacet
  facet normal 0.923853 -0.382749 0
    outer loop
      vertex -40.5407 -54.2815 0
      vertex -40.5975 -54.4186 2.4
      vertex -40.5975 -54.4186 0
    endloop
  endfacet
  facet normal 0.300809 0.953685 -0
    outer loop
      vertex -39.44 -56.6421 0
      vertex -39.5814 -56.5975 2.4
      vertex -39.44 -56.6421 2.4
    endloop
  endfacet
  facet normal 0.300809 0.953685 0
    outer loop
      vertex -39.5814 -56.5975 2.4
      vertex -39.44 -56.6421 0
      vertex -39.5814 -56.5975 0
    endloop
  endfacet
  facet normal -0.79315 0.609026 0
    outer loop
      vertex -37.6977 -56.0927 0
      vertex -37.6074 -55.9751 2.4
      vertex -37.6074 -55.9751 0
    endloop
  endfacet
  facet normal -0.79315 0.609026 0
    outer loop
      vertex -37.6074 -55.9751 2.4
      vertex -37.6977 -56.0927 0
      vertex -37.6977 -56.0927 2.4
    endloop
  endfacet
  facet normal 0.130175 0.991491 -0
    outer loop
      vertex -39.1482 -56.6935 0
      vertex -39.2952 -56.6742 2.4
      vertex -39.1482 -56.6935 2.4
    endloop
  endfacet
  facet normal 0.130175 0.991491 0
    outer loop
      vertex -39.2952 -56.6742 2.4
      vertex -39.1482 -56.6935 0
      vertex -39.2952 -56.6742 0
    endloop
  endfacet
  facet normal -0.953685 -0.300809 0
    outer loop
      vertex -37.3579 -54.56 0
      vertex -37.4025 -54.4186 2.4
      vertex -37.4025 -54.4186 0
    endloop
  endfacet
  facet normal -0.953685 -0.300809 0
    outer loop
      vertex -37.4025 -54.4186 2.4
      vertex -37.3579 -54.56 0
      vertex -37.3579 -54.56 2.4
    endloop
  endfacet
  facet normal 0.737434 -0.675419 0
    outer loop
      vertex -40.3023 -53.9073 2.4
      vertex -40.2021 -53.7979 0
      vertex -40.2021 -53.7979 2.4
    endloop
  endfacet
  facet normal 0.737434 -0.675419 0
    outer loop
      vertex -40.2021 -53.7979 0
      vertex -40.3023 -53.9073 2.4
      vertex -40.3023 -53.9073 0
    endloop
  endfacet
  facet normal -0.300809 0.953685 0
    outer loop
      vertex -38.4186 -56.5975 0
      vertex -38.56 -56.6421 2.4
      vertex -38.4186 -56.5975 2.4
    endloop
  endfacet
  facet normal -0.300809 0.953685 0
    outer loop
      vertex -38.56 -56.6421 2.4
      vertex -38.4186 -56.5975 0
      vertex -38.56 -56.6421 0
    endloop
  endfacet
  facet normal -0.675419 -0.737434 0
    outer loop
      vertex -37.9073 -53.6977 0
      vertex -37.7979 -53.7979 2.4
      vertex -37.9073 -53.6977 2.4
    endloop
  endfacet
  facet normal -0.675419 -0.737434 -0
    outer loop
      vertex -37.7979 -53.7979 2.4
      vertex -37.9073 -53.6977 0
      vertex -37.7979 -53.7979 0
    endloop
  endfacet
  facet normal -0.886885 -0.46199 0
    outer loop
      vertex -37.4593 -54.2815 0
      vertex -37.5278 -54.15 2.4
      vertex -37.5278 -54.15 0
    endloop
  endfacet
  facet normal -0.886885 -0.46199 0
    outer loop
      vertex -37.5278 -54.15 2.4
      vertex -37.4593 -54.2815 0
      vertex -37.4593 -54.2815 2.4
    endloop
  endfacet
  facet normal 0.99904 -0.0438175 0
    outer loop
      vertex -40.7 -55 2.4
      vertex -40.6935 -54.8518 0
      vertex -40.6935 -54.8518 2.4
    endloop
  endfacet
  facet normal 0.99904 -0.0438175 0
    outer loop
      vertex -40.6935 -54.8518 0
      vertex -40.7 -55 2.4
      vertex -40.7 -55 0
    endloop
  endfacet
  facet normal -0.923853 0.382749 0
    outer loop
      vertex -37.4593 -55.7185 0
      vertex -37.4025 -55.5814 2.4
      vertex -37.4025 -55.5814 0
    endloop
  endfacet
  facet normal -0.923853 0.382749 0
    outer loop
      vertex -37.4025 -55.5814 2.4
      vertex -37.4593 -55.7185 0
      vertex -37.4593 -55.7185 2.4
    endloop
  endfacet
  facet normal -0.536832 -0.843689 0
    outer loop
      vertex -38.15 -53.5278 0
      vertex -38.0249 -53.6074 2.4
      vertex -38.15 -53.5278 2.4
    endloop
  endfacet
  facet normal -0.536832 -0.843689 -0
    outer loop
      vertex -38.0249 -53.6074 2.4
      vertex -38.15 -53.5278 0
      vertex -38.0249 -53.6074 0
    endloop
  endfacet
  facet normal -0.79315 -0.609026 0
    outer loop
      vertex -37.6074 -54.0249 0
      vertex -37.6977 -53.9073 2.4
      vertex -37.6977 -53.9073 0
    endloop
  endfacet
  facet normal -0.79315 -0.609026 0
    outer loop
      vertex -37.6977 -53.9073 2.4
      vertex -37.6074 -54.0249 0
      vertex -37.6074 -54.0249 2.4
    endloop
  endfacet
  facet normal 0.609026 -0.79315 0
    outer loop
      vertex -40.0927 -53.6977 0
      vertex -39.9751 -53.6074 2.4
      vertex -40.0927 -53.6977 2.4
    endloop
  endfacet
  facet normal 0.609026 -0.79315 0
    outer loop
      vertex -39.9751 -53.6074 2.4
      vertex -40.0927 -53.6977 0
      vertex -39.9751 -53.6074 0
    endloop
  endfacet
  facet normal 0.300809 -0.953685 0
    outer loop
      vertex -39.5814 -53.4025 0
      vertex -39.44 -53.3579 2.4
      vertex -39.5814 -53.4025 2.4
    endloop
  endfacet
  facet normal 0.300809 -0.953685 0
    outer loop
      vertex -39.44 -53.3579 2.4
      vertex -39.5814 -53.4025 0
      vertex -39.44 -53.3579 0
    endloop
  endfacet
  facet normal 0.130175 -0.991491 0
    outer loop
      vertex -39.2952 -53.3258 0
      vertex -39.1482 -53.3065 2.4
      vertex -39.2952 -53.3258 2.4
    endloop
  endfacet
  facet normal 0.130175 -0.991491 0
    outer loop
      vertex -39.1482 -53.3065 2.4
      vertex -39.2952 -53.3258 0
      vertex -39.1482 -53.3065 0
    endloop
  endfacet
  facet normal 0.737434 0.675419 0
    outer loop
      vertex -40.2021 -56.2021 2.4
      vertex -40.3023 -56.0927 0
      vertex -40.3023 -56.0927 2.4
    endloop
  endfacet
  facet normal 0.737434 0.675419 0
    outer loop
      vertex -40.3023 -56.0927 0
      vertex -40.2021 -56.2021 2.4
      vertex -40.2021 -56.2021 0
    endloop
  endfacet
  facet normal -0.843689 0.536832 0
    outer loop
      vertex -37.6074 -55.9751 0
      vertex -37.5278 -55.85 2.4
      vertex -37.5278 -55.85 0
    endloop
  endfacet
  facet normal -0.843689 0.536832 0
    outer loop
      vertex -37.5278 -55.85 2.4
      vertex -37.6074 -55.9751 0
      vertex -37.6074 -55.9751 2.4
    endloop
  endfacet
  facet normal 0.99904 0.0438175 0
    outer loop
      vertex -40.6935 -55.1482 2.4
      vertex -40.7 -55 0
      vertex -40.7 -55 2.4
    endloop
  endfacet
  facet normal 0.99904 0.0438175 0
    outer loop
      vertex -40.7 -55 0
      vertex -40.6935 -55.1482 2.4
      vertex -40.6935 -55.1482 0
    endloop
  endfacet
  facet normal 0.0438175 0.99904 -0
    outer loop
      vertex -39 -56.7 0
      vertex -39.1482 -56.6935 2.4
      vertex -39 -56.7 2.4
    endloop
  endfacet
  facet normal 0.0438175 0.99904 0
    outer loop
      vertex -39.1482 -56.6935 2.4
      vertex -39 -56.7 0
      vertex -39.1482 -56.6935 0
    endloop
  endfacet
  facet normal 0.991491 0.130175 0
    outer loop
      vertex -40.6742 -55.2952 2.4
      vertex -40.6935 -55.1482 0
      vertex -40.6935 -55.1482 2.4
    endloop
  endfacet
  facet normal 0.991491 0.130175 0
    outer loop
      vertex -40.6935 -55.1482 0
      vertex -40.6742 -55.2952 2.4
      vertex -40.6742 -55.2952 0
    endloop
  endfacet
  facet normal 0.609026 0.79315 -0
    outer loop
      vertex -39.9751 -56.3926 0
      vertex -40.0927 -56.3023 2.4
      vertex -39.9751 -56.3926 2.4
    endloop
  endfacet
  facet normal 0.609026 0.79315 0
    outer loop
      vertex -40.0927 -56.3023 2.4
      vertex -39.9751 -56.3926 0
      vertex -40.0927 -56.3023 0
    endloop
  endfacet
  facet normal -0.46199 0.886885 0
    outer loop
      vertex -38.15 -56.4722 0
      vertex -38.2815 -56.5407 2.4
      vertex -38.15 -56.4722 2.4
    endloop
  endfacet
  facet normal -0.46199 0.886885 0
    outer loop
      vertex -38.2815 -56.5407 2.4
      vertex -38.15 -56.4722 0
      vertex -38.2815 -56.5407 0
    endloop
  endfacet
  facet normal 0.675419 0.737434 -0
    outer loop
      vertex -40.0927 -56.3023 0
      vertex -40.2021 -56.2021 2.4
      vertex -40.0927 -56.3023 2.4
    endloop
  endfacet
  facet normal 0.675419 0.737434 0
    outer loop
      vertex -40.2021 -56.2021 2.4
      vertex -40.0927 -56.3023 0
      vertex -40.2021 -56.2021 0
    endloop
  endfacet
  facet normal -0.382749 -0.923853 0
    outer loop
      vertex -38.4186 -53.4025 0
      vertex -38.2815 -53.4593 2.4
      vertex -38.4186 -53.4025 2.4
    endloop
  endfacet
  facet normal -0.382749 -0.923853 -0
    outer loop
      vertex -38.2815 -53.4593 2.4
      vertex -38.4186 -53.4025 0
      vertex -38.2815 -53.4593 0
    endloop
  endfacet
  facet normal -0.300809 -0.953685 0
    outer loop
      vertex -38.56 -53.3579 0
      vertex -38.4186 -53.4025 2.4
      vertex -38.56 -53.3579 2.4
    endloop
  endfacet
  facet normal -0.300809 -0.953685 -0
    outer loop
      vertex -38.4186 -53.4025 2.4
      vertex -38.56 -53.3579 0
      vertex -38.4186 -53.4025 0
    endloop
  endfacet
  facet normal 0.216431 0.976298 -0
    outer loop
      vertex -39.2952 -56.6742 0
      vertex -39.44 -56.6421 2.4
      vertex -39.2952 -56.6742 2.4
    endloop
  endfacet
  facet normal 0.216431 0.976298 0
    outer loop
      vertex -39.44 -56.6421 2.4
      vertex -39.2952 -56.6742 0
      vertex -39.44 -56.6421 0
    endloop
  endfacet
  facet normal 0.536832 -0.843689 0
    outer loop
      vertex -39.9751 -53.6074 0
      vertex -39.85 -53.5278 2.4
      vertex -39.9751 -53.6074 2.4
    endloop
  endfacet
  facet normal 0.536832 -0.843689 0
    outer loop
      vertex -39.85 -53.5278 2.4
      vertex -39.9751 -53.6074 0
      vertex -39.85 -53.5278 0
    endloop
  endfacet
  facet normal 0.0438175 -0.99904 0
    outer loop
      vertex -39.1482 -53.3065 0
      vertex -39 -53.3 2.4
      vertex -39.1482 -53.3065 2.4
    endloop
  endfacet
  facet normal 0.0438175 -0.99904 0
    outer loop
      vertex -39 -53.3 2.4
      vertex -39.1482 -53.3065 0
      vertex -39 -53.3 0
    endloop
  endfacet
  facet normal 0.953685 -0.300809 0
    outer loop
      vertex -40.6421 -54.56 2.4
      vertex -40.5975 -54.4186 0
      vertex -40.5975 -54.4186 2.4
    endloop
  endfacet
  facet normal 0.953685 -0.300809 0
    outer loop
      vertex -40.5975 -54.4186 0
      vertex -40.6421 -54.56 2.4
      vertex -40.6421 -54.56 0
    endloop
  endfacet
  facet normal 0.382749 0.923853 -0
    outer loop
      vertex -39.5814 -56.5975 0
      vertex -39.7185 -56.5407 2.4
      vertex -39.5814 -56.5975 2.4
    endloop
  endfacet
  facet normal 0.382749 0.923853 0
    outer loop
      vertex -39.7185 -56.5407 2.4
      vertex -39.5814 -56.5975 0
      vertex -39.7185 -56.5407 0
    endloop
  endfacet
  facet normal 0.886885 -0.46199 0
    outer loop
      vertex -40.5407 -54.2815 2.4
      vertex -40.4722 -54.15 0
      vertex -40.4722 -54.15 2.4
    endloop
  endfacet
  facet normal 0.886885 -0.46199 0
    outer loop
      vertex -40.4722 -54.15 0
      vertex -40.5407 -54.2815 2.4
      vertex -40.5407 -54.2815 0
    endloop
  endfacet
  facet normal -0.886885 0.46199 0
    outer loop
      vertex -37.5278 -55.85 0
      vertex -37.4593 -55.7185 2.4
      vertex -37.4593 -55.7185 0
    endloop
  endfacet
  facet normal -0.886885 0.46199 0
    outer loop
      vertex -37.4593 -55.7185 2.4
      vertex -37.5278 -55.85 0
      vertex -37.5278 -55.85 2.4
    endloop
  endfacet
  facet normal 0.79315 0.609026 0
    outer loop
      vertex -40.3023 53.9073 2.4
      vertex -40.3926 54.0249 0
      vertex -40.3926 54.0249 2.4
    endloop
  endfacet
  facet normal 0.79315 0.609026 0
    outer loop
      vertex -40.3926 54.0249 0
      vertex -40.3023 53.9073 2.4
      vertex -40.3023 53.9073 0
    endloop
  endfacet
  facet normal -0.0438175 -0.99904 0
    outer loop
      vertex -39 56.7 0
      vertex -38.8518 56.6935 2.4
      vertex -39 56.7 2.4
    endloop
  endfacet
  facet normal -0.0438175 -0.99904 -0
    outer loop
      vertex -38.8518 56.6935 2.4
      vertex -39 56.7 0
      vertex -38.8518 56.6935 0
    endloop
  endfacet
  facet normal 0.843689 0.536832 0
    outer loop
      vertex -40.3926 54.0249 2.4
      vertex -40.4722 54.15 0
      vertex -40.4722 54.15 2.4
    endloop
  endfacet
  facet normal 0.843689 0.536832 0
    outer loop
      vertex -40.4722 54.15 0
      vertex -40.3926 54.0249 2.4
      vertex -40.3926 54.0249 0
    endloop
  endfacet
  facet normal 0.300809 0.953685 -0
    outer loop
      vertex -39.44 53.3579 0
      vertex -39.5814 53.4025 2.4
      vertex -39.44 53.3579 2.4
    endloop
  endfacet
  facet normal 0.300809 0.953685 0
    outer loop
      vertex -39.5814 53.4025 2.4
      vertex -39.44 53.3579 0
      vertex -39.5814 53.4025 0
    endloop
  endfacet
  facet normal -0.382749 -0.923853 0
    outer loop
      vertex -38.4186 56.5975 0
      vertex -38.2815 56.5407 2.4
      vertex -38.4186 56.5975 2.4
    endloop
  endfacet
  facet normal -0.382749 -0.923853 -0
    outer loop
      vertex -38.2815 56.5407 2.4
      vertex -38.4186 56.5975 0
      vertex -38.2815 56.5407 0
    endloop
  endfacet
  facet normal 0.0438175 0.99904 -0
    outer loop
      vertex -39 53.3 0
      vertex -39.1482 53.3065 2.4
      vertex -39 53.3 2.4
    endloop
  endfacet
  facet normal 0.0438175 0.99904 0
    outer loop
      vertex -39.1482 53.3065 2.4
      vertex -39 53.3 0
      vertex -39.1482 53.3065 0
    endloop
  endfacet
  facet normal 0.923853 -0.382749 0
    outer loop
      vertex -40.5975 55.5814 2.4
      vertex -40.5407 55.7185 0
      vertex -40.5407 55.7185 2.4
    endloop
  endfacet
  facet normal 0.923853 -0.382749 0
    outer loop
      vertex -40.5407 55.7185 0
      vertex -40.5975 55.5814 2.4
      vertex -40.5975 55.5814 0
    endloop
  endfacet
  facet normal -0.216431 0.976298 0
    outer loop
      vertex -38.56 53.3579 0
      vertex -38.7048 53.3258 2.4
      vertex -38.56 53.3579 2.4
    endloop
  endfacet
  facet normal -0.216431 0.976298 0
    outer loop
      vertex -38.7048 53.3258 2.4
      vertex -38.56 53.3579 0
      vertex -38.7048 53.3258 0
    endloop
  endfacet
  facet normal -0.923853 -0.382749 0
    outer loop
      vertex -37.4025 55.5814 0
      vertex -37.4593 55.7185 2.4
      vertex -37.4593 55.7185 0
    endloop
  endfacet
  facet normal -0.923853 -0.382749 0
    outer loop
      vertex -37.4593 55.7185 2.4
      vertex -37.4025 55.5814 0
      vertex -37.4025 55.5814 2.4
    endloop
  endfacet
  facet normal -0.953685 -0.300809 0
    outer loop
      vertex -37.3579 55.44 0
      vertex -37.4025 55.5814 2.4
      vertex -37.4025 55.5814 0
    endloop
  endfacet
  facet normal -0.953685 -0.300809 0
    outer loop
      vertex -37.4025 55.5814 2.4
      vertex -37.3579 55.44 0
      vertex -37.3579 55.44 2.4
    endloop
  endfacet
  facet normal 0.675419 -0.737434 0
    outer loop
      vertex -40.2021 56.2021 0
      vertex -40.0927 56.3023 2.4
      vertex -40.2021 56.2021 2.4
    endloop
  endfacet
  facet normal 0.675419 -0.737434 0
    outer loop
      vertex -40.0927 56.3023 2.4
      vertex -40.2021 56.2021 0
      vertex -40.0927 56.3023 0
    endloop
  endfacet
  facet normal 0.300809 -0.953685 0
    outer loop
      vertex -39.5814 56.5975 0
      vertex -39.44 56.6421 2.4
      vertex -39.5814 56.5975 2.4
    endloop
  endfacet
  facet normal 0.300809 -0.953685 0
    outer loop
      vertex -39.44 56.6421 2.4
      vertex -39.5814 56.5975 0
      vertex -39.44 56.6421 0
    endloop
  endfacet
  facet normal -0.991491 -0.130175 0
    outer loop
      vertex -37.3065 55.1482 0
      vertex -37.3258 55.2952 2.4
      vertex -37.3258 55.2952 0
    endloop
  endfacet
  facet normal -0.991491 -0.130175 0
    outer loop
      vertex -37.3258 55.2952 2.4
      vertex -37.3065 55.1482 0
      vertex -37.3065 55.1482 2.4
    endloop
  endfacet
  facet normal -0.886885 -0.46199 0
    outer loop
      vertex -37.4593 55.7185 0
      vertex -37.5278 55.85 2.4
      vertex -37.5278 55.85 0
    endloop
  endfacet
  facet normal -0.886885 -0.46199 0
    outer loop
      vertex -37.5278 55.85 2.4
      vertex -37.4593 55.7185 0
      vertex -37.4593 55.7185 2.4
    endloop
  endfacet
  facet normal -0.216431 -0.976298 0
    outer loop
      vertex -38.7048 56.6742 0
      vertex -38.56 56.6421 2.4
      vertex -38.7048 56.6742 2.4
    endloop
  endfacet
  facet normal -0.216431 -0.976298 -0
    outer loop
      vertex -38.56 56.6421 2.4
      vertex -38.7048 56.6742 0
      vertex -38.56 56.6421 0
    endloop
  endfacet
  facet normal -0.130175 0.991491 0
    outer loop
      vertex -38.7048 53.3258 0
      vertex -38.8518 53.3065 2.4
      vertex -38.7048 53.3258 2.4
    endloop
  endfacet
  facet normal -0.130175 0.991491 0
    outer loop
      vertex -38.8518 53.3065 2.4
      vertex -38.7048 53.3258 0
      vertex -38.8518 53.3065 0
    endloop
  endfacet
  facet normal -0.991491 0.130175 0
    outer loop
      vertex -37.3258 54.7048 0
      vertex -37.3065 54.8518 2.4
      vertex -37.3065 54.8518 0
    endloop
  endfacet
  facet normal -0.991491 0.130175 0
    outer loop
      vertex -37.3065 54.8518 2.4
      vertex -37.3258 54.7048 0
      vertex -37.3258 54.7048 2.4
    endloop
  endfacet
  facet normal -0.99904 -0.0438175 0
    outer loop
      vertex -37.3 55 0
      vertex -37.3065 55.1482 2.4
      vertex -37.3065 55.1482 0
    endloop
  endfacet
  facet normal -0.99904 -0.0438175 0
    outer loop
      vertex -37.3065 55.1482 2.4
      vertex -37.3 55 0
      vertex -37.3 55 2.4
    endloop
  endfacet
  facet normal -0.300809 -0.953685 0
    outer loop
      vertex -38.56 56.6421 0
      vertex -38.4186 56.5975 2.4
      vertex -38.56 56.6421 2.4
    endloop
  endfacet
  facet normal -0.300809 -0.953685 -0
    outer loop
      vertex -38.4186 56.5975 2.4
      vertex -38.56 56.6421 0
      vertex -38.4186 56.5975 0
    endloop
  endfacet
  facet normal 0.130175 -0.991491 0
    outer loop
      vertex -39.2952 56.6742 0
      vertex -39.1482 56.6935 2.4
      vertex -39.2952 56.6742 2.4
    endloop
  endfacet
  facet normal 0.130175 -0.991491 0
    outer loop
      vertex -39.1482 56.6935 2.4
      vertex -39.2952 56.6742 0
      vertex -39.1482 56.6935 0
    endloop
  endfacet
  facet normal -0.99904 0.0438175 0
    outer loop
      vertex -37.3065 54.8518 0
      vertex -37.3 55 2.4
      vertex -37.3 55 0
    endloop
  endfacet
  facet normal -0.99904 0.0438175 0
    outer loop
      vertex -37.3 55 2.4
      vertex -37.3065 54.8518 0
      vertex -37.3065 54.8518 2.4
    endloop
  endfacet
  facet normal 0.536832 0.843689 -0
    outer loop
      vertex -39.85 53.5278 0
      vertex -39.9751 53.6074 2.4
      vertex -39.85 53.5278 2.4
    endloop
  endfacet
  facet normal 0.536832 0.843689 0
    outer loop
      vertex -39.9751 53.6074 2.4
      vertex -39.85 53.5278 0
      vertex -39.9751 53.6074 0
    endloop
  endfacet
  facet normal -0.976298 -0.216431 0
    outer loop
      vertex -37.3258 55.2952 0
      vertex -37.3579 55.44 2.4
      vertex -37.3579 55.44 0
    endloop
  endfacet
  facet normal -0.976298 -0.216431 0
    outer loop
      vertex -37.3579 55.44 2.4
      vertex -37.3258 55.2952 0
      vertex -37.3258 55.2952 2.4
    endloop
  endfacet
  facet normal 0.99904 -0.0438175 0
    outer loop
      vertex -40.7 55 2.4
      vertex -40.6935 55.1482 0
      vertex -40.6935 55.1482 2.4
    endloop
  endfacet
  facet normal 0.99904 -0.0438175 0
    outer loop
      vertex -40.6935 55.1482 0
      vertex -40.7 55 2.4
      vertex -40.7 55 0
    endloop
  endfacet
  facet normal 0.737434 -0.675419 0
    outer loop
      vertex -40.3023 56.0927 2.4
      vertex -40.2021 56.2021 0
      vertex -40.2021 56.2021 2.4
    endloop
  endfacet
  facet normal 0.737434 -0.675419 0
    outer loop
      vertex -40.2021 56.2021 0
      vertex -40.3023 56.0927 2.4
      vertex -40.3023 56.0927 0
    endloop
  endfacet
  facet normal -0.382749 0.923853 0
    outer loop
      vertex -38.2815 53.4593 0
      vertex -38.4186 53.4025 2.4
      vertex -38.2815 53.4593 2.4
    endloop
  endfacet
  facet normal -0.382749 0.923853 0
    outer loop
      vertex -38.4186 53.4025 2.4
      vertex -38.2815 53.4593 0
      vertex -38.4186 53.4025 0
    endloop
  endfacet
  facet normal 0.886885 0.46199 0
    outer loop
      vertex -40.4722 54.15 2.4
      vertex -40.5407 54.2815 0
      vertex -40.5407 54.2815 2.4
    endloop
  endfacet
  facet normal 0.886885 0.46199 0
    outer loop
      vertex -40.5407 54.2815 0
      vertex -40.4722 54.15 2.4
      vertex -40.4722 54.15 0
    endloop
  endfacet
  facet normal 0.46199 -0.886885 0
    outer loop
      vertex -39.85 56.4722 0
      vertex -39.7185 56.5407 2.4
      vertex -39.85 56.4722 2.4
    endloop
  endfacet
  facet normal 0.46199 -0.886885 0
    outer loop
      vertex -39.7185 56.5407 2.4
      vertex -39.85 56.4722 0
      vertex -39.7185 56.5407 0
    endloop
  endfacet
  facet normal 0.976298 0.216431 0
    outer loop
      vertex -40.6421 54.56 2.4
      vertex -40.6742 54.7048 0
      vertex -40.6742 54.7048 2.4
    endloop
  endfacet
  facet normal 0.976298 0.216431 0
    outer loop
      vertex -40.6742 54.7048 0
      vertex -40.6421 54.56 2.4
      vertex -40.6421 54.56 0
    endloop
  endfacet
  facet normal 0.216431 -0.976298 0
    outer loop
      vertex -39.44 56.6421 0
      vertex -39.2952 56.6742 2.4
      vertex -39.44 56.6421 2.4
    endloop
  endfacet
  facet normal 0.216431 -0.976298 0
    outer loop
      vertex -39.2952 56.6742 2.4
      vertex -39.44 56.6421 0
      vertex -39.2952 56.6742 0
    endloop
  endfacet
  facet normal 0.886885 -0.46199 0
    outer loop
      vertex -40.5407 55.7185 2.4
      vertex -40.4722 55.85 0
      vertex -40.4722 55.85 2.4
    endloop
  endfacet
  facet normal 0.886885 -0.46199 0
    outer loop
      vertex -40.4722 55.85 0
      vertex -40.5407 55.7185 2.4
      vertex -40.5407 55.7185 0
    endloop
  endfacet
  facet normal -0.300809 0.953685 0
    outer loop
      vertex -38.4186 53.4025 0
      vertex -38.56 53.3579 2.4
      vertex -38.4186 53.4025 2.4
    endloop
  endfacet
  facet normal -0.300809 0.953685 0
    outer loop
      vertex -38.56 53.3579 2.4
      vertex -38.4186 53.4025 0
      vertex -38.56 53.3579 0
    endloop
  endfacet
  facet normal 0.991491 -0.130175 0
    outer loop
      vertex -40.6935 55.1482 2.4
      vertex -40.6742 55.2952 0
      vertex -40.6742 55.2952 2.4
    endloop
  endfacet
  facet normal 0.991491 -0.130175 0
    outer loop
      vertex -40.6742 55.2952 0
      vertex -40.6935 55.1482 2.4
      vertex -40.6935 55.1482 0
    endloop
  endfacet
  facet normal -0.46199 0.886885 0
    outer loop
      vertex -38.15 53.5278 0
      vertex -38.2815 53.4593 2.4
      vertex -38.15 53.5278 2.4
    endloop
  endfacet
  facet normal -0.46199 0.886885 0
    outer loop
      vertex -38.2815 53.4593 2.4
      vertex -38.15 53.5278 0
      vertex -38.2815 53.4593 0
    endloop
  endfacet
  facet normal -0.609026 -0.79315 0
    outer loop
      vertex -38.0249 56.3926 0
      vertex -37.9073 56.3023 2.4
      vertex -38.0249 56.3926 2.4
    endloop
  endfacet
  facet normal -0.609026 -0.79315 -0
    outer loop
      vertex -37.9073 56.3023 2.4
      vertex -38.0249 56.3926 0
      vertex -37.9073 56.3023 0
    endloop
  endfacet
  facet normal 0.953685 0.300809 0
    outer loop
      vertex -40.5975 54.4186 2.4
      vertex -40.6421 54.56 0
      vertex -40.6421 54.56 2.4
    endloop
  endfacet
  facet normal 0.953685 0.300809 0
    outer loop
      vertex -40.6421 54.56 0
      vertex -40.5975 54.4186 2.4
      vertex -40.5975 54.4186 0
    endloop
  endfacet
  facet normal -0.843689 -0.536832 0
    outer loop
      vertex -37.5278 55.85 0
      vertex -37.6074 55.9751 2.4
      vertex -37.6074 55.9751 0
    endloop
  endfacet
  facet normal -0.843689 -0.536832 0
    outer loop
      vertex -37.6074 55.9751 2.4
      vertex -37.5278 55.85 0
      vertex -37.5278 55.85 2.4
    endloop
  endfacet
  facet normal 0.536832 -0.843689 0
    outer loop
      vertex -39.9751 56.3926 0
      vertex -39.85 56.4722 2.4
      vertex -39.9751 56.3926 2.4
    endloop
  endfacet
  facet normal 0.536832 -0.843689 0
    outer loop
      vertex -39.85 56.4722 2.4
      vertex -39.9751 56.3926 0
      vertex -39.85 56.4722 0
    endloop
  endfacet
  facet normal 0.0438175 -0.99904 0
    outer loop
      vertex -39.1482 56.6935 0
      vertex -39 56.7 2.4
      vertex -39.1482 56.6935 2.4
    endloop
  endfacet
  facet normal 0.0438175 -0.99904 0
    outer loop
      vertex -39 56.7 2.4
      vertex -39.1482 56.6935 0
      vertex -39 56.7 0
    endloop
  endfacet
  facet normal -0.0438175 0.99904 0
    outer loop
      vertex -38.8518 53.3065 0
      vertex -39 53.3 2.4
      vertex -38.8518 53.3065 2.4
    endloop
  endfacet
  facet normal -0.0438175 0.99904 0
    outer loop
      vertex -39 53.3 2.4
      vertex -38.8518 53.3065 0
      vertex -39 53.3 0
    endloop
  endfacet
  facet normal 0.216431 0.976298 -0
    outer loop
      vertex -39.2952 53.3258 0
      vertex -39.44 53.3579 2.4
      vertex -39.2952 53.3258 2.4
    endloop
  endfacet
  facet normal 0.216431 0.976298 0
    outer loop
      vertex -39.44 53.3579 2.4
      vertex -39.2952 53.3258 0
      vertex -39.44 53.3579 0
    endloop
  endfacet
  facet normal -0.675419 -0.737434 0
    outer loop
      vertex -37.9073 56.3023 0
      vertex -37.7979 56.2021 2.4
      vertex -37.9073 56.3023 2.4
    endloop
  endfacet
  facet normal -0.675419 -0.737434 -0
    outer loop
      vertex -37.7979 56.2021 2.4
      vertex -37.9073 56.3023 0
      vertex -37.7979 56.2021 0
    endloop
  endfacet
  facet normal 0.79315 -0.609026 0
    outer loop
      vertex -40.3926 55.9751 2.4
      vertex -40.3023 56.0927 0
      vertex -40.3023 56.0927 2.4
    endloop
  endfacet
  facet normal 0.79315 -0.609026 0
    outer loop
      vertex -40.3023 56.0927 0
      vertex -40.3926 55.9751 2.4
      vertex -40.3926 55.9751 0
    endloop
  endfacet
  facet normal 0.609026 -0.79315 0
    outer loop
      vertex -40.0927 56.3023 0
      vertex -39.9751 56.3926 2.4
      vertex -40.0927 56.3023 2.4
    endloop
  endfacet
  facet normal 0.609026 -0.79315 0
    outer loop
      vertex -39.9751 56.3926 2.4
      vertex -40.0927 56.3023 0
      vertex -39.9751 56.3926 0
    endloop
  endfacet
  facet normal -0.737434 -0.675419 0
    outer loop
      vertex -37.6977 56.0927 0
      vertex -37.7979 56.2021 2.4
      vertex -37.7979 56.2021 0
    endloop
  endfacet
  facet normal -0.737434 -0.675419 0
    outer loop
      vertex -37.7979 56.2021 2.4
      vertex -37.6977 56.0927 0
      vertex -37.6977 56.0927 2.4
    endloop
  endfacet
  facet normal 0.130175 0.991491 -0
    outer loop
      vertex -39.1482 53.3065 0
      vertex -39.2952 53.3258 2.4
      vertex -39.1482 53.3065 2.4
    endloop
  endfacet
  facet normal 0.130175 0.991491 0
    outer loop
      vertex -39.2952 53.3258 2.4
      vertex -39.1482 53.3065 0
      vertex -39.2952 53.3258 0
    endloop
  endfacet
  facet normal -0.843689 0.536832 0
    outer loop
      vertex -37.6074 54.0249 0
      vertex -37.5278 54.15 2.4
      vertex -37.5278 54.15 0
    endloop
  endfacet
  facet normal -0.843689 0.536832 0
    outer loop
      vertex -37.5278 54.15 2.4
      vertex -37.6074 54.0249 0
      vertex -37.6074 54.0249 2.4
    endloop
  endfacet
  facet normal 0.382749 -0.923853 0
    outer loop
      vertex -39.7185 56.5407 0
      vertex -39.5814 56.5975 2.4
      vertex -39.7185 56.5407 2.4
    endloop
  endfacet
  facet normal 0.382749 -0.923853 0
    outer loop
      vertex -39.5814 56.5975 2.4
      vertex -39.7185 56.5407 0
      vertex -39.5814 56.5975 0
    endloop
  endfacet
  facet normal 0.46199 0.886885 -0
    outer loop
      vertex -39.7185 53.4593 0
      vertex -39.85 53.5278 2.4
      vertex -39.7185 53.4593 2.4
    endloop
  endfacet
  facet normal 0.46199 0.886885 0
    outer loop
      vertex -39.85 53.5278 2.4
      vertex -39.7185 53.4593 0
      vertex -39.85 53.5278 0
    endloop
  endfacet
  facet normal 0.991491 0.130175 0
    outer loop
      vertex -40.6742 54.7048 2.4
      vertex -40.6935 54.8518 0
      vertex -40.6935 54.8518 2.4
    endloop
  endfacet
  facet normal 0.991491 0.130175 0
    outer loop
      vertex -40.6935 54.8518 0
      vertex -40.6742 54.7048 2.4
      vertex -40.6742 54.7048 0
    endloop
  endfacet
  facet normal -0.976298 0.216431 0
    outer loop
      vertex -37.3579 54.56 0
      vertex -37.3258 54.7048 2.4
      vertex -37.3258 54.7048 0
    endloop
  endfacet
  facet normal -0.976298 0.216431 0
    outer loop
      vertex -37.3258 54.7048 2.4
      vertex -37.3579 54.56 0
      vertex -37.3579 54.56 2.4
    endloop
  endfacet
  facet normal -0.923853 0.382749 0
    outer loop
      vertex -37.4593 54.2815 0
      vertex -37.4025 54.4186 2.4
      vertex -37.4025 54.4186 0
    endloop
  endfacet
  facet normal -0.923853 0.382749 0
    outer loop
      vertex -37.4025 54.4186 2.4
      vertex -37.4593 54.2815 0
      vertex -37.4593 54.2815 2.4
    endloop
  endfacet
  facet normal -0.737434 0.675419 0
    outer loop
      vertex -37.7979 53.7979 0
      vertex -37.6977 53.9073 2.4
      vertex -37.6977 53.9073 0
    endloop
  endfacet
  facet normal -0.737434 0.675419 0
    outer loop
      vertex -37.6977 53.9073 2.4
      vertex -37.7979 53.7979 0
      vertex -37.7979 53.7979 2.4
    endloop
  endfacet
  facet normal -0.79315 0.609026 0
    outer loop
      vertex -37.6977 53.9073 0
      vertex -37.6074 54.0249 2.4
      vertex -37.6074 54.0249 0
    endloop
  endfacet
  facet normal -0.79315 0.609026 0
    outer loop
      vertex -37.6074 54.0249 2.4
      vertex -37.6977 53.9073 0
      vertex -37.6977 53.9073 2.4
    endloop
  endfacet
  facet normal 0.609026 0.79315 -0
    outer loop
      vertex -39.9751 53.6074 0
      vertex -40.0927 53.6977 2.4
      vertex -39.9751 53.6074 2.4
    endloop
  endfacet
  facet normal 0.609026 0.79315 0
    outer loop
      vertex -40.0927 53.6977 2.4
      vertex -39.9751 53.6074 0
      vertex -40.0927 53.6977 0
    endloop
  endfacet
  facet normal 0.675419 0.737434 -0
    outer loop
      vertex -40.0927 53.6977 0
      vertex -40.2021 53.7979 2.4
      vertex -40.0927 53.6977 2.4
    endloop
  endfacet
  facet normal 0.675419 0.737434 0
    outer loop
      vertex -40.2021 53.7979 2.4
      vertex -40.0927 53.6977 0
      vertex -40.2021 53.7979 0
    endloop
  endfacet
  facet normal 0.923853 0.382749 0
    outer loop
      vertex -40.5407 54.2815 2.4
      vertex -40.5975 54.4186 0
      vertex -40.5975 54.4186 2.4
    endloop
  endfacet
  facet normal 0.923853 0.382749 0
    outer loop
      vertex -40.5975 54.4186 0
      vertex -40.5407 54.2815 2.4
      vertex -40.5407 54.2815 0
    endloop
  endfacet
  facet normal 0.843689 -0.536832 0
    outer loop
      vertex -40.4722 55.85 2.4
      vertex -40.3926 55.9751 0
      vertex -40.3926 55.9751 2.4
    endloop
  endfacet
  facet normal 0.843689 -0.536832 0
    outer loop
      vertex -40.3926 55.9751 0
      vertex -40.4722 55.85 2.4
      vertex -40.4722 55.85 0
    endloop
  endfacet
  facet normal -0.609026 0.79315 0
    outer loop
      vertex -37.9073 53.6977 0
      vertex -38.0249 53.6074 2.4
      vertex -37.9073 53.6977 2.4
    endloop
  endfacet
  facet normal -0.609026 0.79315 0
    outer loop
      vertex -38.0249 53.6074 2.4
      vertex -37.9073 53.6977 0
      vertex -38.0249 53.6074 0
    endloop
  endfacet
  facet normal 0.737434 0.675419 0
    outer loop
      vertex -40.2021 53.7979 2.4
      vertex -40.3023 53.9073 0
      vertex -40.3023 53.9073 2.4
    endloop
  endfacet
  facet normal 0.737434 0.675419 0
    outer loop
      vertex -40.3023 53.9073 0
      vertex -40.2021 53.7979 2.4
      vertex -40.2021 53.7979 0
    endloop
  endfacet
  facet normal 0.99904 0.0438175 0
    outer loop
      vertex -40.6935 54.8518 2.4
      vertex -40.7 55 0
      vertex -40.7 55 2.4
    endloop
  endfacet
  facet normal 0.99904 0.0438175 0
    outer loop
      vertex -40.7 55 0
      vertex -40.6935 54.8518 2.4
      vertex -40.6935 54.8518 0
    endloop
  endfacet
  facet normal -0.46199 -0.886885 0
    outer loop
      vertex -38.2815 56.5407 0
      vertex -38.15 56.4722 2.4
      vertex -38.2815 56.5407 2.4
    endloop
  endfacet
  facet normal -0.46199 -0.886885 -0
    outer loop
      vertex -38.15 56.4722 2.4
      vertex -38.2815 56.5407 0
      vertex -38.15 56.4722 0
    endloop
  endfacet
  facet normal -0.536832 -0.843689 0
    outer loop
      vertex -38.15 56.4722 0
      vertex -38.0249 56.3926 2.4
      vertex -38.15 56.4722 2.4
    endloop
  endfacet
  facet normal -0.536832 -0.843689 -0
    outer loop
      vertex -38.0249 56.3926 2.4
      vertex -38.15 56.4722 0
      vertex -38.0249 56.3926 0
    endloop
  endfacet
  facet normal 0.953685 -0.300809 0
    outer loop
      vertex -40.6421 55.44 2.4
      vertex -40.5975 55.5814 0
      vertex -40.5975 55.5814 2.4
    endloop
  endfacet
  facet normal 0.953685 -0.300809 0
    outer loop
      vertex -40.5975 55.5814 0
      vertex -40.6421 55.44 2.4
      vertex -40.6421 55.44 0
    endloop
  endfacet
  facet normal 0.976298 -0.216431 0
    outer loop
      vertex -40.6742 55.2952 2.4
      vertex -40.6421 55.44 0
      vertex -40.6421 55.44 2.4
    endloop
  endfacet
  facet normal 0.976298 -0.216431 0
    outer loop
      vertex -40.6421 55.44 0
      vertex -40.6742 55.2952 2.4
      vertex -40.6742 55.2952 0
    endloop
  endfacet
  facet normal -0.953685 0.300809 0
    outer loop
      vertex -37.4025 54.4186 0
      vertex -37.3579 54.56 2.4
      vertex -37.3579 54.56 0
    endloop
  endfacet
  facet normal -0.953685 0.300809 0
    outer loop
      vertex -37.3579 54.56 2.4
      vertex -37.4025 54.4186 0
      vertex -37.4025 54.4186 2.4
    endloop
  endfacet
  facet normal -0.536832 0.843689 0
    outer loop
      vertex -38.0249 53.6074 0
      vertex -38.15 53.5278 2.4
      vertex -38.0249 53.6074 2.4
    endloop
  endfacet
  facet normal -0.536832 0.843689 0
    outer loop
      vertex -38.15 53.5278 2.4
      vertex -38.0249 53.6074 0
      vertex -38.15 53.5278 0
    endloop
  endfacet
  facet normal -0.130175 -0.991491 0
    outer loop
      vertex -38.8518 56.6935 0
      vertex -38.7048 56.6742 2.4
      vertex -38.8518 56.6935 2.4
    endloop
  endfacet
  facet normal -0.130175 -0.991491 -0
    outer loop
      vertex -38.7048 56.6742 2.4
      vertex -38.8518 56.6935 0
      vertex -38.7048 56.6742 0
    endloop
  endfacet
  facet normal -0.79315 -0.609026 0
    outer loop
      vertex -37.6074 55.9751 0
      vertex -37.6977 56.0927 2.4
      vertex -37.6977 56.0927 0
    endloop
  endfacet
  facet normal -0.79315 -0.609026 0
    outer loop
      vertex -37.6977 56.0927 2.4
      vertex -37.6074 55.9751 0
      vertex -37.6074 55.9751 2.4
    endloop
  endfacet
  facet normal 0.382749 0.923853 -0
    outer loop
      vertex -39.5814 53.4025 0
      vertex -39.7185 53.4593 2.4
      vertex -39.5814 53.4025 2.4
    endloop
  endfacet
  facet normal 0.382749 0.923853 0
    outer loop
      vertex -39.7185 53.4593 2.4
      vertex -39.5814 53.4025 0
      vertex -39.7185 53.4593 0
    endloop
  endfacet
  facet normal -0.886885 0.46199 0
    outer loop
      vertex -37.5278 54.15 0
      vertex -37.4593 54.2815 2.4
      vertex -37.4593 54.2815 0
    endloop
  endfacet
  facet normal -0.886885 0.46199 0
    outer loop
      vertex -37.4593 54.2815 2.4
      vertex -37.5278 54.15 0
      vertex -37.5278 54.15 2.4
    endloop
  endfacet
  facet normal -0.675419 0.737434 0
    outer loop
      vertex -37.7979 53.7979 0
      vertex -37.9073 53.6977 2.4
      vertex -37.7979 53.7979 2.4
    endloop
  endfacet
  facet normal -0.675419 0.737434 0
    outer loop
      vertex -37.9073 53.6977 2.4
      vertex -37.7979 53.7979 0
      vertex -37.9073 53.6977 0
    endloop
  endfacet
  facet normal -0.609026 0.79315 0
    outer loop
      vertex 40.0927 -56.3023 0
      vertex 39.9751 -56.3926 2.4
      vertex 40.0927 -56.3023 2.4
    endloop
  endfacet
  facet normal -0.609026 0.79315 0
    outer loop
      vertex 39.9751 -56.3926 2.4
      vertex 40.0927 -56.3023 0
      vertex 39.9751 -56.3926 0
    endloop
  endfacet
  facet normal -0.991491 -0.130175 0
    outer loop
      vertex 40.6935 -54.8518 0
      vertex 40.6742 -54.7048 2.4
      vertex 40.6742 -54.7048 0
    endloop
  endfacet
  facet normal -0.991491 -0.130175 0
    outer loop
      vertex 40.6742 -54.7048 2.4
      vertex 40.6935 -54.8518 0
      vertex 40.6935 -54.8518 2.4
    endloop
  endfacet
  facet normal -0.0438175 0.99904 0
    outer loop
      vertex 39.1482 -56.6935 0
      vertex 39 -56.7 2.4
      vertex 39.1482 -56.6935 2.4
    endloop
  endfacet
  facet normal -0.0438175 0.99904 0
    outer loop
      vertex 39 -56.7 2.4
      vertex 39.1482 -56.6935 0
      vertex 39 -56.7 0
    endloop
  endfacet
  facet normal 0.976298 -0.216431 0
    outer loop
      vertex 37.3258 -54.7048 2.4
      vertex 37.3579 -54.56 0
      vertex 37.3579 -54.56 2.4
    endloop
  endfacet
  facet normal 0.976298 -0.216431 0
    outer loop
      vertex 37.3579 -54.56 0
      vertex 37.3258 -54.7048 2.4
      vertex 37.3258 -54.7048 0
    endloop
  endfacet
  facet normal 0.991491 -0.130175 0
    outer loop
      vertex 37.3065 -54.8518 2.4
      vertex 37.3258 -54.7048 0
      vertex 37.3258 -54.7048 2.4
    endloop
  endfacet
  facet normal 0.991491 -0.130175 0
    outer loop
      vertex 37.3258 -54.7048 0
      vertex 37.3065 -54.8518 2.4
      vertex 37.3065 -54.8518 0
    endloop
  endfacet
  facet normal 0.953685 0.300809 0
    outer loop
      vertex 37.4025 -55.5814 2.4
      vertex 37.3579 -55.44 0
      vertex 37.3579 -55.44 2.4
    endloop
  endfacet
  facet normal 0.953685 0.300809 0
    outer loop
      vertex 37.3579 -55.44 0
      vertex 37.4025 -55.5814 2.4
      vertex 37.4025 -55.5814 0
    endloop
  endfacet
  facet normal -0.923853 -0.382749 0
    outer loop
      vertex 40.5975 -54.4186 0
      vertex 40.5407 -54.2815 2.4
      vertex 40.5407 -54.2815 0
    endloop
  endfacet
  facet normal -0.923853 -0.382749 0
    outer loop
      vertex 40.5407 -54.2815 2.4
      vertex 40.5975 -54.4186 0
      vertex 40.5975 -54.4186 2.4
    endloop
  endfacet
  facet normal -0.609026 -0.79315 0
    outer loop
      vertex 39.9751 -53.6074 0
      vertex 40.0927 -53.6977 2.4
      vertex 39.9751 -53.6074 2.4
    endloop
  endfacet
  facet normal -0.609026 -0.79315 -0
    outer loop
      vertex 40.0927 -53.6977 2.4
      vertex 39.9751 -53.6074 0
      vertex 40.0927 -53.6977 0
    endloop
  endfacet
  facet normal -0.953685 0.300809 0
    outer loop
      vertex 40.5975 -55.5814 0
      vertex 40.6421 -55.44 2.4
      vertex 40.6421 -55.44 0
    endloop
  endfacet
  facet normal -0.953685 0.300809 0
    outer loop
      vertex 40.6421 -55.44 2.4
      vertex 40.5975 -55.5814 0
      vertex 40.5975 -55.5814 2.4
    endloop
  endfacet
  facet normal 0.382749 -0.923853 0
    outer loop
      vertex 38.2815 -53.4593 0
      vertex 38.4186 -53.4025 2.4
      vertex 38.2815 -53.4593 2.4
    endloop
  endfacet
  facet normal 0.382749 -0.923853 0
    outer loop
      vertex 38.4186 -53.4025 2.4
      vertex 38.2815 -53.4593 0
      vertex 38.4186 -53.4025 0
    endloop
  endfacet
  facet normal 0.976298 0.216431 0
    outer loop
      vertex 37.3579 -55.44 2.4
      vertex 37.3258 -55.2952 0
      vertex 37.3258 -55.2952 2.4
    endloop
  endfacet
  facet normal 0.976298 0.216431 0
    outer loop
      vertex 37.3258 -55.2952 0
      vertex 37.3579 -55.44 2.4
      vertex 37.3579 -55.44 0
    endloop
  endfacet
  facet normal -0.843689 -0.536832 0
    outer loop
      vertex 40.4722 -54.15 0
      vertex 40.3926 -54.0249 2.4
      vertex 40.3926 -54.0249 0
    endloop
  endfacet
  facet normal -0.843689 -0.536832 0
    outer loop
      vertex 40.3926 -54.0249 2.4
      vertex 40.4722 -54.15 0
      vertex 40.4722 -54.15 2.4
    endloop
  endfacet
  facet normal -0.46199 -0.886885 0
    outer loop
      vertex 39.7185 -53.4593 0
      vertex 39.85 -53.5278 2.4
      vertex 39.7185 -53.4593 2.4
    endloop
  endfacet
  facet normal -0.46199 -0.886885 -0
    outer loop
      vertex 39.85 -53.5278 2.4
      vertex 39.7185 -53.4593 0
      vertex 39.85 -53.5278 0
    endloop
  endfacet
  facet normal -0.99904 -0.0438175 0
    outer loop
      vertex 40.7 -55 0
      vertex 40.6935 -54.8518 2.4
      vertex 40.6935 -54.8518 0
    endloop
  endfacet
  facet normal -0.99904 -0.0438175 0
    outer loop
      vertex 40.6935 -54.8518 2.4
      vertex 40.7 -55 0
      vertex 40.7 -55 2.4
    endloop
  endfacet
  facet normal 0.843689 0.536832 0
    outer loop
      vertex 37.6074 -55.9751 2.4
      vertex 37.5278 -55.85 0
      vertex 37.5278 -55.85 2.4
    endloop
  endfacet
  facet normal 0.843689 0.536832 0
    outer loop
      vertex 37.5278 -55.85 0
      vertex 37.6074 -55.9751 2.4
      vertex 37.6074 -55.9751 0
    endloop
  endfacet
  facet normal 0.923853 0.382749 0
    outer loop
      vertex 37.4593 -55.7185 2.4
      vertex 37.4025 -55.5814 0
      vertex 37.4025 -55.5814 2.4
    endloop
  endfacet
  facet normal 0.923853 0.382749 0
    outer loop
      vertex 37.4025 -55.5814 0
      vertex 37.4593 -55.7185 2.4
      vertex 37.4593 -55.7185 0
    endloop
  endfacet
  facet normal -0.675419 0.737434 0
    outer loop
      vertex 40.2021 -56.2021 0
      vertex 40.0927 -56.3023 2.4
      vertex 40.2021 -56.2021 2.4
    endloop
  endfacet
  facet normal -0.675419 0.737434 0
    outer loop
      vertex 40.0927 -56.3023 2.4
      vertex 40.2021 -56.2021 0
      vertex 40.0927 -56.3023 0
    endloop
  endfacet
  facet normal -0.382749 0.923853 0
    outer loop
      vertex 39.7185 -56.5407 0
      vertex 39.5814 -56.5975 2.4
      vertex 39.7185 -56.5407 2.4
    endloop
  endfacet
  facet normal -0.382749 0.923853 0
    outer loop
      vertex 39.5814 -56.5975 2.4
      vertex 39.7185 -56.5407 0
      vertex 39.5814 -56.5975 0
    endloop
  endfacet
  facet normal -0.216431 -0.976298 0
    outer loop
      vertex 39.2952 -53.3258 0
      vertex 39.44 -53.3579 2.4
      vertex 39.2952 -53.3258 2.4
    endloop
  endfacet
  facet normal -0.216431 -0.976298 -0
    outer loop
      vertex 39.44 -53.3579 2.4
      vertex 39.2952 -53.3258 0
      vertex 39.44 -53.3579 0
    endloop
  endfacet
  facet normal 0.46199 -0.886885 0
    outer loop
      vertex 38.15 -53.5278 0
      vertex 38.2815 -53.4593 2.4
      vertex 38.15 -53.5278 2.4
    endloop
  endfacet
  facet normal 0.46199 -0.886885 0
    outer loop
      vertex 38.2815 -53.4593 2.4
      vertex 38.15 -53.5278 0
      vertex 38.2815 -53.4593 0
    endloop
  endfacet
  facet normal -0.130175 0.991491 0
    outer loop
      vertex 39.2952 -56.6742 0
      vertex 39.1482 -56.6935 2.4
      vertex 39.2952 -56.6742 2.4
    endloop
  endfacet
  facet normal -0.130175 0.991491 0
    outer loop
      vertex 39.1482 -56.6935 2.4
      vertex 39.2952 -56.6742 0
      vertex 39.1482 -56.6935 0
    endloop
  endfacet
  facet normal -0.0438175 -0.99904 0
    outer loop
      vertex 39 -53.3 0
      vertex 39.1482 -53.3065 2.4
      vertex 39 -53.3 2.4
    endloop
  endfacet
  facet normal -0.0438175 -0.99904 -0
    outer loop
      vertex 39.1482 -53.3065 2.4
      vertex 39 -53.3 0
      vertex 39.1482 -53.3065 0
    endloop
  endfacet
  facet normal -0.99904 0.0438175 0
    outer loop
      vertex 40.6935 -55.1482 0
      vertex 40.7 -55 2.4
      vertex 40.7 -55 0
    endloop
  endfacet
  facet normal -0.99904 0.0438175 0
    outer loop
      vertex 40.7 -55 2.4
      vertex 40.6935 -55.1482 0
      vertex 40.6935 -55.1482 2.4
    endloop
  endfacet
  facet normal -0.991491 0.130175 0
    outer loop
      vertex 40.6742 -55.2952 0
      vertex 40.6935 -55.1482 2.4
      vertex 40.6935 -55.1482 0
    endloop
  endfacet
  facet normal -0.991491 0.130175 0
    outer loop
      vertex 40.6935 -55.1482 2.4
      vertex 40.6742 -55.2952 0
      vertex 40.6742 -55.2952 2.4
    endloop
  endfacet
  facet normal -0.976298 -0.216431 0
    outer loop
      vertex 40.6742 -54.7048 0
      vertex 40.6421 -54.56 2.4
      vertex 40.6421 -54.56 0
    endloop
  endfacet
  facet normal -0.976298 -0.216431 0
    outer loop
      vertex 40.6421 -54.56 2.4
      vertex 40.6742 -54.7048 0
      vertex 40.6742 -54.7048 2.4
    endloop
  endfacet
  facet normal 0.675419 -0.737434 0
    outer loop
      vertex 37.7979 -53.7979 0
      vertex 37.9073 -53.6977 2.4
      vertex 37.7979 -53.7979 2.4
    endloop
  endfacet
  facet normal 0.675419 -0.737434 0
    outer loop
      vertex 37.9073 -53.6977 2.4
      vertex 37.7979 -53.7979 0
      vertex 37.9073 -53.6977 0
    endloop
  endfacet
  facet normal 0.536832 0.843689 -0
    outer loop
      vertex 38.15 -56.4722 0
      vertex 38.0249 -56.3926 2.4
      vertex 38.15 -56.4722 2.4
    endloop
  endfacet
  facet normal 0.536832 0.843689 0
    outer loop
      vertex 38.0249 -56.3926 2.4
      vertex 38.15 -56.4722 0
      vertex 38.0249 -56.3926 0
    endloop
  endfacet
  facet normal -0.536832 0.843689 0
    outer loop
      vertex 39.9751 -56.3926 0
      vertex 39.85 -56.4722 2.4
      vertex 39.9751 -56.3926 2.4
    endloop
  endfacet
  facet normal -0.536832 0.843689 0
    outer loop
      vertex 39.85 -56.4722 2.4
      vertex 39.9751 -56.3926 0
      vertex 39.85 -56.4722 0
    endloop
  endfacet
  facet normal 0.79315 0.609026 0
    outer loop
      vertex 37.6977 -56.0927 2.4
      vertex 37.6074 -55.9751 0
      vertex 37.6074 -55.9751 2.4
    endloop
  endfacet
  facet normal 0.79315 0.609026 0
    outer loop
      vertex 37.6074 -55.9751 0
      vertex 37.6977 -56.0927 2.4
      vertex 37.6977 -56.0927 0
    endloop
  endfacet
  facet normal -0.737434 0.675419 0
    outer loop
      vertex 40.2021 -56.2021 0
      vertex 40.3023 -56.0927 2.4
      vertex 40.3023 -56.0927 0
    endloop
  endfacet
  facet normal -0.737434 0.675419 0
    outer loop
      vertex 40.3023 -56.0927 2.4
      vertex 40.2021 -56.2021 0
      vertex 40.2021 -56.2021 2.4
    endloop
  endfacet
  facet normal 0.46199 0.886885 -0
    outer loop
      vertex 38.2815 -56.5407 0
      vertex 38.15 -56.4722 2.4
      vertex 38.2815 -56.5407 2.4
    endloop
  endfacet
  facet normal 0.46199 0.886885 0
    outer loop
      vertex 38.15 -56.4722 2.4
      vertex 38.2815 -56.5407 0
      vertex 38.15 -56.4722 0
    endloop
  endfacet
  facet normal 0.382749 0.923853 -0
    outer loop
      vertex 38.4186 -56.5975 0
      vertex 38.2815 -56.5407 2.4
      vertex 38.4186 -56.5975 2.4
    endloop
  endfacet
  facet normal 0.382749 0.923853 0
    outer loop
      vertex 38.2815 -56.5407 2.4
      vertex 38.4186 -56.5975 0
      vertex 38.2815 -56.5407 0
    endloop
  endfacet
  facet normal -0.216431 0.976298 0
    outer loop
      vertex 39.44 -56.6421 0
      vertex 39.2952 -56.6742 2.4
      vertex 39.44 -56.6421 2.4
    endloop
  endfacet
  facet normal -0.216431 0.976298 0
    outer loop
      vertex 39.2952 -56.6742 2.4
      vertex 39.44 -56.6421 0
      vertex 39.2952 -56.6742 0
    endloop
  endfacet
  facet normal -0.737434 -0.675419 0
    outer loop
      vertex 40.3023 -53.9073 0
      vertex 40.2021 -53.7979 2.4
      vertex 40.2021 -53.7979 0
    endloop
  endfacet
  facet normal -0.737434 -0.675419 0
    outer loop
      vertex 40.2021 -53.7979 2.4
      vertex 40.3023 -53.9073 0
      vertex 40.3023 -53.9073 2.4
    endloop
  endfacet
  facet normal 0.843689 -0.536832 0
    outer loop
      vertex 37.5278 -54.15 2.4
      vertex 37.6074 -54.0249 0
      vertex 37.6074 -54.0249 2.4
    endloop
  endfacet
  facet normal 0.843689 -0.536832 0
    outer loop
      vertex 37.6074 -54.0249 0
      vertex 37.5278 -54.15 2.4
      vertex 37.5278 -54.15 0
    endloop
  endfacet
  facet normal 0.216431 -0.976298 0
    outer loop
      vertex 38.56 -53.3579 0
      vertex 38.7048 -53.3258 2.4
      vertex 38.56 -53.3579 2.4
    endloop
  endfacet
  facet normal 0.216431 -0.976298 0
    outer loop
      vertex 38.7048 -53.3258 2.4
      vertex 38.56 -53.3579 0
      vertex 38.7048 -53.3258 0
    endloop
  endfacet
  facet normal 0.886885 0.46199 0
    outer loop
      vertex 37.5278 -55.85 2.4
      vertex 37.4593 -55.7185 0
      vertex 37.4593 -55.7185 2.4
    endloop
  endfacet
  facet normal 0.886885 0.46199 0
    outer loop
      vertex 37.4593 -55.7185 0
      vertex 37.5278 -55.85 2.4
      vertex 37.5278 -55.85 0
    endloop
  endfacet
  facet normal -0.976298 0.216431 0
    outer loop
      vertex 40.6421 -55.44 0
      vertex 40.6742 -55.2952 2.4
      vertex 40.6742 -55.2952 0
    endloop
  endfacet
  facet normal -0.976298 0.216431 0
    outer loop
      vertex 40.6742 -55.2952 2.4
      vertex 40.6421 -55.44 0
      vertex 40.6421 -55.44 2.4
    endloop
  endfacet
  facet normal -0.130175 -0.991491 0
    outer loop
      vertex 39.1482 -53.3065 0
      vertex 39.2952 -53.3258 2.4
      vertex 39.1482 -53.3065 2.4
    endloop
  endfacet
  facet normal -0.130175 -0.991491 -0
    outer loop
      vertex 39.2952 -53.3258 2.4
      vertex 39.1482 -53.3065 0
      vertex 39.2952 -53.3258 0
    endloop
  endfacet
  facet normal 0.79315 -0.609026 0
    outer loop
      vertex 37.6074 -54.0249 2.4
      vertex 37.6977 -53.9073 0
      vertex 37.6977 -53.9073 2.4
    endloop
  endfacet
  facet normal 0.79315 -0.609026 0
    outer loop
      vertex 37.6977 -53.9073 0
      vertex 37.6074 -54.0249 2.4
      vertex 37.6074 -54.0249 0
    endloop
  endfacet
  facet normal 0.923853 -0.382749 0
    outer loop
      vertex 37.4025 -54.4186 2.4
      vertex 37.4593 -54.2815 0
      vertex 37.4593 -54.2815 2.4
    endloop
  endfacet
  facet normal 0.923853 -0.382749 0
    outer loop
      vertex 37.4593 -54.2815 0
      vertex 37.4025 -54.4186 2.4
      vertex 37.4025 -54.4186 0
    endloop
  endfacet
  facet normal 0.300809 0.953685 -0
    outer loop
      vertex 38.56 -56.6421 0
      vertex 38.4186 -56.5975 2.4
      vertex 38.56 -56.6421 2.4
    endloop
  endfacet
  facet normal 0.300809 0.953685 0
    outer loop
      vertex 38.4186 -56.5975 2.4
      vertex 38.56 -56.6421 0
      vertex 38.4186 -56.5975 0
    endloop
  endfacet
  facet normal -0.79315 0.609026 0
    outer loop
      vertex 40.3023 -56.0927 0
      vertex 40.3926 -55.9751 2.4
      vertex 40.3926 -55.9751 0
    endloop
  endfacet
  facet normal -0.79315 0.609026 0
    outer loop
      vertex 40.3926 -55.9751 2.4
      vertex 40.3023 -56.0927 0
      vertex 40.3023 -56.0927 2.4
    endloop
  endfacet
  facet normal 0.130175 0.991491 -0
    outer loop
      vertex 38.8518 -56.6935 0
      vertex 38.7048 -56.6742 2.4
      vertex 38.8518 -56.6935 2.4
    endloop
  endfacet
  facet normal 0.130175 0.991491 0
    outer loop
      vertex 38.7048 -56.6742 2.4
      vertex 38.8518 -56.6935 0
      vertex 38.7048 -56.6742 0
    endloop
  endfacet
  facet normal -0.953685 -0.300809 0
    outer loop
      vertex 40.6421 -54.56 0
      vertex 40.5975 -54.4186 2.4
      vertex 40.5975 -54.4186 0
    endloop
  endfacet
  facet normal -0.953685 -0.300809 0
    outer loop
      vertex 40.5975 -54.4186 2.4
      vertex 40.6421 -54.56 0
      vertex 40.6421 -54.56 2.4
    endloop
  endfacet
  facet normal -0.300809 0.953685 0
    outer loop
      vertex 39.5814 -56.5975 0
      vertex 39.44 -56.6421 2.4
      vertex 39.5814 -56.5975 2.4
    endloop
  endfacet
  facet normal -0.300809 0.953685 0
    outer loop
      vertex 39.44 -56.6421 2.4
      vertex 39.5814 -56.5975 0
      vertex 39.44 -56.6421 0
    endloop
  endfacet
  facet normal 0.886885 -0.46199 0
    outer loop
      vertex 37.4593 -54.2815 2.4
      vertex 37.5278 -54.15 0
      vertex 37.5278 -54.15 2.4
    endloop
  endfacet
  facet normal 0.886885 -0.46199 0
    outer loop
      vertex 37.5278 -54.15 0
      vertex 37.4593 -54.2815 2.4
      vertex 37.4593 -54.2815 0
    endloop
  endfacet
  facet normal -0.675419 -0.737434 0
    outer loop
      vertex 40.0927 -53.6977 0
      vertex 40.2021 -53.7979 2.4
      vertex 40.0927 -53.6977 2.4
    endloop
  endfacet
  facet normal -0.675419 -0.737434 -0
    outer loop
      vertex 40.2021 -53.7979 2.4
      vertex 40.0927 -53.6977 0
      vertex 40.2021 -53.7979 0
    endloop
  endfacet
  facet normal -0.886885 -0.46199 0
    outer loop
      vertex 40.5407 -54.2815 0
      vertex 40.4722 -54.15 2.4
      vertex 40.4722 -54.15 0
    endloop
  endfacet
  facet normal -0.886885 -0.46199 0
    outer loop
      vertex 40.4722 -54.15 2.4
      vertex 40.5407 -54.2815 0
      vertex 40.5407 -54.2815 2.4
    endloop
  endfacet
  facet normal 0.99904 -0.0438175 0
    outer loop
      vertex 37.3 -55 2.4
      vertex 37.3065 -54.8518 0
      vertex 37.3065 -54.8518 2.4
    endloop
  endfacet
  facet normal 0.99904 -0.0438175 0
    outer loop
      vertex 37.3065 -54.8518 0
      vertex 37.3 -55 2.4
      vertex 37.3 -55 0
    endloop
  endfacet
  facet normal -0.923853 0.382749 0
    outer loop
      vertex 40.5407 -55.7185 0
      vertex 40.5975 -55.5814 2.4
      vertex 40.5975 -55.5814 0
    endloop
  endfacet
  facet normal -0.923853 0.382749 0
    outer loop
      vertex 40.5975 -55.5814 2.4
      vertex 40.5407 -55.7185 0
      vertex 40.5407 -55.7185 2.4
    endloop
  endfacet
  facet normal -0.536832 -0.843689 0
    outer loop
      vertex 39.85 -53.5278 0
      vertex 39.9751 -53.6074 2.4
      vertex 39.85 -53.5278 2.4
    endloop
  endfacet
  facet normal -0.536832 -0.843689 -0
    outer loop
      vertex 39.9751 -53.6074 2.4
      vertex 39.85 -53.5278 0
      vertex 39.9751 -53.6074 0
    endloop
  endfacet
  facet normal -0.79315 -0.609026 0
    outer loop
      vertex 40.3926 -54.0249 0
      vertex 40.3023 -53.9073 2.4
      vertex 40.3023 -53.9073 0
    endloop
  endfacet
  facet normal -0.79315 -0.609026 0
    outer loop
      vertex 40.3023 -53.9073 2.4
      vertex 40.3926 -54.0249 0
      vertex 40.3926 -54.0249 2.4
    endloop
  endfacet
  facet normal 0.609026 -0.79315 0
    outer loop
      vertex 37.9073 -53.6977 0
      vertex 38.0249 -53.6074 2.4
      vertex 37.9073 -53.6977 2.4
    endloop
  endfacet
  facet normal 0.609026 -0.79315 0
    outer loop
      vertex 38.0249 -53.6074 2.4
      vertex 37.9073 -53.6977 0
      vertex 38.0249 -53.6074 0
    endloop
  endfacet
  facet normal 0.300809 -0.953685 0
    outer loop
      vertex 38.4186 -53.4025 0
      vertex 38.56 -53.3579 2.4
      vertex 38.4186 -53.4025 2.4
    endloop
  endfacet
  facet normal 0.300809 -0.953685 0
    outer loop
      vertex 38.56 -53.3579 2.4
      vertex 38.4186 -53.4025 0
      vertex 38.56 -53.3579 0
    endloop
  endfacet
  facet normal 0.130175 -0.991491 0
    outer loop
      vertex 38.7048 -53.3258 0
      vertex 38.8518 -53.3065 2.4
      vertex 38.7048 -53.3258 2.4
    endloop
  endfacet
  facet normal 0.130175 -0.991491 0
    outer loop
      vertex 38.8518 -53.3065 2.4
      vertex 38.7048 -53.3258 0
      vertex 38.8518 -53.3065 0
    endloop
  endfacet
  facet normal 0.737434 0.675419 0
    outer loop
      vertex 37.7979 -56.2021 2.4
      vertex 37.6977 -56.0927 0
      vertex 37.6977 -56.0927 2.4
    endloop
  endfacet
  facet normal 0.737434 0.675419 0
    outer loop
      vertex 37.6977 -56.0927 0
      vertex 37.7979 -56.2021 2.4
      vertex 37.7979 -56.2021 0
    endloop
  endfacet
  facet normal -0.843689 0.536832 0
    outer loop
      vertex 40.3926 -55.9751 0
      vertex 40.4722 -55.85 2.4
      vertex 40.4722 -55.85 0
    endloop
  endfacet
  facet normal -0.843689 0.536832 0
    outer loop
      vertex 40.4722 -55.85 2.4
      vertex 40.3926 -55.9751 0
      vertex 40.3926 -55.9751 2.4
    endloop
  endfacet
  facet normal 0.99904 0.0438175 0
    outer loop
      vertex 37.3065 -55.1482 2.4
      vertex 37.3 -55 0
      vertex 37.3 -55 2.4
    endloop
  endfacet
  facet normal 0.99904 0.0438175 0
    outer loop
      vertex 37.3 -55 0
      vertex 37.3065 -55.1482 2.4
      vertex 37.3065 -55.1482 0
    endloop
  endfacet
  facet normal 0.0438175 0.99904 -0
    outer loop
      vertex 39 -56.7 0
      vertex 38.8518 -56.6935 2.4
      vertex 39 -56.7 2.4
    endloop
  endfacet
  facet normal 0.0438175 0.99904 0
    outer loop
      vertex 38.8518 -56.6935 2.4
      vertex 39 -56.7 0
      vertex 38.8518 -56.6935 0
    endloop
  endfacet
  facet normal 0.991491 0.130175 0
    outer loop
      vertex 37.3258 -55.2952 2.4
      vertex 37.3065 -55.1482 0
      vertex 37.3065 -55.1482 2.4
    endloop
  endfacet
  facet normal 0.991491 0.130175 0
    outer loop
      vertex 37.3065 -55.1482 0
      vertex 37.3258 -55.2952 2.4
      vertex 37.3258 -55.2952 0
    endloop
  endfacet
  facet normal -0.46199 0.886885 0
    outer loop
      vertex 39.85 -56.4722 0
      vertex 39.7185 -56.5407 2.4
      vertex 39.85 -56.4722 2.4
    endloop
  endfacet
  facet normal -0.46199 0.886885 0
    outer loop
      vertex 39.7185 -56.5407 2.4
      vertex 39.85 -56.4722 0
      vertex 39.7185 -56.5407 0
    endloop
  endfacet
  facet normal 0.675419 0.737434 -0
    outer loop
      vertex 37.9073 -56.3023 0
      vertex 37.7979 -56.2021 2.4
      vertex 37.9073 -56.3023 2.4
    endloop
  endfacet
  facet normal 0.675419 0.737434 0
    outer loop
      vertex 37.7979 -56.2021 2.4
      vertex 37.9073 -56.3023 0
      vertex 37.7979 -56.2021 0
    endloop
  endfacet
  facet normal 0.609026 0.79315 -0
    outer loop
      vertex 38.0249 -56.3926 0
      vertex 37.9073 -56.3023 2.4
      vertex 38.0249 -56.3926 2.4
    endloop
  endfacet
  facet normal 0.609026 0.79315 0
    outer loop
      vertex 37.9073 -56.3023 2.4
      vertex 38.0249 -56.3926 0
      vertex 37.9073 -56.3023 0
    endloop
  endfacet
  facet normal -0.382749 -0.923853 0
    outer loop
      vertex 39.5814 -53.4025 0
      vertex 39.7185 -53.4593 2.4
      vertex 39.5814 -53.4025 2.4
    endloop
  endfacet
  facet normal -0.382749 -0.923853 -0
    outer loop
      vertex 39.7185 -53.4593 2.4
      vertex 39.5814 -53.4025 0
      vertex 39.7185 -53.4593 0
    endloop
  endfacet
  facet normal -0.300809 -0.953685 0
    outer loop
      vertex 39.44 -53.3579 0
      vertex 39.5814 -53.4025 2.4
      vertex 39.44 -53.3579 2.4
    endloop
  endfacet
  facet normal -0.300809 -0.953685 -0
    outer loop
      vertex 39.5814 -53.4025 2.4
      vertex 39.44 -53.3579 0
      vertex 39.5814 -53.4025 0
    endloop
  endfacet
  facet normal 0.216431 0.976298 -0
    outer loop
      vertex 38.7048 -56.6742 0
      vertex 38.56 -56.6421 2.4
      vertex 38.7048 -56.6742 2.4
    endloop
  endfacet
  facet normal 0.216431 0.976298 0
    outer loop
      vertex 38.56 -56.6421 2.4
      vertex 38.7048 -56.6742 0
      vertex 38.56 -56.6421 0
    endloop
  endfacet
  facet normal 0.536832 -0.843689 0
    outer loop
      vertex 38.0249 -53.6074 0
      vertex 38.15 -53.5278 2.4
      vertex 38.0249 -53.6074 2.4
    endloop
  endfacet
  facet normal 0.536832 -0.843689 0
    outer loop
      vertex 38.15 -53.5278 2.4
      vertex 38.0249 -53.6074 0
      vertex 38.15 -53.5278 0
    endloop
  endfacet
  facet normal 0.0438175 -0.99904 0
    outer loop
      vertex 38.8518 -53.3065 0
      vertex 39 -53.3 2.4
      vertex 38.8518 -53.3065 2.4
    endloop
  endfacet
  facet normal 0.0438175 -0.99904 0
    outer loop
      vertex 39 -53.3 2.4
      vertex 38.8518 -53.3065 0
      vertex 39 -53.3 0
    endloop
  endfacet
  facet normal 0.953685 -0.300809 0
    outer loop
      vertex 37.3579 -54.56 2.4
      vertex 37.4025 -54.4186 0
      vertex 37.4025 -54.4186 2.4
    endloop
  endfacet
  facet normal 0.953685 -0.300809 0
    outer loop
      vertex 37.4025 -54.4186 0
      vertex 37.3579 -54.56 2.4
      vertex 37.3579 -54.56 0
    endloop
  endfacet
  facet normal -0.886885 0.46199 0
    outer loop
      vertex 40.4722 -55.85 0
      vertex 40.5407 -55.7185 2.4
      vertex 40.5407 -55.7185 0
    endloop
  endfacet
  facet normal -0.886885 0.46199 0
    outer loop
      vertex 40.5407 -55.7185 2.4
      vertex 40.4722 -55.85 0
      vertex 40.4722 -55.85 2.4
    endloop
  endfacet
  facet normal 0.737434 -0.675419 0
    outer loop
      vertex 37.6977 -53.9073 2.4
      vertex 37.7979 -53.7979 0
      vertex 37.7979 -53.7979 2.4
    endloop
  endfacet
  facet normal 0.737434 -0.675419 0
    outer loop
      vertex 37.7979 -53.7979 0
      vertex 37.6977 -53.9073 2.4
      vertex 37.6977 -53.9073 0
    endloop
  endfacet
  facet normal 0.79315 0.609026 0
    outer loop
      vertex 37.6977 53.9073 2.4
      vertex 37.6074 54.0249 0
      vertex 37.6074 54.0249 2.4
    endloop
  endfacet
  facet normal 0.79315 0.609026 0
    outer loop
      vertex 37.6074 54.0249 0
      vertex 37.6977 53.9073 2.4
      vertex 37.6977 53.9073 0
    endloop
  endfacet
  facet normal -0.0438175 -0.99904 0
    outer loop
      vertex 39 56.7 0
      vertex 39.1482 56.6935 2.4
      vertex 39 56.7 2.4
    endloop
  endfacet
  facet normal -0.0438175 -0.99904 -0
    outer loop
      vertex 39.1482 56.6935 2.4
      vertex 39 56.7 0
      vertex 39.1482 56.6935 0
    endloop
  endfacet
  facet normal 0.843689 0.536832 0
    outer loop
      vertex 37.6074 54.0249 2.4
      vertex 37.5278 54.15 0
      vertex 37.5278 54.15 2.4
    endloop
  endfacet
  facet normal 0.843689 0.536832 0
    outer loop
      vertex 37.5278 54.15 0
      vertex 37.6074 54.0249 2.4
      vertex 37.6074 54.0249 0
    endloop
  endfacet
  facet normal 0.300809 0.953685 -0
    outer loop
      vertex 38.56 53.3579 0
      vertex 38.4186 53.4025 2.4
      vertex 38.56 53.3579 2.4
    endloop
  endfacet
  facet normal 0.300809 0.953685 0
    outer loop
      vertex 38.4186 53.4025 2.4
      vertex 38.56 53.3579 0
      vertex 38.4186 53.4025 0
    endloop
  endfacet
  facet normal -0.382749 -0.923853 0
    outer loop
      vertex 39.5814 56.5975 0
      vertex 39.7185 56.5407 2.4
      vertex 39.5814 56.5975 2.4
    endloop
  endfacet
  facet normal -0.382749 -0.923853 -0
    outer loop
      vertex 39.7185 56.5407 2.4
      vertex 39.5814 56.5975 0
      vertex 39.7185 56.5407 0
    endloop
  endfacet
  facet normal 0.0438175 0.99904 -0
    outer loop
      vertex 39 53.3 0
      vertex 38.8518 53.3065 2.4
      vertex 39 53.3 2.4
    endloop
  endfacet
  facet normal 0.0438175 0.99904 0
    outer loop
      vertex 38.8518 53.3065 2.4
      vertex 39 53.3 0
      vertex 38.8518 53.3065 0
    endloop
  endfacet
  facet normal 0.923853 -0.382749 0
    outer loop
      vertex 37.4025 55.5814 2.4
      vertex 37.4593 55.7185 0
      vertex 37.4593 55.7185 2.4
    endloop
  endfacet
  facet normal 0.923853 -0.382749 0
    outer loop
      vertex 37.4593 55.7185 0
      vertex 37.4025 55.5814 2.4
      vertex 37.4025 55.5814 0
    endloop
  endfacet
  facet normal -0.216431 0.976298 0
    outer loop
      vertex 39.44 53.3579 0
      vertex 39.2952 53.3258 2.4
      vertex 39.44 53.3579 2.4
    endloop
  endfacet
  facet normal -0.216431 0.976298 0
    outer loop
      vertex 39.2952 53.3258 2.4
      vertex 39.44 53.3579 0
      vertex 39.2952 53.3258 0
    endloop
  endfacet
  facet normal -0.923853 -0.382749 0
    outer loop
      vertex 40.5975 55.5814 0
      vertex 40.5407 55.7185 2.4
      vertex 40.5407 55.7185 0
    endloop
  endfacet
  facet normal -0.923853 -0.382749 0
    outer loop
      vertex 40.5407 55.7185 2.4
      vertex 40.5975 55.5814 0
      vertex 40.5975 55.5814 2.4
    endloop
  endfacet
  facet normal -0.953685 -0.300809 0
    outer loop
      vertex 40.6421 55.44 0
      vertex 40.5975 55.5814 2.4
      vertex 40.5975 55.5814 0
    endloop
  endfacet
  facet normal -0.953685 -0.300809 0
    outer loop
      vertex 40.5975 55.5814 2.4
      vertex 40.6421 55.44 0
      vertex 40.6421 55.44 2.4
    endloop
  endfacet
  facet normal 0.675419 -0.737434 0
    outer loop
      vertex 37.7979 56.2021 0
      vertex 37.9073 56.3023 2.4
      vertex 37.7979 56.2021 2.4
    endloop
  endfacet
  facet normal 0.675419 -0.737434 0
    outer loop
      vertex 37.9073 56.3023 2.4
      vertex 37.7979 56.2021 0
      vertex 37.9073 56.3023 0
    endloop
  endfacet
  facet normal 0.300809 -0.953685 0
    outer loop
      vertex 38.4186 56.5975 0
      vertex 38.56 56.6421 2.4
      vertex 38.4186 56.5975 2.4
    endloop
  endfacet
  facet normal 0.300809 -0.953685 0
    outer loop
      vertex 38.56 56.6421 2.4
      vertex 38.4186 56.5975 0
      vertex 38.56 56.6421 0
    endloop
  endfacet
  facet normal -0.991491 -0.130175 0
    outer loop
      vertex 40.6935 55.1482 0
      vertex 40.6742 55.2952 2.4
      vertex 40.6742 55.2952 0
    endloop
  endfacet
  facet normal -0.991491 -0.130175 0
    outer loop
      vertex 40.6742 55.2952 2.4
      vertex 40.6935 55.1482 0
      vertex 40.6935 55.1482 2.4
    endloop
  endfacet
  facet normal -0.886885 -0.46199 0
    outer loop
      vertex 40.5407 55.7185 0
      vertex 40.4722 55.85 2.4
      vertex 40.4722 55.85 0
    endloop
  endfacet
  facet normal -0.886885 -0.46199 0
    outer loop
      vertex 40.4722 55.85 2.4
      vertex 40.5407 55.7185 0
      vertex 40.5407 55.7185 2.4
    endloop
  endfacet
  facet normal -0.216431 -0.976298 0
    outer loop
      vertex 39.2952 56.6742 0
      vertex 39.44 56.6421 2.4
      vertex 39.2952 56.6742 2.4
    endloop
  endfacet
  facet normal -0.216431 -0.976298 -0
    outer loop
      vertex 39.44 56.6421 2.4
      vertex 39.2952 56.6742 0
      vertex 39.44 56.6421 0
    endloop
  endfacet
  facet normal -0.130175 0.991491 0
    outer loop
      vertex 39.2952 53.3258 0
      vertex 39.1482 53.3065 2.4
      vertex 39.2952 53.3258 2.4
    endloop
  endfacet
  facet normal -0.130175 0.991491 0
    outer loop
      vertex 39.1482 53.3065 2.4
      vertex 39.2952 53.3258 0
      vertex 39.1482 53.3065 0
    endloop
  endfacet
  facet normal -0.991491 0.130175 0
    outer loop
      vertex 40.6742 54.7048 0
      vertex 40.6935 54.8518 2.4
      vertex 40.6935 54.8518 0
    endloop
  endfacet
  facet normal -0.991491 0.130175 0
    outer loop
      vertex 40.6935 54.8518 2.4
      vertex 40.6742 54.7048 0
      vertex 40.6742 54.7048 2.4
    endloop
  endfacet
  facet normal -0.99904 -0.0438175 0
    outer loop
      vertex 40.7 55 0
      vertex 40.6935 55.1482 2.4
      vertex 40.6935 55.1482 0
    endloop
  endfacet
  facet normal -0.99904 -0.0438175 0
    outer loop
      vertex 40.6935 55.1482 2.4
      vertex 40.7 55 0
      vertex 40.7 55 2.4
    endloop
  endfacet
  facet normal -0.300809 -0.953685 0
    outer loop
      vertex 39.44 56.6421 0
      vertex 39.5814 56.5975 2.4
      vertex 39.44 56.6421 2.4
    endloop
  endfacet
  facet normal -0.300809 -0.953685 -0
    outer loop
      vertex 39.5814 56.5975 2.4
      vertex 39.44 56.6421 0
      vertex 39.5814 56.5975 0
    endloop
  endfacet
  facet normal 0.130175 -0.991491 0
    outer loop
      vertex 38.7048 56.6742 0
      vertex 38.8518 56.6935 2.4
      vertex 38.7048 56.6742 2.4
    endloop
  endfacet
  facet normal 0.130175 -0.991491 0
    outer loop
      vertex 38.8518 56.6935 2.4
      vertex 38.7048 56.6742 0
      vertex 38.8518 56.6935 0
    endloop
  endfacet
  facet normal -0.99904 0.0438175 0
    outer loop
      vertex 40.6935 54.8518 0
      vertex 40.7 55 2.4
      vertex 40.7 55 0
    endloop
  endfacet
  facet normal -0.99904 0.0438175 0
    outer loop
      vertex 40.7 55 2.4
      vertex 40.6935 54.8518 0
      vertex 40.6935 54.8518 2.4
    endloop
  endfacet
  facet normal 0.536832 0.843689 -0
    outer loop
      vertex 38.15 53.5278 0
      vertex 38.0249 53.6074 2.4
      vertex 38.15 53.5278 2.4
    endloop
  endfacet
  facet normal 0.536832 0.843689 0
    outer loop
      vertex 38.0249 53.6074 2.4
      vertex 38.15 53.5278 0
      vertex 38.0249 53.6074 0
    endloop
  endfacet
  facet normal -0.976298 -0.216431 0
    outer loop
      vertex 40.6742 55.2952 0
      vertex 40.6421 55.44 2.4
      vertex 40.6421 55.44 0
    endloop
  endfacet
  facet normal -0.976298 -0.216431 0
    outer loop
      vertex 40.6421 55.44 2.4
      vertex 40.6742 55.2952 0
      vertex 40.6742 55.2952 2.4
    endloop
  endfacet
  facet normal 0.99904 -0.0438175 0
    outer loop
      vertex 37.3 55 2.4
      vertex 37.3065 55.1482 0
      vertex 37.3065 55.1482 2.4
    endloop
  endfacet
  facet normal 0.99904 -0.0438175 0
    outer loop
      vertex 37.3065 55.1482 0
      vertex 37.3 55 2.4
      vertex 37.3 55 0
    endloop
  endfacet
  facet normal 0.737434 -0.675419 0
    outer loop
      vertex 37.6977 56.0927 2.4
      vertex 37.7979 56.2021 0
      vertex 37.7979 56.2021 2.4
    endloop
  endfacet
  facet normal 0.737434 -0.675419 0
    outer loop
      vertex 37.7979 56.2021 0
      vertex 37.6977 56.0927 2.4
      vertex 37.6977 56.0927 0
    endloop
  endfacet
  facet normal -0.382749 0.923853 0
    outer loop
      vertex 39.7185 53.4593 0
      vertex 39.5814 53.4025 2.4
      vertex 39.7185 53.4593 2.4
    endloop
  endfacet
  facet normal -0.382749 0.923853 0
    outer loop
      vertex 39.5814 53.4025 2.4
      vertex 39.7185 53.4593 0
      vertex 39.5814 53.4025 0
    endloop
  endfacet
  facet normal 0.886885 0.46199 0
    outer loop
      vertex 37.5278 54.15 2.4
      vertex 37.4593 54.2815 0
      vertex 37.4593 54.2815 2.4
    endloop
  endfacet
  facet normal 0.886885 0.46199 0
    outer loop
      vertex 37.4593 54.2815 0
      vertex 37.5278 54.15 2.4
      vertex 37.5278 54.15 0
    endloop
  endfacet
  facet normal 0.130175 0.991491 -0
    outer loop
      vertex 38.8518 53.3065 0
      vertex 38.7048 53.3258 2.4
      vertex 38.8518 53.3065 2.4
    endloop
  endfacet
  facet normal 0.130175 0.991491 0
    outer loop
      vertex 38.7048 53.3258 2.4
      vertex 38.8518 53.3065 0
      vertex 38.7048 53.3258 0
    endloop
  endfacet
  facet normal 0.737434 0.675419 0
    outer loop
      vertex 37.7979 53.7979 2.4
      vertex 37.6977 53.9073 0
      vertex 37.6977 53.9073 2.4
    endloop
  endfacet
  facet normal 0.737434 0.675419 0
    outer loop
      vertex 37.6977 53.9073 0
      vertex 37.7979 53.7979 2.4
      vertex 37.7979 53.7979 0
    endloop
  endfacet
  facet normal 0.46199 -0.886885 0
    outer loop
      vertex 38.15 56.4722 0
      vertex 38.2815 56.5407 2.4
      vertex 38.15 56.4722 2.4
    endloop
  endfacet
  facet normal 0.46199 -0.886885 0
    outer loop
      vertex 38.2815 56.5407 2.4
      vertex 38.15 56.4722 0
      vertex 38.2815 56.5407 0
    endloop
  endfacet
  facet normal -0.536832 -0.843689 0
    outer loop
      vertex 39.85 56.4722 0
      vertex 39.9751 56.3926 2.4
      vertex 39.85 56.4722 2.4
    endloop
  endfacet
  facet normal -0.536832 -0.843689 -0
    outer loop
      vertex 39.9751 56.3926 2.4
      vertex 39.85 56.4722 0
      vertex 39.9751 56.3926 0
    endloop
  endfacet
  facet normal 0.976298 0.216431 0
    outer loop
      vertex 37.3579 54.56 2.4
      vertex 37.3258 54.7048 0
      vertex 37.3258 54.7048 2.4
    endloop
  endfacet
  facet normal 0.976298 0.216431 0
    outer loop
      vertex 37.3258 54.7048 0
      vertex 37.3579 54.56 2.4
      vertex 37.3579 54.56 0
    endloop
  endfacet
  facet normal 0.216431 -0.976298 0
    outer loop
      vertex 38.56 56.6421 0
      vertex 38.7048 56.6742 2.4
      vertex 38.56 56.6421 2.4
    endloop
  endfacet
  facet normal 0.216431 -0.976298 0
    outer loop
      vertex 38.7048 56.6742 2.4
      vertex 38.56 56.6421 0
      vertex 38.7048 56.6742 0
    endloop
  endfacet
  facet normal 0.886885 -0.46199 0
    outer loop
      vertex 37.4593 55.7185 2.4
      vertex 37.5278 55.85 0
      vertex 37.5278 55.85 2.4
    endloop
  endfacet
  facet normal 0.886885 -0.46199 0
    outer loop
      vertex 37.5278 55.85 0
      vertex 37.4593 55.7185 2.4
      vertex 37.4593 55.7185 0
    endloop
  endfacet
  facet normal -0.300809 0.953685 0
    outer loop
      vertex 39.5814 53.4025 0
      vertex 39.44 53.3579 2.4
      vertex 39.5814 53.4025 2.4
    endloop
  endfacet
  facet normal -0.300809 0.953685 0
    outer loop
      vertex 39.44 53.3579 2.4
      vertex 39.5814 53.4025 0
      vertex 39.44 53.3579 0
    endloop
  endfacet
  facet normal 0.991491 -0.130175 0
    outer loop
      vertex 37.3065 55.1482 2.4
      vertex 37.3258 55.2952 0
      vertex 37.3258 55.2952 2.4
    endloop
  endfacet
  facet normal 0.991491 -0.130175 0
    outer loop
      vertex 37.3258 55.2952 0
      vertex 37.3065 55.1482 2.4
      vertex 37.3065 55.1482 0
    endloop
  endfacet
  facet normal -0.46199 0.886885 0
    outer loop
      vertex 39.85 53.5278 0
      vertex 39.7185 53.4593 2.4
      vertex 39.85 53.5278 2.4
    endloop
  endfacet
  facet normal -0.46199 0.886885 0
    outer loop
      vertex 39.7185 53.4593 2.4
      vertex 39.85 53.5278 0
      vertex 39.7185 53.4593 0
    endloop
  endfacet
  facet normal -0.609026 -0.79315 0
    outer loop
      vertex 39.9751 56.3926 0
      vertex 40.0927 56.3023 2.4
      vertex 39.9751 56.3926 2.4
    endloop
  endfacet
  facet normal -0.609026 -0.79315 -0
    outer loop
      vertex 40.0927 56.3023 2.4
      vertex 39.9751 56.3926 0
      vertex 40.0927 56.3023 0
    endloop
  endfacet
  facet normal 0.953685 0.300809 0
    outer loop
      vertex 37.4025 54.4186 2.4
      vertex 37.3579 54.56 0
      vertex 37.3579 54.56 2.4
    endloop
  endfacet
  facet normal 0.953685 0.300809 0
    outer loop
      vertex 37.3579 54.56 0
      vertex 37.4025 54.4186 2.4
      vertex 37.4025 54.4186 0
    endloop
  endfacet
  facet normal -0.843689 -0.536832 0
    outer loop
      vertex 40.4722 55.85 0
      vertex 40.3926 55.9751 2.4
      vertex 40.3926 55.9751 0
    endloop
  endfacet
  facet normal -0.843689 -0.536832 0
    outer loop
      vertex 40.3926 55.9751 2.4
      vertex 40.4722 55.85 0
      vertex 40.4722 55.85 2.4
    endloop
  endfacet
  facet normal 0.536832 -0.843689 0
    outer loop
      vertex 38.0249 56.3926 0
      vertex 38.15 56.4722 2.4
      vertex 38.0249 56.3926 2.4
    endloop
  endfacet
  facet normal 0.536832 -0.843689 0
    outer loop
      vertex 38.15 56.4722 2.4
      vertex 38.0249 56.3926 0
      vertex 38.15 56.4722 0
    endloop
  endfacet
  facet normal 0.0438175 -0.99904 0
    outer loop
      vertex 38.8518 56.6935 0
      vertex 39 56.7 2.4
      vertex 38.8518 56.6935 2.4
    endloop
  endfacet
  facet normal 0.0438175 -0.99904 0
    outer loop
      vertex 39 56.7 2.4
      vertex 38.8518 56.6935 0
      vertex 39 56.7 0
    endloop
  endfacet
  facet normal -0.0438175 0.99904 0
    outer loop
      vertex 39.1482 53.3065 0
      vertex 39 53.3 2.4
      vertex 39.1482 53.3065 2.4
    endloop
  endfacet
  facet normal -0.0438175 0.99904 0
    outer loop
      vertex 39 53.3 2.4
      vertex 39.1482 53.3065 0
      vertex 39 53.3 0
    endloop
  endfacet
  facet normal 0.216431 0.976298 -0
    outer loop
      vertex 38.7048 53.3258 0
      vertex 38.56 53.3579 2.4
      vertex 38.7048 53.3258 2.4
    endloop
  endfacet
  facet normal 0.216431 0.976298 0
    outer loop
      vertex 38.56 53.3579 2.4
      vertex 38.7048 53.3258 0
      vertex 38.56 53.3579 0
    endloop
  endfacet
  facet normal -0.675419 -0.737434 0
    outer loop
      vertex 40.0927 56.3023 0
      vertex 40.2021 56.2021 2.4
      vertex 40.0927 56.3023 2.4
    endloop
  endfacet
  facet normal -0.675419 -0.737434 -0
    outer loop
      vertex 40.2021 56.2021 2.4
      vertex 40.0927 56.3023 0
      vertex 40.2021 56.2021 0
    endloop
  endfacet
  facet normal 0.79315 -0.609026 0
    outer loop
      vertex 37.6074 55.9751 2.4
      vertex 37.6977 56.0927 0
      vertex 37.6977 56.0927 2.4
    endloop
  endfacet
  facet normal 0.79315 -0.609026 0
    outer loop
      vertex 37.6977 56.0927 0
      vertex 37.6074 55.9751 2.4
      vertex 37.6074 55.9751 0
    endloop
  endfacet
  facet normal 0.609026 -0.79315 0
    outer loop
      vertex 37.9073 56.3023 0
      vertex 38.0249 56.3926 2.4
      vertex 37.9073 56.3023 2.4
    endloop
  endfacet
  facet normal 0.609026 -0.79315 0
    outer loop
      vertex 38.0249 56.3926 2.4
      vertex 37.9073 56.3023 0
      vertex 38.0249 56.3926 0
    endloop
  endfacet
  facet normal -0.737434 -0.675419 0
    outer loop
      vertex 40.3023 56.0927 0
      vertex 40.2021 56.2021 2.4
      vertex 40.2021 56.2021 0
    endloop
  endfacet
  facet normal -0.737434 -0.675419 0
    outer loop
      vertex 40.2021 56.2021 2.4
      vertex 40.3023 56.0927 0
      vertex 40.3023 56.0927 2.4
    endloop
  endfacet
  facet normal -0.843689 0.536832 0
    outer loop
      vertex 40.3926 54.0249 0
      vertex 40.4722 54.15 2.4
      vertex 40.4722 54.15 0
    endloop
  endfacet
  facet normal -0.843689 0.536832 0
    outer loop
      vertex 40.4722 54.15 2.4
      vertex 40.3926 54.0249 0
      vertex 40.3926 54.0249 2.4
    endloop
  endfacet
  facet normal 0.382749 -0.923853 0
    outer loop
      vertex 38.2815 56.5407 0
      vertex 38.4186 56.5975 2.4
      vertex 38.2815 56.5407 2.4
    endloop
  endfacet
  facet normal 0.382749 -0.923853 0
    outer loop
      vertex 38.4186 56.5975 2.4
      vertex 38.2815 56.5407 0
      vertex 38.4186 56.5975 0
    endloop
  endfacet
  facet normal 0.46199 0.886885 -0
    outer loop
      vertex 38.2815 53.4593 0
      vertex 38.15 53.5278 2.4
      vertex 38.2815 53.4593 2.4
    endloop
  endfacet
  facet normal 0.46199 0.886885 0
    outer loop
      vertex 38.15 53.5278 2.4
      vertex 38.2815 53.4593 0
      vertex 38.15 53.5278 0
    endloop
  endfacet
  facet normal 0.991491 0.130175 0
    outer loop
      vertex 37.3258 54.7048 2.4
      vertex 37.3065 54.8518 0
      vertex 37.3065 54.8518 2.4
    endloop
  endfacet
  facet normal 0.991491 0.130175 0
    outer loop
      vertex 37.3065 54.8518 0
      vertex 37.3258 54.7048 2.4
      vertex 37.3258 54.7048 0
    endloop
  endfacet
  facet normal -0.976298 0.216431 0
    outer loop
      vertex 40.6421 54.56 0
      vertex 40.6742 54.7048 2.4
      vertex 40.6742 54.7048 0
    endloop
  endfacet
  facet normal -0.976298 0.216431 0
    outer loop
      vertex 40.6742 54.7048 2.4
      vertex 40.6421 54.56 0
      vertex 40.6421 54.56 2.4
    endloop
  endfacet
  facet normal -0.923853 0.382749 0
    outer loop
      vertex 40.5407 54.2815 0
      vertex 40.5975 54.4186 2.4
      vertex 40.5975 54.4186 0
    endloop
  endfacet
  facet normal -0.923853 0.382749 0
    outer loop
      vertex 40.5975 54.4186 2.4
      vertex 40.5407 54.2815 0
      vertex 40.5407 54.2815 2.4
    endloop
  endfacet
  facet normal -0.737434 0.675419 0
    outer loop
      vertex 40.2021 53.7979 0
      vertex 40.3023 53.9073 2.4
      vertex 40.3023 53.9073 0
    endloop
  endfacet
  facet normal -0.737434 0.675419 0
    outer loop
      vertex 40.3023 53.9073 2.4
      vertex 40.2021 53.7979 0
      vertex 40.2021 53.7979 2.4
    endloop
  endfacet
  facet normal -0.79315 0.609026 0
    outer loop
      vertex 40.3023 53.9073 0
      vertex 40.3926 54.0249 2.4
      vertex 40.3926 54.0249 0
    endloop
  endfacet
  facet normal -0.79315 0.609026 0
    outer loop
      vertex 40.3926 54.0249 2.4
      vertex 40.3023 53.9073 0
      vertex 40.3023 53.9073 2.4
    endloop
  endfacet
  facet normal 0.609026 0.79315 -0
    outer loop
      vertex 38.0249 53.6074 0
      vertex 37.9073 53.6977 2.4
      vertex 38.0249 53.6074 2.4
    endloop
  endfacet
  facet normal 0.609026 0.79315 0
    outer loop
      vertex 37.9073 53.6977 2.4
      vertex 38.0249 53.6074 0
      vertex 37.9073 53.6977 0
    endloop
  endfacet
  facet normal 0.675419 0.737434 -0
    outer loop
      vertex 37.9073 53.6977 0
      vertex 37.7979 53.7979 2.4
      vertex 37.9073 53.6977 2.4
    endloop
  endfacet
  facet normal 0.675419 0.737434 0
    outer loop
      vertex 37.7979 53.7979 2.4
      vertex 37.9073 53.6977 0
      vertex 37.7979 53.7979 0
    endloop
  endfacet
  facet normal 0.923853 0.382749 0
    outer loop
      vertex 37.4593 54.2815 2.4
      vertex 37.4025 54.4186 0
      vertex 37.4025 54.4186 2.4
    endloop
  endfacet
  facet normal 0.923853 0.382749 0
    outer loop
      vertex 37.4025 54.4186 0
      vertex 37.4593 54.2815 2.4
      vertex 37.4593 54.2815 0
    endloop
  endfacet
  facet normal 0.843689 -0.536832 0
    outer loop
      vertex 37.5278 55.85 2.4
      vertex 37.6074 55.9751 0
      vertex 37.6074 55.9751 2.4
    endloop
  endfacet
  facet normal 0.843689 -0.536832 0
    outer loop
      vertex 37.6074 55.9751 0
      vertex 37.5278 55.85 2.4
      vertex 37.5278 55.85 0
    endloop
  endfacet
  facet normal -0.609026 0.79315 0
    outer loop
      vertex 40.0927 53.6977 0
      vertex 39.9751 53.6074 2.4
      vertex 40.0927 53.6977 2.4
    endloop
  endfacet
  facet normal -0.609026 0.79315 0
    outer loop
      vertex 39.9751 53.6074 2.4
      vertex 40.0927 53.6977 0
      vertex 39.9751 53.6074 0
    endloop
  endfacet
  facet normal 0.99904 0.0438175 0
    outer loop
      vertex 37.3065 54.8518 2.4
      vertex 37.3 55 0
      vertex 37.3 55 2.4
    endloop
  endfacet
  facet normal 0.99904 0.0438175 0
    outer loop
      vertex 37.3 55 0
      vertex 37.3065 54.8518 2.4
      vertex 37.3065 54.8518 0
    endloop
  endfacet
  facet normal -0.46199 -0.886885 0
    outer loop
      vertex 39.7185 56.5407 0
      vertex 39.85 56.4722 2.4
      vertex 39.7185 56.5407 2.4
    endloop
  endfacet
  facet normal -0.46199 -0.886885 -0
    outer loop
      vertex 39.85 56.4722 2.4
      vertex 39.7185 56.5407 0
      vertex 39.85 56.4722 0
    endloop
  endfacet
  facet normal 0.953685 -0.300809 0
    outer loop
      vertex 37.3579 55.44 2.4
      vertex 37.4025 55.5814 0
      vertex 37.4025 55.5814 2.4
    endloop
  endfacet
  facet normal 0.953685 -0.300809 0
    outer loop
      vertex 37.4025 55.5814 0
      vertex 37.3579 55.44 2.4
      vertex 37.3579 55.44 0
    endloop
  endfacet
  facet normal 0.976298 -0.216431 0
    outer loop
      vertex 37.3258 55.2952 2.4
      vertex 37.3579 55.44 0
      vertex 37.3579 55.44 2.4
    endloop
  endfacet
  facet normal 0.976298 -0.216431 0
    outer loop
      vertex 37.3579 55.44 0
      vertex 37.3258 55.2952 2.4
      vertex 37.3258 55.2952 0
    endloop
  endfacet
  facet normal -0.953685 0.300809 0
    outer loop
      vertex 40.5975 54.4186 0
      vertex 40.6421 54.56 2.4
      vertex 40.6421 54.56 0
    endloop
  endfacet
  facet normal -0.953685 0.300809 0
    outer loop
      vertex 40.6421 54.56 2.4
      vertex 40.5975 54.4186 0
      vertex 40.5975 54.4186 2.4
    endloop
  endfacet
  facet normal -0.536832 0.843689 0
    outer loop
      vertex 39.9751 53.6074 0
      vertex 39.85 53.5278 2.4
      vertex 39.9751 53.6074 2.4
    endloop
  endfacet
  facet normal -0.536832 0.843689 0
    outer loop
      vertex 39.85 53.5278 2.4
      vertex 39.9751 53.6074 0
      vertex 39.85 53.5278 0
    endloop
  endfacet
  facet normal -0.130175 -0.991491 0
    outer loop
      vertex 39.1482 56.6935 0
      vertex 39.2952 56.6742 2.4
      vertex 39.1482 56.6935 2.4
    endloop
  endfacet
  facet normal -0.130175 -0.991491 -0
    outer loop
      vertex 39.2952 56.6742 2.4
      vertex 39.1482 56.6935 0
      vertex 39.2952 56.6742 0
    endloop
  endfacet
  facet normal -0.79315 -0.609026 0
    outer loop
      vertex 40.3926 55.9751 0
      vertex 40.3023 56.0927 2.4
      vertex 40.3023 56.0927 0
    endloop
  endfacet
  facet normal -0.79315 -0.609026 0
    outer loop
      vertex 40.3023 56.0927 2.4
      vertex 40.3926 55.9751 0
      vertex 40.3926 55.9751 2.4
    endloop
  endfacet
  facet normal 0.382749 0.923853 -0
    outer loop
      vertex 38.4186 53.4025 0
      vertex 38.2815 53.4593 2.4
      vertex 38.4186 53.4025 2.4
    endloop
  endfacet
  facet normal 0.382749 0.923853 0
    outer loop
      vertex 38.2815 53.4593 2.4
      vertex 38.4186 53.4025 0
      vertex 38.2815 53.4593 0
    endloop
  endfacet
  facet normal -0.886885 0.46199 0
    outer loop
      vertex 40.4722 54.15 0
      vertex 40.5407 54.2815 2.4
      vertex 40.5407 54.2815 0
    endloop
  endfacet
  facet normal -0.886885 0.46199 0
    outer loop
      vertex 40.5407 54.2815 2.4
      vertex 40.4722 54.15 0
      vertex 40.4722 54.15 2.4
    endloop
  endfacet
  facet normal -0.675419 0.737434 0
    outer loop
      vertex 40.2021 53.7979 0
      vertex 40.0927 53.6977 2.4
      vertex 40.2021 53.7979 2.4
    endloop
  endfacet
  facet normal -0.675419 0.737434 0
    outer loop
      vertex 40.0927 53.6977 2.4
      vertex 40.2021 53.7979 0
      vertex 40.0927 53.6977 0
    endloop
  endfacet
  facet normal -0.0439346 0.999034 0
    outer loop
      vertex -29.0954 -51.9954 0
      vertex -29.2 -52 2.4
      vertex -29.0954 -51.9954 2.4
    endloop
  endfacet
  facet normal -0.0439346 0.999034 0
    outer loop
      vertex -29.2 -52 2.4
      vertex -29.0954 -51.9954 0
      vertex -29.2 -52 0
    endloop
  endfacet
  facet normal 0.675378 -0.737471 0
    outer loop
      vertex -31.6485 -32.3515 0
      vertex -31.5713 -32.2808 2.4
      vertex -31.6485 -32.3515 2.4
    endloop
  endfacet
  facet normal 0.675378 -0.737471 0
    outer loop
      vertex -31.5713 -32.2808 2.4
      vertex -31.6485 -32.3515 0
      vertex -31.5713 -32.2808 0
    endloop
  endfacet
  facet normal -0.886857 0.462044 0
    outer loop
      vertex -28.1608 -51.4 0
      vertex -28.1124 -51.3071 2.4
      vertex -28.1124 -51.3071 0
    endloop
  endfacet
  facet normal -0.886857 0.462044 0
    outer loop
      vertex -28.1124 -51.3071 2.4
      vertex -28.1608 -51.4 0
      vertex -28.1608 -51.4 2.4
    endloop
  endfacet
  facet normal -0.129911 -0.991526 0
    outer loop
      vertex -29.0954 -32.0046 0
      vertex -28.9916 -32.0182 2.4
      vertex -29.0954 -32.0046 2.4
    endloop
  endfacet
  facet normal -0.129911 -0.991526 -0
    outer loop
      vertex -28.9916 -32.0182 2.4
      vertex -29.0954 -32.0046 0
      vertex -28.9916 -32.0182 0
    endloop
  endfacet
  facet normal 0.675378 0.737471 -0
    outer loop
      vertex -31.5713 -51.7192 0
      vertex -31.6485 -51.6485 2.4
      vertex -31.5713 -51.7192 2.4
    endloop
  endfacet
  facet normal 0.675378 0.737471 0
    outer loop
      vertex -31.6485 -51.6485 2.4
      vertex -31.5713 -51.7192 0
      vertex -31.6485 -51.6485 0
    endloop
  endfacet
  facet normal -0.609434 -0.792837 0
    outer loop
      vertex -28.5117 -32.217 0
      vertex -28.4287 -32.2808 2.4
      vertex -28.5117 -32.217 2.4
    endloop
  endfacet
  facet normal -0.609434 -0.792837 -0
    outer loop
      vertex -28.4287 -32.2808 2.4
      vertex -28.5117 -32.217 0
      vertex -28.4287 -32.2808 0
    endloop
  endfacet
  facet normal -0.843622 0.536937 0
    outer loop
      vertex -28.217 -51.4883 0
      vertex -28.1608 -51.4 2.4
      vertex -28.1608 -51.4 0
    endloop
  endfacet
  facet normal -0.843622 0.536937 0
    outer loop
      vertex -28.1608 -51.4 2.4
      vertex -28.217 -51.4883 0
      vertex -28.217 -51.4883 2.4
    endloop
  endfacet
  facet normal 0.886857 -0.462044 0
    outer loop
      vertex -31.8876 -32.6929 2.4
      vertex -31.8392 -32.6 0
      vertex -31.8392 -32.6 2.4
    endloop
  endfacet
  facet normal 0.886857 -0.462044 0
    outer loop
      vertex -31.8392 -32.6 0
      vertex -31.8876 -32.6929 2.4
      vertex -31.8876 -32.6929 0
    endloop
  endfacet
  facet normal 0.129911 0.991526 -0
    outer loop
      vertex -30.9046 -51.9954 0
      vertex -31.0084 -51.9818 2.4
      vertex -30.9046 -51.9954 2.4
    endloop
  endfacet
  facet normal 0.129911 0.991526 0
    outer loop
      vertex -31.0084 -51.9818 2.4
      vertex -30.9046 -51.9954 0
      vertex -31.0084 -51.9818 0
    endloop
  endfacet
  facet normal 0.886857 0.462044 0
    outer loop
      vertex -31.8392 -51.4 2.4
      vertex -31.8876 -51.3071 0
      vertex -31.8876 -51.3071 2.4
    endloop
  endfacet
  facet normal 0.886857 0.462044 0
    outer loop
      vertex -31.8876 -51.3071 0
      vertex -31.8392 -51.4 2.4
      vertex -31.8392 -51.4 0
    endloop
  endfacet
  facet normal -0.886857 -0.462044 0
    outer loop
      vertex -28.1124 -32.6929 0
      vertex -28.1608 -32.6 2.4
      vertex -28.1608 -32.6 0
    endloop
  endfacet
  facet normal -0.886857 -0.462044 0
    outer loop
      vertex -28.1608 -32.6 2.4
      vertex -28.1124 -32.6929 0
      vertex -28.1124 -32.6929 2.4
    endloop
  endfacet
  facet normal 0 1 -0
    outer loop
      vertex -29.2 -52 0
      vertex -30.8 -52 2.4
      vertex -29.2 -52 2.4
    endloop
  endfacet
  facet normal 0 1 0
    outer loop
      vertex -30.8 -52 2.4
      vertex -29.2 -52 0
      vertex -30.8 -52 0
    endloop
  endfacet
  facet normal -0.792837 -0.609434 0
    outer loop
      vertex -28.217 -32.5117 0
      vertex -28.2808 -32.4287 2.4
      vertex -28.2808 -32.4287 0
    endloop
  endfacet
  facet normal -0.792837 -0.609434 0
    outer loop
      vertex -28.2808 -32.4287 2.4
      vertex -28.217 -32.5117 0
      vertex -28.217 -32.5117 2.4
    endloop
  endfacet
  facet normal 0.216829 0.97621 -0
    outer loop
      vertex -31.0084 -51.9818 0
      vertex -31.1106 -51.9591 2.4
      vertex -31.0084 -51.9818 2.4
    endloop
  endfacet
  facet normal 0.216829 0.97621 0
    outer loop
      vertex -31.1106 -51.9591 2.4
      vertex -31.0084 -51.9818 0
      vertex -31.1106 -51.9591 0
    endloop
  endfacet
  facet normal -0.953626 0.300994 0
    outer loop
      vertex -28.0724 -51.2104 0
      vertex -28.0409 -51.1106 2.4
      vertex -28.0409 -51.1106 0
    endloop
  endfacet
  facet normal -0.953626 0.300994 0
    outer loop
      vertex -28.0409 -51.1106 2.4
      vertex -28.0724 -51.2104 0
      vertex -28.0724 -51.2104 2.4
    endloop
  endfacet
  facet normal 0.737471 -0.675378 0
    outer loop
      vertex -31.7192 -32.4287 2.4
      vertex -31.6485 -32.3515 0
      vertex -31.6485 -32.3515 2.4
    endloop
  endfacet
  facet normal 0.737471 -0.675378 0
    outer loop
      vertex -31.6485 -32.3515 0
      vertex -31.7192 -32.4287 2.4
      vertex -31.7192 -32.4287 0
    endloop
  endfacet
  facet normal 0.609434 0.792837 -0
    outer loop
      vertex -31.4883 -51.783 0
      vertex -31.5713 -51.7192 2.4
      vertex -31.4883 -51.783 2.4
    endloop
  endfacet
  facet normal 0.609434 0.792837 0
    outer loop
      vertex -31.5713 -51.7192 2.4
      vertex -31.4883 -51.783 0
      vertex -31.5713 -51.7192 0
    endloop
  endfacet
  facet normal 0.999034 0.0439346 0
    outer loop
      vertex -31.9954 -50.9046 2.4
      vertex -32 -50.8 0
      vertex -32 -50.8 2.4
    endloop
  endfacet
  facet normal 0.999034 0.0439346 0
    outer loop
      vertex -32 -50.8 0
      vertex -31.9954 -50.9046 2.4
      vertex -31.9954 -50.9046 0
    endloop
  endfacet
  facet normal 0.953626 0.300994 0
    outer loop
      vertex -31.9276 -51.2104 2.4
      vertex -31.9591 -51.1106 0
      vertex -31.9591 -51.1106 2.4
    endloop
  endfacet
  facet normal 0.953626 0.300994 0
    outer loop
      vertex -31.9591 -51.1106 0
      vertex -31.9276 -51.2104 2.4
      vertex -31.9276 -51.2104 0
    endloop
  endfacet
  facet normal 0.129911 -0.991526 0
    outer loop
      vertex -31.0084 -32.0182 0
      vertex -30.9046 -32.0046 2.4
      vertex -31.0084 -32.0182 2.4
    endloop
  endfacet
  facet normal 0.129911 -0.991526 0
    outer loop
      vertex -30.9046 -32.0046 2.4
      vertex -31.0084 -32.0182 0
      vertex -30.9046 -32.0046 0
    endloop
  endfacet
  facet normal 0.0439346 0.999034 -0
    outer loop
      vertex -30.8 -52 0
      vertex -30.9046 -51.9954 2.4
      vertex -30.8 -52 2.4
    endloop
  endfacet
  facet normal 0.0439346 0.999034 0
    outer loop
      vertex -30.9046 -51.9954 2.4
      vertex -30.8 -52 0
      vertex -30.9046 -51.9954 0
    endloop
  endfacet
  facet normal 0.0439346 -0.999034 0
    outer loop
      vertex -30.9046 -32.0046 0
      vertex -30.8 -32 2.4
      vertex -30.9046 -32.0046 2.4
    endloop
  endfacet
  facet normal 0.0439346 -0.999034 0
    outer loop
      vertex -30.8 -32 2.4
      vertex -30.9046 -32.0046 0
      vertex -30.8 -32 0
    endloop
  endfacet
  facet normal -0.953626 -0.300994 0
    outer loop
      vertex -28.0409 -32.8894 0
      vertex -28.0724 -32.7896 2.4
      vertex -28.0724 -32.7896 0
    endloop
  endfacet
  facet normal -0.953626 -0.300994 0
    outer loop
      vertex -28.0724 -32.7896 2.4
      vertex -28.0409 -32.8894 0
      vertex -28.0409 -32.8894 2.4
    endloop
  endfacet
  facet normal 0.792837 -0.609434 0
    outer loop
      vertex -31.783 -32.5117 2.4
      vertex -31.7192 -32.4287 0
      vertex -31.7192 -32.4287 2.4
    endloop
  endfacet
  facet normal 0.792837 -0.609434 0
    outer loop
      vertex -31.7192 -32.4287 0
      vertex -31.783 -32.5117 2.4
      vertex -31.783 -32.5117 0
    endloop
  endfacet
  facet normal -0.97621 -0.216829 0
    outer loop
      vertex -28.0182 -32.9916 0
      vertex -28.0409 -32.8894 2.4
      vertex -28.0409 -32.8894 0
    endloop
  endfacet
  facet normal -0.97621 -0.216829 0
    outer loop
      vertex -28.0409 -32.8894 2.4
      vertex -28.0182 -32.9916 0
      vertex -28.0182 -32.9916 2.4
    endloop
  endfacet
  facet normal -0.462044 0.886857 0
    outer loop
      vertex -28.6 -51.8392 0
      vertex -28.6929 -51.8876 2.4
      vertex -28.6 -51.8392 2.4
    endloop
  endfacet
  facet normal -0.462044 0.886857 0
    outer loop
      vertex -28.6929 -51.8876 2.4
      vertex -28.6 -51.8392 0
      vertex -28.6929 -51.8876 0
    endloop
  endfacet
  facet normal 0.792837 0.609434 0
    outer loop
      vertex -31.7192 -51.5713 2.4
      vertex -31.783 -51.4883 0
      vertex -31.783 -51.4883 2.4
    endloop
  endfacet
  facet normal 0.792837 0.609434 0
    outer loop
      vertex -31.783 -51.4883 0
      vertex -31.7192 -51.5713 2.4
      vertex -31.7192 -51.5713 0
    endloop
  endfacet
  facet normal -0.924063 -0.382239 0
    outer loop
      vertex -28.0724 -32.7896 0
      vertex -28.1124 -32.6929 2.4
      vertex -28.1124 -32.6929 0
    endloop
  endfacet
  facet normal -0.924063 -0.382239 0
    outer loop
      vertex -28.1124 -32.6929 2.4
      vertex -28.0724 -32.7896 0
      vertex -28.0724 -32.7896 2.4
    endloop
  endfacet
  facet normal 0.382239 0.924063 -0
    outer loop
      vertex -31.2104 -51.9276 0
      vertex -31.3071 -51.8876 2.4
      vertex -31.2104 -51.9276 2.4
    endloop
  endfacet
  facet normal 0.382239 0.924063 0
    outer loop
      vertex -31.3071 -51.8876 2.4
      vertex -31.2104 -51.9276 0
      vertex -31.3071 -51.8876 0
    endloop
  endfacet
  facet normal 0.999034 -0.0439346 0
    outer loop
      vertex -32 -33.2 2.4
      vertex -31.9954 -33.0954 0
      vertex -31.9954 -33.0954 2.4
    endloop
  endfacet
  facet normal 0.999034 -0.0439346 0
    outer loop
      vertex -31.9954 -33.0954 0
      vertex -32 -33.2 2.4
      vertex -32 -33.2 0
    endloop
  endfacet
  facet normal 0 -1 0
    outer loop
      vertex -30.8 -32 0
      vertex -29.2 -32 2.4
      vertex -30.8 -32 2.4
    endloop
  endfacet
  facet normal 0 -1 -0
    outer loop
      vertex -29.2 -32 2.4
      vertex -30.8 -32 0
      vertex -29.2 -32 0
    endloop
  endfacet
  facet normal 0.216829 -0.97621 0
    outer loop
      vertex -31.1106 -32.0409 0
      vertex -31.0084 -32.0182 2.4
      vertex -31.1106 -32.0409 2.4
    endloop
  endfacet
  facet normal 0.216829 -0.97621 0
    outer loop
      vertex -31.0084 -32.0182 2.4
      vertex -31.1106 -32.0409 0
      vertex -31.0084 -32.0182 0
    endloop
  endfacet
  facet normal 0.300994 0.953626 -0
    outer loop
      vertex -31.1106 -51.9591 0
      vertex -31.2104 -51.9276 2.4
      vertex -31.1106 -51.9591 2.4
    endloop
  endfacet
  facet normal 0.300994 0.953626 0
    outer loop
      vertex -31.2104 -51.9276 2.4
      vertex -31.1106 -51.9591 0
      vertex -31.2104 -51.9276 0
    endloop
  endfacet
  facet normal 0.97621 -0.216829 0
    outer loop
      vertex -31.9818 -32.9916 2.4
      vertex -31.9591 -32.8894 0
      vertex -31.9591 -32.8894 2.4
    endloop
  endfacet
  facet normal 0.97621 -0.216829 0
    outer loop
      vertex -31.9591 -32.8894 0
      vertex -31.9818 -32.9916 2.4
      vertex -31.9818 -32.9916 0
    endloop
  endfacet
  facet normal 0.609434 -0.792837 0
    outer loop
      vertex -31.5713 -32.2808 0
      vertex -31.4883 -32.217 2.4
      vertex -31.5713 -32.2808 2.4
    endloop
  endfacet
  facet normal 0.609434 -0.792837 0
    outer loop
      vertex -31.4883 -32.217 2.4
      vertex -31.5713 -32.2808 0
      vertex -31.4883 -32.217 0
    endloop
  endfacet
  facet normal -0.737471 0.675378 0
    outer loop
      vertex -28.3515 -51.6485 0
      vertex -28.2808 -51.5713 2.4
      vertex -28.2808 -51.5713 0
    endloop
  endfacet
  facet normal -0.737471 0.675378 0
    outer loop
      vertex -28.2808 -51.5713 2.4
      vertex -28.3515 -51.6485 0
      vertex -28.3515 -51.6485 2.4
    endloop
  endfacet
  facet normal 0.536937 -0.843622 0
    outer loop
      vertex -31.4883 -32.217 0
      vertex -31.4 -32.1608 2.4
      vertex -31.4883 -32.217 2.4
    endloop
  endfacet
  facet normal 0.536937 -0.843622 0
    outer loop
      vertex -31.4 -32.1608 2.4
      vertex -31.4883 -32.217 0
      vertex -31.4 -32.1608 0
    endloop
  endfacet
  facet normal -0.536937 -0.843622 0
    outer loop
      vertex -28.6 -32.1608 0
      vertex -28.5117 -32.217 2.4
      vertex -28.6 -32.1608 2.4
    endloop
  endfacet
  facet normal -0.536937 -0.843622 -0
    outer loop
      vertex -28.5117 -32.217 2.4
      vertex -28.6 -32.1608 0
      vertex -28.5117 -32.217 0
    endloop
  endfacet
  facet normal 0.843622 -0.536937 0
    outer loop
      vertex -31.8392 -32.6 2.4
      vertex -31.783 -32.5117 0
      vertex -31.783 -32.5117 2.4
    endloop
  endfacet
  facet normal 0.843622 -0.536937 0
    outer loop
      vertex -31.783 -32.5117 0
      vertex -31.8392 -32.6 2.4
      vertex -31.8392 -32.6 0
    endloop
  endfacet
  facet normal -0.462044 -0.886857 0
    outer loop
      vertex -28.6929 -32.1124 0
      vertex -28.6 -32.1608 2.4
      vertex -28.6929 -32.1124 2.4
    endloop
  endfacet
  facet normal -0.462044 -0.886857 -0
    outer loop
      vertex -28.6 -32.1608 2.4
      vertex -28.6929 -32.1124 0
      vertex -28.6 -32.1608 0
    endloop
  endfacet
  facet normal -0.999034 0.0439346 0
    outer loop
      vertex -28.0046 -50.9046 0
      vertex -28 -50.8 2.4
      vertex -28 -50.8 0
    endloop
  endfacet
  facet normal -0.999034 0.0439346 0
    outer loop
      vertex -28 -50.8 2.4
      vertex -28.0046 -50.9046 0
      vertex -28.0046 -50.9046 2.4
    endloop
  endfacet
  facet normal -0.924063 0.382239 0
    outer loop
      vertex -28.1124 -51.3071 0
      vertex -28.0724 -51.2104 2.4
      vertex -28.0724 -51.2104 0
    endloop
  endfacet
  facet normal -0.924063 0.382239 0
    outer loop
      vertex -28.0724 -51.2104 2.4
      vertex -28.1124 -51.3071 0
      vertex -28.1124 -51.3071 2.4
    endloop
  endfacet
  facet normal -0.382239 0.924063 0
    outer loop
      vertex -28.6929 -51.8876 0
      vertex -28.7896 -51.9276 2.4
      vertex -28.6929 -51.8876 2.4
    endloop
  endfacet
  facet normal -0.382239 0.924063 0
    outer loop
      vertex -28.7896 -51.9276 2.4
      vertex -28.6929 -51.8876 0
      vertex -28.7896 -51.9276 0
    endloop
  endfacet
  facet normal 1 -0 0
    outer loop
      vertex -32 -50.8 2.4
      vertex -32 -33.2 0
      vertex -32 -33.2 2.4
    endloop
  endfacet
  facet normal 1 0 0
    outer loop
      vertex -32 -33.2 0
      vertex -32 -50.8 2.4
      vertex -32 -50.8 0
    endloop
  endfacet
  facet normal -0.216829 0.97621 0
    outer loop
      vertex -28.8894 -51.9591 0
      vertex -28.9916 -51.9818 2.4
      vertex -28.8894 -51.9591 2.4
    endloop
  endfacet
  facet normal -0.216829 0.97621 0
    outer loop
      vertex -28.9916 -51.9818 2.4
      vertex -28.8894 -51.9591 0
      vertex -28.9916 -51.9818 0
    endloop
  endfacet
  facet normal -0.0439346 -0.999034 0
    outer loop
      vertex -29.2 -32 0
      vertex -29.0954 -32.0046 2.4
      vertex -29.2 -32 2.4
    endloop
  endfacet
  facet normal -0.0439346 -0.999034 -0
    outer loop
      vertex -29.0954 -32.0046 2.4
      vertex -29.2 -32 0
      vertex -29.0954 -32.0046 0
    endloop
  endfacet
  facet normal -0.129911 0.991526 0
    outer loop
      vertex -28.9916 -51.9818 0
      vertex -29.0954 -51.9954 2.4
      vertex -28.9916 -51.9818 2.4
    endloop
  endfacet
  facet normal -0.129911 0.991526 0
    outer loop
      vertex -29.0954 -51.9954 2.4
      vertex -28.9916 -51.9818 0
      vertex -29.0954 -51.9954 0
    endloop
  endfacet
  facet normal 0.382239 -0.924063 0
    outer loop
      vertex -31.3071 -32.1124 0
      vertex -31.2104 -32.0724 2.4
      vertex -31.3071 -32.1124 2.4
    endloop
  endfacet
  facet normal 0.382239 -0.924063 0
    outer loop
      vertex -31.2104 -32.0724 2.4
      vertex -31.3071 -32.1124 0
      vertex -31.2104 -32.0724 0
    endloop
  endfacet
  facet normal -0.675378 0.737471 0
    outer loop
      vertex -28.3515 -51.6485 0
      vertex -28.4287 -51.7192 2.4
      vertex -28.3515 -51.6485 2.4
    endloop
  endfacet
  facet normal -0.675378 0.737471 0
    outer loop
      vertex -28.4287 -51.7192 2.4
      vertex -28.3515 -51.6485 0
      vertex -28.4287 -51.7192 0
    endloop
  endfacet
  facet normal -0.97621 0.216829 0
    outer loop
      vertex -28.0409 -51.1106 0
      vertex -28.0182 -51.0084 2.4
      vertex -28.0182 -51.0084 0
    endloop
  endfacet
  facet normal -0.97621 0.216829 0
    outer loop
      vertex -28.0182 -51.0084 2.4
      vertex -28.0409 -51.1106 0
      vertex -28.0409 -51.1106 2.4
    endloop
  endfacet
  facet normal -0.216829 -0.97621 0
    outer loop
      vertex -28.9916 -32.0182 0
      vertex -28.8894 -32.0409 2.4
      vertex -28.9916 -32.0182 2.4
    endloop
  endfacet
  facet normal -0.216829 -0.97621 -0
    outer loop
      vertex -28.8894 -32.0409 2.4
      vertex -28.9916 -32.0182 0
      vertex -28.8894 -32.0409 0
    endloop
  endfacet
  facet normal 0.924063 -0.382239 0
    outer loop
      vertex -31.9276 -32.7896 2.4
      vertex -31.8876 -32.6929 0
      vertex -31.8876 -32.6929 2.4
    endloop
  endfacet
  facet normal 0.924063 -0.382239 0
    outer loop
      vertex -31.8876 -32.6929 0
      vertex -31.9276 -32.7896 2.4
      vertex -31.9276 -32.7896 0
    endloop
  endfacet
  facet normal 0.737471 0.675378 0
    outer loop
      vertex -31.6485 -51.6485 2.4
      vertex -31.7192 -51.5713 0
      vertex -31.7192 -51.5713 2.4
    endloop
  endfacet
  facet normal 0.737471 0.675378 0
    outer loop
      vertex -31.7192 -51.5713 0
      vertex -31.6485 -51.6485 2.4
      vertex -31.6485 -51.6485 0
    endloop
  endfacet
  facet normal -0.843622 -0.536937 0
    outer loop
      vertex -28.1608 -32.6 0
      vertex -28.217 -32.5117 2.4
      vertex -28.217 -32.5117 0
    endloop
  endfacet
  facet normal -0.843622 -0.536937 0
    outer loop
      vertex -28.217 -32.5117 2.4
      vertex -28.1608 -32.6 0
      vertex -28.1608 -32.6 2.4
    endloop
  endfacet
  facet normal 0.924063 0.382239 0
    outer loop
      vertex -31.8876 -51.3071 2.4
      vertex -31.9276 -51.2104 0
      vertex -31.9276 -51.2104 2.4
    endloop
  endfacet
  facet normal 0.924063 0.382239 0
    outer loop
      vertex -31.9276 -51.2104 0
      vertex -31.8876 -51.3071 2.4
      vertex -31.8876 -51.3071 0
    endloop
  endfacet
  facet normal 0.991526 0.129911 0
    outer loop
      vertex -31.9818 -51.0084 2.4
      vertex -31.9954 -50.9046 0
      vertex -31.9954 -50.9046 2.4
    endloop
  endfacet
  facet normal 0.991526 0.129911 0
    outer loop
      vertex -31.9954 -50.9046 0
      vertex -31.9818 -51.0084 2.4
      vertex -31.9818 -51.0084 0
    endloop
  endfacet
  facet normal 0.536937 0.843622 -0
    outer loop
      vertex -31.4 -51.8392 0
      vertex -31.4883 -51.783 2.4
      vertex -31.4 -51.8392 2.4
    endloop
  endfacet
  facet normal 0.536937 0.843622 0
    outer loop
      vertex -31.4883 -51.783 2.4
      vertex -31.4 -51.8392 0
      vertex -31.4883 -51.783 0
    endloop
  endfacet
  facet normal 0.97621 0.216829 0
    outer loop
      vertex -31.9591 -51.1106 2.4
      vertex -31.9818 -51.0084 0
      vertex -31.9818 -51.0084 2.4
    endloop
  endfacet
  facet normal 0.97621 0.216829 0
    outer loop
      vertex -31.9818 -51.0084 0
      vertex -31.9591 -51.1106 2.4
      vertex -31.9591 -51.1106 0
    endloop
  endfacet
  facet normal -0.991526 -0.129911 0
    outer loop
      vertex -28.0046 -33.0954 0
      vertex -28.0182 -32.9916 2.4
      vertex -28.0182 -32.9916 0
    endloop
  endfacet
  facet normal -0.991526 -0.129911 0
    outer loop
      vertex -28.0182 -32.9916 2.4
      vertex -28.0046 -33.0954 0
      vertex -28.0046 -33.0954 2.4
    endloop
  endfacet
  facet normal -0.300994 -0.953626 0
    outer loop
      vertex -28.8894 -32.0409 0
      vertex -28.7896 -32.0724 2.4
      vertex -28.8894 -32.0409 2.4
    endloop
  endfacet
  facet normal -0.300994 -0.953626 -0
    outer loop
      vertex -28.7896 -32.0724 2.4
      vertex -28.8894 -32.0409 0
      vertex -28.7896 -32.0724 0
    endloop
  endfacet
  facet normal -1 0 0
    outer loop
      vertex -28 -50.8 0
      vertex -28 -33.2 2.4
      vertex -28 -33.2 0
    endloop
  endfacet
  facet normal -1 -0 0
    outer loop
      vertex -28 -33.2 2.4
      vertex -28 -50.8 0
      vertex -28 -50.8 2.4
    endloop
  endfacet
  facet normal 0.300994 -0.953626 0
    outer loop
      vertex -31.2104 -32.0724 0
      vertex -31.1106 -32.0409 2.4
      vertex -31.2104 -32.0724 2.4
    endloop
  endfacet
  facet normal 0.300994 -0.953626 0
    outer loop
      vertex -31.1106 -32.0409 2.4
      vertex -31.2104 -32.0724 0
      vertex -31.1106 -32.0409 0
    endloop
  endfacet
  facet normal 0.991526 -0.129911 0
    outer loop
      vertex -31.9954 -33.0954 2.4
      vertex -31.9818 -32.9916 0
      vertex -31.9818 -32.9916 2.4
    endloop
  endfacet
  facet normal 0.991526 -0.129911 0
    outer loop
      vertex -31.9818 -32.9916 0
      vertex -31.9954 -33.0954 2.4
      vertex -31.9954 -33.0954 0
    endloop
  endfacet
  facet normal -0.792837 0.609434 0
    outer loop
      vertex -28.2808 -51.5713 0
      vertex -28.217 -51.4883 2.4
      vertex -28.217 -51.4883 0
    endloop
  endfacet
  facet normal -0.792837 0.609434 0
    outer loop
      vertex -28.217 -51.4883 2.4
      vertex -28.2808 -51.5713 0
      vertex -28.2808 -51.5713 2.4
    endloop
  endfacet
  facet normal -0.382239 -0.924063 0
    outer loop
      vertex -28.7896 -32.0724 0
      vertex -28.6929 -32.1124 2.4
      vertex -28.7896 -32.0724 2.4
    endloop
  endfacet
  facet normal -0.382239 -0.924063 -0
    outer loop
      vertex -28.6929 -32.1124 2.4
      vertex -28.7896 -32.0724 0
      vertex -28.6929 -32.1124 0
    endloop
  endfacet
  facet normal -0.999034 -0.0439346 0
    outer loop
      vertex -28 -33.2 0
      vertex -28.0046 -33.0954 2.4
      vertex -28.0046 -33.0954 0
    endloop
  endfacet
  facet normal -0.999034 -0.0439346 0
    outer loop
      vertex -28.0046 -33.0954 2.4
      vertex -28 -33.2 0
      vertex -28 -33.2 2.4
    endloop
  endfacet
  facet normal -0.300994 0.953626 0
    outer loop
      vertex -28.7896 -51.9276 0
      vertex -28.8894 -51.9591 2.4
      vertex -28.7896 -51.9276 2.4
    endloop
  endfacet
  facet normal -0.300994 0.953626 0
    outer loop
      vertex -28.8894 -51.9591 2.4
      vertex -28.7896 -51.9276 0
      vertex -28.8894 -51.9591 0
    endloop
  endfacet
  facet normal 0.843622 0.536937 0
    outer loop
      vertex -31.783 -51.4883 2.4
      vertex -31.8392 -51.4 0
      vertex -31.8392 -51.4 2.4
    endloop
  endfacet
  facet normal 0.843622 0.536937 0
    outer loop
      vertex -31.8392 -51.4 0
      vertex -31.783 -51.4883 2.4
      vertex -31.783 -51.4883 0
    endloop
  endfacet
  facet normal 0.462044 0.886857 -0
    outer loop
      vertex -31.3071 -51.8876 0
      vertex -31.4 -51.8392 2.4
      vertex -31.3071 -51.8876 2.4
    endloop
  endfacet
  facet normal 0.462044 0.886857 0
    outer loop
      vertex -31.4 -51.8392 2.4
      vertex -31.3071 -51.8876 0
      vertex -31.4 -51.8392 0
    endloop
  endfacet
  facet normal 0.953626 -0.300994 0
    outer loop
      vertex -31.9591 -32.8894 2.4
      vertex -31.9276 -32.7896 0
      vertex -31.9276 -32.7896 2.4
    endloop
  endfacet
  facet normal 0.953626 -0.300994 0
    outer loop
      vertex -31.9276 -32.7896 0
      vertex -31.9591 -32.8894 2.4
      vertex -31.9591 -32.8894 0
    endloop
  endfacet
  facet normal -0.991526 0.129911 0
    outer loop
      vertex -28.0182 -51.0084 0
      vertex -28.0046 -50.9046 2.4
      vertex -28.0046 -50.9046 0
    endloop
  endfacet
  facet normal -0.991526 0.129911 0
    outer loop
      vertex -28.0046 -50.9046 2.4
      vertex -28.0182 -51.0084 0
      vertex -28.0182 -51.0084 2.4
    endloop
  endfacet
  facet normal -0.609434 0.792837 0
    outer loop
      vertex -28.4287 -51.7192 0
      vertex -28.5117 -51.783 2.4
      vertex -28.4287 -51.7192 2.4
    endloop
  endfacet
  facet normal -0.609434 0.792837 0
    outer loop
      vertex -28.5117 -51.783 2.4
      vertex -28.4287 -51.7192 0
      vertex -28.5117 -51.783 0
    endloop
  endfacet
  facet normal 0.462044 -0.886857 0
    outer loop
      vertex -31.4 -32.1608 0
      vertex -31.3071 -32.1124 2.4
      vertex -31.4 -32.1608 2.4
    endloop
  endfacet
  facet normal 0.462044 -0.886857 0
    outer loop
      vertex -31.3071 -32.1124 2.4
      vertex -31.4 -32.1608 0
      vertex -31.3071 -32.1124 0
    endloop
  endfacet
  facet normal -0.675378 -0.737471 0
    outer loop
      vertex -28.4287 -32.2808 0
      vertex -28.3515 -32.3515 2.4
      vertex -28.4287 -32.2808 2.4
    endloop
  endfacet
  facet normal -0.675378 -0.737471 -0
    outer loop
      vertex -28.3515 -32.3515 2.4
      vertex -28.4287 -32.2808 0
      vertex -28.3515 -32.3515 0
    endloop
  endfacet
  facet normal -0.737471 -0.675378 0
    outer loop
      vertex -28.2808 -32.4287 0
      vertex -28.3515 -32.3515 2.4
      vertex -28.3515 -32.3515 0
    endloop
  endfacet
  facet normal -0.737471 -0.675378 0
    outer loop
      vertex -28.3515 -32.3515 2.4
      vertex -28.2808 -32.4287 0
      vertex -28.2808 -32.4287 2.4
    endloop
  endfacet
  facet normal -0.536937 0.843622 0
    outer loop
      vertex -28.5117 -51.783 0
      vertex -28.6 -51.8392 2.4
      vertex -28.5117 -51.783 2.4
    endloop
  endfacet
  facet normal -0.536937 0.843622 0
    outer loop
      vertex -28.6 -51.8392 2.4
      vertex -28.5117 -51.783 0
      vertex -28.6 -51.8392 0
    endloop
  endfacet
  facet normal -0.0439346 0.999034 0
    outer loop
      vertex 30.9046 -51.9954 0
      vertex 30.8 -52 2.4
      vertex 30.9046 -51.9954 2.4
    endloop
  endfacet
  facet normal -0.0439346 0.999034 0
    outer loop
      vertex 30.8 -52 2.4
      vertex 30.9046 -51.9954 0
      vertex 30.8 -52 0
    endloop
  endfacet
  facet normal 0.675378 -0.737471 0
    outer loop
      vertex 28.3515 -32.3515 0
      vertex 28.4287 -32.2808 2.4
      vertex 28.3515 -32.3515 2.4
    endloop
  endfacet
  facet normal 0.675378 -0.737471 0
    outer loop
      vertex 28.4287 -32.2808 2.4
      vertex 28.3515 -32.3515 0
      vertex 28.4287 -32.2808 0
    endloop
  endfacet
  facet normal -0.886857 0.462044 0
    outer loop
      vertex 31.8392 -51.4 0
      vertex 31.8876 -51.3071 2.4
      vertex 31.8876 -51.3071 0
    endloop
  endfacet
  facet normal -0.886857 0.462044 0
    outer loop
      vertex 31.8876 -51.3071 2.4
      vertex 31.8392 -51.4 0
      vertex 31.8392 -51.4 2.4
    endloop
  endfacet
  facet normal -0.129911 -0.991526 0
    outer loop
      vertex 30.9046 -32.0046 0
      vertex 31.0084 -32.0182 2.4
      vertex 30.9046 -32.0046 2.4
    endloop
  endfacet
  facet normal -0.129911 -0.991526 -0
    outer loop
      vertex 31.0084 -32.0182 2.4
      vertex 30.9046 -32.0046 0
      vertex 31.0084 -32.0182 0
    endloop
  endfacet
  facet normal 0.675378 0.737471 -0
    outer loop
      vertex 28.4287 -51.7192 0
      vertex 28.3515 -51.6485 2.4
      vertex 28.4287 -51.7192 2.4
    endloop
  endfacet
  facet normal 0.675378 0.737471 0
    outer loop
      vertex 28.3515 -51.6485 2.4
      vertex 28.4287 -51.7192 0
      vertex 28.3515 -51.6485 0
    endloop
  endfacet
  facet normal -0.609434 -0.792837 0
    outer loop
      vertex 31.4883 -32.217 0
      vertex 31.5713 -32.2808 2.4
      vertex 31.4883 -32.217 2.4
    endloop
  endfacet
  facet normal -0.609434 -0.792837 -0
    outer loop
      vertex 31.5713 -32.2808 2.4
      vertex 31.4883 -32.217 0
      vertex 31.5713 -32.2808 0
    endloop
  endfacet
  facet normal -0.843622 0.536937 0
    outer loop
      vertex 31.783 -51.4883 0
      vertex 31.8392 -51.4 2.4
      vertex 31.8392 -51.4 0
    endloop
  endfacet
  facet normal -0.843622 0.536937 0
    outer loop
      vertex 31.8392 -51.4 2.4
      vertex 31.783 -51.4883 0
      vertex 31.783 -51.4883 2.4
    endloop
  endfacet
  facet normal 0.886857 -0.462044 0
    outer loop
      vertex 28.1124 -32.6929 2.4
      vertex 28.1608 -32.6 0
      vertex 28.1608 -32.6 2.4
    endloop
  endfacet
  facet normal 0.886857 -0.462044 0
    outer loop
      vertex 28.1608 -32.6 0
      vertex 28.1124 -32.6929 2.4
      vertex 28.1124 -32.6929 0
    endloop
  endfacet
  facet normal 0.129911 0.991526 -0
    outer loop
      vertex 29.0954 -51.9954 0
      vertex 28.9916 -51.9818 2.4
      vertex 29.0954 -51.9954 2.4
    endloop
  endfacet
  facet normal 0.129911 0.991526 0
    outer loop
      vertex 28.9916 -51.9818 2.4
      vertex 29.0954 -51.9954 0
      vertex 28.9916 -51.9818 0
    endloop
  endfacet
  facet normal 0.886857 0.462044 0
    outer loop
      vertex 28.1608 -51.4 2.4
      vertex 28.1124 -51.3071 0
      vertex 28.1124 -51.3071 2.4
    endloop
  endfacet
  facet normal 0.886857 0.462044 0
    outer loop
      vertex 28.1124 -51.3071 0
      vertex 28.1608 -51.4 2.4
      vertex 28.1608 -51.4 0
    endloop
  endfacet
  facet normal -0.886857 -0.462044 0
    outer loop
      vertex 31.8876 -32.6929 0
      vertex 31.8392 -32.6 2.4
      vertex 31.8392 -32.6 0
    endloop
  endfacet
  facet normal -0.886857 -0.462044 0
    outer loop
      vertex 31.8392 -32.6 2.4
      vertex 31.8876 -32.6929 0
      vertex 31.8876 -32.6929 2.4
    endloop
  endfacet
  facet normal 0 1 -0
    outer loop
      vertex 30.8 -52 0
      vertex 29.2 -52 2.4
      vertex 30.8 -52 2.4
    endloop
  endfacet
  facet normal 0 1 0
    outer loop
      vertex 29.2 -52 2.4
      vertex 30.8 -52 0
      vertex 29.2 -52 0
    endloop
  endfacet
  facet normal -0.792837 -0.609434 0
    outer loop
      vertex 31.783 -32.5117 0
      vertex 31.7192 -32.4287 2.4
      vertex 31.7192 -32.4287 0
    endloop
  endfacet
  facet normal -0.792837 -0.609434 0
    outer loop
      vertex 31.7192 -32.4287 2.4
      vertex 31.783 -32.5117 0
      vertex 31.783 -32.5117 2.4
    endloop
  endfacet
  facet normal 0.216829 0.97621 -0
    outer loop
      vertex 28.9916 -51.9818 0
      vertex 28.8894 -51.9591 2.4
      vertex 28.9916 -51.9818 2.4
    endloop
  endfacet
  facet normal 0.216829 0.97621 0
    outer loop
      vertex 28.8894 -51.9591 2.4
      vertex 28.9916 -51.9818 0
      vertex 28.8894 -51.9591 0
    endloop
  endfacet
  facet normal -0.953626 0.300994 0
    outer loop
      vertex 31.9276 -51.2104 0
      vertex 31.9591 -51.1106 2.4
      vertex 31.9591 -51.1106 0
    endloop
  endfacet
  facet normal -0.953626 0.300994 0
    outer loop
      vertex 31.9591 -51.1106 2.4
      vertex 31.9276 -51.2104 0
      vertex 31.9276 -51.2104 2.4
    endloop
  endfacet
  facet normal 0.737471 -0.675378 0
    outer loop
      vertex 28.2808 -32.4287 2.4
      vertex 28.3515 -32.3515 0
      vertex 28.3515 -32.3515 2.4
    endloop
  endfacet
  facet normal 0.737471 -0.675378 0
    outer loop
      vertex 28.3515 -32.3515 0
      vertex 28.2808 -32.4287 2.4
      vertex 28.2808 -32.4287 0
    endloop
  endfacet
  facet normal 0.609434 0.792837 -0
    outer loop
      vertex 28.5117 -51.783 0
      vertex 28.4287 -51.7192 2.4
      vertex 28.5117 -51.783 2.4
    endloop
  endfacet
  facet normal 0.609434 0.792837 0
    outer loop
      vertex 28.4287 -51.7192 2.4
      vertex 28.5117 -51.783 0
      vertex 28.4287 -51.7192 0
    endloop
  endfacet
  facet normal 0.999034 0.0439346 0
    outer loop
      vertex 28.0046 -50.9046 2.4
      vertex 28 -50.8 0
      vertex 28 -50.8 2.4
    endloop
  endfacet
  facet normal 0.999034 0.0439346 0
    outer loop
      vertex 28 -50.8 0
      vertex 28.0046 -50.9046 2.4
      vertex 28.0046 -50.9046 0
    endloop
  endfacet
  facet normal 0.953626 0.300994 0
    outer loop
      vertex 28.0724 -51.2104 2.4
      vertex 28.0409 -51.1106 0
      vertex 28.0409 -51.1106 2.4
    endloop
  endfacet
  facet normal 0.953626 0.300994 0
    outer loop
      vertex 28.0409 -51.1106 0
      vertex 28.0724 -51.2104 2.4
      vertex 28.0724 -51.2104 0
    endloop
  endfacet
  facet normal 0.129911 -0.991526 0
    outer loop
      vertex 28.9916 -32.0182 0
      vertex 29.0954 -32.0046 2.4
      vertex 28.9916 -32.0182 2.4
    endloop
  endfacet
  facet normal 0.129911 -0.991526 0
    outer loop
      vertex 29.0954 -32.0046 2.4
      vertex 28.9916 -32.0182 0
      vertex 29.0954 -32.0046 0
    endloop
  endfacet
  facet normal 0.0439346 0.999034 -0
    outer loop
      vertex 29.2 -52 0
      vertex 29.0954 -51.9954 2.4
      vertex 29.2 -52 2.4
    endloop
  endfacet
  facet normal 0.0439346 0.999034 0
    outer loop
      vertex 29.0954 -51.9954 2.4
      vertex 29.2 -52 0
      vertex 29.0954 -51.9954 0
    endloop
  endfacet
  facet normal 0.0439346 -0.999034 0
    outer loop
      vertex 29.0954 -32.0046 0
      vertex 29.2 -32 2.4
      vertex 29.0954 -32.0046 2.4
    endloop
  endfacet
  facet normal 0.0439346 -0.999034 0
    outer loop
      vertex 29.2 -32 2.4
      vertex 29.0954 -32.0046 0
      vertex 29.2 -32 0
    endloop
  endfacet
  facet normal -0.953626 -0.300994 0
    outer loop
      vertex 31.9591 -32.8894 0
      vertex 31.9276 -32.7896 2.4
      vertex 31.9276 -32.7896 0
    endloop
  endfacet
  facet normal -0.953626 -0.300994 0
    outer loop
      vertex 31.9276 -32.7896 2.4
      vertex 31.9591 -32.8894 0
      vertex 31.9591 -32.8894 2.4
    endloop
  endfacet
  facet normal 0.792837 -0.609434 0
    outer loop
      vertex 28.217 -32.5117 2.4
      vertex 28.2808 -32.4287 0
      vertex 28.2808 -32.4287 2.4
    endloop
  endfacet
  facet normal 0.792837 -0.609434 0
    outer loop
      vertex 28.2808 -32.4287 0
      vertex 28.217 -32.5117 2.4
      vertex 28.217 -32.5117 0
    endloop
  endfacet
  facet normal -0.97621 -0.216829 0
    outer loop
      vertex 31.9818 -32.9916 0
      vertex 31.9591 -32.8894 2.4
      vertex 31.9591 -32.8894 0
    endloop
  endfacet
  facet normal -0.97621 -0.216829 0
    outer loop
      vertex 31.9591 -32.8894 2.4
      vertex 31.9818 -32.9916 0
      vertex 31.9818 -32.9916 2.4
    endloop
  endfacet
  facet normal -0.462044 0.886857 0
    outer loop
      vertex 31.4 -51.8392 0
      vertex 31.3071 -51.8876 2.4
      vertex 31.4 -51.8392 2.4
    endloop
  endfacet
  facet normal -0.462044 0.886857 0
    outer loop
      vertex 31.3071 -51.8876 2.4
      vertex 31.4 -51.8392 0
      vertex 31.3071 -51.8876 0
    endloop
  endfacet
  facet normal 0.792837 0.609434 0
    outer loop
      vertex 28.2808 -51.5713 2.4
      vertex 28.217 -51.4883 0
      vertex 28.217 -51.4883 2.4
    endloop
  endfacet
  facet normal 0.792837 0.609434 0
    outer loop
      vertex 28.217 -51.4883 0
      vertex 28.2808 -51.5713 2.4
      vertex 28.2808 -51.5713 0
    endloop
  endfacet
  facet normal -0.924063 -0.382239 0
    outer loop
      vertex 31.9276 -32.7896 0
      vertex 31.8876 -32.6929 2.4
      vertex 31.8876 -32.6929 0
    endloop
  endfacet
  facet normal -0.924063 -0.382239 0
    outer loop
      vertex 31.8876 -32.6929 2.4
      vertex 31.9276 -32.7896 0
      vertex 31.9276 -32.7896 2.4
    endloop
  endfacet
  facet normal 0.382239 0.924063 -0
    outer loop
      vertex 28.7896 -51.9276 0
      vertex 28.6929 -51.8876 2.4
      vertex 28.7896 -51.9276 2.4
    endloop
  endfacet
  facet normal 0.382239 0.924063 0
    outer loop
      vertex 28.6929 -51.8876 2.4
      vertex 28.7896 -51.9276 0
      vertex 28.6929 -51.8876 0
    endloop
  endfacet
  facet normal 0.999034 -0.0439346 0
    outer loop
      vertex 28 -33.2 2.4
      vertex 28.0046 -33.0954 0
      vertex 28.0046 -33.0954 2.4
    endloop
  endfacet
  facet normal 0.999034 -0.0439346 0
    outer loop
      vertex 28.0046 -33.0954 0
      vertex 28 -33.2 2.4
      vertex 28 -33.2 0
    endloop
  endfacet
  facet normal 0.953626 -0.300994 0
    outer loop
      vertex 28.0409 -32.8894 2.4
      vertex 28.0724 -32.7896 0
      vertex 28.0724 -32.7896 2.4
    endloop
  endfacet
  facet normal 0.953626 -0.300994 0
    outer loop
      vertex 28.0724 -32.7896 0
      vertex 28.0409 -32.8894 2.4
      vertex 28.0409 -32.8894 0
    endloop
  endfacet
  facet normal 0 -1 0
    outer loop
      vertex 29.2 -32 0
      vertex 30.8 -32 2.4
      vertex 29.2 -32 2.4
    endloop
  endfacet
  facet normal 0 -1 -0
    outer loop
      vertex 30.8 -32 2.4
      vertex 29.2 -32 0
      vertex 30.8 -32 0
    endloop
  endfacet
  facet normal 0.216829 -0.97621 0
    outer loop
      vertex 28.8894 -32.0409 0
      vertex 28.9916 -32.0182 2.4
      vertex 28.8894 -32.0409 2.4
    endloop
  endfacet
  facet normal 0.216829 -0.97621 0
    outer loop
      vertex 28.9916 -32.0182 2.4
      vertex 28.8894 -32.0409 0
      vertex 28.9916 -32.0182 0
    endloop
  endfacet
  facet normal 0.300994 0.953626 -0
    outer loop
      vertex 28.8894 -51.9591 0
      vertex 28.7896 -51.9276 2.4
      vertex 28.8894 -51.9591 2.4
    endloop
  endfacet
  facet normal 0.300994 0.953626 0
    outer loop
      vertex 28.7896 -51.9276 2.4
      vertex 28.8894 -51.9591 0
      vertex 28.7896 -51.9276 0
    endloop
  endfacet
  facet normal 0.97621 -0.216829 0
    outer loop
      vertex 28.0182 -32.9916 2.4
      vertex 28.0409 -32.8894 0
      vertex 28.0409 -32.8894 2.4
    endloop
  endfacet
  facet normal 0.97621 -0.216829 0
    outer loop
      vertex 28.0409 -32.8894 0
      vertex 28.0182 -32.9916 2.4
      vertex 28.0182 -32.9916 0
    endloop
  endfacet
  facet normal 0.609434 -0.792837 0
    outer loop
      vertex 28.4287 -32.2808 0
      vertex 28.5117 -32.217 2.4
      vertex 28.4287 -32.2808 2.4
    endloop
  endfacet
  facet normal 0.609434 -0.792837 0
    outer loop
      vertex 28.5117 -32.217 2.4
      vertex 28.4287 -32.2808 0
      vertex 28.5117 -32.217 0
    endloop
  endfacet
  facet normal -0.737471 0.675378 0
    outer loop
      vertex 31.6485 -51.6485 0
      vertex 31.7192 -51.5713 2.4
      vertex 31.7192 -51.5713 0
    endloop
  endfacet
  facet normal -0.737471 0.675378 0
    outer loop
      vertex 31.7192 -51.5713 2.4
      vertex 31.6485 -51.6485 0
      vertex 31.6485 -51.6485 2.4
    endloop
  endfacet
  facet normal 0.536937 -0.843622 0
    outer loop
      vertex 28.5117 -32.217 0
      vertex 28.6 -32.1608 2.4
      vertex 28.5117 -32.217 2.4
    endloop
  endfacet
  facet normal 0.536937 -0.843622 0
    outer loop
      vertex 28.6 -32.1608 2.4
      vertex 28.5117 -32.217 0
      vertex 28.6 -32.1608 0
    endloop
  endfacet
  facet normal -0.536937 -0.843622 0
    outer loop
      vertex 31.4 -32.1608 0
      vertex 31.4883 -32.217 2.4
      vertex 31.4 -32.1608 2.4
    endloop
  endfacet
  facet normal -0.536937 -0.843622 -0
    outer loop
      vertex 31.4883 -32.217 2.4
      vertex 31.4 -32.1608 0
      vertex 31.4883 -32.217 0
    endloop
  endfacet
  facet normal 0.843622 -0.536937 0
    outer loop
      vertex 28.1608 -32.6 2.4
      vertex 28.217 -32.5117 0
      vertex 28.217 -32.5117 2.4
    endloop
  endfacet
  facet normal 0.843622 -0.536937 0
    outer loop
      vertex 28.217 -32.5117 0
      vertex 28.1608 -32.6 2.4
      vertex 28.1608 -32.6 0
    endloop
  endfacet
  facet normal -0.462044 -0.886857 0
    outer loop
      vertex 31.3071 -32.1124 0
      vertex 31.4 -32.1608 2.4
      vertex 31.3071 -32.1124 2.4
    endloop
  endfacet
  facet normal -0.462044 -0.886857 -0
    outer loop
      vertex 31.4 -32.1608 2.4
      vertex 31.3071 -32.1124 0
      vertex 31.4 -32.1608 0
    endloop
  endfacet
  facet normal -0.999034 0.0439346 0
    outer loop
      vertex 31.9954 -50.9046 0
      vertex 32 -50.8 2.4
      vertex 32 -50.8 0
    endloop
  endfacet
  facet normal -0.999034 0.0439346 0
    outer loop
      vertex 32 -50.8 2.4
      vertex 31.9954 -50.9046 0
      vertex 31.9954 -50.9046 2.4
    endloop
  endfacet
  facet normal -0.924063 0.382239 0
    outer loop
      vertex 31.8876 -51.3071 0
      vertex 31.9276 -51.2104 2.4
      vertex 31.9276 -51.2104 0
    endloop
  endfacet
  facet normal -0.924063 0.382239 0
    outer loop
      vertex 31.9276 -51.2104 2.4
      vertex 31.8876 -51.3071 0
      vertex 31.8876 -51.3071 2.4
    endloop
  endfacet
  facet normal -0.382239 0.924063 0
    outer loop
      vertex 31.3071 -51.8876 0
      vertex 31.2104 -51.9276 2.4
      vertex 31.3071 -51.8876 2.4
    endloop
  endfacet
  facet normal -0.382239 0.924063 0
    outer loop
      vertex 31.2104 -51.9276 2.4
      vertex 31.3071 -51.8876 0
      vertex 31.2104 -51.9276 0
    endloop
  endfacet
  facet normal 1 -0 0
    outer loop
      vertex 28 -50.8 2.4
      vertex 28 -33.2 0
      vertex 28 -33.2 2.4
    endloop
  endfacet
  facet normal 1 0 0
    outer loop
      vertex 28 -33.2 0
      vertex 28 -50.8 2.4
      vertex 28 -50.8 0
    endloop
  endfacet
  facet normal -0.216829 0.97621 0
    outer loop
      vertex 31.1106 -51.9591 0
      vertex 31.0084 -51.9818 2.4
      vertex 31.1106 -51.9591 2.4
    endloop
  endfacet
  facet normal -0.216829 0.97621 0
    outer loop
      vertex 31.0084 -51.9818 2.4
      vertex 31.1106 -51.9591 0
      vertex 31.0084 -51.9818 0
    endloop
  endfacet
  facet normal -0.0439346 -0.999034 0
    outer loop
      vertex 30.8 -32 0
      vertex 30.9046 -32.0046 2.4
      vertex 30.8 -32 2.4
    endloop
  endfacet
  facet normal -0.0439346 -0.999034 -0
    outer loop
      vertex 30.9046 -32.0046 2.4
      vertex 30.8 -32 0
      vertex 30.9046 -32.0046 0
    endloop
  endfacet
  facet normal -0.129911 0.991526 0
    outer loop
      vertex 31.0084 -51.9818 0
      vertex 30.9046 -51.9954 2.4
      vertex 31.0084 -51.9818 2.4
    endloop
  endfacet
  facet normal -0.129911 0.991526 0
    outer loop
      vertex 30.9046 -51.9954 2.4
      vertex 31.0084 -51.9818 0
      vertex 30.9046 -51.9954 0
    endloop
  endfacet
  facet normal 0.382239 -0.924063 0
    outer loop
      vertex 28.6929 -32.1124 0
      vertex 28.7896 -32.0724 2.4
      vertex 28.6929 -32.1124 2.4
    endloop
  endfacet
  facet normal 0.382239 -0.924063 0
    outer loop
      vertex 28.7896 -32.0724 2.4
      vertex 28.6929 -32.1124 0
      vertex 28.7896 -32.0724 0
    endloop
  endfacet
  facet normal -0.675378 0.737471 0
    outer loop
      vertex 31.6485 -51.6485 0
      vertex 31.5713 -51.7192 2.4
      vertex 31.6485 -51.6485 2.4
    endloop
  endfacet
  facet normal -0.675378 0.737471 0
    outer loop
      vertex 31.5713 -51.7192 2.4
      vertex 31.6485 -51.6485 0
      vertex 31.5713 -51.7192 0
    endloop
  endfacet
  facet normal -0.97621 0.216829 0
    outer loop
      vertex 31.9591 -51.1106 0
      vertex 31.9818 -51.0084 2.4
      vertex 31.9818 -51.0084 0
    endloop
  endfacet
  facet normal -0.97621 0.216829 0
    outer loop
      vertex 31.9818 -51.0084 2.4
      vertex 31.9591 -51.1106 0
      vertex 31.9591 -51.1106 2.4
    endloop
  endfacet
  facet normal -0.216829 -0.97621 0
    outer loop
      vertex 31.0084 -32.0182 0
      vertex 31.1106 -32.0409 2.4
      vertex 31.0084 -32.0182 2.4
    endloop
  endfacet
  facet normal -0.216829 -0.97621 -0
    outer loop
      vertex 31.1106 -32.0409 2.4
      vertex 31.0084 -32.0182 0
      vertex 31.1106 -32.0409 0
    endloop
  endfacet
  facet normal 0.924063 -0.382239 0
    outer loop
      vertex 28.0724 -32.7896 2.4
      vertex 28.1124 -32.6929 0
      vertex 28.1124 -32.6929 2.4
    endloop
  endfacet
  facet normal 0.924063 -0.382239 0
    outer loop
      vertex 28.1124 -32.6929 0
      vertex 28.0724 -32.7896 2.4
      vertex 28.0724 -32.7896 0
    endloop
  endfacet
  facet normal 0.737471 0.675378 0
    outer loop
      vertex 28.3515 -51.6485 2.4
      vertex 28.2808 -51.5713 0
      vertex 28.2808 -51.5713 2.4
    endloop
  endfacet
  facet normal 0.737471 0.675378 0
    outer loop
      vertex 28.2808 -51.5713 0
      vertex 28.3515 -51.6485 2.4
      vertex 28.3515 -51.6485 0
    endloop
  endfacet
  facet normal -0.843622 -0.536937 0
    outer loop
      vertex 31.8392 -32.6 0
      vertex 31.783 -32.5117 2.4
      vertex 31.783 -32.5117 0
    endloop
  endfacet
  facet normal -0.843622 -0.536937 0
    outer loop
      vertex 31.783 -32.5117 2.4
      vertex 31.8392 -32.6 0
      vertex 31.8392 -32.6 2.4
    endloop
  endfacet
  facet normal 0.924063 0.382239 0
    outer loop
      vertex 28.1124 -51.3071 2.4
      vertex 28.0724 -51.2104 0
      vertex 28.0724 -51.2104 2.4
    endloop
  endfacet
  facet normal 0.924063 0.382239 0
    outer loop
      vertex 28.0724 -51.2104 0
      vertex 28.1124 -51.3071 2.4
      vertex 28.1124 -51.3071 0
    endloop
  endfacet
  facet normal 0.991526 0.129911 0
    outer loop
      vertex 28.0182 -51.0084 2.4
      vertex 28.0046 -50.9046 0
      vertex 28.0046 -50.9046 2.4
    endloop
  endfacet
  facet normal 0.991526 0.129911 0
    outer loop
      vertex 28.0046 -50.9046 0
      vertex 28.0182 -51.0084 2.4
      vertex 28.0182 -51.0084 0
    endloop
  endfacet
  facet normal 0.536937 0.843622 -0
    outer loop
      vertex 28.6 -51.8392 0
      vertex 28.5117 -51.783 2.4
      vertex 28.6 -51.8392 2.4
    endloop
  endfacet
  facet normal 0.536937 0.843622 0
    outer loop
      vertex 28.5117 -51.783 2.4
      vertex 28.6 -51.8392 0
      vertex 28.5117 -51.783 0
    endloop
  endfacet
  facet normal 0.97621 0.216829 0
    outer loop
      vertex 28.0409 -51.1106 2.4
      vertex 28.0182 -51.0084 0
      vertex 28.0182 -51.0084 2.4
    endloop
  endfacet
  facet normal 0.97621 0.216829 0
    outer loop
      vertex 28.0182 -51.0084 0
      vertex 28.0409 -51.1106 2.4
      vertex 28.0409 -51.1106 0
    endloop
  endfacet
  facet normal -0.991526 -0.129911 0
    outer loop
      vertex 31.9954 -33.0954 0
      vertex 31.9818 -32.9916 2.4
      vertex 31.9818 -32.9916 0
    endloop
  endfacet
  facet normal -0.991526 -0.129911 0
    outer loop
      vertex 31.9818 -32.9916 2.4
      vertex 31.9954 -33.0954 0
      vertex 31.9954 -33.0954 2.4
    endloop
  endfacet
  facet normal -0.300994 -0.953626 0
    outer loop
      vertex 31.1106 -32.0409 0
      vertex 31.2104 -32.0724 2.4
      vertex 31.1106 -32.0409 2.4
    endloop
  endfacet
  facet normal -0.300994 -0.953626 -0
    outer loop
      vertex 31.2104 -32.0724 2.4
      vertex 31.1106 -32.0409 0
      vertex 31.2104 -32.0724 0
    endloop
  endfacet
  facet normal -1 0 0
    outer loop
      vertex 32 -50.8 0
      vertex 32 -33.2 2.4
      vertex 32 -33.2 0
    endloop
  endfacet
  facet normal -1 -0 0
    outer loop
      vertex 32 -33.2 2.4
      vertex 32 -50.8 0
      vertex 32 -50.8 2.4
    endloop
  endfacet
  facet normal 0.300994 -0.953626 0
    outer loop
      vertex 28.7896 -32.0724 0
      vertex 28.8894 -32.0409 2.4
      vertex 28.7896 -32.0724 2.4
    endloop
  endfacet
  facet normal 0.300994 -0.953626 0
    outer loop
      vertex 28.8894 -32.0409 2.4
      vertex 28.7896 -32.0724 0
      vertex 28.8894 -32.0409 0
    endloop
  endfacet
  facet normal 0.991526 -0.129911 0
    outer loop
      vertex 28.0046 -33.0954 2.4
      vertex 28.0182 -32.9916 0
      vertex 28.0182 -32.9916 2.4
    endloop
  endfacet
  facet normal 0.991526 -0.129911 0
    outer loop
      vertex 28.0182 -32.9916 0
      vertex 28.0046 -33.0954 2.4
      vertex 28.0046 -33.0954 0
    endloop
  endfacet
  facet normal -0.792837 0.609434 0
    outer loop
      vertex 31.7192 -51.5713 0
      vertex 31.783 -51.4883 2.4
      vertex 31.783 -51.4883 0
    endloop
  endfacet
  facet normal -0.792837 0.609434 0
    outer loop
      vertex 31.783 -51.4883 2.4
      vertex 31.7192 -51.5713 0
      vertex 31.7192 -51.5713 2.4
    endloop
  endfacet
  facet normal -0.382239 -0.924063 0
    outer loop
      vertex 31.2104 -32.0724 0
      vertex 31.3071 -32.1124 2.4
      vertex 31.2104 -32.0724 2.4
    endloop
  endfacet
  facet normal -0.382239 -0.924063 -0
    outer loop
      vertex 31.3071 -32.1124 2.4
      vertex 31.2104 -32.0724 0
      vertex 31.3071 -32.1124 0
    endloop
  endfacet
  facet normal -0.999034 -0.0439346 0
    outer loop
      vertex 32 -33.2 0
      vertex 31.9954 -33.0954 2.4
      vertex 31.9954 -33.0954 0
    endloop
  endfacet
  facet normal -0.999034 -0.0439346 0
    outer loop
      vertex 31.9954 -33.0954 2.4
      vertex 32 -33.2 0
      vertex 32 -33.2 2.4
    endloop
  endfacet
  facet normal -0.300994 0.953626 0
    outer loop
      vertex 31.2104 -51.9276 0
      vertex 31.1106 -51.9591 2.4
      vertex 31.2104 -51.9276 2.4
    endloop
  endfacet
  facet normal -0.300994 0.953626 0
    outer loop
      vertex 31.1106 -51.9591 2.4
      vertex 31.2104 -51.9276 0
      vertex 31.1106 -51.9591 0
    endloop
  endfacet
  facet normal 0.843622 0.536937 0
    outer loop
      vertex 28.217 -51.4883 2.4
      vertex 28.1608 -51.4 0
      vertex 28.1608 -51.4 2.4
    endloop
  endfacet
  facet normal 0.843622 0.536937 0
    outer loop
      vertex 28.1608 -51.4 0
      vertex 28.217 -51.4883 2.4
      vertex 28.217 -51.4883 0
    endloop
  endfacet
  facet normal 0.462044 0.886857 -0
    outer loop
      vertex 28.6929 -51.8876 0
      vertex 28.6 -51.8392 2.4
      vertex 28.6929 -51.8876 2.4
    endloop
  endfacet
  facet normal 0.462044 0.886857 0
    outer loop
      vertex 28.6 -51.8392 2.4
      vertex 28.6929 -51.8876 0
      vertex 28.6 -51.8392 0
    endloop
  endfacet
  facet normal -0.991526 0.129911 0
    outer loop
      vertex 31.9818 -51.0084 0
      vertex 31.9954 -50.9046 2.4
      vertex 31.9954 -50.9046 0
    endloop
  endfacet
  facet normal -0.991526 0.129911 0
    outer loop
      vertex 31.9954 -50.9046 2.4
      vertex 31.9818 -51.0084 0
      vertex 31.9818 -51.0084 2.4
    endloop
  endfacet
  facet normal -0.609434 0.792837 0
    outer loop
      vertex 31.5713 -51.7192 0
      vertex 31.4883 -51.783 2.4
      vertex 31.5713 -51.7192 2.4
    endloop
  endfacet
  facet normal -0.609434 0.792837 0
    outer loop
      vertex 31.4883 -51.783 2.4
      vertex 31.5713 -51.7192 0
      vertex 31.4883 -51.783 0
    endloop
  endfacet
  facet normal 0.462044 -0.886857 0
    outer loop
      vertex 28.6 -32.1608 0
      vertex 28.6929 -32.1124 2.4
      vertex 28.6 -32.1608 2.4
    endloop
  endfacet
  facet normal 0.462044 -0.886857 0
    outer loop
      vertex 28.6929 -32.1124 2.4
      vertex 28.6 -32.1608 0
      vertex 28.6929 -32.1124 0
    endloop
  endfacet
  facet normal -0.675378 -0.737471 0
    outer loop
      vertex 31.5713 -32.2808 0
      vertex 31.6485 -32.3515 2.4
      vertex 31.5713 -32.2808 2.4
    endloop
  endfacet
  facet normal -0.675378 -0.737471 -0
    outer loop
      vertex 31.6485 -32.3515 2.4
      vertex 31.5713 -32.2808 0
      vertex 31.6485 -32.3515 0
    endloop
  endfacet
  facet normal -0.737471 -0.675378 0
    outer loop
      vertex 31.7192 -32.4287 0
      vertex 31.6485 -32.3515 2.4
      vertex 31.6485 -32.3515 0
    endloop
  endfacet
  facet normal -0.737471 -0.675378 0
    outer loop
      vertex 31.6485 -32.3515 2.4
      vertex 31.7192 -32.4287 0
      vertex 31.7192 -32.4287 2.4
    endloop
  endfacet
  facet normal -0.536937 0.843622 0
    outer loop
      vertex 31.4883 -51.783 0
      vertex 31.4 -51.8392 2.4
      vertex 31.4883 -51.783 2.4
    endloop
  endfacet
  facet normal -0.536937 0.843622 0
    outer loop
      vertex 31.4 -51.8392 2.4
      vertex 31.4883 -51.783 0
      vertex 31.4 -51.8392 0
    endloop
  endfacet
  facet normal -0.0439346 0.999034 0
    outer loop
      vertex -29.0954 32.0046 0
      vertex -29.2 32 2.4
      vertex -29.0954 32.0046 2.4
    endloop
  endfacet
  facet normal -0.0439346 0.999034 0
    outer loop
      vertex -29.2 32 2.4
      vertex -29.0954 32.0046 0
      vertex -29.2 32 0
    endloop
  endfacet
  facet normal 0.675378 -0.737471 0
    outer loop
      vertex -31.6485 51.6485 0
      vertex -31.5713 51.7192 2.4
      vertex -31.6485 51.6485 2.4
    endloop
  endfacet
  facet normal 0.675378 -0.737471 0
    outer loop
      vertex -31.5713 51.7192 2.4
      vertex -31.6485 51.6485 0
      vertex -31.5713 51.7192 0
    endloop
  endfacet
  facet normal -0.886857 0.462044 0
    outer loop
      vertex -28.1608 32.6 0
      vertex -28.1124 32.6929 2.4
      vertex -28.1124 32.6929 0
    endloop
  endfacet
  facet normal -0.886857 0.462044 0
    outer loop
      vertex -28.1124 32.6929 2.4
      vertex -28.1608 32.6 0
      vertex -28.1608 32.6 2.4
    endloop
  endfacet
  facet normal -0.129911 -0.991526 0
    outer loop
      vertex -29.0954 51.9954 0
      vertex -28.9916 51.9818 2.4
      vertex -29.0954 51.9954 2.4
    endloop
  endfacet
  facet normal -0.129911 -0.991526 -0
    outer loop
      vertex -28.9916 51.9818 2.4
      vertex -29.0954 51.9954 0
      vertex -28.9916 51.9818 0
    endloop
  endfacet
  facet normal 0.675378 0.737471 -0
    outer loop
      vertex -31.5713 32.2808 0
      vertex -31.6485 32.3515 2.4
      vertex -31.5713 32.2808 2.4
    endloop
  endfacet
  facet normal 0.675378 0.737471 0
    outer loop
      vertex -31.6485 32.3515 2.4
      vertex -31.5713 32.2808 0
      vertex -31.6485 32.3515 0
    endloop
  endfacet
  facet normal -0.609434 -0.792837 0
    outer loop
      vertex -28.5117 51.783 0
      vertex -28.4287 51.7192 2.4
      vertex -28.5117 51.783 2.4
    endloop
  endfacet
  facet normal -0.609434 -0.792837 -0
    outer loop
      vertex -28.4287 51.7192 2.4
      vertex -28.5117 51.783 0
      vertex -28.4287 51.7192 0
    endloop
  endfacet
  facet normal -0.843622 0.536937 0
    outer loop
      vertex -28.217 32.5117 0
      vertex -28.1608 32.6 2.4
      vertex -28.1608 32.6 0
    endloop
  endfacet
  facet normal -0.843622 0.536937 0
    outer loop
      vertex -28.1608 32.6 2.4
      vertex -28.217 32.5117 0
      vertex -28.217 32.5117 2.4
    endloop
  endfacet
  facet normal 0.886857 -0.462044 0
    outer loop
      vertex -31.8876 51.3071 2.4
      vertex -31.8392 51.4 0
      vertex -31.8392 51.4 2.4
    endloop
  endfacet
  facet normal 0.886857 -0.462044 0
    outer loop
      vertex -31.8392 51.4 0
      vertex -31.8876 51.3071 2.4
      vertex -31.8876 51.3071 0
    endloop
  endfacet
  facet normal 0.129911 0.991526 -0
    outer loop
      vertex -30.9046 32.0046 0
      vertex -31.0084 32.0182 2.4
      vertex -30.9046 32.0046 2.4
    endloop
  endfacet
  facet normal 0.129911 0.991526 0
    outer loop
      vertex -31.0084 32.0182 2.4
      vertex -30.9046 32.0046 0
      vertex -31.0084 32.0182 0
    endloop
  endfacet
  facet normal 0.886857 0.462044 0
    outer loop
      vertex -31.8392 32.6 2.4
      vertex -31.8876 32.6929 0
      vertex -31.8876 32.6929 2.4
    endloop
  endfacet
  facet normal 0.886857 0.462044 0
    outer loop
      vertex -31.8876 32.6929 0
      vertex -31.8392 32.6 2.4
      vertex -31.8392 32.6 0
    endloop
  endfacet
  facet normal -0.886857 -0.462044 0
    outer loop
      vertex -28.1124 51.3071 0
      vertex -28.1608 51.4 2.4
      vertex -28.1608 51.4 0
    endloop
  endfacet
  facet normal -0.886857 -0.462044 0
    outer loop
      vertex -28.1608 51.4 2.4
      vertex -28.1124 51.3071 0
      vertex -28.1124 51.3071 2.4
    endloop
  endfacet
  facet normal 0 1 -0
    outer loop
      vertex -29.2 32 0
      vertex -30.8 32 2.4
      vertex -29.2 32 2.4
    endloop
  endfacet
  facet normal 0 1 0
    outer loop
      vertex -30.8 32 2.4
      vertex -29.2 32 0
      vertex -30.8 32 0
    endloop
  endfacet
  facet normal -0.792837 -0.609434 0
    outer loop
      vertex -28.217 51.4883 0
      vertex -28.2808 51.5713 2.4
      vertex -28.2808 51.5713 0
    endloop
  endfacet
  facet normal -0.792837 -0.609434 0
    outer loop
      vertex -28.2808 51.5713 2.4
      vertex -28.217 51.4883 0
      vertex -28.217 51.4883 2.4
    endloop
  endfacet
  facet normal 0.216829 0.97621 -0
    outer loop
      vertex -31.0084 32.0182 0
      vertex -31.1106 32.0409 2.4
      vertex -31.0084 32.0182 2.4
    endloop
  endfacet
  facet normal 0.216829 0.97621 0
    outer loop
      vertex -31.1106 32.0409 2.4
      vertex -31.0084 32.0182 0
      vertex -31.1106 32.0409 0
    endloop
  endfacet
  facet normal -0.953626 0.300994 0
    outer loop
      vertex -28.0724 32.7896 0
      vertex -28.0409 32.8894 2.4
      vertex -28.0409 32.8894 0
    endloop
  endfacet
  facet normal -0.953626 0.300994 0
    outer loop
      vertex -28.0409 32.8894 2.4
      vertex -28.0724 32.7896 0
      vertex -28.0724 32.7896 2.4
    endloop
  endfacet
  facet normal 0.737471 -0.675378 0
    outer loop
      vertex -31.7192 51.5713 2.4
      vertex -31.6485 51.6485 0
      vertex -31.6485 51.6485 2.4
    endloop
  endfacet
  facet normal 0.737471 -0.675378 0
    outer loop
      vertex -31.6485 51.6485 0
      vertex -31.7192 51.5713 2.4
      vertex -31.7192 51.5713 0
    endloop
  endfacet
  facet normal 0.609434 0.792837 -0
    outer loop
      vertex -31.4883 32.217 0
      vertex -31.5713 32.2808 2.4
      vertex -31.4883 32.217 2.4
    endloop
  endfacet
  facet normal 0.609434 0.792837 0
    outer loop
      vertex -31.5713 32.2808 2.4
      vertex -31.4883 32.217 0
      vertex -31.5713 32.2808 0
    endloop
  endfacet
  facet normal 0.999034 0.0439346 0
    outer loop
      vertex -31.9954 33.0954 2.4
      vertex -32 33.2 0
      vertex -32 33.2 2.4
    endloop
  endfacet
  facet normal 0.999034 0.0439346 0
    outer loop
      vertex -32 33.2 0
      vertex -31.9954 33.0954 2.4
      vertex -31.9954 33.0954 0
    endloop
  endfacet
  facet normal 0.953626 0.300994 0
    outer loop
      vertex -31.9276 32.7896 2.4
      vertex -31.9591 32.8894 0
      vertex -31.9591 32.8894 2.4
    endloop
  endfacet
  facet normal 0.953626 0.300994 0
    outer loop
      vertex -31.9591 32.8894 0
      vertex -31.9276 32.7896 2.4
      vertex -31.9276 32.7896 0
    endloop
  endfacet
  facet normal 0.129911 -0.991526 0
    outer loop
      vertex -31.0084 51.9818 0
      vertex -30.9046 51.9954 2.4
      vertex -31.0084 51.9818 2.4
    endloop
  endfacet
  facet normal 0.129911 -0.991526 0
    outer loop
      vertex -30.9046 51.9954 2.4
      vertex -31.0084 51.9818 0
      vertex -30.9046 51.9954 0
    endloop
  endfacet
  facet normal 0.0439346 0.999034 -0
    outer loop
      vertex -30.8 32 0
      vertex -30.9046 32.0046 2.4
      vertex -30.8 32 2.4
    endloop
  endfacet
  facet normal 0.0439346 0.999034 0
    outer loop
      vertex -30.9046 32.0046 2.4
      vertex -30.8 32 0
      vertex -30.9046 32.0046 0
    endloop
  endfacet
  facet normal 0.0439346 -0.999034 0
    outer loop
      vertex -30.9046 51.9954 0
      vertex -30.8 52 2.4
      vertex -30.9046 51.9954 2.4
    endloop
  endfacet
  facet normal 0.0439346 -0.999034 0
    outer loop
      vertex -30.8 52 2.4
      vertex -30.9046 51.9954 0
      vertex -30.8 52 0
    endloop
  endfacet
  facet normal -0.953626 -0.300994 0
    outer loop
      vertex -28.0409 51.1106 0
      vertex -28.0724 51.2104 2.4
      vertex -28.0724 51.2104 0
    endloop
  endfacet
  facet normal -0.953626 -0.300994 0
    outer loop
      vertex -28.0724 51.2104 2.4
      vertex -28.0409 51.1106 0
      vertex -28.0409 51.1106 2.4
    endloop
  endfacet
  facet normal 0.792837 -0.609434 0
    outer loop
      vertex -31.783 51.4883 2.4
      vertex -31.7192 51.5713 0
      vertex -31.7192 51.5713 2.4
    endloop
  endfacet
  facet normal 0.792837 -0.609434 0
    outer loop
      vertex -31.7192 51.5713 0
      vertex -31.783 51.4883 2.4
      vertex -31.783 51.4883 0
    endloop
  endfacet
  facet normal -0.97621 -0.216829 0
    outer loop
      vertex -28.0182 51.0084 0
      vertex -28.0409 51.1106 2.4
      vertex -28.0409 51.1106 0
    endloop
  endfacet
  facet normal -0.97621 -0.216829 0
    outer loop
      vertex -28.0409 51.1106 2.4
      vertex -28.0182 51.0084 0
      vertex -28.0182 51.0084 2.4
    endloop
  endfacet
  facet normal 0.792837 0.609434 0
    outer loop
      vertex -31.7192 32.4287 2.4
      vertex -31.783 32.5117 0
      vertex -31.783 32.5117 2.4
    endloop
  endfacet
  facet normal 0.792837 0.609434 0
    outer loop
      vertex -31.783 32.5117 0
      vertex -31.7192 32.4287 2.4
      vertex -31.7192 32.4287 0
    endloop
  endfacet
  facet normal -0.924063 -0.382239 0
    outer loop
      vertex -28.0724 51.2104 0
      vertex -28.1124 51.3071 2.4
      vertex -28.1124 51.3071 0
    endloop
  endfacet
  facet normal -0.924063 -0.382239 0
    outer loop
      vertex -28.1124 51.3071 2.4
      vertex -28.0724 51.2104 0
      vertex -28.0724 51.2104 2.4
    endloop
  endfacet
  facet normal 0.382239 0.924063 -0
    outer loop
      vertex -31.2104 32.0724 0
      vertex -31.3071 32.1124 2.4
      vertex -31.2104 32.0724 2.4
    endloop
  endfacet
  facet normal 0.382239 0.924063 0
    outer loop
      vertex -31.3071 32.1124 2.4
      vertex -31.2104 32.0724 0
      vertex -31.3071 32.1124 0
    endloop
  endfacet
  facet normal 0.999034 -0.0439346 0
    outer loop
      vertex -32 50.8 2.4
      vertex -31.9954 50.9046 0
      vertex -31.9954 50.9046 2.4
    endloop
  endfacet
  facet normal 0.999034 -0.0439346 0
    outer loop
      vertex -31.9954 50.9046 0
      vertex -32 50.8 2.4
      vertex -32 50.8 0
    endloop
  endfacet
  facet normal 0 -1 0
    outer loop
      vertex -30.8 52 0
      vertex -29.2 52 2.4
      vertex -30.8 52 2.4
    endloop
  endfacet
  facet normal 0 -1 -0
    outer loop
      vertex -29.2 52 2.4
      vertex -30.8 52 0
      vertex -29.2 52 0
    endloop
  endfacet
  facet normal 0.216829 -0.97621 0
    outer loop
      vertex -31.1106 51.9591 0
      vertex -31.0084 51.9818 2.4
      vertex -31.1106 51.9591 2.4
    endloop
  endfacet
  facet normal 0.216829 -0.97621 0
    outer loop
      vertex -31.0084 51.9818 2.4
      vertex -31.1106 51.9591 0
      vertex -31.0084 51.9818 0
    endloop
  endfacet
  facet normal 0.300994 0.953626 -0
    outer loop
      vertex -31.1106 32.0409 0
      vertex -31.2104 32.0724 2.4
      vertex -31.1106 32.0409 2.4
    endloop
  endfacet
  facet normal 0.300994 0.953626 0
    outer loop
      vertex -31.2104 32.0724 2.4
      vertex -31.1106 32.0409 0
      vertex -31.2104 32.0724 0
    endloop
  endfacet
  facet normal 0.97621 -0.216829 0
    outer loop
      vertex -31.9818 51.0084 2.4
      vertex -31.9591 51.1106 0
      vertex -31.9591 51.1106 2.4
    endloop
  endfacet
  facet normal 0.97621 -0.216829 0
    outer loop
      vertex -31.9591 51.1106 0
      vertex -31.9818 51.0084 2.4
      vertex -31.9818 51.0084 0
    endloop
  endfacet
  facet normal 0.609434 -0.792837 0
    outer loop
      vertex -31.5713 51.7192 0
      vertex -31.4883 51.783 2.4
      vertex -31.5713 51.7192 2.4
    endloop
  endfacet
  facet normal 0.609434 -0.792837 0
    outer loop
      vertex -31.4883 51.783 2.4
      vertex -31.5713 51.7192 0
      vertex -31.4883 51.783 0
    endloop
  endfacet
  facet normal -0.737471 0.675378 0
    outer loop
      vertex -28.3515 32.3515 0
      vertex -28.2808 32.4287 2.4
      vertex -28.2808 32.4287 0
    endloop
  endfacet
  facet normal -0.737471 0.675378 0
    outer loop
      vertex -28.2808 32.4287 2.4
      vertex -28.3515 32.3515 0
      vertex -28.3515 32.3515 2.4
    endloop
  endfacet
  facet normal 0.536937 -0.843622 0
    outer loop
      vertex -31.4883 51.783 0
      vertex -31.4 51.8392 2.4
      vertex -31.4883 51.783 2.4
    endloop
  endfacet
  facet normal 0.536937 -0.843622 0
    outer loop
      vertex -31.4 51.8392 2.4
      vertex -31.4883 51.783 0
      vertex -31.4 51.8392 0
    endloop
  endfacet
  facet normal -0.536937 -0.843622 0
    outer loop
      vertex -28.6 51.8392 0
      vertex -28.5117 51.783 2.4
      vertex -28.6 51.8392 2.4
    endloop
  endfacet
  facet normal -0.536937 -0.843622 -0
    outer loop
      vertex -28.5117 51.783 2.4
      vertex -28.6 51.8392 0
      vertex -28.5117 51.783 0
    endloop
  endfacet
  facet normal 0.843622 -0.536937 0
    outer loop
      vertex -31.8392 51.4 2.4
      vertex -31.783 51.4883 0
      vertex -31.783 51.4883 2.4
    endloop
  endfacet
  facet normal 0.843622 -0.536937 0
    outer loop
      vertex -31.783 51.4883 0
      vertex -31.8392 51.4 2.4
      vertex -31.8392 51.4 0
    endloop
  endfacet
  facet normal -0.462044 -0.886857 0
    outer loop
      vertex -28.6929 51.8876 0
      vertex -28.6 51.8392 2.4
      vertex -28.6929 51.8876 2.4
    endloop
  endfacet
  facet normal -0.462044 -0.886857 -0
    outer loop
      vertex -28.6 51.8392 2.4
      vertex -28.6929 51.8876 0
      vertex -28.6 51.8392 0
    endloop
  endfacet
  facet normal -0.999034 0.0439346 0
    outer loop
      vertex -28.0046 33.0954 0
      vertex -28 33.2 2.4
      vertex -28 33.2 0
    endloop
  endfacet
  facet normal -0.999034 0.0439346 0
    outer loop
      vertex -28 33.2 2.4
      vertex -28.0046 33.0954 0
      vertex -28.0046 33.0954 2.4
    endloop
  endfacet
  facet normal -0.924063 0.382239 0
    outer loop
      vertex -28.1124 32.6929 0
      vertex -28.0724 32.7896 2.4
      vertex -28.0724 32.7896 0
    endloop
  endfacet
  facet normal -0.924063 0.382239 0
    outer loop
      vertex -28.0724 32.7896 2.4
      vertex -28.1124 32.6929 0
      vertex -28.1124 32.6929 2.4
    endloop
  endfacet
  facet normal -0.382239 0.924063 0
    outer loop
      vertex -28.6929 32.1124 0
      vertex -28.7896 32.0724 2.4
      vertex -28.6929 32.1124 2.4
    endloop
  endfacet
  facet normal -0.382239 0.924063 0
    outer loop
      vertex -28.7896 32.0724 2.4
      vertex -28.6929 32.1124 0
      vertex -28.7896 32.0724 0
    endloop
  endfacet
  facet normal 1 -0 0
    outer loop
      vertex -32 33.2 2.4
      vertex -32 50.8 0
      vertex -32 50.8 2.4
    endloop
  endfacet
  facet normal 1 0 0
    outer loop
      vertex -32 50.8 0
      vertex -32 33.2 2.4
      vertex -32 33.2 0
    endloop
  endfacet
  facet normal -0.216829 0.97621 0
    outer loop
      vertex -28.8894 32.0409 0
      vertex -28.9916 32.0182 2.4
      vertex -28.8894 32.0409 2.4
    endloop
  endfacet
  facet normal -0.216829 0.97621 0
    outer loop
      vertex -28.9916 32.0182 2.4
      vertex -28.8894 32.0409 0
      vertex -28.9916 32.0182 0
    endloop
  endfacet
  facet normal -0.0439346 -0.999034 0
    outer loop
      vertex -29.2 52 0
      vertex -29.0954 51.9954 2.4
      vertex -29.2 52 2.4
    endloop
  endfacet
  facet normal -0.0439346 -0.999034 -0
    outer loop
      vertex -29.0954 51.9954 2.4
      vertex -29.2 52 0
      vertex -29.0954 51.9954 0
    endloop
  endfacet
  facet normal -0.129911 0.991526 0
    outer loop
      vertex -28.9916 32.0182 0
      vertex -29.0954 32.0046 2.4
      vertex -28.9916 32.0182 2.4
    endloop
  endfacet
  facet normal -0.129911 0.991526 0
    outer loop
      vertex -29.0954 32.0046 2.4
      vertex -28.9916 32.0182 0
      vertex -29.0954 32.0046 0
    endloop
  endfacet
  facet normal 0.382239 -0.924063 0
    outer loop
      vertex -31.3071 51.8876 0
      vertex -31.2104 51.9276 2.4
      vertex -31.3071 51.8876 2.4
    endloop
  endfacet
  facet normal 0.382239 -0.924063 0
    outer loop
      vertex -31.2104 51.9276 2.4
      vertex -31.3071 51.8876 0
      vertex -31.2104 51.9276 0
    endloop
  endfacet
  facet normal -0.675378 0.737471 0
    outer loop
      vertex -28.3515 32.3515 0
      vertex -28.4287 32.2808 2.4
      vertex -28.3515 32.3515 2.4
    endloop
  endfacet
  facet normal -0.675378 0.737471 0
    outer loop
      vertex -28.4287 32.2808 2.4
      vertex -28.3515 32.3515 0
      vertex -28.4287 32.2808 0
    endloop
  endfacet
  facet normal -0.97621 0.216829 0
    outer loop
      vertex -28.0409 32.8894 0
      vertex -28.0182 32.9916 2.4
      vertex -28.0182 32.9916 0
    endloop
  endfacet
  facet normal -0.97621 0.216829 0
    outer loop
      vertex -28.0182 32.9916 2.4
      vertex -28.0409 32.8894 0
      vertex -28.0409 32.8894 2.4
    endloop
  endfacet
  facet normal -0.216829 -0.97621 0
    outer loop
      vertex -28.9916 51.9818 0
      vertex -28.8894 51.9591 2.4
      vertex -28.9916 51.9818 2.4
    endloop
  endfacet
  facet normal -0.216829 -0.97621 -0
    outer loop
      vertex -28.8894 51.9591 2.4
      vertex -28.9916 51.9818 0
      vertex -28.8894 51.9591 0
    endloop
  endfacet
  facet normal 0.924063 -0.382239 0
    outer loop
      vertex -31.9276 51.2104 2.4
      vertex -31.8876 51.3071 0
      vertex -31.8876 51.3071 2.4
    endloop
  endfacet
  facet normal 0.924063 -0.382239 0
    outer loop
      vertex -31.8876 51.3071 0
      vertex -31.9276 51.2104 2.4
      vertex -31.9276 51.2104 0
    endloop
  endfacet
  facet normal 0.737471 0.675378 0
    outer loop
      vertex -31.6485 32.3515 2.4
      vertex -31.7192 32.4287 0
      vertex -31.7192 32.4287 2.4
    endloop
  endfacet
  facet normal 0.737471 0.675378 0
    outer loop
      vertex -31.7192 32.4287 0
      vertex -31.6485 32.3515 2.4
      vertex -31.6485 32.3515 0
    endloop
  endfacet
  facet normal -0.843622 -0.536937 0
    outer loop
      vertex -28.1608 51.4 0
      vertex -28.217 51.4883 2.4
      vertex -28.217 51.4883 0
    endloop
  endfacet
  facet normal -0.843622 -0.536937 0
    outer loop
      vertex -28.217 51.4883 2.4
      vertex -28.1608 51.4 0
      vertex -28.1608 51.4 2.4
    endloop
  endfacet
  facet normal 0.924063 0.382239 0
    outer loop
      vertex -31.8876 32.6929 2.4
      vertex -31.9276 32.7896 0
      vertex -31.9276 32.7896 2.4
    endloop
  endfacet
  facet normal 0.924063 0.382239 0
    outer loop
      vertex -31.9276 32.7896 0
      vertex -31.8876 32.6929 2.4
      vertex -31.8876 32.6929 0
    endloop
  endfacet
  facet normal 0.991526 0.129911 0
    outer loop
      vertex -31.9818 32.9916 2.4
      vertex -31.9954 33.0954 0
      vertex -31.9954 33.0954 2.4
    endloop
  endfacet
  facet normal 0.991526 0.129911 0
    outer loop
      vertex -31.9954 33.0954 0
      vertex -31.9818 32.9916 2.4
      vertex -31.9818 32.9916 0
    endloop
  endfacet
  facet normal 0.536937 0.843622 -0
    outer loop
      vertex -31.4 32.1608 0
      vertex -31.4883 32.217 2.4
      vertex -31.4 32.1608 2.4
    endloop
  endfacet
  facet normal 0.536937 0.843622 0
    outer loop
      vertex -31.4883 32.217 2.4
      vertex -31.4 32.1608 0
      vertex -31.4883 32.217 0
    endloop
  endfacet
  facet normal 0.97621 0.216829 0
    outer loop
      vertex -31.9591 32.8894 2.4
      vertex -31.9818 32.9916 0
      vertex -31.9818 32.9916 2.4
    endloop
  endfacet
  facet normal 0.97621 0.216829 0
    outer loop
      vertex -31.9818 32.9916 0
      vertex -31.9591 32.8894 2.4
      vertex -31.9591 32.8894 0
    endloop
  endfacet
  facet normal -0.991526 -0.129911 0
    outer loop
      vertex -28.0046 50.9046 0
      vertex -28.0182 51.0084 2.4
      vertex -28.0182 51.0084 0
    endloop
  endfacet
  facet normal -0.991526 -0.129911 0
    outer loop
      vertex -28.0182 51.0084 2.4
      vertex -28.0046 50.9046 0
      vertex -28.0046 50.9046 2.4
    endloop
  endfacet
  facet normal -0.300994 -0.953626 0
    outer loop
      vertex -28.8894 51.9591 0
      vertex -28.7896 51.9276 2.4
      vertex -28.8894 51.9591 2.4
    endloop
  endfacet
  facet normal -0.300994 -0.953626 -0
    outer loop
      vertex -28.7896 51.9276 2.4
      vertex -28.8894 51.9591 0
      vertex -28.7896 51.9276 0
    endloop
  endfacet
  facet normal -1 0 0
    outer loop
      vertex -28 33.2 0
      vertex -28 50.8 2.4
      vertex -28 50.8 0
    endloop
  endfacet
  facet normal -1 -0 0
    outer loop
      vertex -28 50.8 2.4
      vertex -28 33.2 0
      vertex -28 33.2 2.4
    endloop
  endfacet
  facet normal 0.300994 -0.953626 0
    outer loop
      vertex -31.2104 51.9276 0
      vertex -31.1106 51.9591 2.4
      vertex -31.2104 51.9276 2.4
    endloop
  endfacet
  facet normal 0.300994 -0.953626 0
    outer loop
      vertex -31.1106 51.9591 2.4
      vertex -31.2104 51.9276 0
      vertex -31.1106 51.9591 0
    endloop
  endfacet
  facet normal 0.991526 -0.129911 0
    outer loop
      vertex -31.9954 50.9046 2.4
      vertex -31.9818 51.0084 0
      vertex -31.9818 51.0084 2.4
    endloop
  endfacet
  facet normal 0.991526 -0.129911 0
    outer loop
      vertex -31.9818 51.0084 0
      vertex -31.9954 50.9046 2.4
      vertex -31.9954 50.9046 0
    endloop
  endfacet
  facet normal -0.792837 0.609434 0
    outer loop
      vertex -28.2808 32.4287 0
      vertex -28.217 32.5117 2.4
      vertex -28.217 32.5117 0
    endloop
  endfacet
  facet normal -0.792837 0.609434 0
    outer loop
      vertex -28.217 32.5117 2.4
      vertex -28.2808 32.4287 0
      vertex -28.2808 32.4287 2.4
    endloop
  endfacet
  facet normal -0.382239 -0.924063 0
    outer loop
      vertex -28.7896 51.9276 0
      vertex -28.6929 51.8876 2.4
      vertex -28.7896 51.9276 2.4
    endloop
  endfacet
  facet normal -0.382239 -0.924063 -0
    outer loop
      vertex -28.6929 51.8876 2.4
      vertex -28.7896 51.9276 0
      vertex -28.6929 51.8876 0
    endloop
  endfacet
  facet normal -0.999034 -0.0439346 0
    outer loop
      vertex -28 50.8 0
      vertex -28.0046 50.9046 2.4
      vertex -28.0046 50.9046 0
    endloop
  endfacet
  facet normal -0.999034 -0.0439346 0
    outer loop
      vertex -28.0046 50.9046 2.4
      vertex -28 50.8 0
      vertex -28 50.8 2.4
    endloop
  endfacet
  facet normal -0.300994 0.953626 0
    outer loop
      vertex -28.7896 32.0724 0
      vertex -28.8894 32.0409 2.4
      vertex -28.7896 32.0724 2.4
    endloop
  endfacet
  facet normal -0.300994 0.953626 0
    outer loop
      vertex -28.8894 32.0409 2.4
      vertex -28.7896 32.0724 0
      vertex -28.8894 32.0409 0
    endloop
  endfacet
  facet normal 0.843622 0.536937 0
    outer loop
      vertex -31.783 32.5117 2.4
      vertex -31.8392 32.6 0
      vertex -31.8392 32.6 2.4
    endloop
  endfacet
  facet normal 0.843622 0.536937 0
    outer loop
      vertex -31.8392 32.6 0
      vertex -31.783 32.5117 2.4
      vertex -31.783 32.5117 0
    endloop
  endfacet
  facet normal 0.462044 0.886857 -0
    outer loop
      vertex -31.3071 32.1124 0
      vertex -31.4 32.1608 2.4
      vertex -31.3071 32.1124 2.4
    endloop
  endfacet
  facet normal 0.462044 0.886857 0
    outer loop
      vertex -31.4 32.1608 2.4
      vertex -31.3071 32.1124 0
      vertex -31.4 32.1608 0
    endloop
  endfacet
  facet normal 0.953626 -0.300994 0
    outer loop
      vertex -31.9591 51.1106 2.4
      vertex -31.9276 51.2104 0
      vertex -31.9276 51.2104 2.4
    endloop
  endfacet
  facet normal 0.953626 -0.300994 0
    outer loop
      vertex -31.9276 51.2104 0
      vertex -31.9591 51.1106 2.4
      vertex -31.9591 51.1106 0
    endloop
  endfacet
  facet normal -0.991526 0.129911 0
    outer loop
      vertex -28.0182 32.9916 0
      vertex -28.0046 33.0954 2.4
      vertex -28.0046 33.0954 0
    endloop
  endfacet
  facet normal -0.991526 0.129911 0
    outer loop
      vertex -28.0046 33.0954 2.4
      vertex -28.0182 32.9916 0
      vertex -28.0182 32.9916 2.4
    endloop
  endfacet
  facet normal -0.609434 0.792837 0
    outer loop
      vertex -28.4287 32.2808 0
      vertex -28.5117 32.217 2.4
      vertex -28.4287 32.2808 2.4
    endloop
  endfacet
  facet normal -0.609434 0.792837 0
    outer loop
      vertex -28.5117 32.217 2.4
      vertex -28.4287 32.2808 0
      vertex -28.5117 32.217 0
    endloop
  endfacet
  facet normal 0.462044 -0.886857 0
    outer loop
      vertex -31.4 51.8392 0
      vertex -31.3071 51.8876 2.4
      vertex -31.4 51.8392 2.4
    endloop
  endfacet
  facet normal 0.462044 -0.886857 0
    outer loop
      vertex -31.3071 51.8876 2.4
      vertex -31.4 51.8392 0
      vertex -31.3071 51.8876 0
    endloop
  endfacet
  facet normal -0.462044 0.886857 0
    outer loop
      vertex -28.6 32.1608 0
      vertex -28.6929 32.1124 2.4
      vertex -28.6 32.1608 2.4
    endloop
  endfacet
  facet normal -0.462044 0.886857 0
    outer loop
      vertex -28.6929 32.1124 2.4
      vertex -28.6 32.1608 0
      vertex -28.6929 32.1124 0
    endloop
  endfacet
  facet normal -0.675378 -0.737471 0
    outer loop
      vertex -28.4287 51.7192 0
      vertex -28.3515 51.6485 2.4
      vertex -28.4287 51.7192 2.4
    endloop
  endfacet
  facet normal -0.675378 -0.737471 -0
    outer loop
      vertex -28.3515 51.6485 2.4
      vertex -28.4287 51.7192 0
      vertex -28.3515 51.6485 0
    endloop
  endfacet
  facet normal -0.737471 -0.675378 0
    outer loop
      vertex -28.2808 51.5713 0
      vertex -28.3515 51.6485 2.4
      vertex -28.3515 51.6485 0
    endloop
  endfacet
  facet normal -0.737471 -0.675378 0
    outer loop
      vertex -28.3515 51.6485 2.4
      vertex -28.2808 51.5713 0
      vertex -28.2808 51.5713 2.4
    endloop
  endfacet
  facet normal -0.536937 0.843622 0
    outer loop
      vertex -28.5117 32.217 0
      vertex -28.6 32.1608 2.4
      vertex -28.5117 32.217 2.4
    endloop
  endfacet
  facet normal -0.536937 0.843622 0
    outer loop
      vertex -28.6 32.1608 2.4
      vertex -28.5117 32.217 0
      vertex -28.6 32.1608 0
    endloop
  endfacet
  facet normal -0.0439346 0.999034 0
    outer loop
      vertex 30.9046 32.0046 0
      vertex 30.8 32 2.4
      vertex 30.9046 32.0046 2.4
    endloop
  endfacet
  facet normal -0.0439346 0.999034 0
    outer loop
      vertex 30.8 32 2.4
      vertex 30.9046 32.0046 0
      vertex 30.8 32 0
    endloop
  endfacet
  facet normal 0.675378 -0.737471 0
    outer loop
      vertex 28.3515 51.6485 0
      vertex 28.4287 51.7192 2.4
      vertex 28.3515 51.6485 2.4
    endloop
  endfacet
  facet normal 0.675378 -0.737471 0
    outer loop
      vertex 28.4287 51.7192 2.4
      vertex 28.3515 51.6485 0
      vertex 28.4287 51.7192 0
    endloop
  endfacet
  facet normal -0.886857 0.462044 0
    outer loop
      vertex 31.8392 32.6 0
      vertex 31.8876 32.6929 2.4
      vertex 31.8876 32.6929 0
    endloop
  endfacet
  facet normal -0.886857 0.462044 0
    outer loop
      vertex 31.8876 32.6929 2.4
      vertex 31.8392 32.6 0
      vertex 31.8392 32.6 2.4
    endloop
  endfacet
  facet normal -0.129911 -0.991526 0
    outer loop
      vertex 30.9046 51.9954 0
      vertex 31.0084 51.9818 2.4
      vertex 30.9046 51.9954 2.4
    endloop
  endfacet
  facet normal -0.129911 -0.991526 -0
    outer loop
      vertex 31.0084 51.9818 2.4
      vertex 30.9046 51.9954 0
      vertex 31.0084 51.9818 0
    endloop
  endfacet
  facet normal 0.675378 0.737471 -0
    outer loop
      vertex 28.4287 32.2808 0
      vertex 28.3515 32.3515 2.4
      vertex 28.4287 32.2808 2.4
    endloop
  endfacet
  facet normal 0.675378 0.737471 0
    outer loop
      vertex 28.3515 32.3515 2.4
      vertex 28.4287 32.2808 0
      vertex 28.3515 32.3515 0
    endloop
  endfacet
  facet normal -0.609434 -0.792837 0
    outer loop
      vertex 31.4883 51.783 0
      vertex 31.5713 51.7192 2.4
      vertex 31.4883 51.783 2.4
    endloop
  endfacet
  facet normal -0.609434 -0.792837 -0
    outer loop
      vertex 31.5713 51.7192 2.4
      vertex 31.4883 51.783 0
      vertex 31.5713 51.7192 0
    endloop
  endfacet
  facet normal -0.843622 0.536937 0
    outer loop
      vertex 31.783 32.5117 0
      vertex 31.8392 32.6 2.4
      vertex 31.8392 32.6 0
    endloop
  endfacet
  facet normal -0.843622 0.536937 0
    outer loop
      vertex 31.8392 32.6 2.4
      vertex 31.783 32.5117 0
      vertex 31.783 32.5117 2.4
    endloop
  endfacet
  facet normal 0.886857 -0.462044 0
    outer loop
      vertex 28.1124 51.3071 2.4
      vertex 28.1608 51.4 0
      vertex 28.1608 51.4 2.4
    endloop
  endfacet
  facet normal 0.886857 -0.462044 0
    outer loop
      vertex 28.1608 51.4 0
      vertex 28.1124 51.3071 2.4
      vertex 28.1124 51.3071 0
    endloop
  endfacet
  facet normal 0.129911 0.991526 -0
    outer loop
      vertex 29.0954 32.0046 0
      vertex 28.9916 32.0182 2.4
      vertex 29.0954 32.0046 2.4
    endloop
  endfacet
  facet normal 0.129911 0.991526 0
    outer loop
      vertex 28.9916 32.0182 2.4
      vertex 29.0954 32.0046 0
      vertex 28.9916 32.0182 0
    endloop
  endfacet
  facet normal 0.886857 0.462044 0
    outer loop
      vertex 28.1608 32.6 2.4
      vertex 28.1124 32.6929 0
      vertex 28.1124 32.6929 2.4
    endloop
  endfacet
  facet normal 0.886857 0.462044 0
    outer loop
      vertex 28.1124 32.6929 0
      vertex 28.1608 32.6 2.4
      vertex 28.1608 32.6 0
    endloop
  endfacet
  facet normal -0.886857 -0.462044 0
    outer loop
      vertex 31.8876 51.3071 0
      vertex 31.8392 51.4 2.4
      vertex 31.8392 51.4 0
    endloop
  endfacet
  facet normal -0.886857 -0.462044 0
    outer loop
      vertex 31.8392 51.4 2.4
      vertex 31.8876 51.3071 0
      vertex 31.8876 51.3071 2.4
    endloop
  endfacet
  facet normal 0 1 -0
    outer loop
      vertex 30.8 32 0
      vertex 29.2 32 2.4
      vertex 30.8 32 2.4
    endloop
  endfacet
  facet normal 0 1 0
    outer loop
      vertex 29.2 32 2.4
      vertex 30.8 32 0
      vertex 29.2 32 0
    endloop
  endfacet
  facet normal -0.792837 -0.609434 0
    outer loop
      vertex 31.783 51.4883 0
      vertex 31.7192 51.5713 2.4
      vertex 31.7192 51.5713 0
    endloop
  endfacet
  facet normal -0.792837 -0.609434 0
    outer loop
      vertex 31.7192 51.5713 2.4
      vertex 31.783 51.4883 0
      vertex 31.783 51.4883 2.4
    endloop
  endfacet
  facet normal 0.216829 0.97621 -0
    outer loop
      vertex 28.9916 32.0182 0
      vertex 28.8894 32.0409 2.4
      vertex 28.9916 32.0182 2.4
    endloop
  endfacet
  facet normal 0.216829 0.97621 0
    outer loop
      vertex 28.8894 32.0409 2.4
      vertex 28.9916 32.0182 0
      vertex 28.8894 32.0409 0
    endloop
  endfacet
  facet normal -0.953626 0.300994 0
    outer loop
      vertex 31.9276 32.7896 0
      vertex 31.9591 32.8894 2.4
      vertex 31.9591 32.8894 0
    endloop
  endfacet
  facet normal -0.953626 0.300994 0
    outer loop
      vertex 31.9591 32.8894 2.4
      vertex 31.9276 32.7896 0
      vertex 31.9276 32.7896 2.4
    endloop
  endfacet
  facet normal 0.737471 -0.675378 0
    outer loop
      vertex 28.2808 51.5713 2.4
      vertex 28.3515 51.6485 0
      vertex 28.3515 51.6485 2.4
    endloop
  endfacet
  facet normal 0.737471 -0.675378 0
    outer loop
      vertex 28.3515 51.6485 0
      vertex 28.2808 51.5713 2.4
      vertex 28.2808 51.5713 0
    endloop
  endfacet
  facet normal 0.609434 0.792837 -0
    outer loop
      vertex 28.5117 32.217 0
      vertex 28.4287 32.2808 2.4
      vertex 28.5117 32.217 2.4
    endloop
  endfacet
  facet normal 0.609434 0.792837 0
    outer loop
      vertex 28.4287 32.2808 2.4
      vertex 28.5117 32.217 0
      vertex 28.4287 32.2808 0
    endloop
  endfacet
  facet normal 0.999034 0.0439346 0
    outer loop
      vertex 28.0046 33.0954 2.4
      vertex 28 33.2 0
      vertex 28 33.2 2.4
    endloop
  endfacet
  facet normal 0.999034 0.0439346 0
    outer loop
      vertex 28 33.2 0
      vertex 28.0046 33.0954 2.4
      vertex 28.0046 33.0954 0
    endloop
  endfacet
  facet normal 0.953626 0.300994 0
    outer loop
      vertex 28.0724 32.7896 2.4
      vertex 28.0409 32.8894 0
      vertex 28.0409 32.8894 2.4
    endloop
  endfacet
  facet normal 0.953626 0.300994 0
    outer loop
      vertex 28.0409 32.8894 0
      vertex 28.0724 32.7896 2.4
      vertex 28.0724 32.7896 0
    endloop
  endfacet
  facet normal 0.129911 -0.991526 0
    outer loop
      vertex 28.9916 51.9818 0
      vertex 29.0954 51.9954 2.4
      vertex 28.9916 51.9818 2.4
    endloop
  endfacet
  facet normal 0.129911 -0.991526 0
    outer loop
      vertex 29.0954 51.9954 2.4
      vertex 28.9916 51.9818 0
      vertex 29.0954 51.9954 0
    endloop
  endfacet
  facet normal 0.0439346 0.999034 -0
    outer loop
      vertex 29.2 32 0
      vertex 29.0954 32.0046 2.4
      vertex 29.2 32 2.4
    endloop
  endfacet
  facet normal 0.0439346 0.999034 0
    outer loop
      vertex 29.0954 32.0046 2.4
      vertex 29.2 32 0
      vertex 29.0954 32.0046 0
    endloop
  endfacet
  facet normal 0.0439346 -0.999034 0
    outer loop
      vertex 29.0954 51.9954 0
      vertex 29.2 52 2.4
      vertex 29.0954 51.9954 2.4
    endloop
  endfacet
  facet normal 0.0439346 -0.999034 0
    outer loop
      vertex 29.2 52 2.4
      vertex 29.0954 51.9954 0
      vertex 29.2 52 0
    endloop
  endfacet
  facet normal -0.953626 -0.300994 0
    outer loop
      vertex 31.9591 51.1106 0
      vertex 31.9276 51.2104 2.4
      vertex 31.9276 51.2104 0
    endloop
  endfacet
  facet normal -0.953626 -0.300994 0
    outer loop
      vertex 31.9276 51.2104 2.4
      vertex 31.9591 51.1106 0
      vertex 31.9591 51.1106 2.4
    endloop
  endfacet
  facet normal 0.792837 -0.609434 0
    outer loop
      vertex 28.217 51.4883 2.4
      vertex 28.2808 51.5713 0
      vertex 28.2808 51.5713 2.4
    endloop
  endfacet
  facet normal 0.792837 -0.609434 0
    outer loop
      vertex 28.2808 51.5713 0
      vertex 28.217 51.4883 2.4
      vertex 28.217 51.4883 0
    endloop
  endfacet
  facet normal -0.97621 -0.216829 0
    outer loop
      vertex 31.9818 51.0084 0
      vertex 31.9591 51.1106 2.4
      vertex 31.9591 51.1106 0
    endloop
  endfacet
  facet normal -0.97621 -0.216829 0
    outer loop
      vertex 31.9591 51.1106 2.4
      vertex 31.9818 51.0084 0
      vertex 31.9818 51.0084 2.4
    endloop
  endfacet
  facet normal 0.792837 0.609434 0
    outer loop
      vertex 28.2808 32.4287 2.4
      vertex 28.217 32.5117 0
      vertex 28.217 32.5117 2.4
    endloop
  endfacet
  facet normal 0.792837 0.609434 0
    outer loop
      vertex 28.217 32.5117 0
      vertex 28.2808 32.4287 2.4
      vertex 28.2808 32.4287 0
    endloop
  endfacet
  facet normal -0.924063 -0.382239 0
    outer loop
      vertex 31.9276 51.2104 0
      vertex 31.8876 51.3071 2.4
      vertex 31.8876 51.3071 0
    endloop
  endfacet
  facet normal -0.924063 -0.382239 0
    outer loop
      vertex 31.8876 51.3071 2.4
      vertex 31.9276 51.2104 0
      vertex 31.9276 51.2104 2.4
    endloop
  endfacet
  facet normal 0.382239 0.924063 -0
    outer loop
      vertex 28.7896 32.0724 0
      vertex 28.6929 32.1124 2.4
      vertex 28.7896 32.0724 2.4
    endloop
  endfacet
  facet normal 0.382239 0.924063 0
    outer loop
      vertex 28.6929 32.1124 2.4
      vertex 28.7896 32.0724 0
      vertex 28.6929 32.1124 0
    endloop
  endfacet
  facet normal 0.999034 -0.0439346 0
    outer loop
      vertex 28 50.8 2.4
      vertex 28.0046 50.9046 0
      vertex 28.0046 50.9046 2.4
    endloop
  endfacet
  facet normal 0.999034 -0.0439346 0
    outer loop
      vertex 28.0046 50.9046 0
      vertex 28 50.8 2.4
      vertex 28 50.8 0
    endloop
  endfacet
  facet normal 0 -1 0
    outer loop
      vertex 29.2 52 0
      vertex 30.8 52 2.4
      vertex 29.2 52 2.4
    endloop
  endfacet
  facet normal 0 -1 -0
    outer loop
      vertex 30.8 52 2.4
      vertex 29.2 52 0
      vertex 30.8 52 0
    endloop
  endfacet
  facet normal 0.216829 -0.97621 0
    outer loop
      vertex 28.8894 51.9591 0
      vertex 28.9916 51.9818 2.4
      vertex 28.8894 51.9591 2.4
    endloop
  endfacet
  facet normal 0.216829 -0.97621 0
    outer loop
      vertex 28.9916 51.9818 2.4
      vertex 28.8894 51.9591 0
      vertex 28.9916 51.9818 0
    endloop
  endfacet
  facet normal 0.300994 0.953626 -0
    outer loop
      vertex 28.8894 32.0409 0
      vertex 28.7896 32.0724 2.4
      vertex 28.8894 32.0409 2.4
    endloop
  endfacet
  facet normal 0.300994 0.953626 0
    outer loop
      vertex 28.7896 32.0724 2.4
      vertex 28.8894 32.0409 0
      vertex 28.7896 32.0724 0
    endloop
  endfacet
  facet normal 0.97621 -0.216829 0
    outer loop
      vertex 28.0182 51.0084 2.4
      vertex 28.0409 51.1106 0
      vertex 28.0409 51.1106 2.4
    endloop
  endfacet
  facet normal 0.97621 -0.216829 0
    outer loop
      vertex 28.0409 51.1106 0
      vertex 28.0182 51.0084 2.4
      vertex 28.0182 51.0084 0
    endloop
  endfacet
  facet normal 0.609434 -0.792837 0
    outer loop
      vertex 28.4287 51.7192 0
      vertex 28.5117 51.783 2.4
      vertex 28.4287 51.7192 2.4
    endloop
  endfacet
  facet normal 0.609434 -0.792837 0
    outer loop
      vertex 28.5117 51.783 2.4
      vertex 28.4287 51.7192 0
      vertex 28.5117 51.783 0
    endloop
  endfacet
  facet normal -0.737471 0.675378 0
    outer loop
      vertex 31.6485 32.3515 0
      vertex 31.7192 32.4287 2.4
      vertex 31.7192 32.4287 0
    endloop
  endfacet
  facet normal -0.737471 0.675378 0
    outer loop
      vertex 31.7192 32.4287 2.4
      vertex 31.6485 32.3515 0
      vertex 31.6485 32.3515 2.4
    endloop
  endfacet
  facet normal 0.536937 -0.843622 0
    outer loop
      vertex 28.5117 51.783 0
      vertex 28.6 51.8392 2.4
      vertex 28.5117 51.783 2.4
    endloop
  endfacet
  facet normal 0.536937 -0.843622 0
    outer loop
      vertex 28.6 51.8392 2.4
      vertex 28.5117 51.783 0
      vertex 28.6 51.8392 0
    endloop
  endfacet
  facet normal -0.536937 -0.843622 0
    outer loop
      vertex 31.4 51.8392 0
      vertex 31.4883 51.783 2.4
      vertex 31.4 51.8392 2.4
    endloop
  endfacet
  facet normal -0.536937 -0.843622 -0
    outer loop
      vertex 31.4883 51.783 2.4
      vertex 31.4 51.8392 0
      vertex 31.4883 51.783 0
    endloop
  endfacet
  facet normal 0.843622 -0.536937 0
    outer loop
      vertex 28.1608 51.4 2.4
      vertex 28.217 51.4883 0
      vertex 28.217 51.4883 2.4
    endloop
  endfacet
  facet normal 0.843622 -0.536937 0
    outer loop
      vertex 28.217 51.4883 0
      vertex 28.1608 51.4 2.4
      vertex 28.1608 51.4 0
    endloop
  endfacet
  facet normal -0.462044 -0.886857 0
    outer loop
      vertex 31.3071 51.8876 0
      vertex 31.4 51.8392 2.4
      vertex 31.3071 51.8876 2.4
    endloop
  endfacet
  facet normal -0.462044 -0.886857 -0
    outer loop
      vertex 31.4 51.8392 2.4
      vertex 31.3071 51.8876 0
      vertex 31.4 51.8392 0
    endloop
  endfacet
  facet normal -0.999034 0.0439346 0
    outer loop
      vertex 31.9954 33.0954 0
      vertex 32 33.2 2.4
      vertex 32 33.2 0
    endloop
  endfacet
  facet normal -0.999034 0.0439346 0
    outer loop
      vertex 32 33.2 2.4
      vertex 31.9954 33.0954 0
      vertex 31.9954 33.0954 2.4
    endloop
  endfacet
  facet normal -0.924063 0.382239 0
    outer loop
      vertex 31.8876 32.6929 0
      vertex 31.9276 32.7896 2.4
      vertex 31.9276 32.7896 0
    endloop
  endfacet
  facet normal -0.924063 0.382239 0
    outer loop
      vertex 31.9276 32.7896 2.4
      vertex 31.8876 32.6929 0
      vertex 31.8876 32.6929 2.4
    endloop
  endfacet
  facet normal -0.382239 0.924063 0
    outer loop
      vertex 31.3071 32.1124 0
      vertex 31.2104 32.0724 2.4
      vertex 31.3071 32.1124 2.4
    endloop
  endfacet
  facet normal -0.382239 0.924063 0
    outer loop
      vertex 31.2104 32.0724 2.4
      vertex 31.3071 32.1124 0
      vertex 31.2104 32.0724 0
    endloop
  endfacet
  facet normal 1 -0 0
    outer loop
      vertex 28 33.2 2.4
      vertex 28 50.8 0
      vertex 28 50.8 2.4
    endloop
  endfacet
  facet normal 1 0 0
    outer loop
      vertex 28 50.8 0
      vertex 28 33.2 2.4
      vertex 28 33.2 0
    endloop
  endfacet
  facet normal -0.216829 0.97621 0
    outer loop
      vertex 31.1106 32.0409 0
      vertex 31.0084 32.0182 2.4
      vertex 31.1106 32.0409 2.4
    endloop
  endfacet
  facet normal -0.216829 0.97621 0
    outer loop
      vertex 31.0084 32.0182 2.4
      vertex 31.1106 32.0409 0
      vertex 31.0084 32.0182 0
    endloop
  endfacet
  facet normal -0.0439346 -0.999034 0
    outer loop
      vertex 30.8 52 0
      vertex 30.9046 51.9954 2.4
      vertex 30.8 52 2.4
    endloop
  endfacet
  facet normal -0.0439346 -0.999034 -0
    outer loop
      vertex 30.9046 51.9954 2.4
      vertex 30.8 52 0
      vertex 30.9046 51.9954 0
    endloop
  endfacet
  facet normal -0.129911 0.991526 0
    outer loop
      vertex 31.0084 32.0182 0
      vertex 30.9046 32.0046 2.4
      vertex 31.0084 32.0182 2.4
    endloop
  endfacet
  facet normal -0.129911 0.991526 0
    outer loop
      vertex 30.9046 32.0046 2.4
      vertex 31.0084 32.0182 0
      vertex 30.9046 32.0046 0
    endloop
  endfacet
  facet normal 0.382239 -0.924063 0
    outer loop
      vertex 28.6929 51.8876 0
      vertex 28.7896 51.9276 2.4
      vertex 28.6929 51.8876 2.4
    endloop
  endfacet
  facet normal 0.382239 -0.924063 0
    outer loop
      vertex 28.7896 51.9276 2.4
      vertex 28.6929 51.8876 0
      vertex 28.7896 51.9276 0
    endloop
  endfacet
  facet normal -0.675378 0.737471 0
    outer loop
      vertex 31.6485 32.3515 0
      vertex 31.5713 32.2808 2.4
      vertex 31.6485 32.3515 2.4
    endloop
  endfacet
  facet normal -0.675378 0.737471 0
    outer loop
      vertex 31.5713 32.2808 2.4
      vertex 31.6485 32.3515 0
      vertex 31.5713 32.2808 0
    endloop
  endfacet
  facet normal -0.97621 0.216829 0
    outer loop
      vertex 31.9591 32.8894 0
      vertex 31.9818 32.9916 2.4
      vertex 31.9818 32.9916 0
    endloop
  endfacet
  facet normal -0.97621 0.216829 0
    outer loop
      vertex 31.9818 32.9916 2.4
      vertex 31.9591 32.8894 0
      vertex 31.9591 32.8894 2.4
    endloop
  endfacet
  facet normal -0.216829 -0.97621 0
    outer loop
      vertex 31.0084 51.9818 0
      vertex 31.1106 51.9591 2.4
      vertex 31.0084 51.9818 2.4
    endloop
  endfacet
  facet normal -0.216829 -0.97621 -0
    outer loop
      vertex 31.1106 51.9591 2.4
      vertex 31.0084 51.9818 0
      vertex 31.1106 51.9591 0
    endloop
  endfacet
  facet normal 0.924063 -0.382239 0
    outer loop
      vertex 28.0724 51.2104 2.4
      vertex 28.1124 51.3071 0
      vertex 28.1124 51.3071 2.4
    endloop
  endfacet
  facet normal 0.924063 -0.382239 0
    outer loop
      vertex 28.1124 51.3071 0
      vertex 28.0724 51.2104 2.4
      vertex 28.0724 51.2104 0
    endloop
  endfacet
  facet normal 0.737471 0.675378 0
    outer loop
      vertex 28.3515 32.3515 2.4
      vertex 28.2808 32.4287 0
      vertex 28.2808 32.4287 2.4
    endloop
  endfacet
  facet normal 0.737471 0.675378 0
    outer loop
      vertex 28.2808 32.4287 0
      vertex 28.3515 32.3515 2.4
      vertex 28.3515 32.3515 0
    endloop
  endfacet
  facet normal -0.843622 -0.536937 0
    outer loop
      vertex 31.8392 51.4 0
      vertex 31.783 51.4883 2.4
      vertex 31.783 51.4883 0
    endloop
  endfacet
  facet normal -0.843622 -0.536937 0
    outer loop
      vertex 31.783 51.4883 2.4
      vertex 31.8392 51.4 0
      vertex 31.8392 51.4 2.4
    endloop
  endfacet
  facet normal 0.924063 0.382239 0
    outer loop
      vertex 28.1124 32.6929 2.4
      vertex 28.0724 32.7896 0
      vertex 28.0724 32.7896 2.4
    endloop
  endfacet
  facet normal 0.924063 0.382239 0
    outer loop
      vertex 28.0724 32.7896 0
      vertex 28.1124 32.6929 2.4
      vertex 28.1124 32.6929 0
    endloop
  endfacet
  facet normal 0.991526 0.129911 0
    outer loop
      vertex 28.0182 32.9916 2.4
      vertex 28.0046 33.0954 0
      vertex 28.0046 33.0954 2.4
    endloop
  endfacet
  facet normal 0.991526 0.129911 0
    outer loop
      vertex 28.0046 33.0954 0
      vertex 28.0182 32.9916 2.4
      vertex 28.0182 32.9916 0
    endloop
  endfacet
  facet normal 0.536937 0.843622 -0
    outer loop
      vertex 28.6 32.1608 0
      vertex 28.5117 32.217 2.4
      vertex 28.6 32.1608 2.4
    endloop
  endfacet
  facet normal 0.536937 0.843622 0
    outer loop
      vertex 28.5117 32.217 2.4
      vertex 28.6 32.1608 0
      vertex 28.5117 32.217 0
    endloop
  endfacet
  facet normal 0.97621 0.216829 0
    outer loop
      vertex 28.0409 32.8894 2.4
      vertex 28.0182 32.9916 0
      vertex 28.0182 32.9916 2.4
    endloop
  endfacet
  facet normal 0.97621 0.216829 0
    outer loop
      vertex 28.0182 32.9916 0
      vertex 28.0409 32.8894 2.4
      vertex 28.0409 32.8894 0
    endloop
  endfacet
  facet normal -0.991526 -0.129911 0
    outer loop
      vertex 31.9954 50.9046 0
      vertex 31.9818 51.0084 2.4
      vertex 31.9818 51.0084 0
    endloop
  endfacet
  facet normal -0.991526 -0.129911 0
    outer loop
      vertex 31.9818 51.0084 2.4
      vertex 31.9954 50.9046 0
      vertex 31.9954 50.9046 2.4
    endloop
  endfacet
  facet normal -0.300994 -0.953626 0
    outer loop
      vertex 31.1106 51.9591 0
      vertex 31.2104 51.9276 2.4
      vertex 31.1106 51.9591 2.4
    endloop
  endfacet
  facet normal -0.300994 -0.953626 -0
    outer loop
      vertex 31.2104 51.9276 2.4
      vertex 31.1106 51.9591 0
      vertex 31.2104 51.9276 0
    endloop
  endfacet
  facet normal -1 0 0
    outer loop
      vertex 32 33.2 0
      vertex 32 50.8 2.4
      vertex 32 50.8 0
    endloop
  endfacet
  facet normal -1 -0 0
    outer loop
      vertex 32 50.8 2.4
      vertex 32 33.2 0
      vertex 32 33.2 2.4
    endloop
  endfacet
  facet normal 0.300994 -0.953626 0
    outer loop
      vertex 28.7896 51.9276 0
      vertex 28.8894 51.9591 2.4
      vertex 28.7896 51.9276 2.4
    endloop
  endfacet
  facet normal 0.300994 -0.953626 0
    outer loop
      vertex 28.8894 51.9591 2.4
      vertex 28.7896 51.9276 0
      vertex 28.8894 51.9591 0
    endloop
  endfacet
  facet normal 0.991526 -0.129911 0
    outer loop
      vertex 28.0046 50.9046 2.4
      vertex 28.0182 51.0084 0
      vertex 28.0182 51.0084 2.4
    endloop
  endfacet
  facet normal 0.991526 -0.129911 0
    outer loop
      vertex 28.0182 51.0084 0
      vertex 28.0046 50.9046 2.4
      vertex 28.0046 50.9046 0
    endloop
  endfacet
  facet normal -0.792837 0.609434 0
    outer loop
      vertex 31.7192 32.4287 0
      vertex 31.783 32.5117 2.4
      vertex 31.783 32.5117 0
    endloop
  endfacet
  facet normal -0.792837 0.609434 0
    outer loop
      vertex 31.783 32.5117 2.4
      vertex 31.7192 32.4287 0
      vertex 31.7192 32.4287 2.4
    endloop
  endfacet
  facet normal -0.382239 -0.924063 0
    outer loop
      vertex 31.2104 51.9276 0
      vertex 31.3071 51.8876 2.4
      vertex 31.2104 51.9276 2.4
    endloop
  endfacet
  facet normal -0.382239 -0.924063 -0
    outer loop
      vertex 31.3071 51.8876 2.4
      vertex 31.2104 51.9276 0
      vertex 31.3071 51.8876 0
    endloop
  endfacet
  facet normal -0.999034 -0.0439346 0
    outer loop
      vertex 32 50.8 0
      vertex 31.9954 50.9046 2.4
      vertex 31.9954 50.9046 0
    endloop
  endfacet
  facet normal -0.999034 -0.0439346 0
    outer loop
      vertex 31.9954 50.9046 2.4
      vertex 32 50.8 0
      vertex 32 50.8 2.4
    endloop
  endfacet
  facet normal -0.300994 0.953626 0
    outer loop
      vertex 31.2104 32.0724 0
      vertex 31.1106 32.0409 2.4
      vertex 31.2104 32.0724 2.4
    endloop
  endfacet
  facet normal -0.300994 0.953626 0
    outer loop
      vertex 31.1106 32.0409 2.4
      vertex 31.2104 32.0724 0
      vertex 31.1106 32.0409 0
    endloop
  endfacet
  facet normal 0.843622 0.536937 0
    outer loop
      vertex 28.217 32.5117 2.4
      vertex 28.1608 32.6 0
      vertex 28.1608 32.6 2.4
    endloop
  endfacet
  facet normal 0.843622 0.536937 0
    outer loop
      vertex 28.1608 32.6 0
      vertex 28.217 32.5117 2.4
      vertex 28.217 32.5117 0
    endloop
  endfacet
  facet normal 0.462044 0.886857 -0
    outer loop
      vertex 28.6929 32.1124 0
      vertex 28.6 32.1608 2.4
      vertex 28.6929 32.1124 2.4
    endloop
  endfacet
  facet normal 0.462044 0.886857 0
    outer loop
      vertex 28.6 32.1608 2.4
      vertex 28.6929 32.1124 0
      vertex 28.6 32.1608 0
    endloop
  endfacet
  facet normal 0.953626 -0.300994 0
    outer loop
      vertex 28.0409 51.1106 2.4
      vertex 28.0724 51.2104 0
      vertex 28.0724 51.2104 2.4
    endloop
  endfacet
  facet normal 0.953626 -0.300994 0
    outer loop
      vertex 28.0724 51.2104 0
      vertex 28.0409 51.1106 2.4
      vertex 28.0409 51.1106 0
    endloop
  endfacet
  facet normal -0.991526 0.129911 0
    outer loop
      vertex 31.9818 32.9916 0
      vertex 31.9954 33.0954 2.4
      vertex 31.9954 33.0954 0
    endloop
  endfacet
  facet normal -0.991526 0.129911 0
    outer loop
      vertex 31.9954 33.0954 2.4
      vertex 31.9818 32.9916 0
      vertex 31.9818 32.9916 2.4
    endloop
  endfacet
  facet normal -0.609434 0.792837 0
    outer loop
      vertex 31.5713 32.2808 0
      vertex 31.4883 32.217 2.4
      vertex 31.5713 32.2808 2.4
    endloop
  endfacet
  facet normal -0.609434 0.792837 0
    outer loop
      vertex 31.4883 32.217 2.4
      vertex 31.5713 32.2808 0
      vertex 31.4883 32.217 0
    endloop
  endfacet
  facet normal 0.462044 -0.886857 0
    outer loop
      vertex 28.6 51.8392 0
      vertex 28.6929 51.8876 2.4
      vertex 28.6 51.8392 2.4
    endloop
  endfacet
  facet normal 0.462044 -0.886857 0
    outer loop
      vertex 28.6929 51.8876 2.4
      vertex 28.6 51.8392 0
      vertex 28.6929 51.8876 0
    endloop
  endfacet
  facet normal -0.462044 0.886857 0
    outer loop
      vertex 31.4 32.1608 0
      vertex 31.3071 32.1124 2.4
      vertex 31.4 32.1608 2.4
    endloop
  endfacet
  facet normal -0.462044 0.886857 0
    outer loop
      vertex 31.3071 32.1124 2.4
      vertex 31.4 32.1608 0
      vertex 31.3071 32.1124 0
    endloop
  endfacet
  facet normal -0.675378 -0.737471 0
    outer loop
      vertex 31.5713 51.7192 0
      vertex 31.6485 51.6485 2.4
      vertex 31.5713 51.7192 2.4
    endloop
  endfacet
  facet normal -0.675378 -0.737471 -0
    outer loop
      vertex 31.6485 51.6485 2.4
      vertex 31.5713 51.7192 0
      vertex 31.6485 51.6485 0
    endloop
  endfacet
  facet normal -0.737471 -0.675378 0
    outer loop
      vertex 31.7192 51.5713 0
      vertex 31.6485 51.6485 2.4
      vertex 31.6485 51.6485 0
    endloop
  endfacet
  facet normal -0.737471 -0.675378 0
    outer loop
      vertex 31.6485 51.6485 2.4
      vertex 31.7192 51.5713 0
      vertex 31.7192 51.5713 2.4
    endloop
  endfacet
  facet normal -0.536937 0.843622 0
    outer loop
      vertex 31.4883 32.217 0
      vertex 31.4 32.1608 2.4
      vertex 31.4883 32.217 2.4
    endloop
  endfacet
  facet normal -0.536937 0.843622 0
    outer loop
      vertex 31.4 32.1608 2.4
      vertex 31.4883 32.217 0
      vertex 31.4 32.1608 0
    endloop
  endfacet
  facet normal 0.0435566 0.999051 -0
    outer loop
      vertex -17.5 -52 0
      vertex -17.7179 -51.9905 2.4
      vertex -17.5 -52 2.4
    endloop
  endfacet
  facet normal 0.0435566 0.999051 0
    outer loop
      vertex -17.7179 -51.9905 2.4
      vertex -17.5 -52 0
      vertex -17.7179 -51.9905 0
    endloop
  endfacet
  facet normal -0.0435566 0.999051 0
    outer loop
      vertex 17.7179 -51.9905 0
      vertex 17.5 -52 2.4
      vertex 17.7179 -51.9905 2.4
    endloop
  endfacet
  facet normal -0.0435566 0.999051 0
    outer loop
      vertex 17.5 -52 2.4
      vertex 17.7179 -51.9905 0
      vertex 17.5 -52 0
    endloop
  endfacet
  facet normal -0.130692 -0.991423 0
    outer loop
      vertex 17.7179 -44.0095 0
      vertex 17.9341 -44.038 2.4
      vertex 17.7179 -44.0095 2.4
    endloop
  endfacet
  facet normal -0.130692 -0.991423 -0
    outer loop
      vertex 17.9341 -44.038 2.4
      vertex 17.7179 -44.0095 0
      vertex 17.9341 -44.038 0
    endloop
  endfacet
  facet normal 0 1 -0
    outer loop
      vertex 17.5 -52 0
      vertex -17.5 -52 2.4
      vertex 17.5 -52 2.4
    endloop
  endfacet
  facet normal 0 1 0
    outer loop
      vertex -17.5 -52 2.4
      vertex 17.5 -52 0
      vertex -17.5 -52 0
    endloop
  endfacet
  facet normal 0 -1 0
    outer loop
      vertex -17.5 -44 0
      vertex 17.5 -44 2.4
      vertex -17.5 -44 2.4
    endloop
  endfacet
  facet normal 0 -1 -0
    outer loop
      vertex 17.5 -44 2.4
      vertex -17.5 -44 0
      vertex 17.5 -44 0
    endloop
  endfacet
  facet normal -0.608691 -0.793407 0
    outer loop
      vertex 18.9339 -44.4521 0
      vertex 19.107 -44.5849 2.4
      vertex 18.9339 -44.4521 2.4
    endloop
  endfacet
  facet normal -0.608691 -0.793407 -0
    outer loop
      vertex 19.107 -44.5849 2.4
      vertex 18.9339 -44.4521 0
      vertex 19.107 -44.5849 0
    endloop
  endfacet
  facet normal 0.675475 -0.737383 0
    outer loop
      vertex -19.2678 -44.7322 0
      vertex -19.107 -44.5849 2.4
      vertex -19.2678 -44.7322 2.4
    endloop
  endfacet
  facet normal 0.675475 -0.737383 0
    outer loop
      vertex -19.107 -44.5849 2.4
      vertex -19.2678 -44.7322 0
      vertex -19.107 -44.5849 0
    endloop
  endfacet
  facet normal 0.793407 -0.608691 0
    outer loop
      vertex -19.5479 -45.0661 2.4
      vertex -19.4151 -44.893 0
      vertex -19.4151 -44.893 2.4
    endloop
  endfacet
  facet normal 0.793407 -0.608691 0
    outer loop
      vertex -19.4151 -44.893 0
      vertex -19.5479 -45.0661 2.4
      vertex -19.5479 -45.0661 0
    endloop
  endfacet
  facet normal -0.887067 0.461641 0
    outer loop
      vertex 19.6651 -50.75 0
      vertex 19.7658 -50.5565 2.4
      vertex 19.7658 -50.5565 0
    endloop
  endfacet
  facet normal -0.887067 0.461641 0
    outer loop
      vertex 19.7658 -50.5565 2.4
      vertex 19.6651 -50.75 0
      vertex 19.6651 -50.75 2.4
    endloop
  endfacet
  facet normal -0.793407 0.608691 0
    outer loop
      vertex 19.4151 -51.107 0
      vertex 19.5479 -50.9339 2.4
      vertex 19.5479 -50.9339 0
    endloop
  endfacet
  facet normal -0.793407 0.608691 0
    outer loop
      vertex 19.5479 -50.9339 2.4
      vertex 19.4151 -51.107 0
      vertex 19.4151 -51.107 2.4
    endloop
  endfacet
  facet normal -0.0435566 -0.999051 0
    outer loop
      vertex 17.5 -44 0
      vertex 17.7179 -44.0095 2.4
      vertex 17.5 -44 2.4
    endloop
  endfacet
  facet normal -0.0435566 -0.999051 -0
    outer loop
      vertex 17.7179 -44.0095 2.4
      vertex 17.5 -44 0
      vertex 17.7179 -44.0095 0
    endloop
  endfacet
  facet normal 0.976295 -0.216445 0
    outer loop
      vertex -19.962 -46.0659 2.4
      vertex -19.9148 -45.853 0
      vertex -19.9148 -45.853 2.4
    endloop
  endfacet
  facet normal 0.976295 -0.216445 0
    outer loop
      vertex -19.9148 -45.853 0
      vertex -19.962 -46.0659 2.4
      vertex -19.962 -46.0659 0
    endloop
  endfacet
  facet normal -0.300649 0.953735 0
    outer loop
      vertex 18.3551 -51.8492 0
      vertex 18.147 -51.9148 2.4
      vertex 18.3551 -51.8492 2.4
    endloop
  endfacet
  facet normal -0.300649 0.953735 0
    outer loop
      vertex 18.147 -51.9148 2.4
      vertex 18.3551 -51.8492 0
      vertex 18.147 -51.9148 0
    endloop
  endfacet
  facet normal 0.130692 0.991423 -0
    outer loop
      vertex -17.7179 -51.9905 0
      vertex -17.9341 -51.962 2.4
      vertex -17.7179 -51.9905 2.4
    endloop
  endfacet
  facet normal 0.130692 0.991423 0
    outer loop
      vertex -17.9341 -51.962 2.4
      vertex -17.7179 -51.9905 0
      vertex -17.9341 -51.962 0
    endloop
  endfacet
  facet normal 0.130692 -0.991423 0
    outer loop
      vertex -17.9341 -44.038 0
      vertex -17.7179 -44.0095 2.4
      vertex -17.9341 -44.038 2.4
    endloop
  endfacet
  facet normal 0.130692 -0.991423 0
    outer loop
      vertex -17.7179 -44.0095 2.4
      vertex -17.9341 -44.038 0
      vertex -17.7179 -44.0095 0
    endloop
  endfacet
  facet normal 0.608691 0.793407 -0
    outer loop
      vertex -18.9339 -51.5479 0
      vertex -19.107 -51.4151 2.4
      vertex -18.9339 -51.5479 2.4
    endloop
  endfacet
  facet normal 0.608691 0.793407 0
    outer loop
      vertex -19.107 -51.4151 2.4
      vertex -18.9339 -51.5479 0
      vertex -19.107 -51.4151 0
    endloop
  endfacet
  facet normal -0.537439 0.843303 0
    outer loop
      vertex 18.9339 -51.5479 0
      vertex 18.75 -51.6651 2.4
      vertex 18.9339 -51.5479 2.4
    endloop
  endfacet
  facet normal -0.537439 0.843303 0
    outer loop
      vertex 18.75 -51.6651 2.4
      vertex 18.9339 -51.5479 0
      vertex 18.75 -51.6651 0
    endloop
  endfacet
  facet normal 0.991423 0.130692 0
    outer loop
      vertex -19.962 -49.9341 2.4
      vertex -19.9905 -49.7179 0
      vertex -19.9905 -49.7179 2.4
    endloop
  endfacet
  facet normal 0.991423 0.130692 0
    outer loop
      vertex -19.9905 -49.7179 0
      vertex -19.962 -49.9341 2.4
      vertex -19.962 -49.9341 0
    endloop
  endfacet
  facet normal 0.382595 -0.923916 0
    outer loop
      vertex -18.5565 -44.2342 0
      vertex -18.3551 -44.1508 2.4
      vertex -18.5565 -44.2342 2.4
    endloop
  endfacet
  facet normal 0.382595 -0.923916 0
    outer loop
      vertex -18.3551 -44.1508 2.4
      vertex -18.5565 -44.2342 0
      vertex -18.3551 -44.1508 0
    endloop
  endfacet
  facet normal -0.793407 -0.608691 0
    outer loop
      vertex 19.5479 -45.0661 0
      vertex 19.4151 -44.893 2.4
      vertex 19.4151 -44.893 0
    endloop
  endfacet
  facet normal -0.793407 -0.608691 0
    outer loop
      vertex 19.4151 -44.893 2.4
      vertex 19.5479 -45.0661 0
      vertex 19.5479 -45.0661 2.4
    endloop
  endfacet
  facet normal -0.953735 -0.300649 0
    outer loop
      vertex 19.9148 -45.853 0
      vertex 19.8492 -45.6449 2.4
      vertex 19.8492 -45.6449 0
    endloop
  endfacet
  facet normal -0.953735 -0.300649 0
    outer loop
      vertex 19.8492 -45.6449 2.4
      vertex 19.9148 -45.853 0
      vertex 19.9148 -45.853 2.4
    endloop
  endfacet
  facet normal 0.0435566 -0.999051 0
    outer loop
      vertex -17.7179 -44.0095 0
      vertex -17.5 -44 2.4
      vertex -17.7179 -44.0095 2.4
    endloop
  endfacet
  facet normal 0.0435566 -0.999051 0
    outer loop
      vertex -17.5 -44 2.4
      vertex -17.7179 -44.0095 0
      vertex -17.5 -44 0
    endloop
  endfacet
  facet normal -0.216445 -0.976295 0
    outer loop
      vertex 17.9341 -44.038 0
      vertex 18.147 -44.0852 2.4
      vertex 17.9341 -44.038 2.4
    endloop
  endfacet
  facet normal -0.216445 -0.976295 -0
    outer loop
      vertex 18.147 -44.0852 2.4
      vertex 17.9341 -44.038 0
      vertex 18.147 -44.0852 0
    endloop
  endfacet
  facet normal -0.675475 0.737383 0
    outer loop
      vertex 19.2678 -51.2678 0
      vertex 19.107 -51.4151 2.4
      vertex 19.2678 -51.2678 2.4
    endloop
  endfacet
  facet normal -0.675475 0.737383 0
    outer loop
      vertex 19.107 -51.4151 2.4
      vertex 19.2678 -51.2678 0
      vertex 19.107 -51.4151 0
    endloop
  endfacet
  facet normal 0.461641 0.887067 -0
    outer loop
      vertex -18.5565 -51.7658 0
      vertex -18.75 -51.6651 2.4
      vertex -18.5565 -51.7658 2.4
    endloop
  endfacet
  facet normal 0.461641 0.887067 0
    outer loop
      vertex -18.75 -51.6651 2.4
      vertex -18.5565 -51.7658 0
      vertex -18.75 -51.6651 0
    endloop
  endfacet
  facet normal 0.608691 -0.793407 0
    outer loop
      vertex -19.107 -44.5849 0
      vertex -18.9339 -44.4521 2.4
      vertex -19.107 -44.5849 2.4
    endloop
  endfacet
  facet normal 0.608691 -0.793407 0
    outer loop
      vertex -18.9339 -44.4521 2.4
      vertex -19.107 -44.5849 0
      vertex -18.9339 -44.4521 0
    endloop
  endfacet
  facet normal 0.953735 0.300649 0
    outer loop
      vertex -19.8492 -50.3551 2.4
      vertex -19.9148 -50.147 0
      vertex -19.9148 -50.147 2.4
    endloop
  endfacet
  facet normal 0.953735 0.300649 0
    outer loop
      vertex -19.9148 -50.147 0
      vertex -19.8492 -50.3551 2.4
      vertex -19.8492 -50.3551 0
    endloop
  endfacet
  facet normal 1 -0 0
    outer loop
      vertex -20 -49.5 2.4
      vertex -20 -46.5 0
      vertex -20 -46.5 2.4
    endloop
  endfacet
  facet normal 1 0 0
    outer loop
      vertex -20 -46.5 0
      vertex -20 -49.5 2.4
      vertex -20 -49.5 0
    endloop
  endfacet
  facet normal 0.793407 0.608691 0
    outer loop
      vertex -19.4151 -51.107 2.4
      vertex -19.5479 -50.9339 0
      vertex -19.5479 -50.9339 2.4
    endloop
  endfacet
  facet normal 0.793407 0.608691 0
    outer loop
      vertex -19.5479 -50.9339 0
      vertex -19.4151 -51.107 2.4
      vertex -19.4151 -51.107 0
    endloop
  endfacet
  facet normal -0.999051 0.0435566 0
    outer loop
      vertex 19.9905 -49.7179 0
      vertex 20 -49.5 2.4
      vertex 20 -49.5 0
    endloop
  endfacet
  facet normal -0.999051 0.0435566 0
    outer loop
      vertex 20 -49.5 2.4
      vertex 19.9905 -49.7179 0
      vertex 19.9905 -49.7179 2.4
    endloop
  endfacet
  facet normal -0.382595 0.923916 0
    outer loop
      vertex 18.5565 -51.7658 0
      vertex 18.3551 -51.8492 2.4
      vertex 18.5565 -51.7658 2.4
    endloop
  endfacet
  facet normal -0.382595 0.923916 0
    outer loop
      vertex 18.3551 -51.8492 2.4
      vertex 18.5565 -51.7658 0
      vertex 18.3551 -51.8492 0
    endloop
  endfacet
  facet normal 0.461641 -0.887067 0
    outer loop
      vertex -18.75 -44.3349 0
      vertex -18.5565 -44.2342 2.4
      vertex -18.75 -44.3349 2.4
    endloop
  endfacet
  facet normal 0.461641 -0.887067 0
    outer loop
      vertex -18.5565 -44.2342 2.4
      vertex -18.75 -44.3349 0
      vertex -18.5565 -44.2342 0
    endloop
  endfacet
  facet normal 0.382595 0.923916 -0
    outer loop
      vertex -18.3551 -51.8492 0
      vertex -18.5565 -51.7658 2.4
      vertex -18.3551 -51.8492 2.4
    endloop
  endfacet
  facet normal 0.382595 0.923916 0
    outer loop
      vertex -18.5565 -51.7658 2.4
      vertex -18.3551 -51.8492 0
      vertex -18.5565 -51.7658 0
    endloop
  endfacet
  facet normal -0.843303 -0.537439 0
    outer loop
      vertex 19.6651 -45.25 0
      vertex 19.5479 -45.0661 2.4
      vertex 19.5479 -45.0661 0
    endloop
  endfacet
  facet normal -0.843303 -0.537439 0
    outer loop
      vertex 19.5479 -45.0661 2.4
      vertex 19.6651 -45.25 0
      vertex 19.6651 -45.25 2.4
    endloop
  endfacet
  facet normal 0.999051 -0.0435566 0
    outer loop
      vertex -20 -46.5 2.4
      vertex -19.9905 -46.2821 0
      vertex -19.9905 -46.2821 2.4
    endloop
  endfacet
  facet normal 0.999051 -0.0435566 0
    outer loop
      vertex -19.9905 -46.2821 0
      vertex -20 -46.5 2.4
      vertex -20 -46.5 0
    endloop
  endfacet
  facet normal 0.999051 0.0435566 0
    outer loop
      vertex -19.9905 -49.7179 2.4
      vertex -20 -49.5 0
      vertex -20 -49.5 2.4
    endloop
  endfacet
  facet normal 0.999051 0.0435566 0
    outer loop
      vertex -20 -49.5 0
      vertex -19.9905 -49.7179 2.4
      vertex -19.9905 -49.7179 0
    endloop
  endfacet
  facet normal 0.537439 0.843303 -0
    outer loop
      vertex -18.75 -51.6651 0
      vertex -18.9339 -51.5479 2.4
      vertex -18.75 -51.6651 2.4
    endloop
  endfacet
  facet normal 0.537439 0.843303 0
    outer loop
      vertex -18.9339 -51.5479 2.4
      vertex -18.75 -51.6651 0
      vertex -18.9339 -51.5479 0
    endloop
  endfacet
  facet normal 0.216445 0.976295 -0
    outer loop
      vertex -17.9341 -51.962 0
      vertex -18.147 -51.9148 2.4
      vertex -17.9341 -51.962 2.4
    endloop
  endfacet
  facet normal 0.216445 0.976295 0
    outer loop
      vertex -18.147 -51.9148 2.4
      vertex -17.9341 -51.962 0
      vertex -18.147 -51.9148 0
    endloop
  endfacet
  facet normal 0.923916 0.382595 0
    outer loop
      vertex -19.7658 -50.5565 2.4
      vertex -19.8492 -50.3551 0
      vertex -19.8492 -50.3551 2.4
    endloop
  endfacet
  facet normal 0.923916 0.382595 0
    outer loop
      vertex -19.8492 -50.3551 0
      vertex -19.7658 -50.5565 2.4
      vertex -19.7658 -50.5565 0
    endloop
  endfacet
  facet normal -0.991423 0.130692 0
    outer loop
      vertex 19.962 -49.9341 0
      vertex 19.9905 -49.7179 2.4
      vertex 19.9905 -49.7179 0
    endloop
  endfacet
  facet normal -0.991423 0.130692 0
    outer loop
      vertex 19.9905 -49.7179 2.4
      vertex 19.962 -49.9341 0
      vertex 19.962 -49.9341 2.4
    endloop
  endfacet
  facet normal -0.461641 -0.887067 0
    outer loop
      vertex 18.5565 -44.2342 0
      vertex 18.75 -44.3349 2.4
      vertex 18.5565 -44.2342 2.4
    endloop
  endfacet
  facet normal -0.461641 -0.887067 -0
    outer loop
      vertex 18.75 -44.3349 2.4
      vertex 18.5565 -44.2342 0
      vertex 18.75 -44.3349 0
    endloop
  endfacet
  facet normal 0.675475 0.737383 -0
    outer loop
      vertex -19.107 -51.4151 0
      vertex -19.2678 -51.2678 2.4
      vertex -19.107 -51.4151 2.4
    endloop
  endfacet
  facet normal 0.675475 0.737383 0
    outer loop
      vertex -19.2678 -51.2678 2.4
      vertex -19.107 -51.4151 0
      vertex -19.2678 -51.2678 0
    endloop
  endfacet
  facet normal 0.976295 0.216445 0
    outer loop
      vertex -19.9148 -50.147 2.4
      vertex -19.962 -49.9341 0
      vertex -19.962 -49.9341 2.4
    endloop
  endfacet
  facet normal 0.976295 0.216445 0
    outer loop
      vertex -19.962 -49.9341 0
      vertex -19.9148 -50.147 2.4
      vertex -19.9148 -50.147 0
    endloop
  endfacet
  facet normal 0.991423 -0.130692 0
    outer loop
      vertex -19.9905 -46.2821 2.4
      vertex -19.962 -46.0659 0
      vertex -19.962 -46.0659 2.4
    endloop
  endfacet
  facet normal 0.991423 -0.130692 0
    outer loop
      vertex -19.962 -46.0659 0
      vertex -19.9905 -46.2821 2.4
      vertex -19.9905 -46.2821 0
    endloop
  endfacet
  facet normal 0.843303 0.537439 0
    outer loop
      vertex -19.5479 -50.9339 2.4
      vertex -19.6651 -50.75 0
      vertex -19.6651 -50.75 2.4
    endloop
  endfacet
  facet normal 0.843303 0.537439 0
    outer loop
      vertex -19.6651 -50.75 0
      vertex -19.5479 -50.9339 2.4
      vertex -19.5479 -50.9339 0
    endloop
  endfacet
  facet normal -0.461641 0.887067 0
    outer loop
      vertex 18.75 -51.6651 0
      vertex 18.5565 -51.7658 2.4
      vertex 18.75 -51.6651 2.4
    endloop
  endfacet
  facet normal -0.461641 0.887067 0
    outer loop
      vertex 18.5565 -51.7658 2.4
      vertex 18.75 -51.6651 0
      vertex 18.5565 -51.7658 0
    endloop
  endfacet
  facet normal -0.953735 0.300649 0
    outer loop
      vertex 19.8492 -50.3551 0
      vertex 19.9148 -50.147 2.4
      vertex 19.9148 -50.147 0
    endloop
  endfacet
  facet normal -0.953735 0.300649 0
    outer loop
      vertex 19.9148 -50.147 2.4
      vertex 19.8492 -50.3551 0
      vertex 19.8492 -50.3551 2.4
    endloop
  endfacet
  facet normal 0.923916 -0.382595 0
    outer loop
      vertex -19.8492 -45.6449 2.4
      vertex -19.7658 -45.4435 0
      vertex -19.7658 -45.4435 2.4
    endloop
  endfacet
  facet normal 0.923916 -0.382595 0
    outer loop
      vertex -19.7658 -45.4435 0
      vertex -19.8492 -45.6449 2.4
      vertex -19.8492 -45.6449 0
    endloop
  endfacet
  facet normal -0.976295 0.216445 0
    outer loop
      vertex 19.9148 -50.147 0
      vertex 19.962 -49.9341 2.4
      vertex 19.962 -49.9341 0
    endloop
  endfacet
  facet normal -0.976295 0.216445 0
    outer loop
      vertex 19.962 -49.9341 2.4
      vertex 19.9148 -50.147 0
      vertex 19.9148 -50.147 2.4
    endloop
  endfacet
  facet normal -1 0 0
    outer loop
      vertex 20 -49.5 0
      vertex 20 -46.5 2.4
      vertex 20 -46.5 0
    endloop
  endfacet
  facet normal -1 -0 0
    outer loop
      vertex 20 -46.5 2.4
      vertex 20 -49.5 0
      vertex 20 -49.5 2.4
    endloop
  endfacet
  facet normal -0.999051 -0.0435566 0
    outer loop
      vertex 20 -46.5 0
      vertex 19.9905 -46.2821 2.4
      vertex 19.9905 -46.2821 0
    endloop
  endfacet
  facet normal -0.999051 -0.0435566 0
    outer loop
      vertex 19.9905 -46.2821 2.4
      vertex 20 -46.5 0
      vertex 20 -46.5 2.4
    endloop
  endfacet
  facet normal 0.537439 -0.843303 0
    outer loop
      vertex -18.9339 -44.4521 0
      vertex -18.75 -44.3349 2.4
      vertex -18.9339 -44.4521 2.4
    endloop
  endfacet
  facet normal 0.537439 -0.843303 0
    outer loop
      vertex -18.75 -44.3349 2.4
      vertex -18.9339 -44.4521 0
      vertex -18.75 -44.3349 0
    endloop
  endfacet
  facet normal -0.130692 0.991423 0
    outer loop
      vertex 17.9341 -51.962 0
      vertex 17.7179 -51.9905 2.4
      vertex 17.9341 -51.962 2.4
    endloop
  endfacet
  facet normal -0.130692 0.991423 0
    outer loop
      vertex 17.7179 -51.9905 2.4
      vertex 17.9341 -51.962 0
      vertex 17.7179 -51.9905 0
    endloop
  endfacet
  facet normal 0.737383 0.675475 0
    outer loop
      vertex -19.2678 -51.2678 2.4
      vertex -19.4151 -51.107 0
      vertex -19.4151 -51.107 2.4
    endloop
  endfacet
  facet normal 0.737383 0.675475 0
    outer loop
      vertex -19.4151 -51.107 0
      vertex -19.2678 -51.2678 2.4
      vertex -19.2678 -51.2678 0
    endloop
  endfacet
  facet normal -0.300649 -0.953735 0
    outer loop
      vertex 18.147 -44.0852 0
      vertex 18.3551 -44.1508 2.4
      vertex 18.147 -44.0852 2.4
    endloop
  endfacet
  facet normal -0.300649 -0.953735 -0
    outer loop
      vertex 18.3551 -44.1508 2.4
      vertex 18.147 -44.0852 0
      vertex 18.3551 -44.1508 0
    endloop
  endfacet
  facet normal 0.216445 -0.976295 0
    outer loop
      vertex -18.147 -44.0852 0
      vertex -17.9341 -44.038 2.4
      vertex -18.147 -44.0852 2.4
    endloop
  endfacet
  facet normal 0.216445 -0.976295 0
    outer loop
      vertex -17.9341 -44.038 2.4
      vertex -18.147 -44.0852 0
      vertex -17.9341 -44.038 0
    endloop
  endfacet
  facet normal 0.887067 0.461641 0
    outer loop
      vertex -19.6651 -50.75 2.4
      vertex -19.7658 -50.5565 0
      vertex -19.7658 -50.5565 2.4
    endloop
  endfacet
  facet normal 0.887067 0.461641 0
    outer loop
      vertex -19.7658 -50.5565 0
      vertex -19.6651 -50.75 2.4
      vertex -19.6651 -50.75 0
    endloop
  endfacet
  facet normal 0.300649 -0.953735 0
    outer loop
      vertex -18.3551 -44.1508 0
      vertex -18.147 -44.0852 2.4
      vertex -18.3551 -44.1508 2.4
    endloop
  endfacet
  facet normal 0.300649 -0.953735 0
    outer loop
      vertex -18.147 -44.0852 2.4
      vertex -18.3551 -44.1508 0
      vertex -18.147 -44.0852 0
    endloop
  endfacet
  facet normal 0.300649 0.953735 -0
    outer loop
      vertex -18.147 -51.9148 0
      vertex -18.3551 -51.8492 2.4
      vertex -18.147 -51.9148 2.4
    endloop
  endfacet
  facet normal 0.300649 0.953735 0
    outer loop
      vertex -18.3551 -51.8492 2.4
      vertex -18.147 -51.9148 0
      vertex -18.3551 -51.8492 0
    endloop
  endfacet
  facet normal 0.737383 -0.675475 0
    outer loop
      vertex -19.4151 -44.893 2.4
      vertex -19.2678 -44.7322 0
      vertex -19.2678 -44.7322 2.4
    endloop
  endfacet
  facet normal 0.737383 -0.675475 0
    outer loop
      vertex -19.2678 -44.7322 0
      vertex -19.4151 -44.893 2.4
      vertex -19.4151 -44.893 0
    endloop
  endfacet
  facet normal -0.537439 -0.843303 0
    outer loop
      vertex 18.75 -44.3349 0
      vertex 18.9339 -44.4521 2.4
      vertex 18.75 -44.3349 2.4
    endloop
  endfacet
  facet normal -0.537439 -0.843303 -0
    outer loop
      vertex 18.9339 -44.4521 2.4
      vertex 18.75 -44.3349 0
      vertex 18.9339 -44.4521 0
    endloop
  endfacet
  facet normal -0.608691 0.793407 0
    outer loop
      vertex 19.107 -51.4151 0
      vertex 18.9339 -51.5479 2.4
      vertex 19.107 -51.4151 2.4
    endloop
  endfacet
  facet normal -0.608691 0.793407 0
    outer loop
      vertex 18.9339 -51.5479 2.4
      vertex 19.107 -51.4151 0
      vertex 18.9339 -51.5479 0
    endloop
  endfacet
  facet normal -0.976295 -0.216445 0
    outer loop
      vertex 19.962 -46.0659 0
      vertex 19.9148 -45.853 2.4
      vertex 19.9148 -45.853 0
    endloop
  endfacet
  facet normal -0.976295 -0.216445 0
    outer loop
      vertex 19.9148 -45.853 2.4
      vertex 19.962 -46.0659 0
      vertex 19.962 -46.0659 2.4
    endloop
  endfacet
  facet normal 0.887067 -0.461641 0
    outer loop
      vertex -19.7658 -45.4435 2.4
      vertex -19.6651 -45.25 0
      vertex -19.6651 -45.25 2.4
    endloop
  endfacet
  facet normal 0.887067 -0.461641 0
    outer loop
      vertex -19.6651 -45.25 0
      vertex -19.7658 -45.4435 2.4
      vertex -19.7658 -45.4435 0
    endloop
  endfacet
  facet normal -0.991423 -0.130692 0
    outer loop
      vertex 19.9905 -46.2821 0
      vertex 19.962 -46.0659 2.4
      vertex 19.962 -46.0659 0
    endloop
  endfacet
  facet normal -0.991423 -0.130692 0
    outer loop
      vertex 19.962 -46.0659 2.4
      vertex 19.9905 -46.2821 0
      vertex 19.9905 -46.2821 2.4
    endloop
  endfacet
  facet normal -0.737383 -0.675475 0
    outer loop
      vertex 19.4151 -44.893 0
      vertex 19.2678 -44.7322 2.4
      vertex 19.2678 -44.7322 0
    endloop
  endfacet
  facet normal -0.737383 -0.675475 0
    outer loop
      vertex 19.2678 -44.7322 2.4
      vertex 19.4151 -44.893 0
      vertex 19.4151 -44.893 2.4
    endloop
  endfacet
  facet normal -0.843303 0.537439 0
    outer loop
      vertex 19.5479 -50.9339 0
      vertex 19.6651 -50.75 2.4
      vertex 19.6651 -50.75 0
    endloop
  endfacet
  facet normal -0.843303 0.537439 0
    outer loop
      vertex 19.6651 -50.75 2.4
      vertex 19.5479 -50.9339 0
      vertex 19.5479 -50.9339 2.4
    endloop
  endfacet
  facet normal 0.843303 -0.537439 0
    outer loop
      vertex -19.6651 -45.25 2.4
      vertex -19.5479 -45.0661 0
      vertex -19.5479 -45.0661 2.4
    endloop
  endfacet
  facet normal 0.843303 -0.537439 0
    outer loop
      vertex -19.5479 -45.0661 0
      vertex -19.6651 -45.25 2.4
      vertex -19.6651 -45.25 0
    endloop
  endfacet
  facet normal -0.923916 -0.382595 0
    outer loop
      vertex 19.8492 -45.6449 0
      vertex 19.7658 -45.4435 2.4
      vertex 19.7658 -45.4435 0
    endloop
  endfacet
  facet normal -0.923916 -0.382595 0
    outer loop
      vertex 19.7658 -45.4435 2.4
      vertex 19.8492 -45.6449 0
      vertex 19.8492 -45.6449 2.4
    endloop
  endfacet
  facet normal -0.382595 -0.923916 0
    outer loop
      vertex 18.3551 -44.1508 0
      vertex 18.5565 -44.2342 2.4
      vertex 18.3551 -44.1508 2.4
    endloop
  endfacet
  facet normal -0.382595 -0.923916 -0
    outer loop
      vertex 18.5565 -44.2342 2.4
      vertex 18.3551 -44.1508 0
      vertex 18.5565 -44.2342 0
    endloop
  endfacet
  facet normal -0.216445 0.976295 0
    outer loop
      vertex 18.147 -51.9148 0
      vertex 17.9341 -51.962 2.4
      vertex 18.147 -51.9148 2.4
    endloop
  endfacet
  facet normal -0.216445 0.976295 0
    outer loop
      vertex 17.9341 -51.962 2.4
      vertex 18.147 -51.9148 0
      vertex 17.9341 -51.962 0
    endloop
  endfacet
  facet normal 0.953735 -0.300649 0
    outer loop
      vertex -19.9148 -45.853 2.4
      vertex -19.8492 -45.6449 0
      vertex -19.8492 -45.6449 2.4
    endloop
  endfacet
  facet normal 0.953735 -0.300649 0
    outer loop
      vertex -19.8492 -45.6449 0
      vertex -19.9148 -45.853 2.4
      vertex -19.9148 -45.853 0
    endloop
  endfacet
  facet normal -0.737383 0.675475 0
    outer loop
      vertex 19.2678 -51.2678 0
      vertex 19.4151 -51.107 2.4
      vertex 19.4151 -51.107 0
    endloop
  endfacet
  facet normal -0.737383 0.675475 0
    outer loop
      vertex 19.4151 -51.107 2.4
      vertex 19.2678 -51.2678 0
      vertex 19.2678 -51.2678 2.4
    endloop
  endfacet
  facet normal -0.887067 -0.461641 0
    outer loop
      vertex 19.7658 -45.4435 0
      vertex 19.6651 -45.25 2.4
      vertex 19.6651 -45.25 0
    endloop
  endfacet
  facet normal -0.887067 -0.461641 0
    outer loop
      vertex 19.6651 -45.25 2.4
      vertex 19.7658 -45.4435 0
      vertex 19.7658 -45.4435 2.4
    endloop
  endfacet
  facet normal -0.675475 -0.737383 0
    outer loop
      vertex 19.107 -44.5849 0
      vertex 19.2678 -44.7322 2.4
      vertex 19.107 -44.5849 2.4
    endloop
  endfacet
  facet normal -0.675475 -0.737383 -0
    outer loop
      vertex 19.2678 -44.7322 2.4
      vertex 19.107 -44.5849 0
      vertex 19.2678 -44.7322 0
    endloop
  endfacet
  facet normal -0.923916 0.382595 0
    outer loop
      vertex 19.7658 -50.5565 0
      vertex 19.8492 -50.3551 2.4
      vertex 19.8492 -50.3551 0
    endloop
  endfacet
  facet normal -0.923916 0.382595 0
    outer loop
      vertex 19.8492 -50.3551 2.4
      vertex 19.7658 -50.5565 0
      vertex 19.7658 -50.5565 2.4
    endloop
  endfacet
  facet normal 0.0435566 0.999051 -0
    outer loop
      vertex -17.5 -20 0
      vertex -17.7179 -19.9905 2.4
      vertex -17.5 -20 2.4
    endloop
  endfacet
  facet normal 0.0435566 0.999051 0
    outer loop
      vertex -17.7179 -19.9905 2.4
      vertex -17.5 -20 0
      vertex -17.7179 -19.9905 0
    endloop
  endfacet
  facet normal -0.0435566 0.999051 0
    outer loop
      vertex 17.7179 -19.9905 0
      vertex 17.5 -20 2.4
      vertex 17.7179 -19.9905 2.4
    endloop
  endfacet
  facet normal -0.0435566 0.999051 0
    outer loop
      vertex 17.5 -20 2.4
      vertex 17.7179 -19.9905 0
      vertex 17.5 -20 0
    endloop
  endfacet
  facet normal -0.130692 -0.991423 0
    outer loop
      vertex 17.7179 -12.0095 0
      vertex 17.9341 -12.038 2.4
      vertex 17.7179 -12.0095 2.4
    endloop
  endfacet
  facet normal -0.130692 -0.991423 -0
    outer loop
      vertex 17.9341 -12.038 2.4
      vertex 17.7179 -12.0095 0
      vertex 17.9341 -12.038 0
    endloop
  endfacet
  facet normal 0 1 -0
    outer loop
      vertex 17.5 -20 0
      vertex -17.5 -20 2.4
      vertex 17.5 -20 2.4
    endloop
  endfacet
  facet normal 0 1 0
    outer loop
      vertex -17.5 -20 2.4
      vertex 17.5 -20 0
      vertex -17.5 -20 0
    endloop
  endfacet
  facet normal 0 -1 0
    outer loop
      vertex -17.5 -12 0
      vertex 17.5 -12 2.4
      vertex -17.5 -12 2.4
    endloop
  endfacet
  facet normal 0 -1 -0
    outer loop
      vertex 17.5 -12 2.4
      vertex -17.5 -12 0
      vertex 17.5 -12 0
    endloop
  endfacet
  facet normal -0.608691 -0.793407 0
    outer loop
      vertex 18.9339 -12.4521 0
      vertex 19.107 -12.5849 2.4
      vertex 18.9339 -12.4521 2.4
    endloop
  endfacet
  facet normal -0.608691 -0.793407 -0
    outer loop
      vertex 19.107 -12.5849 2.4
      vertex 18.9339 -12.4521 0
      vertex 19.107 -12.5849 0
    endloop
  endfacet
  facet normal 0.675475 -0.737383 0
    outer loop
      vertex -19.2678 -12.7322 0
      vertex -19.107 -12.5849 2.4
      vertex -19.2678 -12.7322 2.4
    endloop
  endfacet
  facet normal 0.675475 -0.737383 0
    outer loop
      vertex -19.107 -12.5849 2.4
      vertex -19.2678 -12.7322 0
      vertex -19.107 -12.5849 0
    endloop
  endfacet
  facet normal 0.793407 -0.608691 0
    outer loop
      vertex -19.5479 -13.0661 2.4
      vertex -19.4151 -12.893 0
      vertex -19.4151 -12.893 2.4
    endloop
  endfacet
  facet normal 0.793407 -0.608691 0
    outer loop
      vertex -19.4151 -12.893 0
      vertex -19.5479 -13.0661 2.4
      vertex -19.5479 -13.0661 0
    endloop
  endfacet
  facet normal -0.887067 0.461641 0
    outer loop
      vertex 19.6651 -18.75 0
      vertex 19.7658 -18.5565 2.4
      vertex 19.7658 -18.5565 0
    endloop
  endfacet
  facet normal -0.887067 0.461641 0
    outer loop
      vertex 19.7658 -18.5565 2.4
      vertex 19.6651 -18.75 0
      vertex 19.6651 -18.75 2.4
    endloop
  endfacet
  facet normal -0.793407 0.608691 0
    outer loop
      vertex 19.4151 -19.107 0
      vertex 19.5479 -18.9339 2.4
      vertex 19.5479 -18.9339 0
    endloop
  endfacet
  facet normal -0.793407 0.608691 0
    outer loop
      vertex 19.5479 -18.9339 2.4
      vertex 19.4151 -19.107 0
      vertex 19.4151 -19.107 2.4
    endloop
  endfacet
  facet normal -0.0435566 -0.999051 0
    outer loop
      vertex 17.5 -12 0
      vertex 17.7179 -12.0095 2.4
      vertex 17.5 -12 2.4
    endloop
  endfacet
  facet normal -0.0435566 -0.999051 -0
    outer loop
      vertex 17.7179 -12.0095 2.4
      vertex 17.5 -12 0
      vertex 17.7179 -12.0095 0
    endloop
  endfacet
  facet normal 0.976295 -0.216445 0
    outer loop
      vertex -19.962 -14.0659 2.4
      vertex -19.9148 -13.853 0
      vertex -19.9148 -13.853 2.4
    endloop
  endfacet
  facet normal 0.976295 -0.216445 0
    outer loop
      vertex -19.9148 -13.853 0
      vertex -19.962 -14.0659 2.4
      vertex -19.962 -14.0659 0
    endloop
  endfacet
  facet normal -0.300649 0.953735 0
    outer loop
      vertex 18.3551 -19.8492 0
      vertex 18.147 -19.9148 2.4
      vertex 18.3551 -19.8492 2.4
    endloop
  endfacet
  facet normal -0.300649 0.953735 0
    outer loop
      vertex 18.147 -19.9148 2.4
      vertex 18.3551 -19.8492 0
      vertex 18.147 -19.9148 0
    endloop
  endfacet
  facet normal 0.130692 0.991423 -0
    outer loop
      vertex -17.7179 -19.9905 0
      vertex -17.9341 -19.962 2.4
      vertex -17.7179 -19.9905 2.4
    endloop
  endfacet
  facet normal 0.130692 0.991423 0
    outer loop
      vertex -17.9341 -19.962 2.4
      vertex -17.7179 -19.9905 0
      vertex -17.9341 -19.962 0
    endloop
  endfacet
  facet normal 0.130692 -0.991423 0
    outer loop
      vertex -17.9341 -12.038 0
      vertex -17.7179 -12.0095 2.4
      vertex -17.9341 -12.038 2.4
    endloop
  endfacet
  facet normal 0.130692 -0.991423 0
    outer loop
      vertex -17.7179 -12.0095 2.4
      vertex -17.9341 -12.038 0
      vertex -17.7179 -12.0095 0
    endloop
  endfacet
  facet normal 0.608691 0.793407 -0
    outer loop
      vertex -18.9339 -19.5479 0
      vertex -19.107 -19.4151 2.4
      vertex -18.9339 -19.5479 2.4
    endloop
  endfacet
  facet normal 0.608691 0.793407 0
    outer loop
      vertex -19.107 -19.4151 2.4
      vertex -18.9339 -19.5479 0
      vertex -19.107 -19.4151 0
    endloop
  endfacet
  facet normal -0.537439 0.843303 0
    outer loop
      vertex 18.9339 -19.5479 0
      vertex 18.75 -19.6651 2.4
      vertex 18.9339 -19.5479 2.4
    endloop
  endfacet
  facet normal -0.537439 0.843303 0
    outer loop
      vertex 18.75 -19.6651 2.4
      vertex 18.9339 -19.5479 0
      vertex 18.75 -19.6651 0
    endloop
  endfacet
  facet normal 0.991423 0.130692 0
    outer loop
      vertex -19.962 -17.9341 2.4
      vertex -19.9905 -17.7179 0
      vertex -19.9905 -17.7179 2.4
    endloop
  endfacet
  facet normal 0.991423 0.130692 0
    outer loop
      vertex -19.9905 -17.7179 0
      vertex -19.962 -17.9341 2.4
      vertex -19.962 -17.9341 0
    endloop
  endfacet
  facet normal 0.382595 -0.923916 0
    outer loop
      vertex -18.5565 -12.2342 0
      vertex -18.3551 -12.1508 2.4
      vertex -18.5565 -12.2342 2.4
    endloop
  endfacet
  facet normal 0.382595 -0.923916 0
    outer loop
      vertex -18.3551 -12.1508 2.4
      vertex -18.5565 -12.2342 0
      vertex -18.3551 -12.1508 0
    endloop
  endfacet
  facet normal -0.793407 -0.608691 0
    outer loop
      vertex 19.5479 -13.0661 0
      vertex 19.4151 -12.893 2.4
      vertex 19.4151 -12.893 0
    endloop
  endfacet
  facet normal -0.793407 -0.608691 0
    outer loop
      vertex 19.4151 -12.893 2.4
      vertex 19.5479 -13.0661 0
      vertex 19.5479 -13.0661 2.4
    endloop
  endfacet
  facet normal -0.953735 -0.300649 0
    outer loop
      vertex 19.9148 -13.853 0
      vertex 19.8492 -13.6449 2.4
      vertex 19.8492 -13.6449 0
    endloop
  endfacet
  facet normal -0.953735 -0.300649 0
    outer loop
      vertex 19.8492 -13.6449 2.4
      vertex 19.9148 -13.853 0
      vertex 19.9148 -13.853 2.4
    endloop
  endfacet
  facet normal 0.0435566 -0.999051 0
    outer loop
      vertex -17.7179 -12.0095 0
      vertex -17.5 -12 2.4
      vertex -17.7179 -12.0095 2.4
    endloop
  endfacet
  facet normal 0.0435566 -0.999051 0
    outer loop
      vertex -17.5 -12 2.4
      vertex -17.7179 -12.0095 0
      vertex -17.5 -12 0
    endloop
  endfacet
  facet normal -0.216445 -0.976295 0
    outer loop
      vertex 17.9341 -12.038 0
      vertex 18.147 -12.0852 2.4
      vertex 17.9341 -12.038 2.4
    endloop
  endfacet
  facet normal -0.216445 -0.976295 -0
    outer loop
      vertex 18.147 -12.0852 2.4
      vertex 17.9341 -12.038 0
      vertex 18.147 -12.0852 0
    endloop
  endfacet
  facet normal -0.675475 0.737383 0
    outer loop
      vertex 19.2678 -19.2678 0
      vertex 19.107 -19.4151 2.4
      vertex 19.2678 -19.2678 2.4
    endloop
  endfacet
  facet normal -0.675475 0.737383 0
    outer loop
      vertex 19.107 -19.4151 2.4
      vertex 19.2678 -19.2678 0
      vertex 19.107 -19.4151 0
    endloop
  endfacet
  facet normal 0.461641 0.887067 -0
    outer loop
      vertex -18.5565 -19.7658 0
      vertex -18.75 -19.6651 2.4
      vertex -18.5565 -19.7658 2.4
    endloop
  endfacet
  facet normal 0.461641 0.887067 0
    outer loop
      vertex -18.75 -19.6651 2.4
      vertex -18.5565 -19.7658 0
      vertex -18.75 -19.6651 0
    endloop
  endfacet
  facet normal 0.608691 -0.793407 0
    outer loop
      vertex -19.107 -12.5849 0
      vertex -18.9339 -12.4521 2.4
      vertex -19.107 -12.5849 2.4
    endloop
  endfacet
  facet normal 0.608691 -0.793407 0
    outer loop
      vertex -18.9339 -12.4521 2.4
      vertex -19.107 -12.5849 0
      vertex -18.9339 -12.4521 0
    endloop
  endfacet
  facet normal 0.953735 0.300649 0
    outer loop
      vertex -19.8492 -18.3551 2.4
      vertex -19.9148 -18.147 0
      vertex -19.9148 -18.147 2.4
    endloop
  endfacet
  facet normal 0.953735 0.300649 0
    outer loop
      vertex -19.9148 -18.147 0
      vertex -19.8492 -18.3551 2.4
      vertex -19.8492 -18.3551 0
    endloop
  endfacet
  facet normal 1 -0 0
    outer loop
      vertex -20 -17.5 2.4
      vertex -20 -14.5 0
      vertex -20 -14.5 2.4
    endloop
  endfacet
  facet normal 1 0 0
    outer loop
      vertex -20 -14.5 0
      vertex -20 -17.5 2.4
      vertex -20 -17.5 0
    endloop
  endfacet
  facet normal 0.793407 0.608691 0
    outer loop
      vertex -19.4151 -19.107 2.4
      vertex -19.5479 -18.9339 0
      vertex -19.5479 -18.9339 2.4
    endloop
  endfacet
  facet normal 0.793407 0.608691 0
    outer loop
      vertex -19.5479 -18.9339 0
      vertex -19.4151 -19.107 2.4
      vertex -19.4151 -19.107 0
    endloop
  endfacet
  facet normal -0.999051 0.0435566 0
    outer loop
      vertex 19.9905 -17.7179 0
      vertex 20 -17.5 2.4
      vertex 20 -17.5 0
    endloop
  endfacet
  facet normal -0.999051 0.0435566 0
    outer loop
      vertex 20 -17.5 2.4
      vertex 19.9905 -17.7179 0
      vertex 19.9905 -17.7179 2.4
    endloop
  endfacet
  facet normal 0.461641 -0.887067 0
    outer loop
      vertex -18.75 -12.3349 0
      vertex -18.5565 -12.2342 2.4
      vertex -18.75 -12.3349 2.4
    endloop
  endfacet
  facet normal 0.461641 -0.887067 0
    outer loop
      vertex -18.5565 -12.2342 2.4
      vertex -18.75 -12.3349 0
      vertex -18.5565 -12.2342 0
    endloop
  endfacet
  facet normal 0.382595 0.923916 -0
    outer loop
      vertex -18.3551 -19.8492 0
      vertex -18.5565 -19.7658 2.4
      vertex -18.3551 -19.8492 2.4
    endloop
  endfacet
  facet normal 0.382595 0.923916 0
    outer loop
      vertex -18.5565 -19.7658 2.4
      vertex -18.3551 -19.8492 0
      vertex -18.5565 -19.7658 0
    endloop
  endfacet
  facet normal -0.843303 -0.537439 0
    outer loop
      vertex 19.6651 -13.25 0
      vertex 19.5479 -13.0661 2.4
      vertex 19.5479 -13.0661 0
    endloop
  endfacet
  facet normal -0.843303 -0.537439 0
    outer loop
      vertex 19.5479 -13.0661 2.4
      vertex 19.6651 -13.25 0
      vertex 19.6651 -13.25 2.4
    endloop
  endfacet
  facet normal 0.999051 -0.0435566 0
    outer loop
      vertex -20 -14.5 2.4
      vertex -19.9905 -14.2821 0
      vertex -19.9905 -14.2821 2.4
    endloop
  endfacet
  facet normal 0.999051 -0.0435566 0
    outer loop
      vertex -19.9905 -14.2821 0
      vertex -20 -14.5 2.4
      vertex -20 -14.5 0
    endloop
  endfacet
  facet normal 0.999051 0.0435566 0
    outer loop
      vertex -19.9905 -17.7179 2.4
      vertex -20 -17.5 0
      vertex -20 -17.5 2.4
    endloop
  endfacet
  facet normal 0.999051 0.0435566 0
    outer loop
      vertex -20 -17.5 0
      vertex -19.9905 -17.7179 2.4
      vertex -19.9905 -17.7179 0
    endloop
  endfacet
  facet normal 0.537439 0.843303 -0
    outer loop
      vertex -18.75 -19.6651 0
      vertex -18.9339 -19.5479 2.4
      vertex -18.75 -19.6651 2.4
    endloop
  endfacet
  facet normal 0.537439 0.843303 0
    outer loop
      vertex -18.9339 -19.5479 2.4
      vertex -18.75 -19.6651 0
      vertex -18.9339 -19.5479 0
    endloop
  endfacet
  facet normal 0.216445 0.976295 -0
    outer loop
      vertex -17.9341 -19.962 0
      vertex -18.147 -19.9148 2.4
      vertex -17.9341 -19.962 2.4
    endloop
  endfacet
  facet normal 0.216445 0.976295 0
    outer loop
      vertex -18.147 -19.9148 2.4
      vertex -17.9341 -19.962 0
      vertex -18.147 -19.9148 0
    endloop
  endfacet
  facet normal 0.923916 0.382595 0
    outer loop
      vertex -19.7658 -18.5565 2.4
      vertex -19.8492 -18.3551 0
      vertex -19.8492 -18.3551 2.4
    endloop
  endfacet
  facet normal 0.923916 0.382595 0
    outer loop
      vertex -19.8492 -18.3551 0
      vertex -19.7658 -18.5565 2.4
      vertex -19.7658 -18.5565 0
    endloop
  endfacet
  facet normal -0.991423 0.130692 0
    outer loop
      vertex 19.962 -17.9341 0
      vertex 19.9905 -17.7179 2.4
      vertex 19.9905 -17.7179 0
    endloop
  endfacet
  facet normal -0.991423 0.130692 0
    outer loop
      vertex 19.9905 -17.7179 2.4
      vertex 19.962 -17.9341 0
      vertex 19.962 -17.9341 2.4
    endloop
  endfacet
  facet normal -0.461641 -0.887067 0
    outer loop
      vertex 18.5565 -12.2342 0
      vertex 18.75 -12.3349 2.4
      vertex 18.5565 -12.2342 2.4
    endloop
  endfacet
  facet normal -0.461641 -0.887067 -0
    outer loop
      vertex 18.75 -12.3349 2.4
      vertex 18.5565 -12.2342 0
      vertex 18.75 -12.3349 0
    endloop
  endfacet
  facet normal 0.675475 0.737383 -0
    outer loop
      vertex -19.107 -19.4151 0
      vertex -19.2678 -19.2678 2.4
      vertex -19.107 -19.4151 2.4
    endloop
  endfacet
  facet normal 0.675475 0.737383 0
    outer loop
      vertex -19.2678 -19.2678 2.4
      vertex -19.107 -19.4151 0
      vertex -19.2678 -19.2678 0
    endloop
  endfacet
  facet normal 0.976295 0.216445 0
    outer loop
      vertex -19.9148 -18.147 2.4
      vertex -19.962 -17.9341 0
      vertex -19.962 -17.9341 2.4
    endloop
  endfacet
  facet normal 0.976295 0.216445 0
    outer loop
      vertex -19.962 -17.9341 0
      vertex -19.9148 -18.147 2.4
      vertex -19.9148 -18.147 0
    endloop
  endfacet
  facet normal 0.991423 -0.130692 0
    outer loop
      vertex -19.9905 -14.2821 2.4
      vertex -19.962 -14.0659 0
      vertex -19.962 -14.0659 2.4
    endloop
  endfacet
  facet normal 0.991423 -0.130692 0
    outer loop
      vertex -19.962 -14.0659 0
      vertex -19.9905 -14.2821 2.4
      vertex -19.9905 -14.2821 0
    endloop
  endfacet
  facet normal 0.843303 0.537439 0
    outer loop
      vertex -19.5479 -18.9339 2.4
      vertex -19.6651 -18.75 0
      vertex -19.6651 -18.75 2.4
    endloop
  endfacet
  facet normal 0.843303 0.537439 0
    outer loop
      vertex -19.6651 -18.75 0
      vertex -19.5479 -18.9339 2.4
      vertex -19.5479 -18.9339 0
    endloop
  endfacet
  facet normal -0.461641 0.887067 0
    outer loop
      vertex 18.75 -19.6651 0
      vertex 18.5565 -19.7658 2.4
      vertex 18.75 -19.6651 2.4
    endloop
  endfacet
  facet normal -0.461641 0.887067 0
    outer loop
      vertex 18.5565 -19.7658 2.4
      vertex 18.75 -19.6651 0
      vertex 18.5565 -19.7658 0
    endloop
  endfacet
  facet normal -0.953735 0.300649 0
    outer loop
      vertex 19.8492 -18.3551 0
      vertex 19.9148 -18.147 2.4
      vertex 19.9148 -18.147 0
    endloop
  endfacet
  facet normal -0.953735 0.300649 0
    outer loop
      vertex 19.9148 -18.147 2.4
      vertex 19.8492 -18.3551 0
      vertex 19.8492 -18.3551 2.4
    endloop
  endfacet
  facet normal 0.923916 -0.382595 0
    outer loop
      vertex -19.8492 -13.6449 2.4
      vertex -19.7658 -13.4435 0
      vertex -19.7658 -13.4435 2.4
    endloop
  endfacet
  facet normal 0.923916 -0.382595 0
    outer loop
      vertex -19.7658 -13.4435 0
      vertex -19.8492 -13.6449 2.4
      vertex -19.8492 -13.6449 0
    endloop
  endfacet
  facet normal -0.976295 0.216445 0
    outer loop
      vertex 19.9148 -18.147 0
      vertex 19.962 -17.9341 2.4
      vertex 19.962 -17.9341 0
    endloop
  endfacet
  facet normal -0.976295 0.216445 0
    outer loop
      vertex 19.962 -17.9341 2.4
      vertex 19.9148 -18.147 0
      vertex 19.9148 -18.147 2.4
    endloop
  endfacet
  facet normal -1 0 0
    outer loop
      vertex 20 -17.5 0
      vertex 20 -14.5 2.4
      vertex 20 -14.5 0
    endloop
  endfacet
  facet normal -1 -0 0
    outer loop
      vertex 20 -14.5 2.4
      vertex 20 -17.5 0
      vertex 20 -17.5 2.4
    endloop
  endfacet
  facet normal -0.999051 -0.0435566 0
    outer loop
      vertex 20 -14.5 0
      vertex 19.9905 -14.2821 2.4
      vertex 19.9905 -14.2821 0
    endloop
  endfacet
  facet normal -0.999051 -0.0435566 0
    outer loop
      vertex 19.9905 -14.2821 2.4
      vertex 20 -14.5 0
      vertex 20 -14.5 2.4
    endloop
  endfacet
  facet normal 0.537439 -0.843303 0
    outer loop
      vertex -18.9339 -12.4521 0
      vertex -18.75 -12.3349 2.4
      vertex -18.9339 -12.4521 2.4
    endloop
  endfacet
  facet normal 0.537439 -0.843303 0
    outer loop
      vertex -18.75 -12.3349 2.4
      vertex -18.9339 -12.4521 0
      vertex -18.75 -12.3349 0
    endloop
  endfacet
  facet normal -0.130692 0.991423 0
    outer loop
      vertex 17.9341 -19.962 0
      vertex 17.7179 -19.9905 2.4
      vertex 17.9341 -19.962 2.4
    endloop
  endfacet
  facet normal -0.130692 0.991423 0
    outer loop
      vertex 17.7179 -19.9905 2.4
      vertex 17.9341 -19.962 0
      vertex 17.7179 -19.9905 0
    endloop
  endfacet
  facet normal 0.737383 0.675475 0
    outer loop
      vertex -19.2678 -19.2678 2.4
      vertex -19.4151 -19.107 0
      vertex -19.4151 -19.107 2.4
    endloop
  endfacet
  facet normal 0.737383 0.675475 0
    outer loop
      vertex -19.4151 -19.107 0
      vertex -19.2678 -19.2678 2.4
      vertex -19.2678 -19.2678 0
    endloop
  endfacet
  facet normal -0.300649 -0.953735 0
    outer loop
      vertex 18.147 -12.0852 0
      vertex 18.3551 -12.1508 2.4
      vertex 18.147 -12.0852 2.4
    endloop
  endfacet
  facet normal -0.300649 -0.953735 -0
    outer loop
      vertex 18.3551 -12.1508 2.4
      vertex 18.147 -12.0852 0
      vertex 18.3551 -12.1508 0
    endloop
  endfacet
  facet normal 0.216445 -0.976295 0
    outer loop
      vertex -18.147 -12.0852 0
      vertex -17.9341 -12.038 2.4
      vertex -18.147 -12.0852 2.4
    endloop
  endfacet
  facet normal 0.216445 -0.976295 0
    outer loop
      vertex -17.9341 -12.038 2.4
      vertex -18.147 -12.0852 0
      vertex -17.9341 -12.038 0
    endloop
  endfacet
  facet normal 0.887067 0.461641 0
    outer loop
      vertex -19.6651 -18.75 2.4
      vertex -19.7658 -18.5565 0
      vertex -19.7658 -18.5565 2.4
    endloop
  endfacet
  facet normal 0.887067 0.461641 0
    outer loop
      vertex -19.7658 -18.5565 0
      vertex -19.6651 -18.75 2.4
      vertex -19.6651 -18.75 0
    endloop
  endfacet
  facet normal 0.300649 -0.953735 0
    outer loop
      vertex -18.3551 -12.1508 0
      vertex -18.147 -12.0852 2.4
      vertex -18.3551 -12.1508 2.4
    endloop
  endfacet
  facet normal 0.300649 -0.953735 0
    outer loop
      vertex -18.147 -12.0852 2.4
      vertex -18.3551 -12.1508 0
      vertex -18.147 -12.0852 0
    endloop
  endfacet
  facet normal 0.300649 0.953735 -0
    outer loop
      vertex -18.147 -19.9148 0
      vertex -18.3551 -19.8492 2.4
      vertex -18.147 -19.9148 2.4
    endloop
  endfacet
  facet normal 0.300649 0.953735 0
    outer loop
      vertex -18.3551 -19.8492 2.4
      vertex -18.147 -19.9148 0
      vertex -18.3551 -19.8492 0
    endloop
  endfacet
  facet normal 0.737383 -0.675475 0
    outer loop
      vertex -19.4151 -12.893 2.4
      vertex -19.2678 -12.7322 0
      vertex -19.2678 -12.7322 2.4
    endloop
  endfacet
  facet normal 0.737383 -0.675475 0
    outer loop
      vertex -19.2678 -12.7322 0
      vertex -19.4151 -12.893 2.4
      vertex -19.4151 -12.893 0
    endloop
  endfacet
  facet normal -0.537439 -0.843303 0
    outer loop
      vertex 18.75 -12.3349 0
      vertex 18.9339 -12.4521 2.4
      vertex 18.75 -12.3349 2.4
    endloop
  endfacet
  facet normal -0.537439 -0.843303 -0
    outer loop
      vertex 18.9339 -12.4521 2.4
      vertex 18.75 -12.3349 0
      vertex 18.9339 -12.4521 0
    endloop
  endfacet
  facet normal -0.608691 0.793407 0
    outer loop
      vertex 19.107 -19.4151 0
      vertex 18.9339 -19.5479 2.4
      vertex 19.107 -19.4151 2.4
    endloop
  endfacet
  facet normal -0.608691 0.793407 0
    outer loop
      vertex 18.9339 -19.5479 2.4
      vertex 19.107 -19.4151 0
      vertex 18.9339 -19.5479 0
    endloop
  endfacet
  facet normal -0.976295 -0.216445 0
    outer loop
      vertex 19.962 -14.0659 0
      vertex 19.9148 -13.853 2.4
      vertex 19.9148 -13.853 0
    endloop
  endfacet
  facet normal -0.976295 -0.216445 0
    outer loop
      vertex 19.9148 -13.853 2.4
      vertex 19.962 -14.0659 0
      vertex 19.962 -14.0659 2.4
    endloop
  endfacet
  facet normal -0.382595 0.923916 0
    outer loop
      vertex 18.5565 -19.7658 0
      vertex 18.3551 -19.8492 2.4
      vertex 18.5565 -19.7658 2.4
    endloop
  endfacet
  facet normal -0.382595 0.923916 0
    outer loop
      vertex 18.3551 -19.8492 2.4
      vertex 18.5565 -19.7658 0
      vertex 18.3551 -19.8492 0
    endloop
  endfacet
  facet normal 0.887067 -0.461641 0
    outer loop
      vertex -19.7658 -13.4435 2.4
      vertex -19.6651 -13.25 0
      vertex -19.6651 -13.25 2.4
    endloop
  endfacet
  facet normal 0.887067 -0.461641 0
    outer loop
      vertex -19.6651 -13.25 0
      vertex -19.7658 -13.4435 2.4
      vertex -19.7658 -13.4435 0
    endloop
  endfacet
  facet normal -0.991423 -0.130692 0
    outer loop
      vertex 19.9905 -14.2821 0
      vertex 19.962 -14.0659 2.4
      vertex 19.962 -14.0659 0
    endloop
  endfacet
  facet normal -0.991423 -0.130692 0
    outer loop
      vertex 19.962 -14.0659 2.4
      vertex 19.9905 -14.2821 0
      vertex 19.9905 -14.2821 2.4
    endloop
  endfacet
  facet normal -0.737383 -0.675475 0
    outer loop
      vertex 19.4151 -12.893 0
      vertex 19.2678 -12.7322 2.4
      vertex 19.2678 -12.7322 0
    endloop
  endfacet
  facet normal -0.737383 -0.675475 0
    outer loop
      vertex 19.2678 -12.7322 2.4
      vertex 19.4151 -12.893 0
      vertex 19.4151 -12.893 2.4
    endloop
  endfacet
  facet normal -0.843303 0.537439 0
    outer loop
      vertex 19.5479 -18.9339 0
      vertex 19.6651 -18.75 2.4
      vertex 19.6651 -18.75 0
    endloop
  endfacet
  facet normal -0.843303 0.537439 0
    outer loop
      vertex 19.6651 -18.75 2.4
      vertex 19.5479 -18.9339 0
      vertex 19.5479 -18.9339 2.4
    endloop
  endfacet
  facet normal 0.843303 -0.537439 0
    outer loop
      vertex -19.6651 -13.25 2.4
      vertex -19.5479 -13.0661 0
      vertex -19.5479 -13.0661 2.4
    endloop
  endfacet
  facet normal 0.843303 -0.537439 0
    outer loop
      vertex -19.5479 -13.0661 0
      vertex -19.6651 -13.25 2.4
      vertex -19.6651 -13.25 0
    endloop
  endfacet
  facet normal -0.923916 -0.382595 0
    outer loop
      vertex 19.8492 -13.6449 0
      vertex 19.7658 -13.4435 2.4
      vertex 19.7658 -13.4435 0
    endloop
  endfacet
  facet normal -0.923916 -0.382595 0
    outer loop
      vertex 19.7658 -13.4435 2.4
      vertex 19.8492 -13.6449 0
      vertex 19.8492 -13.6449 2.4
    endloop
  endfacet
  facet normal -0.382595 -0.923916 0
    outer loop
      vertex 18.3551 -12.1508 0
      vertex 18.5565 -12.2342 2.4
      vertex 18.3551 -12.1508 2.4
    endloop
  endfacet
  facet normal -0.382595 -0.923916 -0
    outer loop
      vertex 18.5565 -12.2342 2.4
      vertex 18.3551 -12.1508 0
      vertex 18.5565 -12.2342 0
    endloop
  endfacet
  facet normal -0.216445 0.976295 0
    outer loop
      vertex 18.147 -19.9148 0
      vertex 17.9341 -19.962 2.4
      vertex 18.147 -19.9148 2.4
    endloop
  endfacet
  facet normal -0.216445 0.976295 0
    outer loop
      vertex 17.9341 -19.962 2.4
      vertex 18.147 -19.9148 0
      vertex 17.9341 -19.962 0
    endloop
  endfacet
  facet normal 0.953735 -0.300649 0
    outer loop
      vertex -19.9148 -13.853 2.4
      vertex -19.8492 -13.6449 0
      vertex -19.8492 -13.6449 2.4
    endloop
  endfacet
  facet normal 0.953735 -0.300649 0
    outer loop
      vertex -19.8492 -13.6449 0
      vertex -19.9148 -13.853 2.4
      vertex -19.9148 -13.853 0
    endloop
  endfacet
  facet normal -0.737383 0.675475 0
    outer loop
      vertex 19.2678 -19.2678 0
      vertex 19.4151 -19.107 2.4
      vertex 19.4151 -19.107 0
    endloop
  endfacet
  facet normal -0.737383 0.675475 0
    outer loop
      vertex 19.4151 -19.107 2.4
      vertex 19.2678 -19.2678 0
      vertex 19.2678 -19.2678 2.4
    endloop
  endfacet
  facet normal -0.887067 -0.461641 0
    outer loop
      vertex 19.7658 -13.4435 0
      vertex 19.6651 -13.25 2.4
      vertex 19.6651 -13.25 0
    endloop
  endfacet
  facet normal -0.887067 -0.461641 0
    outer loop
      vertex 19.6651 -13.25 2.4
      vertex 19.7658 -13.4435 0
      vertex 19.7658 -13.4435 2.4
    endloop
  endfacet
  facet normal -0.675475 -0.737383 0
    outer loop
      vertex 19.107 -12.5849 0
      vertex 19.2678 -12.7322 2.4
      vertex 19.107 -12.5849 2.4
    endloop
  endfacet
  facet normal -0.675475 -0.737383 -0
    outer loop
      vertex 19.2678 -12.7322 2.4
      vertex 19.107 -12.5849 0
      vertex 19.2678 -12.7322 0
    endloop
  endfacet
  facet normal -0.923916 0.382595 0
    outer loop
      vertex 19.7658 -18.5565 0
      vertex 19.8492 -18.3551 2.4
      vertex 19.8492 -18.3551 0
    endloop
  endfacet
  facet normal -0.923916 0.382595 0
    outer loop
      vertex 19.8492 -18.3551 2.4
      vertex 19.7658 -18.5565 0
      vertex 19.7658 -18.5565 2.4
    endloop
  endfacet
  facet normal 0.0435566 0.999051 -0
    outer loop
      vertex -17.5 12 0
      vertex -17.7179 12.0095 2.4
      vertex -17.5 12 2.4
    endloop
  endfacet
  facet normal 0.0435566 0.999051 0
    outer loop
      vertex -17.7179 12.0095 2.4
      vertex -17.5 12 0
      vertex -17.7179 12.0095 0
    endloop
  endfacet
  facet normal -0.0435566 0.999051 0
    outer loop
      vertex 17.7179 12.0095 0
      vertex 17.5 12 2.4
      vertex 17.7179 12.0095 2.4
    endloop
  endfacet
  facet normal -0.0435566 0.999051 0
    outer loop
      vertex 17.5 12 2.4
      vertex 17.7179 12.0095 0
      vertex 17.5 12 0
    endloop
  endfacet
  facet normal -0.130692 -0.991423 0
    outer loop
      vertex 17.7179 19.9905 0
      vertex 17.9341 19.962 2.4
      vertex 17.7179 19.9905 2.4
    endloop
  endfacet
  facet normal -0.130692 -0.991423 -0
    outer loop
      vertex 17.9341 19.962 2.4
      vertex 17.7179 19.9905 0
      vertex 17.9341 19.962 0
    endloop
  endfacet
  facet normal 0 1 -0
    outer loop
      vertex 17.5 12 0
      vertex -17.5 12 2.4
      vertex 17.5 12 2.4
    endloop
  endfacet
  facet normal 0 1 0
    outer loop
      vertex -17.5 12 2.4
      vertex 17.5 12 0
      vertex -17.5 12 0
    endloop
  endfacet
  facet normal 0 -1 0
    outer loop
      vertex -17.5 20 0
      vertex 17.5 20 2.4
      vertex -17.5 20 2.4
    endloop
  endfacet
  facet normal 0 -1 -0
    outer loop
      vertex 17.5 20 2.4
      vertex -17.5 20 0
      vertex 17.5 20 0
    endloop
  endfacet
  facet normal -0.608691 -0.793407 0
    outer loop
      vertex 18.9339 19.5479 0
      vertex 19.107 19.4151 2.4
      vertex 18.9339 19.5479 2.4
    endloop
  endfacet
  facet normal -0.608691 -0.793407 -0
    outer loop
      vertex 19.107 19.4151 2.4
      vertex 18.9339 19.5479 0
      vertex 19.107 19.4151 0
    endloop
  endfacet
  facet normal 0.675475 -0.737383 0
    outer loop
      vertex -19.2678 19.2678 0
      vertex -19.107 19.4151 2.4
      vertex -19.2678 19.2678 2.4
    endloop
  endfacet
  facet normal 0.675475 -0.737383 0
    outer loop
      vertex -19.107 19.4151 2.4
      vertex -19.2678 19.2678 0
      vertex -19.107 19.4151 0
    endloop
  endfacet
  facet normal 0.793407 -0.608691 0
    outer loop
      vertex -19.5479 18.9339 2.4
      vertex -19.4151 19.107 0
      vertex -19.4151 19.107 2.4
    endloop
  endfacet
  facet normal 0.793407 -0.608691 0
    outer loop
      vertex -19.4151 19.107 0
      vertex -19.5479 18.9339 2.4
      vertex -19.5479 18.9339 0
    endloop
  endfacet
  facet normal -0.887067 0.461641 0
    outer loop
      vertex 19.6651 13.25 0
      vertex 19.7658 13.4435 2.4
      vertex 19.7658 13.4435 0
    endloop
  endfacet
  facet normal -0.887067 0.461641 0
    outer loop
      vertex 19.7658 13.4435 2.4
      vertex 19.6651 13.25 0
      vertex 19.6651 13.25 2.4
    endloop
  endfacet
  facet normal -0.793407 0.608691 0
    outer loop
      vertex 19.4151 12.893 0
      vertex 19.5479 13.0661 2.4
      vertex 19.5479 13.0661 0
    endloop
  endfacet
  facet normal -0.793407 0.608691 0
    outer loop
      vertex 19.5479 13.0661 2.4
      vertex 19.4151 12.893 0
      vertex 19.4151 12.893 2.4
    endloop
  endfacet
  facet normal -0.0435566 -0.999051 0
    outer loop
      vertex 17.5 20 0
      vertex 17.7179 19.9905 2.4
      vertex 17.5 20 2.4
    endloop
  endfacet
  facet normal -0.0435566 -0.999051 -0
    outer loop
      vertex 17.7179 19.9905 2.4
      vertex 17.5 20 0
      vertex 17.7179 19.9905 0
    endloop
  endfacet
  facet normal 0.976295 -0.216445 0
    outer loop
      vertex -19.962 17.9341 2.4
      vertex -19.9148 18.147 0
      vertex -19.9148 18.147 2.4
    endloop
  endfacet
  facet normal 0.976295 -0.216445 0
    outer loop
      vertex -19.9148 18.147 0
      vertex -19.962 17.9341 2.4
      vertex -19.962 17.9341 0
    endloop
  endfacet
  facet normal -0.300649 0.953735 0
    outer loop
      vertex 18.3551 12.1508 0
      vertex 18.147 12.0852 2.4
      vertex 18.3551 12.1508 2.4
    endloop
  endfacet
  facet normal -0.300649 0.953735 0
    outer loop
      vertex 18.147 12.0852 2.4
      vertex 18.3551 12.1508 0
      vertex 18.147 12.0852 0
    endloop
  endfacet
  facet normal 0.130692 0.991423 -0
    outer loop
      vertex -17.7179 12.0095 0
      vertex -17.9341 12.038 2.4
      vertex -17.7179 12.0095 2.4
    endloop
  endfacet
  facet normal 0.130692 0.991423 0
    outer loop
      vertex -17.9341 12.038 2.4
      vertex -17.7179 12.0095 0
      vertex -17.9341 12.038 0
    endloop
  endfacet
  facet normal 0.130692 -0.991423 0
    outer loop
      vertex -17.9341 19.962 0
      vertex -17.7179 19.9905 2.4
      vertex -17.9341 19.962 2.4
    endloop
  endfacet
  facet normal 0.130692 -0.991423 0
    outer loop
      vertex -17.7179 19.9905 2.4
      vertex -17.9341 19.962 0
      vertex -17.7179 19.9905 0
    endloop
  endfacet
  facet normal 0.608691 0.793407 -0
    outer loop
      vertex -18.9339 12.4521 0
      vertex -19.107 12.5849 2.4
      vertex -18.9339 12.4521 2.4
    endloop
  endfacet
  facet normal 0.608691 0.793407 0
    outer loop
      vertex -19.107 12.5849 2.4
      vertex -18.9339 12.4521 0
      vertex -19.107 12.5849 0
    endloop
  endfacet
  facet normal -0.537439 0.843303 0
    outer loop
      vertex 18.9339 12.4521 0
      vertex 18.75 12.3349 2.4
      vertex 18.9339 12.4521 2.4
    endloop
  endfacet
  facet normal -0.537439 0.843303 0
    outer loop
      vertex 18.75 12.3349 2.4
      vertex 18.9339 12.4521 0
      vertex 18.75 12.3349 0
    endloop
  endfacet
  facet normal 0.991423 0.130692 0
    outer loop
      vertex -19.962 14.0659 2.4
      vertex -19.9905 14.2821 0
      vertex -19.9905 14.2821 2.4
    endloop
  endfacet
  facet normal 0.991423 0.130692 0
    outer loop
      vertex -19.9905 14.2821 0
      vertex -19.962 14.0659 2.4
      vertex -19.962 14.0659 0
    endloop
  endfacet
  facet normal 0.382595 -0.923916 0
    outer loop
      vertex -18.5565 19.7658 0
      vertex -18.3551 19.8492 2.4
      vertex -18.5565 19.7658 2.4
    endloop
  endfacet
  facet normal 0.382595 -0.923916 0
    outer loop
      vertex -18.3551 19.8492 2.4
      vertex -18.5565 19.7658 0
      vertex -18.3551 19.8492 0
    endloop
  endfacet
  facet normal -0.793407 -0.608691 0
    outer loop
      vertex 19.5479 18.9339 0
      vertex 19.4151 19.107 2.4
      vertex 19.4151 19.107 0
    endloop
  endfacet
  facet normal -0.793407 -0.608691 0
    outer loop
      vertex 19.4151 19.107 2.4
      vertex 19.5479 18.9339 0
      vertex 19.5479 18.9339 2.4
    endloop
  endfacet
  facet normal -0.953735 -0.300649 0
    outer loop
      vertex 19.9148 18.147 0
      vertex 19.8492 18.3551 2.4
      vertex 19.8492 18.3551 0
    endloop
  endfacet
  facet normal -0.953735 -0.300649 0
    outer loop
      vertex 19.8492 18.3551 2.4
      vertex 19.9148 18.147 0
      vertex 19.9148 18.147 2.4
    endloop
  endfacet
  facet normal 0.0435566 -0.999051 0
    outer loop
      vertex -17.7179 19.9905 0
      vertex -17.5 20 2.4
      vertex -17.7179 19.9905 2.4
    endloop
  endfacet
  facet normal 0.0435566 -0.999051 0
    outer loop
      vertex -17.5 20 2.4
      vertex -17.7179 19.9905 0
      vertex -17.5 20 0
    endloop
  endfacet
  facet normal -0.216445 -0.976295 0
    outer loop
      vertex 17.9341 19.962 0
      vertex 18.147 19.9148 2.4
      vertex 17.9341 19.962 2.4
    endloop
  endfacet
  facet normal -0.216445 -0.976295 -0
    outer loop
      vertex 18.147 19.9148 2.4
      vertex 17.9341 19.962 0
      vertex 18.147 19.9148 0
    endloop
  endfacet
  facet normal -0.675475 0.737383 0
    outer loop
      vertex 19.2678 12.7322 0
      vertex 19.107 12.5849 2.4
      vertex 19.2678 12.7322 2.4
    endloop
  endfacet
  facet normal -0.675475 0.737383 0
    outer loop
      vertex 19.107 12.5849 2.4
      vertex 19.2678 12.7322 0
      vertex 19.107 12.5849 0
    endloop
  endfacet
  facet normal 0.461641 0.887067 -0
    outer loop
      vertex -18.5565 12.2342 0
      vertex -18.75 12.3349 2.4
      vertex -18.5565 12.2342 2.4
    endloop
  endfacet
  facet normal 0.461641 0.887067 0
    outer loop
      vertex -18.75 12.3349 2.4
      vertex -18.5565 12.2342 0
      vertex -18.75 12.3349 0
    endloop
  endfacet
  facet normal 0.608691 -0.793407 0
    outer loop
      vertex -19.107 19.4151 0
      vertex -18.9339 19.5479 2.4
      vertex -19.107 19.4151 2.4
    endloop
  endfacet
  facet normal 0.608691 -0.793407 0
    outer loop
      vertex -18.9339 19.5479 2.4
      vertex -19.107 19.4151 0
      vertex -18.9339 19.5479 0
    endloop
  endfacet
  facet normal 0.953735 0.300649 0
    outer loop
      vertex -19.8492 13.6449 2.4
      vertex -19.9148 13.853 0
      vertex -19.9148 13.853 2.4
    endloop
  endfacet
  facet normal 0.953735 0.300649 0
    outer loop
      vertex -19.9148 13.853 0
      vertex -19.8492 13.6449 2.4
      vertex -19.8492 13.6449 0
    endloop
  endfacet
  facet normal 1 -0 0
    outer loop
      vertex -20 14.5 2.4
      vertex -20 17.5 0
      vertex -20 17.5 2.4
    endloop
  endfacet
  facet normal 1 0 0
    outer loop
      vertex -20 17.5 0
      vertex -20 14.5 2.4
      vertex -20 14.5 0
    endloop
  endfacet
  facet normal 0.793407 0.608691 0
    outer loop
      vertex -19.4151 12.893 2.4
      vertex -19.5479 13.0661 0
      vertex -19.5479 13.0661 2.4
    endloop
  endfacet
  facet normal 0.793407 0.608691 0
    outer loop
      vertex -19.5479 13.0661 0
      vertex -19.4151 12.893 2.4
      vertex -19.4151 12.893 0
    endloop
  endfacet
  facet normal -0.999051 0.0435566 0
    outer loop
      vertex 19.9905 14.2821 0
      vertex 20 14.5 2.4
      vertex 20 14.5 0
    endloop
  endfacet
  facet normal -0.999051 0.0435566 0
    outer loop
      vertex 20 14.5 2.4
      vertex 19.9905 14.2821 0
      vertex 19.9905 14.2821 2.4
    endloop
  endfacet
  facet normal 0.461641 -0.887067 0
    outer loop
      vertex -18.75 19.6651 0
      vertex -18.5565 19.7658 2.4
      vertex -18.75 19.6651 2.4
    endloop
  endfacet
  facet normal 0.461641 -0.887067 0
    outer loop
      vertex -18.5565 19.7658 2.4
      vertex -18.75 19.6651 0
      vertex -18.5565 19.7658 0
    endloop
  endfacet
  facet normal 0.382595 0.923916 -0
    outer loop
      vertex -18.3551 12.1508 0
      vertex -18.5565 12.2342 2.4
      vertex -18.3551 12.1508 2.4
    endloop
  endfacet
  facet normal 0.382595 0.923916 0
    outer loop
      vertex -18.5565 12.2342 2.4
      vertex -18.3551 12.1508 0
      vertex -18.5565 12.2342 0
    endloop
  endfacet
  facet normal -0.843303 -0.537439 0
    outer loop
      vertex 19.6651 18.75 0
      vertex 19.5479 18.9339 2.4
      vertex 19.5479 18.9339 0
    endloop
  endfacet
  facet normal -0.843303 -0.537439 0
    outer loop
      vertex 19.5479 18.9339 2.4
      vertex 19.6651 18.75 0
      vertex 19.6651 18.75 2.4
    endloop
  endfacet
  facet normal 0.999051 -0.0435566 0
    outer loop
      vertex -20 17.5 2.4
      vertex -19.9905 17.7179 0
      vertex -19.9905 17.7179 2.4
    endloop
  endfacet
  facet normal 0.999051 -0.0435566 0
    outer loop
      vertex -19.9905 17.7179 0
      vertex -20 17.5 2.4
      vertex -20 17.5 0
    endloop
  endfacet
  facet normal 0.999051 0.0435566 0
    outer loop
      vertex -19.9905 14.2821 2.4
      vertex -20 14.5 0
      vertex -20 14.5 2.4
    endloop
  endfacet
  facet normal 0.999051 0.0435566 0
    outer loop
      vertex -20 14.5 0
      vertex -19.9905 14.2821 2.4
      vertex -19.9905 14.2821 0
    endloop
  endfacet
  facet normal 0.537439 0.843303 -0
    outer loop
      vertex -18.75 12.3349 0
      vertex -18.9339 12.4521 2.4
      vertex -18.75 12.3349 2.4
    endloop
  endfacet
  facet normal 0.537439 0.843303 0
    outer loop
      vertex -18.9339 12.4521 2.4
      vertex -18.75 12.3349 0
      vertex -18.9339 12.4521 0
    endloop
  endfacet
  facet normal 0.216445 0.976295 -0
    outer loop
      vertex -17.9341 12.038 0
      vertex -18.147 12.0852 2.4
      vertex -17.9341 12.038 2.4
    endloop
  endfacet
  facet normal 0.216445 0.976295 0
    outer loop
      vertex -18.147 12.0852 2.4
      vertex -17.9341 12.038 0
      vertex -18.147 12.0852 0
    endloop
  endfacet
  facet normal 0.923916 0.382595 0
    outer loop
      vertex -19.7658 13.4435 2.4
      vertex -19.8492 13.6449 0
      vertex -19.8492 13.6449 2.4
    endloop
  endfacet
  facet normal 0.923916 0.382595 0
    outer loop
      vertex -19.8492 13.6449 0
      vertex -19.7658 13.4435 2.4
      vertex -19.7658 13.4435 0
    endloop
  endfacet
  facet normal -0.991423 0.130692 0
    outer loop
      vertex 19.962 14.0659 0
      vertex 19.9905 14.2821 2.4
      vertex 19.9905 14.2821 0
    endloop
  endfacet
  facet normal -0.991423 0.130692 0
    outer loop
      vertex 19.9905 14.2821 2.4
      vertex 19.962 14.0659 0
      vertex 19.962 14.0659 2.4
    endloop
  endfacet
  facet normal -0.461641 -0.887067 0
    outer loop
      vertex 18.5565 19.7658 0
      vertex 18.75 19.6651 2.4
      vertex 18.5565 19.7658 2.4
    endloop
  endfacet
  facet normal -0.461641 -0.887067 -0
    outer loop
      vertex 18.75 19.6651 2.4
      vertex 18.5565 19.7658 0
      vertex 18.75 19.6651 0
    endloop
  endfacet
  facet normal 0.675475 0.737383 -0
    outer loop
      vertex -19.107 12.5849 0
      vertex -19.2678 12.7322 2.4
      vertex -19.107 12.5849 2.4
    endloop
  endfacet
  facet normal 0.675475 0.737383 0
    outer loop
      vertex -19.2678 12.7322 2.4
      vertex -19.107 12.5849 0
      vertex -19.2678 12.7322 0
    endloop
  endfacet
  facet normal 0.976295 0.216445 0
    outer loop
      vertex -19.9148 13.853 2.4
      vertex -19.962 14.0659 0
      vertex -19.962 14.0659 2.4
    endloop
  endfacet
  facet normal 0.976295 0.216445 0
    outer loop
      vertex -19.962 14.0659 0
      vertex -19.9148 13.853 2.4
      vertex -19.9148 13.853 0
    endloop
  endfacet
  facet normal 0.991423 -0.130692 0
    outer loop
      vertex -19.9905 17.7179 2.4
      vertex -19.962 17.9341 0
      vertex -19.962 17.9341 2.4
    endloop
  endfacet
  facet normal 0.991423 -0.130692 0
    outer loop
      vertex -19.962 17.9341 0
      vertex -19.9905 17.7179 2.4
      vertex -19.9905 17.7179 0
    endloop
  endfacet
  facet normal 0.843303 0.537439 0
    outer loop
      vertex -19.5479 13.0661 2.4
      vertex -19.6651 13.25 0
      vertex -19.6651 13.25 2.4
    endloop
  endfacet
  facet normal 0.843303 0.537439 0
    outer loop
      vertex -19.6651 13.25 0
      vertex -19.5479 13.0661 2.4
      vertex -19.5479 13.0661 0
    endloop
  endfacet
  facet normal -0.461641 0.887067 0
    outer loop
      vertex 18.75 12.3349 0
      vertex 18.5565 12.2342 2.4
      vertex 18.75 12.3349 2.4
    endloop
  endfacet
  facet normal -0.461641 0.887067 0
    outer loop
      vertex 18.5565 12.2342 2.4
      vertex 18.75 12.3349 0
      vertex 18.5565 12.2342 0
    endloop
  endfacet
  facet normal -0.953735 0.300649 0
    outer loop
      vertex 19.8492 13.6449 0
      vertex 19.9148 13.853 2.4
      vertex 19.9148 13.853 0
    endloop
  endfacet
  facet normal -0.953735 0.300649 0
    outer loop
      vertex 19.9148 13.853 2.4
      vertex 19.8492 13.6449 0
      vertex 19.8492 13.6449 2.4
    endloop
  endfacet
  facet normal 0.923916 -0.382595 0
    outer loop
      vertex -19.8492 18.3551 2.4
      vertex -19.7658 18.5565 0
      vertex -19.7658 18.5565 2.4
    endloop
  endfacet
  facet normal 0.923916 -0.382595 0
    outer loop
      vertex -19.7658 18.5565 0
      vertex -19.8492 18.3551 2.4
      vertex -19.8492 18.3551 0
    endloop
  endfacet
  facet normal -0.976295 0.216445 0
    outer loop
      vertex 19.9148 13.853 0
      vertex 19.962 14.0659 2.4
      vertex 19.962 14.0659 0
    endloop
  endfacet
  facet normal -0.976295 0.216445 0
    outer loop
      vertex 19.962 14.0659 2.4
      vertex 19.9148 13.853 0
      vertex 19.9148 13.853 2.4
    endloop
  endfacet
  facet normal -1 0 0
    outer loop
      vertex 20 14.5 0
      vertex 20 17.5 2.4
      vertex 20 17.5 0
    endloop
  endfacet
  facet normal -1 -0 0
    outer loop
      vertex 20 17.5 2.4
      vertex 20 14.5 0
      vertex 20 14.5 2.4
    endloop
  endfacet
  facet normal -0.999051 -0.0435566 0
    outer loop
      vertex 20 17.5 0
      vertex 19.9905 17.7179 2.4
      vertex 19.9905 17.7179 0
    endloop
  endfacet
  facet normal -0.999051 -0.0435566 0
    outer loop
      vertex 19.9905 17.7179 2.4
      vertex 20 17.5 0
      vertex 20 17.5 2.4
    endloop
  endfacet
  facet normal 0.537439 -0.843303 0
    outer loop
      vertex -18.9339 19.5479 0
      vertex -18.75 19.6651 2.4
      vertex -18.9339 19.5479 2.4
    endloop
  endfacet
  facet normal 0.537439 -0.843303 0
    outer loop
      vertex -18.75 19.6651 2.4
      vertex -18.9339 19.5479 0
      vertex -18.75 19.6651 0
    endloop
  endfacet
  facet normal -0.130692 0.991423 0
    outer loop
      vertex 17.9341 12.038 0
      vertex 17.7179 12.0095 2.4
      vertex 17.9341 12.038 2.4
    endloop
  endfacet
  facet normal -0.130692 0.991423 0
    outer loop
      vertex 17.7179 12.0095 2.4
      vertex 17.9341 12.038 0
      vertex 17.7179 12.0095 0
    endloop
  endfacet
  facet normal 0.737383 0.675475 0
    outer loop
      vertex -19.2678 12.7322 2.4
      vertex -19.4151 12.893 0
      vertex -19.4151 12.893 2.4
    endloop
  endfacet
  facet normal 0.737383 0.675475 0
    outer loop
      vertex -19.4151 12.893 0
      vertex -19.2678 12.7322 2.4
      vertex -19.2678 12.7322 0
    endloop
  endfacet
  facet normal -0.300649 -0.953735 0
    outer loop
      vertex 18.147 19.9148 0
      vertex 18.3551 19.8492 2.4
      vertex 18.147 19.9148 2.4
    endloop
  endfacet
  facet normal -0.300649 -0.953735 -0
    outer loop
      vertex 18.3551 19.8492 2.4
      vertex 18.147 19.9148 0
      vertex 18.3551 19.8492 0
    endloop
  endfacet
  facet normal 0.216445 -0.976295 0
    outer loop
      vertex -18.147 19.9148 0
      vertex -17.9341 19.962 2.4
      vertex -18.147 19.9148 2.4
    endloop
  endfacet
  facet normal 0.216445 -0.976295 0
    outer loop
      vertex -17.9341 19.962 2.4
      vertex -18.147 19.9148 0
      vertex -17.9341 19.962 0
    endloop
  endfacet
  facet normal 0.887067 0.461641 0
    outer loop
      vertex -19.6651 13.25 2.4
      vertex -19.7658 13.4435 0
      vertex -19.7658 13.4435 2.4
    endloop
  endfacet
  facet normal 0.887067 0.461641 0
    outer loop
      vertex -19.7658 13.4435 0
      vertex -19.6651 13.25 2.4
      vertex -19.6651 13.25 0
    endloop
  endfacet
  facet normal 0.300649 -0.953735 0
    outer loop
      vertex -18.3551 19.8492 0
      vertex -18.147 19.9148 2.4
      vertex -18.3551 19.8492 2.4
    endloop
  endfacet
  facet normal 0.300649 -0.953735 0
    outer loop
      vertex -18.147 19.9148 2.4
      vertex -18.3551 19.8492 0
      vertex -18.147 19.9148 0
    endloop
  endfacet
  facet normal 0.300649 0.953735 -0
    outer loop
      vertex -18.147 12.0852 0
      vertex -18.3551 12.1508 2.4
      vertex -18.147 12.0852 2.4
    endloop
  endfacet
  facet normal 0.300649 0.953735 0
    outer loop
      vertex -18.3551 12.1508 2.4
      vertex -18.147 12.0852 0
      vertex -18.3551 12.1508 0
    endloop
  endfacet
  facet normal 0.737383 -0.675475 0
    outer loop
      vertex -19.4151 19.107 2.4
      vertex -19.2678 19.2678 0
      vertex -19.2678 19.2678 2.4
    endloop
  endfacet
  facet normal 0.737383 -0.675475 0
    outer loop
      vertex -19.2678 19.2678 0
      vertex -19.4151 19.107 2.4
      vertex -19.4151 19.107 0
    endloop
  endfacet
  facet normal -0.537439 -0.843303 0
    outer loop
      vertex 18.75 19.6651 0
      vertex 18.9339 19.5479 2.4
      vertex 18.75 19.6651 2.4
    endloop
  endfacet
  facet normal -0.537439 -0.843303 -0
    outer loop
      vertex 18.9339 19.5479 2.4
      vertex 18.75 19.6651 0
      vertex 18.9339 19.5479 0
    endloop
  endfacet
  facet normal -0.608691 0.793407 0
    outer loop
      vertex 19.107 12.5849 0
      vertex 18.9339 12.4521 2.4
      vertex 19.107 12.5849 2.4
    endloop
  endfacet
  facet normal -0.608691 0.793407 0
    outer loop
      vertex 18.9339 12.4521 2.4
      vertex 19.107 12.5849 0
      vertex 18.9339 12.4521 0
    endloop
  endfacet
  facet normal -0.382595 -0.923916 0
    outer loop
      vertex 18.3551 19.8492 0
      vertex 18.5565 19.7658 2.4
      vertex 18.3551 19.8492 2.4
    endloop
  endfacet
  facet normal -0.382595 -0.923916 -0
    outer loop
      vertex 18.5565 19.7658 2.4
      vertex 18.3551 19.8492 0
      vertex 18.5565 19.7658 0
    endloop
  endfacet
  facet normal -0.675475 -0.737383 0
    outer loop
      vertex 19.107 19.4151 0
      vertex 19.2678 19.2678 2.4
      vertex 19.107 19.4151 2.4
    endloop
  endfacet
  facet normal -0.675475 -0.737383 -0
    outer loop
      vertex 19.2678 19.2678 2.4
      vertex 19.107 19.4151 0
      vertex 19.2678 19.2678 0
    endloop
  endfacet
  facet normal -0.976295 -0.216445 0
    outer loop
      vertex 19.962 17.9341 0
      vertex 19.9148 18.147 2.4
      vertex 19.9148 18.147 0
    endloop
  endfacet
  facet normal -0.976295 -0.216445 0
    outer loop
      vertex 19.9148 18.147 2.4
      vertex 19.962 17.9341 0
      vertex 19.962 17.9341 2.4
    endloop
  endfacet
  facet normal -0.382595 0.923916 0
    outer loop
      vertex 18.5565 12.2342 0
      vertex 18.3551 12.1508 2.4
      vertex 18.5565 12.2342 2.4
    endloop
  endfacet
  facet normal -0.382595 0.923916 0
    outer loop
      vertex 18.3551 12.1508 2.4
      vertex 18.5565 12.2342 0
      vertex 18.3551 12.1508 0
    endloop
  endfacet
  facet normal 0.887067 -0.461641 0
    outer loop
      vertex -19.7658 18.5565 2.4
      vertex -19.6651 18.75 0
      vertex -19.6651 18.75 2.4
    endloop
  endfacet
  facet normal 0.887067 -0.461641 0
    outer loop
      vertex -19.6651 18.75 0
      vertex -19.7658 18.5565 2.4
      vertex -19.7658 18.5565 0
    endloop
  endfacet
  facet normal -0.991423 -0.130692 0
    outer loop
      vertex 19.9905 17.7179 0
      vertex 19.962 17.9341 2.4
      vertex 19.962 17.9341 0
    endloop
  endfacet
  facet normal -0.991423 -0.130692 0
    outer loop
      vertex 19.962 17.9341 2.4
      vertex 19.9905 17.7179 0
      vertex 19.9905 17.7179 2.4
    endloop
  endfacet
  facet normal -0.737383 -0.675475 0
    outer loop
      vertex 19.4151 19.107 0
      vertex 19.2678 19.2678 2.4
      vertex 19.2678 19.2678 0
    endloop
  endfacet
  facet normal -0.737383 -0.675475 0
    outer loop
      vertex 19.2678 19.2678 2.4
      vertex 19.4151 19.107 0
      vertex 19.4151 19.107 2.4
    endloop
  endfacet
  facet normal -0.843303 0.537439 0
    outer loop
      vertex 19.5479 13.0661 0
      vertex 19.6651 13.25 2.4
      vertex 19.6651 13.25 0
    endloop
  endfacet
  facet normal -0.843303 0.537439 0
    outer loop
      vertex 19.6651 13.25 2.4
      vertex 19.5479 13.0661 0
      vertex 19.5479 13.0661 2.4
    endloop
  endfacet
  facet normal 0.843303 -0.537439 0
    outer loop
      vertex -19.6651 18.75 2.4
      vertex -19.5479 18.9339 0
      vertex -19.5479 18.9339 2.4
    endloop
  endfacet
  facet normal 0.843303 -0.537439 0
    outer loop
      vertex -19.5479 18.9339 0
      vertex -19.6651 18.75 2.4
      vertex -19.6651 18.75 0
    endloop
  endfacet
  facet normal -0.923916 -0.382595 0
    outer loop
      vertex 19.8492 18.3551 0
      vertex 19.7658 18.5565 2.4
      vertex 19.7658 18.5565 0
    endloop
  endfacet
  facet normal -0.923916 -0.382595 0
    outer loop
      vertex 19.7658 18.5565 2.4
      vertex 19.8492 18.3551 0
      vertex 19.8492 18.3551 2.4
    endloop
  endfacet
  facet normal -0.216445 0.976295 0
    outer loop
      vertex 18.147 12.0852 0
      vertex 17.9341 12.038 2.4
      vertex 18.147 12.0852 2.4
    endloop
  endfacet
  facet normal -0.216445 0.976295 0
    outer loop
      vertex 17.9341 12.038 2.4
      vertex 18.147 12.0852 0
      vertex 17.9341 12.038 0
    endloop
  endfacet
  facet normal 0.953735 -0.300649 0
    outer loop
      vertex -19.9148 18.147 2.4
      vertex -19.8492 18.3551 0
      vertex -19.8492 18.3551 2.4
    endloop
  endfacet
  facet normal 0.953735 -0.300649 0
    outer loop
      vertex -19.8492 18.3551 0
      vertex -19.9148 18.147 2.4
      vertex -19.9148 18.147 0
    endloop
  endfacet
  facet normal -0.737383 0.675475 0
    outer loop
      vertex 19.2678 12.7322 0
      vertex 19.4151 12.893 2.4
      vertex 19.4151 12.893 0
    endloop
  endfacet
  facet normal -0.737383 0.675475 0
    outer loop
      vertex 19.4151 12.893 2.4
      vertex 19.2678 12.7322 0
      vertex 19.2678 12.7322 2.4
    endloop
  endfacet
  facet normal -0.923916 0.382595 0
    outer loop
      vertex 19.7658 13.4435 0
      vertex 19.8492 13.6449 2.4
      vertex 19.8492 13.6449 0
    endloop
  endfacet
  facet normal -0.923916 0.382595 0
    outer loop
      vertex 19.8492 13.6449 2.4
      vertex 19.7658 13.4435 0
      vertex 19.7658 13.4435 2.4
    endloop
  endfacet
  facet normal -0.887067 -0.461641 0
    outer loop
      vertex 19.7658 18.5565 0
      vertex 19.6651 18.75 2.4
      vertex 19.6651 18.75 0
    endloop
  endfacet
  facet normal -0.887067 -0.461641 0
    outer loop
      vertex 19.6651 18.75 2.4
      vertex 19.7658 18.5565 0
      vertex 19.7658 18.5565 2.4
    endloop
  endfacet
  facet normal 0.0435566 0.999051 -0
    outer loop
      vertex -17.5 44 0
      vertex -17.7179 44.0095 2.4
      vertex -17.5 44 2.4
    endloop
  endfacet
  facet normal 0.0435566 0.999051 0
    outer loop
      vertex -17.7179 44.0095 2.4
      vertex -17.5 44 0
      vertex -17.7179 44.0095 0
    endloop
  endfacet
  facet normal -0.0435566 0.999051 0
    outer loop
      vertex 17.7179 44.0095 0
      vertex 17.5 44 2.4
      vertex 17.7179 44.0095 2.4
    endloop
  endfacet
  facet normal -0.0435566 0.999051 0
    outer loop
      vertex 17.5 44 2.4
      vertex 17.7179 44.0095 0
      vertex 17.5 44 0
    endloop
  endfacet
  facet normal -0.130692 -0.991423 0
    outer loop
      vertex 17.7179 51.9905 0
      vertex 17.9341 51.962 2.4
      vertex 17.7179 51.9905 2.4
    endloop
  endfacet
  facet normal -0.130692 -0.991423 -0
    outer loop
      vertex 17.9341 51.962 2.4
      vertex 17.7179 51.9905 0
      vertex 17.9341 51.962 0
    endloop
  endfacet
  facet normal 0 1 -0
    outer loop
      vertex 17.5 44 0
      vertex -17.5 44 2.4
      vertex 17.5 44 2.4
    endloop
  endfacet
  facet normal 0 1 0
    outer loop
      vertex -17.5 44 2.4
      vertex 17.5 44 0
      vertex -17.5 44 0
    endloop
  endfacet
  facet normal 0 -1 0
    outer loop
      vertex -17.5 52 0
      vertex 17.5 52 2.4
      vertex -17.5 52 2.4
    endloop
  endfacet
  facet normal 0 -1 -0
    outer loop
      vertex 17.5 52 2.4
      vertex -17.5 52 0
      vertex 17.5 52 0
    endloop
  endfacet
  facet normal -0.608691 -0.793407 0
    outer loop
      vertex 18.9339 51.5479 0
      vertex 19.107 51.4151 2.4
      vertex 18.9339 51.5479 2.4
    endloop
  endfacet
  facet normal -0.608691 -0.793407 -0
    outer loop
      vertex 19.107 51.4151 2.4
      vertex 18.9339 51.5479 0
      vertex 19.107 51.4151 0
    endloop
  endfacet
  facet normal 0.675475 -0.737383 0
    outer loop
      vertex -19.2678 51.2678 0
      vertex -19.107 51.4151 2.4
      vertex -19.2678 51.2678 2.4
    endloop
  endfacet
  facet normal 0.675475 -0.737383 0
    outer loop
      vertex -19.107 51.4151 2.4
      vertex -19.2678 51.2678 0
      vertex -19.107 51.4151 0
    endloop
  endfacet
  facet normal 0.793407 -0.608691 0
    outer loop
      vertex -19.5479 50.9339 2.4
      vertex -19.4151 51.107 0
      vertex -19.4151 51.107 2.4
    endloop
  endfacet
  facet normal 0.793407 -0.608691 0
    outer loop
      vertex -19.4151 51.107 0
      vertex -19.5479 50.9339 2.4
      vertex -19.5479 50.9339 0
    endloop
  endfacet
  facet normal -0.887067 0.461641 0
    outer loop
      vertex 19.6651 45.25 0
      vertex 19.7658 45.4435 2.4
      vertex 19.7658 45.4435 0
    endloop
  endfacet
  facet normal -0.887067 0.461641 0
    outer loop
      vertex 19.7658 45.4435 2.4
      vertex 19.6651 45.25 0
      vertex 19.6651 45.25 2.4
    endloop
  endfacet
  facet normal -0.793407 0.608691 0
    outer loop
      vertex 19.4151 44.893 0
      vertex 19.5479 45.0661 2.4
      vertex 19.5479 45.0661 0
    endloop
  endfacet
  facet normal -0.793407 0.608691 0
    outer loop
      vertex 19.5479 45.0661 2.4
      vertex 19.4151 44.893 0
      vertex 19.4151 44.893 2.4
    endloop
  endfacet
  facet normal -0.0435566 -0.999051 0
    outer loop
      vertex 17.5 52 0
      vertex 17.7179 51.9905 2.4
      vertex 17.5 52 2.4
    endloop
  endfacet
  facet normal -0.0435566 -0.999051 -0
    outer loop
      vertex 17.7179 51.9905 2.4
      vertex 17.5 52 0
      vertex 17.7179 51.9905 0
    endloop
  endfacet
  facet normal 0.976295 -0.216445 0
    outer loop
      vertex -19.962 49.9341 2.4
      vertex -19.9148 50.147 0
      vertex -19.9148 50.147 2.4
    endloop
  endfacet
  facet normal 0.976295 -0.216445 0
    outer loop
      vertex -19.9148 50.147 0
      vertex -19.962 49.9341 2.4
      vertex -19.962 49.9341 0
    endloop
  endfacet
  facet normal -0.300649 0.953735 0
    outer loop
      vertex 18.3551 44.1508 0
      vertex 18.147 44.0852 2.4
      vertex 18.3551 44.1508 2.4
    endloop
  endfacet
  facet normal -0.300649 0.953735 0
    outer loop
      vertex 18.147 44.0852 2.4
      vertex 18.3551 44.1508 0
      vertex 18.147 44.0852 0
    endloop
  endfacet
  facet normal 0.130692 0.991423 -0
    outer loop
      vertex -17.7179 44.0095 0
      vertex -17.9341 44.038 2.4
      vertex -17.7179 44.0095 2.4
    endloop
  endfacet
  facet normal 0.130692 0.991423 0
    outer loop
      vertex -17.9341 44.038 2.4
      vertex -17.7179 44.0095 0
      vertex -17.9341 44.038 0
    endloop
  endfacet
  facet normal 0.130692 -0.991423 0
    outer loop
      vertex -17.9341 51.962 0
      vertex -17.7179 51.9905 2.4
      vertex -17.9341 51.962 2.4
    endloop
  endfacet
  facet normal 0.130692 -0.991423 0
    outer loop
      vertex -17.7179 51.9905 2.4
      vertex -17.9341 51.962 0
      vertex -17.7179 51.9905 0
    endloop
  endfacet
  facet normal 0.608691 0.793407 -0
    outer loop
      vertex -18.9339 44.4521 0
      vertex -19.107 44.5849 2.4
      vertex -18.9339 44.4521 2.4
    endloop
  endfacet
  facet normal 0.608691 0.793407 0
    outer loop
      vertex -19.107 44.5849 2.4
      vertex -18.9339 44.4521 0
      vertex -19.107 44.5849 0
    endloop
  endfacet
  facet normal -0.537439 0.843303 0
    outer loop
      vertex 18.9339 44.4521 0
      vertex 18.75 44.3349 2.4
      vertex 18.9339 44.4521 2.4
    endloop
  endfacet
  facet normal -0.537439 0.843303 0
    outer loop
      vertex 18.75 44.3349 2.4
      vertex 18.9339 44.4521 0
      vertex 18.75 44.3349 0
    endloop
  endfacet
  facet normal 0.991423 0.130692 0
    outer loop
      vertex -19.962 46.0659 2.4
      vertex -19.9905 46.2821 0
      vertex -19.9905 46.2821 2.4
    endloop
  endfacet
  facet normal 0.991423 0.130692 0
    outer loop
      vertex -19.9905 46.2821 0
      vertex -19.962 46.0659 2.4
      vertex -19.962 46.0659 0
    endloop
  endfacet
  facet normal 0.382595 -0.923916 0
    outer loop
      vertex -18.5565 51.7658 0
      vertex -18.3551 51.8492 2.4
      vertex -18.5565 51.7658 2.4
    endloop
  endfacet
  facet normal 0.382595 -0.923916 0
    outer loop
      vertex -18.3551 51.8492 2.4
      vertex -18.5565 51.7658 0
      vertex -18.3551 51.8492 0
    endloop
  endfacet
  facet normal -0.793407 -0.608691 0
    outer loop
      vertex 19.5479 50.9339 0
      vertex 19.4151 51.107 2.4
      vertex 19.4151 51.107 0
    endloop
  endfacet
  facet normal -0.793407 -0.608691 0
    outer loop
      vertex 19.4151 51.107 2.4
      vertex 19.5479 50.9339 0
      vertex 19.5479 50.9339 2.4
    endloop
  endfacet
  facet normal -0.953735 -0.300649 0
    outer loop
      vertex 19.9148 50.147 0
      vertex 19.8492 50.3551 2.4
      vertex 19.8492 50.3551 0
    endloop
  endfacet
  facet normal -0.953735 -0.300649 0
    outer loop
      vertex 19.8492 50.3551 2.4
      vertex 19.9148 50.147 0
      vertex 19.9148 50.147 2.4
    endloop
  endfacet
  facet normal 0.0435566 -0.999051 0
    outer loop
      vertex -17.7179 51.9905 0
      vertex -17.5 52 2.4
      vertex -17.7179 51.9905 2.4
    endloop
  endfacet
  facet normal 0.0435566 -0.999051 0
    outer loop
      vertex -17.5 52 2.4
      vertex -17.7179 51.9905 0
      vertex -17.5 52 0
    endloop
  endfacet
  facet normal -0.216445 -0.976295 0
    outer loop
      vertex 17.9341 51.962 0
      vertex 18.147 51.9148 2.4
      vertex 17.9341 51.962 2.4
    endloop
  endfacet
  facet normal -0.216445 -0.976295 -0
    outer loop
      vertex 18.147 51.9148 2.4
      vertex 17.9341 51.962 0
      vertex 18.147 51.9148 0
    endloop
  endfacet
  facet normal -0.675475 0.737383 0
    outer loop
      vertex 19.2678 44.7322 0
      vertex 19.107 44.5849 2.4
      vertex 19.2678 44.7322 2.4
    endloop
  endfacet
  facet normal -0.675475 0.737383 0
    outer loop
      vertex 19.107 44.5849 2.4
      vertex 19.2678 44.7322 0
      vertex 19.107 44.5849 0
    endloop
  endfacet
  facet normal 0.461641 0.887067 -0
    outer loop
      vertex -18.5565 44.2342 0
      vertex -18.75 44.3349 2.4
      vertex -18.5565 44.2342 2.4
    endloop
  endfacet
  facet normal 0.461641 0.887067 0
    outer loop
      vertex -18.75 44.3349 2.4
      vertex -18.5565 44.2342 0
      vertex -18.75 44.3349 0
    endloop
  endfacet
  facet normal 0.887067 0.461641 0
    outer loop
      vertex -19.6651 45.25 2.4
      vertex -19.7658 45.4435 0
      vertex -19.7658 45.4435 2.4
    endloop
  endfacet
  facet normal 0.887067 0.461641 0
    outer loop
      vertex -19.7658 45.4435 0
      vertex -19.6651 45.25 2.4
      vertex -19.6651 45.25 0
    endloop
  endfacet
  facet normal 0.608691 -0.793407 0
    outer loop
      vertex -19.107 51.4151 0
      vertex -18.9339 51.5479 2.4
      vertex -19.107 51.4151 2.4
    endloop
  endfacet
  facet normal 0.608691 -0.793407 0
    outer loop
      vertex -18.9339 51.5479 2.4
      vertex -19.107 51.4151 0
      vertex -18.9339 51.5479 0
    endloop
  endfacet
  facet normal 0.953735 0.300649 0
    outer loop
      vertex -19.8492 45.6449 2.4
      vertex -19.9148 45.853 0
      vertex -19.9148 45.853 2.4
    endloop
  endfacet
  facet normal 0.953735 0.300649 0
    outer loop
      vertex -19.9148 45.853 0
      vertex -19.8492 45.6449 2.4
      vertex -19.8492 45.6449 0
    endloop
  endfacet
  facet normal 1 -0 0
    outer loop
      vertex -20 46.5 2.4
      vertex -20 49.5 0
      vertex -20 49.5 2.4
    endloop
  endfacet
  facet normal 1 0 0
    outer loop
      vertex -20 49.5 0
      vertex -20 46.5 2.4
      vertex -20 46.5 0
    endloop
  endfacet
  facet normal -0.999051 0.0435566 0
    outer loop
      vertex 19.9905 46.2821 0
      vertex 20 46.5 2.4
      vertex 20 46.5 0
    endloop
  endfacet
  facet normal -0.999051 0.0435566 0
    outer loop
      vertex 20 46.5 2.4
      vertex 19.9905 46.2821 0
      vertex 19.9905 46.2821 2.4
    endloop
  endfacet
  facet normal 0.461641 -0.887067 0
    outer loop
      vertex -18.75 51.6651 0
      vertex -18.5565 51.7658 2.4
      vertex -18.75 51.6651 2.4
    endloop
  endfacet
  facet normal 0.461641 -0.887067 0
    outer loop
      vertex -18.5565 51.7658 2.4
      vertex -18.75 51.6651 0
      vertex -18.5565 51.7658 0
    endloop
  endfacet
  facet normal 0.382595 0.923916 -0
    outer loop
      vertex -18.3551 44.1508 0
      vertex -18.5565 44.2342 2.4
      vertex -18.3551 44.1508 2.4
    endloop
  endfacet
  facet normal 0.382595 0.923916 0
    outer loop
      vertex -18.5565 44.2342 2.4
      vertex -18.3551 44.1508 0
      vertex -18.5565 44.2342 0
    endloop
  endfacet
  facet normal -0.843303 -0.537439 0
    outer loop
      vertex 19.6651 50.75 0
      vertex 19.5479 50.9339 2.4
      vertex 19.5479 50.9339 0
    endloop
  endfacet
  facet normal -0.843303 -0.537439 0
    outer loop
      vertex 19.5479 50.9339 2.4
      vertex 19.6651 50.75 0
      vertex 19.6651 50.75 2.4
    endloop
  endfacet
  facet normal 0.999051 -0.0435566 0
    outer loop
      vertex -20 49.5 2.4
      vertex -19.9905 49.7179 0
      vertex -19.9905 49.7179 2.4
    endloop
  endfacet
  facet normal 0.999051 -0.0435566 0
    outer loop
      vertex -19.9905 49.7179 0
      vertex -20 49.5 2.4
      vertex -20 49.5 0
    endloop
  endfacet
  facet normal 0.999051 0.0435566 0
    outer loop
      vertex -19.9905 46.2821 2.4
      vertex -20 46.5 0
      vertex -20 46.5 2.4
    endloop
  endfacet
  facet normal 0.999051 0.0435566 0
    outer loop
      vertex -20 46.5 0
      vertex -19.9905 46.2821 2.4
      vertex -19.9905 46.2821 0
    endloop
  endfacet
  facet normal 0.537439 0.843303 -0
    outer loop
      vertex -18.75 44.3349 0
      vertex -18.9339 44.4521 2.4
      vertex -18.75 44.3349 2.4
    endloop
  endfacet
  facet normal 0.537439 0.843303 0
    outer loop
      vertex -18.9339 44.4521 2.4
      vertex -18.75 44.3349 0
      vertex -18.9339 44.4521 0
    endloop
  endfacet
  facet normal 0.216445 0.976295 -0
    outer loop
      vertex -17.9341 44.038 0
      vertex -18.147 44.0852 2.4
      vertex -17.9341 44.038 2.4
    endloop
  endfacet
  facet normal 0.216445 0.976295 0
    outer loop
      vertex -18.147 44.0852 2.4
      vertex -17.9341 44.038 0
      vertex -18.147 44.0852 0
    endloop
  endfacet
  facet normal 0.923916 0.382595 0
    outer loop
      vertex -19.7658 45.4435 2.4
      vertex -19.8492 45.6449 0
      vertex -19.8492 45.6449 2.4
    endloop
  endfacet
  facet normal 0.923916 0.382595 0
    outer loop
      vertex -19.8492 45.6449 0
      vertex -19.7658 45.4435 2.4
      vertex -19.7658 45.4435 0
    endloop
  endfacet
  facet normal -0.991423 0.130692 0
    outer loop
      vertex 19.962 46.0659 0
      vertex 19.9905 46.2821 2.4
      vertex 19.9905 46.2821 0
    endloop
  endfacet
  facet normal -0.991423 0.130692 0
    outer loop
      vertex 19.9905 46.2821 2.4
      vertex 19.962 46.0659 0
      vertex 19.962 46.0659 2.4
    endloop
  endfacet
  facet normal -0.461641 -0.887067 0
    outer loop
      vertex 18.5565 51.7658 0
      vertex 18.75 51.6651 2.4
      vertex 18.5565 51.7658 2.4
    endloop
  endfacet
  facet normal -0.461641 -0.887067 -0
    outer loop
      vertex 18.75 51.6651 2.4
      vertex 18.5565 51.7658 0
      vertex 18.75 51.6651 0
    endloop
  endfacet
  facet normal 0.675475 0.737383 -0
    outer loop
      vertex -19.107 44.5849 0
      vertex -19.2678 44.7322 2.4
      vertex -19.107 44.5849 2.4
    endloop
  endfacet
  facet normal 0.675475 0.737383 0
    outer loop
      vertex -19.2678 44.7322 2.4
      vertex -19.107 44.5849 0
      vertex -19.2678 44.7322 0
    endloop
  endfacet
  facet normal 0.976295 0.216445 0
    outer loop
      vertex -19.9148 45.853 2.4
      vertex -19.962 46.0659 0
      vertex -19.962 46.0659 2.4
    endloop
  endfacet
  facet normal 0.976295 0.216445 0
    outer loop
      vertex -19.962 46.0659 0
      vertex -19.9148 45.853 2.4
      vertex -19.9148 45.853 0
    endloop
  endfacet
  facet normal 0.991423 -0.130692 0
    outer loop
      vertex -19.9905 49.7179 2.4
      vertex -19.962 49.9341 0
      vertex -19.962 49.9341 2.4
    endloop
  endfacet
  facet normal 0.991423 -0.130692 0
    outer loop
      vertex -19.962 49.9341 0
      vertex -19.9905 49.7179 2.4
      vertex -19.9905 49.7179 0
    endloop
  endfacet
  facet normal 0.843303 0.537439 0
    outer loop
      vertex -19.5479 45.0661 2.4
      vertex -19.6651 45.25 0
      vertex -19.6651 45.25 2.4
    endloop
  endfacet
  facet normal 0.843303 0.537439 0
    outer loop
      vertex -19.6651 45.25 0
      vertex -19.5479 45.0661 2.4
      vertex -19.5479 45.0661 0
    endloop
  endfacet
  facet normal -0.461641 0.887067 0
    outer loop
      vertex 18.75 44.3349 0
      vertex 18.5565 44.2342 2.4
      vertex 18.75 44.3349 2.4
    endloop
  endfacet
  facet normal -0.461641 0.887067 0
    outer loop
      vertex 18.5565 44.2342 2.4
      vertex 18.75 44.3349 0
      vertex 18.5565 44.2342 0
    endloop
  endfacet
  facet normal -0.953735 0.300649 0
    outer loop
      vertex 19.8492 45.6449 0
      vertex 19.9148 45.853 2.4
      vertex 19.9148 45.853 0
    endloop
  endfacet
  facet normal -0.953735 0.300649 0
    outer loop
      vertex 19.9148 45.853 2.4
      vertex 19.8492 45.6449 0
      vertex 19.8492 45.6449 2.4
    endloop
  endfacet
  facet normal 0.923916 -0.382595 0
    outer loop
      vertex -19.8492 50.3551 2.4
      vertex -19.7658 50.5565 0
      vertex -19.7658 50.5565 2.4
    endloop
  endfacet
  facet normal 0.923916 -0.382595 0
    outer loop
      vertex -19.7658 50.5565 0
      vertex -19.8492 50.3551 2.4
      vertex -19.8492 50.3551 0
    endloop
  endfacet
  facet normal -0.976295 0.216445 0
    outer loop
      vertex 19.9148 45.853 0
      vertex 19.962 46.0659 2.4
      vertex 19.962 46.0659 0
    endloop
  endfacet
  facet normal -0.976295 0.216445 0
    outer loop
      vertex 19.962 46.0659 2.4
      vertex 19.9148 45.853 0
      vertex 19.9148 45.853 2.4
    endloop
  endfacet
  facet normal -1 0 0
    outer loop
      vertex 20 46.5 0
      vertex 20 49.5 2.4
      vertex 20 49.5 0
    endloop
  endfacet
  facet normal -1 -0 0
    outer loop
      vertex 20 49.5 2.4
      vertex 20 46.5 0
      vertex 20 46.5 2.4
    endloop
  endfacet
  facet normal -0.999051 -0.0435566 0
    outer loop
      vertex 20 49.5 0
      vertex 19.9905 49.7179 2.4
      vertex 19.9905 49.7179 0
    endloop
  endfacet
  facet normal -0.999051 -0.0435566 0
    outer loop
      vertex 19.9905 49.7179 2.4
      vertex 20 49.5 0
      vertex 20 49.5 2.4
    endloop
  endfacet
  facet normal 0.537439 -0.843303 0
    outer loop
      vertex -18.9339 51.5479 0
      vertex -18.75 51.6651 2.4
      vertex -18.9339 51.5479 2.4
    endloop
  endfacet
  facet normal 0.537439 -0.843303 0
    outer loop
      vertex -18.75 51.6651 2.4
      vertex -18.9339 51.5479 0
      vertex -18.75 51.6651 0
    endloop
  endfacet
  facet normal -0.130692 0.991423 0
    outer loop
      vertex 17.9341 44.038 0
      vertex 17.7179 44.0095 2.4
      vertex 17.9341 44.038 2.4
    endloop
  endfacet
  facet normal -0.130692 0.991423 0
    outer loop
      vertex 17.7179 44.0095 2.4
      vertex 17.9341 44.038 0
      vertex 17.7179 44.0095 0
    endloop
  endfacet
  facet normal 0.737383 0.675475 0
    outer loop
      vertex -19.2678 44.7322 2.4
      vertex -19.4151 44.893 0
      vertex -19.4151 44.893 2.4
    endloop
  endfacet
  facet normal 0.737383 0.675475 0
    outer loop
      vertex -19.4151 44.893 0
      vertex -19.2678 44.7322 2.4
      vertex -19.2678 44.7322 0
    endloop
  endfacet
  facet normal -0.300649 -0.953735 0
    outer loop
      vertex 18.147 51.9148 0
      vertex 18.3551 51.8492 2.4
      vertex 18.147 51.9148 2.4
    endloop
  endfacet
  facet normal -0.300649 -0.953735 -0
    outer loop
      vertex 18.3551 51.8492 2.4
      vertex 18.147 51.9148 0
      vertex 18.3551 51.8492 0
    endloop
  endfacet
  facet normal 0.216445 -0.976295 0
    outer loop
      vertex -18.147 51.9148 0
      vertex -17.9341 51.962 2.4
      vertex -18.147 51.9148 2.4
    endloop
  endfacet
  facet normal 0.216445 -0.976295 0
    outer loop
      vertex -17.9341 51.962 2.4
      vertex -18.147 51.9148 0
      vertex -17.9341 51.962 0
    endloop
  endfacet
  facet normal 0.300649 -0.953735 0
    outer loop
      vertex -18.3551 51.8492 0
      vertex -18.147 51.9148 2.4
      vertex -18.3551 51.8492 2.4
    endloop
  endfacet
  facet normal 0.300649 -0.953735 0
    outer loop
      vertex -18.147 51.9148 2.4
      vertex -18.3551 51.8492 0
      vertex -18.147 51.9148 0
    endloop
  endfacet
  facet normal 0.300649 0.953735 -0
    outer loop
      vertex -18.147 44.0852 0
      vertex -18.3551 44.1508 2.4
      vertex -18.147 44.0852 2.4
    endloop
  endfacet
  facet normal 0.300649 0.953735 0
    outer loop
      vertex -18.3551 44.1508 2.4
      vertex -18.147 44.0852 0
      vertex -18.3551 44.1508 0
    endloop
  endfacet
  facet normal 0.737383 -0.675475 0
    outer loop
      vertex -19.4151 51.107 2.4
      vertex -19.2678 51.2678 0
      vertex -19.2678 51.2678 2.4
    endloop
  endfacet
  facet normal 0.737383 -0.675475 0
    outer loop
      vertex -19.2678 51.2678 0
      vertex -19.4151 51.107 2.4
      vertex -19.4151 51.107 0
    endloop
  endfacet
  facet normal -0.537439 -0.843303 0
    outer loop
      vertex 18.75 51.6651 0
      vertex 18.9339 51.5479 2.4
      vertex 18.75 51.6651 2.4
    endloop
  endfacet
  facet normal -0.537439 -0.843303 -0
    outer loop
      vertex 18.9339 51.5479 2.4
      vertex 18.75 51.6651 0
      vertex 18.9339 51.5479 0
    endloop
  endfacet
  facet normal -0.608691 0.793407 0
    outer loop
      vertex 19.107 44.5849 0
      vertex 18.9339 44.4521 2.4
      vertex 19.107 44.5849 2.4
    endloop
  endfacet
  facet normal -0.608691 0.793407 0
    outer loop
      vertex 18.9339 44.4521 2.4
      vertex 19.107 44.5849 0
      vertex 18.9339 44.4521 0
    endloop
  endfacet
  facet normal -0.675475 -0.737383 0
    outer loop
      vertex 19.107 51.4151 0
      vertex 19.2678 51.2678 2.4
      vertex 19.107 51.4151 2.4
    endloop
  endfacet
  facet normal -0.675475 -0.737383 -0
    outer loop
      vertex 19.2678 51.2678 2.4
      vertex 19.107 51.4151 0
      vertex 19.2678 51.2678 0
    endloop
  endfacet
  facet normal -0.976295 -0.216445 0
    outer loop
      vertex 19.962 49.9341 0
      vertex 19.9148 50.147 2.4
      vertex 19.9148 50.147 0
    endloop
  endfacet
  facet normal -0.976295 -0.216445 0
    outer loop
      vertex 19.9148 50.147 2.4
      vertex 19.962 49.9341 0
      vertex 19.962 49.9341 2.4
    endloop
  endfacet
  facet normal -0.382595 0.923916 0
    outer loop
      vertex 18.5565 44.2342 0
      vertex 18.3551 44.1508 2.4
      vertex 18.5565 44.2342 2.4
    endloop
  endfacet
  facet normal -0.382595 0.923916 0
    outer loop
      vertex 18.3551 44.1508 2.4
      vertex 18.5565 44.2342 0
      vertex 18.3551 44.1508 0
    endloop
  endfacet
  facet normal 0.887067 -0.461641 0
    outer loop
      vertex -19.7658 50.5565 2.4
      vertex -19.6651 50.75 0
      vertex -19.6651 50.75 2.4
    endloop
  endfacet
  facet normal 0.887067 -0.461641 0
    outer loop
      vertex -19.6651 50.75 0
      vertex -19.7658 50.5565 2.4
      vertex -19.7658 50.5565 0
    endloop
  endfacet
  facet normal -0.991423 -0.130692 0
    outer loop
      vertex 19.9905 49.7179 0
      vertex 19.962 49.9341 2.4
      vertex 19.962 49.9341 0
    endloop
  endfacet
  facet normal -0.991423 -0.130692 0
    outer loop
      vertex 19.962 49.9341 2.4
      vertex 19.9905 49.7179 0
      vertex 19.9905 49.7179 2.4
    endloop
  endfacet
  facet normal -0.737383 -0.675475 0
    outer loop
      vertex 19.4151 51.107 0
      vertex 19.2678 51.2678 2.4
      vertex 19.2678 51.2678 0
    endloop
  endfacet
  facet normal -0.737383 -0.675475 0
    outer loop
      vertex 19.2678 51.2678 2.4
      vertex 19.4151 51.107 0
      vertex 19.4151 51.107 2.4
    endloop
  endfacet
  facet normal -0.843303 0.537439 0
    outer loop
      vertex 19.5479 45.0661 0
      vertex 19.6651 45.25 2.4
      vertex 19.6651 45.25 0
    endloop
  endfacet
  facet normal -0.843303 0.537439 0
    outer loop
      vertex 19.6651 45.25 2.4
      vertex 19.5479 45.0661 0
      vertex 19.5479 45.0661 2.4
    endloop
  endfacet
  facet normal 0.843303 -0.537439 0
    outer loop
      vertex -19.6651 50.75 2.4
      vertex -19.5479 50.9339 0
      vertex -19.5479 50.9339 2.4
    endloop
  endfacet
  facet normal 0.843303 -0.537439 0
    outer loop
      vertex -19.5479 50.9339 0
      vertex -19.6651 50.75 2.4
      vertex -19.6651 50.75 0
    endloop
  endfacet
  facet normal -0.923916 -0.382595 0
    outer loop
      vertex 19.8492 50.3551 0
      vertex 19.7658 50.5565 2.4
      vertex 19.7658 50.5565 0
    endloop
  endfacet
  facet normal -0.923916 -0.382595 0
    outer loop
      vertex 19.7658 50.5565 2.4
      vertex 19.8492 50.3551 0
      vertex 19.8492 50.3551 2.4
    endloop
  endfacet
  facet normal -0.382595 -0.923916 0
    outer loop
      vertex 18.3551 51.8492 0
      vertex 18.5565 51.7658 2.4
      vertex 18.3551 51.8492 2.4
    endloop
  endfacet
  facet normal -0.382595 -0.923916 -0
    outer loop
      vertex 18.5565 51.7658 2.4
      vertex 18.3551 51.8492 0
      vertex 18.5565 51.7658 0
    endloop
  endfacet
  facet normal -0.216445 0.976295 0
    outer loop
      vertex 18.147 44.0852 0
      vertex 17.9341 44.038 2.4
      vertex 18.147 44.0852 2.4
    endloop
  endfacet
  facet normal -0.216445 0.976295 0
    outer loop
      vertex 17.9341 44.038 2.4
      vertex 18.147 44.0852 0
      vertex 17.9341 44.038 0
    endloop
  endfacet
  facet normal 0.953735 -0.300649 0
    outer loop
      vertex -19.9148 50.147 2.4
      vertex -19.8492 50.3551 0
      vertex -19.8492 50.3551 2.4
    endloop
  endfacet
  facet normal 0.953735 -0.300649 0
    outer loop
      vertex -19.8492 50.3551 0
      vertex -19.9148 50.147 2.4
      vertex -19.9148 50.147 0
    endloop
  endfacet
  facet normal -0.737383 0.675475 0
    outer loop
      vertex 19.2678 44.7322 0
      vertex 19.4151 44.893 2.4
      vertex 19.4151 44.893 0
    endloop
  endfacet
  facet normal -0.737383 0.675475 0
    outer loop
      vertex 19.4151 44.893 2.4
      vertex 19.2678 44.7322 0
      vertex 19.2678 44.7322 2.4
    endloop
  endfacet
  facet normal 0.793407 0.608691 0
    outer loop
      vertex -19.4151 44.893 2.4
      vertex -19.5479 45.0661 0
      vertex -19.5479 45.0661 2.4
    endloop
  endfacet
  facet normal 0.793407 0.608691 0
    outer loop
      vertex -19.5479 45.0661 0
      vertex -19.4151 44.893 2.4
      vertex -19.4151 44.893 0
    endloop
  endfacet
  facet normal -0.923916 0.382595 0
    outer loop
      vertex 19.7658 45.4435 0
      vertex 19.8492 45.6449 2.4
      vertex 19.8492 45.6449 0
    endloop
  endfacet
  facet normal -0.923916 0.382595 0
    outer loop
      vertex 19.8492 45.6449 2.4
      vertex 19.7658 45.4435 0
      vertex 19.7658 45.4435 2.4
    endloop
  endfacet
  facet normal -0.887067 -0.461641 0
    outer loop
      vertex 19.7658 50.5565 0
      vertex 19.6651 50.75 2.4
      vertex 19.6651 50.75 0
    endloop
  endfacet
  facet normal -0.887067 -0.461641 0
    outer loop
      vertex 19.6651 50.75 2.4
      vertex 19.7658 50.5565 0
      vertex 19.7658 50.5565 2.4
    endloop
  endfacet
endsolid OpenSCAD_Model
