solid OpenSCAD_Model
  facet normal -0.737306 -0.675559 0
    outer loop
      vertex -11.1213 -6.12132 0
      vertex -11.2981 -5.92836 8
      vertex -11.2981 -5.92836 0
    endloop
  endfacet
  facet normal -0.737306 -0.675559 0
    outer loop
      vertex -11.2981 -5.92836 8
      vertex -11.1213 -6.12132 0
      vertex -11.1213 -6.12132 8
    endloop
  endfacet
  facet normal 0.675693 0.737183 -0
    outer loop
      vertex 11.1213 6.12132 0
      vertex 10.9284 6.29813 8
      vertex 11.1213 6.12132 8
    endloop
  endfacet
  facet normal 0.675693 0.737183 0
    outer loop
      vertex 10.9284 6.29813 8
      vertex 11.1213 6.12132 0
      vertex 10.9284 6.29813 0
    endloop
  endfacet
  facet normal 0.0435964 -0.999049 0
    outer loop
      vertex 9 -7 0
      vertex 9.26147 -6.98859 8
      vertex 9 -7 8
    endloop
  endfacet
  facet normal 0.0435964 -0.999049 0
    outer loop
      vertex 9.26147 -6.98859 8
      vertex 9 -7 0
      vertex 9.26147 -6.98859 0
    endloop
  endfacet
  facet normal 0.976332 0.216275 0
    outer loop
      vertex 11.9544 4.52095 8
      vertex 11.8978 4.77646 0
      vertex 11.8978 4.77646 8
    endloop
  endfacet
  facet normal 0.976332 0.216275 0
    outer loop
      vertex 11.8978 4.77646 0
      vertex 11.9544 4.52095 8
      vertex 11.9544 4.52095 0
    endloop
  endfacet
  facet normal 0 -1 0
    outer loop
      vertex -9 -7 8
      vertex -2.82843 -7 7.82843
      vertex -2.64119 -7 8
    endloop
  endfacet
  facet normal 0 -1 0
    outer loop
      vertex -9 -7 8
      vertex -3.06418 -7 7.57115
      vertex -2.82843 -7 7.82843
    endloop
  endfacet
  facet normal 0 -1 0
    outer loop
      vertex -9 -7 8
      vertex -3.27661 -7 7.2943
      vertex -3.06418 -7 7.57115
    endloop
  endfacet
  facet normal 0 -1 0
    outer loop
      vertex -9 -7 8
      vertex -3.4641 -7 7
      vertex -3.27661 -7 7.2943
    endloop
  endfacet
  facet normal 0 -1 0
    outer loop
      vertex -9 -7 8
      vertex -3.62523 -7 6.69047
      vertex -3.4641 -7 7
    endloop
  endfacet
  facet normal 0 -1 0
    outer loop
      vertex -9 -7 8
      vertex -3.75877 -7 6.36808
      vertex -3.62523 -7 6.69047
    endloop
  endfacet
  facet normal 0 -1 0
    outer loop
      vertex -9 -7 8
      vertex -3.8637 -7 6.03528
      vertex -3.75877 -7 6.36808
    endloop
  endfacet
  facet normal 0 -1 0
    outer loop
      vertex -9 -7 8
      vertex -3.93923 -7 5.69459
      vertex -3.8637 -7 6.03528
    endloop
  endfacet
  facet normal 0 -1 0
    outer loop
      vertex -9 -7 8
      vertex -3.98478 -7 5.34862
      vertex -3.93923 -7 5.69459
    endloop
  endfacet
  facet normal 0 -1 0
    outer loop
      vertex -9 -7 8
      vertex -4 -7 5
      vertex -3.98478 -7 5.34862
    endloop
  endfacet
  facet normal 0 -1 0
    outer loop
      vertex -9 -7 8
      vertex -3.98478 -7 4.65138
      vertex -4 -7 5
    endloop
  endfacet
  facet normal 0 -1 0
    outer loop
      vertex -9 -7 0
      vertex -3.98478 -7 4.65138
      vertex -9 -7 8
    endloop
  endfacet
  facet normal 0 -1 -0
    outer loop
      vertex -3.98478 -7 4.65138
      vertex -9 -7 0
      vertex -3.93923 -7 4.30541
    endloop
  endfacet
  facet normal 0 -1 -0
    outer loop
      vertex -3.93923 -7 4.30541
      vertex -9 -7 0
      vertex -3.8637 -7 3.96472
    endloop
  endfacet
  facet normal 0 -1 -0
    outer loop
      vertex -3.8637 -7 3.96472
      vertex -9 -7 0
      vertex -3.75877 -7 3.63192
    endloop
  endfacet
  facet normal 0 -1 -0
    outer loop
      vertex -3.75877 -7 3.63192
      vertex -9 -7 0
      vertex -3.62523 -7 3.30953
    endloop
  endfacet
  facet normal 0 -1 -0
    outer loop
      vertex -3.62523 -7 3.30953
      vertex -9 -7 0
      vertex -3.4641 -7 3
    endloop
  endfacet
  facet normal 0 -1 -0
    outer loop
      vertex -3.4641 -7 3
      vertex -9 -7 0
      vertex -3.27661 -7 2.70569
    endloop
  endfacet
  facet normal 0 -1 -0
    outer loop
      vertex -3.27661 -7 2.70569
      vertex -9 -7 0
      vertex -3.06418 -7 2.42885
    endloop
  endfacet
  facet normal 0 -1 -0
    outer loop
      vertex -0.348622 -7 1.01522
      vertex -9 -7 0
      vertex 0 -7 1
    endloop
  endfacet
  facet normal 0 -1 -0
    outer loop
      vertex -0.694592 -7 1.06077
      vertex -9 -7 0
      vertex -0.348622 -7 1.01522
    endloop
  endfacet
  facet normal 0 -1 -0
    outer loop
      vertex -1.03528 -7 1.1363
      vertex -9 -7 0
      vertex -0.694592 -7 1.06077
    endloop
  endfacet
  facet normal 0 -1 -0
    outer loop
      vertex -1.36808 -7 1.24123
      vertex -9 -7 0
      vertex -1.03528 -7 1.1363
    endloop
  endfacet
  facet normal 0 -1 -0
    outer loop
      vertex -1.69047 -7 1.37477
      vertex -9 -7 0
      vertex -1.36808 -7 1.24123
    endloop
  endfacet
  facet normal 0 -1 -0
    outer loop
      vertex -2 -7 1.5359
      vertex -9 -7 0
      vertex -1.69047 -7 1.37477
    endloop
  endfacet
  facet normal 0 -1 -0
    outer loop
      vertex -2.2943 -7 1.72339
      vertex -9 -7 0
      vertex -2 -7 1.5359
    endloop
  endfacet
  facet normal 0 -1 -0
    outer loop
      vertex -2.57115 -7 1.93582
      vertex -9 -7 0
      vertex -2.2943 -7 1.72339
    endloop
  endfacet
  facet normal 0 -1 -0
    outer loop
      vertex -2.82843 -7 2.17157
      vertex -9 -7 0
      vertex -2.57115 -7 1.93582
    endloop
  endfacet
  facet normal 0 -1 -0
    outer loop
      vertex -3.06418 -7 2.42885
      vertex -9 -7 0
      vertex -2.82843 -7 2.17157
    endloop
  endfacet
  facet normal 0 -1 0
    outer loop
      vertex 2.82843 -7 7.82843
      vertex 9 -7 8
      vertex 2.64119 -7 8
    endloop
  endfacet
  facet normal 0 -1 0
    outer loop
      vertex 3.06418 -7 7.57115
      vertex 9 -7 8
      vertex 2.82843 -7 7.82843
    endloop
  endfacet
  facet normal 0 -1 0
    outer loop
      vertex 3.27661 -7 7.2943
      vertex 9 -7 8
      vertex 3.06418 -7 7.57115
    endloop
  endfacet
  facet normal 0 -1 0
    outer loop
      vertex 3.4641 -7 7
      vertex 9 -7 8
      vertex 3.27661 -7 7.2943
    endloop
  endfacet
  facet normal 0 -1 0
    outer loop
      vertex 3.62523 -7 6.69047
      vertex 9 -7 8
      vertex 3.4641 -7 7
    endloop
  endfacet
  facet normal 0 -1 0
    outer loop
      vertex 3.75877 -7 6.36808
      vertex 9 -7 8
      vertex 3.62523 -7 6.69047
    endloop
  endfacet
  facet normal 0 -1 0
    outer loop
      vertex 3.8637 -7 6.03528
      vertex 9 -7 8
      vertex 3.75877 -7 6.36808
    endloop
  endfacet
  facet normal 0 -1 0
    outer loop
      vertex 3.93923 -7 5.69459
      vertex 9 -7 8
      vertex 3.8637 -7 6.03528
    endloop
  endfacet
  facet normal 0 -1 0
    outer loop
      vertex 3.98478 -7 5.34862
      vertex 9 -7 8
      vertex 3.93923 -7 5.69459
    endloop
  endfacet
  facet normal 0 -1 0
    outer loop
      vertex 4 -7 5
      vertex 9 -7 8
      vertex 3.98478 -7 5.34862
    endloop
  endfacet
  facet normal 0 -1 0
    outer loop
      vertex 3.98478 -7 4.65138
      vertex 9 -7 8
      vertex 4 -7 5
    endloop
  endfacet
  facet normal 0 -1 0
    outer loop
      vertex 9 -7 0
      vertex 3.98478 -7 4.65138
      vertex 3.93923 -7 4.30541
    endloop
  endfacet
  facet normal 0 -1 0
    outer loop
      vertex 9 -7 0
      vertex 3.93923 -7 4.30541
      vertex 3.8637 -7 3.96472
    endloop
  endfacet
  facet normal 0 -1 0
    outer loop
      vertex 9 -7 0
      vertex 3.8637 -7 3.96472
      vertex 3.75877 -7 3.63192
    endloop
  endfacet
  facet normal 0 -1 0
    outer loop
      vertex 9 -7 0
      vertex 3.75877 -7 3.63192
      vertex 3.62523 -7 3.30953
    endloop
  endfacet
  facet normal 0 -1 0
    outer loop
      vertex 9 -7 0
      vertex 3.62523 -7 3.30953
      vertex 3.4641 -7 3
    endloop
  endfacet
  facet normal 0 -1 0
    outer loop
      vertex 9 -7 0
      vertex 3.4641 -7 3
      vertex 3.27661 -7 2.70569
    endloop
  endfacet
  facet normal 0 -1 0
    outer loop
      vertex 9 -7 0
      vertex 3.27661 -7 2.70569
      vertex 3.06418 -7 2.42885
    endloop
  endfacet
  facet normal 0 -1 0
    outer loop
      vertex 9 -7 0
      vertex 3.06418 -7 2.42885
      vertex 2.82843 -7 2.17157
    endloop
  endfacet
  facet normal 0 -1 0
    outer loop
      vertex 9 -7 0
      vertex 0 -7 1
      vertex -9 -7 0
    endloop
  endfacet
  facet normal 0 -1 0
    outer loop
      vertex 3.98478 -7 4.65138
      vertex 9 -7 0
      vertex 9 -7 8
    endloop
  endfacet
  facet normal 0 -1 0
    outer loop
      vertex 2.57115 -7 1.93582
      vertex 9 -7 0
      vertex 2.82843 -7 2.17157
    endloop
  endfacet
  facet normal 0 -1 0
    outer loop
      vertex 2.2943 -7 1.72339
      vertex 9 -7 0
      vertex 2.57115 -7 1.93582
    endloop
  endfacet
  facet normal 0 -1 0
    outer loop
      vertex 2 -7 1.5359
      vertex 9 -7 0
      vertex 2.2943 -7 1.72339
    endloop
  endfacet
  facet normal 0 -1 0
    outer loop
      vertex 1.69047 -7 1.37477
      vertex 9 -7 0
      vertex 2 -7 1.5359
    endloop
  endfacet
  facet normal 0 -1 0
    outer loop
      vertex 1.36808 -7 1.24123
      vertex 9 -7 0
      vertex 1.69047 -7 1.37477
    endloop
  endfacet
  facet normal 0 -1 0
    outer loop
      vertex 1.03528 -7 1.1363
      vertex 9 -7 0
      vertex 1.36808 -7 1.24123
    endloop
  endfacet
  facet normal 0 -1 0
    outer loop
      vertex 0.694592 -7 1.06077
      vertex 9 -7 0
      vertex 1.03528 -7 1.1363
    endloop
  endfacet
  facet normal 0 -1 0
    outer loop
      vertex 0.348622 -7 1.01522
      vertex 9 -7 0
      vertex 0.694592 -7 1.06077
    endloop
  endfacet
  facet normal 0 -1 0
    outer loop
      vertex 0 -7 1
      vertex 9 -7 0
      vertex 0.348622 -7 1.01522
    endloop
  endfacet
  facet normal -0.976332 -0.216275 0
    outer loop
      vertex -11.8978 -4.77646 0
      vertex -11.9544 -4.52095 8
      vertex -11.9544 -4.52095 0
    endloop
  endfacet
  facet normal -0.976332 -0.216275 0
    outer loop
      vertex -11.9544 -4.52095 8
      vertex -11.8978 -4.77646 0
      vertex -11.8978 -4.77646 8
    endloop
  endfacet
  facet normal 0 1 0
    outer loop
      vertex 9 7 8
      vertex 2.82843 7 7.82843
      vertex 2.64119 7 8
    endloop
  endfacet
  facet normal 0 1 0
    outer loop
      vertex 9 7 8
      vertex 3.06418 7 7.57115
      vertex 2.82843 7 7.82843
    endloop
  endfacet
  facet normal 0 1 0
    outer loop
      vertex 9 7 8
      vertex 3.27661 7 7.2943
      vertex 3.06418 7 7.57115
    endloop
  endfacet
  facet normal 0 1 0
    outer loop
      vertex 9 7 8
      vertex 3.4641 7 7
      vertex 3.27661 7 7.2943
    endloop
  endfacet
  facet normal 0 1 0
    outer loop
      vertex 9 7 8
      vertex 3.62523 7 6.69047
      vertex 3.4641 7 7
    endloop
  endfacet
  facet normal 0 1 0
    outer loop
      vertex 9 7 8
      vertex 3.75877 7 6.36808
      vertex 3.62523 7 6.69047
    endloop
  endfacet
  facet normal 0 1 0
    outer loop
      vertex 9 7 8
      vertex 3.8637 7 6.03528
      vertex 3.75877 7 6.36808
    endloop
  endfacet
  facet normal 0 1 0
    outer loop
      vertex 9 7 8
      vertex 3.93923 7 5.69459
      vertex 3.8637 7 6.03528
    endloop
  endfacet
  facet normal 0 1 0
    outer loop
      vertex 9 7 8
      vertex 3.98478 7 5.34862
      vertex 3.93923 7 5.69459
    endloop
  endfacet
  facet normal 0 1 0
    outer loop
      vertex 9 7 8
      vertex 4 7 5
      vertex 3.98478 7 5.34862
    endloop
  endfacet
  facet normal 0 1 0
    outer loop
      vertex 9 7 8
      vertex 3.98478 7 4.65138
      vertex 4 7 5
    endloop
  endfacet
  facet normal 0 1 -0
    outer loop
      vertex 9 7 0
      vertex 3.98478 7 4.65138
      vertex 9 7 8
    endloop
  endfacet
  facet normal 0 1 0
    outer loop
      vertex 3.98478 7 4.65138
      vertex 9 7 0
      vertex 3.93923 7 4.30541
    endloop
  endfacet
  facet normal 0 1 0
    outer loop
      vertex 3.93923 7 4.30541
      vertex 9 7 0
      vertex 3.8637 7 3.96472
    endloop
  endfacet
  facet normal 0 1 0
    outer loop
      vertex 3.8637 7 3.96472
      vertex 9 7 0
      vertex 3.75877 7 3.63192
    endloop
  endfacet
  facet normal 0 1 0
    outer loop
      vertex 3.75877 7 3.63192
      vertex 9 7 0
      vertex 3.62523 7 3.30953
    endloop
  endfacet
  facet normal 0 1 0
    outer loop
      vertex 3.62523 7 3.30953
      vertex 9 7 0
      vertex 3.4641 7 3
    endloop
  endfacet
  facet normal 0 1 0
    outer loop
      vertex 3.4641 7 3
      vertex 9 7 0
      vertex 3.27661 7 2.70569
    endloop
  endfacet
  facet normal 0 1 0
    outer loop
      vertex 3.27661 7 2.70569
      vertex 9 7 0
      vertex 3.06418 7 2.42885
    endloop
  endfacet
  facet normal 0 1 0
    outer loop
      vertex 0.348622 7 1.01522
      vertex 9 7 0
      vertex 0 7 1
    endloop
  endfacet
  facet normal 0 1 0
    outer loop
      vertex 0.694592 7 1.06077
      vertex 9 7 0
      vertex 0.348622 7 1.01522
    endloop
  endfacet
  facet normal 0 1 0
    outer loop
      vertex 1.03528 7 1.1363
      vertex 9 7 0
      vertex 0.694592 7 1.06077
    endloop
  endfacet
  facet normal 0 1 0
    outer loop
      vertex 1.36808 7 1.24123
      vertex 9 7 0
      vertex 1.03528 7 1.1363
    endloop
  endfacet
  facet normal 0 1 0
    outer loop
      vertex 1.69047 7 1.37477
      vertex 9 7 0
      vertex 1.36808 7 1.24123
    endloop
  endfacet
  facet normal 0 1 0
    outer loop
      vertex 2 7 1.5359
      vertex 9 7 0
      vertex 1.69047 7 1.37477
    endloop
  endfacet
  facet normal 0 1 0
    outer loop
      vertex 2.2943 7 1.72339
      vertex 9 7 0
      vertex 2 7 1.5359
    endloop
  endfacet
  facet normal 0 1 0
    outer loop
      vertex 2.57115 7 1.93582
      vertex 9 7 0
      vertex 2.2943 7 1.72339
    endloop
  endfacet
  facet normal 0 1 0
    outer loop
      vertex 2.82843 7 2.17157
      vertex 9 7 0
      vertex 2.57115 7 1.93582
    endloop
  endfacet
  facet normal 0 1 0
    outer loop
      vertex 3.06418 7 2.42885
      vertex 9 7 0
      vertex 2.82843 7 2.17157
    endloop
  endfacet
  facet normal 0 1 -0
    outer loop
      vertex -2.82843 7 7.82843
      vertex -9 7 8
      vertex -2.64119 7 8
    endloop
  endfacet
  facet normal 0 1 -0
    outer loop
      vertex -3.06418 7 7.57115
      vertex -9 7 8
      vertex -2.82843 7 7.82843
    endloop
  endfacet
  facet normal 0 1 -0
    outer loop
      vertex -3.27661 7 7.2943
      vertex -9 7 8
      vertex -3.06418 7 7.57115
    endloop
  endfacet
  facet normal 0 1 -0
    outer loop
      vertex -3.4641 7 7
      vertex -9 7 8
      vertex -3.27661 7 7.2943
    endloop
  endfacet
  facet normal 0 1 -0
    outer loop
      vertex -3.62523 7 6.69047
      vertex -9 7 8
      vertex -3.4641 7 7
    endloop
  endfacet
  facet normal 0 1 -0
    outer loop
      vertex -3.75877 7 6.36808
      vertex -9 7 8
      vertex -3.62523 7 6.69047
    endloop
  endfacet
  facet normal 0 1 -0
    outer loop
      vertex -3.8637 7 6.03528
      vertex -9 7 8
      vertex -3.75877 7 6.36808
    endloop
  endfacet
  facet normal 0 1 -0
    outer loop
      vertex -3.93923 7 5.69459
      vertex -9 7 8
      vertex -3.8637 7 6.03528
    endloop
  endfacet
  facet normal 0 1 -0
    outer loop
      vertex -3.98478 7 5.34862
      vertex -9 7 8
      vertex -3.93923 7 5.69459
    endloop
  endfacet
  facet normal 0 1 -0
    outer loop
      vertex -4 7 5
      vertex -9 7 8
      vertex -3.98478 7 5.34862
    endloop
  endfacet
  facet normal 0 1 0
    outer loop
      vertex -3.98478 7 4.65138
      vertex -9 7 8
      vertex -4 7 5
    endloop
  endfacet
  facet normal 0 1 0
    outer loop
      vertex -9 7 0
      vertex -3.98478 7 4.65138
      vertex -3.93923 7 4.30541
    endloop
  endfacet
  facet normal 0 1 0
    outer loop
      vertex -9 7 0
      vertex -3.93923 7 4.30541
      vertex -3.8637 7 3.96472
    endloop
  endfacet
  facet normal 0 1 0
    outer loop
      vertex -9 7 0
      vertex -3.8637 7 3.96472
      vertex -3.75877 7 3.63192
    endloop
  endfacet
  facet normal 0 1 0
    outer loop
      vertex -9 7 0
      vertex -3.75877 7 3.63192
      vertex -3.62523 7 3.30953
    endloop
  endfacet
  facet normal 0 1 0
    outer loop
      vertex -9 7 0
      vertex -3.62523 7 3.30953
      vertex -3.4641 7 3
    endloop
  endfacet
  facet normal 0 1 0
    outer loop
      vertex -9 7 0
      vertex -3.4641 7 3
      vertex -3.27661 7 2.70569
    endloop
  endfacet
  facet normal 0 1 0
    outer loop
      vertex -9 7 0
      vertex -3.27661 7 2.70569
      vertex -3.06418 7 2.42885
    endloop
  endfacet
  facet normal 0 1 0
    outer loop
      vertex -9 7 0
      vertex -3.06418 7 2.42885
      vertex -2.82843 7 2.17157
    endloop
  endfacet
  facet normal 0 1 0
    outer loop
      vertex -9 7 0
      vertex 0 7 1
      vertex 9 7 0
    endloop
  endfacet
  facet normal 0 1 0
    outer loop
      vertex -3.98478 7 4.65138
      vertex -9 7 0
      vertex -9 7 8
    endloop
  endfacet
  facet normal 0 1 0
    outer loop
      vertex -2.57115 7 1.93582
      vertex -9 7 0
      vertex -2.82843 7 2.17157
    endloop
  endfacet
  facet normal 0 1 0
    outer loop
      vertex -2.2943 7 1.72339
      vertex -9 7 0
      vertex -2.57115 7 1.93582
    endloop
  endfacet
  facet normal 0 1 0
    outer loop
      vertex -2 7 1.5359
      vertex -9 7 0
      vertex -2.2943 7 1.72339
    endloop
  endfacet
  facet normal 0 1 0
    outer loop
      vertex -1.69047 7 1.37477
      vertex -9 7 0
      vertex -2 7 1.5359
    endloop
  endfacet
  facet normal 0 1 0
    outer loop
      vertex -1.36808 7 1.24123
      vertex -9 7 0
      vertex -1.69047 7 1.37477
    endloop
  endfacet
  facet normal 0 1 0
    outer loop
      vertex -1.03528 7 1.1363
      vertex -9 7 0
      vertex -1.36808 7 1.24123
    endloop
  endfacet
  facet normal 0 1 0
    outer loop
      vertex -0.694592 7 1.06077
      vertex -9 7 0
      vertex -1.03528 7 1.1363
    endloop
  endfacet
  facet normal 0 1 0
    outer loop
      vertex -0.348622 7 1.01522
      vertex -9 7 0
      vertex -0.694592 7 1.06077
    endloop
  endfacet
  facet normal 0 1 0
    outer loop
      vertex 0 7 1
      vertex -9 7 0
      vertex -0.348622 7 1.01522
    endloop
  endfacet
  facet normal -0.999051 -0.0435583 0
    outer loop
      vertex -11.9886 -4.26147 0
      vertex -12 -4 8
      vertex -12 -4 0
    endloop
  endfacet
  facet normal -0.999051 -0.0435583 0
    outer loop
      vertex -12 -4 8
      vertex -11.9886 -4.26147 0
      vertex -11.9886 -4.26147 8
    endloop
  endfacet
  facet normal -0.999051 0.0435583 0
    outer loop
      vertex -12 4 0
      vertex -11.9886 4.26147 8
      vertex -11.9886 4.26147 0
    endloop
  endfacet
  facet normal -0.999051 0.0435583 0
    outer loop
      vertex -11.9886 4.26147 8
      vertex -12 4 0
      vertex -12 4 8
    endloop
  endfacet
  facet normal 0.300667 0.953729 -0
    outer loop
      vertex 10.0261 6.81908 0
      vertex 9.77646 6.89778 8
      vertex 10.0261 6.81908 8
    endloop
  endfacet
  facet normal 0.300667 0.953729 0
    outer loop
      vertex 9.77646 6.89778 8
      vertex 10.0261 6.81908 0
      vertex 9.77646 6.89778 0
    endloop
  endfacet
  facet normal 0.53735 -0.843359 0
    outer loop
      vertex 10.5 -6.59808 0
      vertex 10.7207 -6.45746 8
      vertex 10.5 -6.59808 8
    endloop
  endfacet
  facet normal 0.53735 -0.843359 0
    outer loop
      vertex 10.7207 -6.45746 8
      vertex 10.5 -6.59808 0
      vertex 10.7207 -6.45746 0
    endloop
  endfacet
  facet normal 0.461798 -0.886985 0
    outer loop
      vertex 10.2679 -6.71892 0
      vertex 10.5 -6.59808 8
      vertex 10.2679 -6.71892 8
    endloop
  endfacet
  facet normal 0.461798 -0.886985 0
    outer loop
      vertex 10.5 -6.59808 8
      vertex 10.2679 -6.71892 0
      vertex 10.5 -6.59808 0
    endloop
  endfacet
  facet normal 0.737306 -0.675559 0
    outer loop
      vertex 11.1213 -6.12132 8
      vertex 11.2981 -5.92836 0
      vertex 11.2981 -5.92836 8
    endloop
  endfacet
  facet normal 0.737306 -0.675559 0
    outer loop
      vertex 11.2981 -5.92836 0
      vertex 11.1213 -6.12132 8
      vertex 11.1213 -6.12132 0
    endloop
  endfacet
  facet normal 0.130559 -0.991441 0
    outer loop
      vertex 9.26147 -6.98859 0
      vertex 9.52095 -6.95442 8
      vertex 9.26147 -6.98859 8
    endloop
  endfacet
  facet normal 0.130559 -0.991441 0
    outer loop
      vertex 9.52095 -6.95442 8
      vertex 9.26147 -6.98859 0
      vertex 9.52095 -6.95442 0
    endloop
  endfacet
  facet normal -0.53735 -0.843359 0
    outer loop
      vertex -10.7207 -6.45746 0
      vertex -10.5 -6.59808 8
      vertex -10.7207 -6.45746 8
    endloop
  endfacet
  facet normal -0.53735 -0.843359 -0
    outer loop
      vertex -10.5 -6.59808 8
      vertex -10.7207 -6.45746 0
      vertex -10.5 -6.59808 0
    endloop
  endfacet
  facet normal 0.923816 0.382838 0
    outer loop
      vertex 11.8191 5.02606 8
      vertex 11.7189 5.26785 0
      vertex 11.7189 5.26785 8
    endloop
  endfacet
  facet normal 0.923816 0.382838 0
    outer loop
      vertex 11.7189 5.26785 0
      vertex 11.8191 5.02606 8
      vertex 11.8191 5.02606 0
    endloop
  endfacet
  facet normal -0.608656 -0.793434 0
    outer loop
      vertex -10.9284 -6.29813 0
      vertex -10.7207 -6.45746 8
      vertex -10.9284 -6.29813 8
    endloop
  endfacet
  facet normal -0.608656 -0.793434 -0
    outer loop
      vertex -10.7207 -6.45746 8
      vertex -10.9284 -6.29813 0
      vertex -10.7207 -6.45746 0
    endloop
  endfacet
  facet normal -0.216421 -0.9763 0
    outer loop
      vertex -9.77646 -6.89778 0
      vertex -9.52095 -6.95442 8
      vertex -9.77646 -6.89778 8
    endloop
  endfacet
  facet normal -0.216421 -0.9763 -0
    outer loop
      vertex -9.52095 -6.95442 8
      vertex -9.77646 -6.89778 0
      vertex -9.52095 -6.95442 0
    endloop
  endfacet
  facet normal 0.382694 -0.923875 0
    outer loop
      vertex 10.0261 -6.81908 0
      vertex 10.2679 -6.71892 8
      vertex 10.0261 -6.81908 8
    endloop
  endfacet
  facet normal 0.382694 -0.923875 0
    outer loop
      vertex 10.2679 -6.71892 8
      vertex 10.0261 -6.81908 0
      vertex 10.2679 -6.71892 0
    endloop
  endfacet
  facet normal -0.382694 -0.923875 0
    outer loop
      vertex -10.2679 -6.71892 0
      vertex -10.0261 -6.81908 8
      vertex -10.2679 -6.71892 8
    endloop
  endfacet
  facet normal -0.382694 -0.923875 -0
    outer loop
      vertex -10.0261 -6.81908 8
      vertex -10.2679 -6.71892 0
      vertex -10.0261 -6.81908 0
    endloop
  endfacet
  facet normal -0.675693 0.737183 0
    outer loop
      vertex -10.9284 6.29813 0
      vertex -11.1213 6.12132 8
      vertex -10.9284 6.29813 8
    endloop
  endfacet
  facet normal -0.675693 0.737183 0
    outer loop
      vertex -11.1213 6.12132 8
      vertex -10.9284 6.29813 0
      vertex -11.1213 6.12132 0
    endloop
  endfacet
  facet normal 0.461798 0.886985 -0
    outer loop
      vertex 10.5 6.59808 0
      vertex 10.2679 6.71892 8
      vertex 10.5 6.59808 8
    endloop
  endfacet
  facet normal 0.461798 0.886985 0
    outer loop
      vertex 10.2679 6.71892 8
      vertex 10.5 6.59808 0
      vertex 10.2679 6.71892 0
    endloop
  endfacet
  facet normal 0.675693 -0.737183 0
    outer loop
      vertex 10.9284 -6.29813 0
      vertex 11.1213 -6.12132 8
      vertex 10.9284 -6.29813 8
    endloop
  endfacet
  facet normal 0.675693 -0.737183 0
    outer loop
      vertex 11.1213 -6.12132 8
      vertex 10.9284 -6.29813 0
      vertex 11.1213 -6.12132 0
    endloop
  endfacet
  facet normal -0.0435964 -0.999049 0
    outer loop
      vertex -9.26147 -6.98859 0
      vertex -9 -7 8
      vertex -9.26147 -6.98859 8
    endloop
  endfacet
  facet normal -0.0435964 -0.999049 -0
    outer loop
      vertex -9 -7 8
      vertex -9.26147 -6.98859 0
      vertex -9 -7 0
    endloop
  endfacet
  facet normal -0.887089 0.461599 0
    outer loop
      vertex -11.7189 5.26785 0
      vertex -11.5981 5.5 8
      vertex -11.5981 5.5 0
    endloop
  endfacet
  facet normal -0.887089 0.461599 0
    outer loop
      vertex -11.5981 5.5 8
      vertex -11.7189 5.26785 0
      vertex -11.7189 5.26785 8
    endloop
  endfacet
  facet normal 0.53735 0.843359 -0
    outer loop
      vertex 10.7207 6.45746 0
      vertex 10.5 6.59808 8
      vertex 10.7207 6.45746 8
    endloop
  endfacet
  facet normal 0.53735 0.843359 0
    outer loop
      vertex 10.5 6.59808 8
      vertex 10.7207 6.45746 0
      vertex 10.5 6.59808 0
    endloop
  endfacet
  facet normal 0.608656 -0.793434 0
    outer loop
      vertex 10.7207 -6.45746 0
      vertex 10.9284 -6.29813 8
      vertex 10.7207 -6.45746 8
    endloop
  endfacet
  facet normal 0.608656 -0.793434 0
    outer loop
      vertex 10.9284 -6.29813 8
      vertex 10.7207 -6.45746 0
      vertex 10.9284 -6.29813 0
    endloop
  endfacet
  facet normal -0.130559 -0.991441 0
    outer loop
      vertex -9.52095 -6.95442 0
      vertex -9.26147 -6.98859 8
      vertex -9.52095 -6.95442 8
    endloop
  endfacet
  facet normal -0.130559 -0.991441 -0
    outer loop
      vertex -9.26147 -6.98859 8
      vertex -9.52095 -6.95442 0
      vertex -9.26147 -6.98859 0
    endloop
  endfacet
  facet normal -0.216421 0.9763 0
    outer loop
      vertex -9.52095 6.95442 0
      vertex -9.77646 6.89778 8
      vertex -9.52095 6.95442 8
    endloop
  endfacet
  facet normal -0.216421 0.9763 0
    outer loop
      vertex -9.77646 6.89778 8
      vertex -9.52095 6.95442 0
      vertex -9.77646 6.89778 0
    endloop
  endfacet
  facet normal -0.461798 0.886985 0
    outer loop
      vertex -10.2679 6.71892 0
      vertex -10.5 6.59808 8
      vertex -10.2679 6.71892 8
    endloop
  endfacet
  facet normal -0.461798 0.886985 0
    outer loop
      vertex -10.5 6.59808 8
      vertex -10.2679 6.71892 0
      vertex -10.5 6.59808 0
    endloop
  endfacet
  facet normal -0.887089 -0.461599 0
    outer loop
      vertex -11.5981 -5.5 0
      vertex -11.7189 -5.26785 8
      vertex -11.7189 -5.26785 0
    endloop
  endfacet
  facet normal -0.887089 -0.461599 0
    outer loop
      vertex -11.7189 -5.26785 8
      vertex -11.5981 -5.5 0
      vertex -11.5981 -5.5 8
    endloop
  endfacet
  facet normal -0.793206 -0.608954 0
    outer loop
      vertex -11.2981 -5.92836 0
      vertex -11.4575 -5.72073 8
      vertex -11.4575 -5.72073 0
    endloop
  endfacet
  facet normal -0.793206 -0.608954 0
    outer loop
      vertex -11.4575 -5.72073 8
      vertex -11.2981 -5.92836 0
      vertex -11.2981 -5.92836 8
    endloop
  endfacet
  facet normal 0.608656 0.793434 -0
    outer loop
      vertex 10.9284 6.29813 0
      vertex 10.7207 6.45746 8
      vertex 10.9284 6.29813 8
    endloop
  endfacet
  facet normal 0.608656 0.793434 0
    outer loop
      vertex 10.7207 6.45746 8
      vertex 10.9284 6.29813 0
      vertex 10.7207 6.45746 0
    endloop
  endfacet
  facet normal -0.300667 -0.953729 0
    outer loop
      vertex -10.0261 -6.81908 0
      vertex -9.77646 -6.89778 8
      vertex -10.0261 -6.81908 8
    endloop
  endfacet
  facet normal -0.300667 -0.953729 -0
    outer loop
      vertex -9.77646 -6.89778 8
      vertex -10.0261 -6.81908 0
      vertex -9.77646 -6.89778 0
    endloop
  endfacet
  facet normal -0.991426 -0.130672 0
    outer loop
      vertex -11.9544 -4.52095 0
      vertex -11.9886 -4.26147 8
      vertex -11.9886 -4.26147 0
    endloop
  endfacet
  facet normal -0.991426 -0.130672 0
    outer loop
      vertex -11.9886 -4.26147 8
      vertex -11.9544 -4.52095 0
      vertex -11.9544 -4.52095 8
    endloop
  endfacet
  facet normal 0.843427 0.537244 0
    outer loop
      vertex 11.5981 5.5 8
      vertex 11.4575 5.72073 0
      vertex 11.4575 5.72073 8
    endloop
  endfacet
  facet normal 0.843427 0.537244 0
    outer loop
      vertex 11.4575 5.72073 0
      vertex 11.5981 5.5 8
      vertex 11.5981 5.5 0
    endloop
  endfacet
  facet normal 0.923816 -0.382838 0
    outer loop
      vertex 11.7189 -5.26785 8
      vertex 11.8191 -5.02606 0
      vertex 11.8191 -5.02606 8
    endloop
  endfacet
  facet normal 0.923816 -0.382838 0
    outer loop
      vertex 11.8191 -5.02606 0
      vertex 11.7189 -5.26785 8
      vertex 11.7189 -5.26785 0
    endloop
  endfacet
  facet normal -0.0435964 0.999049 0
    outer loop
      vertex -9 7 0
      vertex -9.26147 6.98859 8
      vertex -9 7 8
    endloop
  endfacet
  facet normal -0.0435964 0.999049 0
    outer loop
      vertex -9.26147 6.98859 8
      vertex -9 7 0
      vertex -9.26147 6.98859 0
    endloop
  endfacet
  facet normal -0.53735 0.843359 0
    outer loop
      vertex -10.5 6.59808 0
      vertex -10.7207 6.45746 8
      vertex -10.5 6.59808 8
    endloop
  endfacet
  facet normal -0.53735 0.843359 0
    outer loop
      vertex -10.7207 6.45746 8
      vertex -10.5 6.59808 0
      vertex -10.7207 6.45746 0
    endloop
  endfacet
  facet normal -0.300667 0.953729 0
    outer loop
      vertex -9.77646 6.89778 0
      vertex -10.0261 6.81908 8
      vertex -9.77646 6.89778 8
    endloop
  endfacet
  facet normal -0.300667 0.953729 0
    outer loop
      vertex -10.0261 6.81908 8
      vertex -9.77646 6.89778 0
      vertex -10.0261 6.81908 0
    endloop
  endfacet
  facet normal -0.608656 0.793434 0
    outer loop
      vertex -10.7207 6.45746 0
      vertex -10.9284 6.29813 8
      vertex -10.7207 6.45746 8
    endloop
  endfacet
  facet normal -0.608656 0.793434 0
    outer loop
      vertex -10.9284 6.29813 8
      vertex -10.7207 6.45746 0
      vertex -10.9284 6.29813 0
    endloop
  endfacet
  facet normal -1 0 0
    outer loop
      vertex -12 -4 0
      vertex -12 4 8
      vertex -12 4 0
    endloop
  endfacet
  facet normal -1 -0 0
    outer loop
      vertex -12 4 8
      vertex -12 -4 0
      vertex -12 -4 8
    endloop
  endfacet
  facet normal -0.991426 0.130672 0
    outer loop
      vertex -11.9886 4.26147 0
      vertex -11.9544 4.52095 8
      vertex -11.9544 4.52095 0
    endloop
  endfacet
  facet normal -0.991426 0.130672 0
    outer loop
      vertex -11.9544 4.52095 8
      vertex -11.9886 4.26147 0
      vertex -11.9886 4.26147 8
    endloop
  endfacet
  facet normal -0.976332 0.216275 0
    outer loop
      vertex -11.9544 4.52095 0
      vertex -11.8978 4.77646 8
      vertex -11.8978 4.77646 0
    endloop
  endfacet
  facet normal -0.976332 0.216275 0
    outer loop
      vertex -11.8978 4.77646 8
      vertex -11.9544 4.52095 0
      vertex -11.9544 4.52095 8
    endloop
  endfacet
  facet normal -0.923816 -0.382838 0
    outer loop
      vertex -11.7189 -5.26785 0
      vertex -11.8191 -5.02606 8
      vertex -11.8191 -5.02606 0
    endloop
  endfacet
  facet normal -0.923816 -0.382838 0
    outer loop
      vertex -11.8191 -5.02606 8
      vertex -11.7189 -5.26785 0
      vertex -11.7189 -5.26785 8
    endloop
  endfacet
  facet normal -0.923816 0.382838 0
    outer loop
      vertex -11.8191 5.02606 0
      vertex -11.7189 5.26785 8
      vertex -11.7189 5.26785 0
    endloop
  endfacet
  facet normal -0.923816 0.382838 0
    outer loop
      vertex -11.7189 5.26785 8
      vertex -11.8191 5.02606 0
      vertex -11.8191 5.02606 8
    endloop
  endfacet
  facet normal -0.461798 -0.886985 0
    outer loop
      vertex -10.5 -6.59808 0
      vertex -10.2679 -6.71892 8
      vertex -10.5 -6.59808 8
    endloop
  endfacet
  facet normal -0.461798 -0.886985 -0
    outer loop
      vertex -10.2679 -6.71892 8
      vertex -10.5 -6.59808 0
      vertex -10.2679 -6.71892 0
    endloop
  endfacet
  facet normal -0.675693 -0.737183 0
    outer loop
      vertex -11.1213 -6.12132 0
      vertex -10.9284 -6.29813 8
      vertex -11.1213 -6.12132 8
    endloop
  endfacet
  facet normal -0.675693 -0.737183 -0
    outer loop
      vertex -10.9284 -6.29813 8
      vertex -11.1213 -6.12132 0
      vertex -10.9284 -6.29813 0
    endloop
  endfacet
  facet normal 0.0435964 0.999049 -0
    outer loop
      vertex 9.26147 6.98859 0
      vertex 9 7 8
      vertex 9.26147 6.98859 8
    endloop
  endfacet
  facet normal 0.0435964 0.999049 0
    outer loop
      vertex 9 7 8
      vertex 9.26147 6.98859 0
      vertex 9 7 0
    endloop
  endfacet
  facet normal 0.737306 0.675559 0
    outer loop
      vertex 11.2981 5.92836 8
      vertex 11.1213 6.12132 0
      vertex 11.1213 6.12132 8
    endloop
  endfacet
  facet normal 0.737306 0.675559 0
    outer loop
      vertex 11.1213 6.12132 0
      vertex 11.2981 5.92836 8
      vertex 11.2981 5.92836 0
    endloop
  endfacet
  facet normal 0.382694 0.923875 -0
    outer loop
      vertex 10.2679 6.71892 0
      vertex 10.0261 6.81908 8
      vertex 10.2679 6.71892 8
    endloop
  endfacet
  facet normal 0.382694 0.923875 0
    outer loop
      vertex 10.0261 6.81908 8
      vertex 10.2679 6.71892 0
      vertex 10.0261 6.81908 0
    endloop
  endfacet
  facet normal -0.953715 0.300711 0
    outer loop
      vertex -11.8978 4.77646 0
      vertex -11.8191 5.02606 8
      vertex -11.8191 5.02606 0
    endloop
  endfacet
  facet normal -0.953715 0.300711 0
    outer loop
      vertex -11.8191 5.02606 8
      vertex -11.8978 4.77646 0
      vertex -11.8978 4.77646 8
    endloop
  endfacet
  facet normal -0.793206 0.608954 0
    outer loop
      vertex -11.4575 5.72073 0
      vertex -11.2981 5.92836 8
      vertex -11.2981 5.92836 0
    endloop
  endfacet
  facet normal -0.793206 0.608954 0
    outer loop
      vertex -11.2981 5.92836 8
      vertex -11.4575 5.72073 0
      vertex -11.4575 5.72073 8
    endloop
  endfacet
  facet normal 0.216421 0.9763 -0
    outer loop
      vertex 9.77646 6.89778 0
      vertex 9.52095 6.95442 8
      vertex 9.77646 6.89778 8
    endloop
  endfacet
  facet normal 0.216421 0.9763 0
    outer loop
      vertex 9.52095 6.95442 8
      vertex 9.77646 6.89778 0
      vertex 9.52095 6.95442 0
    endloop
  endfacet
  facet normal 0.793206 0.608954 0
    outer loop
      vertex 11.4575 5.72073 8
      vertex 11.2981 5.92836 0
      vertex 11.2981 5.92836 8
    endloop
  endfacet
  facet normal 0.793206 0.608954 0
    outer loop
      vertex 11.2981 5.92836 0
      vertex 11.4575 5.72073 8
      vertex 11.4575 5.72073 0
    endloop
  endfacet
  facet normal -0.843427 -0.537244 0
    outer loop
      vertex -11.4575 -5.72073 0
      vertex -11.5981 -5.5 8
      vertex -11.5981 -5.5 0
    endloop
  endfacet
  facet normal -0.843427 -0.537244 0
    outer loop
      vertex -11.5981 -5.5 8
      vertex -11.4575 -5.72073 0
      vertex -11.4575 -5.72073 8
    endloop
  endfacet
  facet normal -0.130559 0.991441 0
    outer loop
      vertex -9.26147 6.98859 0
      vertex -9.52095 6.95442 8
      vertex -9.26147 6.98859 8
    endloop
  endfacet
  facet normal -0.130559 0.991441 0
    outer loop
      vertex -9.52095 6.95442 8
      vertex -9.26147 6.98859 0
      vertex -9.52095 6.95442 0
    endloop
  endfacet
  facet normal 0.953715 -0.300711 0
    outer loop
      vertex 11.8191 -5.02606 8
      vertex 11.8978 -4.77646 0
      vertex 11.8978 -4.77646 8
    endloop
  endfacet
  facet normal 0.953715 -0.300711 0
    outer loop
      vertex 11.8978 -4.77646 0
      vertex 11.8191 -5.02606 8
      vertex 11.8191 -5.02606 0
    endloop
  endfacet
  facet normal 0.300667 -0.953729 0
    outer loop
      vertex 9.77646 -6.89778 0
      vertex 10.0261 -6.81908 8
      vertex 9.77646 -6.89778 8
    endloop
  endfacet
  facet normal 0.300667 -0.953729 0
    outer loop
      vertex 10.0261 -6.81908 8
      vertex 9.77646 -6.89778 0
      vertex 10.0261 -6.81908 0
    endloop
  endfacet
  facet normal 0.887089 0.461599 0
    outer loop
      vertex 11.7189 5.26785 8
      vertex 11.5981 5.5 0
      vertex 11.5981 5.5 8
    endloop
  endfacet
  facet normal 0.887089 0.461599 0
    outer loop
      vertex 11.5981 5.5 0
      vertex 11.7189 5.26785 8
      vertex 11.7189 5.26785 0
    endloop
  endfacet
  facet normal 0.216421 -0.9763 0
    outer loop
      vertex 9.52095 -6.95442 0
      vertex 9.77646 -6.89778 8
      vertex 9.52095 -6.95442 8
    endloop
  endfacet
  facet normal 0.216421 -0.9763 0
    outer loop
      vertex 9.77646 -6.89778 8
      vertex 9.52095 -6.95442 0
      vertex 9.77646 -6.89778 0
    endloop
  endfacet
  facet normal -0.737306 0.675559 0
    outer loop
      vertex -11.2981 5.92836 0
      vertex -11.1213 6.12132 8
      vertex -11.1213 6.12132 0
    endloop
  endfacet
  facet normal -0.737306 0.675559 0
    outer loop
      vertex -11.1213 6.12132 8
      vertex -11.2981 5.92836 0
      vertex -11.2981 5.92836 8
    endloop
  endfacet
  facet normal 0.130559 0.991441 -0
    outer loop
      vertex 9.52095 6.95442 0
      vertex 9.26147 6.98859 8
      vertex 9.52095 6.95442 8
    endloop
  endfacet
  facet normal 0.130559 0.991441 0
    outer loop
      vertex 9.26147 6.98859 8
      vertex 9.52095 6.95442 0
      vertex 9.26147 6.98859 0
    endloop
  endfacet
  facet normal -0.382694 0.923875 0
    outer loop
      vertex -10.0261 6.81908 0
      vertex -10.2679 6.71892 8
      vertex -10.0261 6.81908 8
    endloop
  endfacet
  facet normal -0.382694 0.923875 0
    outer loop
      vertex -10.2679 6.71892 8
      vertex -10.0261 6.81908 0
      vertex -10.2679 6.71892 0
    endloop
  endfacet
  facet normal -0.953715 -0.300711 0
    outer loop
      vertex -11.8191 -5.02606 0
      vertex -11.8978 -4.77646 8
      vertex -11.8978 -4.77646 0
    endloop
  endfacet
  facet normal -0.953715 -0.300711 0
    outer loop
      vertex -11.8978 -4.77646 8
      vertex -11.8191 -5.02606 0
      vertex -11.8191 -5.02606 8
    endloop
  endfacet
  facet normal 0.887089 -0.461599 0
    outer loop
      vertex 11.5981 -5.5 8
      vertex 11.7189 -5.26785 0
      vertex 11.7189 -5.26785 8
    endloop
  endfacet
  facet normal 0.887089 -0.461599 0
    outer loop
      vertex 11.7189 -5.26785 0
      vertex 11.5981 -5.5 8
      vertex 11.5981 -5.5 0
    endloop
  endfacet
  facet normal 0.976332 -0.216275 0
    outer loop
      vertex 11.8978 -4.77646 8
      vertex 11.9544 -4.52095 0
      vertex 11.9544 -4.52095 8
    endloop
  endfacet
  facet normal 0.976332 -0.216275 0
    outer loop
      vertex 11.9544 -4.52095 0
      vertex 11.8978 -4.77646 8
      vertex 11.8978 -4.77646 0
    endloop
  endfacet
  facet normal 0.991426 -0.130672 0
    outer loop
      vertex 11.9544 -4.52095 8
      vertex 11.9886 -4.26147 0
      vertex 11.9886 -4.26147 8
    endloop
  endfacet
  facet normal 0.991426 -0.130672 0
    outer loop
      vertex 11.9886 -4.26147 0
      vertex 11.9544 -4.52095 8
      vertex 11.9544 -4.52095 0
    endloop
  endfacet
  facet normal 0.999051 -0.0435583 0
    outer loop
      vertex 11.9886 -4.26147 8
      vertex 12 -4 0
      vertex 12 -4 8
    endloop
  endfacet
  facet normal 0.999051 -0.0435583 0
    outer loop
      vertex 12 -4 0
      vertex 11.9886 -4.26147 8
      vertex 11.9886 -4.26147 0
    endloop
  endfacet
  facet normal -0.843427 0.537244 0
    outer loop
      vertex -11.5981 5.5 0
      vertex -11.4575 5.72073 8
      vertex -11.4575 5.72073 0
    endloop
  endfacet
  facet normal -0.843427 0.537244 0
    outer loop
      vertex -11.4575 5.72073 8
      vertex -11.5981 5.5 0
      vertex -11.5981 5.5 8
    endloop
  endfacet
  facet normal 0.793206 -0.608954 0
    outer loop
      vertex 11.2981 -5.92836 8
      vertex 11.4575 -5.72073 0
      vertex 11.4575 -5.72073 8
    endloop
  endfacet
  facet normal 0.793206 -0.608954 0
    outer loop
      vertex 11.4575 -5.72073 0
      vertex 11.2981 -5.92836 8
      vertex 11.2981 -5.92836 0
    endloop
  endfacet
  facet normal 0.991426 0.130672 0
    outer loop
      vertex 11.9886 4.26147 8
      vertex 11.9544 4.52095 0
      vertex 11.9544 4.52095 8
    endloop
  endfacet
  facet normal 0.991426 0.130672 0
    outer loop
      vertex 11.9544 4.52095 0
      vertex 11.9886 4.26147 8
      vertex 11.9886 4.26147 0
    endloop
  endfacet
  facet normal 0.953715 0.300711 0
    outer loop
      vertex 11.8978 4.77646 8
      vertex 11.8191 5.02606 0
      vertex 11.8191 5.02606 8
    endloop
  endfacet
  facet normal 0.953715 0.300711 0
    outer loop
      vertex 11.8191 5.02606 0
      vertex 11.8978 4.77646 8
      vertex 11.8978 4.77646 0
    endloop
  endfacet
  facet normal 0 0 -1
    outer loop
      vertex 9 -7 0
      vertex 12 -4 0
      vertex 11.9886 -4.26147 0
    endloop
  endfacet
  facet normal 0 0 -1
    outer loop
      vertex 12 -4 0
      vertex 1.7 0 0
      vertex 12 4 0
    endloop
  endfacet
  facet normal 0 0 -1
    outer loop
      vertex 9 -7 0
      vertex 11.9886 -4.26147 0
      vertex 11.9544 -4.52095 0
    endloop
  endfacet
  facet normal 0 0 -1
    outer loop
      vertex 1.69353 0.148165 0
      vertex 12 4 0
      vertex 1.7 0 0
    endloop
  endfacet
  facet normal 0 0 -1
    outer loop
      vertex 9 -7 0
      vertex 11.9544 -4.52095 0
      vertex 11.8978 -4.77646 0
    endloop
  endfacet
  facet normal 0 0 -1
    outer loop
      vertex 1.67417 0.295201 0
      vertex 12 4 0
      vertex 1.69353 0.148165 0
    endloop
  endfacet
  facet normal 0 0 -1
    outer loop
      vertex 9 -7 0
      vertex 11.8978 -4.77646 0
      vertex 11.8191 -5.02606 0
    endloop
  endfacet
  facet normal 0 0 -1
    outer loop
      vertex 1.64207 0.439992 0
      vertex 12 4 0
      vertex 1.67417 0.295201 0
    endloop
  endfacet
  facet normal 0 0 -1
    outer loop
      vertex 9 -7 0
      vertex 11.8191 -5.02606 0
      vertex 11.7189 -5.26785 0
    endloop
  endfacet
  facet normal 0 -0 -1
    outer loop
      vertex 9 7 0
      vertex 12 4 0
      vertex 1.64207 0.439992 0
    endloop
  endfacet
  facet normal 0 0 -1
    outer loop
      vertex 9 -7 0
      vertex 11.7189 -5.26785 0
      vertex 11.5981 -5.5 0
    endloop
  endfacet
  facet normal 0 0 -1
    outer loop
      vertex 12 4 0
      vertex 9 7 0
      vertex 11.9886 4.26147 0
    endloop
  endfacet
  facet normal 0 0 -1
    outer loop
      vertex 9 -7 0
      vertex 11.5981 -5.5 0
      vertex 11.4575 -5.72073 0
    endloop
  endfacet
  facet normal 0 0 -1
    outer loop
      vertex 11.9544 4.52095 0
      vertex 9 7 0
      vertex 11.8978 4.77646 0
    endloop
  endfacet
  facet normal 0 0 -1
    outer loop
      vertex 9 -7 0
      vertex 11.4575 -5.72073 0
      vertex 11.2981 -5.92836 0
    endloop
  endfacet
  facet normal 0 0 -1
    outer loop
      vertex 11.8978 4.77646 0
      vertex 9 7 0
      vertex 11.8191 5.02606 0
    endloop
  endfacet
  facet normal 0 0 -1
    outer loop
      vertex 9 -7 0
      vertex 11.2981 -5.92836 0
      vertex 11.1213 -6.12132 0
    endloop
  endfacet
  facet normal 0 0 -1
    outer loop
      vertex 11.8191 5.02606 0
      vertex 9 7 0
      vertex 11.7189 5.26785 0
    endloop
  endfacet
  facet normal 0 0 -1
    outer loop
      vertex 9 -7 0
      vertex 11.1213 -6.12132 0
      vertex 10.9284 -6.29813 0
    endloop
  endfacet
  facet normal 0 0 -1
    outer loop
      vertex 11.7189 5.26785 0
      vertex 9 7 0
      vertex 11.5981 5.5 0
    endloop
  endfacet
  facet normal 0 0 -1
    outer loop
      vertex 9 -7 0
      vertex 10.9284 -6.29813 0
      vertex 10.7207 -6.45746 0
    endloop
  endfacet
  facet normal 0 0 -1
    outer loop
      vertex 11.5981 5.5 0
      vertex 9 7 0
      vertex 11.4575 5.72073 0
    endloop
  endfacet
  facet normal 0 0 -1
    outer loop
      vertex 9 -7 0
      vertex 10.7207 -6.45746 0
      vertex 10.5 -6.59808 0
    endloop
  endfacet
  facet normal 0 0 -1
    outer loop
      vertex 11.2981 5.92836 0
      vertex 9 7 0
      vertex 11.1213 6.12132 0
    endloop
  endfacet
  facet normal 0 0 -1
    outer loop
      vertex 9 -7 0
      vertex 10.5 -6.59808 0
      vertex 10.2679 -6.71892 0
    endloop
  endfacet
  facet normal 0 0 -1
    outer loop
      vertex 11.1213 6.12132 0
      vertex 9 7 0
      vertex 10.9284 6.29813 0
    endloop
  endfacet
  facet normal 0 0 -1
    outer loop
      vertex 9 -7 0
      vertex 10.2679 -6.71892 0
      vertex 10.0261 -6.81908 0
    endloop
  endfacet
  facet normal 0 0 -1
    outer loop
      vertex 10.9284 6.29813 0
      vertex 9 7 0
      vertex 10.7207 6.45746 0
    endloop
  endfacet
  facet normal 0 0 -1
    outer loop
      vertex 9 -7 0
      vertex 10.0261 -6.81908 0
      vertex 9.77646 -6.89778 0
    endloop
  endfacet
  facet normal 0 0 -1
    outer loop
      vertex 10.7207 6.45746 0
      vertex 9 7 0
      vertex 10.5 6.59808 0
    endloop
  endfacet
  facet normal 0 0 -1
    outer loop
      vertex 9 -7 0
      vertex 9.77646 -6.89778 0
      vertex 9.52095 -6.95442 0
    endloop
  endfacet
  facet normal -0 0 -1
    outer loop
      vertex 12 -4 0
      vertex 9 -7 0
      vertex 1.64207 -0.439992 0
    endloop
  endfacet
  facet normal 0 0 -1
    outer loop
      vertex 9 -7 0
      vertex 9.52095 -6.95442 0
      vertex 9.26147 -6.98859 0
    endloop
  endfacet
  facet normal 0 0 -1
    outer loop
      vertex 10.2679 6.71892 0
      vertex 9 7 0
      vertex 10.0261 6.81908 0
    endloop
  endfacet
  facet normal 0 0 -1
    outer loop
      vertex 9.77646 6.89778 0
      vertex 9 7 0
      vertex 9.52095 6.95442 0
    endloop
  endfacet
  facet normal 0 0 -1
    outer loop
      vertex 9.52095 6.95442 0
      vertex 9 7 0
      vertex 9.26147 6.98859 0
    endloop
  endfacet
  facet normal 0 0 -1
    outer loop
      vertex 10.0261 6.81908 0
      vertex 9 7 0
      vertex 9.77646 6.89778 0
    endloop
  endfacet
  facet normal 0 0 -1
    outer loop
      vertex 12 -4 0
      vertex 1.69353 -0.148165 0
      vertex 1.7 0 0
    endloop
  endfacet
  facet normal 0 0 -1
    outer loop
      vertex 12 -4 0
      vertex 1.67417 -0.295201 0
      vertex 1.69353 -0.148165 0
    endloop
  endfacet
  facet normal 0 0 -1
    outer loop
      vertex 12 -4 0
      vertex 1.64207 -0.439992 0
      vertex 1.67417 -0.295201 0
    endloop
  endfacet
  facet normal 0 0 -1
    outer loop
      vertex 9 -7 0
      vertex 1.59748 -0.581433 0
      vertex 1.64207 -0.439992 0
    endloop
  endfacet
  facet normal 0 0 -1
    outer loop
      vertex 9 -7 0
      vertex 1.54072 -0.718451 0
      vertex 1.59748 -0.581433 0
    endloop
  endfacet
  facet normal 0 0 -1
    outer loop
      vertex 9 -7 0
      vertex 1.47224 -0.849999 0
      vertex 1.54072 -0.718451 0
    endloop
  endfacet
  facet normal 0 0 -1
    outer loop
      vertex 9 -7 0
      vertex 1.39256 -0.97508 0
      vertex 1.47224 -0.849999 0
    endloop
  endfacet
  facet normal 0 0 -1
    outer loop
      vertex 9 -7 0
      vertex 1.30227 -1.09274 0
      vertex 1.39256 -0.97508 0
    endloop
  endfacet
  facet normal 0 0 -1
    outer loop
      vertex 9 -7 0
      vertex 1.20208 -1.20208 0
      vertex 1.30227 -1.09274 0
    endloop
  endfacet
  facet normal 0 0 -1
    outer loop
      vertex 9 -7 0
      vertex 1.09274 -1.30227 0
      vertex 1.20208 -1.20208 0
    endloop
  endfacet
  facet normal 0 0 -1
    outer loop
      vertex 9 -7 0
      vertex 0.97508 -1.39256 0
      vertex 1.09274 -1.30227 0
    endloop
  endfacet
  facet normal 0 0 -1
    outer loop
      vertex 9 -7 0
      vertex 0.849999 -1.47224 0
      vertex 0.97508 -1.39256 0
    endloop
  endfacet
  facet normal 0 0 -1
    outer loop
      vertex 9 -7 0
      vertex 0.718451 -1.54072 0
      vertex 0.849999 -1.47224 0
    endloop
  endfacet
  facet normal 0 0 -1
    outer loop
      vertex 9 -7 0
      vertex 0.581433 -1.59748 0
      vertex 0.718451 -1.54072 0
    endloop
  endfacet
  facet normal 0 0 -1
    outer loop
      vertex 9 -7 0
      vertex 0.439992 -1.64207 0
      vertex 0.581433 -1.59748 0
    endloop
  endfacet
  facet normal 0 0 -1
    outer loop
      vertex 9 -7 0
      vertex 0.295201 -1.67417 0
      vertex 0.439992 -1.64207 0
    endloop
  endfacet
  facet normal 0 0 -1
    outer loop
      vertex 9 -7 0
      vertex 0.148165 -1.69353 0
      vertex 0.295201 -1.67417 0
    endloop
  endfacet
  facet normal 0 0 -1
    outer loop
      vertex 9 -7 0
      vertex 0 -1.7 0
      vertex 0.148165 -1.69353 0
    endloop
  endfacet
  facet normal 0 0 -1
    outer loop
      vertex -9 -7 0
      vertex 0 -1.7 0
      vertex 9 -7 0
    endloop
  endfacet
  facet normal -0 0 -1
    outer loop
      vertex 0 -1.7 0
      vertex -9 -7 0
      vertex -0.148165 -1.69353 0
    endloop
  endfacet
  facet normal -0 0 -1
    outer loop
      vertex -0.148165 -1.69353 0
      vertex -9 -7 0
      vertex -0.295201 -1.67417 0
    endloop
  endfacet
  facet normal -0 0 -1
    outer loop
      vertex -0.295201 -1.67417 0
      vertex -9 -7 0
      vertex -0.439992 -1.64207 0
    endloop
  endfacet
  facet normal -0 0 -1
    outer loop
      vertex -0.439992 -1.64207 0
      vertex -9 -7 0
      vertex -0.581433 -1.59748 0
    endloop
  endfacet
  facet normal -0 0 -1
    outer loop
      vertex -0.581433 -1.59748 0
      vertex -9 -7 0
      vertex -0.718451 -1.54072 0
    endloop
  endfacet
  facet normal -0 0 -1
    outer loop
      vertex -1.67417 -0.295201 0
      vertex -12 -4 0
      vertex -1.69353 -0.148165 0
    endloop
  endfacet
  facet normal -0 0 -1
    outer loop
      vertex -1.64207 -0.439992 0
      vertex -12 -4 0
      vertex -1.67417 -0.295201 0
    endloop
  endfacet
  facet normal 0 0 -1
    outer loop
      vertex -12 -4 0
      vertex -1.64207 -0.439992 0
      vertex -9 -7 0
    endloop
  endfacet
  facet normal -0 0 -1
    outer loop
      vertex -1.59748 -0.581433 0
      vertex -9 -7 0
      vertex -1.64207 -0.439992 0
    endloop
  endfacet
  facet normal -0 0 -1
    outer loop
      vertex -1.54072 -0.718451 0
      vertex -9 -7 0
      vertex -1.59748 -0.581433 0
    endloop
  endfacet
  facet normal -0 0 -1
    outer loop
      vertex -1.47224 -0.849999 0
      vertex -9 -7 0
      vertex -1.54072 -0.718451 0
    endloop
  endfacet
  facet normal -0 0 -1
    outer loop
      vertex -1.39256 -0.97508 0
      vertex -9 -7 0
      vertex -1.47224 -0.849999 0
    endloop
  endfacet
  facet normal -0 0 -1
    outer loop
      vertex -1.30227 -1.09274 0
      vertex -9 -7 0
      vertex -1.39256 -0.97508 0
    endloop
  endfacet
  facet normal -0 0 -1
    outer loop
      vertex -1.20208 -1.20208 0
      vertex -9 -7 0
      vertex -1.30227 -1.09274 0
    endloop
  endfacet
  facet normal -0 0 -1
    outer loop
      vertex -1.09274 -1.30227 0
      vertex -9 -7 0
      vertex -1.20208 -1.20208 0
    endloop
  endfacet
  facet normal -0 0 -1
    outer loop
      vertex -0.97508 -1.39256 0
      vertex -9 -7 0
      vertex -1.09274 -1.30227 0
    endloop
  endfacet
  facet normal -0 0 -1
    outer loop
      vertex -0.849999 -1.47224 0
      vertex -9 -7 0
      vertex -0.97508 -1.39256 0
    endloop
  endfacet
  facet normal -0 0 -1
    outer loop
      vertex -0.718451 -1.54072 0
      vertex -9 -7 0
      vertex -0.849999 -1.47224 0
    endloop
  endfacet
  facet normal 0 0 -1
    outer loop
      vertex 10.5 6.59808 0
      vertex 9 7 0
      vertex 10.2679 6.71892 0
    endloop
  endfacet
  facet normal 0 0 -1
    outer loop
      vertex 11.4575 5.72073 0
      vertex 9 7 0
      vertex 11.2981 5.92836 0
    endloop
  endfacet
  facet normal 0 0 -1
    outer loop
      vertex 11.9886 4.26147 0
      vertex 9 7 0
      vertex 11.9544 4.52095 0
    endloop
  endfacet
  facet normal 0 0 -1
    outer loop
      vertex 1.59748 0.581433 0
      vertex 9 7 0
      vertex 1.64207 0.439992 0
    endloop
  endfacet
  facet normal 0 0 -1
    outer loop
      vertex 1.54072 0.718451 0
      vertex 9 7 0
      vertex 1.59748 0.581433 0
    endloop
  endfacet
  facet normal 0 0 -1
    outer loop
      vertex 1.47224 0.849999 0
      vertex 9 7 0
      vertex 1.54072 0.718451 0
    endloop
  endfacet
  facet normal 0 0 -1
    outer loop
      vertex 1.39256 0.97508 0
      vertex 9 7 0
      vertex 1.47224 0.849999 0
    endloop
  endfacet
  facet normal 0 0 -1
    outer loop
      vertex 1.30227 1.09274 0
      vertex 9 7 0
      vertex 1.39256 0.97508 0
    endloop
  endfacet
  facet normal 0 0 -1
    outer loop
      vertex 1.20208 1.20208 0
      vertex 9 7 0
      vertex 1.30227 1.09274 0
    endloop
  endfacet
  facet normal 0 0 -1
    outer loop
      vertex 1.09274 1.30227 0
      vertex 9 7 0
      vertex 1.20208 1.20208 0
    endloop
  endfacet
  facet normal 0 0 -1
    outer loop
      vertex 0.97508 1.39256 0
      vertex 9 7 0
      vertex 1.09274 1.30227 0
    endloop
  endfacet
  facet normal 0 0 -1
    outer loop
      vertex 0.849999 1.47224 0
      vertex 9 7 0
      vertex 0.97508 1.39256 0
    endloop
  endfacet
  facet normal 0 0 -1
    outer loop
      vertex 0.718451 1.54072 0
      vertex 9 7 0
      vertex 0.849999 1.47224 0
    endloop
  endfacet
  facet normal 0 0 -1
    outer loop
      vertex 0.581433 1.59748 0
      vertex 9 7 0
      vertex 0.718451 1.54072 0
    endloop
  endfacet
  facet normal 0 0 -1
    outer loop
      vertex 0.439992 1.64207 0
      vertex 9 7 0
      vertex 0.581433 1.59748 0
    endloop
  endfacet
  facet normal 0 0 -1
    outer loop
      vertex 0.295201 1.67417 0
      vertex 9 7 0
      vertex 0.439992 1.64207 0
    endloop
  endfacet
  facet normal 0 0 -1
    outer loop
      vertex 0.148165 1.69353 0
      vertex 9 7 0
      vertex 0.295201 1.67417 0
    endloop
  endfacet
  facet normal 0 0 -1
    outer loop
      vertex 0 1.7 0
      vertex 9 7 0
      vertex 0.148165 1.69353 0
    endloop
  endfacet
  facet normal 0 0 -1
    outer loop
      vertex -9 7 0
      vertex 0 1.7 0
      vertex -0.148165 1.69353 0
    endloop
  endfacet
  facet normal 0 0 -1
    outer loop
      vertex -9 7 0
      vertex -0.148165 1.69353 0
      vertex -0.295201 1.67417 0
    endloop
  endfacet
  facet normal 0 0 -1
    outer loop
      vertex -9 7 0
      vertex -0.295201 1.67417 0
      vertex -0.439992 1.64207 0
    endloop
  endfacet
  facet normal 0 0 -1
    outer loop
      vertex -9 7 0
      vertex -0.439992 1.64207 0
      vertex -0.581433 1.59748 0
    endloop
  endfacet
  facet normal 0 0 -1
    outer loop
      vertex -9 7 0
      vertex -0.581433 1.59748 0
      vertex -0.718451 1.54072 0
    endloop
  endfacet
  facet normal 0 0 -1
    outer loop
      vertex -9 7 0
      vertex -0.718451 1.54072 0
      vertex -0.849999 1.47224 0
    endloop
  endfacet
  facet normal -0 0 -1
    outer loop
      vertex -1.69353 -0.148165 0
      vertex -12 -4 0
      vertex -1.7 0 0
    endloop
  endfacet
  facet normal 0 0 -1
    outer loop
      vertex -12 4 0
      vertex -1.7 0 0
      vertex -12 -4 0
    endloop
  endfacet
  facet normal 0 0 -1
    outer loop
      vertex -1.7 0 0
      vertex -12 4 0
      vertex -1.69353 0.148165 0
    endloop
  endfacet
  facet normal 0 0 -1
    outer loop
      vertex -1.69353 0.148165 0
      vertex -12 4 0
      vertex -1.67417 0.295201 0
    endloop
  endfacet
  facet normal 0 0 -1
    outer loop
      vertex -1.67417 0.295201 0
      vertex -12 4 0
      vertex -1.64207 0.439992 0
    endloop
  endfacet
  facet normal 0 -0 -1
    outer loop
      vertex -9 7 0
      vertex -1.64207 0.439992 0
      vertex -12 4 0
    endloop
  endfacet
  facet normal 0 0 -1
    outer loop
      vertex -1.64207 0.439992 0
      vertex -9 7 0
      vertex -1.59748 0.581433 0
    endloop
  endfacet
  facet normal 0 0 -1
    outer loop
      vertex -1.59748 0.581433 0
      vertex -9 7 0
      vertex -1.54072 0.718451 0
    endloop
  endfacet
  facet normal 0 0 -1
    outer loop
      vertex -1.54072 0.718451 0
      vertex -9 7 0
      vertex -1.47224 0.849999 0
    endloop
  endfacet
  facet normal 0 0 -1
    outer loop
      vertex 0 1.7 0
      vertex -9 7 0
      vertex 9 7 0
    endloop
  endfacet
  facet normal 0 0 -1
    outer loop
      vertex -0.97508 1.39256 0
      vertex -9 7 0
      vertex -0.849999 1.47224 0
    endloop
  endfacet
  facet normal 0 0 -1
    outer loop
      vertex -1.09274 1.30227 0
      vertex -9 7 0
      vertex -0.97508 1.39256 0
    endloop
  endfacet
  facet normal 0 0 -1
    outer loop
      vertex -1.20208 1.20208 0
      vertex -9 7 0
      vertex -1.09274 1.30227 0
    endloop
  endfacet
  facet normal 0 0 -1
    outer loop
      vertex -1.47224 0.849999 0
      vertex -9 7 0
      vertex -1.39256 0.97508 0
    endloop
  endfacet
  facet normal 0 0 -1
    outer loop
      vertex -12 -4 0
      vertex -9 -7 0
      vertex -9.26147 -6.98859 0
    endloop
  endfacet
  facet normal 0 0 -1
    outer loop
      vertex -1.39256 0.97508 0
      vertex -9 7 0
      vertex -1.30227 1.09274 0
    endloop
  endfacet
  facet normal 0 0 -1
    outer loop
      vertex -12 -4 0
      vertex -9.26147 -6.98859 0
      vertex -9.52095 -6.95442 0
    endloop
  endfacet
  facet normal 0 0 -1
    outer loop
      vertex -1.30227 1.09274 0
      vertex -9 7 0
      vertex -1.20208 1.20208 0
    endloop
  endfacet
  facet normal 0 0 -1
    outer loop
      vertex -12 -4 0
      vertex -9.52095 -6.95442 0
      vertex -9.77646 -6.89778 0
    endloop
  endfacet
  facet normal 0 0 -1
    outer loop
      vertex -9 7 0
      vertex -12 4 0
      vertex -9.26147 6.98859 0
    endloop
  endfacet
  facet normal 0 0 -1
    outer loop
      vertex -12 -4 0
      vertex -9.77646 -6.89778 0
      vertex -10.0261 -6.81908 0
    endloop
  endfacet
  facet normal 0 0 -1
    outer loop
      vertex -9.26147 6.98859 0
      vertex -12 4 0
      vertex -9.52095 6.95442 0
    endloop
  endfacet
  facet normal 0 0 -1
    outer loop
      vertex -12 -4 0
      vertex -10.0261 -6.81908 0
      vertex -10.2679 -6.71892 0
    endloop
  endfacet
  facet normal 0 0 -1
    outer loop
      vertex -9.52095 6.95442 0
      vertex -12 4 0
      vertex -9.77646 6.89778 0
    endloop
  endfacet
  facet normal 0 0 -1
    outer loop
      vertex -12 -4 0
      vertex -10.2679 -6.71892 0
      vertex -10.5 -6.59808 0
    endloop
  endfacet
  facet normal 0 0 -1
    outer loop
      vertex -9.77646 6.89778 0
      vertex -12 4 0
      vertex -10.0261 6.81908 0
    endloop
  endfacet
  facet normal 0 0 -1
    outer loop
      vertex -12 -4 0
      vertex -10.5 -6.59808 0
      vertex -10.7207 -6.45746 0
    endloop
  endfacet
  facet normal 0 0 -1
    outer loop
      vertex -10.0261 6.81908 0
      vertex -12 4 0
      vertex -10.2679 6.71892 0
    endloop
  endfacet
  facet normal 0 0 -1
    outer loop
      vertex -12 -4 0
      vertex -10.7207 -6.45746 0
      vertex -10.9284 -6.29813 0
    endloop
  endfacet
  facet normal 0 0 -1
    outer loop
      vertex -10.2679 6.71892 0
      vertex -12 4 0
      vertex -10.5 6.59808 0
    endloop
  endfacet
  facet normal 0 0 -1
    outer loop
      vertex -12 -4 0
      vertex -10.9284 -6.29813 0
      vertex -11.1213 -6.12132 0
    endloop
  endfacet
  facet normal 0 0 -1
    outer loop
      vertex -10.5 6.59808 0
      vertex -12 4 0
      vertex -10.7207 6.45746 0
    endloop
  endfacet
  facet normal 0 0 -1
    outer loop
      vertex -12 -4 0
      vertex -11.1213 -6.12132 0
      vertex -11.2981 -5.92836 0
    endloop
  endfacet
  facet normal 0 0 -1
    outer loop
      vertex -10.7207 6.45746 0
      vertex -12 4 0
      vertex -10.9284 6.29813 0
    endloop
  endfacet
  facet normal 0 0 -1
    outer loop
      vertex -12 -4 0
      vertex -11.2981 -5.92836 0
      vertex -11.4575 -5.72073 0
    endloop
  endfacet
  facet normal 0 0 -1
    outer loop
      vertex -10.9284 6.29813 0
      vertex -12 4 0
      vertex -11.1213 6.12132 0
    endloop
  endfacet
  facet normal 0 0 -1
    outer loop
      vertex -12 -4 0
      vertex -11.4575 -5.72073 0
      vertex -11.5981 -5.5 0
    endloop
  endfacet
  facet normal 0 0 -1
    outer loop
      vertex -11.1213 6.12132 0
      vertex -12 4 0
      vertex -11.2981 5.92836 0
    endloop
  endfacet
  facet normal 0 0 -1
    outer loop
      vertex -12 -4 0
      vertex -11.5981 -5.5 0
      vertex -11.7189 -5.26785 0
    endloop
  endfacet
  facet normal 0 0 -1
    outer loop
      vertex -11.2981 5.92836 0
      vertex -12 4 0
      vertex -11.4575 5.72073 0
    endloop
  endfacet
  facet normal 0 0 -1
    outer loop
      vertex -12 -4 0
      vertex -11.7189 -5.26785 0
      vertex -11.8191 -5.02606 0
    endloop
  endfacet
  facet normal 0 0 -1
    outer loop
      vertex -11.4575 5.72073 0
      vertex -12 4 0
      vertex -11.5981 5.5 0
    endloop
  endfacet
  facet normal 0 0 -1
    outer loop
      vertex -12 -4 0
      vertex -11.8191 -5.02606 0
      vertex -11.8978 -4.77646 0
    endloop
  endfacet
  facet normal 0 0 -1
    outer loop
      vertex -11.5981 5.5 0
      vertex -12 4 0
      vertex -11.7189 5.26785 0
    endloop
  endfacet
  facet normal 0 0 -1
    outer loop
      vertex -12 -4 0
      vertex -11.8978 -4.77646 0
      vertex -11.9544 -4.52095 0
    endloop
  endfacet
  facet normal 0 0 -1
    outer loop
      vertex -11.7189 5.26785 0
      vertex -12 4 0
      vertex -11.8191 5.02606 0
    endloop
  endfacet
  facet normal 0 0 -1
    outer loop
      vertex -12 -4 0
      vertex -11.9544 -4.52095 0
      vertex -11.9886 -4.26147 0
    endloop
  endfacet
  facet normal 0 0 -1
    outer loop
      vertex -11.8191 5.02606 0
      vertex -12 4 0
      vertex -11.8978 4.77646 0
    endloop
  endfacet
  facet normal 0 0 -1
    outer loop
      vertex -11.8978 4.77646 0
      vertex -12 4 0
      vertex -11.9544 4.52095 0
    endloop
  endfacet
  facet normal 0 0 -1
    outer loop
      vertex -11.9544 4.52095 0
      vertex -12 4 0
      vertex -11.9886 4.26147 0
    endloop
  endfacet
  facet normal 0 0 1
    outer loop
      vertex 9 7 8
      vertex 12 4 8
      vertex 11.9886 4.26147 8
    endloop
  endfacet
  facet normal 0 0 1
    outer loop
      vertex 12 4 8
      vertex 2.64119 7 8
      vertex 12 -4 8
    endloop
  endfacet
  facet normal 0 0 1
    outer loop
      vertex 9 7 8
      vertex 11.9886 4.26147 8
      vertex 11.9544 4.52095 8
    endloop
  endfacet
  facet normal 0 0 1
    outer loop
      vertex 2.64119 -7 8
      vertex 12 -4 8
      vertex 2.64119 7 8
    endloop
  endfacet
  facet normal 0 0 1
    outer loop
      vertex 9 7 8
      vertex 11.9544 4.52095 8
      vertex 11.8978 4.77646 8
    endloop
  endfacet
  facet normal 0 0 1
    outer loop
      vertex 12 4 8
      vertex 9 7 8
      vertex 2.64119 7 8
    endloop
  endfacet
  facet normal 0 0 1
    outer loop
      vertex 9 7 8
      vertex 11.8978 4.77646 8
      vertex 11.8191 5.02606 8
    endloop
  endfacet
  facet normal 0 -0 1
    outer loop
      vertex 9 -7 8
      vertex 12 -4 8
      vertex 2.64119 -7 8
    endloop
  endfacet
  facet normal 0 0 1
    outer loop
      vertex 9 7 8
      vertex 11.8191 5.02606 8
      vertex 11.7189 5.26785 8
    endloop
  endfacet
  facet normal 0 0 1
    outer loop
      vertex 11.9544 -4.52095 8
      vertex 9 -7 8
      vertex 11.8978 -4.77646 8
    endloop
  endfacet
  facet normal 0 0 1
    outer loop
      vertex 9 7 8
      vertex 11.7189 5.26785 8
      vertex 11.5981 5.5 8
    endloop
  endfacet
  facet normal 0 0 1
    outer loop
      vertex 11.8978 -4.77646 8
      vertex 9 -7 8
      vertex 11.8191 -5.02606 8
    endloop
  endfacet
  facet normal 0 0 1
    outer loop
      vertex 9 7 8
      vertex 11.5981 5.5 8
      vertex 11.4575 5.72073 8
    endloop
  endfacet
  facet normal 0 0 1
    outer loop
      vertex 11.8191 -5.02606 8
      vertex 9 -7 8
      vertex 11.7189 -5.26785 8
    endloop
  endfacet
  facet normal 0 0 1
    outer loop
      vertex 9 7 8
      vertex 11.4575 5.72073 8
      vertex 11.2981 5.92836 8
    endloop
  endfacet
  facet normal 0 0 1
    outer loop
      vertex 11.7189 -5.26785 8
      vertex 9 -7 8
      vertex 11.5981 -5.5 8
    endloop
  endfacet
  facet normal 0 0 1
    outer loop
      vertex 9 7 8
      vertex 11.2981 5.92836 8
      vertex 11.1213 6.12132 8
    endloop
  endfacet
  facet normal 0 0 1
    outer loop
      vertex 11.5981 -5.5 8
      vertex 9 -7 8
      vertex 11.4575 -5.72073 8
    endloop
  endfacet
  facet normal 0 0 1
    outer loop
      vertex 9 7 8
      vertex 11.1213 6.12132 8
      vertex 10.9284 6.29813 8
    endloop
  endfacet
  facet normal 0 0 1
    outer loop
      vertex 11.4575 -5.72073 8
      vertex 9 -7 8
      vertex 11.2981 -5.92836 8
    endloop
  endfacet
  facet normal 0 0 1
    outer loop
      vertex 9 7 8
      vertex 10.9284 6.29813 8
      vertex 10.7207 6.45746 8
    endloop
  endfacet
  facet normal 0 0 1
    outer loop
      vertex 11.2981 -5.92836 8
      vertex 9 -7 8
      vertex 11.1213 -6.12132 8
    endloop
  endfacet
  facet normal 0 0 1
    outer loop
      vertex 9 7 8
      vertex 10.7207 6.45746 8
      vertex 10.5 6.59808 8
    endloop
  endfacet
  facet normal 0 0 1
    outer loop
      vertex 11.1213 -6.12132 8
      vertex 9 -7 8
      vertex 10.9284 -6.29813 8
    endloop
  endfacet
  facet normal 0 0 1
    outer loop
      vertex 9 7 8
      vertex 10.5 6.59808 8
      vertex 10.2679 6.71892 8
    endloop
  endfacet
  facet normal 0 0 1
    outer loop
      vertex 10.9284 -6.29813 8
      vertex 9 -7 8
      vertex 10.7207 -6.45746 8
    endloop
  endfacet
  facet normal 0 0 1
    outer loop
      vertex 9 7 8
      vertex 10.2679 6.71892 8
      vertex 10.0261 6.81908 8
    endloop
  endfacet
  facet normal 0 0 1
    outer loop
      vertex 10.7207 -6.45746 8
      vertex 9 -7 8
      vertex 10.5 -6.59808 8
    endloop
  endfacet
  facet normal 0 0 1
    outer loop
      vertex 9 7 8
      vertex 10.0261 6.81908 8
      vertex 9.77646 6.89778 8
    endloop
  endfacet
  facet normal 0 0 1
    outer loop
      vertex 10.5 -6.59808 8
      vertex 9 -7 8
      vertex 10.2679 -6.71892 8
    endloop
  endfacet
  facet normal 0 0 1
    outer loop
      vertex 9 7 8
      vertex 9.77646 6.89778 8
      vertex 9.52095 6.95442 8
    endloop
  endfacet
  facet normal 0 0 1
    outer loop
      vertex 10.2679 -6.71892 8
      vertex 9 -7 8
      vertex 10.0261 -6.81908 8
    endloop
  endfacet
  facet normal 0 0 1
    outer loop
      vertex 9 7 8
      vertex 9.52095 6.95442 8
      vertex 9.26147 6.98859 8
    endloop
  endfacet
  facet normal 0 0 1
    outer loop
      vertex 10.0261 -6.81908 8
      vertex 9 -7 8
      vertex 9.77646 -6.89778 8
    endloop
  endfacet
  facet normal 0 0 1
    outer loop
      vertex 9.77646 -6.89778 8
      vertex 9 -7 8
      vertex 9.52095 -6.95442 8
    endloop
  endfacet
  facet normal 0 0 1
    outer loop
      vertex 9.52095 -6.95442 8
      vertex 9 -7 8
      vertex 9.26147 -6.98859 8
    endloop
  endfacet
  facet normal 0 0 1
    outer loop
      vertex 12 -4 8
      vertex 9 -7 8
      vertex 11.9886 -4.26147 8
    endloop
  endfacet
  facet normal 0 0 1
    outer loop
      vertex 11.9886 -4.26147 8
      vertex 9 -7 8
      vertex 11.9544 -4.52095 8
    endloop
  endfacet
  facet normal 0 0 1
    outer loop
      vertex -12 4 8
      vertex -2.64119 7 8
      vertex -9 7 8
    endloop
  endfacet
  facet normal 0 0 1
    outer loop
      vertex -2.64119 7 8
      vertex -12 4 8
      vertex -2.64119 -7 8
    endloop
  endfacet
  facet normal 0 0 1
    outer loop
      vertex -12 4 8
      vertex -9 7 8
      vertex -9.26147 6.98859 8
    endloop
  endfacet
  facet normal -0 0 1
    outer loop
      vertex -12 -4 8
      vertex -2.64119 -7 8
      vertex -12 4 8
    endloop
  endfacet
  facet normal 0 0 1
    outer loop
      vertex -12 4 8
      vertex -9.26147 6.98859 8
      vertex -9.52095 6.95442 8
    endloop
  endfacet
  facet normal 0 0 1
    outer loop
      vertex -2.64119 -7 8
      vertex -12 -4 8
      vertex -9 -7 8
    endloop
  endfacet
  facet normal 0 0 1
    outer loop
      vertex -12 4 8
      vertex -9.52095 6.95442 8
      vertex -9.77646 6.89778 8
    endloop
  endfacet
  facet normal 0 0 1
    outer loop
      vertex -9 -7 8
      vertex -12 -4 8
      vertex -9.26147 -6.98859 8
    endloop
  endfacet
  facet normal 0 0 1
    outer loop
      vertex -12 4 8
      vertex -9.77646 6.89778 8
      vertex -10.0261 6.81908 8
    endloop
  endfacet
  facet normal 0 0 1
    outer loop
      vertex -9.26147 -6.98859 8
      vertex -12 -4 8
      vertex -9.52095 -6.95442 8
    endloop
  endfacet
  facet normal 0 0 1
    outer loop
      vertex -12 4 8
      vertex -10.0261 6.81908 8
      vertex -10.2679 6.71892 8
    endloop
  endfacet
  facet normal 0 0 1
    outer loop
      vertex -9.52095 -6.95442 8
      vertex -12 -4 8
      vertex -9.77646 -6.89778 8
    endloop
  endfacet
  facet normal 0 0 1
    outer loop
      vertex -12 4 8
      vertex -10.2679 6.71892 8
      vertex -10.5 6.59808 8
    endloop
  endfacet
  facet normal 0 0 1
    outer loop
      vertex -9.77646 -6.89778 8
      vertex -12 -4 8
      vertex -10.0261 -6.81908 8
    endloop
  endfacet
  facet normal 0 0 1
    outer loop
      vertex -12 4 8
      vertex -10.5 6.59808 8
      vertex -10.7207 6.45746 8
    endloop
  endfacet
  facet normal 0 0 1
    outer loop
      vertex -10.0261 -6.81908 8
      vertex -12 -4 8
      vertex -10.2679 -6.71892 8
    endloop
  endfacet
  facet normal 0 0 1
    outer loop
      vertex -12 4 8
      vertex -10.7207 6.45746 8
      vertex -10.9284 6.29813 8
    endloop
  endfacet
  facet normal 0 0 1
    outer loop
      vertex -10.2679 -6.71892 8
      vertex -12 -4 8
      vertex -10.5 -6.59808 8
    endloop
  endfacet
  facet normal 0 0 1
    outer loop
      vertex -12 4 8
      vertex -10.9284 6.29813 8
      vertex -11.1213 6.12132 8
    endloop
  endfacet
  facet normal 0 0 1
    outer loop
      vertex -10.5 -6.59808 8
      vertex -12 -4 8
      vertex -10.7207 -6.45746 8
    endloop
  endfacet
  facet normal 0 0 1
    outer loop
      vertex -12 4 8
      vertex -11.1213 6.12132 8
      vertex -11.2981 5.92836 8
    endloop
  endfacet
  facet normal 0 0 1
    outer loop
      vertex -10.7207 -6.45746 8
      vertex -12 -4 8
      vertex -10.9284 -6.29813 8
    endloop
  endfacet
  facet normal 0 0 1
    outer loop
      vertex -12 4 8
      vertex -11.2981 5.92836 8
      vertex -11.4575 5.72073 8
    endloop
  endfacet
  facet normal 0 0 1
    outer loop
      vertex -10.9284 -6.29813 8
      vertex -12 -4 8
      vertex -11.1213 -6.12132 8
    endloop
  endfacet
  facet normal 0 0 1
    outer loop
      vertex -12 4 8
      vertex -11.4575 5.72073 8
      vertex -11.5981 5.5 8
    endloop
  endfacet
  facet normal 0 0 1
    outer loop
      vertex -11.1213 -6.12132 8
      vertex -12 -4 8
      vertex -11.2981 -5.92836 8
    endloop
  endfacet
  facet normal 0 0 1
    outer loop
      vertex -12 4 8
      vertex -11.5981 5.5 8
      vertex -11.7189 5.26785 8
    endloop
  endfacet
  facet normal 0 0 1
    outer loop
      vertex -11.2981 -5.92836 8
      vertex -12 -4 8
      vertex -11.4575 -5.72073 8
    endloop
  endfacet
  facet normal 0 0 1
    outer loop
      vertex -12 4 8
      vertex -11.7189 5.26785 8
      vertex -11.8191 5.02606 8
    endloop
  endfacet
  facet normal 0 0 1
    outer loop
      vertex -11.4575 -5.72073 8
      vertex -12 -4 8
      vertex -11.5981 -5.5 8
    endloop
  endfacet
  facet normal 0 0 1
    outer loop
      vertex -12 4 8
      vertex -11.8191 5.02606 8
      vertex -11.8978 4.77646 8
    endloop
  endfacet
  facet normal 0 0 1
    outer loop
      vertex -11.5981 -5.5 8
      vertex -12 -4 8
      vertex -11.7189 -5.26785 8
    endloop
  endfacet
  facet normal 0 0 1
    outer loop
      vertex -12 4 8
      vertex -11.8978 4.77646 8
      vertex -11.9544 4.52095 8
    endloop
  endfacet
  facet normal 0 0 1
    outer loop
      vertex -11.7189 -5.26785 8
      vertex -12 -4 8
      vertex -11.8191 -5.02606 8
    endloop
  endfacet
  facet normal 0 0 1
    outer loop
      vertex -12 4 8
      vertex -11.9544 4.52095 8
      vertex -11.9886 4.26147 8
    endloop
  endfacet
  facet normal 0 0 1
    outer loop
      vertex -11.8191 -5.02606 8
      vertex -12 -4 8
      vertex -11.8978 -4.77646 8
    endloop
  endfacet
  facet normal 0 0 1
    outer loop
      vertex -11.8978 -4.77646 8
      vertex -12 -4 8
      vertex -11.9544 -4.52095 8
    endloop
  endfacet
  facet normal 0 0 1
    outer loop
      vertex -11.9544 -4.52095 8
      vertex -12 -4 8
      vertex -11.9886 -4.26147 8
    endloop
  endfacet
  facet normal 0.843427 -0.537244 0
    outer loop
      vertex 11.4575 -5.72073 8
      vertex 11.5981 -5.5 0
      vertex 11.5981 -5.5 8
    endloop
  endfacet
  facet normal 0.843427 -0.537244 0
    outer loop
      vertex 11.5981 -5.5 0
      vertex 11.4575 -5.72073 8
      vertex 11.4575 -5.72073 0
    endloop
  endfacet
  facet normal 1 -0 0
    outer loop
      vertex 12 -4 8
      vertex 12 4 0
      vertex 12 4 8
    endloop
  endfacet
  facet normal 1 0 0
    outer loop
      vertex 12 4 0
      vertex 12 -4 8
      vertex 12 -4 0
    endloop
  endfacet
  facet normal 0.999051 0.0435583 0
    outer loop
      vertex 12 4 8
      vertex 11.9886 4.26147 0
      vertex 11.9886 4.26147 8
    endloop
  endfacet
  facet normal 0.999051 0.0435583 0
    outer loop
      vertex 11.9886 4.26147 0
      vertex 12 4 8
      vertex 12 4 0
    endloop
  endfacet
  facet normal 0.382685 1.44767e-07 0.923879
    outer loop
      vertex -1.69047 -7 1.37477
      vertex -1.36808 -1.00698 1.24123
      vertex -1.39256 -0.97508 1.25137
    endloop
  endfacet
  facet normal 0.382642 2.6467e-06 0.923897
    outer loop
      vertex -1.69047 -7 1.37477
      vertex -1.39256 -0.97508 1.25137
      vertex -1.47224 -0.849999 1.28437
    endloop
  endfacet
  facet normal 0.382735 -1.21802e-06 0.923858
    outer loop
      vertex -1.69047 -7 1.37477
      vertex -1.47224 -0.849999 1.28437
      vertex -1.54072 -0.718451 1.31274
    endloop
  endfacet
  facet normal 0.382674 4.90782e-07 0.923883
    outer loop
      vertex -1.69047 -7 1.37477
      vertex -1.54072 -0.718451 1.31274
      vertex -1.59748 -0.581433 1.33625
    endloop
  endfacet
  facet normal 0.382688 2.51526e-07 0.923878
    outer loop
      vertex -1.69047 -7 1.37477
      vertex -1.59748 -0.581433 1.33625
      vertex -1.64207 -0.439992 1.35472
    endloop
  endfacet
  facet normal 0.382774 -4.88279e-07 0.923842
    outer loop
      vertex -1.69047 -7 1.37477
      vertex -1.64207 -0.439992 1.35472
      vertex -1.67417 -0.295201 1.36802
    endloop
  endfacet
  facet normal 0.382602 -0 0.923913
    outer loop
      vertex -1.69047 -7 1.37477
      vertex -1.67417 -0.295201 1.36802
      vertex -1.69047 -0.171389 1.37477
    endloop
  endfacet
  facet normal 0.382688 0 0.923878
    outer loop
      vertex -1.36808 -1.00698 1.24123
      vertex -1.69047 -7 1.37477
      vertex -1.36808 -7 1.24123
    endloop
  endfacet
  facet normal 0.382688 0 0.923878
    outer loop
      vertex -1.69047 7 1.37477
      vertex -1.36808 1.00698 1.24123
      vertex -1.36808 7 1.24123
    endloop
  endfacet
  facet normal 0.382685 -1.44767e-07 0.923879
    outer loop
      vertex -1.36808 1.00698 1.24123
      vertex -1.69047 7 1.37477
      vertex -1.39256 0.97508 1.25137
    endloop
  endfacet
  facet normal 0.382642 -2.6467e-06 0.923897
    outer loop
      vertex -1.39256 0.97508 1.25137
      vertex -1.69047 7 1.37477
      vertex -1.47224 0.849999 1.28437
    endloop
  endfacet
  facet normal 0.382735 1.21802e-06 0.923858
    outer loop
      vertex -1.47224 0.849999 1.28437
      vertex -1.69047 7 1.37477
      vertex -1.54072 0.718451 1.31274
    endloop
  endfacet
  facet normal 0.382674 -4.90782e-07 0.923883
    outer loop
      vertex -1.54072 0.718451 1.31274
      vertex -1.69047 7 1.37477
      vertex -1.59748 0.581433 1.33625
    endloop
  endfacet
  facet normal 0.382688 -2.51526e-07 0.923878
    outer loop
      vertex -1.59748 0.581433 1.33625
      vertex -1.69047 7 1.37477
      vertex -1.64207 0.439992 1.35472
    endloop
  endfacet
  facet normal 0.382774 4.88279e-07 0.923842
    outer loop
      vertex -1.64207 0.439992 1.35472
      vertex -1.69047 7 1.37477
      vertex -1.67417 0.295201 1.36802
    endloop
  endfacet
  facet normal 0.382602 0 0.923913
    outer loop
      vertex -1.67417 0.295201 1.36802
      vertex -1.69047 7 1.37477
      vertex -1.69047 0.171389 1.37477
    endloop
  endfacet
  facet normal -0.675584 0 0.737283
    outer loop
      vertex 2.57115 7 1.93582
      vertex 2.82843 -7 2.17157
      vertex 2.82843 7 2.17157
    endloop
  endfacet
  facet normal -0.675584 0 0.737283
    outer loop
      vertex 2.82843 -7 2.17157
      vertex 2.57115 7 1.93582
      vertex 2.57115 -7 1.93582
    endloop
  endfacet
  facet normal -0.991444 0 -0.130532
    outer loop
      vertex 3.98478 -7 5.34862
      vertex 3.93923 7 5.69459
      vertex 3.98478 7 5.34862
    endloop
  endfacet
  facet normal -0.991444 -0 -0.130532
    outer loop
      vertex 3.93923 7 5.69459
      vertex 3.98478 -7 5.34862
      vertex 3.93923 -7 5.69459
    endloop
  endfacet
  facet normal 0.976295 0 -0.216442
    outer loop
      vertex -3.8637 -7 6.03528
      vertex -3.93923 7 5.69459
      vertex -3.8637 7 6.03528
    endloop
  endfacet
  facet normal 0.976295 0 -0.216442
    outer loop
      vertex -3.93923 7 5.69459
      vertex -3.8637 -7 6.03528
      vertex -3.93923 -7 5.69459
    endloop
  endfacet
  facet normal -0.843391 0 -0.5373
    outer loop
      vertex 3.4641 -7 7
      vertex 3.27661 7 7.2943
      vertex 3.4641 7 7
    endloop
  endfacet
  facet normal -0.843391 -0 -0.5373
    outer loop
      vertex 3.27661 7 7.2943
      vertex 3.4641 -7 7
      vertex 3.27661 -7 7.2943
    endloop
  endfacet
  facet normal -0.737283 0 -0.675584
    outer loop
      vertex 3.06418 -7 7.57115
      vertex 2.82843 7 7.82843
      vertex 3.06418 7 7.57115
    endloop
  endfacet
  facet normal -0.737283 -0 -0.675584
    outer loop
      vertex 2.82843 7 7.82843
      vertex 3.06418 -7 7.57115
      vertex 2.82843 -7 7.82843
    endloop
  endfacet
  facet normal 0.923878 0 -0.382688
    outer loop
      vertex -3.62523 -7 6.69047
      vertex -3.75877 7 6.36808
      vertex -3.62523 7 6.69047
    endloop
  endfacet
  facet normal 0.923878 0 -0.382688
    outer loop
      vertex -3.75877 7 6.36808
      vertex -3.62523 -7 6.69047
      vertex -3.75877 -7 6.36808
    endloop
  endfacet
  facet normal 0.793349 -0 0.608767
    outer loop
      vertex -3.27661 -7 2.70569
      vertex -3.06418 7 2.42885
      vertex -3.27661 7 2.70569
    endloop
  endfacet
  facet normal 0.793349 0 0.608767
    outer loop
      vertex -3.06418 7 2.42885
      vertex -3.27661 -7 2.70569
      vertex -3.06418 -7 2.42885
    endloop
  endfacet
  facet normal 0.737283 -0 0.675584
    outer loop
      vertex -3.06418 -7 2.42885
      vertex -2.82843 7 2.17157
      vertex -3.06418 7 2.42885
    endloop
  endfacet
  facet normal 0.737283 0 0.675584
    outer loop
      vertex -2.82843 7 2.17157
      vertex -3.06418 -7 2.42885
      vertex -2.82843 -7 2.17157
    endloop
  endfacet
  facet normal -0.976295 0 0.216442
    outer loop
      vertex 3.8637 -7 3.96472
      vertex 3.93923 7 4.30541
      vertex 3.8637 7 3.96472
    endloop
  endfacet
  facet normal -0.976295 0 0.216442
    outer loop
      vertex 3.93923 7 4.30541
      vertex 3.8637 -7 3.96472
      vertex 3.93923 -7 4.30541
    endloop
  endfacet
  facet normal -0.999048 0 -0.0436163
    outer loop
      vertex 4 -7 5
      vertex 3.98478 7 5.34862
      vertex 4 7 5
    endloop
  endfacet
  facet normal -0.999048 -0 -0.0436163
    outer loop
      vertex 3.98478 7 5.34862
      vertex 4 -7 5
      vertex 3.98478 -7 5.34862
    endloop
  endfacet
  facet normal -0.923878 0 0.382688
    outer loop
      vertex 3.62523 -7 3.30953
      vertex 3.75877 7 3.63192
      vertex 3.62523 7 3.30953
    endloop
  endfacet
  facet normal -0.923878 0 0.382688
    outer loop
      vertex 3.75877 7 3.63192
      vertex 3.62523 -7 3.30953
      vertex 3.75877 -7 3.63192
    endloop
  endfacet
  facet normal 0.923878 -0 0.382688
    outer loop
      vertex -3.75877 -7 3.63192
      vertex -3.62523 7 3.30953
      vertex -3.75877 7 3.63192
    endloop
  endfacet
  facet normal 0.923878 0 0.382688
    outer loop
      vertex -3.62523 7 3.30953
      vertex -3.75877 -7 3.63192
      vertex -3.62523 -7 3.30953
    endloop
  endfacet
  facet normal 0.991444 0 -0.130532
    outer loop
      vertex -3.93923 -7 5.69459
      vertex -3.98478 7 5.34862
      vertex -3.93923 7 5.69459
    endloop
  endfacet
  facet normal 0.991444 0 -0.130532
    outer loop
      vertex -3.98478 7 5.34862
      vertex -3.93923 -7 5.69459
      vertex -3.98478 -7 5.34862
    endloop
  endfacet
  facet normal -0.976295 0 -0.216442
    outer loop
      vertex 3.93923 -7 5.69459
      vertex 3.8637 7 6.03528
      vertex 3.93923 7 5.69459
    endloop
  endfacet
  facet normal -0.976295 -0 -0.216442
    outer loop
      vertex 3.8637 7 6.03528
      vertex 3.93923 -7 5.69459
      vertex 3.8637 -7 6.03528
    endloop
  endfacet
  facet normal 0.675584 0 0.737283
    outer loop
      vertex -2.82843 7 2.17157
      vertex -2.57115 -7 1.93582
      vertex -2.57115 7 1.93582
    endloop
  endfacet
  facet normal 0.675584 0 0.737283
    outer loop
      vertex -2.57115 -7 1.93582
      vertex -2.82843 7 2.17157
      vertex -2.82843 -7 2.17157
    endloop
  endfacet
  facet normal -0.793349 0 0.608767
    outer loop
      vertex 3.06418 -7 2.42885
      vertex 3.27661 7 2.70569
      vertex 3.06418 7 2.42885
    endloop
  endfacet
  facet normal -0.793349 0 0.608767
    outer loop
      vertex 3.27661 7 2.70569
      vertex 3.06418 -7 2.42885
      vertex 3.27661 -7 2.70569
    endloop
  endfacet
  facet normal 0.843391 0 -0.5373
    outer loop
      vertex -3.27661 -7 7.2943
      vertex -3.4641 7 7
      vertex -3.27661 7 7.2943
    endloop
  endfacet
  facet normal 0.843391 0 -0.5373
    outer loop
      vertex -3.4641 7 7
      vertex -3.27661 -7 7.2943
      vertex -3.4641 -7 7
    endloop
  endfacet
  facet normal -0.991444 0 0.130532
    outer loop
      vertex 3.93923 -7 4.30541
      vertex 3.98478 7 4.65138
      vertex 3.93923 7 4.30541
    endloop
  endfacet
  facet normal -0.991444 0 0.130532
    outer loop
      vertex 3.98478 7 4.65138
      vertex 3.93923 -7 4.30541
      vertex 3.98478 -7 4.65138
    endloop
  endfacet
  facet normal 0.043626 0 0.999048
    outer loop
      vertex 0 7 1
      vertex -0.148165 1.69353 1.00647
      vertex 0 1.7 1
    endloop
  endfacet
  facet normal 0.0436161 2.77062e-07 0.999048
    outer loop
      vertex -0.348622 7 1.01522
      vertex -0.148165 1.69353 1.00647
      vertex 0 7 1
    endloop
  endfacet
  facet normal 0.0436212 4.70065e-07 0.999048
    outer loop
      vertex -0.148165 1.69353 1.00647
      vertex -0.348622 7 1.01522
      vertex -0.295201 1.67417 1.01289
    endloop
  endfacet
  facet normal 0.0435744 0 0.99905
    outer loop
      vertex -0.295201 1.67417 1.01289
      vertex -0.348622 7 1.01522
      vertex -0.348622 1.66233 1.01522
    endloop
  endfacet
  facet normal 0.043626 0 0.999048
    outer loop
      vertex -0.148165 -1.69353 1.00647
      vertex 0 -7 1
      vertex 0 -1.7 1
    endloop
  endfacet
  facet normal 0.0436212 -4.70065e-07 0.999048
    outer loop
      vertex -0.348622 -7 1.01522
      vertex -0.148165 -1.69353 1.00647
      vertex -0.295201 -1.67417 1.01289
    endloop
  endfacet
  facet normal 0.0435744 -0 0.99905
    outer loop
      vertex -0.348622 -7 1.01522
      vertex -0.295201 -1.67417 1.01289
      vertex -0.348622 -1.66233 1.01522
    endloop
  endfacet
  facet normal 0.0436161 -2.77062e-07 0.999048
    outer loop
      vertex -0.148165 -1.69353 1.00647
      vertex -0.348622 -7 1.01522
      vertex 0 -7 1
    endloop
  endfacet
  facet normal 0.887012 0 -0.461746
    outer loop
      vertex -3.4641 -7 7
      vertex -3.62523 7 6.69047
      vertex -3.4641 7 7
    endloop
  endfacet
  facet normal 0.887012 0 -0.461746
    outer loop
      vertex -3.62523 7 6.69047
      vertex -3.4641 -7 7
      vertex -3.62523 -7 6.69047
    endloop
  endfacet
  facet normal 0.991444 -0 0.130532
    outer loop
      vertex -3.98478 -7 4.65138
      vertex -3.93923 7 4.30541
      vertex -3.98478 7 4.65138
    endloop
  endfacet
  facet normal 0.991444 0 0.130532
    outer loop
      vertex -3.93923 7 4.30541
      vertex -3.98478 -7 4.65138
      vertex -3.93923 -7 4.30541
    endloop
  endfacet
  facet normal -0.923878 0 -0.382688
    outer loop
      vertex 3.75877 -7 6.36808
      vertex 3.62523 7 6.69047
      vertex 3.75877 7 6.36808
    endloop
  endfacet
  facet normal -0.923878 -0 -0.382688
    outer loop
      vertex 3.62523 7 6.69047
      vertex 3.75877 -7 6.36808
      vertex 3.62523 -7 6.69047
    endloop
  endfacet
  facet normal -0.953718 0 -0.300702
    outer loop
      vertex 3.8637 -7 6.03528
      vertex 3.75877 7 6.36808
      vertex 3.8637 7 6.03528
    endloop
  endfacet
  facet normal -0.953718 -0 -0.300702
    outer loop
      vertex 3.75877 7 6.36808
      vertex 3.8637 -7 6.03528
      vertex 3.75877 -7 6.36808
    endloop
  endfacet
  facet normal -0.130546 0 0.991442
    outer loop
      vertex 0.581433 -1.59748 1.04587
      vertex 0.694592 -7 1.06077
      vertex 0.694592 -1.55061 1.06077
    endloop
  endfacet
  facet normal -0.130519 5.80444e-07 0.991446
    outer loop
      vertex 0.439992 -1.64207 1.02725
      vertex 0.694592 -7 1.06077
      vertex 0.581433 -1.59748 1.04587
    endloop
  endfacet
  facet normal -0.130536 -2.31672e-07 0.991444
    outer loop
      vertex 0.348622 -1.66233 1.01522
      vertex 0.694592 -7 1.06077
      vertex 0.439992 -1.64207 1.02725
    endloop
  endfacet
  facet normal -0.130532 0 0.991444
    outer loop
      vertex 0.694592 -7 1.06077
      vertex 0.348622 -1.66233 1.01522
      vertex 0.348622 -7 1.01522
    endloop
  endfacet
  facet normal -0.130546 0 0.991442
    outer loop
      vertex 0.694592 7 1.06077
      vertex 0.581433 1.59748 1.04587
      vertex 0.694592 1.55061 1.06077
    endloop
  endfacet
  facet normal -0.130519 -5.80444e-07 0.991446
    outer loop
      vertex 0.694592 7 1.06077
      vertex 0.439992 1.64207 1.02725
      vertex 0.581433 1.59748 1.04587
    endloop
  endfacet
  facet normal -0.130532 0 0.991444
    outer loop
      vertex 0.348622 1.66233 1.01522
      vertex 0.694592 7 1.06077
      vertex 0.348622 7 1.01522
    endloop
  endfacet
  facet normal -0.130536 2.31672e-07 0.991444
    outer loop
      vertex 0.694592 7 1.06077
      vertex 0.348622 1.66233 1.01522
      vertex 0.439992 1.64207 1.02725
    endloop
  endfacet
  facet normal -0.953718 0 0.300702
    outer loop
      vertex 3.75877 -7 3.63192
      vertex 3.8637 7 3.96472
      vertex 3.75877 7 3.63192
    endloop
  endfacet
  facet normal -0.953718 0 0.300702
    outer loop
      vertex 3.8637 7 3.96472
      vertex 3.75877 -7 3.63192
      vertex 3.8637 -7 3.96472
    endloop
  endfacet
  facet normal 0.5373 0 0.843391
    outer loop
      vertex -2.2943 7 1.72339
      vertex -2 -7 1.5359
      vertex -2 7 1.5359
    endloop
  endfacet
  facet normal 0.5373 0 0.843391
    outer loop
      vertex -2 -7 1.5359
      vertex -2.2943 7 1.72339
      vertex -2.2943 -7 1.72339
    endloop
  endfacet
  facet normal -0.216501 0 0.976282
    outer loop
      vertex 0.97508 -1.39256 1.12295
      vertex 1.03528 -7 1.1363
      vertex 1.03528 -1.34637 1.1363
    endloop
  endfacet
  facet normal -0.216442 6.70997e-07 0.976296
    outer loop
      vertex 0.849999 -1.47224 1.09522
      vertex 1.03528 -7 1.1363
      vertex 0.97508 -1.39256 1.12295
    endloop
  endfacet
  facet normal -0.216416 1.58071e-06 0.976301
    outer loop
      vertex 0.718451 -1.54072 1.06606
      vertex 1.03528 -7 1.1363
      vertex 0.849999 -1.47224 1.09522
    endloop
  endfacet
  facet normal -0.216462 -1.23879e-06 0.976291
    outer loop
      vertex 0.694592 -1.55061 1.06077
      vertex 1.03528 -7 1.1363
      vertex 0.718451 -1.54072 1.06606
    endloop
  endfacet
  facet normal -0.216443 0 0.976295
    outer loop
      vertex 1.03528 -7 1.1363
      vertex 0.694592 -1.55061 1.06077
      vertex 0.694592 -7 1.06077
    endloop
  endfacet
  facet normal -0.216501 0 0.976282
    outer loop
      vertex 1.03528 7 1.1363
      vertex 0.97508 1.39256 1.12295
      vertex 1.03528 1.34637 1.1363
    endloop
  endfacet
  facet normal -0.216442 -6.70997e-07 0.976296
    outer loop
      vertex 1.03528 7 1.1363
      vertex 0.849999 1.47224 1.09522
      vertex 0.97508 1.39256 1.12295
    endloop
  endfacet
  facet normal -0.216416 -1.58071e-06 0.976301
    outer loop
      vertex 1.03528 7 1.1363
      vertex 0.718451 1.54072 1.06606
      vertex 0.849999 1.47224 1.09522
    endloop
  endfacet
  facet normal -0.216443 0 0.976295
    outer loop
      vertex 0.694592 1.55061 1.06077
      vertex 1.03528 7 1.1363
      vertex 0.694592 7 1.06077
    endloop
  endfacet
  facet normal -0.216462 1.23879e-06 0.976291
    outer loop
      vertex 1.03528 7 1.1363
      vertex 0.694592 1.55061 1.06077
      vertex 0.718451 1.54072 1.06606
    endloop
  endfacet
  facet normal -0.79336 0 -0.608753
    outer loop
      vertex 3.27661 -7 7.2943
      vertex 3.06418 7 7.57115
      vertex 3.27661 7 7.2943
    endloop
  endfacet
  facet normal -0.79336 -0 -0.608753
    outer loop
      vertex 3.06418 7 7.57115
      vertex 3.27661 -7 7.2943
      vertex 3.06418 -7 7.57115
    endloop
  endfacet
  facet normal 0.976295 -0 0.216442
    outer loop
      vertex -3.93923 -7 4.30541
      vertex -3.8637 7 3.96472
      vertex -3.93923 7 4.30541
    endloop
  endfacet
  facet normal 0.976295 0 0.216442
    outer loop
      vertex -3.8637 7 3.96472
      vertex -3.93923 -7 4.30541
      vertex -3.8637 -7 3.96472
    endloop
  endfacet
  facet normal -0.887012 0 -0.461746
    outer loop
      vertex 3.62523 -7 6.69047
      vertex 3.4641 7 7
      vertex 3.62523 7 6.69047
    endloop
  endfacet
  facet normal -0.887012 -0 -0.461746
    outer loop
      vertex 3.4641 7 7
      vertex 3.62523 -7 6.69047
      vertex 3.4641 -7 7
    endloop
  endfacet
  facet normal 0.999048 -0 0.0436163
    outer loop
      vertex -4 -7 5
      vertex -3.98478 7 4.65138
      vertex -4 7 5
    endloop
  endfacet
  facet normal 0.999048 0 0.0436163
    outer loop
      vertex -3.98478 7 4.65138
      vertex -4 -7 5
      vertex -3.98478 -7 4.65138
    endloop
  endfacet
  facet normal -0.675582 0 -0.737285
    outer loop
      vertex 2.64119 -7 8
      vertex 2.82843 7 7.82843
      vertex 2.82843 -7 7.82843
    endloop
  endfacet
  facet normal -0.675582 0 -0.737285
    outer loop
      vertex 2.82843 7 7.82843
      vertex 2.64119 -7 8
      vertex 2.64119 7 8
    endloop
  endfacet
  facet normal -0.608753 0 0.79336
    outer loop
      vertex 2.2943 7 1.72339
      vertex 2.57115 -7 1.93582
      vertex 2.57115 7 1.93582
    endloop
  endfacet
  facet normal -0.608753 0 0.79336
    outer loop
      vertex 2.57115 -7 1.93582
      vertex 2.2943 7 1.72339
      vertex 2.2943 -7 1.72339
    endloop
  endfacet
  facet normal 0.675582 0 -0.737285
    outer loop
      vertex -2.82843 -7 7.82843
      vertex -2.64119 7 8
      vertex -2.64119 -7 8
    endloop
  endfacet
  facet normal 0.675582 0 -0.737285
    outer loop
      vertex -2.64119 7 8
      vertex -2.82843 -7 7.82843
      vertex -2.82843 7 7.82843
    endloop
  endfacet
  facet normal 0.737283 0 -0.675584
    outer loop
      vertex -2.82843 -7 7.82843
      vertex -3.06418 7 7.57115
      vertex -2.82843 7 7.82843
    endloop
  endfacet
  facet normal 0.737283 0 -0.675584
    outer loop
      vertex -3.06418 7 7.57115
      vertex -2.82843 -7 7.82843
      vertex -3.06418 -7 7.57115
    endloop
  endfacet
  facet normal 0.887012 -0 0.461746
    outer loop
      vertex -3.62523 -7 3.30953
      vertex -3.4641 7 3
      vertex -3.62523 7 3.30953
    endloop
  endfacet
  facet normal 0.887012 0 0.461746
    outer loop
      vertex -3.4641 7 3
      vertex -3.62523 -7 3.30953
      vertex -3.4641 -7 3
    endloop
  endfacet
  facet normal 0.300604 6.37585e-06 0.953749
    outer loop
      vertex -1.36808 -7 1.24123
      vertex -1.03528 -1.34637 1.1363
      vertex -1.09274 -1.30227 1.15441
    endloop
  endfacet
  facet normal 0.300746 -1.20852e-06 0.953704
    outer loop
      vertex -1.36808 -7 1.24123
      vertex -1.09274 -1.30227 1.15441
      vertex -1.20208 -1.20208 1.18889
    endloop
  endfacet
  facet normal 0.300708 7.32349e-09 0.953716
    outer loop
      vertex -1.36808 -7 1.24123
      vertex -1.20208 -1.20208 1.18889
      vertex -1.30227 -1.09274 1.22048
    endloop
  endfacet
  facet normal 0.300708 -0 0.953716
    outer loop
      vertex -1.36808 -7 1.24123
      vertex -1.30227 -1.09274 1.22048
      vertex -1.36808 -1.00698 1.24123
    endloop
  endfacet
  facet normal 0.300702 0 0.953718
    outer loop
      vertex -1.03528 -1.34637 1.1363
      vertex -1.36808 -7 1.24123
      vertex -1.03528 -7 1.1363
    endloop
  endfacet
  facet normal 0.300702 0 0.953718
    outer loop
      vertex -1.36808 7 1.24123
      vertex -1.03528 1.34637 1.1363
      vertex -1.03528 7 1.1363
    endloop
  endfacet
  facet normal 0.300604 -6.37585e-06 0.953749
    outer loop
      vertex -1.03528 1.34637 1.1363
      vertex -1.36808 7 1.24123
      vertex -1.09274 1.30227 1.15441
    endloop
  endfacet
  facet normal 0.300746 1.20852e-06 0.953704
    outer loop
      vertex -1.09274 1.30227 1.15441
      vertex -1.36808 7 1.24123
      vertex -1.20208 1.20208 1.18889
    endloop
  endfacet
  facet normal 0.300708 -7.32349e-09 0.953716
    outer loop
      vertex -1.20208 1.20208 1.18889
      vertex -1.36808 7 1.24123
      vertex -1.30227 1.09274 1.22048
    endloop
  endfacet
  facet normal 0.300708 0 0.953716
    outer loop
      vertex -1.30227 1.09274 1.22048
      vertex -1.36808 7 1.24123
      vertex -1.36808 1.00698 1.24123
    endloop
  endfacet
  facet normal -0.999048 0 0.0436163
    outer loop
      vertex 3.98478 -7 4.65138
      vertex 4 7 5
      vertex 3.98478 7 4.65138
    endloop
  endfacet
  facet normal -0.999048 0 0.0436163
    outer loop
      vertex 4 7 5
      vertex 3.98478 -7 4.65138
      vertex 4 -7 5
    endloop
  endfacet
  facet normal 0.953718 -0 0.300702
    outer loop
      vertex -3.8637 -7 3.96472
      vertex -3.75877 7 3.63192
      vertex -3.8637 7 3.96472
    endloop
  endfacet
  facet normal 0.953718 0 0.300702
    outer loop
      vertex -3.75877 7 3.63192
      vertex -3.8637 -7 3.96472
      vertex -3.75877 -7 3.63192
    endloop
  endfacet
  facet normal -0.887012 0 0.461746
    outer loop
      vertex 3.4641 -7 3
      vertex 3.62523 7 3.30953
      vertex 3.4641 7 3
    endloop
  endfacet
  facet normal -0.887012 0 0.461746
    outer loop
      vertex 3.62523 7 3.30953
      vertex 3.4641 -7 3
      vertex 3.62523 -7 3.30953
    endloop
  endfacet
  facet normal -0.843399 0 0.537287
    outer loop
      vertex 3.27661 -7 2.70569
      vertex 3.4641 7 3
      vertex 3.27661 7 2.70569
    endloop
  endfacet
  facet normal -0.843399 0 0.537287
    outer loop
      vertex 3.4641 7 3
      vertex 3.27661 -7 2.70569
      vertex 3.4641 -7 3
    endloop
  endfacet
  facet normal 0.608753 0 0.79336
    outer loop
      vertex -2.57115 7 1.93582
      vertex -2.2943 -7 1.72339
      vertex -2.2943 7 1.72339
    endloop
  endfacet
  facet normal 0.608753 0 0.79336
    outer loop
      vertex -2.2943 -7 1.72339
      vertex -2.57115 7 1.93582
      vertex -2.57115 -7 1.93582
    endloop
  endfacet
  facet normal -0.300708 0 0.953716
    outer loop
      vertex 1.30227 -1.09274 1.22048
      vertex 1.36808 -7 1.24123
      vertex 1.36808 -1.00698 1.24123
    endloop
  endfacet
  facet normal -0.300708 7.32349e-09 0.953716
    outer loop
      vertex 1.20208 -1.20208 1.18889
      vertex 1.36808 -7 1.24123
      vertex 1.30227 -1.09274 1.22048
    endloop
  endfacet
  facet normal -0.300746 -1.20852e-06 0.953704
    outer loop
      vertex 1.09274 -1.30227 1.15441
      vertex 1.36808 -7 1.24123
      vertex 1.20208 -1.20208 1.18889
    endloop
  endfacet
  facet normal -0.300604 6.37585e-06 0.953749
    outer loop
      vertex 1.03528 -1.34637 1.1363
      vertex 1.36808 -7 1.24123
      vertex 1.09274 -1.30227 1.15441
    endloop
  endfacet
  facet normal -0.300702 0 0.953718
    outer loop
      vertex 1.36808 -7 1.24123
      vertex 1.03528 -1.34637 1.1363
      vertex 1.03528 -7 1.1363
    endloop
  endfacet
  facet normal -0.300708 0 0.953716
    outer loop
      vertex 1.36808 7 1.24123
      vertex 1.30227 1.09274 1.22048
      vertex 1.36808 1.00698 1.24123
    endloop
  endfacet
  facet normal -0.300708 -7.32349e-09 0.953716
    outer loop
      vertex 1.36808 7 1.24123
      vertex 1.20208 1.20208 1.18889
      vertex 1.30227 1.09274 1.22048
    endloop
  endfacet
  facet normal -0.300746 1.20852e-06 0.953704
    outer loop
      vertex 1.36808 7 1.24123
      vertex 1.09274 1.30227 1.15441
      vertex 1.20208 1.20208 1.18889
    endloop
  endfacet
  facet normal -0.300702 0 0.953718
    outer loop
      vertex 1.03528 1.34637 1.1363
      vertex 1.36808 7 1.24123
      vertex 1.03528 7 1.1363
    endloop
  endfacet
  facet normal -0.300604 -6.37585e-06 0.953749
    outer loop
      vertex 1.36808 7 1.24123
      vertex 1.03528 1.34637 1.1363
      vertex 1.09274 1.30227 1.15441
    endloop
  endfacet
  facet normal -0.382602 0 0.923913
    outer loop
      vertex 1.67417 -0.295201 1.36802
      vertex 1.69047 -7 1.37477
      vertex 1.69047 -0.171389 1.37477
    endloop
  endfacet
  facet normal -0.382774 -4.88279e-07 0.923842
    outer loop
      vertex 1.64207 -0.439992 1.35472
      vertex 1.69047 -7 1.37477
      vertex 1.67417 -0.295201 1.36802
    endloop
  endfacet
  facet normal -0.382688 2.51526e-07 0.923878
    outer loop
      vertex 1.59748 -0.581433 1.33625
      vertex 1.69047 -7 1.37477
      vertex 1.64207 -0.439992 1.35472
    endloop
  endfacet
  facet normal -0.382674 4.90782e-07 0.923883
    outer loop
      vertex 1.54072 -0.718451 1.31274
      vertex 1.69047 -7 1.37477
      vertex 1.59748 -0.581433 1.33625
    endloop
  endfacet
  facet normal -0.382735 -1.21802e-06 0.923858
    outer loop
      vertex 1.47224 -0.849999 1.28437
      vertex 1.69047 -7 1.37477
      vertex 1.54072 -0.718451 1.31274
    endloop
  endfacet
  facet normal -0.382642 2.6467e-06 0.923897
    outer loop
      vertex 1.39256 -0.97508 1.25137
      vertex 1.69047 -7 1.37477
      vertex 1.47224 -0.849999 1.28437
    endloop
  endfacet
  facet normal -0.382685 1.44767e-07 0.923879
    outer loop
      vertex 1.36808 -1.00698 1.24123
      vertex 1.69047 -7 1.37477
      vertex 1.39256 -0.97508 1.25137
    endloop
  endfacet
  facet normal -0.382688 0 0.923878
    outer loop
      vertex 1.69047 -7 1.37477
      vertex 1.36808 -1.00698 1.24123
      vertex 1.36808 -7 1.24123
    endloop
  endfacet
  facet normal -0.382602 0 0.923913
    outer loop
      vertex 1.69047 7 1.37477
      vertex 1.67417 0.295201 1.36802
      vertex 1.69047 0.171389 1.37477
    endloop
  endfacet
  facet normal -0.382774 4.88279e-07 0.923842
    outer loop
      vertex 1.69047 7 1.37477
      vertex 1.64207 0.439992 1.35472
      vertex 1.67417 0.295201 1.36802
    endloop
  endfacet
  facet normal -0.382688 -2.51526e-07 0.923878
    outer loop
      vertex 1.69047 7 1.37477
      vertex 1.59748 0.581433 1.33625
      vertex 1.64207 0.439992 1.35472
    endloop
  endfacet
  facet normal -0.382674 -4.90782e-07 0.923883
    outer loop
      vertex 1.69047 7 1.37477
      vertex 1.54072 0.718451 1.31274
      vertex 1.59748 0.581433 1.33625
    endloop
  endfacet
  facet normal -0.382735 1.21802e-06 0.923858
    outer loop
      vertex 1.69047 7 1.37477
      vertex 1.47224 0.849999 1.28437
      vertex 1.54072 0.718451 1.31274
    endloop
  endfacet
  facet normal -0.382642 -2.6467e-06 0.923897
    outer loop
      vertex 1.69047 7 1.37477
      vertex 1.39256 0.97508 1.25137
      vertex 1.47224 0.849999 1.28437
    endloop
  endfacet
  facet normal -0.382688 0 0.923878
    outer loop
      vertex 1.36808 1.00698 1.24123
      vertex 1.69047 7 1.37477
      vertex 1.36808 7 1.24123
    endloop
  endfacet
  facet normal -0.382685 -1.44767e-07 0.923879
    outer loop
      vertex 1.69047 7 1.37477
      vertex 1.36808 1.00698 1.24123
      vertex 1.39256 0.97508 1.25137
    endloop
  endfacet
  facet normal -0.461748 0 0.887011
    outer loop
      vertex 2 7 1.5359
      vertex 1.7 0 1.37973
      vertex 2 -7 1.5359
    endloop
  endfacet
  facet normal -0.461854 5.73352e-06 0.886956
    outer loop
      vertex 2 7 1.5359
      vertex 1.69353 0.148165 1.37636
      vertex 1.7 0 1.37973
    endloop
  endfacet
  facet normal -0.461746 0 0.887012
    outer loop
      vertex 1.69047 0.171389 1.37477
      vertex 2 7 1.5359
      vertex 1.69047 7 1.37477
    endloop
  endfacet
  facet normal -0.46125 -2.85952e-05 0.88727
    outer loop
      vertex 2 7 1.5359
      vertex 1.69047 0.171389 1.37477
      vertex 1.69353 0.148165 1.37636
    endloop
  endfacet
  facet normal -0.461854 -5.73352e-06 0.886956
    outer loop
      vertex 1.69353 -0.148165 1.37636
      vertex 2 -7 1.5359
      vertex 1.7 0 1.37973
    endloop
  endfacet
  facet normal -0.46125 2.85952e-05 0.88727
    outer loop
      vertex 1.69047 -0.171389 1.37477
      vertex 2 -7 1.5359
      vertex 1.69353 -0.148165 1.37636
    endloop
  endfacet
  facet normal -0.461746 0 0.887012
    outer loop
      vertex 2 -7 1.5359
      vertex 1.69047 -0.171389 1.37477
      vertex 1.69047 -7 1.37477
    endloop
  endfacet
  facet normal -0.5373 0 0.843391
    outer loop
      vertex 2 7 1.5359
      vertex 2.2943 -7 1.72339
      vertex 2.2943 7 1.72339
    endloop
  endfacet
  facet normal -0.5373 0 0.843391
    outer loop
      vertex 2.2943 -7 1.72339
      vertex 2 7 1.5359
      vertex 2 -7 1.5359
    endloop
  endfacet
  facet normal 0.130536 -2.31672e-07 0.991444
    outer loop
      vertex -0.694592 -7 1.06077
      vertex -0.348622 -1.66233 1.01522
      vertex -0.439992 -1.64207 1.02725
    endloop
  endfacet
  facet normal 0.130519 5.80444e-07 0.991446
    outer loop
      vertex -0.694592 -7 1.06077
      vertex -0.439992 -1.64207 1.02725
      vertex -0.581433 -1.59748 1.04587
    endloop
  endfacet
  facet normal 0.130546 -0 0.991442
    outer loop
      vertex -0.694592 -7 1.06077
      vertex -0.581433 -1.59748 1.04587
      vertex -0.694592 -1.55061 1.06077
    endloop
  endfacet
  facet normal 0.130532 0 0.991444
    outer loop
      vertex -0.348622 -1.66233 1.01522
      vertex -0.694592 -7 1.06077
      vertex -0.348622 -7 1.01522
    endloop
  endfacet
  facet normal 0.130532 0 0.991444
    outer loop
      vertex -0.694592 7 1.06077
      vertex -0.348622 1.66233 1.01522
      vertex -0.348622 7 1.01522
    endloop
  endfacet
  facet normal 0.130536 2.31672e-07 0.991444
    outer loop
      vertex -0.348622 1.66233 1.01522
      vertex -0.694592 7 1.06077
      vertex -0.439992 1.64207 1.02725
    endloop
  endfacet
  facet normal 0.130519 -5.80444e-07 0.991446
    outer loop
      vertex -0.439992 1.64207 1.02725
      vertex -0.694592 7 1.06077
      vertex -0.581433 1.59748 1.04587
    endloop
  endfacet
  facet normal 0.130546 0 0.991442
    outer loop
      vertex -0.581433 1.59748 1.04587
      vertex -0.694592 7 1.06077
      vertex -0.694592 1.55061 1.06077
    endloop
  endfacet
  facet normal -0.737283 0 0.675584
    outer loop
      vertex 2.82843 -7 2.17157
      vertex 3.06418 7 2.42885
      vertex 2.82843 7 2.17157
    endloop
  endfacet
  facet normal -0.737283 0 0.675584
    outer loop
      vertex 3.06418 7 2.42885
      vertex 2.82843 -7 2.17157
      vertex 3.06418 -7 2.42885
    endloop
  endfacet
  facet normal 0.999048 0 -0.0436163
    outer loop
      vertex -3.98478 -7 5.34862
      vertex -4 7 5
      vertex -3.98478 7 5.34862
    endloop
  endfacet
  facet normal 0.999048 0 -0.0436163
    outer loop
      vertex -4 7 5
      vertex -3.98478 -7 5.34862
      vertex -4 -7 5
    endloop
  endfacet
  facet normal 0.953718 0 -0.300702
    outer loop
      vertex -3.75877 -7 6.36808
      vertex -3.8637 7 6.03528
      vertex -3.75877 7 6.36808
    endloop
  endfacet
  facet normal 0.953718 0 -0.300702
    outer loop
      vertex -3.8637 7 6.03528
      vertex -3.75877 -7 6.36808
      vertex -3.8637 -7 6.03528
    endloop
  endfacet
  facet normal 0.216462 -1.23879e-06 0.976291
    outer loop
      vertex -1.03528 -7 1.1363
      vertex -0.694592 -1.55061 1.06077
      vertex -0.718451 -1.54072 1.06606
    endloop
  endfacet
  facet normal 0.216416 1.58071e-06 0.976301
    outer loop
      vertex -1.03528 -7 1.1363
      vertex -0.718451 -1.54072 1.06606
      vertex -0.849999 -1.47224 1.09522
    endloop
  endfacet
  facet normal 0.216442 6.70997e-07 0.976296
    outer loop
      vertex -1.03528 -7 1.1363
      vertex -0.849999 -1.47224 1.09522
      vertex -0.97508 -1.39256 1.12295
    endloop
  endfacet
  facet normal 0.216501 -0 0.976282
    outer loop
      vertex -1.03528 -7 1.1363
      vertex -0.97508 -1.39256 1.12295
      vertex -1.03528 -1.34637 1.1363
    endloop
  endfacet
  facet normal 0.216443 0 0.976295
    outer loop
      vertex -0.694592 -1.55061 1.06077
      vertex -1.03528 -7 1.1363
      vertex -0.694592 -7 1.06077
    endloop
  endfacet
  facet normal 0.216443 0 0.976295
    outer loop
      vertex -1.03528 7 1.1363
      vertex -0.694592 1.55061 1.06077
      vertex -0.694592 7 1.06077
    endloop
  endfacet
  facet normal 0.216462 1.23879e-06 0.976291
    outer loop
      vertex -0.694592 1.55061 1.06077
      vertex -1.03528 7 1.1363
      vertex -0.718451 1.54072 1.06606
    endloop
  endfacet
  facet normal 0.216416 -1.58071e-06 0.976301
    outer loop
      vertex -0.718451 1.54072 1.06606
      vertex -1.03528 7 1.1363
      vertex -0.849999 1.47224 1.09522
    endloop
  endfacet
  facet normal 0.216442 -6.70997e-07 0.976296
    outer loop
      vertex -0.849999 1.47224 1.09522
      vertex -1.03528 7 1.1363
      vertex -0.97508 1.39256 1.12295
    endloop
  endfacet
  facet normal 0.216501 0 0.976282
    outer loop
      vertex -0.97508 1.39256 1.12295
      vertex -1.03528 7 1.1363
      vertex -1.03528 1.34637 1.1363
    endloop
  endfacet
  facet normal 0.843399 -0 0.537287
    outer loop
      vertex -3.4641 -7 3
      vertex -3.27661 7 2.70569
      vertex -3.4641 7 3
    endloop
  endfacet
  facet normal 0.843399 0 0.537287
    outer loop
      vertex -3.27661 7 2.70569
      vertex -3.4641 -7 3
      vertex -3.27661 -7 2.70569
    endloop
  endfacet
  facet normal -0.0435744 0 0.99905
    outer loop
      vertex 0.348622 7 1.01522
      vertex 0.295201 1.67417 1.01289
      vertex 0.348622 1.66233 1.01522
    endloop
  endfacet
  facet normal -0.0436212 4.70065e-07 0.999048
    outer loop
      vertex 0.348622 7 1.01522
      vertex 0.148165 1.69353 1.00647
      vertex 0.295201 1.67417 1.01289
    endloop
  endfacet
  facet normal -0.0436161 2.77062e-07 0.999048
    outer loop
      vertex 0 7 1
      vertex 0.148165 1.69353 1.00647
      vertex 0.348622 7 1.01522
    endloop
  endfacet
  facet normal -0.043626 0 0.999048
    outer loop
      vertex 0.148165 1.69353 1.00647
      vertex 0 7 1
      vertex 0 1.7 1
    endloop
  endfacet
  facet normal -0.0435744 0 0.99905
    outer loop
      vertex 0.295201 -1.67417 1.01289
      vertex 0.348622 -7 1.01522
      vertex 0.348622 -1.66233 1.01522
    endloop
  endfacet
  facet normal -0.0436212 -4.70065e-07 0.999048
    outer loop
      vertex 0.148165 -1.69353 1.00647
      vertex 0.348622 -7 1.01522
      vertex 0.295201 -1.67417 1.01289
    endloop
  endfacet
  facet normal -0.0436259 -6.50834e-07 0.999048
    outer loop
      vertex 0 -1.7 1
      vertex 0.348622 -7 1.01522
      vertex 0.148165 -1.69353 1.00647
    endloop
  endfacet
  facet normal -0.0436161 0 0.999048
    outer loop
      vertex 0.348622 -7 1.01522
      vertex 0 -1.7 1
      vertex 0 -7 1
    endloop
  endfacet
  facet normal 0.79336 0 -0.608753
    outer loop
      vertex -3.06418 -7 7.57115
      vertex -3.27661 7 7.2943
      vertex -3.06418 7 7.57115
    endloop
  endfacet
  facet normal 0.79336 0 -0.608753
    outer loop
      vertex -3.27661 7 7.2943
      vertex -3.06418 -7 7.57115
      vertex -3.27661 -7 7.2943
    endloop
  endfacet
  facet normal 0.461746 0 0.887012
    outer loop
      vertex -2 7 1.5359
      vertex -1.69047 0.171389 1.37477
      vertex -1.69047 7 1.37477
    endloop
  endfacet
  facet normal 0.46125 -2.85952e-05 0.88727
    outer loop
      vertex -1.69047 0.171389 1.37477
      vertex -2 7 1.5359
      vertex -1.69353 0.148165 1.37636
    endloop
  endfacet
  facet normal 0.461854 5.73352e-06 0.886956
    outer loop
      vertex -1.69353 0.148165 1.37636
      vertex -2 7 1.5359
      vertex -1.7 0 1.37973
    endloop
  endfacet
  facet normal 0.46125 2.85952e-05 0.88727
    outer loop
      vertex -2 -7 1.5359
      vertex -1.69047 -0.171389 1.37477
      vertex -1.69353 -0.148165 1.37636
    endloop
  endfacet
  facet normal 0.461854 -5.73352e-06 0.886956
    outer loop
      vertex -2 -7 1.5359
      vertex -1.69353 -0.148165 1.37636
      vertex -1.7 0 1.37973
    endloop
  endfacet
  facet normal 0.461748 -0 0.887011
    outer loop
      vertex -2 -7 1.5359
      vertex -1.7 0 1.37973
      vertex -2 7 1.5359
    endloop
  endfacet
  facet normal 0.461746 0 0.887012
    outer loop
      vertex -1.69047 -0.171389 1.37477
      vertex -2 -7 1.5359
      vertex -1.69047 -7 1.37477
    endloop
  endfacet
  facet normal -0.608843 0.793291 0
    outer loop
      vertex 1.09274 -1.30227 0
      vertex 1.03528 -1.34637 1.1363
      vertex 1.09274 -1.30227 1.15441
    endloop
  endfacet
  facet normal -0.608737 0.793372 8.51725e-06
    outer loop
      vertex 1.09274 -1.30227 0
      vertex 0.97508 -1.39256 1.12295
      vertex 1.03528 -1.34637 1.1363
    endloop
  endfacet
  facet normal -0.608788 0.793333 0
    outer loop
      vertex 0.97508 -1.39256 1.12295
      vertex 1.09274 -1.30227 0
      vertex 0.97508 -1.39256 0
    endloop
  endfacet
  facet normal -0.991443 -0.130542 0
    outer loop
      vertex 1.69353 0.148165 0
      vertex 1.67417 0.295201 1.36802
      vertex 1.67417 0.295201 0
    endloop
  endfacet
  facet normal -0.991445 -0.130525 -1.82449e-06
    outer loop
      vertex 1.67417 0.295201 1.36802
      vertex 1.69353 0.148165 0
      vertex 1.69047 0.171389 1.37477
    endloop
  endfacet
  facet normal -0.991431 -0.130631 0
    outer loop
      vertex 1.69047 0.171389 1.37477
      vertex 1.69353 0.148165 0
      vertex 1.69353 0.148165 1.37636
    endloop
  endfacet
  facet normal -0.043626 0.999048 0
    outer loop
      vertex 0.148165 -1.69353 0
      vertex 0 -1.7 1
      vertex 0.148165 -1.69353 1.00647
    endloop
  endfacet
  facet normal -0.043626 0.999048 0
    outer loop
      vertex 0 -1.7 1
      vertex 0.148165 -1.69353 0
      vertex 0 -1.7 0
    endloop
  endfacet
  facet normal 0.976295 -0.216444 0
    outer loop
      vertex -1.67417 0.295201 0
      vertex -1.64207 0.439992 1.35472
      vertex -1.67417 0.295201 1.36802
    endloop
  endfacet
  facet normal 0.976295 -0.216444 0
    outer loop
      vertex -1.64207 0.439992 1.35472
      vertex -1.67417 0.295201 0
      vertex -1.64207 0.439992 0
    endloop
  endfacet
  facet normal 0.991445 -0.130525 -1.82449e-06
    outer loop
      vertex -1.69353 0.148165 0
      vertex -1.67417 0.295201 1.36802
      vertex -1.69047 0.171389 1.37477
    endloop
  endfacet
  facet normal 0.991431 -0.130631 0
    outer loop
      vertex -1.69353 0.148165 0
      vertex -1.69047 0.171389 1.37477
      vertex -1.69353 0.148165 1.37636
    endloop
  endfacet
  facet normal 0.991443 -0.130542 0
    outer loop
      vertex -1.67417 0.295201 1.36802
      vertex -1.69353 0.148165 0
      vertex -1.67417 0.295201 0
    endloop
  endfacet
  facet normal 0.953729 0.300668 0
    outer loop
      vertex -1.59748 -0.581433 1.33625
      vertex -1.64207 -0.439992 0
      vertex -1.64207 -0.439992 1.35472
    endloop
  endfacet
  facet normal 0.953729 0.300668 0
    outer loop
      vertex -1.64207 -0.439992 0
      vertex -1.59748 -0.581433 1.33625
      vertex -1.59748 -0.581433 0
    endloop
  endfacet
  facet normal -0.923867 -0.382714 0
    outer loop
      vertex 1.59748 0.581433 0
      vertex 1.54072 0.718451 1.31274
      vertex 1.54072 0.718451 0
    endloop
  endfacet
  facet normal -0.923867 -0.382714 0
    outer loop
      vertex 1.54072 0.718451 1.31274
      vertex 1.59748 0.581433 0
      vertex 1.59748 0.581433 1.33625
    endloop
  endfacet
  facet normal -0.608788 -0.793333 0
    outer loop
      vertex 1.09274 1.30227 0
      vertex 0.97508 1.39256 1.12295
      vertex 0.97508 1.39256 0
    endloop
  endfacet
  facet normal -0.608737 -0.793372 8.51725e-06
    outer loop
      vertex 0.97508 1.39256 1.12295
      vertex 1.09274 1.30227 0
      vertex 1.03528 1.34637 1.1363
    endloop
  endfacet
  facet normal -0.608843 -0.793291 0
    outer loop
      vertex 1.03528 1.34637 1.1363
      vertex 1.09274 1.30227 0
      vertex 1.09274 1.30227 1.15441
    endloop
  endfacet
  facet normal -0.953729 0.300668 0
    outer loop
      vertex 1.59748 -0.581433 1.33625
      vertex 1.64207 -0.439992 0
      vertex 1.59748 -0.581433 0
    endloop
  endfacet
  facet normal -0.953729 0.300668 0
    outer loop
      vertex 1.64207 -0.439992 0
      vertex 1.59748 -0.581433 1.33625
      vertex 1.64207 -0.439992 1.35472
    endloop
  endfacet
  facet normal 0.382924 -0.92378 0
    outer loop
      vertex -0.718451 1.54072 0
      vertex -0.694592 1.55061 1.06077
      vertex -0.718451 1.54072 1.06606
    endloop
  endfacet
  facet normal 0.38267 -0.923885 6.68546e-06
    outer loop
      vertex -0.718451 1.54072 0
      vertex -0.581433 1.59748 1.04587
      vertex -0.694592 1.55061 1.06077
    endloop
  endfacet
  facet normal 0.382714 -0.923867 0
    outer loop
      vertex -0.581433 1.59748 1.04587
      vertex -0.718451 1.54072 0
      vertex -0.581433 1.59748 0
    endloop
  endfacet
  facet normal 0.976295 0.216444 0
    outer loop
      vertex -1.64207 -0.439992 1.35472
      vertex -1.67417 -0.295201 0
      vertex -1.67417 -0.295201 1.36802
    endloop
  endfacet
  facet normal 0.976295 0.216444 0
    outer loop
      vertex -1.67417 -0.295201 0
      vertex -1.64207 -0.439992 1.35472
      vertex -1.64207 -0.439992 0
    endloop
  endfacet
  facet normal -0.843408 -0.537274 0
    outer loop
      vertex 1.47224 0.849999 0
      vertex 1.39256 0.97508 1.25137
      vertex 1.39256 0.97508 0
    endloop
  endfacet
  facet normal -0.843408 -0.537274 0
    outer loop
      vertex 1.39256 0.97508 1.25137
      vertex 1.47224 0.849999 0
      vertex 1.47224 0.849999 1.28437
    endloop
  endfacet
  facet normal -0.461751 -0.88701 0
    outer loop
      vertex 0.849999 1.47224 0
      vertex 0.718451 1.54072 1.06606
      vertex 0.718451 1.54072 0
    endloop
  endfacet
  facet normal -0.461751 -0.88701 0
    outer loop
      vertex 0.718451 1.54072 1.06606
      vertex 0.849999 1.47224 0
      vertex 0.849999 1.47224 1.09522
    endloop
  endfacet
  facet normal -0.999048 -0.043626 0
    outer loop
      vertex 1.7 0 0
      vertex 1.69353 0.148165 1.37636
      vertex 1.69353 0.148165 0
    endloop
  endfacet
  facet normal -0.999048 -0.043626 0
    outer loop
      vertex 1.69353 0.148165 1.37636
      vertex 1.7 0 0
      vertex 1.7 0 1.37973
    endloop
  endfacet
  facet normal 0.843408 0.537274 0
    outer loop
      vertex -1.39256 -0.97508 1.25137
      vertex -1.47224 -0.849999 0
      vertex -1.47224 -0.849999 1.28437
    endloop
  endfacet
  facet normal 0.843408 0.537274 0
    outer loop
      vertex -1.47224 -0.849999 0
      vertex -1.39256 -0.97508 1.25137
      vertex -1.39256 -0.97508 0
    endloop
  endfacet
  facet normal 0.923867 0.382714 0
    outer loop
      vertex -1.54072 -0.718451 1.31274
      vertex -1.59748 -0.581433 0
      vertex -1.59748 -0.581433 1.33625
    endloop
  endfacet
  facet normal 0.923867 0.382714 0
    outer loop
      vertex -1.59748 -0.581433 0
      vertex -1.54072 -0.718451 1.31274
      vertex -1.54072 -0.718451 0
    endloop
  endfacet
  facet normal -0.675584 0.737283 0
    outer loop
      vertex 1.20208 -1.20208 0
      vertex 1.09274 -1.30227 1.15441
      vertex 1.20208 -1.20208 1.18889
    endloop
  endfacet
  facet normal -0.675584 0.737283 0
    outer loop
      vertex 1.09274 -1.30227 1.15441
      vertex 1.20208 -1.20208 0
      vertex 1.09274 -1.30227 0
    endloop
  endfacet
  facet normal -0.382924 0.92378 0
    outer loop
      vertex 0.718451 -1.54072 0
      vertex 0.694592 -1.55061 1.06077
      vertex 0.718451 -1.54072 1.06606
    endloop
  endfacet
  facet normal -0.38267 0.923885 6.68546e-06
    outer loop
      vertex 0.718451 -1.54072 0
      vertex 0.581433 -1.59748 1.04587
      vertex 0.694592 -1.55061 1.06077
    endloop
  endfacet
  facet normal -0.382714 0.923867 0
    outer loop
      vertex 0.581433 -1.59748 1.04587
      vertex 0.718451 -1.54072 0
      vertex 0.581433 -1.59748 0
    endloop
  endfacet
  facet normal -0.216385 -0.976308 0
    outer loop
      vertex 0.295201 1.67417 0
      vertex 0.348622 1.66233 1.01522
      vertex 0.295201 1.67417 1.01289
    endloop
  endfacet
  facet normal -0.216444 -0.976295 3.24553e-06
    outer loop
      vertex 0.439992 1.64207 0
      vertex 0.348622 1.66233 1.01522
      vertex 0.295201 1.67417 0
    endloop
  endfacet
  facet normal -0.216478 -0.976288 0
    outer loop
      vertex 0.348622 1.66233 1.01522
      vertex 0.439992 1.64207 0
      vertex 0.439992 1.64207 1.02725
    endloop
  endfacet
  facet normal 0.461751 -0.88701 0
    outer loop
      vertex -0.849999 1.47224 0
      vertex -0.718451 1.54072 1.06606
      vertex -0.849999 1.47224 1.09522
    endloop
  endfacet
  facet normal 0.461751 -0.88701 0
    outer loop
      vertex -0.718451 1.54072 1.06606
      vertex -0.849999 1.47224 0
      vertex -0.718451 1.54072 0
    endloop
  endfacet
  facet normal -0.130542 0.991443 0
    outer loop
      vertex 0.295201 -1.67417 0
      vertex 0.148165 -1.69353 1.00647
      vertex 0.295201 -1.67417 1.01289
    endloop
  endfacet
  facet normal -0.130542 0.991443 0
    outer loop
      vertex 0.148165 -1.69353 1.00647
      vertex 0.295201 -1.67417 0
      vertex 0.148165 -1.69353 0
    endloop
  endfacet
  facet normal -0.043626 -0.999048 0
    outer loop
      vertex 0.148165 1.69353 0
      vertex 0 1.7 1
      vertex 0 1.7 0
    endloop
  endfacet
  facet normal -0.043626 -0.999048 0
    outer loop
      vertex 0 1.7 1
      vertex 0.148165 1.69353 0
      vertex 0.148165 1.69353 1.00647
    endloop
  endfacet
  facet normal -0.999048 0.043626 0
    outer loop
      vertex 1.69353 -0.148165 1.37636
      vertex 1.7 0 0
      vertex 1.69353 -0.148165 0
    endloop
  endfacet
  facet normal -0.999048 0.043626 0
    outer loop
      vertex 1.7 0 0
      vertex 1.69353 -0.148165 1.37636
      vertex 1.7 0 1.37973
    endloop
  endfacet
  facet normal -0.991431 0.130631 0
    outer loop
      vertex 1.69353 -0.148165 0
      vertex 1.69047 -0.171389 1.37477
      vertex 1.69353 -0.148165 1.37636
    endloop
  endfacet
  facet normal -0.991443 0.130542 0
    outer loop
      vertex 1.67417 -0.295201 1.36802
      vertex 1.69353 -0.148165 0
      vertex 1.67417 -0.295201 0
    endloop
  endfacet
  facet normal -0.991445 0.130525 -1.82449e-06
    outer loop
      vertex 1.69353 -0.148165 0
      vertex 1.67417 -0.295201 1.36802
      vertex 1.69047 -0.171389 1.37477
    endloop
  endfacet
  facet normal -0.976295 -0.216444 0
    outer loop
      vertex 1.67417 0.295201 0
      vertex 1.64207 0.439992 1.35472
      vertex 1.64207 0.439992 0
    endloop
  endfacet
  facet normal -0.976295 -0.216444 0
    outer loop
      vertex 1.64207 0.439992 1.35472
      vertex 1.67417 0.295201 0
      vertex 1.67417 0.295201 1.36802
    endloop
  endfacet
  facet normal 0.675584 -0.737283 0
    outer loop
      vertex -1.20208 1.20208 0
      vertex -1.09274 1.30227 1.15441
      vertex -1.20208 1.20208 1.18889
    endloop
  endfacet
  facet normal 0.675584 -0.737283 0
    outer loop
      vertex -1.09274 1.30227 1.15441
      vertex -1.20208 1.20208 0
      vertex -1.09274 1.30227 0
    endloop
  endfacet
  facet normal 0.537274 0.843408 0
    outer loop
      vertex -0.97508 -1.39256 0
      vertex -0.849999 -1.47224 1.09522
      vertex -0.849999 -1.47224 0
    endloop
  endfacet
  facet normal 0.537274 0.843408 0
    outer loop
      vertex -0.849999 -1.47224 1.09522
      vertex -0.97508 -1.39256 0
      vertex -0.97508 -1.39256 1.12295
    endloop
  endfacet
  facet normal -0.537274 0.843408 0
    outer loop
      vertex 0.97508 -1.39256 0
      vertex 0.849999 -1.47224 1.09522
      vertex 0.97508 -1.39256 1.12295
    endloop
  endfacet
  facet normal -0.537274 0.843408 0
    outer loop
      vertex 0.849999 -1.47224 1.09522
      vertex 0.97508 -1.39256 0
      vertex 0.849999 -1.47224 0
    endloop
  endfacet
  facet normal 0.793326 0.608797 0
    outer loop
      vertex -1.36808 -1.00698 1.24123
      vertex -1.39256 -0.97508 0
      vertex -1.39256 -0.97508 1.25137
    endloop
  endfacet
  facet normal 0.793335 0.608785 -4.87364e-07
    outer loop
      vertex -1.30227 -1.09274 1.22048
      vertex -1.39256 -0.97508 0
      vertex -1.36808 -1.00698 1.24123
    endloop
  endfacet
  facet normal 0.793333 0.608788 0
    outer loop
      vertex -1.39256 -0.97508 0
      vertex -1.30227 -1.09274 1.22048
      vertex -1.30227 -1.09274 0
    endloop
  endfacet
  facet normal -0.737283 0.675584 0
    outer loop
      vertex 1.20208 -1.20208 1.18889
      vertex 1.30227 -1.09274 0
      vertex 1.20208 -1.20208 0
    endloop
  endfacet
  facet normal -0.737283 0.675584 0
    outer loop
      vertex 1.30227 -1.09274 0
      vertex 1.20208 -1.20208 1.18889
      vertex 1.30227 -1.09274 1.22048
    endloop
  endfacet
  facet normal 0.461751 0.88701 0
    outer loop
      vertex -0.849999 -1.47224 0
      vertex -0.718451 -1.54072 1.06606
      vertex -0.718451 -1.54072 0
    endloop
  endfacet
  facet normal 0.461751 0.88701 0
    outer loop
      vertex -0.718451 -1.54072 1.06606
      vertex -0.849999 -1.47224 0
      vertex -0.849999 -1.47224 1.09522
    endloop
  endfacet
  facet normal 0.382714 0.923867 0
    outer loop
      vertex -0.718451 -1.54072 0
      vertex -0.581433 -1.59748 1.04587
      vertex -0.581433 -1.59748 0
    endloop
  endfacet
  facet normal 0.38267 0.923885 6.68546e-06
    outer loop
      vertex -0.581433 -1.59748 1.04587
      vertex -0.718451 -1.54072 0
      vertex -0.694592 -1.55061 1.06077
    endloop
  endfacet
  facet normal 0.382924 0.92378 0
    outer loop
      vertex -0.694592 -1.55061 1.06077
      vertex -0.718451 -1.54072 0
      vertex -0.718451 -1.54072 1.06606
    endloop
  endfacet
  facet normal -0.216478 0.976288 0
    outer loop
      vertex 0.439992 -1.64207 0
      vertex 0.348622 -1.66233 1.01522
      vertex 0.439992 -1.64207 1.02725
    endloop
  endfacet
  facet normal -0.216444 0.976295 3.24553e-06
    outer loop
      vertex 0.295201 -1.67417 0
      vertex 0.348622 -1.66233 1.01522
      vertex 0.439992 -1.64207 0
    endloop
  endfacet
  facet normal -0.216385 0.976308 0
    outer loop
      vertex 0.348622 -1.66233 1.01522
      vertex 0.295201 -1.67417 0
      vertex 0.295201 -1.67417 1.01289
    endloop
  endfacet
  facet normal -0.737283 -0.675584 0
    outer loop
      vertex 1.30227 1.09274 0
      vertex 1.20208 1.20208 1.18889
      vertex 1.20208 1.20208 0
    endloop
  endfacet
  facet normal -0.737283 -0.675584 0
    outer loop
      vertex 1.20208 1.20208 1.18889
      vertex 1.30227 1.09274 0
      vertex 1.30227 1.09274 1.22048
    endloop
  endfacet
  facet normal 0.843408 -0.537274 0
    outer loop
      vertex -1.47224 0.849999 0
      vertex -1.39256 0.97508 1.25137
      vertex -1.47224 0.849999 1.28437
    endloop
  endfacet
  facet normal 0.843408 -0.537274 0
    outer loop
      vertex -1.39256 0.97508 1.25137
      vertex -1.47224 0.849999 0
      vertex -1.39256 0.97508 0
    endloop
  endfacet
  facet normal 0.216478 -0.976288 0
    outer loop
      vertex -0.439992 1.64207 0
      vertex -0.348622 1.66233 1.01522
      vertex -0.439992 1.64207 1.02725
    endloop
  endfacet
  facet normal 0.216444 -0.976295 3.24553e-06
    outer loop
      vertex -0.295201 1.67417 0
      vertex -0.348622 1.66233 1.01522
      vertex -0.439992 1.64207 0
    endloop
  endfacet
  facet normal 0.216385 -0.976308 0
    outer loop
      vertex -0.348622 1.66233 1.01522
      vertex -0.295201 1.67417 0
      vertex -0.295201 1.67417 1.01289
    endloop
  endfacet
  facet normal 0.88701 0.461751 0
    outer loop
      vertex -1.47224 -0.849999 1.28437
      vertex -1.54072 -0.718451 0
      vertex -1.54072 -0.718451 1.31274
    endloop
  endfacet
  facet normal 0.88701 0.461751 0
    outer loop
      vertex -1.54072 -0.718451 0
      vertex -1.47224 -0.849999 1.28437
      vertex -1.47224 -0.849999 0
    endloop
  endfacet
  facet normal -0.976295 0.216444 0
    outer loop
      vertex 1.64207 -0.439992 1.35472
      vertex 1.67417 -0.295201 0
      vertex 1.64207 -0.439992 0
    endloop
  endfacet
  facet normal -0.976295 0.216444 0
    outer loop
      vertex 1.67417 -0.295201 0
      vertex 1.64207 -0.439992 1.35472
      vertex 1.67417 -0.295201 1.36802
    endloop
  endfacet
  facet normal -0.130542 -0.991443 0
    outer loop
      vertex 0.295201 1.67417 0
      vertex 0.148165 1.69353 1.00647
      vertex 0.148165 1.69353 0
    endloop
  endfacet
  facet normal -0.130542 -0.991443 0
    outer loop
      vertex 0.148165 1.69353 1.00647
      vertex 0.295201 1.67417 0
      vertex 0.295201 1.67417 1.01289
    endloop
  endfacet
  facet normal 0.793335 -0.608785 -4.87364e-07
    outer loop
      vertex -1.39256 0.97508 0
      vertex -1.30227 1.09274 1.22048
      vertex -1.36808 1.00698 1.24123
    endloop
  endfacet
  facet normal 0.793326 -0.608797 0
    outer loop
      vertex -1.39256 0.97508 0
      vertex -1.36808 1.00698 1.24123
      vertex -1.39256 0.97508 1.25137
    endloop
  endfacet
  facet normal 0.793333 -0.608788 0
    outer loop
      vertex -1.30227 1.09274 1.22048
      vertex -1.39256 0.97508 0
      vertex -1.30227 1.09274 0
    endloop
  endfacet
  facet normal 0.923867 -0.382714 0
    outer loop
      vertex -1.59748 0.581433 0
      vertex -1.54072 0.718451 1.31274
      vertex -1.59748 0.581433 1.33625
    endloop
  endfacet
  facet normal 0.923867 -0.382714 0
    outer loop
      vertex -1.54072 0.718451 1.31274
      vertex -1.59748 0.581433 0
      vertex -1.54072 0.718451 0
    endloop
  endfacet
  facet normal 0.300668 0.953729 0
    outer loop
      vertex -0.581433 -1.59748 0
      vertex -0.439992 -1.64207 1.02725
      vertex -0.439992 -1.64207 0
    endloop
  endfacet
  facet normal 0.300668 0.953729 0
    outer loop
      vertex -0.439992 -1.64207 1.02725
      vertex -0.581433 -1.59748 0
      vertex -0.581433 -1.59748 1.04587
    endloop
  endfacet
  facet normal -0.793326 0.608797 0
    outer loop
      vertex 1.39256 -0.97508 0
      vertex 1.36808 -1.00698 1.24123
      vertex 1.39256 -0.97508 1.25137
    endloop
  endfacet
  facet normal -0.793333 0.608788 0
    outer loop
      vertex 1.30227 -1.09274 1.22048
      vertex 1.39256 -0.97508 0
      vertex 1.30227 -1.09274 0
    endloop
  endfacet
  facet normal -0.793335 0.608785 -4.87364e-07
    outer loop
      vertex 1.39256 -0.97508 0
      vertex 1.30227 -1.09274 1.22048
      vertex 1.36808 -1.00698 1.24123
    endloop
  endfacet
  facet normal 0.130542 0.991443 0
    outer loop
      vertex -0.295201 -1.67417 0
      vertex -0.148165 -1.69353 1.00647
      vertex -0.148165 -1.69353 0
    endloop
  endfacet
  facet normal 0.130542 0.991443 0
    outer loop
      vertex -0.148165 -1.69353 1.00647
      vertex -0.295201 -1.67417 0
      vertex -0.295201 -1.67417 1.01289
    endloop
  endfacet
  facet normal -0.953729 -0.300668 0
    outer loop
      vertex 1.64207 0.439992 0
      vertex 1.59748 0.581433 1.33625
      vertex 1.59748 0.581433 0
    endloop
  endfacet
  facet normal -0.953729 -0.300668 0
    outer loop
      vertex 1.59748 0.581433 1.33625
      vertex 1.64207 0.439992 0
      vertex 1.64207 0.439992 1.35472
    endloop
  endfacet
  facet normal -0.300668 0.953729 0
    outer loop
      vertex 0.581433 -1.59748 0
      vertex 0.439992 -1.64207 1.02725
      vertex 0.581433 -1.59748 1.04587
    endloop
  endfacet
  facet normal -0.300668 0.953729 0
    outer loop
      vertex 0.439992 -1.64207 1.02725
      vertex 0.581433 -1.59748 0
      vertex 0.439992 -1.64207 0
    endloop
  endfacet
  facet normal 0.88701 -0.461751 0
    outer loop
      vertex -1.54072 0.718451 0
      vertex -1.47224 0.849999 1.28437
      vertex -1.54072 0.718451 1.31274
    endloop
  endfacet
  facet normal 0.88701 -0.461751 0
    outer loop
      vertex -1.47224 0.849999 1.28437
      vertex -1.54072 0.718451 0
      vertex -1.47224 0.849999 0
    endloop
  endfacet
  facet normal -0.675584 -0.737283 0
    outer loop
      vertex 1.20208 1.20208 0
      vertex 1.09274 1.30227 1.15441
      vertex 1.09274 1.30227 0
    endloop
  endfacet
  facet normal -0.675584 -0.737283 0
    outer loop
      vertex 1.09274 1.30227 1.15441
      vertex 1.20208 1.20208 0
      vertex 1.20208 1.20208 1.18889
    endloop
  endfacet
  facet normal -0.88701 -0.461751 0
    outer loop
      vertex 1.54072 0.718451 0
      vertex 1.47224 0.849999 1.28437
      vertex 1.47224 0.849999 0
    endloop
  endfacet
  facet normal -0.88701 -0.461751 0
    outer loop
      vertex 1.47224 0.849999 1.28437
      vertex 1.54072 0.718451 0
      vertex 1.54072 0.718451 1.31274
    endloop
  endfacet
  facet normal 0.999048 -0.043626 0
    outer loop
      vertex -1.7 0 0
      vertex -1.69353 0.148165 1.37636
      vertex -1.7 0 1.37973
    endloop
  endfacet
  facet normal 0.999048 -0.043626 0
    outer loop
      vertex -1.69353 0.148165 1.37636
      vertex -1.7 0 0
      vertex -1.69353 0.148165 0
    endloop
  endfacet
  facet normal -0.923867 0.382714 0
    outer loop
      vertex 1.54072 -0.718451 1.31274
      vertex 1.59748 -0.581433 0
      vertex 1.54072 -0.718451 0
    endloop
  endfacet
  facet normal -0.923867 0.382714 0
    outer loop
      vertex 1.59748 -0.581433 0
      vertex 1.54072 -0.718451 1.31274
      vertex 1.59748 -0.581433 1.33625
    endloop
  endfacet
  facet normal -0.537274 -0.843408 0
    outer loop
      vertex 0.97508 1.39256 0
      vertex 0.849999 1.47224 1.09522
      vertex 0.849999 1.47224 0
    endloop
  endfacet
  facet normal -0.537274 -0.843408 0
    outer loop
      vertex 0.849999 1.47224 1.09522
      vertex 0.97508 1.39256 0
      vertex 0.97508 1.39256 1.12295
    endloop
  endfacet
  facet normal -0.793333 -0.608788 0
    outer loop
      vertex 1.39256 0.97508 0
      vertex 1.30227 1.09274 1.22048
      vertex 1.30227 1.09274 0
    endloop
  endfacet
  facet normal -0.793335 -0.608785 -4.87364e-07
    outer loop
      vertex 1.30227 1.09274 1.22048
      vertex 1.39256 0.97508 0
      vertex 1.36808 1.00698 1.24123
    endloop
  endfacet
  facet normal -0.793326 -0.608797 0
    outer loop
      vertex 1.36808 1.00698 1.24123
      vertex 1.39256 0.97508 0
      vertex 1.39256 0.97508 1.25137
    endloop
  endfacet
  facet normal 0.608843 -0.793291 0
    outer loop
      vertex -1.09274 1.30227 0
      vertex -1.03528 1.34637 1.1363
      vertex -1.09274 1.30227 1.15441
    endloop
  endfacet
  facet normal 0.608737 -0.793372 8.51725e-06
    outer loop
      vertex -1.09274 1.30227 0
      vertex -0.97508 1.39256 1.12295
      vertex -1.03528 1.34637 1.1363
    endloop
  endfacet
  facet normal 0.608788 -0.793333 0
    outer loop
      vertex -0.97508 1.39256 1.12295
      vertex -1.09274 1.30227 0
      vertex -0.97508 1.39256 0
    endloop
  endfacet
  facet normal 0.300668 -0.953729 0
    outer loop
      vertex -0.581433 1.59748 0
      vertex -0.439992 1.64207 1.02725
      vertex -0.581433 1.59748 1.04587
    endloop
  endfacet
  facet normal 0.300668 -0.953729 0
    outer loop
      vertex -0.439992 1.64207 1.02725
      vertex -0.581433 1.59748 0
      vertex -0.439992 1.64207 0
    endloop
  endfacet
  facet normal 0.130542 -0.991443 0
    outer loop
      vertex -0.295201 1.67417 0
      vertex -0.148165 1.69353 1.00647
      vertex -0.295201 1.67417 1.01289
    endloop
  endfacet
  facet normal 0.130542 -0.991443 0
    outer loop
      vertex -0.148165 1.69353 1.00647
      vertex -0.295201 1.67417 0
      vertex -0.148165 1.69353 0
    endloop
  endfacet
  facet normal 0.737283 0.675584 0
    outer loop
      vertex -1.20208 -1.20208 1.18889
      vertex -1.30227 -1.09274 0
      vertex -1.30227 -1.09274 1.22048
    endloop
  endfacet
  facet normal 0.737283 0.675584 0
    outer loop
      vertex -1.30227 -1.09274 0
      vertex -1.20208 -1.20208 1.18889
      vertex -1.20208 -1.20208 0
    endloop
  endfacet
  facet normal -0.843408 0.537274 0
    outer loop
      vertex 1.39256 -0.97508 1.25137
      vertex 1.47224 -0.849999 0
      vertex 1.39256 -0.97508 0
    endloop
  endfacet
  facet normal -0.843408 0.537274 0
    outer loop
      vertex 1.47224 -0.849999 0
      vertex 1.39256 -0.97508 1.25137
      vertex 1.47224 -0.849999 1.28437
    endloop
  endfacet
  facet normal 0.999048 0.043626 0
    outer loop
      vertex -1.69353 -0.148165 1.37636
      vertex -1.7 0 0
      vertex -1.7 0 1.37973
    endloop
  endfacet
  facet normal 0.999048 0.043626 0
    outer loop
      vertex -1.7 0 0
      vertex -1.69353 -0.148165 1.37636
      vertex -1.69353 -0.148165 0
    endloop
  endfacet
  facet normal 0.043626 0.999048 0
    outer loop
      vertex -0.148165 -1.69353 0
      vertex 0 -1.7 1
      vertex 0 -1.7 0
    endloop
  endfacet
  facet normal 0.043626 0.999048 0
    outer loop
      vertex 0 -1.7 1
      vertex -0.148165 -1.69353 0
      vertex -0.148165 -1.69353 1.00647
    endloop
  endfacet
  facet normal 0.991431 0.130631 0
    outer loop
      vertex -1.69047 -0.171389 1.37477
      vertex -1.69353 -0.148165 0
      vertex -1.69353 -0.148165 1.37636
    endloop
  endfacet
  facet normal 0.991445 0.130525 -1.82449e-06
    outer loop
      vertex -1.67417 -0.295201 1.36802
      vertex -1.69353 -0.148165 0
      vertex -1.69047 -0.171389 1.37477
    endloop
  endfacet
  facet normal 0.991443 0.130542 0
    outer loop
      vertex -1.69353 -0.148165 0
      vertex -1.67417 -0.295201 1.36802
      vertex -1.67417 -0.295201 0
    endloop
  endfacet
  facet normal 0.608788 0.793333 0
    outer loop
      vertex -1.09274 -1.30227 0
      vertex -0.97508 -1.39256 1.12295
      vertex -0.97508 -1.39256 0
    endloop
  endfacet
  facet normal 0.608737 0.793372 8.51725e-06
    outer loop
      vertex -0.97508 -1.39256 1.12295
      vertex -1.09274 -1.30227 0
      vertex -1.03528 -1.34637 1.1363
    endloop
  endfacet
  facet normal 0.608843 0.793291 0
    outer loop
      vertex -1.03528 -1.34637 1.1363
      vertex -1.09274 -1.30227 0
      vertex -1.09274 -1.30227 1.15441
    endloop
  endfacet
  facet normal -0.461751 0.88701 0
    outer loop
      vertex 0.849999 -1.47224 0
      vertex 0.718451 -1.54072 1.06606
      vertex 0.849999 -1.47224 1.09522
    endloop
  endfacet
  facet normal -0.461751 0.88701 0
    outer loop
      vertex 0.718451 -1.54072 1.06606
      vertex 0.849999 -1.47224 0
      vertex 0.718451 -1.54072 0
    endloop
  endfacet
  facet normal 0.675584 0.737283 0
    outer loop
      vertex -1.20208 -1.20208 0
      vertex -1.09274 -1.30227 1.15441
      vertex -1.09274 -1.30227 0
    endloop
  endfacet
  facet normal 0.675584 0.737283 0
    outer loop
      vertex -1.09274 -1.30227 1.15441
      vertex -1.20208 -1.20208 0
      vertex -1.20208 -1.20208 1.18889
    endloop
  endfacet
  facet normal -0.382714 -0.923867 0
    outer loop
      vertex 0.718451 1.54072 0
      vertex 0.581433 1.59748 1.04587
      vertex 0.581433 1.59748 0
    endloop
  endfacet
  facet normal -0.38267 -0.923885 6.68546e-06
    outer loop
      vertex 0.581433 1.59748 1.04587
      vertex 0.718451 1.54072 0
      vertex 0.694592 1.55061 1.06077
    endloop
  endfacet
  facet normal -0.382924 -0.92378 0
    outer loop
      vertex 0.694592 1.55061 1.06077
      vertex 0.718451 1.54072 0
      vertex 0.718451 1.54072 1.06606
    endloop
  endfacet
  facet normal -0.300668 -0.953729 0
    outer loop
      vertex 0.581433 1.59748 0
      vertex 0.439992 1.64207 1.02725
      vertex 0.439992 1.64207 0
    endloop
  endfacet
  facet normal -0.300668 -0.953729 0
    outer loop
      vertex 0.439992 1.64207 1.02725
      vertex 0.581433 1.59748 0
      vertex 0.581433 1.59748 1.04587
    endloop
  endfacet
  facet normal 0.216385 0.976308 -0
    outer loop
      vertex -0.295201 -1.67417 0
      vertex -0.348622 -1.66233 1.01522
      vertex -0.295201 -1.67417 1.01289
    endloop
  endfacet
  facet normal 0.216444 0.976295 3.24553e-06
    outer loop
      vertex -0.439992 -1.64207 0
      vertex -0.348622 -1.66233 1.01522
      vertex -0.295201 -1.67417 0
    endloop
  endfacet
  facet normal 0.216478 0.976288 0
    outer loop
      vertex -0.348622 -1.66233 1.01522
      vertex -0.439992 -1.64207 0
      vertex -0.439992 -1.64207 1.02725
    endloop
  endfacet
  facet normal 0.537274 -0.843408 0
    outer loop
      vertex -0.97508 1.39256 0
      vertex -0.849999 1.47224 1.09522
      vertex -0.97508 1.39256 1.12295
    endloop
  endfacet
  facet normal 0.537274 -0.843408 0
    outer loop
      vertex -0.849999 1.47224 1.09522
      vertex -0.97508 1.39256 0
      vertex -0.849999 1.47224 0
    endloop
  endfacet
  facet normal 0.043626 -0.999048 0
    outer loop
      vertex -0.148165 1.69353 0
      vertex 0 1.7 1
      vertex -0.148165 1.69353 1.00647
    endloop
  endfacet
  facet normal 0.043626 -0.999048 0
    outer loop
      vertex 0 1.7 1
      vertex -0.148165 1.69353 0
      vertex 0 1.7 0
    endloop
  endfacet
  facet normal 0.953729 -0.300668 0
    outer loop
      vertex -1.64207 0.439992 0
      vertex -1.59748 0.581433 1.33625
      vertex -1.64207 0.439992 1.35472
    endloop
  endfacet
  facet normal 0.953729 -0.300668 0
    outer loop
      vertex -1.59748 0.581433 1.33625
      vertex -1.64207 0.439992 0
      vertex -1.59748 0.581433 0
    endloop
  endfacet
  facet normal -0.88701 0.461751 0
    outer loop
      vertex 1.47224 -0.849999 1.28437
      vertex 1.54072 -0.718451 0
      vertex 1.47224 -0.849999 0
    endloop
  endfacet
  facet normal -0.88701 0.461751 0
    outer loop
      vertex 1.54072 -0.718451 0
      vertex 1.47224 -0.849999 1.28437
      vertex 1.54072 -0.718451 1.31274
    endloop
  endfacet
  facet normal 0.737283 -0.675584 0
    outer loop
      vertex -1.30227 1.09274 0
      vertex -1.20208 1.20208 1.18889
      vertex -1.30227 1.09274 1.22048
    endloop
  endfacet
  facet normal 0.737283 -0.675584 0
    outer loop
      vertex -1.20208 1.20208 1.18889
      vertex -1.30227 1.09274 0
      vertex -1.20208 1.20208 0
    endloop
  endfacet
endsolid OpenSCAD_Model
